	ring	schizont	trophozoite
PF3D7_1401200	0.036574650282174256	0.01568627450980392	0.18185748271342417
PF3D7_1401300	0.02058744005035971	0.006535947712418301	0.030137326894125533
PF3D7_1401400	0.7486689652877697	0.05628826378039216	0.1883470601217333
PF3D7_1401500	0.0007993605115907274	0.0	0.0008934554389099843
PF3D7_1401600	0.17655409674020783	1.2183922148326798	0.04645162218650882
PF3D7_1401700	0.0007993605115907274	0.00130718954248366	0.0006700915791824883
PF3D7_1401800	0.005595523581135092	0.18618900328235294	0.04138143008912218
PF3D7_1401900	0.0	0.6919383636640524	0.029003713426401612
PF3D7_1402000	0.03597122302158273	0.0	0.11305637425575162
PF3D7_1402100	0.015187849720223821	0.00130718954248366	0.01803772336452982
PF3D7_1402200	0.0031974420463629096	0.10001277778562091	0.06548793277060531
PF3D7_1402300	0.003996802557953637	0.07081035947973856	0.0494057348702256
PF3D7_1402400	0.007993605115907274	0.02821563725620915	0.053186126316506585
PF3D7_1402500	0.9014873822270183	0.10773633164052288	1.2773115140763904
PF3D7_1402700	0.14816898482494004	0.05250970588496732	0.27752324309805676
PF3D7_1402800	0.06361837778097522	0.5397068935633986	0.4010579256823766
PF3D7_1402900	0.009592326139088728	0.07396727124313726	0.050451010726379274
PF3D7_1403000	0.002398081534772182	0.00261437908496732	0.002903730176457449
PF3D7_1403100	0.0250518385323741	0.35405403824183	0.31266269333325886
PF3D7_1403200	0.0	0.00130718954248366	0.002233638597274961
PF3D7_1403300	0.0007993605115907274	0.013071895424836602	0.02613793835425508
PF3D7_1403400	0.016590637492406076	0.2501046648496732	0.32500134181862855
PF3D7_1403500	0.0015987210231814548	0.023529411764705882	0.02501675228947956
PF3D7_1403600	0.0	0.00784313725490196	0.0015635470180924726
PF3D7_1403700	0.0007993605115907274	0.0020718464065359477	0.0013401831583649765
PF3D7_1403800	0.0031974420463629096	0.06210428105359477	0.029897168865311595
PF3D7_1403900	0.0015987210231814548	0.00784313725490196	0.012099603529595711
PF3D7_1404000	0.015187849720223821	0.02429406862875817	0.11475494752200135
PF3D7_1404100	0.002398081534772182	0.0	0.011614920705829796
PF3D7_1404200	0.0	0.004686225491503267	0.0006700915791824883
PF3D7_1404300	0.0	0.0	0.0011168192986374804
PF3D7_1404400	0.0015987210231814548	0.00130718954248366	0.004690641054277418
PF3D7_1404500	0.03704224620623501	0.01437908496732026	0.060426474205494754
PF3D7_1404600.1	0.0	0.0	0.0011168192986374804
PF3D7_1404700	0.0	0.00522875816993464	0.0
PF3D7_1404800	0.23726232265547562	0.0368234313751634	0.06939898369890553
PF3D7_1404900	0.09339064996083134	0.16113240602875817	0.18062759908487827
PF3D7_1405000	0.006063119505195843	0.02483660130718954	0.06141263402211302
PF3D7_1405100	0.03563945843405276	0.14228709151633986	0.09250289605405405
PF3D7_1405200	0.0031974420463629096	0.01437908496732026	0.011838284565557293
PF3D7_1405300	0.03864096722941646	0.12835225492026142	0.20010728793611796
PF3D7_1405400	0.020783373301358914	0.013071895424836602	0.10955882636810364
PF3D7_1405500	0.15468537418784972	0.01045751633986928	0.1561579022057181
PF3D7_1405600	0.008792965627498001	0.07332645425751634	0.11515571392360957
PF3D7_1405700	0.008792965627498001	0.11690795753071896	0.029243871455215547
PF3D7_1405800	0.11985960233173461	0.021679689543790848	0.11828280795979451
PF3D7_1405900	0.08654249601039168	0.051745049020915035	0.15915033365311593
PF3D7_1406000	0.011990407673860911	0.00392156862745098	0.03486592305271387
PF3D7_1406100	0.0644921662733813	0.13597326798954248	0.15410967236385972
PF3D7_1406200	0.28893606861071147	0.3088512090470588	0.64621547461023
PF3D7_1406300	0.02571536770743405	0.047725196086274506	0.2766591021364753
PF3D7_1406400	0.008928796964028776	0.026143790849673203	0.10952487437056065
PF3D7_1406500	0.010391686650679457	0.00784313725490196	0.05705958579986598
PF3D7_1406600	0.03045142886250999	0.3255476919372549	0.37132447848872013
PF3D7_1406700	0.002398081534772182	0.021679689543790848	0.02192761335760554
PF3D7_1406800	0.0	0.0392156862745098	0.0030343896584766584
PF3D7_1406900	0.0	0.02821563725620915	0.008934554389099843
PF3D7_1407000	0.0	0.03889527778169934	0.0006700915791824883
PF3D7_1407100	0.0736769984028777	0.02037250000130719	0.09380476044873799
PF3D7_1407200	0.0007993605115907274	0.009150326797385621	0.008841850011391556
PF3D7_1407300	0.08047937650519583	0.10023490197124182	0.2356805495945946
PF3D7_1407400	0.017254166667466028	0.032679738562091505	0.07131255095197676
PF3D7_1407500	0.030843295364508392	0.0196078431372549	0.039556564106991286
PF3D7_1407600	0.011658643086330935	0.04227431373071895	0.15143403647263792
PF3D7_1407700	0.0015987210231814548	0.00261437908496732	0.0011168192986374804
PF3D7_1407800	0.07681433853477218	0.02037250000130719	0.0928737135648872
PF3D7_1407900	0.007194244604316547	0.0	0.0075016668530265805
PF3D7_1408000	0.025579536370903277	0.012529362746405228	0.07864960632544114
PF3D7_1408100	0.06262178257713828	0.01906531045882353	0.1310189147303998
PF3D7_1408200	0.1993306604492406	0.05327436274901961	0.26457614544739777
PF3D7_1408300	0.0007993605115907274	0.00522875816993464	0.007185598615590798
PF3D7_1408400	0.034312400083932854	0.14872475492156864	0.19091692675050256
PF3D7_1408500	0.030043934852917665	0.011764705882352941	0.06759091188586107
PF3D7_1408600	0.382975990538769	0.08107130720522876	0.8339691155423274
PF3D7_1408700	0.317043148363709	0.9749810938013072	0.9877025663448739
PF3D7_1408800	0.0	0.0	0.00022336385972749609
PF3D7_1408900	0.0007993605115907274	0.00130718954248366	0.0008934554389099843
PF3D7_1409000	0.005595523581135092	0.00130718954248366	0.013439786687960687
PF3D7_1409100	0.018053527179056755	0.10926564536862744	0.279330786490507
PF3D7_1409200.1	0.0	0.00130718954248366	0.0033504578959124413
PF3D7_1409300	0.012925599521982413	0.65593892475817	0.3034721219702926
PF3D7_1409400	0.0007993605115907274	0.2148510171490196	0.030862167746705384
PF3D7_1409500	0.0015987210231814548	0.0392156862745098	0.021464091469064108
PF3D7_1409600	0.08034354516866507	0.26709600066274514	0.24014082100915793
PF3D7_1409700	0.011658643086330935	0.006535947712418301	0.05580737659370114
PF3D7_1409800	0.0031974420463629096	0.00261437908496732	0.020178657584096493
PF3D7_1409900	0.1822867530991207	0.20883630302222222	0.6267461451905294
PF3D7_1410000	0.012789768185451638	0.01568627450980392	0.037993017088898816
PF3D7_1410100	0.0	0.0	0.0017869108778199687
PF3D7_1410200	0.07854889089448441	0.02690844771372549	0.0759320122231405
PF3D7_1410300	0.13806485198001597	0.28048416070588233	0.5687091899180254
PF3D7_1410400	0.005263758993605116	2.8866892004078433	0.06872838531650659
PF3D7_1410500	0.010391686650679457	0.00261437908496732	0.0665120476915345
PF3D7_1410600	0.05782561950759393	0.02483660130718954	0.0910488475827563
PF3D7_1410700	0.0012669564356514787	0.05033957517124183	0.07634478794505249
PF3D7_1410800	0.0	0.03137254901960784	0.0017869108778199687
PF3D7_1410900	0.07728193445883293	0.3157544199163399	0.1722612610413223
PF3D7_1411000.1	0.0	0.00261437908496732	0.0008934554389099843
PF3D7_1411100.1	0.0007993605115907274	0.0	0.00022336385972749609
PF3D7_1411200	0.07428042566346924	0.32092792306928103	0.12294350012329686
PF3D7_1411300	0.003996802557953637	0.03137254901960784	0.01401717388943489
PF3D7_1411400	0.02265375699760192	0.023209003271895425	0.2502637742606656
PF3D7_1411500	0.13304123701918463	0.006535947712418301	0.16713662890663392
PF3D7_1411600	0.008792965627498001	0.00784313725490196	0.060780497547241456
PF3D7_1411700	0.011990407673860911	0.021679689543790848	0.05670519879874916
PF3D7_1411800	0.04517168265867306	0.017758120916339867	0.08749145633683271
PF3D7_1411900	0.024916007195843325	0.0	0.019377906522894797
PF3D7_1412000	0.0	0.07342473856470588	0.0015635470180924726
PF3D7_1412100	0.039034135172661875	0.3222133824143791	0.36276986888742463
PF3D7_1412200	0.003996802557953637	0.017758120916339867	0.016604835828456555
PF3D7_1412300	0.12797471271782573	0.20419480395555556	0.48809973500111686
PF3D7_1412400	0.145982464048761	0.27705827009150324	0.5671129555030154
PF3D7_1412500	0.008792965627498001	0.00130718954248366	0.004914004914004914
PF3D7_1412600	0.1123793689880096	0.006535947712418301	0.10706386880679027
PF3D7_1412700	0.03830920264188649	0.00130718954248366	0.10445540959191423
PF3D7_1412800	0.006394884092725819	0.018522777780392154	0.03628201641970069
PF3D7_1412900.1	0.008792965627498001	0.01568627450980392	0.04951523341702033
PF3D7_1413000	0.0	0.0	0.00044672771945499217
PF3D7_1413100	0.0	0.00522875816993464	0.0020102747375474648
PF3D7_1413200	0.0031974420463629096	0.004686225491503267	0.009419237212865758
PF3D7_1413300	0.002398081534772182	0.0	0.00763232633504579
PF3D7_1413400	0.025851199043964827	0.06003243464705882	0.19242241637860175
PF3D7_1413500	0.0015987210231814548	0.01045751633986928	0.019247247040875586
PF3D7_1413600	0.0007993605115907274	0.03497370915424836	0.044976412779986596
PF3D7_1413700	0.017721762591526777	0.25346902833071894	0.10602332337614474
PF3D7_1413800	0.03803753996882494	0.02429406862875817	0.01790706388251061
PF3D7_1413900	0.008792965627498001	0.00522875816993464	0.013979218785123967
PF3D7_1414000	0.0164548061558753	0.24630267962222221	0.3595175538724592
PF3D7_1414100	0.012789768185451638	0.0196078431372549	0.017144267925619835
PF3D7_1414200	0.020783373301358914	0.19348960785882352	0.06075933661201698
PF3D7_1414300	0.7412558705379696	0.34928005703529413	1.0839972858889881
PF3D7_1414400	0.008928796964028776	0.38614395835686277	0.13441533394415903
PF3D7_1414500	0.1660265787529976	1.2101829655594771	0.39723052225910205
PF3D7_1414600	0.15623831936290966	0.23095598445882354	0.20701186128992627
PF3D7_1414700	0.1289843325467626	0.031052140526797386	0.1966549740475765
PF3D7_1414800	0.0007993605115907274	0.00261437908496732	0.008711190529372347
PF3D7_1414900	0.030979126701039167	0.006535947712418301	0.05564312877350904
PF3D7_1415000	0.012593834934452437	0.05719593137647059	0.1509705145840965
PF3D7_1415100	0.002398081534772182	0.05381689542745098	0.006161483694661604
PF3D7_1415200	0.003996802557953637	0.00130718954248366	0.003127094036184945
PF3D7_1415300	0.012789768185451638	0.09924812092156864	0.03804776636229618
PF3D7_1415400	0.05396464828617106	0.03650302288235294	0.287461424368327
PF3D7_1415500	0.0007993605115907274	0.00784313725490196	0.02693468630868885
PF3D7_1415600	0.030843295364508392	0.1221367157006536	0.17124187654590128
PF3D7_1415700	0.0	0.00784313725490196	0.0006700915791824883
PF3D7_1415800	0.0031974420463629096	0.0	0.0033504578959124413
PF3D7_1415900	0.0	0.00130718954248366	0.002903730176457449
PF3D7_1416100	0.02604713229496403	0.16483185047058824	0.09561319592115256
PF3D7_1416200	0.008461201039968025	0.46473781429019606	0.1548513266265356
PF3D7_1416300	0.004796163069544364	0.01568627450980392	0.018130427742238105
PF3D7_1416400	0.007194244604316547	0.006535947712418301	0.01606540373129328
PF3D7_1416500	0.013589128697042365	0.058503120918954245	0.023398455997989728
PF3D7_1416600	0.002066316947242206	0.06679050654509804	0.02930298749475095
PF3D7_1416700	0.0007993605115907274	0.0	0.00044672771945499217
PF3D7_1416800	0.01132687849880096	0.00784313725490196	0.04151208957114139
PF3D7_1416900	0.022849690248601118	0.00130718954248366	0.07749483192249274
PF3D7_1417000	0.0	0.00261437908496732	0.002140934219566674
PF3D7_1417100	0.0031974420463629096	0.022222222222222223	0.06003449575943712
PF3D7_1417200	0.19377324178577138	0.5482486621633987	0.5357815933917802
PF3D7_1417300	0.002066316947242206	0.20557685047320262	0.03792147364641501
PF3D7_1417500	0.1815461930607514	0.027673104577777777	0.24463218814786689
PF3D7_1417600	0.433771848911271	0.7390048218732026	0.8164758607239223
PF3D7_1417700	0.03484009792246203	0.0508821078496732	0.18429041210654457
PF3D7_1417800	0.033513039572342126	0.2269382597633987	0.47239382317087336
PF3D7_1417900	0.02011984412629896	0.013294019610457515	0.16988016879294168
PF3D7_1418000	0.0015987210231814548	0.011222173203921569	0.01652892561983471
PF3D7_1418100	0.0007993605115907274	0.00130718954248366	0.004766551262899262
PF3D7_1418200	0.04503585132214229	0.04205218954509804	0.17073530546817065
PF3D7_1418300	0.0007993605115907274	0.0	0.0008934554389099843
PF3D7_1418900	0.044432424061550756	0.00522875816993464	0.04633339010743801
PF3D7_1419000	0.010859282574740208	0.22281799428235294	0.2552487205320527
PF3D7_1419100	0.1669617706011191	0.039437810460130715	0.24554716818137146
PF3D7_1419200	0.016590637492406076	0.006535947712418301	0.08168836275005584
PF3D7_1419300	0.0	0.0	0.0037044812376591466
PF3D7_1419400	0.11910601766826538	0.07954199347712418	0.22737920341746704
PF3D7_1419500	0.002398081534772182	0.03083001634117647	0.05177003294951976
PF3D7_1419600	0.03603262637729816	0.19262879492679738	0.17185030361581416
PF3D7_1419700	0.14522887938529178	0.14630907269019608	0.32754728397230287
PF3D7_1419800.2	0.0	0.0	0.0008934554389099843
PF3D7_1419900	0.007194244604316547	0.006535947712418301	0.009642601072593255
PF3D7_1420000	0.01838529176658673	0.009914983661437908	0.021666294393567122
PF3D7_1420100	0.0015987210231814548	0.01514374183137255	0.005714755975206612
PF3D7_1420200	0.007993605115907274	0.3666131004339869	0.0948595515791825
PF3D7_1420300	0.008792965627498001	0.02091503267973856	0.0037044812376591466
PF3D7_1420400	0.2648756883756994	0.055790457526797385	0.4743768706743354
PF3D7_1420500	0.0028656774588329335	0.00261437908496732	0.005175323878043332
PF3D7_1420600	0.009592326139088728	0.011764705882352941	0.06967709683203038
PF3D7_1420700	0.5966960808185451	0.1158277969254902	0.6584789378461023
PF3D7_1420800	0.0	0.0	0.0006700915791824883
PF3D7_1420900	0.0031974420463629096	0.028980294120261436	0.02446052602322984
PF3D7_1421000	0.009592326139088728	0.012529362746405228	0.04220334208554836
PF3D7_1421100	0.016786570743405275	0.02429406862875817	0.05009262061849453
PF3D7_1421200	0.029576338928856916	0.006535947712418301	0.07288010107683716
PF3D7_1421300	0.007194244604316547	0.03016577202352941	0.03998686131672995
PF3D7_1421400	0.019184652278177457	0.00261437908496732	0.02205827283962475
PF3D7_1421500	0.005595523581135092	0.00392156862745098	0.021834908979897254
PF3D7_1421600	0.0164548061558753	0.00392156862745098	0.0563679696260889
PF3D7_1421800	0.003996802557953637	0.030065359477124184	0.022134183048246596
PF3D7_1421900	0.0	0.047058823529411764	0.011429511950413224
PF3D7_1422000	0.004796163069544364	0.062202565360784313	0.05325766975899039
PF3D7_1422100	0.011658643086330935	0.11930021243006536	0.1268844999423721
PF3D7_1422200	0.0	0.13259423204052287	0.005044664396024123
PF3D7_1422300	0.02331728617266187	0.03290186274771242	0.07005228110900157
PF3D7_1422400	0.0652772007186251	0.05665339869803922	0.07239578191244136
PF3D7_1422500	0.004796163069544364	0.42546943234248363	0.2628541766747822
PF3D7_1422600	0.00686248001678657	0.12583616014248367	0.11719952257605538
PF3D7_1422700	0.07114438697282174	0.11037200981830066	0.2117517394500782
PF3D7_1422800	0.08593906874980016	0.02483660130718954	0.1675494590518204
PF3D7_1422900	0.003996802557953637	0.00130718954248366	0.017405586889658254
PF3D7_1423000	0.1449114408641087	0.1177708987019608	0.1890726665604199
PF3D7_1423100	0.0007993605115907274	0.20274247544183005	0.002903730176457449
PF3D7_1423200	0.05556336930935252	0.00522875816993464	0.13815376717936118
PF3D7_1423300	0.0015987210231814548	0.40894814238169935	0.0037044812376591466
PF3D7_1423400	0.011658643086330935	0.04881026144313726	0.0127696951087782
PF3D7_1423500	0.11222009128377299	0.24419486165620913	0.07711595377484923
PF3D7_1423600	0.0031974420463629096	0.01437908496732026	0.014202582644851462
PF3D7_1423700	0.44290041459152674	0.22242730379346404	0.843953157233862
PF3D7_1423800	0.06322520983772982	0.10534194850196078	0.2370459291235202
PF3D7_1424100	0.40043658105835334	0.09207135622352941	0.6552232433227607
PF3D7_1424400	0.3724796587082334	0.06449653595294118	0.5688549679700693
PF3D7_1425200	0.0015987210231814548	0.006535947712418301	0.039202540765244584
PF3D7_1425300	0.021055035974420464	0.6428959431620915	0.33502246353316956
PF3D7_1425400	0.016590637492406076	0.23704981203921568	0.07061287414138932
PF3D7_1425500	0.0	0.011222173203921569	0.002903730176457449
PF3D7_1425600	0.0007993605115907274	0.00784313725490196	0.008302417914228278
PF3D7_1425700	0.05216999401199041	0.03813062091764706	0.16163250015211078
PF3D7_1425800	0.009592326139088728	0.3442925939045752	0.2114010434654903
PF3D7_1425900	0.026378896882494004	0.00392156862745098	0.02425395633258879
PF3D7_1426000	0.4684383430631494	0.08812636026405228	0.7624097847279429
PF3D7_1426100	0.06774971023421264	0.00522875816993464	0.10315245421911995
PF3D7_1426200	0.10319323541726617	0.028980294120261436	0.19470023032544115
PF3D7_1426300	0.0	0.00784313725490196	0.003127094036184945
PF3D7_1426400	0.0	0.025601258171241828	0.02550143511324548
PF3D7_1426500	0.0	0.01568627450980392	0.006477551932097387
PF3D7_1426600	0.014781657151878498	0.4355826817529411	0.41689852071521105
PF3D7_1426700	0.013589128697042365	0.4384596549712418	0.11576707236363637
PF3D7_1426800	0.09320904277617906	0.051868888899346405	0.19588344455840967
PF3D7_1426900	0.012458003597921662	0.2658548366379085	0.20484360031315613
PF3D7_1427000	0.0336488709088729	0.3241379616104575	0.3370468174009381
PF3D7_1427100	0.05809728218065548	0.018300653594771243	0.02982125865668975
PF3D7_1427200	0.009260561551558752	0.26058348028235295	0.11568708538396247
PF3D7_1427300	0.009260561551558752	0.08760725491764705	0.17528909912374357
PF3D7_1427400.2	0.0015987210231814548	0.00261437908496732	0.0016942065001116819
PF3D7_1427400.1	0.0	0.00130718954248366	0.0017869108778199687
PF3D7_1427500	0.009260561551558752	0.028437761441830064	0.11698057990574046
PF3D7_1427600	0.0015987210231814548	0.005993415033986928	0.018931178803439804
PF3D7_1427700	0.0	0.00261437908496732	0.004151208957114139
PF3D7_1427800	0.02717825739408473	0.0	0.02693432264931874
PF3D7_1427900	0.01565544564428457	0.04128753268104575	0.14910332673151666
PF3D7_1428000	0.0	0.01045751633986928	0.009511941590574046
PF3D7_1428100	0.007993605115907274	0.07594083334248365	0.03790031271119053
PF3D7_1428200	0.06628682054756195	0.21798450158039215	0.11668567260352915
PF3D7_1428300	0.0764825739472422	0.046738415036601304	0.1253289591378155
PF3D7_1428400	0.0015987210231814548	0.00522875816993464	0.020853115929417017
PF3D7_1428500	0.07088705036610711	0.051646764713725486	0.1361833395072593
PF3D7_1428600	0.006530715429256594	0.02875816993464052	0.08293584153071253
PF3D7_1428700	0.008792965627498001	0.011222173203921569	0.019955293724368998
PF3D7_1428800.2	0.0007993605115907274	0.011222173203921569	0.007147643511279875
PF3D7_1428800.1	0.0	0.0	0.0006700915791824883
PF3D7_1428900	0.012593834934452437	0.08999950981699346	0.24898865663278982
PF3D7_1429000	0.008792965627498001	0.006535947712418301	0.029783303552378824
PF3D7_1429100	0.02238209432454037	0.14958982433202614	0.32425605426222914
PF3D7_1429200	0.0031974420463629096	0.0	0.01859831639691758
PF3D7_1429300	0.0007993605115907274	0.009150326797385621	0.00986596493232075
PF3D7_1429400	0.19300890289608313	0.04466656863006536	0.23544583006901942
PF3D7_1429500	0.024448411271782575	0.00261437908496732	0.014518650882287246
PF3D7_1429600	0.005595523581135092	0.03420905229019608	0.08517421055327228
PF3D7_1429700	0.03211025180015987	0.08149000000522875	0.11816894264686174
PF3D7_1429800	0.06815720424380496	0.3781365112771242	0.2670095858284565
PF3D7_1429900	0.01565544564428457	0.1431755882588235	0.09698769473643064
PF3D7_1430000	0.06981602718145484	0.1352086111254902	0.1494310950531606
PF3D7_1430100	0.0007993605115907274	0.027130571899346406	0.012900354590797409
PF3D7_1430200	0.005595523581135092	0.7266963466562091	0.05973594900982802
PF3D7_1430300	0.19116977421502798	0.037244252414379085	0.32525571321889657
PF3D7_1430400	0.018053527179056755	0.00261437908496732	0.045423140499441586
PF3D7_1430500	0.0	0.00261437908496732	0.0006700915791824883
PF3D7_1430600	0.014056724621103116	0.05818271242614379	0.15429180533124862
PF3D7_1430700	0.0007993605115907274	0.00130718954248366	0.015226697565780656
PF3D7_1430800	0.0	0.00130718954248366	0.00044672771945499217
PF3D7_1430900	0.0007993605115907274	0.02091503267973856	0.015319401943488945
PF3D7_1431000	0.002398081534772182	0.00392156862745098	0.014965378601742237
PF3D7_1431100	0.0	0.00522875816993464	0.002233638597274961
PF3D7_1431200	0.03563945843405276	0.04858813725751634	0.05562196783828457
PF3D7_1431300	0.09081096124140688	0.012529362746405228	0.05873226770538307
PF3D7_1431400	0.002398081534772182	1.038813343661438	0.019226813424391333
PF3D7_1431500	0.04517168265867306	0.2754732702431373	0.29241897021844987
PF3D7_1431600	0.0007993605115907274	0.013071895424836602	0.017144267925619835
PF3D7_1431700	0.48150993203916864	0.1354307353111111	0.7307325657078401
PF3D7_1431800	0.025579536370903277	0.00261437908496732	0.08583520494103193
PF3D7_1431900	0.0	0.039980343138562094	0.007817735090462363
PF3D7_1432000	0.024448411271782575	0.03813062091764706	0.17054334513647532
PF3D7_1432100	0.018053527179056755	0.01699346405228758	0.05681469734554389
PF3D7_1432200	0.005595523581135092	0.7268320084392157	0.127578371736654
PF3D7_1432300	0.015187849720223821	0.09271217320915033	0.09170214499285236
PF3D7_1432400	0.0031974420463629096	0.03758808823921569	0.056372336392226934
PF3D7_1432500	0.06501986411191048	0.006535947712418301	0.060384515994415904
PF3D7_1432600	0.07242566947482014	0.06156174837516339	0.25806435152267143
PF3D7_1432700	0.024509814627498	0.16049158904313726	0.46830840525552825
PF3D7_1432800	0.01598721023181455	0.08247678105490196	0.13958665471543444
PF3D7_1432900	0.0015987210231814548	0.06089537581830065	0.010089328792048246
PF3D7_1433000	0.025579536370903277	0.00392156862745098	0.03791710688027697
PF3D7_1433100	0.024116646684252598	0.06035284313986928	0.15055701154344428
PF3D7_1433200	0.005263758993605116	0.005993415033986928	0.010089328792048246
PF3D7_1433300	0.0015987210231814548	0.01568627450980392	0.009642601072593255
PF3D7_1433400	0.3256895671326938	2.1105348503529413	1.6280339390790708
PF3D7_1433500	0.08413364228936851	0.2741024005895425	0.26617359470180924
PF3D7_1433600	0.0007993605115907274	0.00130718954248366	0.01152221632812151
PF3D7_1433700	0.033513039572342126	0.15896227531503268	0.28975940117757426
PF3D7_1433800	0.02091920463788969	0.3072257392509804	0.3411264281353585
PF3D7_1433900	0.004796163069544364	0.10437859478431372	0.14072172282063883
PF3D7_1434000	0.045699380497202235	0.00392156862745098	0.09187039591981237
PF3D7_1434100	0.006394884092725819	0.00130718954248366	0.008041098950189859
PF3D7_1434200	0.012458003597921662	0.13530689543267974	0.08353002290127316
PF3D7_1434300	0.09479343773301359	0.025058725492810456	0.2194596123343757
PF3D7_1434400	0.0	0.2031097385986928	0.003127094036184945
PF3D7_1434500	0.4676466066450839	0.1868172513006536	0.6040001077572035
PF3D7_1434600	0.03723817945723421	0.006535947712418301	0.06037172493209738
PF3D7_1434700	0.0031974420463629096	0.0	0.008934554389099843
PF3D7_1434800	0.013589128697042365	0.0	0.055044580636810364
PF3D7_1434900	0.0	0.006535947712418301	0.010312692651775743
PF3D7_1435000	0.0015987210231814548	0.00784313725490196	0.014965378601742237
PF3D7_1435100	0.006394884092725819	0.02037250000130719	0.09624496873665402
PF3D7_1435200	0.0	0.27016752685882356	0.012993058968505696
PF3D7_1435300	0.004796163069544364	0.5316717626732026	0.12656881460531608
PF3D7_1435400	0.014856085132693845	0.13358101309019607	0.05830670092115255
PF3D7_1435500	0.05942434053077538	0.10469900327712418	0.17690232057136476
PF3D7_1435600	0.003996802557953637	1.097465098751634	0.03224467277551932
PF3D7_1435700.2	0.0	0.00130718954248366	0.0
PF3D7_1435800	0.007194244604316547	0.00392156862745098	0.018931178803439804
PF3D7_1435900	0.0015987210231814548	0.00261437908496732	0.012862399486486487
PF3D7_1436000	0.081338838931255	0.01568627450980392	0.10903182167388877
PF3D7_1436100	0.08455190848521184	0.1309453349124183	0.34585488198436454
PF3D7_1436200	0.009592326139088728	1.6433342775281046	0.08401506938440921
PF3D7_1436300	0.28297321344604315	0.16721199224444444	0.11486444606879607
PF3D7_1436400	0.02331728617266187	0.009914983661437908	0.057354129442707166
PF3D7_1436500	0.0015987210231814548	0.00392156862745098	0.012862399486486487
PF3D7_1436600	0.0007993605115907274	0.49724473007189546	0.10529411575742685
PF3D7_1436700	0.0007993605115907274	0.013071895424836602	0.018130427742238105
PF3D7_1436800	0.005595523581135092	0.011764705882352941	0.04063542830131785
PF3D7_1436900	0.0007993605115907274	0.00261437908496732	0.004597936676569131
PF3D7_1437000	0.036438818945643485	0.11254214053202614	0.09279780335626536
PF3D7_1437100	0.0	0.00130718954248366	0.006608211414116596
PF3D7_1437200	0.017721762591526777	0.5451896036039215	0.29224245541143623
PF3D7_1437300	0.0007993605115907274	0.6121860539281045	0.006700915791824883
PF3D7_1437400	0.03763134740047962	0.09424148693725491	0.26114985100714766
PF3D7_1437500	0.0007993605115907274	0.036601307189542485	0.013532491065668974
PF3D7_1437600	0.005595523581135092	0.0	0.03157021443019879
PF3D7_1437700	0.0	0.06341147059607843	0.048196211193879825
PF3D7_1437800	0.0007993605115907274	0.0	0.005360732633459906
PF3D7_1437900	0.4112669478752997	0.08400609478300654	0.6676139374398035
PF3D7_1438000	0.17700736659792166	0.17768162170980392	0.24909333184900603
PF3D7_1438100	0.0164548061558753	0.1217907516366013	0.0674646191699799
PF3D7_1438400	0.051762500002398085	0.9122358413816993	0.1610890649481796
PF3D7_1438500	0.06568339328697043	0.01699346405228758	0.09330328345588564
PF3D7_1438600	0.002398081534772182	0.006535947712418301	0.00928857773084655
PF3D7_1438700	0.006394884092725819	0.05295395425620915	0.16649284677082868
PF3D7_1438800	0.0015987210231814548	0.03529411764705882	0.001917570359839178
PF3D7_1438900	0.05675459632294165	0.009150326797385621	0.071164733641501
PF3D7_1439000	0.0	0.00784313725490196	0.009419237212865758
PF3D7_1439100	0.04410065947402078	0.035516241832679735	0.16932030307929416
PF3D7_1439200	0.04762986610791367	0.03497370915424836	0.13134371650011167
PF3D7_1439300	0.08701009193445243	0.4360226736470588	0.3952027583627429
PF3D7_1439400	0.0	0.01437908496732026	0.0028110257987491623
PF3D7_1439500	0.004796163069544364	0.32848035127712416	0.024199207059191423
PF3D7_1439600	0.0031974420463629096	0.04183006535947712	0.02982125865668975
PF3D7_1439700	0.0031974420463629096	0.009150326797385621	0.08235845432923833
PF3D7_1439800	0.026304468901678653	0.15341098041307188	0.17193647851262003
PF3D7_1439900	0.052305825348521184	0.023529411764705882	0.1662304368286799
PF3D7_1440000	0.018446695122302157	0.48024085003137257	0.46256553471565776
PF3D7_1440100	0.017721762591526777	0.6316809402928105	0.3095098008414116
PF3D7_1440300	0.002398081534772182	0.0020718464065359477	0.008041098950189859
PF3D7_1440200	0.038972731816946445	0.032359330069281045	0.25655158299977665
PF3D7_1440400	0.0007993605115907274	0.2522169812026144	0.044213616823095825
PF3D7_1440500	0.012789768185451638	0.006535947712418301	0.016474176346437348
PF3D7_1440600	0.0	0.00261437908496732	0.009958669310029037
PF3D7_1440700	0.021250969225419664	0.07853178509542484	0.09894649598860844
PF3D7_1440800	0.0015987210231814548	0.00392156862745098	0.00928857773084655
PF3D7_1440900	0.0	0.08225465686928105	0.00044672771945499217
PF3D7_1441000	0.06435633493685051	0.00261437908496732	0.07600319200625419
PF3D7_1441100	0.01598721023181455	0.05327436274901961	0.07993504021040874
PF3D7_1441200	0.07108298361710631	0.00784313725490196	0.17889026973129327
PF3D7_1441300	0.011116619181454837	0.9318542995725491	0.22802264294304223
PF3D7_1441400	0.004796163069544364	0.006535947712418301	0.028927803217779765
PF3D7_1441500	0.012789768185451638	0.08279718954771241	0.10177431595644405
PF3D7_1441600	0.0007993605115907274	0.04128753268104575	0.010498101407192316
PF3D7_1441700	0.008928796964028776	0.01045751633986928	0.07213846605517087
PF3D7_1441800	0.008792965627498001	0.15851802694379083	0.11084389659370114
PF3D7_1441900	0.0007993605115907274	0.0	0.0017869108778199687
PF3D7_1442000	0.0031974420463629096	0.0	0.004467277194549922
PF3D7_1442100	0.007194244604316547	0.01699346405228758	0.0689143008751396
PF3D7_1442200	0.00686248001678657	0.014601209152941176	0.057914722475094924
PF3D7_1442300	0.08447617906314948	0.07594083334248365	0.2774852879937458
PF3D7_1442400	0.1899368704436451	0.9416145813006537	0.6193741031905294
PF3D7_1442500	0.02205032973701039	0.00261437908496732	0.07100048582130891
PF3D7_1442600	0.014192555957633891	0.009150326797385621	0.03643383683694438
PF3D7_1442700	0.01352902678257394	0.2898628838026144	0.34362715154255086
PF3D7_1442800	0.004796163069544364	0.00522875816993464	0.031123486710743803
PF3D7_1442900	0.2105360336778577	0.6992268436797385	0.5965503946169309
PF3D7_1443000	0.002398081534772182	0.1756332026352941	0.05476683116305562
PF3D7_1443100	0.020255675462829734	0.6988559418052287	0.3822923731641724
PF3D7_1443200	0.0007993605115907274	0.00522875816993464	0.011206148090685727
PF3D7_1443300	0.04876099120703437	0.01568627450980392	0.10975666252646861
PF3D7_1443400	0.018852887690647482	0.15099742642091504	0.2176526859227161
PF3D7_1443500	0.015187849720223821	0.011764705882352941	0.03825433605293724
PF3D7_1443600	0.011191047162270184	0.10699297386928104	0.1708543385302658
PF3D7_1443700	0.0015987210231814548	0.006535947712418301	0.0033504578959124413
PF3D7_1443800	0.01598721023181455	0.02690844771372549	0.07414874079271833
PF3D7_1443900	0.18115849450679455	0.189649280924183	0.7690569544098727
PF3D7_1444000	0.0007993605115907274	0.00130718954248366	0.0040205494750949295
PF3D7_1444100	0.01992391087529976	0.8229464176954248	0.27364109515233415
PF3D7_1444200	0.0015987210231814548	0.043359379087581695	0.009381282108554836
PF3D7_1444300	0.03224608313669065	0.14534571897254903	0.1712035577822202
PF3D7_1444400	0.026378896882494004	0.006535947712418301	0.03557396973620728
PF3D7_1444500	0.06735784373221423	0.05295395425620915	0.14650802223832923
PF3D7_1444600	0.007194244604316547	0.011222173203921569	0.06325429417333035
PF3D7_1444700	0.0	0.0	0.0035738217556399374
PF3D7_1444800	0.1221088279048761	0.1925629865777778	0.41149262821107885
PF3D7_1444900	0.03511176059552358	0.006535947712418301	0.1401684086830467
PF3D7_1445000	0.003996802557953637	0.16083542486797384	0.14042324973531384
PF3D7_1445100	0.0968597546802558	0.04651629085098039	0.18193381100469064
PF3D7_1445200	0.09753760992166266	0.026143790849673203	0.15129864656511055
PF3D7_1445300	0.002398081534772182	0.00130718954248366	0.023213047242573153
PF3D7_1445400	0.3219487610359712	0.16061330068235294	0.20408044069689524
PF3D7_1445500	0.0031974420463629096	0.021137156865359476	0.007147643511279875
PF3D7_1445600	0.0572221922470024	0.11722836602352942	0.08684288935224481
PF3D7_1445700	0.1161188349392486	0.03529411764705882	0.2694142401527809
PF3D7_1445800	0.0	0.00261437908496732	0.004374572816841635
PF3D7_1445900	0.06948426259392486	0.00784313725490196	0.10290792942416797
PF3D7_1446100	0.008792965627498001	0.06918276144444445	0.011876239669868215
PF3D7_1446200	0.23584520881694643	0.025058725492810456	0.1667698689258432
PF3D7_1446300	0.05489984013429256	0.22106028425490196	0.09511135526893008
PF3D7_1446400	0.0	0.0	0.0013401831583649765
PF3D7_1446500	0.41807472650919264	0.29383130709411764	0.8745877312995309
PF3D7_1446600	0.0	0.06427441176732027	0.03713751675429976
PF3D7_1446700	0.0031974420463629096	0.04205218954509804	0.021034157918695555
PF3D7_1446800	0.0007993605115907274	0.00261437908496732	0.0008934554389099843
PF3D7_1446900	0.007993605115907274	0.09762052288627451	0.14897193993075722
PF3D7_1447000	0.34282759035731414	0.08585581700392156	0.5391991907781997
PF3D7_1447100	0.06854907074580337	0.03290186274771242	0.14751388835269155
PF3D7_1447200	0.10859282574740209	0.10950906864705882	0.27952811166093366
PF3D7_1447300	0.0015987210231814548	0.00130718954248366	0.010182033169756534
PF3D7_1447400	0.0953354616378897	0.00392156862745098	0.08799730009582309
PF3D7_1447500	0.0007993605115907274	0.00130718954248366	0.0013401831583649765
PF3D7_1447700	0.0031974420463629096	0.013071895424836602	0.00986596493232075
PF3D7_1447800	0.03610705435811351	0.07986240196993463	0.1328274238670985
PF3D7_1447900	0.0164548061558753	0.02821563725620915	0.06051917858320304
PF3D7_1448000	0.04603114508473222	0.00261437908496732	0.06349881896828233
PF3D7_1448100	0.007993605115907274	0.006535947712418301	0.01902388318114809
PF3D7_1448200	0.0	0.00261437908496732	0.005175323878043332
PF3D7_1448300	0.033045443648281374	0.2880365889137255	0.2847667081672995
PF3D7_1448400	0.07865737153956835	0.3061879596627451	0.5802264759081975
PF3D7_1448500	0.060870370127098325	1.2424305840117646	0.8973406121905294
PF3D7_1448600	0.028912809753796963	0.05261011843137255	0.06910007328992629
PF3D7_1448700	0.004796163069544364	0.006535947712418301	0.00928857773084655
PF3D7_1448800	0.007993605115907274	0.00784313725490196	0.0603505639968729
PF3D7_1448900	0.012789768185451638	0.013071895424836602	0.10149183605718115
PF3D7_1449000	0.0	0.011222173203921569	0.0017869108778199687
PF3D7_1449100	0.0031974420463629096	0.32796337416993465	0.0731078317027027
PF3D7_1449200	0.016786570743405275	3.0859113959660127	0.280001666716998
PF3D7_1449300.1	0.030043934852917665	0.08639834968235295	0.07459546851217333
PF3D7_1449400	0.019124550363709032	0.26869346814771244	0.1950593477520661
PF3D7_1449500	0.022186161073541166	0.13387799425098038	0.14122247249475095
PF3D7_1449600	0.0007993605115907274	0.1201631536013072	0.00763232633504579
PF3D7_1449700	0.07121881495363709	0.02658803922091503	0.1579703407849006
PF3D7_1449800	0.0007993605115907274	0.00130718954248366	0.00625418807236989
PF3D7_1449900	0.016786570743405275	0.04913066993594771	0.08403186355349564
PF3D7_1450000	0.0329096123117506	0.047503071900653594	0.06342290875966049
PF3D7_1450100	0.029244574341326938	0.10307140524183006	0.05431973978423051
PF3D7_1450200	0.006394884092725819	0.013836552288888889	0.01732967668103641
PF3D7_1450300	0.01838529176658673	0.04543122549411765	0.043037681484922936
PF3D7_1450400	0.0746121902509992	0.3869621731032679	0.226293423987715
PF3D7_1450500	0.005595523581135092	0.4897412847673202	0.13815966224726378
PF3D7_1450600	0.06295354716466826	0.01568627450980392	0.09050905182622292
PF3D7_1450700	0.12418816947721822	0.08442691582222221	0.33482231117757427
PF3D7_1450800	0.0007993605115907274	0.0	0.008618486151664061
PF3D7_1450900	0.0015987210231814548	0.0	0.01541210632119723
PF3D7_1451000	0.03591112110711431	0.02821563725620915	0.11672726715523789
PF3D7_1451100	0.12851673662270183	0.05273183007058824	0.24426142506030823
PF3D7_1451200	0.2308531124964029	0.28527494261830066	0.589698415753853
PF3D7_1451300	0.011191047162270184	0.17617573531372546	0.11294323626155907
PF3D7_1451400	0.007194244604316547	0.00261437908496732	0.04473188798503462
PF3D7_1451500	0.002398081534772182	0.0	0.013979218785123967
PF3D7_1451600	0.0	0.01514374183137255	0.0006700915791824883
PF3D7_1451700	0.0	0.07648336602091503	0.009065213871119053
PF3D7_1451800	0.04517168265867306	0.2273356534705882	0.2912058807589904
PF3D7_1451900	0.018053527179056755	0.03736596405359477	0.04151208957114139
PF3D7_1452000	0.006394884092725819	2.0497860148444444	0.04065231537569801
PF3D7_1452100	0.017585931254996003	0.004686225491503267	0.01844649597967389
PF3D7_1452200	0.0015987210231814548	0.00392156862745098	0.01682819968818405
PF3D7_1452300	0.00686248001678657	0.00392156862745098	0.07315821420996203
PF3D7_1452400	0.04969618305515588	0.04935279412156863	0.19102928300268038
PF3D7_1452500	0.0	0.08040493464836601	0.03466372012821086
PF3D7_1452600	0.09535108914548361	0.6359027717464052	0.35746900170716994
PF3D7_1452700	0.017254166667466028	0.02690844771372549	0.12653848281416127
PF3D7_1452800	0.0	0.0	0.0020102747375474648
PF3D7_1452900	0.0031974420463629096	0.01645093137385621	0.06656716062430199
PF3D7_1453000	0.04049702485931255	0.0564312745124183	0.18079977945432207
PF3D7_1453100	0.005263758993605116	0.03736596405359477	0.03659808465713648
PF3D7_1453200	0.0025339128713029574	0.2808471673830065	0.20618425927719453
PF3D7_1453300	0.0	0.0	0.0006700915791824883
PF3D7_1453400	0.15195552806554755	0.3836095549346405	0.49598624223430865
PF3D7_1453500	0.0015987210231814548	0.009150326797385621	0.004467277194549922
PF3D7_1453600	0.019184652278177457	0.017980245101960782	0.06832011950457896
PF3D7_1453700	0.6862979051103117	0.1252936274640523	1.1897445886913112
PF3D7_1453800	0.014388489208633094	0.0990259967359477	0.049182371010498105
PF3D7_1453900	0.01838529176658673	0.02091503267973856	0.02192761335760554
PF3D7_1454000	0.02458424260831335	0.009150326797385621	0.07662253741880723
PF3D7_1454100	0.0015987210231814548	0.00784313725490196	0.03512724201675229
PF3D7_1454200	0.05476400879776179	0.00261437908496732	0.06668502904400267
PF3D7_1454300	0.004464398482014388	0.006535947712418301	0.013385037414563324
PF3D7_1454400	0.33897737336131095	0.11252084143921569	0.6652745275999553
PF3D7_1454500	0.0015987210231814548	0.00392156862745098	0.0008934554389099843
PF3D7_1454600	0.007993605115907274	0.011764705882352941	0.030099371789814606
PF3D7_1454700	0.022517925661071143	0.02091503267973856	0.08433514072861291
PF3D7_1455000	0.0007993605115907274	0.02298687908627451	0.0030343896584766584
PF3D7_1455100	0.19586285717106314	0.13822251215686274	0.33589304150524907
PF3D7_1455200.2	0.0	0.0	0.00044672771945499217
PF3D7_1455200.1	0.003665037970423661	0.00784313725490196	0.03847769991266473
PF3D7_1455300	0.011990407673860911	0.310091030448366	0.005584096493187403
PF3D7_1455400	0.002398081534772182	0.00392156862745098	0.005807460352914898
PF3D7_1455500	0.009260561551558752	0.06089537581830065	0.08968786714853696
PF3D7_1455600	0.0	0.29148835359869285	0.027162053275184277
PF3D7_1455700	0.018114930534772183	0.291757332448366	0.3152109647714988
PF3D7_1455800	0.0007993605115907274	0.03312398693333333	0.03883172325441144
PF3D7_1455900	0.007993605115907274	0.04935279412156863	0.1316174628670985
PF3D7_1456000	0.009260561551558752	0.2593511477150327	0.2442511298523565
PF3D7_1456100	0.0	0.0	0.0006700915791824883
PF3D7_1456200	0.0031974420463629096	0.0	0.017628950749385752
PF3D7_1456300	0.005595523581135092	0.00392156862745098	0.006924279651552379
PF3D7_1456400	0.0	0.0	0.002587661939021666
PF3D7_1456500	0.04031541767466027	0.19982527418692808	0.5222642338737995
PF3D7_1456600	0.0007993605115907274	0.00392156862745098	0.01040539702948403
PF3D7_1456700	0.06474820143884892	0.09880600078954248	0.1895161184918472
PF3D7_1456800	0.09346507794164668	0.04128753268104575	0.09774939971521109
PF3D7_1456900	0.002398081534772182	0.0	0.006477551932097387
PF3D7_1457000	0.08147467026778578	0.2925219893124183	0.24749541475072592
PF3D7_1457100	0.007194244604316547	0.02636591503529412	0.018391746706276524
PF3D7_1457200	0.03563945843405276	0.19765885624313725	0.3293950968579406
PF3D7_1457300	0.06728211431015188	0.02952282679869281	0.16171285079115477
PF3D7_1457400	0.057101988418065554	0.2566836418522876	0.4075024533142729
PF3D7_1457500	0.0	0.043359379087581695	0.014463901608889882
PF3D7_1457600	0.012789768185451638	0.06503906863137254	0.057054855374357824
PF3D7_1457700	0.08494377498721023	0.01906531045882353	0.07906274570672324
PF3D7_1457800	0.003665037970423661	0.04543122549411765	0.05960892897520661
PF3D7_1457900	0.1587448815427658	0.8263125796392157	0.7392846070145186
PF3D7_1458000	0.038836900480415666	0.027130571899346406	0.07530351519566673
PF3D7_1458100	0.007194244604316547	0.013071895424836602	0.01656688072414563
PF3D7_1458200	0.0031974420463629096	0.025601258171241828	0.020663340407862406
PF3D7_1458300	0.003996802557953637	0.42480006933725495	0.16452060080187628
PF3D7_1458400	0.003996802557953637	0.00392156862745098	0.004914004914004914
PF3D7_1458500	0.008386773059152678	0.15787720995816995	0.19377291579428188
PF3D7_1458600	0.03990792366506794	0.044444444444444446	0.10396599634264017
PF3D7_1458700	0.002066316947242206	0.06013071895424837	0.020402021443823987
PF3D7_1458800	0.013589128697042365	0.00784313725490196	0.024051753408085772
PF3D7_1458900	0.002398081534772182	0.00522875816993464	0.010051373687737324
PF3D7_1459000	0.06615098921103119	0.05349648693464052	0.17082400673911102
PF3D7_1459100	0.003996802557953637	0.00261437908496732	0.016436221242126424
PF3D7_1459200	0.03131089128856914	0.07747014707058823	0.11480533002926066
PF3D7_1459300	0.0007993605115907274	0.027450980392156862	0.025446685839848115
PF3D7_1459400	0.002398081534772182	0.03137254901960784	0.017236972303328123
PF3D7_1459500	0.01598721023181455	0.0	0.05402046571588117
PF3D7_1459600	0.017721762591526777	0.08802594771764706	0.12403988580545007
PF3D7_1459700	0.00686248001678657	0.00784313725490196	0.15110081040674558
PF3D7_1459800	0.018852887690647482	0.06972529412287581	0.09745449241299978
PF3D7_1459900	0.0	0.00130718954248366	0.0
PF3D7_1460000	0.0	0.00392156862745098	0.00022336385972749609
PF3D7_1460100	0.019984012789768184	0.05576703019477124	0.024384615814607997
PF3D7_1460200	0.0015987210231814548	0.009914983661437908	0.008041098950189859
PF3D7_1460300	0.3060687300079936	0.0498953268	0.4600757078248827
PF3D7_1460400	0.02717825739408473	0.009150326797385621	0.044209250056957784
PF3D7_1460500	0.03864096722941646	0.37339503076862746	0.47136245145007816
PF3D7_1460600	0.004464398482014388	0.3925779089921569	0.0753667080062542
PF3D7_1460700	0.6174840517466027	0.08792766341045752	0.8831219036814831
PF3D7_1460800	0.009592326139088728	0.04303897059477124	0.10773396038597274
PF3D7_1460900.1	0.0	0.00522875816993464	0.0040205494750949295
PF3D7_1460900.2	0.0007993605115907274	0.04281684640915032	0.06761207282108556
PF3D7_1461000	0.018988719027178257	0.039659934645751634	0.2020087914456109
PF3D7_1461100	0.01452432054516387	0.4744218423098039	0.10866136782242573
PF3D7_1461200	0.0	0.0	0.0020102747375474648
PF3D7_1461300	0.34805729668665064	0.17963175647712418	0.5926827507714988
PF3D7_1461400	0.02698232414308553	0.20111274916732025	0.03049135023587224
PF3D7_1461500	0.0	0.0	0.00044672771945499217
PF3D7_1461600	0.12151842526938449	0.02952282679869281	0.24214159735269153
PF3D7_1461700	0.0	0.00130718954248366	0.014556605986598168
PF3D7_1461800	0.0007993605115907274	0.00522875816993464	0.0059381198349341075
PF3D7_1461900	0.2447126024252598	0.02091503267973856	0.2810617097880277
PF3D7_1462000	0.0	0.00130718954248366	0.00022336385972749609
PF3D7_1462100	0.008461201039968025	0.0874834150392157	0.1509957330493634
PF3D7_1462200	0.008928796964028776	0.10524153595555555	0.1629891138201921
PF3D7_1462300	0.06069129696642686	0.10284928105620915	0.29330815179651554
PF3D7_1462400	0.10153441247961631	0.025601258171241828	0.15046030405896804
PF3D7_1462500	0.0	0.00261437908496732	0.016158108109001562
PF3D7_1462700	0.012458003597921662	0.12290137256470587	0.23179173133861958
PF3D7_1462800	0.09020753398081535	0.018300653594771243	0.3513901961279875
PF3D7_1462900	0.006394884092725819	0.0	0.017999768260218898
PF3D7_1463000	0.020783373301358914	0.04520910130849673	0.06574925173464373
PF3D7_1463200	0.0015987210231814548	0.00392156862745098	0.014910629328344875
PF3D7_1463300	0.003996802557953637	0.00522875816993464	0.04348440920437793
PF3D7_1463400	0.03977209232853717	0.00392156862745098	0.06221775184945275
PF3D7_1463500	0.0031974420463629096	0.00261437908496732	0.003127094036184945
PF3D7_1463600	0.0	0.0	0.0020102747375474648
PF3D7_1463700	0.023649050760191845	0.009150326797385621	0.05178682711860621
PF3D7_1463800	0.0	0.00522875816993464	0.0006700915791824883
PF3D7_1463900	0.0031974420463629096	1.678523703386928	0.029167690492293948
PF3D7_1464000	0.18501529778017584	0.2786084518091503	0.30166879186196116
PF3D7_1464100	0.018852887690647482	0.025601258171241828	0.06505836287960687
PF3D7_1464200	0.007194244604316547	0.00261437908496732	0.008934554389099843
PF3D7_1464300	0.0007993605115907274	0.00392156862745098	0.012044854256198346
PF3D7_1464400	0.06568339328697043	0.018300653594771243	0.060422107439356706
PF3D7_1464500	0.08741758594404477	0.7489629407882353	0.6058938680207728
PF3D7_1464600	0.2150004321598721	0.2962251850784314	0.42585447673754745
PF3D7_1464700	0.008792965627498001	0.03137254901960784	0.017553040540763905
PF3D7_1464900	0.0329096123117506	0.11165577202875816	0.048752437460129555
PF3D7_1465000	0.0	0.02821563725620915	0.012285012285012284
PF3D7_1465100	0.004464398482014388	0.11722836602352942	0.14456013932834488
PF3D7_1465200	0.06149065747801759	0.01437908496732026	0.13461317010252402
PF3D7_1465300	0.014388489208633094	0.00392156862745098	0.03508928691244136
PF3D7_1465400	0.008792965627498001	0.022222222222222223	0.0037971856153674335
PF3D7_1465500	0.0007993605115907274	0.00130718954248366	0.006292143176680813
PF3D7_1465600	0.0031974420463629096	0.00130718954248366	0.002903730176457449
PF3D7_1465700	0.0007993605115907274	0.0	0.00472859615858834
PF3D7_1465800	0.010859282574740208	0.01437908496732026	0.05968156339580076
PF3D7_1465900	0.6715344396426859	0.11014988563267974	0.857113706465937
PF3D7_1466000	0.0	0.00261437908496732	0.00022336385972749609
PF3D7_1466100	0.0015987210231814548	0.023529411764705882	0.02054947509492964
PF3D7_1466200	0.028581045166266986	0.1192019281228758	0.11238737365467948
PF3D7_1466300	0.049953519661870505	0.4603020698091503	0.31557293375005585
PF3D7_1466400	0.03577528977058353	0.06711091503790849	0.10182942888921152
PF3D7_1466500	0.0	0.0	0.0015635470180924726
PF3D7_1466600	0.012458003597921662	0.0	0.00526802825575162
PF3D7_1466700	0.005595523581135092	0.00130718954248366	0.012955103864194774
PF3D7_1466800	0.06115889289048761	0.006535947712418301	0.06869530378132678
PF3D7_1466900	0.08853438497681854	0.291757332448366	0.2628510050712531
PF3D7_1467000	0.003996802557953637	0.006535947712418301	0.004243913334822426
PF3D7_1467100	0.009592326139088728	0.007300604576470588	0.055103696676345765
PF3D7_1467200	0.08827704837010392	0.00784313725490196	0.0740728305840965
PF3D7_1467300	0.0	0.00392156862745098	0.026302186174447177
PF3D7_1467400	0.012458003597921662	0.0574180555620915	0.11421114865870002
PF3D7_1467500	0.017254166667466028	0.03529411764705882	0.061876155910654464
PF3D7_1467600	0.019909584808952836	0.02298687908627451	0.03903465349765468
PF3D7_1467700	0.0031974420463629096	0.00784313725490196	0.019247247040875586
PF3D7_1467800	0.0	0.0	0.0008934554389099843
PF3D7_1467900	0.03763134740047962	1.2808019504810457	0.39370897497140944
PF3D7_1468000	0.004931994406075139	0.028980294120261436	0.07101436786173777
PF3D7_1468100	0.4660770650047962	2.0044260562993466	1.153983672207505
PF3D7_1468200	0.15022357858832935	0.43269170908235294	0.25260642009202594
PF3D7_1468300	0.0	0.00130718954248366	0.0008934554389099843
PF3D7_1468400	0.0028656774588329335	0.6766649827320261	0.010515259235648871
PF3D7_1468500.1	0.0007993605115907274	0.01906531045882353	0.023567070584319855
PF3D7_1468600	0.0028656774588329335	0.03758808823921569	0.047007848452758544
PF3D7_1468700	0.0558951338968825	0.03420905229019608	0.14948620798592807
PF3D7_1468800	0.1611559877026379	0.08040493464836601	0.25465876145298194
PF3D7_1468900	0.03723817945723421	0.00522875816993464	0.0756155803263346
PF3D7_1469000	0.005595523581135092	0.011222173203921569	0.02524011614920706
PF3D7_1469100	0.04183840927577938	0.035516241832679735	0.12808159621576948
PF3D7_1469200	0.002398081534772182	0.09293429739477124	0.010051373687737324
PF3D7_1469300	0.011990407673860911	0.00261437908496732	0.02665620951619388
PF3D7_1469400	0.004464398482014388	0.00130718954248366	0.008711190529372347
PF3D7_1469500	0.0015987210231814548	0.0	0.006700915791824883
PF3D7_1469600	0.003996802557953637	0.02996707516993464	0.06939570791087782
PF3D7_1469700	0.004464398482014388	0.01514374183137255	0.03514403618583873
PF3D7_1469800	0.014388489208633094	0.0574180555620915	0.11478853586017422
PF3D7_1469900	0.0007993605115907274	0.08694088236078432	0.02027136196180478
PF3D7_1470000	0.030979126701039167	0.04543122549411765	0.2563821351018539
PF3D7_1470100	0.018852887690647482	0.02690844771372549	0.12012883487714988
PF3D7_1470200	0.06722201239568346	0.007300604576470588	0.07406846381795845
PF3D7_1470300	0.07188234412869704	0.009150326797385621	0.07980438072838954
PF3D7_1470400	0.0	0.00261437908496732	0.016436221242126424
PF3D7_1470500	0.0015987210231814548	0.04913066993594771	0.08624506853428635
PF3D7_1470600	0.02778168465467626	0.00522875816993464	0.06318275073084655
PF3D7_1470700	0.019184652278177457	0.00261437908496732	0.05279414787044896
PF3D7_1470800	0.05408615355635492	0.375420997324183	0.6433842709055171
PF3D7_1470900	0.0015987210231814548	0.008607794118954248	0.012415671767031494
PF3D7_1471000	0.003665037970423661	0.0	0.004467277194549922
PF3D7_1471100	0.3829798647082334	0.06644667072026145	0.9674802842081752
PF3D7_1471200	0.005731354917665867	0.059588186275816996	0.055289105431762346
PF3D7_1471300	0.016590637492406076	0.059588186275816996	0.17570879008108106
PF3D7_1471400	0.004796163069544364	0.35639900737254904	0.10284111640719232
PF3D7_1471500	0.004796163069544364	0.21919127857647058	0.07335499787223587
PF3D7_1471600	0.0007993605115907274	0.006535947712418301	0.011467467054724146
PF3D7_1471700	0.0	0.00130718954248366	0.0020102747375474648
PF3D7_1471800	0.0031974420463629096	0.00392156862745098	0.011652875810140718
PF3D7_1471900	0.03891262990247801	0.02821563725620915	0.1783600084900603
PF3D7_1472000	0.003996802557953637	0.00261437908496732	0.014556605986598168
PF3D7_1472100	0.006394884092725819	0.026143790849673203	0.015896789144963144
PF3D7_1472200	0.13491162071542764	0.264870183827451	0.28681919262899264
PF3D7_1472300	0.002398081534772182	0.0196078431372549	0.00928857773084655
PF3D7_1472400	0.056226898484412466	0.10852228759738562	0.17813771636743353
PF3D7_1472500	0.0007993605115907274	0.027450980392156862	0.005714755975206612
PF3D7_1472600	0.002398081534772182	0.16211705883921568	0.023921093926066565
PF3D7_1472700	0.024252478020783372	0.27421920747843137	0.2765335174983248
PF3D7_1472800	0.009728157475619503	0.028980294120261436	0.12248478232454768
PF3D7_1472900	0.012789768185451638	0.006535947712418301	0.023300676776412777
PF3D7_1473100	0.01965224820223821	0.01906531045882353	0.08259861235805227
PF3D7_1473200	0.037841606717825736	0.03475158496862745	0.14049619624570026
PF3D7_1473300	0.0015987210231814548	0.00392156862745098	0.021106065020549476
PF3D7_1473400	0.0007993605115907274	0.1164658373986928	0.004374572816841635
PF3D7_1473500	0.015187849720223821	0.00522875816993464	0.027178847444270716
PF3D7_1473600	0.0	0.00130718954248366	0.004243913334822426
PF3D7_1473700	0.002398081534772182	0.0	0.006793983828903283
PF3D7_1473900	0.034040737410871304	0.04259472222352941	0.022896979005137368
PF3D7_1474000	0.0	0.02298687908627451	0.01141271778132678
PF3D7_1474100	0.0	0.0	0.002233638597274961
PF3D7_1474200	0.004796163069544364	0.06602584968104575	0.049650259665177575
PF3D7_1474300	0.034176568747402075	0.018522777780392154	0.19550971491891891
PF3D7_1474400	0.004796163069544364	0.3432184882444444	0.14913145447174447
PF3D7_1474500	0.06295354716466826	0.1379468300888889	0.2182451198070136
PF3D7_1474600	0.018053527179056755	0.02690844771372549	0.03892442763211972
PF3D7_1474700	0.01499191646922462	0.031594673205228754	0.07334798973151664
PF3D7_1474800	0.0031974420463629096	0.006535947712418301	0.017144267925619835
PF3D7_1474900	0.0	0.00130718954248366	0.006924279651552379
PF3D7_1475000	0.0	0.00261437908496732	0.0011168192986374804
PF3D7_1475100	0.028581045166266986	0.11557734065620914	0.12026386112530711
PF3D7_1475200	0.02971217026538769	0.06864022876601307	0.2983136964458343
PF3D7_1475300	0.0031974420463629096	0.00261437908496732	0.02317509213826223
PF3D7_1475400	0.007993605115907274	0.13173341910849673	0.08494684358700022
PF3D7_1475500	0.0	0.12028699347973856	0.002233638597274961
PF3D7_1475600	0.0329096123117506	0.07865349673464052	0.09965454267210186
PF3D7_1475700	0.0015987210231814548	0.00261437908496732	0.0017869108778199687
PF3D7_1475800	0.0	0.01906531045882353	0.00022336385972749609
PF3D7_1475900	0.0	0.0	0.0
PF3D7_1476000	0.014856085132693845	0.00130718954248366	0.002457002457002457
PF3D7_1476100	0.0	0.0	0.00022336385972749609
PF3D7_1476200	0.0890019809008793	0.00784313725490196	0.08092156368639714
PF3D7_1476300	0.0007993605115907274	0.9436554048888889	0.024494841680142952
PF3D7_1476500	0.0	0.0	0.001824865982130891
PF3D7_1476600	0.0	0.0	0.0013401831583649765
PF3D7_1476700	0.009592326139088728	0.03889527778169934	0.04490050257136475
PF3D7_1476800	0.011191047162270184	0.03290186274771242	0.03512323890998437
PF3D7_1477100	0.0012669564356514787	0.0	0.0005773872014742014
PF3D7_1477500	0.04310536571143085	0.00130718954248366	0.025223321980120617
PF3D7_1477600	0.003996802557953637	0.0	0.001917570359839178
PF3D7_1477700	0.0	0.0	0.00022336385972749609
PF3D7_1478000	0.04678603118944844	0.0	0.006216596627429081
PF3D7_1478100	0.0007993605115907274	0.00261437908496732	0.0030343896584766584
PF3D7_1478600	0.10447581936051159	0.02298687908627451	0.11873426610475765
PF3D7_1478800	0.0	0.00261437908496732	0.0
PF3D7_1479000	0.0	0.00130718954248366	0.0006700915791824883
PF3D7_1479100	0.0	0.00261437908496732	0.0008934554389099843
PF3D7_1479200	0.0007993605115907274	0.0	0.00022336385972749609
PF3D7_1479500	0.0	0.0	0.00044672771945499217
PF3D7_1479800	0.0	0.0	0.00044672771945499217
PF3D7_1300100	0.0015987210231814548	0.00130718954248366	0.002321268131114586
PF3D7_1300200	0.0007993605115907274	0.00130718954248366	0.0008934554389099843
PF3D7_1300300	0.0018560576298960831	0.00261437908496732	0.0023004708552602188
PF3D7_1300500	0.0	0.00130718954248366	0.0
PF3D7_1300600	0.0	0.0	0.00044672771945499217
PF3D7_1300800	0.0	0.0	0.0008007510612016975
PF3D7_1300900	0.0007993605115907274	0.0	0.00044672771945499217
PF3D7_1301200	0.0	0.0	0.0
PF3D7_1301400	0.10779346523581136	0.009914983661437908	0.04329900044896136
PF3D7_1301500	0.003996802557953637	0.009150326797385621	0.0063848475543891
PF3D7_1301600	0.012262070346922461	0.4170874985986928	0.011336807572704936
PF3D7_1301700	0.4532098544004796	0.027130571899346406	0.09181782860263568
PF3D7_1301900	0.0	0.01699346405228758	0.0015635470180924726
PF3D7_1302000	0.183672611922462	0.013071895424836602	0.08310445611704266
PF3D7_1302100	0.0007993605115907274	0.03497370915424836	0.03483183658454322
PF3D7_1302200	0.0015987210231814548	0.00392156862745098	0.00044672771945499217
PF3D7_1302300	0.02011984412629896	0.01045751633986928	0.10805002862340853
PF3D7_1302400	0.0	0.00130718954248366	0.00044672771945499217
PF3D7_1302500	0.038972731816946445	0.05480367647712418	0.15663967290082645
PF3D7_1302600	0.05349705236211032	0.006535947712418301	0.08025547521398257
PF3D7_1302700	0.10985978218305355	0.011222173203921569	0.10458970852133125
PF3D7_1302800	1.4174158881582735	0.22558007168235295	1.830869800143623
PF3D7_1302900	0.015187849720223821	0.00261437908496732	0.055027786467723924
PF3D7_1303000	0.0164548061558753	0.00392156862745098	0.11722874414809023
PF3D7_1303100	0.019184652278177457	0.01514374183137255	0.09200105540183158
PF3D7_1303200.1	0.0007993605115907274	0.00261437908496732	0.00874914563368327
PF3D7_1303300	0.08047937650519583	0.0368234313751634	0.1470715273993746
PF3D7_1303400	0.10159451439408473	0.18488394197908495	0.1794468596569131
PF3D7_1303500	0.056694494408473226	1.0548407958588235	0.17832785554835826
PF3D7_1303600	0.0	0.018300653594771243	0.0030343896584766584
PF3D7_1303700	0.003996802557953637	0.32330313535424837	0.19999232879115478
PF3D7_1303800	0.0825208655547562	0.589780240772549	1.1751651053055616
PF3D7_1303900	0.0	0.00261437908496732	0.0034811173779316505
PF3D7_1304000	0.0015987210231814548	0.09456189543006535	0.06011040596805897
PF3D7_1304100	0.014056724621103116	0.2613907353320261	0.19733385358230957
PF3D7_1304200.1	0.0	0.00130718954248366	0.00022336385972749609
PF3D7_1304300	0.009592326139088728	0.00392156862745098	0.05642271889948627
PF3D7_1304400	0.035307693846522784	0.12177158078300652	0.2458607616138039
PF3D7_1304500	0.012126239010391686	0.0033790359490196075	0.04849111849609113
PF3D7_1304600	0.022186161073541166	0.00522875816993464	0.15468014432990843
PF3D7_1304700	0.0007993605115907274	0.00130718954248366	0.00526802825575162
PF3D7_1304900	0.0031974420463629096	0.00130718954248366	0.005807460352914898
PF3D7_1305000	0.03144672262509992	0.3722351084366013	0.4362800881987938
PF3D7_1305100	0.005595523581135092	0.10719167072287582	0.14336413403305784
PF3D7_1305200	0.010859282574740208	0.05349648693464052	0.12256867950569578
PF3D7_1305300	0.15889243606314948	0.043359379087581695	0.3158520318684387
PF3D7_1305400	0.03750984213029576	0.00784313725490196	0.11774737896939916
PF3D7_1305500	0.0015987210231814548	0.0	0.008041098950189859
PF3D7_1305600	0.002066316947242206	0.021679689543790848	0.008841850011391556
PF3D7_1305700	0.0	0.0	0.00044672771945499217
PF3D7_1305800	0.0	0.0	0.0013401831583649765
PF3D7_1305900	0.011191047162270184	0.039437810460130715	0.037322925509716325
PF3D7_1306000	0.0	0.4012011611947713	0.1387630881378155
PF3D7_1306100	0.0	0.011222173203921569	0.017814359504802323
PF3D7_1306200	0.005263758993605116	0.04696053922222222	0.08345847945878937
PF3D7_1306300	0.023453117509192645	0.01045751633986928	0.18011325736542327
PF3D7_1306400	0.102665537578737	0.36474207912026146	0.4657400943803886
PF3D7_1306500	0.004132633894484412	0.04173178105228758	0.03594951767254858
PF3D7_1306600	0.011191047162270184	0.03344439542614379	0.05612781159727496
PF3D7_1306700	0.0007993605115907274	0.00261437908496732	0.00945719231717668
PF3D7_1306800	0.019984012789768184	0.07865349673464052	0.0544715602014742
PF3D7_1306900	0.023980815347721823	0.02821563725620915	0.05134009939915122
PF3D7_1307000	0.036438818945643485	0.048045604579084966	0.09262918876993523
PF3D7_1307100	0.04090321742765787	0.094019362751634	0.07161582812709404
PF3D7_1307200	0.15791276980815347	0.11777302694117646	0.4715214118595041
PF3D7_1307300	0.06408467226378897	0.01645093137385621	0.13122912386843869
PF3D7_1307400	0.003996802557953637	0.00392156862745098	0.0020102747375474648
PF3D7_1307600	0.015187849720223821	0.18204116659477124	0.2047519132490507
PF3D7_1307700	0.021718565149480416	0.16899897061568628	0.10236922464574492
PF3D7_1307800	0.033045443648281374	0.00522875816993464	0.06397913502591021
PF3D7_1307900	0.0015987210231814548	0.44320113547973855	0.052444854954210404
PF3D7_1308000	0.002398081534772182	1.1259748175228759	0.11139242588251061
PF3D7_1308100	0.0007993605115907274	0.00130718954248366	0.013085763346213983
PF3D7_1308200	0.38444018166666666	0.0780126797490196	0.6682289503408533
PF3D7_1308300	0.06882073341886491	0.009150326797385621	0.12009451922023677
PF3D7_1308400	0.20694315328936852	1.052435548662745	1.04545600226826
PF3D7_1308500	0.006394884092725819	0.02298687908627451	0.06461563826691981
PF3D7_1308600	0.003996802557953637	0.013071895424836602	0.035257901498771504
PF3D7_1308700	0.023107026855315748	0.15920782683267973	0.20575050046884075
PF3D7_1308800	0.020765211769784173	0.28766932575686277	0.46239603411436225
PF3D7_1308900	0.14111057155715429	0.0789994607986928	0.3042357301894125
PF3D7_1309000	0.005595523581135092	0.0	0.008711190529372347
PF3D7_1309100	0.5169576251702638	0.22607319035294118	0.913882096207505
PF3D7_1309200	0.06661858513509193	0.43842739618169935	0.16357965574335492
PF3D7_1309300	0.22777587427897683	0.37139973847189545	0.40370311661961134
PF3D7_1309400	0.04770559552997602	0.3594242992052288	0.3327834600964932
PF3D7_1309500	0.05575930256035173	0.008607794118954248	0.0777944696502122
PF3D7_1309600	0.011191047162270184	0.00261437908496732	0.01947061090060308
PF3D7_1309700	0.13099054757953638	0.03813062091764706	0.21901732504534285
PF3D7_1309800	0.026182963631494804	0.006535947712418301	0.1539191887645745
PF3D7_1309900	0.007993605115907274	0.00130718954248366	0.05169412274089792
PF3D7_1310000	0.006394884092725819	0.03137254901960784	0.05675994807214652
PF3D7_1310100	0.018053527179056755	0.01045751633986928	0.11515607758297966
PF3D7_1310200	0.0	0.23672940354640523	0.002680366316729953
PF3D7_1310300	0.003665037970423661	0.01906531045882353	0.008041098950189859
PF3D7_1310400	0.04103904876418865	0.039437810460130715	0.0817431120234532
PF3D7_1310500	0.0164548061558753	0.013071895424836602	0.05804538195711413
PF3D7_1310600	0.0	0.011764705882352941	0.0011168192986374804
PF3D7_1310700	0.0015987210231814548	0.5857790426169934	0.005491392115479115
PF3D7_1310800	0.015187849720223821	0.007300604576470588	0.042645703038865314
PF3D7_1310900	0.023181454836131096	0.01045751633986928	0.04540197956421711
PF3D7_1311000	0.0	0.00130718954248366	0.00044672771945499217
PF3D7_1311100	0.003996802557953637	0.0	0.0035738217556399374
PF3D7_1311200	0.010391686650679457	0.013836552288888889	0.041436179362519546
PF3D7_1311300	0.003996802557953637	0.013836552288888889	0.017013608443600624
PF3D7_1311400	0.062154186653077544	0.12235883988627451	0.22240129761514407
PF3D7_1311500	0.011990407673860911	0.0811695915124183	0.07382866944851463
PF3D7_1311600	0.016123041568345323	0.1425092157019608	0.03981788307102971
PF3D7_1311700	0.0031974420463629096	0.0	0.006477551932097387
PF3D7_1311800	0.1868453061598721	0.06089537581830065	0.5546058542508376
PF3D7_1311900	0.06741794564668266	0.1730188235503268	0.21124152892494974
PF3D7_1312000	0.0007993605115907274	0.00261437908496732	0.007408962475318293
PF3D7_1312100	0.005263758993605116	0.3445598756196078	0.248943933621845
PF3D7_1312200	0.0031974420463629096	0.009914983661437908	0.02598611793701139
PF3D7_1312300	0.004796163069544364	0.01045751633986928	0.06316158979562207
PF3D7_1312400	0.006394884092725819	0.0	0.03205489725396471
PF3D7_1312450	0.0	0.0	0.0008934554389099843
PF3D7_1312500	0.0	0.00130718954248366	0.0
PF3D7_1312600	0.0007993605115907274	0.04128753268104575	0.01803772336452982
PF3D7_1312700	0.02971217026538769	0.00522875816993464	0.09427264910341747
PF3D7_1312800	0.03170405923181455	1.4855825548300654	0.5280214755425509
PF3D7_1312900	0.20162156278017587	0.6815653839882353	0.49575538498637484
PF3D7_1313000	0.004796163069544364	0.025601258171241828	0.02665620951619388
PF3D7_1313100	0.0015987210231814548	0.028980294120261436	0.02140934219566674
PF3D7_1313200	0.002398081534772182	0.00261437908496732	0.016158108109001562
PF3D7_1313300	0.020255675462829734	0.01568627450980392	0.07843060923185169
PF3D7_1313400	0.02651472821902478	0.22735695256339872	0.08306650101273175
PF3D7_1313500	0.0	0.3580760194156863	0.010089328792048246
PF3D7_1313600	0.002398081534772182	0.9418339700705882	0.024372335740227832
PF3D7_1313700	0.0031974420463629096	0.017758120916339867	0.062419954773955774
PF3D7_1313800	0.15735511839568345	0.35100593937777774	0.24532531338239894
PF3D7_1313900	0.025579536370903277	0.00522875816993464	0.04432311536989055
PF3D7_1314000	0.012126239010391686	0.013071895424836602	0.06556420663859727
PF3D7_1314100	0.003996802557953637	0.00261437908496732	0.02639489055215546
PF3D7_1314200	0.03490150127817746	0.057518468108496736	0.33178422262988605
PF3D7_1314300	0.006394884092725819	0.009150326797385621	0.03129210129707393
PF3D7_1314400	0.0	0.00130718954248366	0.0013401831583649765
PF3D7_1314500	0.0015987210231814548	0.00392156862745098	0.013401831583649765
PF3D7_1314600	0.012789768185451638	0.00392156862745098	0.03964926848469958
PF3D7_1314700	0.03158255396163069	0.03670171973594771	0.19506662664686175
PF3D7_1314800	0.002398081534772182	0.00130718954248366	0.002233638597274961
PF3D7_1314900	0.036438818945643485	0.00261437908496732	0.06299297520929194
PF3D7_1315000	0.010391686650679457	0.009150326797385621	0.015226697565780656
PF3D7_1315100	0.0007993605115907274	0.00130718954248366	0.0
PF3D7_1315200	0.007661840528377298	0.01514374183137255	0.01053605651150324
PF3D7_1315300	0.002398081534772182	0.49117743287581694	0.09922390104400268
PF3D7_1315400	0.11031305204076738	0.19393385623006534	0.2364604297156578
PF3D7_1315500	0.006394884092725819	0.011764705882352941	0.01040539702948403
PF3D7_1315600	0.0015987210231814548	0.03813062091764706	0.030752669199910654
PF3D7_1315700	0.015187849720223821	0.013071895424836602	0.01098278423095823
PF3D7_1315800	0.016786570743405275	0.06035284313986928	0.08021752010967165
PF3D7_1315900	0.012789768185451638	0.03137254901960784	0.06360831751507706
PF3D7_1316000	0.0	0.0	0.0011168192986374804
PF3D7_1316100	0.07434182901918465	0.4011644040169935	0.42172663034688407
PF3D7_1316200	0.0015987210231814548	0.009914983661437908	0.0011168192986374804
PF3D7_1316300	0.0	0.0	0.00022336385972749609
PF3D7_1316400	0.0	0.0	0.0011168192986374804
PF3D7_1316500	0.0405714528401279	0.02298687908627451	0.11158553161536744
PF3D7_1316600	0.09607472023501198	0.8783091470941176	0.44752582388027695
PF3D7_1316700	0.0	0.0	0.00022336385972749609
PF3D7_1316800	0.05129490407833733	0.01906531045882353	0.12819473420996202
PF3D7_1316900	0.054432244210231816	0.1625613072104575	0.19161946126647308
PF3D7_1317000	0.016123041568345323	0.13106491831241832	0.1047962782119723
PF3D7_1317100	0.009728157475619503	0.22456730395686272	0.20798523004422606
PF3D7_1317200	0.0633610411742606	0.03312398693333333	0.12137487826133571
PF3D7_1317300	0.06915249800639488	0.09162710785228759	0.4063881396977887
PF3D7_1317400	0.05250175859952038	0.0196078431372549	0.1620708579986598
PF3D7_1317500	0.003996802557953637	0.007300604576470588	0.04901375642416797
PF3D7_1317600	0.0349759292589928	0.02658803922091503	0.08888711608733527
PF3D7_1317700	0.007993605115907274	0.00392156862745098	0.01848445108398481
PF3D7_1317800	0.7686561104332534	0.10803331280130718	1.142178049495421
PF3D7_1317900	0.10186617706714629	0.009150326797385621	0.08120367992628992
PF3D7_1318000	0.010391686650679457	0.24972431375686274	0.004151208957114139
PF3D7_1318100	0.003996802557953637	0.02821563725620915	0.0721855727744025
PF3D7_1318200	0.0	0.0	0.0017869108778199687
PF3D7_1318300	0.02971217026538769	0.03889527778169934	0.0792101993578289
PF3D7_1318400	0.036500222301358916	0.3197551019973856	0.40891169100536073
PF3D7_1318500	0.0	0.006535947712418301	0.004597936676569131
PF3D7_1318600	0.002398081534772182	0.01437908496732026	0.01759099564507483
PF3D7_1318700	0.007194244604316547	0.20107015098169934	0.01236092249363413
PF3D7_1318800	0.01372496003357314	0.10262715687058824	0.06376013793232074
PF3D7_1318900	0.0	0.00130718954248366	0.0006700915791824883
PF3D7_1319000	0.0007993605115907274	0.004686225491503267	0.02304443265624302
PF3D7_1319100	0.24551196293685054	0.3101951310261438	0.32900955964998885
PF3D7_1319200	0.0007993605115907274	0.00130718954248366	0.009773260554612464
PF3D7_1319300	0.061686590729016784	0.01568627450980392	0.08047447230757203
PF3D7_1319400	0.03630428905035971	0.49384536984183003	0.6518761100015635
PF3D7_1319500	0.0007993605115907274	0.0	0.00513736877373241
PF3D7_1319600	0.003996802557953637	0.1467533210614379	0.056967245081527805
PF3D7_1319700	0.0031974420463629096	0.017758120916339867	0.04910646080187626
PF3D7_1319900	0.006394884092725819	0.00261437908496732	0.05886729395354031
PF3D7_1320000	0.08767362110951239	0.2748834517960784	0.16063762604422605
PF3D7_1320100	0.008718537646682654	0.051424640528104575	0.10127756938909983
PF3D7_1320200	0.021718565149480416	0.04042459150980392	0.15800322104534287
PF3D7_1320300	0.005595523581135092	0.022222222222222223	0.03752949520035738
PF3D7_1320400	0.006063119505195843	0.018300653594771243	0.0755228759486263
PF3D7_1320500	0.010391686650679457	0.00130718954248366	0.03579733359593478
PF3D7_1320600	0.06708618105915268	0.07396727124313726	0.10918327843176234
PF3D7_1320700	0.01499191646922462	1.0585699264496733	0.3034885111442931
PF3D7_1320800	0.014388489208633094	0.00522875816993464	0.13066853083605093
PF3D7_1320900	0.010391686650679457	0.00261437908496732	0.012955103864194774
PF3D7_1321000	0.002066316947242206	0.01514374183137255	0.004951960018315837
PF3D7_1321100	0.010859282574740208	2.1467885367071897	0.06449105828947957
PF3D7_1321200	0.002398081534772182	0.021679689543790848	0.005360732633459906
PF3D7_1321300	0.09639215875619504	0.2645673616575163	0.4044790452037078
PF3D7_1321400	0.008792965627498001	0.00784313725490196	0.015766129662943936
PF3D7_1321500.1	0.0	0.02483660130718954	0.003927845097386643
PF3D7_1321500.2	0.0	0.00130718954248366	0.0
PF3D7_1321600	0.0	0.01514374183137255	0.004914004914004914
PF3D7_1321700	0.15190975221742606	0.10317181778823528	0.4398060566756757
PF3D7_1321800	0.005263758993605116	0.02091503267973856	0.011838284565557293
PF3D7_1321900	0.002398081534772182	0.04696053922222222	0.007948394572481572
PF3D7_1322000	0.004796163069544364	0.08388438314379085	0.14289073321085546
PF3D7_1322100	0.1314438174372502	0.032359330069281045	0.1525632831742238
PF3D7_1322200	0.052019836609112705	0.9883700495307189	0.7229680708431986
PF3D7_1322300	0.03343861159152678	0.04173178105228758	0.26345568670136255
PF3D7_1322400	0.006063119505195843	0.029744950984313723	0.016288767591020773
PF3D7_1322500	0.004464398482014388	0.2974069116575163	0.1023224815858834
PF3D7_1322600	0.0007993605115907274	0.07135289215816994	0.010628760889211525
PF3D7_1322700	0.0015987210231814548	0.011764705882352941	0.022859023900826447
PF3D7_1322800	0.0007993605115907274	0.00261437908496732	0.022859023900826447
PF3D7_1322900	0.003996802557953637	0.00261437908496732	0.02107211302300648
PF3D7_1323000	0.0031974420463629096	0.00130718954248366	0.0033504578959124413
PF3D7_1323100	0.9162066583045563	0.19236194431633985	1.1788468918916686
PF3D7_1323200	0.0484292266195044	0.03344439542614379	0.15267678482778646
PF3D7_1323300	0.009260561551558752	0.03497370915424836	0.11129062431315613
PF3D7_1323400	0.48133502682733814	0.062202565360784313	0.8228769279419255
PF3D7_1323500	0.014856085132693845	0.05435942810588235	0.05640592473039982
PF3D7_1323600	0.01692240207993605	0.027673104577777777	0.11106762411279875
PF3D7_1323700	0.0015987210231814548	0.5479155968405228	0.02449447802077284
PF3D7_1323800	0.03191431854916067	0.04597375817254902	0.1009870832763011
PF3D7_1323900	0.03610705435811351	0.011764705882352941	0.03484912888362743
PF3D7_1324000	0.05907824987689848	0.09076416668104575	0.08902614544226044
PF3D7_1324100	0.0031974420463629096	0.08847019608888888	0.06582516194326558
PF3D7_1324200	0.0820780975283773	0.05295395425620915	0.2567759862680366
PF3D7_1324300	0.06396446843485211	0.16224089871764705	0.39114870785347333
PF3D7_1324400	0.07108298361710631	0.02690844771372549	0.06502441088206388
PF3D7_1324500	0.011658643086330935	0.03312398693333333	0.21955231671208397
PF3D7_1324600	0.009592326139088728	0.0368234313751634	0.13354747987089569
PF3D7_1324700	0.0015987210231814548	0.02483660130718954	0.00625418807236989
PF3D7_1324800	0.03337720823581135	0.09675758171503268	0.32062222257873574
PF3D7_1324900	0.01932048361470823	0.00261437908496732	0.06887634577082868
PF3D7_1325000	0.0	0.00130718954248366	0.0011168192986374804
PF3D7_1325100	0.642154181893685	0.1357298447111111	0.9274978645322761
PF3D7_1325200	0.0	0.00392156862745098	0.0006700915791824883
PF3D7_1325300	0.0007993605115907274	0.00784313725490196	0.018969133907750728
PF3D7_1325400	0.01179447442286171	1.1750184923359477	0.4311806326855037
PF3D7_1325500	0.004796163069544364	0.00784313725490196	0.03707876437413447
PF3D7_1325600	0.0015987210231814548	0.047823480393464055	0.018985928076837168
PF3D7_1325700	0.007194244604316547	0.031594673205228754	0.06463243243600625
PF3D7_1325800	0.024448411271782575	0.008065261440522876	0.050059032280321644
PF3D7_1325900	0.014843060507593925	0.45327556276862746	0.5734803983768149
PF3D7_1326000	0.0	0.01568627450980392	0.021295476882733973
PF3D7_1326100	0.03523326586570743	0.03137254901960784	0.14248237867835603
PF3D7_1326200	0.007194244604316547	0.012529362746405228	0.023937888095153004
PF3D7_1326300	0.030979126701039167	0.04128753268104575	0.09963338173687737
PF3D7_1326400	0.01598721023181455	0.006535947712418301	0.05372555841366987
PF3D7_1326500	0.003996802557953637	0.05665339869803922	0.09779608835179808
PF3D7_1326600	0.05009065243964828	0.3905998485058823	0.6539499752696002
PF3D7_1326700	0.020783373301358914	0.0908624509882353	0.05165653129595712
PF3D7_1326800	0.0015987210231814548	0.006535947712418301	0.010721465266919812
PF3D7_1326900	0.009260561551558752	0.03867315359607843	0.05220033015925843
PF3D7_1327000	0.04183840927577938	0.009914983661437908	0.1036415038090239
PF3D7_1327100	0.0007993605115907274	0.0	0.0015635470180924726
PF3D7_1327200	0.07901648681854516	0.00261437908496732	0.1535319215030154
PF3D7_1327300	0.01818935851558753	0.3503673031503268	0.03309617000335045
PF3D7_1327400	0.030362674815347723	1.0831105594470587	0.5058514144916239
PF3D7_1327500	0.0	0.3167390727267974	0.036391878625865536
PF3D7_1327600	0.0	0.013071895424836602	0.0017869108778199687
PF3D7_1327700	0.056422831735411676	0.0	0.08740311872526245
PF3D7_1327800	0.030511530776978418	0.00392156862745098	0.04603411603908868
PF3D7_1328000	0.010859282574740208	0.1108162581895425	0.2474992207677016
PF3D7_1328100	0.037705775381294965	0.13138745504444443	0.20488779490373016
PF3D7_1328200	0.017721762591526777	0.5420917229215686	0.337420088056511
PF3D7_1328300	0.009260561551558752	0.2932096609620915	0.06811791658007593
PF3D7_1328400	0.023649050760191845	0.00392156862745098	0.08388404624301987
PF3D7_1328500	0.03577528977058353	0.16606674238169933	0.12037299601273174
PF3D7_1328600	0.006530715429256594	0.009150326797385621	0.013085763346213983
PF3D7_1328800	0.033966309430055956	0.16189493465359478	0.07170853250480232
PF3D7_1328900	0.10666234013669064	0.15711042485490195	0.23602758403663165
PF3D7_1329000	0.056694494408473226	0.028980294120261436	0.11422867014652668
PF3D7_1329100	0.06109879097601919	0.4683347179477124	0.3080821852392227
PF3D7_1329200	0.0007993605115907274	0.01699346405228758	0.03324762676122404
PF3D7_1329300	0.004796163069544364	0.03889527778169934	0.09573912497766361
PF3D7_1329400	0.005595523581135092	0.00130718954248366	0.006924279651552379
PF3D7_1329500	0.2183938074572342	0.03213720588366013	0.13362737394527585
PF3D7_1329600	0.09473203437729816	0.022100510583006536	0.09551576111793612
PF3D7_1329700	0.0007993605115907274	0.06753173607712419	0.004374572816841635
PF3D7_1329800	0.008792965627498001	0.03519583333986928	0.050299190309135586
PF3D7_1329900	0.014056724621103116	0.013071895424836602	0.042683658143176234
PF3D7_1330000.1	0.0007993605115907274	0.0	0.002233638597274961
PF3D7_1330100	0.02119086731095124	0.13010369283398693	0.36417428426513293
PF3D7_1330200	0.003996802557953637	0.03344439542614379	0.05668403786352468
PF3D7_1330300	0.026846492806554757	0.0457516339869281	0.15705536075139603
PF3D7_1330400.1	0.011191047162270184	0.10001277778562091	0.030398645858163948
PF3D7_1330500	0.004931994406075139	0.40010690986797387	0.24245548078020998
PF3D7_1330600	0.008792965627498001	0.018522777780392154	0.07900399332655796
PF3D7_1330700	0.008461201039968025	0.04543122549411765	0.12508479800223363
PF3D7_1330800	0.3853702366083133	0.05611086601960784	0.6096841546131337
PF3D7_1331000	0.011990407673860911	0.047725196086274506	0.04151208957114139
PF3D7_1331100	0.043301298962430054	0.4298196020627451	0.08593227608487826
PF3D7_1331200	0.04603114508473222	0.13237210785490197	0.11459548455059192
PF3D7_1331300	0.0007993605115907274	0.013071895424836602	0.021126862296403842
PF3D7_1331400	0.0	0.00392156862745098	0.0015635470180924726
PF3D7_1331500	0.0028656774588329335	0.13750470995686273	0.028257711638597274
PF3D7_1331600	0.0	0.02952282679869281	0.05247807963301318
PF3D7_1331700	0.11991970424620303	0.1574329615869281	0.22191297534398036
PF3D7_1331800	0.014388489208633094	0.021679689543790848	0.04428516026557963
PF3D7_1332000	0.0015987210231814548	0.008607794118954248	0.007278302993299084
PF3D7_1332100	0.0015987210231814548	0.00130718954248366	0.00022336385972749609
PF3D7_1332200	0.004796163069544364	0.6549056481019608	0.005355657789591245
PF3D7_1332300	0.018521123103117505	0.0302874836627451	0.10717737046035292
PF3D7_1332400	0.034508333334932056	0.043581503273202614	0.06496565850189859
PF3D7_1332500	0.0031974420463629096	0.006535947712418301	0.002233638597274961
PF3D7_1332600	0.04619589217905676	0.7817862337895425	0.6673113960967165
PF3D7_1332700	0.005595523581135092	0.0	0.011298852468394014
PF3D7_1332800	0.004796163069544364	0.0	0.007147643511279875
PF3D7_1332900	0.06821730615827339	0.018522777780392154	0.17199266318248826
PF3D7_1333000	0.007194244604316547	0.0	0.02192761335760554
PF3D7_1333100	0.0015987210231814548	0.00784313725490196	0.005845415457225821
PF3D7_1333200	0.01598721023181455	0.07909774510588236	0.19316150293098056
PF3D7_1333300	0.0007993605115907274	0.00522875816993464	0.010051373687737324
PF3D7_1333400	0.127174050764988	0.036601307189542485	0.11634807977149877
PF3D7_1333500	0.018053527179056755	0.00130718954248366	0.137614698741568
PF3D7_1333600	0.04536761590967226	0.01699346405228758	0.08591147880902389
PF3D7_1333700	0.010391686650679457	0.12845053922745098	0.036488586110341746
PF3D7_1333800	0.01325736410951239	0.018300653594771243	0.03508928691244136
PF3D7_1333900	0.011990407673860911	0.06079709151111111	0.17425182948112575
PF3D7_1334000	0.007330075940847322	0.0722413889006536	0.14574522628143846
PF3D7_1334100	0.012126239010391686	0.059712026154248365	0.19521517127607774
PF3D7_1334200	0.04743393285691447	0.004686225491503267	0.10303895256555728
PF3D7_1334300	0.028912809753796963	0.00522875816993464	0.11050666742104089
PF3D7_1334400	0.0	0.00522875816993464	0.012807650213089121
PF3D7_1334500	0.01132687849880096	0.00261437908496732	0.08989407317980791
PF3D7_1334600	0.0007993605115907274	0.13979655230980392	0.10793325118181818
PF3D7_1334700	0.034040737410871304	0.00261437908496732	0.020680134576948853
PF3D7_1334800	0.002398081534772182	0.11572460786666666	0.12653993745164172
PF3D7_1335000	0.0	0.00522875816993464	0.0014708426403841858
PF3D7_1335100	0.004796163069544364	2.592937619385621	0.37589066634107665
PF3D7_1335300	0.002398081534772182	0.23365071365751636	0.012862399486486487
PF3D7_1335400	0.0015987210231814548	0.3285275028405229	0.011168192986374805
PF3D7_1335500	0.0	0.00130718954248366	0.0006700915791824883
PF3D7_1335600	0.027645853318145484	0.05273183007058824	0.07712401441165959
PF3D7_1335700	0.0489725519656275	0.32027207910457517	0.5110117799298638
PF3D7_1335800	0.03750984213029576	0.2541156863267974	0.35028796694750947
PF3D7_1335900	0.0	0.00130718954248366	0.004597936676569131
PF3D7_1336000	0.022849690248601118	0.050659983664052284	0.05217880556466384
PF3D7_1336100	0.0015987210231814548	0.018300653594771243	0.035590763905293726
PF3D7_1336200	0.018852887690647482	0.047280947715032676	0.16287670314473976
PF3D7_1336300	0.0007993605115907274	0.00261437908496732	0.013216422828233192
PF3D7_1336400	0.003665037970423661	0.015908398695424836	0.02604086721040876
PF3D7_1336600	0.01565544564428457	0.00392156862745098	0.1369227189084208
PF3D7_1336700	0.019184652278177457	0.01045751633986928	0.05262553328411883
PF3D7_1336800	0.20279976516866507	0.012529362746405228	0.27707323959057406
PF3D7_1336900	0.1339020008864908	0.02298687908627451	0.2235477021451865
PF3D7_1337000	0.011658643086330935	0.00130718954248366	0.02472184498726826
PF3D7_1337100	0.014056724621103116	0.00130718954248366	0.04972180310766138
PF3D7_1337200	0.03930449640447642	0.021901813729411763	0.1510508459821309
PF3D7_1337300	0.029244574341326938	0.006535947712418301	0.10277726994214875
PF3D7_1337400	0.40887270180575536	0.19914344354640523	0.7254061312988609
PF3D7_1337500	0.19293447491526777	0.36276851702091506	0.5041621464395801
PF3D7_1337700	0.0007993605115907274	0.5916076101477123	0.008471032500558409
PF3D7_1337800	0.016048613586730615	0.10841816227973858	0.012137558633906633
PF3D7_1337900	0.0015987210231814548	0.00392156862745098	0.004914004914004914
PF3D7_1338000	0.009592326139088728	0.031594673205228754	0.08131317847308465
PF3D7_1338100	0.017585931254996003	0.09631333334379084	0.08528334544092026
PF3D7_1338200	0.15608686051878498	0.040202467324183006	0.24650639722872458
PF3D7_1338300	0.1893165142342126	0.06089537581830065	0.36477565162519543
PF3D7_1338400	0.0007993605115907274	0.02037250000130719	0.019993248828679918
PF3D7_1338500	0.01005992206314948	0.011222173203921569	0.07364726379986598
PF3D7_1338600	0.022985521585131893	0.2188729983228758	0.390103043882734
PF3D7_1338700	0.010391686650679457	0.31279620500653593	0.26215656967411216
PF3D7_1338800	0.01005992206314948	0.006535947712418301	0.06815587168438686
PF3D7_1338900	0.006394884092725819	0.11296296157124182	0.17206051275429973
PF3D7_1339300	0.054160581537170266	0.18769914615686276	0.142794807468394
PF3D7_1339400	0.0007993605115907274	0.00392156862745098	0.0015635470180924726
PF3D7_1339500	0.004796163069544364	0.0033790359490196075	0.016250812486709853
PF3D7_1339600	0.09313461479536371	0.04858813725751634	0.24030981613513516
PF3D7_1339700	0.046168277862509995	0.7631398718522876	0.7441558053035515
PF3D7_1339800	0.0015987210231814548	0.00784313725490196	0.007817735090462363
PF3D7_1339900	0.003996802557953637	0.013836552288888889	0.04089674726535626
PF3D7_1340000	0.004796163069544364	0.00784313725490196	0.008711190529372347
PF3D7_1340100	0.003996802557953637	0.00261437908496732	0.008395122291936565
PF3D7_1340300	0.18106557251159072	0.019829967322875817	0.12893673289099844
PF3D7_1340500	0.011658643086330935	0.028437761441830064	0.054302945615144066
PF3D7_1340600	0.0714147482046363	0.032359330069281045	0.14055565670359615
PF3D7_1340700	0.0	0.02298687908627451	0.02081079405896806
PF3D7_1340800	0.0007993605115907274	0.021137156865359476	0.025855458454992184
PF3D7_1340900	0.12537939649080737	0.23870296564575164	0.16905825679651554
PF3D7_1341200	0.25116888987370106	0.035516241832679735	0.3839696040301541
PF3D7_1341300	0.48248836571143083	0.10687126223006535	0.7764730098976994
PF3D7_1341500	0.0	0.02091503267973856	0.0
PF3D7_1341600	0.002398081534772182	0.00522875816993464	0.022020317735313828
PF3D7_1341800	0.0	0.02037250000130719	0.0013401831583649765
PF3D7_1341900	0.058624980019184654	0.10731338236209151	0.1826926230958231
PF3D7_1342000	0.9459473346434852	0.17983963930065358	1.3727472943062318
PF3D7_1342100	0.005263758993605116	0.1492672876	0.04173545343086889
PF3D7_1342200	0.034176568747402075	0.009150326797385621	0.06647845935336162
PF3D7_1342300	0.002398081534772182	0.07877733661307189	0.12594466510297073
PF3D7_1342400	0.023181454836131096	0.03213720588366013	0.11966895243600627
PF3D7_1342500	0.0	0.0	0.012862399486486487
PF3D7_1342600	0.012458003597921662	0.28745664325751635	0.0197319298646415
PF3D7_1342700	0.007194244604316547	0.00130718954248366	0.01040539702948403
PF3D7_1342800	0.008792965627498001	0.00130718954248366	0.010089328792048246
PF3D7_1342900	0.15596795813109512	0.0690844771372549	0.37241518499910653
PF3D7_1343000	0.05809728218065548	0.35332120906274506	0.45483051656935447
PF3D7_1343100	0.006394884092725819	0.758493973193464	0.18235799396202815
PF3D7_1343200	0.06981602718145484	0.17215588237908497	0.11450605596091132
PF3D7_1343300	0.03238191447322142	0.2914156248627451	0.2829177437263793
PF3D7_1343400	0.05283352318705036	0.13790210366405228	0.25196185621465267
PF3D7_1343500	0.0	0.006535947712418301	0.012044854256198346
PF3D7_1343600	0.022186161073541166	0.012529362746405228	0.13450003210833147
PF3D7_1343700	0.036574650282174256	0.3060381331084967	0.049199165179584545
PF3D7_1343800	0.010995113911270983	2.0116511968366013	0.12687589779673888
PF3D7_1343900	0.010391686650679457	0.07157501634379085	0.04685602803551485
PF3D7_1344000	0.00686248001678657	0.00392156862745098	0.08228254412061649
PF3D7_1344100	0.014856085132693845	0.05773846405490196	0.02237434107706053
PF3D7_1344200	0.07714610312230216	0.3370414033359477	0.4056058279148984
PF3D7_1344300	0.009728157475619503	1.0775976386013073	0.06926324937301764
PF3D7_1344400	0.014388489208633094	0.05719593137647059	0.050299190309135586
PF3D7_1344500	0.005595523581135092	0.42866851118823524	0.2547224431568014
PF3D7_1344600	0.012789768185451638	0.06111750000392157	0.04125077060710297
PF3D7_1344700	0.11820077939408474	0.11767261439477124	0.3188952094824659
PF3D7_1344800	0.009592326139088728	0.00392156862745098	0.02023340685749386
PF3D7_1344900	0.061023061553956835	0.04259472222352941	0.0808117014802323
PF3D7_1345000	0.0	0.00392156862745098	0.01820633795085995
PF3D7_1345100	0.006394884092725819	0.00392156862745098	0.009642601072593255
PF3D7_1345200	0.04663457234532374	0.10960735295424837	0.3311149591469734
PF3D7_1345300	0.0	0.026143790849673203	0.007371007371007371
PF3D7_1345400	0.04390472622302158	0.4124874208732026	0.5841119972964038
PF3D7_1345500	0.004796163069544364	0.018522777780392154	0.045718047801652895
PF3D7_1345600	0.0	0.05381689542745098	0.0011168192986374804
PF3D7_1345700	0.004796163069544364	0.007300604576470588	0.022690409314496316
PF3D7_1345800	0.05396464828617106	0.07594083334248365	0.15431587839513067
PF3D7_1345900	0.0015987210231814548	0.009150326797385621	0.012322967389323208
PF3D7_1346000	0.0	0.013836552288888889	0.0016942065001116819
PF3D7_1346100	0.018988719027178257	0.09991449347843137	0.07872151342729507
PF3D7_1346200	0.0015987210231814548	0.0	0.004243913334822426
PF3D7_1346300	0.2991802007410072	0.04881026144313726	0.38982742945700244
PF3D7_1346400	0.3432977891630695	1.6950523754509805	1.1039759691782445
PF3D7_1346500	0.037841606717825736	0.01045751633986928	0.06511711525977217
PF3D7_1346600	0.0015987210231814548	0.10492112746274511	0.09503544506030824
PF3D7_1346700	0.0	0.0	0.0006700915791824883
PF3D7_1346800	0.0	0.00130718954248366	0.0008007510612016975
PF3D7_1346900	0.0	0.02483660130718954	0.009604645968282331
PF3D7_1347000	0.0	0.00130718954248366	0.007278302993299084
PF3D7_1347100	0.02011984412629896	0.12082952615816994	0.19791597120929194
PF3D7_1347200	0.08753778977298161	0.013071895424836602	0.17674132929819075
PF3D7_1347300	0.0015987210231814548	0.0	0.005584096493187403
PF3D7_1347400	0.04217017386330935	0.01699346405228758	0.09687273844538755
PF3D7_1347500	0.22777587427897683	0.0728822058862745	0.39720906051373683
PF3D7_1347600	0.0007993605115907274	0.04543122549411765	0.04439902557851239
PF3D7_1347700	0.0555490432430056	0.22368093545359474	0.08052958524033951
PF3D7_1347800	0.0	0.006535947712418301	0.00915791824882734
PF3D7_1347900	0.006394884092725819	0.011764705882352941	0.05893883739602412
PF3D7_1348000	0.002398081534772182	0.19339345179084969	0.02036442999888318
PF3D7_1348100	0.0	0.04935279412156863	0.012044854256198346
PF3D7_1348200	0.11120246804076737	0.1201631536013072	0.2641137689602412
PF3D7_1348300	0.037705775381294965	0.013071895424836602	0.05830670092115255
PF3D7_1348400	0.05755525827577938	0.11210002039999999	0.4647444005711414
PF3D7_1348500	0.008792965627498001	0.02483660130718954	0.11631412777395576
PF3D7_1348600	0.0	0.21551738970588236	0.0029416852807683715
PF3D7_1348700	0.0	0.006535947712418301	0.003127094036184945
PF3D7_1348800	0.0007993605115907274	0.009150326797385621	0.006140686418807237
PF3D7_1348900	0.009592326139088728	0.00392156862745098	0.022281636699352247
PF3D7_1349000	0.0	0.011222173203921569	0.004690641054277418
PF3D7_1349100	0.0007993605115907274	0.039437810460130715	0.023398455997989728
PF3D7_1349200	0.1484406474980016	0.059267777783006535	0.31052779970158584
PF3D7_1349300	0.016786570743405275	0.35838140092941173	0.14188564883850793
PF3D7_1349400	0.016123041568345323	0.013071895424836602	0.02637809638306902
PF3D7_1349500	0.27644818029656276	1.495987651428758	1.0860552115885638
PF3D7_1349600	0.003996802557953637	0.08617622549673204	0.059625723144293055
PF3D7_1349700	0.0	0.004686225491503267	0.0015635470180924726
PF3D7_1349800	0.012789768185451638	0.00392156862745098	0.009511941590574046
PF3D7_1349900	0.0007993605115907274	0.00130718954248366	0.004914004914004914
PF3D7_1350000	0.0015987210231814548	0.00392156862745098	0.025092662498101406
PF3D7_1350100	0.10559131695203836	0.01699346405228758	0.25458323414473977
PF3D7_1350200	0.007993605115907274	0.00261437908496732	0.01429528702255975
PF3D7_1350300	0.04156674660271783	0.0196078431372549	0.11910435629685055
PF3D7_1350400	0.006394884092725819	0.032679738562091505	0.03196219287625642
PF3D7_1350500	0.04856505795603517	0.32643193220261435	0.1332098870388653
PF3D7_1350600	0.0	0.00261437908496732	0.0
PF3D7_1350700	0.007661840528377298	0.01699346405228758	0.051900692431538976
PF3D7_1350800	0.0007993605115907274	0.00522875816993464	0.010852124748939021
PF3D7_1350900	0.0007993605115907274	0.00261437908496732	0.005398687737770829
PF3D7_1351000	0.1082610611598721	0.37751699338431377	0.17049551109872685
PF3D7_1351100	0.022849690248601118	0.00392156862745098	0.04951523341702033
PF3D7_1351200	0.029516237014388488	0.051868888899346405	0.22868652555639937
PF3D7_1351300	0.0007993605115907274	0.00261437908496732	0.0
PF3D7_1351400	0.1516237634780176	0.043137254901960784	0.3415574366334599
PF3D7_1351600	0.0031974420463629096	0.08062705883398692	0.013979218785123967
PF3D7_1351700	0.004464398482014388	0.5578144000941176	0.0033884130002233637
PF3D7_1351800.1	0.026846492806554757	0.00130718954248366	0.0171990171990172
PF3D7_1351800.2	0.014388489208633094	0.00130718954248366	0.007594371230734867
PF3D7_1351900	0.051159072741806554	0.0712546078509804	0.16682498185861067
PF3D7_1352000	0.09155021983852918	0.2164360169986928	0.5452888240366317
PF3D7_1352100	0.030043934852917665	0.19393598446928104	0.032147601631672997
PF3D7_1352200	0.032773780975219824	0.02483660130718954	0.018391746706276524
PF3D7_1352300	0.0164548061558753	0.06711091503790849	0.1098960555407639
PF3D7_1352400	0.10219794165467626	0.1958861192366013	0.41071550161090015
PF3D7_1352500	0.056498561157474016	0.6249214964013071	0.663533207297744
PF3D7_1352600	0.0	0.0	0.00022336385972749609
PF3D7_1352700	0.07940835332054356	0.08442691582222221	0.23819382962675897
PF3D7_1352800	0.02971217026538769	0.04639457921176471	0.0988705857799866
PF3D7_1352900	0.06809710232933652	0.00522875816993464	0.015711380389546573
PF3D7_1353100	0.08806548761151078	0.00784313725490196	0.03136801150569578
PF3D7_1353200	0.014056724621103116	0.0	0.0037971856153674335
PF3D7_1353300	0.07221541015747403	0.4334530209869281	0.47986758520303774
PF3D7_1353400	0.019184652278177457	0.027450980392156862	0.06690402613759214
PF3D7_1353500	0.00686248001678657	0.00522875816993464	0.02955993969265133
PF3D7_1353600	0.004464398482014388	0.11177748366797385	0.038144837506142504
PF3D7_1353800	0.006394884092725819	0.009150326797385621	0.037676948851463034
PF3D7_1353900	0.009592326139088728	0.00784313725490196	0.03758024136698682
PF3D7_1354000	0.0007993605115907274	0.00392156862745098	0.0017869108778199687
PF3D7_1354100	0.0007993605115907274	0.0	0.00044672771945499217
PF3D7_1354200	0.011990407673860911	0.09870558824313726	0.028127052156578066
PF3D7_1354300	0.13111075140847323	0.023751535950326797	0.1541739369115479
PF3D7_1354400	0.0015987210231814548	0.023529411764705882	0.015319401943488945
PF3D7_1354500	0.049364418467625897	0.011764705882352941	0.1028531801507706
PF3D7_1354600	0.04969618305515588	0.00522875816993464	0.05057730344226044
PF3D7_1354700	0.0028656774588329335	0.0020718464065359477	0.012529537079964261
PF3D7_1354800	0.0031974420463629096	0.01437908496732026	0.011652875810140718
PF3D7_1354900	0.02478017585931255	0.11069241831111111	0.11793278772481573
PF3D7_1355100	0.006394884092725819	0.06765344771633987	0.07228591970627653
PF3D7_1355200	0.011191047162270184	0.00392156862745098	0.015450061425508152
PF3D7_1355300	0.008792965627498001	0.00392156862745098	0.010051373687737324
PF3D7_1355500	0.009592326139088728	0.00261437908496732	0.02567004969957561
PF3D7_1355600	0.0007993605115907274	0.0	0.007855690194773286
PF3D7_1355700	0.02091920463788969	0.11481268379215687	0.0725643964987715
PF3D7_1355800	0.0031974420463629096	0.00784313725490196	0.006477551932097387
PF3D7_1355900	0.020783373301358914	0.009150326797385621	0.05928849397163279
PF3D7_1356000	0.006063119505195843	0.060773664179084974	0.030904489617154342
PF3D7_1356100	0.016123041568345323	0.8760324083124182	0.3477838188251061
PF3D7_1356200	0.0	0.0	0.005714755975206612
PF3D7_1356300	0.0	0.02875816993464052	0.005584096493187403
PF3D7_1356400	0.0031974420463629096	0.019287434644444445	0.04517861570448962
PF3D7_1356600	0.005595523581135092	0.06634625817385621	0.012862399486486487
PF3D7_1356700	0.0015987210231814548	0.008607794118954248	0.0008934554389099843
PF3D7_1356800	0.008718537646682654	1.425223815001307	0.1109822915351798
PF3D7_1356900	0.005595523581135092	0.00261437908496732	0.034511899710967166
PF3D7_1357000	0.06821730615827339	0.027450980392156862	0.18696024583515747
PF3D7_1357100	0.011990407673860911	0.00522875816993464	0.023305751620281437
PF3D7_1357200	0.004796163069544364	0.01568627450980392	0.09382155461782443
PF3D7_1357300	0.0	0.0	0.0008934554389099843
PF3D7_1357400	0.01865695443964828	0.17040444446535946	0.12225661437502792
PF3D7_1357500	0.01932048361470823	0.130300261448366	0.14718502905293723
PF3D7_1357600	0.0	0.0	0.004467277194549922
PF3D7_1357700	0.06848896883133493	0.00261437908496732	0.0752276049870449
PF3D7_1357800	0.1736884192813749	0.011764705882352941	0.21849388613424167
PF3D7_1357900	0.03131089128856914	0.006535947712418301	0.05374235258275631
PF3D7_1358000	0.013061430858513188	0.19068078839869282	0.22665583644337725
PF3D7_1358100	0.20539247851318942	0.07702589869934641	0.2878071322604423
PF3D7_1358200	0.056091067147881694	0.05588874183398693	0.18343054500580747
PF3D7_1358300	0.003996802557953637	0.022222222222222223	0.02982125865668975
PF3D7_1358400	0.0	0.07004570261568627	0.01906183828545901
PF3D7_1358500	0.010391686650679457	0.00130718954248366	0.01947061090060308
PF3D7_1358600	0.0028656774588329335	0.2021999427633987	0.0064228026587000225
PF3D7_1358700	0.017721762591526777	0.1189798039372549	0.0592549056334599
PF3D7_1358800	1.245516961846523	0.22637655623137254	1.65134788558432
PF3D7_1358900	0.04503585132214229	0.007300604576470588	0.09782967668997096
PF3D7_1359000	0.07248577138928856	0.018300653594771243	0.12588154595666742
PF3D7_1359100	0.011191047162270184	0.039437810460130715	0.019917338620058074
PF3D7_1359200	0.017721762591526777	0.03344439542614379	0.15511699311570248
PF3D7_1359300	0.18673168860831335	0.04903238562875817	0.3421987439642618
PF3D7_1359400	0.0514307354148681	0.05719593137647059	0.126681933358499
PF3D7_1359500	0.004796163069544364	0.00522875816993464	0.012322967389323208
PF3D7_1359600	0.10539284967705835	0.4030802283490196	0.735103151148537
PF3D7_1359700	0.003996802557953637	0.7364477134431372	0.12268443677976325
PF3D7_1359800	0.0007993605115907274	0.05327436274901961	0.0028110257987491623
PF3D7_1359900	0.12311714629256594	0.6324555820392157	0.3517436633826223
PF3D7_1360000	0.0015987210231814548	0.00522875816993464	0.008395122291936565
PF3D7_1360100	0.0015987210231814548	0.00261437908496732	0.004690641054277418
PF3D7_1360200	0.014388489208633094	0.00522875816993464	0.02568684386866205
PF3D7_1360300	0.006394884092725819	0.009150326797385621	0.036206106211078844
PF3D7_1360400	0.10260543566426858	0.009150326797385621	0.16687973113200805
PF3D7_1360500	0.01005992206314948	0.00261437908496732	0.07803935810453429
PF3D7_1360700	0.024448411271782575	0.04619588235816993	0.10325831331851686
PF3D7_1360800	0.10898599369064749	0.22491326802091502	0.41196634293075723
PF3D7_1360900.1	0.003996802557953637	0.01568627450980392	0.04932982466160375
PF3D7_1361000	0.03324137689928058	0.013836552288888889	0.03227425800692428
PF3D7_1361100	0.07188234412869704	0.3759195258993464	0.2350805247257092
PF3D7_1361200	0.07088705036610711	0.261367308	0.24743060254121063
PF3D7_1361300	0.0015987210231814548	0.00522875816993464	0.019601270382622292
PF3D7_1361400	0.0015987210231814548	0.08541156863267974	0.0008934554389099843
PF3D7_1361500.1	0.0	0.1017642156993464	0.0035738217556399374
PF3D7_1361600	0.0	0.006535947712418301	0.0033504578959124413
PF3D7_1361700	0.0	0.026143790849673203	0.014872674224033954
PF3D7_1361800	0.006063119505195843	1.4675171032026144	0.18166991305115032
PF3D7_1361900	0.014781657151878498	0.0874834150392157	0.19902442063502346
PF3D7_1362000	0.0	0.0	0.002233638597274961
PF3D7_1362100	0.0	0.02483660130718954	0.00513736877373241
PF3D7_1362200	0.025247771783373302	0.00522875816993464	0.04018870058186286
PF3D7_1362300	0.005595523581135092	0.00522875816993464	0.013793810029707393
PF3D7_1362400	0.04476418864908074	0.3395808128418301	0.12090000070694662
PF3D7_1362500	0.0031974420463629096	0.018300653594771243	0.02094145354098727
PF3D7_1362600	0.002398081534772182	0.009914983661437908	0.03315492238351574
PF3D7_1362700	0.006394884092725819	0.12911691178431373	0.1305433290982801
PF3D7_1362800	0.009728157475619503	0.24264583336601306	0.09841179431695332
PF3D7_1362900	0.003665037970423661	0.06602584968104575	0.061977593820638825
PF3D7_1363000	0.034040737410871304	0.006535947712418301	0.048807550392897026
PF3D7_1363100	0.02604713229496403	0.10447687909150327	0.1421403646569131
PF3D7_1363200	0.03324137689928058	0.00392156862745098	0.10691168473017647
PF3D7_1363300	0.013589128697042365	0.00392156862745098	0.04396909202814385
PF3D7_1363400	0.01965224820223821	0.046738415036601304	0.06342327241903059
PF3D7_1363500	0.012925599521982413	0.139993120924183	0.10290428997677015
PF3D7_1363600	0.004796163069544364	0.008607794118954248	0.03834704043064552
PF3D7_1363700	0.019788079538768984	0.03290186274771242	0.1388997689671655
PF3D7_1363800	0.0007993605115907274	0.00130718954248366	0.015133993188072372
PF3D7_1364000	0.008792965627498001	0.19359002040522874	0.06999789549497432
PF3D7_1364100	0.009260561551558752	0.4929857103333333	0.3855155276178244
PF3D7_1364200	0.04756976419344524	0.07692761439215685	0.1429246852083985
PF3D7_1364300	0.13191141336131096	0.18806428107450981	0.23255782232454766
PF3D7_1364400	0.07281753597681855	0.22984962000915032	0.2393704730426625
PF3D7_1364500	0.008792965627498001	0.00522875816993464	0.022951728278534735
PF3D7_1364600	0.012925599521982413	0.1419688112627451	0.24418926644538752
PF3D7_1364800	0.0031974420463629096	0.00261437908496732	0.008841850011391556
PF3D7_1364900	0.0015987210231814548	0.00130718954248366	0.010051373687737324
PF3D7_1365000	0.02571536770743405	0.025058725492810456	0.0658536754375698
PF3D7_1365100	0.0015987210231814548	0.0	0.008079054054500781
PF3D7_1365200	0.006394884092725819	0.0	0.014872674224033954
PF3D7_1365300	0.009592326139088728	0.017215588237908495	0.024776594260665627
PF3D7_1365400	0.008792965627498001	0.00261437908496732	0.012731740004467277
PF3D7_1365500	0.06722201239568346	0.02821563725620915	0.2660674953685504
PF3D7_1365600	0.1349717226298961	0.7927978882379084	0.3660851909026133
PF3D7_1365700	0.005595523581135092	0.10654872549803922	0.031051943268259996
PF3D7_1365800	0.03211025180015987	0.14685160536862746	0.09094371580209962
PF3D7_1365900	0.39662495752517984	0.177040804724183	0.6960232155932543
PF3D7_1366000	0.0007993605115907274	0.01045751633986928	0.0013401831583649765
PF3D7_1366100	0.0	0.00522875816993464	0.00022336385972749609
PF3D7_1366200	0.004796163069544364	0.025601258171241828	0.058020217915121734
PF3D7_1366300	0.19848552408952838	0.28830131128496733	0.44888201104020553
PF3D7_1366400	0.05236592726298961	0.12408472222875817	0.261300580446281
PF3D7_1366500	0.0007993605115907274	0.00130718954248366	0.01541210632119723
PF3D7_1366600	0.07981584733013589	0.13150916668366014	0.20314096951686397
PF3D7_1366700	0.01932048361470823	0.027673104577777777	0.026432845656466385
PF3D7_1366800	0.006394884092725819	0.051967173206535947	0.026563505138485596
PF3D7_1366900	0.10871563245883294	0.3519395936496732	0.47549995336184947
PF3D7_1367000	0.002398081534772182	0.009150326797385621	0.030845373577618938
PF3D7_1367100	0.008461201039968025	0.01437908496732026	0.04018870058186286
PF3D7_1367200	0.0	0.0	0.00022336385972749609
PF3D7_1367300	0.0	0.0	0.0017869108778199687
PF3D7_1367400	0.013589128697042365	0.00784313725490196	0.017814359504802323
PF3D7_1367500	0.012925599521982413	0.07986240196993463	0.16941264379763235
PF3D7_1367600	0.009592326139088728	0.00130718954248366	0.008487826669644852
PF3D7_1367700	0.09613482214948042	0.03519583333986928	0.2569065913267813
PF3D7_1367800	0.0	0.0	0.0011168192986374804
PF3D7_1367900	0.0	0.00130718954248366	0.0015635470180924726
PF3D7_1368000	0.0	0.00261437908496732	0.0017869108778199687
PF3D7_1368100	0.043572961635491604	0.20658705885490194	0.16207194897677016
PF3D7_1368200	0.005595523581135092	0.00784313725490196	0.01732967668103641
PF3D7_1368300	0.0031974420463629096	0.006535947712418301	0.011876239669868215
PF3D7_1368400	0.01372496003357314	0.07865349673464052	0.05163937346750056
PF3D7_1368500	0.002398081534772182	0.03867315359607843	0.017776404400491403
PF3D7_1368600	0.010391686650679457	0.00522875816993464	0.017422381058744694
PF3D7_1368700	0.020513012069544364	0.12018870917254902	0.35646976083314724
PF3D7_1368800	0.017585931254996003	0.13368142563660132	0.3571165005137369
PF3D7_1368900	0.0015987210231814548	0.00261437908496732	0.0037971856153674335
PF3D7_1369000	0.014056724621103116	0.018522777780392154	0.048474324327004686
PF3D7_1369100	0.010527517987210232	0.009150326797385621	0.056553378381505474
PF3D7_1369200	0.14138223423021584	0.08923485295294119	0.32121975340160824
PF3D7_1369300	0.0007993605115907274	0.00392156862745098	0.004690641054277418
PF3D7_1369400	0.01932048361470823	0.044124035951633986	0.1340200797100737
PF3D7_1369500	0.030979126701039167	0.01699346405228758	0.07139246426736653
PF3D7_1369600	0.09011494446842526	0.1283974124496732	0.5354202459781103
PF3D7_1369700	0.011191047162270184	0.007300604576470588	0.028497869667411215
PF3D7_1370300	0.3485758742238209	0.0196078431372549	0.06849346451641725
PF3D7_1371500	0.0015987210231814548	0.00392156862745098	0.01803772336452982
PF3D7_1371700	0.01325736410951239	0.17181417479346403	0.04480779819365647
PF3D7_1371800	0.08294016283693045	0.00261437908496732	0.17292037985503686
PF3D7_1371900	0.0007993605115907274	0.0	0.002680366316729953
PF3D7_1372000	0.019184652278177457	0.00130718954248366	0.0048213005362966275
PF3D7_1372100	0.0	0.0	0.0
PF3D7_1372200	0.01692240207993605	0.00392156862745098	0.00236429807929417
PF3D7_1372300	0.002398081534772182	0.0	0.0008934554389099843
PF3D7_1372400	0.0007993605115907274	0.0	0.0015635470180924726
PF3D7_1373400	0.0	0.00392156862745098	0.0
PF3D7_1373500	0.00392237457713829	0.12505020418562093	0.02054983875407639
PF3D7_1200100	0.008386773058353317	0.017758120916339867	0.00928857773084655
PF3D7_1200200	0.0007993605115907274	0.004342389666666667	0.00236429807929417
PF3D7_1200300	0.0007993605115907274	0.0	0.0006700915791824883
PF3D7_1200400	0.021779968505195844	0.02429406862875817	0.01144140543399598
PF3D7_1200500	0.0025339128713029574	0.02875816993464052	0.008972509493410765
PF3D7_1200600	0.3557313308896882	0.07438549992549019	0.17970955898548135
PF3D7_1200610	0.0031974420463629096	0.0	0.00022336385972749609
PF3D7_1200700	0.16509268834612312	0.018522777780392154	0.030904489617154342
PF3D7_1200800	0.11358492206794564	0.011764705882352941	0.07872551653406298
PF3D7_1200900	0.026378896882494004	0.025601258171241828	0.03754628936944382
PF3D7_1201000	0.39227960070023976	0.013714840649673203	0.5879065683533616
PF3D7_1201100	0.02232199241007194	0.004686225491503267	0.00763232633504579
PF3D7_1201200	0.014388489208633094	0.017758120916339867	0.003127094036184945
PF3D7_1201300	0.0	0.0	0.0
PF3D7_1201400	0.002398081534772182	0.00130718954248366	0.01040539702948403
PF3D7_1201500	0.04410065947402078	0.00261437908496732	0.05215764462943936
PF3D7_1201600	0.007194244604316547	0.022444346407843138	0.032223511840294844
PF3D7_1201700	0.0015987210231814548	0.02037250000130719	0.02609998324994416
PF3D7_1201800	0.012593834934452437	0.0508821078496732	0.1415593380080411
PF3D7_1201900	0.008792965627498001	0.03736596405359477	0.08269131673576055
PF3D7_1202000	0.062290017989608315	0.017758120916339867	0.07885617601608219
PF3D7_1202100.2	0.0	0.00261437908496732	0.0013401831583649765
PF3D7_1202100.1	0.0015987210231814548	0.00392156862745098	0.005360732633459906
PF3D7_1202200	0.002398081534772182	0.04205218954509804	0.027309506926289927
PF3D7_1202300	0.010195753399680254	0.12430897465359476	0.08177671960263569
PF3D7_1202400	0.0	0.00392156862745098	0.004467277194549922
PF3D7_1202500	0.02971217026538769	0.04641800654379085	0.05180798805383069
PF3D7_1202600	0.2766151977897682	1.6129203097281046	0.8925885304366763
PF3D7_1202700	0.019184652278177457	0.02483660130718954	0.020587430199240562
PF3D7_1202800	0.010391686650679457	0.00130718954248366	0.0171990171990172
PF3D7_1202900	0.05302945643804956	0.39944010620653597	0.23252566938284563
PF3D7_1203000	0.048504956041566745	0.23727619270326797	0.5571758168534733
PF3D7_1203100	0.10173034573061551	0.02429406862875817	0.14571418641255304
PF3D7_1203200	0.06149065747801759	0.03290186274771242	0.09296205117645745
PF3D7_1203300	0.003996802557953637	0.07702589869934641	0.060410043695778425
PF3D7_1203400	0.008792965627498001	0.25451095179477123	0.1609967242298414
PF3D7_1203500	0.044432424061550756	0.006535947712418301	0.03549805952758544
PF3D7_1203600	0.0031974420463629096	0.00784313725490196	0.030398645858163948
PF3D7_1203700	0.09040346723181455	0.1320516993620915	0.24434242935380832
PF3D7_1203900	0.003996802557953637	0.01045751633986928	0.004467277194549922
PF3D7_1204000	0.0	0.00130718954248366	0.0008007510612016975
PF3D7_1204100	0.022186161073541166	0.043803627458823526	0.12047043081594819
PF3D7_1204200	0.016786570743405275	0.00784313725490196	0.08099747389501898
PF3D7_1204300	0.03803753996882494	0.17060101307973857	0.12967873157203486
PF3D7_1204500	0.012789768185451638	0.00392156862745098	0.021480885638150548
PF3D7_1204600	0.018852887690647482	0.005993415033986928	0.032556374246817066
PF3D7_1204700	0.0	0.0	0.007147643511279875
PF3D7_1204900	0.0	0.02483660130718954	0.0013401831583649765
PF3D7_1205000	0.01598721023181455	0.22888626629150327	0.12567978035581862
PF3D7_1205100	0.029380405677857713	0.0196078431372549	0.08166720181483136
PF3D7_1205200	0.0	0.062424689546405225	0.007054939133571588
PF3D7_1205300	0.0	0.00392156862745098	0.008487826669644852
PF3D7_1205400	0.028113449242206233	0.21060904002875816	0.11354542384565557
PF3D7_1205500	0.06046287611590727	0.22888626629150327	0.1572374937187849
PF3D7_1205600	0.09811498793205436	0.02658803922091503	0.7073910437645745
PF3D7_1205700	0.0031974420463629096	0.02037250000130719	0.02857377987603306
PF3D7_1205800	0.19361663090647482	0.8956025827529412	0.7514326311871788
PF3D7_1205900	0.19973685301758592	0.49479264517516336	0.4598416404621399
PF3D7_1206000	0.0	0.0564312745124183	0.0
PF3D7_1206100	0.0	0.026143790849673203	0.002457002457002457
PF3D7_1206200	0.35149651669064746	0.10307140524183006	0.6978053107446951
PF3D7_1206300	0.028249280578737008	1.2267096070235293	0.14529007426580298
PF3D7_1206400	0.0	0.02875816993464052	0.0033504578959124413
PF3D7_1206500	0.0031974420463629096	0.018300653594771243	0.02874239446236319
PF3D7_1206600	0.044568255398081534	0.00784313725490196	0.06846757315568461
PF3D7_1206700	0.06182242206554756	0.11579946484183005	0.2075498579906187
PF3D7_1206800	0.01565544564428457	0.018300653594771243	0.05460221968349341
PF3D7_1206900	0.0031974420463629096	0.00784313725490196	0.011336807572704936
PF3D7_1207000	0.028385111915267783	0.6894579352496732	0.48429905735470175
PF3D7_1207100	0.327456832011191	0.2916803472339869	0.4775607946091132
PF3D7_1207200	0.011462709835331734	0.07875390928104575	0.12768890969198124
PF3D7_1207300	0.0	0.0	0.0011168192986374804
PF3D7_1207400	0.0	0.00392156862745098	0.001601502122403395
PF3D7_1207500	0.004796163069544364	0.018300653594771243	0.06135788474871566
PF3D7_1207600	0.0428337030383693	0.008607794118954248	0.10077136197073934
PF3D7_1207700	0.003996802557953637	0.00130718954248366	0.01111344371297744
PF3D7_1207800	0.0031974420463629096	0.0	0.015357357047799867
PF3D7_1207900	0.012126239010391686	0.00784313725490196	0.03173882901652892
PF3D7_1208000	0.0	0.0	0.002233638597274961
PF3D7_1208100	0.16961718874260592	0.08432650327581699	0.2598015879709627
PF3D7_1208200	0.002066316947242206	0.009150326797385621	0.029505190419253962
PF3D7_1208300	0.014388489208633094	0.00130718954248366	0.03696890216796962
PF3D7_1208400	0.01932048361470823	0.11005160132549019	0.12439863957270494
PF3D7_1208500	0.007194244604316547	0.00784313725490196	0.02250500055907974
PF3D7_1208600	0.007993605115907274	0.00261437908496732	0.01429528702255975
PF3D7_1208700	0.04930431655315747	0.031052140526797386	0.3439160577840072
PF3D7_1208800	0.03337720823581135	0.13967271243137255	0.128987842716998
PF3D7_1208900	0.04743393285691447	0.507028234379085	0.4394456225865535
PF3D7_1209000	0.04250193845083933	0.040202467324183006	0.15298006200290373
PF3D7_1209100	0.010391686650679457	0.05480367647712418	0.05410074269064106
PF3D7_1209200	0.003996802557953637	0.00130718954248366	0.009828009828009828
PF3D7_1209300	0.07228983813828938	0.8505358471398692	0.3732067844451642
PF3D7_1209400	0.0007993605115907274	0.09315854981960783	0.019639225486933216
PF3D7_1209500.1	0.0	0.00784313725490196	0.0013401831583649765
PF3D7_1209600	0.0	0.013836552288888889	0.0008934554389099843
PF3D7_1209700	0.014856085132693845	0.023529411764705882	0.05951185783136029
PF3D7_1209800	0.0007993605115907274	0.00130718954248366	0.0040205494750949295
PF3D7_1209900	0.013589128697042365	0.055124084969934636	0.133417164807237
PF3D7_1210000	0.005595523581135092	0.04967320261437908	0.08259897601742237
PF3D7_1210100	0.002398081534772182	0.07332645425751634	0.03691415289457226
PF3D7_1210200	0.0	0.00130718954248366	0.0005773872014742014
PF3D7_1210300	0.007194244604316547	0.00261437908496732	0.01621285738239893
PF3D7_1210400	0.03337720823581135	0.00522875816993464	0.0544124441619388
PF3D7_1210500	0.011191047162270184	0.00130718954248366	0.014556605986598168
PF3D7_1210600	0.05762968625659473	0.0756204248496732	0.1727386649702926
PF3D7_1210700	0.0	0.011222173203921569	0.012546331249050703
PF3D7_1210900	0.007194244604316547	0.0368234313751634	0.08556145857404512
PF3D7_1211000	0.006530715429256594	0.05500237333071896	0.05216237505494751
PF3D7_1211100	0.0	0.0	0.0006700915791824883
PF3D7_1211200	0.15264901081454835	0.154918995048366	0.4124274811119053
PF3D7_1211300	0.011658643086330935	0.14186839871633986	0.20814620207639045
PF3D7_1211400	0.01838529176658673	0.021137156865359476	0.07151875698324771
PF3D7_1211500	0.009260561551558752	0.00392156862745098	0.022450251285682375
PF3D7_1211600	0.11602624542685852	0.13647320248235295	0.4676338924864865
PF3D7_1211700	0.0015987210231814548	0.06264681373202614	0.03983904400625419
PF3D7_1211800	0.09806530776019184	0.43712233487843133	0.31679749387536293
PF3D7_1211900	0.05575930256035173	0.19729159308627453	0.09986111236274291
PF3D7_1212000	0.010859282574740208	0.036280898696732025	0.13113314370270268
PF3D7_1212100	0.008792965627498001	0.0677538602627451	0.11002271191601519
PF3D7_1212200	0.004796163069544364	0.00392156862745098	0.03237096549140049
PF3D7_1212300	0.03971199041406874	0.02135928105098039	0.33212045874826895
PF3D7_1212400	0.005595523581135092	0.01437908496732026	0.03482796794840295
PF3D7_1212500	0.011990407673860911	0.025601258171241828	0.05378030768706723
PF3D7_1212600.1	0.008461201039968025	0.009914983661437908	0.04251941032298414
PF3D7_1212600.2	0.0	0.0	0.0017869108778199687
PF3D7_1212700	0.6124059521902477	0.4344034759633987	1.0606643425418807
PF3D7_1212800	0.005263758993605116	0.130300261448366	0.07084866540406522
PF3D7_1212900	0.14988667709432454	0.24053138877385621	0.5250690308849676
PF3D7_1213200	0.002398081534772182	0.0	0.007817735090462363
PF3D7_1213300	0.0007993605115907274	0.0	0.00044672771945499217
PF3D7_1213400	0.0	0.0	0.00022336385972749609
PF3D7_1213500	0.0	0.00130718954248366	0.00022336385972749609
PF3D7_1213600	0.0	0.0	0.011745580187849006
PF3D7_1213700	0.04363306354996003	0.013071895424836602	0.09659899207840071
PF3D7_1213800	0.035443525183053555	0.013071895424836602	0.09514530726647308
PF3D7_1213900	0.17201527027737812	0.05556833334117647	0.2342531005617601
PF3D7_1214000	0.0	0.006535947712418301	0.012415671767031494
PF3D7_1214100	0.008461201039968025	0.20135830068496732	0.24103909741813714
PF3D7_1214200	0.0	0.0	0.004597936676569131
PF3D7_1214300	0.010391686650679457	0.005993415033986928	0.04082120071610453
PF3D7_1214400	0.0	0.0	0.002233638597274961
PF3D7_1214500	0.0007993605115907274	0.0	0.003127094036184945
PF3D7_1214600	0.005595523581135092	0.00130718954248366	0.008934554389099843
PF3D7_1214700	0.0	0.00130718954248366	0.0008934554389099843
PF3D7_1214800	0.0	0.0	0.0011168192986374804
PF3D7_1214900	0.0	0.00130718954248366	0.0032577535182041545
PF3D7_1215000	0.0015987210231814548	0.03475158496862745	0.010628760889211525
PF3D7_1215100	0.09200218825499601	0.01514374183137255	0.13009987716685278
PF3D7_1215200	0.0031974420463629096	0.021137156865359476	0.07459546851217333
PF3D7_1215300	0.007194244604316547	0.0	0.021034157918695555
PF3D7_1215400	0.006394884092725819	0.18705407269281044	0.09092655797364306
PF3D7_1215500	0.0	0.0	0.0011168192986374804
PF3D7_1215600	0.0	0.044444444444444446	0.024831343534062987
PF3D7_1215700	0.0	0.0	0.00044672771945499217
PF3D7_1215800	0.0	0.00261437908496732	0.0020102747375474648
PF3D7_1215900	0.01005992206314948	0.018300653594771243	0.03495862743042216
PF3D7_1216000	0.07681433853477218	0.1867273920862745	0.35733210273888766
PF3D7_1216100	0.0015987210231814548	0.0	0.007054939133571588
PF3D7_1216200	0.054160581537170266	0.036058774511111114	0.06995520996515524
PF3D7_1216300	0.01598721023181455	0.02091503267973856	0.020047998102077285
PF3D7_1216400	0.11258962830535572	0.3047096444732026	0.3401285718793835
PF3D7_1216500	0.0031974420463629096	0.026143790849673203	0.023921093926066565
PF3D7_1216600	0.0	0.009150326797385621	0.0006700915791824883
PF3D7_1216700	0.003996802557953637	0.00130718954248366	0.01747749399151217
PF3D7_1216900	0.35065268177138287	0.23569375219738561	0.7878649451467501
PF3D7_1217000	0.010859282574740208	0.013071895424836602	0.0757334487460353
PF3D7_1217100.2	0.0	0.00130718954248366	0.00044672771945499217
PF3D7_1217200	0.12331307954356516	0.05828099673333333	0.22711533598414116
PF3D7_1217300	0.027585751403677056	0.0928360130875817	0.26299403753294615
PF3D7_1217400	0.004464398482014388	0.2268144198849673	0.01401717388943489
PF3D7_1217500	0.07328513190087929	0.2700989419973856	0.14115971700781774
PF3D7_1217600	0.0007993605115907274	0.0	0.00044672771945499217
PF3D7_1217700	0.01372496003357314	0.07779055556339869	0.05013057572280545
PF3D7_1217800	0.0	0.0	0.00022336385972749609
PF3D7_1217900	0.024916007195843325	0.27417235281437907	0.14151774345633236
PF3D7_1218000	0.002398081534772182	0.1174078920235294	0.021687455328791603
PF3D7_1218100	0.0007993605115907274	0.013836552288888889	0.002680366316729953
PF3D7_1218200	0.18895199842366106	0.6695467262352942	0.41346917809716327
PF3D7_1218300	0.007993605115907274	0.16680328433071895	0.018931178803439804
PF3D7_1218400	0.02604713229496403	0.11537864380261438	0.08745823165802993
PF3D7_1218500	0.02717825739408473	0.044124035951633986	0.044563273398704493
PF3D7_1218600	0.02844521382973621	0.027450980392156862	0.07673203596560196
PF3D7_1218700	0.0015987210231814548	0.00784313725490196	0.012584286353361627
PF3D7_1218800	0.0	0.009150326797385621	0.0035738217556399374
PF3D7_1218900	0.048233293368505195	0.06831982027320262	0.10885077968461022
PF3D7_1219000	0.07728323590007993	1.0366483981516341	0.32774586669041766
PF3D7_1219100	0.09518660567625899	0.31665837474248365	0.42415768282153227
PF3D7_1219300	0.0051097661254996	0.0	0.0010241149209291936
PF3D7_1219600	0.16147342622382094	0.44315215257647056	0.3874705336986821
PF3D7_1219700	0.0007993605115907274	0.00130718954248366	0.0
PF3D7_1219900	0.007993605115907274	0.009150326797385621	0.03501337670381952
PF3D7_1220000	0.0	0.0	0.0
PF3D7_1220100	0.011990407673860911	0.013836552288888889	0.059031541773732404
PF3D7_1220300	0.014660151881694644	0.5252479728196078	0.47197406533325886
PF3D7_1220400	0.019984012789768184	0.05403901961307189	0.03790031271119053
PF3D7_1220500	0.008461201039968025	0.0	0.011560171432432433
PF3D7_1220600	0.004796163069544364	0.008607794118954248	0.04020986151708734
PF3D7_1220700	0.0	0.0	0.0028110257987491623
PF3D7_1220900	0.01372496003357314	0.18293380721176472	0.20745571821621622
PF3D7_1221000	0.017254166667466028	0.535850197027451	0.2267244485161939
PF3D7_1221100.1	0.0015987210231814548	0.01045751633986928	0.009511941590574046
PF3D7_1221200	0.007194244604316547	0.00392156862745098	0.019879383515747154
PF3D7_1221300	0.03717807754276579	0.8236560220366014	0.30015780930734864
PF3D7_1221400	0.0	0.013836552288888889	0.0017869108778199687
PF3D7_1221500	0.003996802557953637	0.0	0.01943265579629216
PF3D7_1221600	0.0	0.00261437908496732	0.019601270382622292
PF3D7_1221700	0.03144672262509992	0.03137254901960784	0.12370629608018761
PF3D7_1221800	0.011990407673860911	0.23223560279477123	0.19594801834219344
PF3D7_1221900	0.10346489809032773	0.12484937909281045	0.034887083987938355
PF3D7_1222000	0.006394884092725819	0.01045751633986928	0.05476646750368551
PF3D7_1222100	0.006530715429256594	0.032359330069281045	0.11847221982197899
PF3D7_1222300	0.05662006642765788	0.23101379881960785	0.4344742443399598
PF3D7_1222400	0.025776771063149483	0.11461398693856209	0.2114174416470851
PF3D7_1222500	0.014056724621103116	0.059267777783006535	0.021556795846772392
PF3D7_1222600	0.0	0.0020718464065359477	0.0019555254641501004
PF3D7_1222700	0.0015987210231814548	0.8893998991947712	0.07104280769175787
PF3D7_1222800	0.0	0.00392156862745098	0.02097940864529819
PF3D7_1222900	0.004796163069544364	0.00392156862745098	0.02263566004109895
PF3D7_1223000	0.0	0.02821563725620915	0.0033504578959124413
PF3D7_1223100	0.016258872904876098	1.6460641701111112	0.40176835184565557
PF3D7_1223200	0.06008786970583533	0.08716300654640523	0.1817608812218003
PF3D7_1223300	0.04090321742765787	0.24982472630326796	0.24544776533348225
PF3D7_1223400	0.32157148422541965	1.0237449392143791	0.6745608350239
PF3D7_1223500	0.13563655324620302	0.34338535741307186	0.4688179752135359
PF3D7_1223600	0.018852887690647482	0.047947320271895424	0.11976602357985257
PF3D7_1223700	0.0015987210231814548	0.00130718954248366	0.025762754077283897
PF3D7_1223800	0.07894075739648282	0.013836552288888889	0.1042904344529819
PF3D7_1223900	0.0007993605115907274	0.0	0.009065213871119053
PF3D7_1224000	0.09467193246282973	0.07233967320784314	0.3248917180381952
PF3D7_1224100	0.005595523581135092	0.5536866457803922	0.1519136767811034
PF3D7_1224200	0.0	0.04858813725751634	0.004243913334822426
PF3D7_1224300	0.11746152079696243	0.13945058824575163	0.2034329454494081
PF3D7_1224400	0.05209426458992806	0.00392156862745098	0.05849210967656913
PF3D7_1224500	0.002398081534772182	0.03137254901960784	0.03360165010297074
PF3D7_1224600	0.005595523581135092	0.00130718954248366	0.01250837614473978
PF3D7_1224700	0.03817337130535572	0.3652076265843137	0.1991130674826893
PF3D7_1224800	0.0031974420463629096	0.018300653594771243	0.019955293724368998
PF3D7_1224900	0.03996802557953637	0.08671875817516339	0.10631313659347777
PF3D7_1225000	0.01932048361470823	0.006535947712418301	0.06312800145744918
PF3D7_1225100	0.09915195845243804	0.02690844771372549	0.35273152468773733
PF3D7_1225200	0.026378896882494004	0.07909774510588236	0.11022855428791602
PF3D7_1225300	0.009592326139088728	0.00130718954248366	0.01848445108398481
PF3D7_1225400	0.05462817746123101	0.01568627450980392	0.046426094485146306
PF3D7_1225500	0.062290017989608315	0.00784313725490196	0.06433752513379495
PF3D7_1225600	0.11865274781055155	0.03083001634117647	0.22957483248715657
PF3D7_1225700	0.04410065947402078	0.03290186274771242	0.1328649416477552
PF3D7_1225800	0.03877679856594724	0.15481858250196076	0.2159062434362296
PF3D7_1225900	0.006394884092725819	0.0196078431372549	0.057185514856377045
PF3D7_1226000	0.01325736410951239	0.00130718954248366	0.047302755754969845
PF3D7_1226100	0.0	0.0	0.0017869108778199687
PF3D7_1226200	0.0015987210231814548	0.00130718954248366	0.002903730176457449
PF3D7_1226300	0.0164548061558753	0.06656838235947712	0.04517861570448962
PF3D7_1226400	0.018852887690647482	0.05250970588496732	0.0993552686037525
PF3D7_1226500	0.01565544564428457	0.013071895424836602	0.055398603978557066
PF3D7_1226600	0.0	0.00392156862745098	0.005584096493187403
PF3D7_1226700	0.056694494408473226	0.0302874836627451	0.08511473085459013
PF3D7_1226800	0.007194244604316547	0.07626124183529412	0.054003671546794724
PF3D7_1226900	0.08480924509192646	0.28318392535816994	0.6388877559432655
PF3D7_1227000	0.005263758993605116	0.30127492240261433	0.10666861457270493
PF3D7_1227100	0.008792965627498001	0.006535947712418301	0.030584054613580523
PF3D7_1227200	0.06049536371542766	0.24731075976470587	0.303135360641501
PF3D7_1227300	0.0007993605115907274	0.15765295753333333	0.04455084599575608
PF3D7_1227400	0.009592326139088728	0.08181040849803922	0.0707391668572705
PF3D7_1227500	0.018325189852118305	0.5304153669163398	0.6037376414489614
PF3D7_1227600	0.005263758993605116	0.2945704083869281	0.1433097484190306
PF3D7_1227700	0.027645853318145484	0.5176896403084967	0.07347864921353585
PF3D7_1227800	0.21118393534532376	0.032679738562091505	0.1424564328943489
PF3D7_1227900	0.18462343127817746	0.025601258171241828	0.19391949479807907
PF3D7_1228000	0.0	0.0	0.00513736877373241
PF3D7_1228100	0.006063119505195843	0.011764705882352941	0.05869431260107214
PF3D7_1228200	0.005595523581135092	0.00261437908496732	0.0408419979919589
PF3D7_1228300	0.00686248001678657	0.17943305962352943	0.17710081038418585
PF3D7_1228400	0.03624288569464428	0.02690844771372549	0.07153991791847218
PF3D7_1228500	0.011191047162270184	0.12191459151503269	0.07617180659258432
PF3D7_1228600	0.023163293304556357	3.7206395218078434	0.6849234642997544
PF3D7_1228700	0.015791276980815346	0.26026350289411765	0.40126025567813267
PF3D7_1228800	0.11963118148281374	1.1119760839882353	0.8601919336707616
PF3D7_1228900	0.0705409597122302	0.013071895424836602	0.15023330075184277
PF3D7_1229000	0.0349759292589928	0.01906531045882353	0.11021212377819968
PF3D7_1229100	0.3148903477681855	0.2289866788379085	0.22243634059079742
PF3D7_1229300	0.0906777327873701	1.5652360240444445	0.4638164237491624
PF3D7_1229400	0.17928394286250998	0.04205218954509804	0.38600766494326555
PF3D7_1229500	0.061023061553956835	0.006535947712418301	0.13710812766383737
PF3D7_1229600	0.0581586855363709	0.41271581717254907	0.6715822093234309
PF3D7_1229700	0.014856085132693845	0.04511081700130719	0.19835396539647085
PF3D7_1229800	0.0015987210231814548	0.8190440735098039	0.01765011168461023
PF3D7_1229900.1	0.0	0.00784313725490196	0.0011168192986374804
PF3D7_1229900.2	0.0	0.00130718954248366	0.00022336385972749609
PF3D7_1230000	0.0491684852166267	0.09466230797647059	0.21768150865311592
PF3D7_1230100	0.0007993605115907274	0.032679738562091505	0.004914004914004914
PF3D7_1230300	0.0	0.018300653594771243	0.0020102747375474648
PF3D7_1230400	0.0007993605115907274	0.006535947712418301	0.009381282108554836
PF3D7_1230500	0.007194244604316547	0.00261437908496732	0.00625418807236989
PF3D7_1230600	0.04969618305515588	0.07135289215816994	0.14692807685503684
PF3D7_1230700	0.008792965627498001	0.04205218954509804	0.025037913224704045
PF3D7_1230800	0.11418834932853718	0.04096712418823529	0.19864008474313155
PF3D7_1230900	0.09167042366746603	0.025823382356862743	0.0981289507583203
PF3D7_1231000	0.009728157475619503	0.10914180549019609	0.11798426121018538
PF3D7_1231100	0.002398081534772182	0.0196078431372549	0.011298852468394014
PF3D7_1231200	0.0	0.10902222209019609	0.010628760889211525
PF3D7_1231300	0.0	0.07604124588888889	0.0008007510612016975
PF3D7_1231400	0.014781657151878498	0.27300864366405225	0.08665456846817064
PF3D7_1231500	0.003996802557953637	0.00392156862745098	0.006161483694661604
PF3D7_1231600	0.049467762206235014	0.10763591909411764	0.33530631825217777
PF3D7_1231700	0.0	0.0	0.002457002457002457
PF3D7_1231800	0.10580287771063149	0.05426114379869281	0.22698766229506365
PF3D7_1231900	0.008129436452438049	0.047503071900653594	0.07450276413446504
PF3D7_1232000	0.008792965627498001	0.02429406862875817	0.06400029596113468
PF3D7_1232100	0.029244574341326938	0.21583779819869278	0.22755919291065443
PF3D7_1232200	0.011116619181454837	0.10307140524183006	0.16270808855840965
PF3D7_1232300	0.003665037970423661	0.010679640525490195	0.04648521052468171
PF3D7_1232400	0.13058305356994404	0.1444359231372549	0.24979188249921824
PF3D7_1232500	0.010859282574740208	1.5907337638601307	0.5288972252307349
PF3D7_1232600	0.005595523581135092	0.06864022876601307	0.03469730846638374
PF3D7_1232700	0.0	0.04651629085098039	0.021164817400714766
PF3D7_1232800	0.0015987210231814548	0.01045751633986928	0.007855690194773286
PF3D7_1232900	0.003996802557953637	0.00130718954248366	0.008934554389099843
PF3D7_1233000	0.0007993605115907274	0.01045751633986928	0.05048459906455215
PF3D7_1233100	0.047102168269384494	0.03475158496862745	0.11378558187446951
PF3D7_1233200.1	0.0	0.00261437908496732	0.0010241149209291936
PF3D7_1233200.2	0.0	0.00261437908496732	0.0008934554389099843
PF3D7_1233300	0.04622837977697842	0.020594624186928104	0.2776918769253965
PF3D7_1233400	0.05529170663629097	0.01514374183137255	0.07475971633236543
PF3D7_1233600	0.36142347392406077	0.38139794141830063	1.3196128109626983
PF3D7_1233700	0.0031974420463629096	0.06580372549542483	0.022673615145409873
PF3D7_1233800	0.006063119505195843	0.07571870915686274	0.09199741595443377
PF3D7_1233900	0.03577528977058353	0.12026356614771241	0.15393741833013178
PF3D7_1234000	0.005595523581135092	0.021679689543790848	0.02803434777886978
PF3D7_1234100	0.3655064276466827	0.5058208091098039	0.7811136944138932
PF3D7_1234300	0.02058744005035971	0.025823382356862743	0.18236083242617823
PF3D7_1234500	0.01565544564428457	0.00784313725490196	0.03317171655260219
PF3D7_1234600	0.006063119505195843	0.10884269609019609	0.21644361881103416
PF3D7_1234700	0.005595523581135092	0.006758071898039215	0.010219988274067456
PF3D7_1234800	0.0484292266195044	0.02266647059346405	0.11998138122604421
PF3D7_1234900	0.019788079538768984	0.40297311258431373	0.324873157141836
PF3D7_1235000	0.0	0.009150326797385621	0.0006700915791824883
PF3D7_1235100	0.0007993605115907274	0.01699346405228758	0.0033504578959124413
PF3D7_1235200	0.0	0.3943653184653595	0.03227755303596158
PF3D7_1235300	0.14436811551798562	0.37709830058431376	0.4518771636794729
PF3D7_1235400	0.014388489208633094	0.009150326797385621	0.07671524179651552
PF3D7_1235500	0.03211025180015987	0.018522777780392154	0.11452321378936789
PF3D7_1235600	0.009728157475619503	0.1393523039385621	0.2046168325778423
PF3D7_1235700	0.004796163069544364	0.006535947712418301	0.031439554948179585
PF3D7_1235800	0.002398081534772182	0.00261437908496732	0.03792147364641501
PF3D7_1235900	0.025247771783373302	0.043901911766013074	0.0937120560710297
PF3D7_1236000	0.003996802557953637	0.03420905229019608	0.05368760330935894
PF3D7_1236100	0.09259128944924061	0.1296594444627451	0.24855282801474202
PF3D7_1236200	0.008461201039968025	0.03736596405359477	0.049305387938351576
PF3D7_1236300	0.0015987210231814548	0.02091503267973856	0.023436411102300648
PF3D7_1236400	0.007993605115907274	0.025601258171241828	0.03940911045588563
PF3D7_1236500	0.0	0.00261437908496732	0.00044672771945499217
PF3D7_1236700	0.015187849720223821	0.11037200981830066	0.12631111584766583
PF3D7_1236800	0.007993605115907274	0.17148950982222225	0.13123822106008487
PF3D7_1236900	0.0007993605115907274	0.2839376225254902	0.010890079853249943
PF3D7_1237000	0.014388489208633094	0.018300653594771243	0.09552049154344427
PF3D7_1237100	0.04523178457314149	0.18633839873202615	0.10687809639200357
PF3D7_1237200	0.11945210832214227	0.0196078431372549	0.1478514811847219
PF3D7_1237300	0.0	0.01045751633986928	0.0020102747375474648
PF3D7_1237400	0.004796163069544364	0.02298687908627451	0.016882948961581417
PF3D7_1237500	0.02844521382973621	0.1458882516509804	0.1448590497373241
PF3D7_1237600	0.10746300208952837	0.04543122549411765	0.12283436523587223
PF3D7_1237700	0.040103856916067146	0.28186577611895425	0.23845578300424394
PF3D7_1237800	0.0	0.0	0.003127094036184945
PF3D7_1237900	0.1467674984940048	0.3036781369986928	0.2210830027107438
PF3D7_1238000	0.002066316947242206	0.19154372956993465	0.03721779372905964
PF3D7_1238100	0.024448411271782575	0.00130718954248366	0.06911650379964263
PF3D7_1238200	0.0	0.0	0.0048213005362966275
PF3D7_1238300	0.1389084232733813	0.03867315359607843	0.24113978876837167
PF3D7_1238400	0.0	0.006535947712418301	0.011075488608666518
PF3D7_1238500	0.028113449242206233	0.1348647753006536	0.26756430303372797
PF3D7_1238600	0.0	0.07811096405620915	0.00625418807236989
PF3D7_1238700	0.003996802557953637	0.08050321895555555	0.04039527027250391
PF3D7_1238800	0.07295336731334932	0.2921011682732026	0.221411498351128
PF3D7_1238900	0.002398081534772182	0.1742775738980392	0.0075016668530265805
PF3D7_1239000	0.008792965627498001	0.11308467321045751	0.030525302233415236
PF3D7_1239100	0.0007993605115907274	0.00784313725490196	0.01870781494371231
PF3D7_1239200	0.08032668507833733	0.8170601934392157	1.150152354826223
PF3D7_1239300	0.010391686650679457	0.00130718954248366	0.00928857773084655
PF3D7_1239400	0.0	0.00261437908496732	0.003127094036184945
PF3D7_1239500	0.006063119505195843	0.043359379087581695	0.10257142757024794
PF3D7_1239600	0.0007993605115907274	0.0	0.01040539702948403
PF3D7_1239700	0.016590637492406076	0.058503120918954245	0.20556831307817733
PF3D7_1239800	0.13332062152118307	1.604730713979085	1.3861416418344874
PF3D7_1239900	0.03930449640447642	0.04597375817254902	0.09531792495957114
PF3D7_1240000	0.002398081534772182	0.00392156862745098	0.004243913334822426
PF3D7_1240100	0.0015987210231814548	0.00130718954248366	0.0
PF3D7_1240300	0.0065777927186251	0.00392156862745098	0.006434521983917803
PF3D7_1240400	0.01855003886091127	0.004686225491503267	0.005192481706499888
PF3D7_1240600	0.08259697937170264	0.006956768751633988	0.020531678625418808
PF3D7_1240900	0.036516113434052755	0.051202516342483656	0.030156054359839177
PF3D7_1241100	0.02604713229496403	0.023751535950326797	0.08030585772124191
PF3D7_1241200	0.05942434053077538	0.07409111112156862	0.2683070097927183
PF3D7_1241300	0.003996802557953637	0.00522875816993464	0.06461563826691981
PF3D7_1241400	0.0015987210231814548	0.05403901961307189	0.004597936676569131
PF3D7_1241500	0.007194244604316547	0.00522875816993464	0.04195881729059638
PF3D7_1241600	0.0031974420463629096	0.00261437908496732	0.009381282108554836
PF3D7_1241700	0.002066316947242206	0.0	0.014556605986598168
PF3D7_1241800	0.045835211833733014	0.036058774511111114	0.09175689426624972
PF3D7_1241900	0.06535162869944046	0.3331155782300654	0.25056523313893236
PF3D7_1242000	0.0007993605115907274	0.01906531045882353	0.01848445108398481
PF3D7_1242100	0.010391686650679457	0.00261437908496732	0.023267796515970517
PF3D7_1242200	0.016786570743405275	0.051967173206535947	0.10946211888362743
PF3D7_1242300	0.003996802557953637	0.01568627450980392	0.03745358499173554
PF3D7_1242400	0.009064628300559551	0.06286893791764706	0.10204436845275854
PF3D7_1242500	0.01372496003357314	0.0574180555620915	0.13547740396939914
PF3D7_1242600	0.02604713229496403	0.006535947712418301	0.041904068017199016
PF3D7_1242700	0.44852641899680257	0.1221367157006536	0.8093250295811927
PF3D7_1242800	0.036438818945643485	0.19206283491633988	0.1002830396995756
PF3D7_1242900	0.008792965627498001	0.00392156862745098	0.025855458454992184
PF3D7_1243000	0.007993605115907274	0.13291464053333332	0.10843764030332811
PF3D7_1243100	0.056422831735411676	0.022222222222222223	0.1312079629332142
PF3D7_1243200	0.0015987210231814548	0.0	0.003127094036184945
PF3D7_1243400	0.003996802557953637	0.13279292889411765	0.012731740004467277
PF3D7_1243500	0.004796163069544364	0.10087571895686274	0.06098706723788251
PF3D7_1243600	0.11126256995523581	0.41793732841568626	0.1968280098233192
PF3D7_1243700	0.002398081534772182	0.19795796564313725	0.02250500055907974
PF3D7_1243800	0.002398081534772182	0.00392156862745098	0.004243913334822426
PF3D7_1243900	0.0031974420463629096	0.5578135378875817	0.0642952225043556
PF3D7_1244000	0.04316676906714628	0.1836537376509804	0.4193287050134018
PF3D7_1244100	0.09293738010311751	0.25981882341830065	0.14282797772392228
PF3D7_1244200	0.023649050760191845	0.015908398695424836	0.1114760330685727
PF3D7_1244400	0.02378488209672262	0.06918276144444445	0.19737653911212866
PF3D7_1244500	0.0	0.00392156862745098	0.0011168192986374804
PF3D7_1244600	0.024916007195843325	0.2103634885111111	0.12886482578914452
PF3D7_1244700	0.10280136891526778	0.41947760184052285	0.2853512207815501
PF3D7_1244800	0.024916007195843325	0.00130718954248366	0.050745918028590575
PF3D7_1244900	0.015791276980815346	0.06035284313986928	0.08738632455617601
PF3D7_1245000	0.009260561551558752	0.09355594352679739	0.19303351715211078
PF3D7_1245100	0.010527517987210232	0.031594673205228754	0.13589569185883404
PF3D7_1245200	0.01325736410951239	0.00522875816993464	0.09019298358878713
PF3D7_1245300	0.0015987210231814548	0.0	0.002680366316729953
PF3D7_1245400	0.010391686650679457	0.027130571899346406	0.08405266082935
PF3D7_1245500	0.006063119505195843	0.42817369538300654	0.37434708961894125
PF3D7_1245600	0.0	0.0	0.0037803914462809915
PF3D7_1245800	0.0648840327753797	0.08107130720522876	0.11518051430623186
PF3D7_1245900	0.01005992206314948	0.00261437908496732	0.03322646582599955
PF3D7_1246000	0.0007993605115907274	0.00130718954248366	0.0037971856153674335
PF3D7_1246100	0.0015987210231814548	0.009150326797385621	0.005360732633459906
PF3D7_1246200	0.03750984213029576	2.3532109821267975	0.6172099846142506
PF3D7_1246300	0.1447011815467626	0.5748238026457516	0.15107273423609557
PF3D7_1246400	0.0028656774588329335	0.28061214445882354	0.012415671767031494
PF3D7_1246500	0.0164548061558753	0.01437908496732026	0.036151356937681484
PF3D7_1246600	0.03017976618944844	0.011764705882352941	0.057021267036184944
PF3D7_1246700	0.037435414149480414	0.021137156865359476	0.28808963140071475
PF3D7_1246800	0.003996802557953637	0.01437908496732026	0.019247247040875586
PF3D7_1246900	0.010859282574740208	0.043581503273202614	0.07206692261268707
PF3D7_1247000.1	0.0007993605115907274	0.01699346405228758	0.020886704267589904
PF3D7_1247000.2	0.0031974420463629096	0.07453535949281045	0.06975737380679026
PF3D7_1247100	0.01325736410951239	0.006535947712418301	0.033003101966272055
PF3D7_1247200	0.0031974420463629096	0.006535947712418301	0.011560171432432433
PF3D7_1247300	0.004796163069544364	0.009150326797385621	0.016343516864418137
PF3D7_1247400	0.06848896883133493	0.06264681373202614	0.18225788545566227
PF3D7_1247500	0.007993605115907274	0.34144769028104577	0.07334398662474872
PF3D7_1247600	0.0007993605115907274	0.03867315359607843	0.0017869108778199687
PF3D7_1247700	0.0	0.2358664623751634	0.003927845097386643
PF3D7_1247800	0.0	0.09108457517385621	0.007948394572481572
PF3D7_1247900	0.021250969225419664	0.011222173203921569	0.016604835828456555
PF3D7_1248000	0.004796163069544364	0.039437810460130715	0.08653082422157694
PF3D7_1248100	0.03577528977058353	0.022222222222222223	0.060481223478892114
PF3D7_1248200	0.029576338928856916	0.0605749673254902	0.08825425229372348
PF3D7_1248400	0.0	0.0	0.0020102747375474648
PF3D7_1248500	0.09246978417905675	0.21943683009411766	0.1645906159425955
PF3D7_1248600	0.01692240207993605	0.08499287583267974	0.30839976869086444
PF3D7_1248700	0.42881250381374897	1.4325510621006536	1.0268663938282332
PF3D7_1248800	0.007194244604316547	0.00522875816993464	0.02470068405204378
PF3D7_1248900	0.007194244604316547	0.09870558824313726	0.0762305589727496
PF3D7_1249000	0.007194244604316547	0.0	0.011838284565557293
PF3D7_1249100	0.06422050360031974	0.00522875816993464	0.13595808368639714
PF3D7_1249200	0.0007993605115907274	0.00130718954248366	0.0017869108778199687
PF3D7_1249300	0.02604713229496403	0.051424640528104575	0.16195293515568462
PF3D7_1249400	0.0	0.13575114380392156	0.025724798972972973
PF3D7_1249500	0.004796163069544364	0.04957491830718954	0.1081047778968059
PF3D7_1249600	0.003996802557953637	0.062202565360784313	0.04365302379070806
PF3D7_1249700	0.0	0.01514374183137255	0.0013401831583649765
PF3D7_1249800	0.1310363234276579	0.34791505313202614	0.4323963861224034
PF3D7_1249900	0.026846492806554757	0.022444346407843138	0.14100238442305113
PF3D7_1250000	0.011658643086330935	0.00392156862745098	0.019209291936564662
PF3D7_1250100	0.0007993605115907274	0.00392156862745098	0.002233638597274961
PF3D7_1250200	0.1692240207993605	0.6399649316470588	0.21744460717132008
PF3D7_1250300	0.010391686650679457	0.01437908496732026	0.03790031271119053
PF3D7_1250400	0.007797671864908073	0.03519583333986928	0.1688082714036185
PF3D7_1250500	0.04856505795603517	0.03290186274771242	0.13975053887625644
PF3D7_1250600	0.02205032973701039	0.01437908496732026	0.06417327731360285
PF3D7_1250700	0.007194244604316547	0.02091503267973856	0.05928849397163279
PF3D7_1250800	0.08511365898800959	0.1689542441908497	0.42378366980478
PF3D7_1250900	0.0730891986498801	0.04173178105228758	0.3148857449191423
PF3D7_1251100	0.034508333334932056	0.043359379087581695	0.04329900044896136
PF3D7_1251200	0.0015987210231814548	0.5063737275163398	0.002457002457002457
PF3D7_1251300	0.0028656774588329335	0.02952282679869281	0.06254624748983695
PF3D7_1251400	0.018053527179056755	0.00392156862745098	0.037638993747152114
PF3D7_1251500	0.0495603517186251	0.01045751633986928	0.03931640607817735
PF3D7_1251600	0.025579536370903277	0.011764705882352941	0.04873564329104311
PF3D7_1251700	0.02205032973701039	0.007300604576470588	0.0667945275907974
PF3D7_1251800	0.06708618105915268	0.0865970465359477	0.19139464276926513
PF3D7_1252100	0.00686248001678657	3.1565712318535946	0.22508084373821755
PF3D7_1252200	0.0	0.00261437908496732	0.00044672771945499217
PF3D7_1252300	0.19115414670743405	0.05011745098562091	0.1191083594036185
PF3D7_1252500	0.0	0.0	0.00022336385972749609
PF3D7_1252600	0.002398081534772182	0.00130718954248366	0.002903730176457449
PF3D7_1252700	0.007993605115907274	0.040522875816993466	0.04412091244538754
PF3D7_1252800	0.08646806802957634	0.09545039217254901	0.2670212122483806
PF3D7_1252900	0.007194244604316547	0.00130718954248366	0.007278302993299084
PF3D7_1253000	0.01838529176658673	0.02821563725620915	0.05713112924234979
PF3D7_1253100	0.12577256443405277	0.18653496734640523	0.19503194733057852
PF3D7_1253200	0.08720602518545165	0.01045751633986928	0.08205517715412107
PF3D7_1253400	0.0	0.00130718954248366	0.009381282108554836
PF3D7_1253500	0.0	0.00784313725490196	0.0045052322988608446
PF3D7_1254200	0.0	0.00130718954248366	0.00022336385972749609
PF3D7_1254800	0.0	0.00130718954248366	0.00022336385972749609
PF3D7_1255200	0.013753875791366908	0.005993415033986928	0.003937761139379048
PF3D7_1100100	0.0018560576298960831	0.009150326797385621	0.002305545699128881
PF3D7_1100200	0.006708487148681055	0.006535947712418301	0.0036497319640384183
PF3D7_1100300	0.0	0.0	0.00044672771945499217
PF3D7_1100500	0.0015987210231814548	0.0	0.0011547744029484028
PF3D7_1100800	0.002066316947242206	0.0	0.0005773872014742014
PF3D7_1101100	0.0	0.00261437908496732	0.0006700915791824883
PF3D7_1101300	0.002066316947242206	0.00130718954248366	0.00022336385972749609
PF3D7_1102200	0.0015987210231814548	0.006535947712418301	0.0006700915791824883
PF3D7_1102300	0.005595523581135092	0.0	0.0017869108778199687
PF3D7_1102400	0.003996802557953637	0.02091503267973856	0.016752289479562206
PF3D7_1102500	0.005852860187849721	0.008607794118954248	0.0523266228751396
PF3D7_1102600	0.0	0.00130718954248366	0.0048213005362966275
PF3D7_1102700	0.15929993007274182	0.019486131498039214	0.03816163167522895
PF3D7_1102800	0.4022595663213429	0.07570108982091503	0.08635014589166853
PF3D7_1102900	0.0007993605115907274	0.00130718954248366	0.0006700915791824883
PF3D7_1103000	0.0007993605115907274	0.0	0.00022336385972749609
PF3D7_1103100	0.781060313059952	0.11807000810196079	1.4358820287907081
PF3D7_1103400	0.02205032973701039	0.08104787987320261	0.251680212046013
PF3D7_1103500	0.0	0.00130718954248366	0.0011168192986374804
PF3D7_1103600	0.011191047162270184	0.00522875816993464	0.021742204602188966
PF3D7_1103700	0.0028656774588329335	0.0	0.009828009828009828
PF3D7_1103800	0.07014909321023181	0.4765025201738562	0.5704868496587
PF3D7_1103900	0.0	0.006535947712418301	0.00044672771945499217
PF3D7_1104000	0.21605452639568343	0.04903238562875817	0.485546135397811
PF3D7_1104100	0.05495994204876099	0.06188215686797385	0.14483388569533168
PF3D7_1104200	0.17020628993685052	0.4842327006549019	0.4846554489568908
PF3D7_1104300	0.02358894884572342	0.09850901962875816	0.30026687711838285
PF3D7_1104400	0.0329096123117506	0.08738513073202614	0.1686881666044226
PF3D7_1104500	0.0007993605115907274	0.0	0.0011168192986374804
PF3D7_1104600	0.0007993605115907274	0.00130718954248366	0.01373906075631003
PF3D7_1104700.1	0.0015987210231814548	0.0	0.004467277194549922
PF3D7_1104800	0.004464398482014388	0.00130718954248366	0.02313713703395131
PF3D7_1104900	0.010391686650679457	0.854944802551634	0.06877584649184722
PF3D7_1105000	0.055157176741007195	1.9407625017346406	0.9518170969006031
PF3D7_1105100	0.6831084311582734	4.450691870371242	3.9428941128740225
PF3D7_1105200	0.004464398482014388	0.00392156862745098	0.038869678358722355
PF3D7_1105300	0.002398081534772182	0.05435942810588235	0.03268703372883627
PF3D7_1105400	0.35345818845803356	0.05611086601960784	0.5270086757732857
PF3D7_1105500	0.010527517987210232	0.07039166667973856	0.22618976893924503
PF3D7_1105600	0.038836900480415666	0.04042459150980392	0.032632284455438906
PF3D7_1105700	0.003996802557953637	0.00784313725490196	0.011298852468394014
PF3D7_1105800	0.02478017585931255	0.05697380719084967	0.11258848560107215
PF3D7_1105900	0.0015987210231814548	0.0	0.0006700915791824883
PF3D7_1106000	0.02238209432454037	0.00522875816993464	0.046502004693768154
PF3D7_1106100	0.03224608313669065	0.17245499177908497	0.28692274349296404
PF3D7_1106200	0.005731354917665867	0.019829967322875817	0.0817431120234532
PF3D7_1106300	0.02651472821902478	0.047823480393464055	0.17583508279696225
PF3D7_1106400	0.0	0.00784313725490196	0.003127094036184945
PF3D7_1106500	0.07408449241247002	0.01645093137385621	0.22347108385883402
PF3D7_1106600	0.007194244604316547	0.00130718954248366	0.03711671947844539
PF3D7_1106700	0.04423649081055156	0.03758808823921569	0.1366701334766585
PF3D7_1106800	0.03511176059552358	0.04619588235816993	0.18149981992427963
PF3D7_1106900	0.002398081534772182	0.00130718954248366	0.005360732633459906
PF3D7_1107000	0.0007993605115907274	0.00261437908496732	0.007054939133571588
PF3D7_1107100	0.003996802557953637	0.47391278514248364	0.22685582689099845
PF3D7_1107200	0.01838529176658673	0.023529411764705882	0.0960551932150994
PF3D7_1107300	0.31412503992006396	0.7841227259777778	0.7922970351742238
PF3D7_1107400	0.0	0.00130718954248366	0.004374572816841635
PF3D7_1107500	0.0	0.0	0.006700915791824883
PF3D7_1107600	0.0007993605115907274	0.00130718954248366	0.0015635470180924726
PF3D7_1107700	0.056226898484412466	0.009150326797385621	0.0969150603158365
PF3D7_1107800	0.13545494606155076	1.387705169095425	0.1085515056162609
PF3D7_1107900	0.002398081534772182	0.036280898696732025	0.018543567123520215
PF3D7_1108000	0.07521561751159073	0.16354808826013073	0.18787309548201922
PF3D7_1108100	0.0007993605115907274	0.4354258607607843	0.002457002457002457
PF3D7_1108200	0.02205032973701039	0.04935279412156863	0.038755813045789594
PF3D7_1108300	0.008461201039968025	0.013071895424836602	0.051247395021442925
PF3D7_1108400	0.008792965627498001	0.013836552288888889	0.06142942819119947
PF3D7_1108500	0.005263758993605116	0.08301931373333334	0.07187714709113245
PF3D7_1108600	0.25692916054916065	0.7413923830522875	1.090260161907304
PF3D7_1108700	0.02844521382973621	0.08824807190326797	0.11883060992986375
PF3D7_1108800	0.0	0.0	0.0006700915791824883
PF3D7_1108900	0.01838529176658673	0.00392156862745098	0.01759099564507483
PF3D7_1109100	0.0031974420463629096	0.00130718954248366	0.005175323878043332
PF3D7_1109200	0.0015987210231814548	0.00130718954248366	0.013663150547688184
PF3D7_1109400	0.03131089128856914	0.00392156862745098	0.04112011112508376
PF3D7_1109900	0.10525955236450839	0.04543122549411765	0.19491417181617154
PF3D7_1110000	0.0015987210231814548	0.006535947712418301	0.05148755305025687
PF3D7_1110100	0.0628177158281375	0.50379996124183	0.17565404080768374
PF3D7_1110200	0.0931333133541167	0.14946598445359477	0.21842749119991064
PF3D7_1110300	0.11718985812390088	0.03290186274771242	0.15297169212999776
PF3D7_1110400	0.25970451889448437	0.2461964260666667	0.6346301696571365
PF3D7_1110500	0.005595523581135092	0.08333972222614379	0.10651606683672102
PF3D7_1110600	0.004464398482014388	0.12147034314379086	0.10231811481974536
PF3D7_1110700	0.0	0.01699346405228758	0.002903730176457449
PF3D7_1110800	0.0007993605115907274	0.00522875816993464	0.00625418807236989
PF3D7_1110900	0.06262178257713828	0.058947369290196075	0.13208899096917578
PF3D7_1111000	0.0015987210231814548	0.0	0.005584096493187403
PF3D7_1111100	0.009260561551558752	0.024516192814379084	0.0838380849251731
PF3D7_1111200	0.043572961635491604	0.01045751633986928	0.13802274403797185
PF3D7_1111300	0.009260561551558752	0.013071895424836602	0.030584054613580523
PF3D7_1111400	0.0015987210231814548	0.00261437908496732	0.02081079405896806
PF3D7_1111500	0.0015987210231814548	0.0	0.007948394572481572
PF3D7_1111600	0.0007993605115907274	0.011222173203921569	0.02008595320638821
PF3D7_1111700	0.02238209432454037	0.00522875816993464	0.06070458733861961
PF3D7_1111800	0.0015987210231814548	0.027673104577777777	0.06854348336430645
PF3D7_1111900	0.0007993605115907274	0.009150326797385621	0.008171758432209068
PF3D7_1112000	0.017585931254996003	0.04259472222352941	0.053367168305785126
PF3D7_1112100	0.04070728417665867	1.2400263052509803	0.5156574930980568
PF3D7_1112200	0.011658643086330935	0.07071207517254902	0.11221439230221131
PF3D7_1112300	0.03158255396163069	0.08464904000784312	0.19995548675988384
PF3D7_1112400	0.008792965627498001	0.08615279816470588	0.11579658393075719
PF3D7_1112500	0.004796163069544364	0.00130718954248366	0.009642601072593255
PF3D7_1112600	0.00686248001678657	0.050659983664052284	0.09542742350636586
PF3D7_1112700	0.0031974420463629096	0.06373187908888889	0.021295476882733973
PF3D7_1112800	0.004931994406075139	0.051745049020915035	0.012862399486486487
PF3D7_1112900	0.0	0.06711091503790849	0.0008934554389099843
PF3D7_1113000	0.002066316947242206	1.3357796557006536	0.06055170517846772
PF3D7_1113100	0.0768744404492406	0.31291578840653594	0.1455718812696002
PF3D7_1113200	0.0015987210231814548	0.00392156862745098	0.004914004914004914
PF3D7_1113300	0.004796163069544364	0.07779055556339869	0.11557685951842751
PF3D7_1113400	0.035443525183053555	0.06688879085228758	0.11526957923654232
PF3D7_1113500	0.007194244604316547	0.0392156862745098	0.025762754077283897
PF3D7_1113600	0.011990407673860911	0.01906531045882353	0.046594709071476434
PF3D7_1113700	0.009260561551558752	0.00392156862745098	0.03175562318561537
PF3D7_1113800	0.007194244604316547	0.08149000000522875	0.06266011280276972
PF3D7_1113900	0.0007993605115907274	0.0	0.0037971856153674335
PF3D7_1114100.2	0.0	0.0	0.0013401831583649765
PF3D7_1114100.1	0.0007993605115907274	0.00130718954248366	0.0011168192986374804
PF3D7_1114200	0.010391686650679457	0.01045751633986928	0.013309127205941478
PF3D7_1114400	0.010527517987210232	0.011764705882352941	0.0683369136736654
PF3D7_1114500	0.004464398482014388	0.01437908496732026	0.04754291378378379
PF3D7_1114600	0.0	0.01045751633986928	0.00945719231717668
PF3D7_1114700	0.04343713029896083	0.38525131773986926	0.20425451302747377
PF3D7_1114800	0.003996802557953637	0.12299965687189543	0.023659774962028146
PF3D7_1114900	0.004931994406075139	0.7745064678352941	0.146917978736654
PF3D7_1115000	0.011658643086330935	0.013836552288888889	0.10786425620862183
PF3D7_1115100	0.0007993605115907274	0.0	0.0012474787806566897
PF3D7_1115200	0.03977209232853717	0.5073241361620915	0.16360119957873576
PF3D7_1115300	0.03610705435811351	0.0	0.023267796515970517
PF3D7_1115400	0.13809603813669064	0.2901973830169935	0.481364690631673
PF3D7_1115500	0.0031974420463629096	0.00261437908496732	0.04638813938083538
PF3D7_1115600	0.03164265587609912	0.43837311597647055	0.3119827031145857
PF3D7_1115700	0.06782543965627498	0.01045751633986928	0.07746561035045789
PF3D7_1115800	0.030511530776978418	0.032558026922875814	0.022450251285682375
PF3D7_1115900	0.0007993605115907274	0.05719593137647059	0.009511941590574046
PF3D7_1116000	0.002398081534772182	1.5490815221803922	0.041285449923386196
PF3D7_1116100	0.02185439648601119	1.294237903848366	0.49985009178601736
PF3D7_1116200.1	0.0031974420463629096	0.00130718954248366	0.003127094036184945
PF3D7_1116300	0.004796163069544364	0.00130718954248366	0.0059381198349341075
PF3D7_1116400	0.09480776379936051	0.35923763888235294	0.26009836799329905
PF3D7_1116500	0.007194244604316547	0.11407145426013073	0.0396872235890105
PF3D7_1116600	0.0	0.00522875816993464	0.005360732633459906
PF3D7_1116700	0.2514561800543565	0.15284714864183005	0.3131585652532946
PF3D7_1116800	0.33855827390167864	0.1742402400013072	0.17635044183024348
PF3D7_1116900	0.0	0.02952282679869281	0.010666715993522449
PF3D7_1117000	0.0007993605115907274	0.02091503267973856	0.017144267925619835
PF3D7_1117100	0.03628996298401279	0.33652060085490193	0.5298350406390441
PF3D7_1117200	0.0007993605115907274	0.01568627450980392	0.0250550710531606
PF3D7_1117300	0.061023061553956835	0.23080042949934643	0.15049471262095154
PF3D7_1117400	0.0	0.10524153595555555	0.003127094036184945
PF3D7_1117500	0.08554720224780175	0.1376008660248366	0.479517331233862
PF3D7_1117600.1	0.0015987210231814548	0.00130718954248366	0.02205827283962475
PF3D7_1117600.2	0.0	0.0	0.0011168192986374804
PF3D7_1117700	0.2451531112829736	0.5144114480104575	0.9616704337960689
PF3D7_1117800	0.045835211833733014	0.1451235947869281	0.15542505513960242
PF3D7_1117900	0.01838529176658673	0.20777466499738562	0.0974427923287916
PF3D7_1118000	0.0	0.00784313725490196	0.009511941590574046
PF3D7_1118100	0.0007993605115907274	0.00130718954248366	0.0013401831583649765
PF3D7_1118200	0.06289344525019984	0.011764705882352941	0.143384203990172
PF3D7_1118300	0.1402968849792166	0.1093618014366013	0.2963201229720795
PF3D7_1118400	0.0031974420463629096	0.13903189544575162	0.018391746706276524
PF3D7_1118500	0.051762500002398085	0.07495405229281045	0.057278219234085326
PF3D7_1118600	0.0015987210231814548	0.01437908496732026	0.01263903562675899
PF3D7_1118700	0.0	0.7511777979281046	0.01617526593745812
PF3D7_1118800	0.0007993605115907274	0.0368234313751634	0.01900308590529372
PF3D7_1118900	0.0015987210231814548	0.00130718954248366	0.004951960018315837
PF3D7_1119000	0.014056724621103116	0.1057861968732026	0.1789807892990842
PF3D7_1119100	0.015187849720223821	0.013836552288888889	0.04517861570448962
PF3D7_1119200	0.07028362310551559	0.00392156862745098	0.08851593491713201
PF3D7_1119300	0.131246582745004	0.26733942394117644	0.3547997010612017
PF3D7_1119400	0.025247771783373302	0.20059364382091502	0.16049925034375698
PF3D7_1119500	0.014056724621103116	0.046738415036601304	0.06830332533549252
PF3D7_1119600	0.02091920463788969	0.008607794118954248	0.05208610118695555
PF3D7_1119700	0.0	0.01906531045882353	0.0011168192986374804
PF3D7_1119800	0.03690641486970424	0.023529411764705882	0.06692082030667858
PF3D7_1119900	0.044704086734612306	0.19289607664183006	0.1476799544697342
PF3D7_1120000	0.25794261584332534	0.04881026144313726	0.45349597323140495
PF3D7_1120100	0.13210734661231016	0.04651629085098039	0.17841437486307796
PF3D7_1120200	0.0	0.01045751633986928	0.0037971856153674335
PF3D7_1120300	0.008129436452438049	0.04543122549411765	0.08980537190886755
PF3D7_1120400	0.0031974420463629096	0.0	0.00236429807929417
PF3D7_1120500	0.03491582734452438	0.01906531045882353	0.16465009564150102
PF3D7_1120600	0.04401320686810552	0.02952282679869281	0.5235537744697342
PF3D7_1120700	0.008792965627498001	0.04543122549411765	0.08167156858096941
PF3D7_1120800	0.0	0.0	0.00044672771945499217
PF3D7_1120900	0.0007993605115907274	0.00261437908496732	0.009828009828009828
PF3D7_1121000	0.003996802557953637	0.08694088236078432	0.08315993270918025
PF3D7_1121100	0.06794694492645884	0.5515055553699346	0.24234682455215545
PF3D7_1121200	0.0007993605115907274	0.00130718954248366	0.007371007371007371
PF3D7_1121300	0.006198950841726619	0.2987936457581699	0.3462787861956667
PF3D7_1121400	0.007194244604316547	0.14578996734379085	0.07541337740183157
PF3D7_1121500	0.009728157475619503	0.08028322300915033	0.11108005151574714
PF3D7_1121600	0.913672822980016	0.10842400329019608	1.5137253263940138
PF3D7_1121700	0.1994795164108713	0.05860353346535948	0.3554692403165066
PF3D7_1121800	0.0015987210231814548	0.0020718464065359477	0.006869530378155015
PF3D7_1121900	0.005263758993605116	0.11407358249934639	0.19982713732164398
PF3D7_1122000	0.0	0.0	0.0033504578959124413
PF3D7_1122100	0.005595523581135092	0.031052140526797386	0.11004314553249944
PF3D7_1122200	0.1798272682086331	0.17987730799477125	0.1400330187755193
PF3D7_1122300	0.014856085132693845	0.09239176471633986	0.013532491065668974
PF3D7_1122400	0.027645853318145484	0.030065359477124184	0.10017718060017869
PF3D7_1122500	0.010859282574740208	0.29969248189673203	0.23545679998079072
PF3D7_1122600	0.004464398482014388	0.04913066993594771	0.0333614920741568
PF3D7_1122700	0.0	0.01568627450980392	0.013979218785123967
PF3D7_1122800	0.02971217026538769	0.10782621559477124	0.05387301206477552
PF3D7_1122900	0.0031974420463629096	0.00392156862745098	0.03830944898570471
PF3D7_1123000	0.1938696667633893	0.7752760835581699	0.46803715759548803
PF3D7_1123100	0.1445052482957634	1.3196760400222223	0.47873795058163954
PF3D7_1123200	0.0007993605115907274	0.06318934641045751	0.041642749053160594
PF3D7_1123300	0.04043562150359712	0.18653496734640523	0.1739218792032611
PF3D7_1123400	0.27513798203756995	0.06548331700261438	0.4904965689222694
PF3D7_1123500	0.13589258841167068	0.2010144648601307	0.22544998739669422
PF3D7_1123600	0.034508333334932056	0.01874490196601307	0.0653193181842752
PF3D7_1123700	0.0007993605115907274	0.0	0.009381282108554836
PF3D7_1123800	0.026182963631494804	0.25042294510326796	0.37047899316595934
PF3D7_1123900	0.010859282574740208	0.0	0.015003333706053161
PF3D7_1124000	0.07075121902957633	0.11266598041045751	0.16242160555237883
PF3D7_1124100	0.15963169466027177	0.3226242185699346	0.4903873650328344
PF3D7_1124200	0.002398081534772182	0.10992776144705883	0.0183537916019656
PF3D7_1124300	0.02478017585931255	0.0845486274614379	0.1072700748380612
PF3D7_1124400	0.018852887690647482	0.00130718954248366	0.03209285235827563
PF3D7_1124500	0.004464398482014388	0.00522875816993464	0.02138818126044226
PF3D7_1124600	0.006394884092725819	0.12704506537777777	0.09473689831069912
PF3D7_1124700	0.10147431056514788	0.01045751633986928	0.15797184984565557
PF3D7_1124800	0.30066146874740207	0.017215588237908495	0.2254365619209292
PF3D7_1124900	1.114545846658673	0.16989417057647058	1.5915992026473085
PF3D7_1125000	0.0007993605115907274	0.01699346405228758	0.027958437570247935
PF3D7_1125100	0.0015987210231814548	0.017758120916339867	0.04218218115032388
PF3D7_1125200	0.014856085132693845	0.009914983661437908	0.03834704043064552
PF3D7_1125300	0.09660371951478817	0.013071895424836602	0.22305059191847218
PF3D7_1125400	0.11025295012629896	0.01437908496732026	0.1626942065179808
PF3D7_1125500	0.007993605115907274	0.00392156862745098	0.020364066339513067
PF3D7_1125600	0.0015987210231814548	0.07495405229281045	0.03884851742349788
PF3D7_1125700	0.0015987210231814548	0.17770717728104576	0.0127696951087782
PF3D7_1125800	0.0007993605115907274	0.11227954639869281	0.002457002457002457
PF3D7_1125900	0.10153441247961631	0.044124035951633986	0.16803013876881842
PF3D7_1126000	0.06848896883133493	0.07342473856470588	0.18399919867500558
PF3D7_1126100	0.004796163069544364	0.03443117647581699	0.05707601630958231
PF3D7_1126200	0.3900408421542766	0.06208085372156863	0.6666960944578959
PF3D7_1126300.1	0.09786937450919266	0.6091070561111112	0.4232708291547912
PF3D7_1126400	0.034040737410871304	0.00522875816993464	0.0714472135407639
PF3D7_1126500	0.10179044764508394	0.009914983661437908	0.10879129998570472
PF3D7_1126600	0.01692240207993605	0.025601258171241828	0.0410653618516864
PF3D7_1126700	0.0015987210231814548	0.7210927451307191	0.013106924281215099
PF3D7_1126800	0.007993605115907274	0.0033790359490196075	0.0032577535182041545
PF3D7_1126900	0.0031974420463629096	0.00261437908496732	0.005398687737770829
PF3D7_1127000	0.011658643086330935	0.00392156862745098	0.03652217444851463
PF3D7_1127100	0.02064884340607514	0.023751535950326797	0.24693249424190308
PF3D7_1127300	0.023181454836131096	0.00261437908496732	0.034195831473531384
PF3D7_1127400	0.0	0.00130718954248366	0.008041098950189859
PF3D7_1127500	0.0	0.04259472222352941	0.026732119724815723
PF3D7_1127600	0.01325736410951239	0.07256179739346405	0.05685265244985482
PF3D7_1127700	0.0007993605115907274	0.0	0.0
PF3D7_1127800	0.12810924261310952	0.186169832427451	0.4056835677004691
PF3D7_1127900	0.011191047162270184	0.08412993466143791	0.019192497767478223
PF3D7_1128000.1	0.007993605115907274	0.03213720588366013	0.02857377987603306
PF3D7_1128100	0.06661858513509193	0.043359379087581695	0.24757023398123743
PF3D7_1128200	0.013589128697042365	0.01045751633986928	0.037993017088898816
PF3D7_1128300	0.007661840528377298	0.00522875816993464	0.024106502681483136
PF3D7_1128400	0.014856085132693845	0.00784313725490196	0.05843299363703372
PF3D7_1128500	0.03017976618944844	0.00261437908496732	0.05554642128903283
PF3D7_1128600	0.0007993605115907274	0.00130718954248366	0.0033504578959124413
PF3D7_1128700	0.0	0.009150326797385621	0.005491392115479115
PF3D7_1128900	0.0015987210231814548	0.44864988959607843	0.042646066698235424
PF3D7_1129000	0.14403635093045564	0.05773846405490196	0.2364053167828903
PF3D7_1129100	0.09925783621502798	0.1279080065490196	0.09253612073285682
PF3D7_1129200	0.13589388985291767	0.2672645669660131	0.6617212110924726
PF3D7_1129300	0.0349759292589928	0.9294924384718954	0.08024132241947732
PF3D7_1129400	0.03244201638768985	0.006535947712418301	0.0585468589499665
PF3D7_1129500	0.054160581537170266	0.03388864379738562	0.28980474116953314
PF3D7_1129600	0.002398081534772182	0.06503906863137254	0.02360502568863078
PF3D7_1129700	0.0	0.00784313725490196	0.006700915791824883
PF3D7_1129800	0.004796163069544364	0.006535947712418301	0.026487594929863748
PF3D7_1129900	0.014856085132693845	0.00784313725490196	0.023267796515970517
PF3D7_1130000	0.03790301007354117	0.013071895424836602	0.20153175117601071
PF3D7_1130100	0.31075771387370105	0.10122168302091504	0.5083175813343758
PF3D7_1130200	0.2978190897266187	0.11984487334771242	0.5807849367458119
PF3D7_1130400	0.0031974420463629096	0.0704899509869281	0.049199165179584545
PF3D7_1130500	0.01598721023181455	0.19186413806274508	0.17783700690261336
PF3D7_1130600	0.0428337030383693	0.01437908496732026	0.05794831081326782
PF3D7_1130700	0.031114958037569942	0.09816518380392156	0.4025939285959348
PF3D7_1130800	0.0	0.00130718954248366	0.0013401831583649765
PF3D7_1130900	0.023980815347721823	0.00130718954248366	0.12035620184364529
PF3D7_1131000	0.007661840528377298	0.009150326797385621	0.033803853027473754
PF3D7_1131100	0.08566870751798561	0.8334367057581699	0.5188409014145634
PF3D7_1131200	0.017721762591526777	0.36777313536993467	0.22524031464105426
PF3D7_1131300	0.0007993605115907274	0.021679689543790848	0.02794164340116149
PF3D7_1131400	0.007661840528377298	0.00261437908496732	0.10614082813647532
PF3D7_1131600	0.006063119505195843	0.00261437908496732	0.05022764686665178
PF3D7_1131800	0.03977209232853717	0.13390354982222222	0.1299138147569801
PF3D7_1131900	0.007194244604316547	0.00392156862745098	0.036876197790261335
PF3D7_1132000	0.06708618105915268	0.27293544526797386	0.262042308373241
PF3D7_1132100	0.0012669564356514787	0.00130718954248366	0.0011168192986374804
PF3D7_1132200	0.09434016787529975	0.004686225491503267	0.15103696394170202
PF3D7_1132300	0.0031974420463629096	0.01437908496732026	0.030900122851016305
PF3D7_1132400	0.048822394562749796	0.38151597833071893	0.6115250856059861
PF3D7_1132500	0.0	0.009914983661437908	0.0008934554389099843
PF3D7_1132600	0.052893625101518786	0.08171212419084967	0.11400494262742909
PF3D7_1132700	0.002398081534772182	0.00784313725490196	0.015319401943488945
PF3D7_1132800	0.0	0.15590151961960785	0.012900354590797409
PF3D7_1132900	0.043301298962430054	0.031052140526797386	0.14619559344829125
PF3D7_1133100	0.07014779176898482	0.023973660135947712	0.08986012118226491
PF3D7_1133200	0.04292018668665068	0.8357981798300654	0.8605776432948403
PF3D7_1133300	0.002398081534772182	0.6139859310379085	0.11027196713647532
PF3D7_1133400	0.0	0.1840093187895425	0.03918574659615814
PF3D7_1133500	0.0031974420463629096	0.022222222222222223	0.03982224983716775
PF3D7_1133600	0.0699518585179856	0.01906531045882353	0.05333357996761224
PF3D7_1133700	0.27484659276658674	0.07690418706013072	0.12590234323252178
PF3D7_1133800	0.032231757070343724	0.2793709804339869	0.2223824467236989
PF3D7_1133900	0.09440026978976819	0.21354595584575164	0.32990674744136694
PF3D7_1134000	0.17008608610791368	0.009914983661437908	0.3444861660906857
PF3D7_1134100	0.015187849720223821	0.08486903595424837	0.267288697034398
PF3D7_1134200	0.07041945444204636	0.031594673205228754	0.11271950874246146
PF3D7_1134300	0.01643664462430056	0.5574990336980392	0.3567980882171097
PF3D7_1134400	0.0031974420463629096	0.00392156862745098	0.053350374136698686
PF3D7_1134500	0.06882073341886491	0.3896556656418301	0.2910514058796069
PF3D7_1134600	0.007993605115907274	0.022444346407843138	0.039261656804779985
PF3D7_1134700	0.06648275379856115	0.013836552288888889	0.05920015636006254
PF3D7_1134800	0.029244574341326938	0.10894098039738562	0.09187039591981237
PF3D7_1134900	0.004796163069544364	0.06548331700261438	0.01814758557069466
PF3D7_1135000.1	0.0	0.0	0.00044672771945499217
PF3D7_1135100	0.007993605115907274	0.1694176634156863	0.018800519321420593
PF3D7_1135300	0.0007993605115907274	0.0	0.00044672771945499217
PF3D7_1135400	0.014388489208633094	0.022222222222222223	0.05817167467299531
PF3D7_1135500	0.006998311353317345	0.025601258171241828	0.10940664229148983
PF3D7_1135600	0.009260561551558752	0.018300653594771243	0.1145863329356712
PF3D7_1135700	0.0007993605115907274	0.0	0.005360732633459906
PF3D7_1135800	0.02158273381294964	0.02952282679869281	0.03240892059571141
PF3D7_1135900	0.008461201039968025	0.30879765116470587	0.15347682781125754
PF3D7_1136000	0.01624454683852918	0.6337652568718954	0.5201284706189412
PF3D7_1136100	0.005263758993605116	0.00392156862745098	0.04136463592003574
PF3D7_1136200	0.0	0.3210814623934641	0.0048213005362966275
PF3D7_1136300	0.14857647883453237	0.3549040806732026	0.5568421342226938
PF3D7_1136400	0.09453610112629897	0.3345954779503268	0.24377384934889434
PF3D7_1136500.2	0.0015987210231814548	0.0564312745124183	0.018800519321420593
PF3D7_1136500.1	0.0015987210231814548	0.02091503267973856	0.007594371230734867
PF3D7_1136600	0.10046338929496403	0.04096712418823529	0.13733622194907302
PF3D7_1136700.1	0.0	0.023529411764705882	0.0035738217556399374
PF3D7_1136800	0.009592326139088728	0.0508821078496732	0.051917486600625416
PF3D7_1136900	0.0007993605115907274	0.2403669283006536	0.014055128993745811
PF3D7_1137100	0.009592326139088728	0.00261437908496732	0.0305460995092696
PF3D7_1137200	0.0015987210231814548	0.6195402163869281	0.02183927574603529
PF3D7_1137300	0.03464416467146283	0.03398692810457516	0.07060850737525129
PF3D7_1137400	0.014192555957633891	0.04466656863006536	0.06478024974648201
PF3D7_1137500	0.0007993605115907274	0.03213720588366013	0.053164965381282105
PF3D7_1137600	0.0	0.00261437908496732	0.005807460352914898
PF3D7_1137700	0.0007993605115907274	0.00261437908496732	0.015580720907527363
PF3D7_1137800	0.0	0.006535947712418301	0.0008934554389099843
PF3D7_1137900	0.0	0.00130718954248366	0.00022336385972749609
PF3D7_1138000	0.00686248001678657	1.1910189454679738	0.26326273727451416
PF3D7_1138100	0.003996802557953637	0.0	0.006700915791824883
PF3D7_1138200	0.0	0.00261437908496732	0.004690641054277418
PF3D7_1138300	0.004796163069544364	0.0196078431372549	0.0925572816680813
PF3D7_1138400	0.006394884092725819	0.9139929449228757	0.29045421497878043
PF3D7_1138500	0.14384041767945643	0.6306178988941177	0.43800262897006925
PF3D7_1138600	0.01965224820223821	0.02952282679869281	0.11882624316372571
PF3D7_1138700	0.0953354616378897	0.2185112083647059	0.16000656130645521
PF3D7_1138800	0.052893625101518786	0.1124438562248366	0.17175650826044225
PF3D7_1139100	0.08459768433333334	0.14731928107189543	0.09438651441635024
PF3D7_1139200	0.002398081534772182	0.00522875816993464	0.011298852468394014
PF3D7_1139300	0.16150207835651478	0.10928694446143791	0.26550185982086216
PF3D7_1139500.1	0.0	0.00130718954248366	0.002233638597274961
PF3D7_1139600	0.009592326139088728	0.0	0.029003713426401612
PF3D7_1139700	0.004796163069544364	0.036601307189542485	0.04759766305718115
PF3D7_1139800	0.05729792166906474	0.2876370669673203	0.33998937732901496
PF3D7_1139900	0.017585931254996003	0.00784313725490196	0.036391514966495425
PF3D7_1140000	0.0015987210231814548	0.11626714054509804	0.0011168192986374804
PF3D7_1140100	0.0007993605115907274	0.00130718954248366	0.0020102747375474648
PF3D7_1140200	0.0514307354148681	0.4009162931568627	0.30587962784654904
PF3D7_1140300	0.0007993605115907274	0.009150326797385621	0.00928857773084655
PF3D7_1140400	0.0	0.07779055556339869	0.0013401831583649765
PF3D7_1140500	0.005263758993605116	0.09347683007320261	0.0464136670821979
PF3D7_1140600	0.008461201039968025	0.4201824287084967	0.05933117950145186
PF3D7_1140700	0.1454391387026379	0.24948301871764705	0.1666151363799419
PF3D7_1140800	0.017254166667466028	0.048045604579084966	0.05605190138865312
PF3D7_1140900	0.009260561551558752	0.04597375817254902	0.13309631172101855
PF3D7_1141000	0.0015987210231814548	0.009150326797385621	0.011467467054724146
PF3D7_1141100	0.006394884092725819	0.00261437908496732	0.012398877597945052
PF3D7_1141300	0.02131237258113509	0.5043409093882353	0.5003726991069912
PF3D7_1141400	0.030966102075939247	0.5620563772156862	0.6704218385117265
PF3D7_1141500	0.002398081534772182	0.00261437908496732	0.007948394572481572
PF3D7_1141600	0.014056724621103116	0.027673104577777777	0.13011781673732412
PF3D7_1141700	0.04090321742765787	0.01568627450980392	0.12839329768706725
PF3D7_1141800	0.0	0.23566776552156862	0.043303730874469516
PF3D7_1141900	0.0	0.00130718954248366	0.0020102747375474648
PF3D7_1142000	0.0015987210231814548	0.00130718954248366	0.01803772336452982
PF3D7_1142100	0.13436959681055155	0.45669897063137255	0.4956005975092696
PF3D7_1142200	0.004796163069544364	0.00522875816993464	0.032240306009381284
PF3D7_1142300	0.04542901926538769	0.6178196180470588	0.41755239196225147
PF3D7_1142400	0.07888065548201438	0.17269841505751632	0.1320423023325888
PF3D7_1142500	0.15009947043565147	0.017758120916339867	0.2636013220556176
PF3D7_1142600	0.08486804556514788	0.011222173203921569	0.0873987519591244
PF3D7_1142700	0.02604713229496403	0.009150326797385621	0.03996533672213536
PF3D7_1142800	0.011990407673860911	0.04466656863006536	0.10075056469488497
PF3D7_1142900	0.0015987210231814548	0.3052947753372549	0.03634113245923609
PF3D7_1143000	0.0007993605115907274	0.00392156862745098	0.015842039871565784
PF3D7_1143100	0.0007993605115907274	0.5915271362091503	0.025914574494527585
PF3D7_1143200	0.002398081534772182	0.21211492642483662	0.10719598292628993
PF3D7_1143300	0.09939236611031176	0.08203253268366013	0.11249578122336386
PF3D7_1143400	0.026846492806554757	0.24558274918300654	0.09142366820035738
PF3D7_1143500	0.020723271386890486	0.5839016426156863	0.5364984709796738
PF3D7_1143600	0.0	0.013836552288888889	0.005491392115479115
PF3D7_1143700	0.0015987210231814548	0.00261437908496732	0.011075488608666518
PF3D7_1143800	0.017585931254996003	0.07539830066405229	0.032670239559749834
PF3D7_1143900	0.009260561551558752	0.006535947712418301	0.027642369332812153
PF3D7_1144000	0.03597122302158273	0.00392156862745098	0.07542980791154792
PF3D7_1144100	0.00686248001678657	0.012529362746405228	0.04879039256444047
PF3D7_1144200	0.01005992206314948	0.00130718954248366	0.01263903562675899
PF3D7_1144300	0.007993605115907274	0.0	0.012955103864194774
PF3D7_1144400	0.002398081534772182	0.0	0.008504984498101407
PF3D7_1144500	0.007993605115907274	0.00261437908496732	0.030622009717891443
PF3D7_1144600	0.01005992206314948	0.00784313725490196	0.03017528199843645
PF3D7_1144700	0.0015987210231814548	0.01514374183137255	0.043391704826669646
PF3D7_1144800	0.003996802557953637	0.01045751633986928	0.036020697455662276
PF3D7_1144900	0.0015987210231814548	0.05435942810588235	0.02047392854567791
PF3D7_1145000	0.002398081534772182	0.04074500000261438	0.011614920705829796
PF3D7_1145100	0.02331728617266187	0.09816305556470589	0.060595088791824875
PF3D7_1145200	0.006063119505195843	2.35126276879085	0.040470573929193655
PF3D7_1145300	0.002398081534772182	0.03344439542614379	0.03665283393053384
PF3D7_1145400	0.06088723021742606	0.4520054982130719	0.19278702673174
PF3D7_1145500	0.005595523581135092	0.00522875816993464	0.040749293614250615
PF3D7_1145600	0.003996802557953637	0.03736596405359477	0.03555317246035291
PF3D7_1145700	0.003996802557953637	0.029744950984313723	0.03415787636922046
PF3D7_1145800	0.023181454836131096	0.00784313725490196	0.03972517869332142
PF3D7_1145900	0.0	0.01568627450980392	0.004243913334822426
PF3D7_1146000	0.02844521382973621	0.006535947712418301	0.04160479394884968
PF3D7_1146100	0.0007993605115907274	0.0	0.001917570359839178
PF3D7_1146200	0.003996802557953637	0.0	0.0035738217556399374
PF3D7_1146300	0.0	0.00261437908496732	0.0006700915791824883
PF3D7_1146600	0.02058744005035971	1.1873659059699346	0.24601221837167747
PF3D7_1146700	0.0	0.02091503267973856	0.006608211414116596
PF3D7_1146800	0.0015987210231814548	0.00130718954248366	0.014570124367656914
PF3D7_1146900	0.0015987210231814548	0.00392156862745098	0.005807460352914898
PF3D7_1147000	0.0007993605115907274	0.17018444851895426	0.06252139268394014
PF3D7_1147100	0.0	0.00261437908496732	0.0
PF3D7_1147200	0.0	0.139574428124183	0.00236429807929417
PF3D7_1147300	0.02751132342286171	0.2355716094535948	0.4081813008771499
PF3D7_1147400	0.0	0.00130718954248366	0.00044672771945499217
PF3D7_1147500	0.005263758993605116	0.0	0.006700915791824883
PF3D7_1147600	0.005263758993605116	0.04903238562875817	0.08463004803082422
PF3D7_1147700	0.0028656774588329335	0.006535947712418301	0.027288345991065447
PF3D7_1147800.1	0.0007993605115907274	0.0	0.00022336385972749609
PF3D7_1147900	0.0015987210231814548	0.023529411764705882	0.00513736877373241
PF3D7_1148000	0.014314061227817747	0.04511081700130719	0.21477785214094258
PF3D7_1148700	0.12058453486250997	0.009150326797385621	0.038090088232745144
PF3D7_1148800	0.014388489208633094	0.00130718954248366	0.007147643511279875
PF3D7_1148900	0.0007993605115907274	0.0	0.00044672771945499217
PF3D7_1149000	0.34455989589208635	0.10387494752156863	1.149141024221577
PF3D7_1149100.1	0.08648239409592326	0.009150326797385621	0.35873951414295285
PF3D7_1149100.2	0.007194244604316547	0.0	0.04058067902792048
PF3D7_1149200	0.08653487076418866	0.05124452458169935	0.02997307907393344
PF3D7_1149300	0.02757142533733014	0.01645093137385621	0.017422381058744694
PF3D7_1149400	0.024448411271782575	0.0	0.04525452591311146
PF3D7_1149600	0.04756976419344524	0.010335804700653595	0.01373906075631003
PF3D7_1149900	0.002398081534772182	0.0	0.0030343896584766584
PF3D7_1150400	0.002398081534772182	0.00130718954248366	0.002219485802769712
PF3D7_1000100	0.0107556572509992	0.047129536630065354	0.0017869108778199687
PF3D7_1000200	0.0	0.00130718954248366	0.0006700915791824883
PF3D7_1000600	0.015459512393285371	0.004686225491503267	0.01638147196872906
PF3D7_1001000	0.07088705036610711	0.00392156862745098	0.08233365394661603
PF3D7_1001100.2	0.0007993605115907274	0.0	0.0006700915791824883
PF3D7_1001100.1	0.012458003597921662	0.00392156862745098	0.0032577535182041545
PF3D7_1001200	0.046106874506794564	0.0196078431372549	0.2241130256030824
PF3D7_1001300	0.012925599521982413	0.013071895424836602	0.18469445429618048
PF3D7_1001400	0.1772332534228617	0.00392156862745098	0.040808409653786015
PF3D7_1001500	0.812132321077538	0.03320097214771242	0.16510946890306008
PF3D7_1001600	0.026286307370103915	1.3267071439908498	0.6030841251235202
PF3D7_1001700	0.07014779176898482	1.4038243036810458	0.23143809089725262
PF3D7_1001800	0.010391686650679457	0.05381689542745098	0.006477551932097387
PF3D7_1001900	0.019184652278177457	0.00392156862745098	0.01947061090060308
PF3D7_1002000	0.017254166667466028	0.00130718954248366	0.004597936676569131
PF3D7_1002100	0.07821712630695443	0.03758808823921569	0.03631997152401162
PF3D7_1002200	0.02571536770743405	0.08955526144575163	0.16534979169309805
PF3D7_1002300	0.0015987210231814548	0.0	0.0017869108778199687
PF3D7_1002400.1	0.002398081534772182	0.00261437908496732	0.009604645968282331
PF3D7_1002500	0.005595523581135092	0.005993415033986928	0.017553040540763905
PF3D7_1002600	0.011191047162270184	0.006535947712418301	0.10775475766182711
PF3D7_1002700	0.007194244604316547	0.09227005307712417	0.07611378153115925
PF3D7_1002800	0.01864262837330136	0.02821563725620915	0.15513851771029707
PF3D7_1002900	0.002398081534772182	0.01568627450980392	0.018800519321420593
PF3D7_1003000	0.0	0.6295722241058823	0.059453124692204595
PF3D7_1003100	0.0	0.00261437908496732	0.013309127205941478
PF3D7_1003200	0.0031974420463629096	0.00130718954248366	0.013570446169979896
PF3D7_1003300	0.008792965627498001	0.01437908496732026	0.011838284565557293
PF3D7_1003400	0.004464398482014388	0.6996610686156862	0.1122575151556846
PF3D7_1003500	0.0319744204636291	0.00784313725490196	0.06254624748983695
PF3D7_1003600	0.0007993605115907274	0.27015675635816994	0.0008934554389099843
PF3D7_1003700	0.0015987210231814548	0.02037250000130719	0.01891438463435336
PF3D7_1003800	0.07554738209912071	0.025058725492810456	0.1606759255668975
PF3D7_1003900	0.0007993605115907274	0.00130718954248366	0.00526802825575162
PF3D7_1004000	0.5803576778329337	0.12265167717254902	0.9346590574672773
PF3D7_1004100	0.0015987210231814548	0.0	0.0034811173779316505
PF3D7_1004200	0.10331604212869705	1.0003622454339869	0.8065934308333705
PF3D7_1004300	0.08494377498721023	0.26334087009934637	0.2685985676426178
PF3D7_1004400	0.07055528577857714	0.21366553924575163	0.23714331235715883
PF3D7_1004500	0.014388489208633094	0.08410437909019608	0.05262553328411883
PF3D7_1004600	0.010391686650679457	0.5800979355137255	0.16883498584208176
PF3D7_1004700	0.0007993605115907274	0.00392156862745098	0.013755854925396471
PF3D7_1004800	0.003996802557953637	0.012529362746405228	0.045756002905963815
PF3D7_1004900	0.011658643086330935	0.03867315359607843	0.1669005284078624
PF3D7_1005000	0.0015987210231814548	0.008607794118954248	0.011206148090685727
PF3D7_1005100	0.029244574341326938	0.015365866016993463	0.055740199917355376
PF3D7_1005200	0.0	0.00392156862745098	0.002680366316729953
PF3D7_1005300	0.0	0.00130718954248366	0.0013401831583649765
PF3D7_1005400	0.0	0.0	0.0006700915791824883
PF3D7_1005500	0.05616679656994405	0.1809858006836601	0.28660783808956886
PF3D7_1005600	0.058760811355715425	0.09303470994117648	0.10132758823698906
PF3D7_1005700	0.0007993605115907274	0.0196078431372549	0.013793810029707393
PF3D7_1005900	0.008129436452438049	0.15713598042614377	0.19417126796761222
PF3D7_1006000	0.0015987210231814548	0.00261437908496732	0.004597936676569131
PF3D7_1006100	0.0007993605115907274	0.0	0.00035402334174670534
PF3D7_1006200	0.006394884092725819	0.00392156862745098	0.023398455997989728
PF3D7_1006300	0.0	0.0	0.002457002457002457
PF3D7_1006400	0.006394884092725819	0.00392156862745098	0.01982463424234979
PF3D7_1006500	0.0007993605115907274	0.00392156862745098	0.021742204602188966
PF3D7_1006600	0.02331728617266187	0.01568627450980392	0.07340273900491401
PF3D7_1006700	0.0774177657953637	0.013836552288888889	0.09050941548559302
PF3D7_1006800	0.1115943345427658	0.022222222222222223	0.14425613483448738
PF3D7_1006900	0.002398081534772182	0.0	0.01027473754746482
PF3D7_1007000	0.010391686650679457	0.02037250000130719	0.038401789704042885
PF3D7_1007100	0.002398081534772182	0.00784313725490196	0.01982463424234979
PF3D7_1007200	0.0015987210231814548	0.405510506454902	0.04454647922961805
PF3D7_1007300	0.0	0.2609617031359477	0.0032577535182041545
PF3D7_1007400	0.058624980019184654	0.5504209211176471	0.17307916993098055
PF3D7_1007500	0.025579536370903277	0.05305223856339869	0.10505323040987269
PF3D7_1007600	0.0	0.00522875816993464	0.002903730176457449
PF3D7_1007700	0.019184652278177457	0.01045751633986928	0.04905171152847889
PF3D7_1007800	0.002398081534772182	0.006535947712418301	0.0048592556406075495
PF3D7_1007900	0.08274162670343725	0.040202467324183006	0.1879190375588564
PF3D7_1008000	0.19379010187609913	0.9100351907986928	0.6759706458338173
PF3D7_1008100	0.30116695280095923	1.142595317985621	0.7979797855358498
PF3D7_1008200	0.003996802557953637	0.18367089286928104	0.09833661142707169
PF3D7_1008400	0.03864096722941646	0.32480646240653593	0.17366128755796292
PF3D7_1008500	0.032773780975219824	0.48737202609542485	0.21322996697811034
PF3D7_1008600	0.0	0.0	0.0017869108778199687
PF3D7_1008700	0.0537362274372502	0.5707996932326798	0.497220555478222
PF3D7_1008800	0.1402354816235012	0.01645093137385621	0.17306637886866205
PF3D7_1008900	0.007993605115907274	0.00784313725490196	0.052680646216886305
PF3D7_1009000	0.011990407673860911	0.00392156862745098	0.019154542663167302
PF3D7_1009100	0.0007993605115907274	0.0	0.0008007510612016975
PF3D7_1009200	0.003996802557953637	0.0	0.006924279651552379
PF3D7_1009300	0.006394884092725819	0.02091503267973856	0.06135788474871566
PF3D7_1009400	0.013589128697042365	0.01437908496732026	0.027102937235648872
PF3D7_1009500	0.02011984412629896	0.021679689543790848	0.17920670162809918
PF3D7_1009600	0.04343713029896083	0.00261437908496732	0.15898572217355372
PF3D7_1009700	0.0007993605115907274	0.40344997425620915	0.002903730176457449
PF3D7_1009800	0.042034342526778574	0.2031845955738562	0.07788681036855037
PF3D7_1009900	0.037705775381294965	0.027450980392156862	0.10318604255729283
PF3D7_1010000	0.036574650282174256	0.06896063725882352	0.2985482686428412
PF3D7_1010100	0.026846492806554757	0.02690844771372549	0.048512279431315614
PF3D7_1010200	0.1622871128017586	0.04619588235816993	0.233786302885191
PF3D7_1010300	0.01692240207993605	0.18239127453333334	0.04776627764351128
PF3D7_1010400	0.0028656774588329335	0.056852095551633994	0.00887980511570248
PF3D7_1010500	0.0	0.012529362746405228	0.0006700915791824883
PF3D7_1010600	0.014388489208633094	0.01045751633986928	0.037322925509716325
PF3D7_1010700	0.046830505596322944	0.043901911766013074	0.1346098943144963
PF3D7_1010800	0.002398081534772182	0.0	0.008711190529372347
PF3D7_1010900	0.04903265388009592	0.01045751633986928	0.07425823933951306
PF3D7_1011000	0.0	0.02690844771372549	0.01053605651150324
PF3D7_1011100	0.007993605115907274	0.018300653594771243	0.04132668081572481
PF3D7_1011200.1	0.0	0.00392156862745098	0.002903730176457449
PF3D7_1011300	0.0015987210231814548	0.025601258171241828	0.026732119724815723
PF3D7_1011400	0.024448411271782575	0.0695031699372549	0.1282834354809024
PF3D7_1011500	0.0031974420463629096	0.004686225491503267	0.005807460352914898
PF3D7_1011600	0.009728157475619503	0.01437908496732026	0.03203810308487826
PF3D7_1011700	0.0658192246235012	0.05305223856339869	0.12234495198659816
PF3D7_1011800	0.4114896592861711	0.6548579785359476	0.9148543766263123
PF3D7_1011900	0.004796163069544364	0.11745049020915033	0.08328586176569132
PF3D7_1012000	0.05189833133892886	0.34545251623660134	0.15865722653316955
PF3D7_1012100	0.010391686650679457	0.08716300654640523	0.05977754356153674
PF3D7_1012200	0.0	0.7284297671424836	0.00625418807236989
PF3D7_1012300	0.00686248001678657	0.15893671974379084	0.08042008669354479
PF3D7_1012400	0.9260859769464429	0.1064291420980392	1.4232176688947955
PF3D7_1012500	0.007194244604316547	0.00784313725490196	0.013401831583649765
PF3D7_1012600	0.030375699440447643	0.00261437908496732	0.028835098840071474
PF3D7_1012700	0.03963626099200639	0.2691891461620915	0.2523814908226491
PF3D7_1012800	0.0015987210231814548	0.00261437908496732	0.022821068796515524
PF3D7_1012900	0.032773780975219824	0.07473192810718954	0.0781145409944159
PF3D7_1013000	0.010391686650679457	0.09848346405751633	0.034511899710967166
PF3D7_1013100	0.06308937850119904	0.03344439542614379	0.14410067496984588
PF3D7_1013200	0.03830920264188649	0.3628132434457516	0.15123989418494527
PF3D7_1013300	0.016786570743405275	0.023529411764705882	0.07777731182175564
PF3D7_1013400	0.002398081534772182	0.06252510209281047	0.09340071825910207
PF3D7_1013500	0.10246960432773781	0.4240567115673203	0.31928405946906413
PF3D7_1013600	0.022967360053557154	0.4102545463071895	0.32662904739155685
PF3D7_1013700	0.003996802557953637	0.051745049020915035	0.029113211973196336
PF3D7_1013800	0.004796163069544364	1.4517570763934642	0.03847806357203484
PF3D7_1013900	0.08513970823820943	0.12583616014248367	0.14000858205226713
PF3D7_1014000	0.0	0.006535947712418301	0.00625418807236989
PF3D7_1014100	0.0007993605115907274	0.4531773183359477	0.0030343896584766584
PF3D7_1014300	0.02698232414308553	0.41497659271764703	0.5650623762349788
PF3D7_1014400	0.007993605115907274	0.00392156862745098	0.016474176346437348
PF3D7_1014500	0.01325736410951239	0.007300604576470588	0.032577535182041546
PF3D7_1014600	0.14737092575459632	0.979320968813072	0.6495406503984811
PF3D7_1014700	0.025579536370903277	0.00130718954248366	0.0628834766624972
PF3D7_1014800	0.0028656774588329335	0.0714767320366013	0.07132128448425284
PF3D7_1014900	0.012458003597921662	1.7812028402810456	0.126072620360956
PF3D7_1015000	0.002398081534772182	0.039980343138562094	0.004597936676569131
PF3D7_1015100	0.007993605115907274	0.013071895424836602	0.028051141947956222
PF3D7_1015200.1	0.0007993605115907274	0.0	0.0035738217556399374
PF3D7_1015200.2	0.0	0.0	0.004690641054277418
PF3D7_1015300	0.11106663670423661	0.00522875816993464	0.1284180980696895
PF3D7_1015400	0.004796163069544364	0.03867315359607843	0.10196008837123073
PF3D7_1015500	0.005595523581135092	0.00784313725490196	0.02094145354098727
PF3D7_1015600	0.04103904876418865	0.05403901961307189	0.1089431204029484
PF3D7_1015700.1	0.0	0.022222222222222223	0.022243681595041323
PF3D7_1015800	0.006530715429256594	0.059267777783006535	0.10255026663502345
PF3D7_1015900	0.33361554033733015	0.03181679739084967	0.5429949043229841
PF3D7_1016000	0.002398081534772182	0.13390142158300655	0.008525781773955774
PF3D7_1016100	0.0007993605115907274	0.00130718954248366	0.0
PF3D7_1016200	0.012458003597921662	0.021679689543790848	0.027549664955103866
PF3D7_1016300	1.253160993911271	0.316472071475817	1.9269434328997097
PF3D7_1016400	0.06962009393045564	0.009150326797385621	0.13850378741433997
PF3D7_1016500	0.003996802557953637	0.0	0.003835140719678356
PF3D7_1016600	0.0031974420463629096	0.00522875816993464	0.009604645968282331
PF3D7_1016700	0.0646880995243805	0.00522875816993464	0.022134183048246596
PF3D7_1016800	0.04619589217905676	0.022100510583006536	0.0180588842997543
PF3D7_1016900	0.0015987210231814548	0.0196078431372549	0.01844649597967389
PF3D7_1017000	0.008792965627498001	0.030065359477124184	0.1297546417806567
PF3D7_1017100	0.0	0.543241597075817	0.008302417914228278
PF3D7_1017200	0.0015987210231814548	0.00392156862745098	0.004151208957114139
PF3D7_1017300.1	0.002398081534772182	0.00130718954248366	0.0006700915791824883
PF3D7_1017400	0.04250193845083933	0.01514374183137255	0.03237096549140049
PF3D7_1017500	0.0	0.013071895424836602	0.0017869108778199687
PF3D7_1017600	0.17216542768025578	0.08824807190326797	0.4053426667516194
PF3D7_1017700	0.003996802557953637	0.04281684640915032	0.01861511056600402
PF3D7_1017800	0.017585931254996003	0.02690844771372549	0.06481784119142282
PF3D7_1017900	0.017585931254996003	0.14697331700784314	0.14003811286039758
PF3D7_1018000	0.02571536770743405	0.047503071900653594	0.17245618507102972
PF3D7_1018100	0.002066316947242206	0.005450882355555554	0.004690641054277418
PF3D7_1018200	0.009260561551558752	1.9328405323464053	0.2297049842861291
PF3D7_1018300	0.03610705435811351	0.04476698117647059	0.08598702535827563
PF3D7_1018400	0.009260561551558752	0.00261437908496732	0.006608211414116596
PF3D7_1018500	0.008792965627498001	0.00392156862745098	0.026879573375921374
PF3D7_1018600	0.09627065348601119	0.2346831127111111	0.16304531773106992
PF3D7_1018700	0.10013162470743406	0.24013186682745097	0.13155761950882286
PF3D7_1018800	0.007194244604316547	0.027450980392156862	0.024999958120393122
PF3D7_1018900	0.010527517987210232	0.01699346405228758	0.034941833261335715
PF3D7_1019000	0.24017247452118307	0.7482090544261438	0.6395668784152334
PF3D7_1019100	0.004796163069544364	1.0203838580849673	0.07951280078378378
PF3D7_1019200	0.0	0.005993415033986928	0.0
PF3D7_1019300	0.0031974420463629096	0.08486903595424837	0.08008722428702256
PF3D7_1019400	0.005595523581135092	0.0	0.002903730176457449
PF3D7_1019500.1	0.0	0.00261437908496732	0.0
PF3D7_1019500.2	0.0	0.00130718954248366	0.00044672771945499217
PF3D7_1019600	0.0015987210231814548	0.3234502899607843	0.058976792500335044
PF3D7_1019700	0.006063119505195843	0.4005724573320262	0.2620007653908868
PF3D7_1019800	0.0415066446882494	0.7603181398392157	0.40412823480053606
PF3D7_1019900	0.0	0.13333758981176472	0.0033504578959124413
PF3D7_1020000	0.04103904876418865	0.03813062091764706	0.1596937688570471
PF3D7_1020100	0.0	0.00522875816993464	0.00022336385972749609
PF3D7_1020200	0.0015987210231814548	0.10960735295424837	0.03095923889055171
PF3D7_1020300	0.0	0.028437761441830064	0.005044664396024123
PF3D7_1020400	0.02571536770743405	0.00522875816993464	0.02857377987603306
PF3D7_1020500	0.0015987210231814548	0.00261437908496732	0.026340141278758097
PF3D7_1020600	0.029380405677857713	0.0302874836627451	0.12417018162809917
PF3D7_1020700	0.07794546363389289	0.00784313725490196	0.08114893065289257
PF3D7_1020800	0.007661840528377298	0.00392156862745098	0.013777015860620951
PF3D7_1020900	0.0899358713077538	0.6212062687346406	0.5025110562052714
PF3D7_1021000	0.016123041568345323	0.13126574340522876	0.31007716178088
PF3D7_1021100	0.010391686650679457	0.01699346405228758	0.03460460408867545
PF3D7_1021200	0.008792965627498001	0.14524743466535947	0.18614595429819075
PF3D7_1021300	0.0007993605115907274	0.00261437908496732	0.014518650882287246
PF3D7_1021400	0.0007993605115907274	0.006535947712418301	0.007817735090462363
PF3D7_1021500	0.14803445492965628	0.06503906863137254	0.20413948307214655
PF3D7_1021600	0.0031974420463629096	0.00130718954248366	0.01692090406589234
PF3D7_1021700	0.2984294825851319	1.5108923558496732	0.6828411329644851
PF3D7_1021800	0.05105674885931255	2.3103189079895423	0.9477355873006477
PF3D7_1021900	0.10636079274820143	0.7780792929869281	1.01193029129283
PF3D7_1022000	0.0841444144756195	0.043901911766013074	0.243192021716998
PF3D7_1022100	0.04250193845083933	0.008607794118954248	0.024945208846995755
PF3D7_1022200	0.023980815347721823	0.02091503267973856	0.09840269712530712
PF3D7_1022300	0.0	0.0	0.0033504578959124413
PF3D7_1022400	0.2572790866682654	0.10576276954117647	0.5607612955485817
PF3D7_1022500	0.007194244604316547	0.05250970588496732	0.03361844427205719
PF3D7_1022600	0.18448759994164668	0.011222173203921569	0.18849964612508374
PF3D7_1022700	0.0	0.022222222222222223	0.00044672771945499217
PF3D7_1022800	0.004464398482014388	0.11005160132549019	0.13645155446571364
PF3D7_1022900	0.0	0.00130718954248366	0.0008934554389099843
PF3D7_1023000	0.012458003597921662	0.13367929739738563	0.0781145409944159
PF3D7_1023100	0.0015987210231814548	0.0	0.019491771835827565
PF3D7_1023200	0.04663457234532374	0.006535947712418301	0.07183482522068349
PF3D7_1023300	0.008461201039968025	0.01437908496732026	0.1061492524326558
PF3D7_1023400	0.0	0.01437908496732026	0.02540873073553719
PF3D7_1023500	0.008129436452438049	0.012529362746405228	0.10905261894974312
PF3D7_1023600	0.0085970323764988	0.11222173203921568	0.21833515048157248
PF3D7_1023700	0.0	0.0	0.00022336385972749609
PF3D7_1023800	0.004464398482014388	0.01906531045882353	0.04155441144159035
PF3D7_1023900	0.8119772772406075	2.6865300306601307	1.9331476475085994
PF3D7_1024000	0.04889682254356515	0.06721132758431372	0.22589593337413444
PF3D7_1024100	0.005595523581135092	0.01568627450980392	0.05015173665802993
PF3D7_1024200	0.0015987210231814548	0.0	0.009604645968282331
PF3D7_1024300	0.003996802557953637	0.00130718954248366	0.023621819857717222
PF3D7_1024400	0.0015987210231814548	0.08062705883398692	0.06784417021308912
PF3D7_1024500	0.003996802557953637	0.006535947712418301	0.04869768818673219
PF3D7_1024600	0.01132687849880096	0.015908398695424836	0.09434419254590128
PF3D7_1024700	0.01838529176658673	0.025601258171241828	0.24767827503685502
PF3D7_1024800	0.6231394136155076	0.1513178349137255	0.6794939850522672
PF3D7_1024900	0.02458424260831335	0.027673104577777777	0.17085795873665402
PF3D7_1025000	0.03723817945723421	0.5499327319385621	0.10425247934867099
PF3D7_1025100	0.014388489208633094	0.1461103758366013	0.12530852552133126
PF3D7_1025200	0.0015987210231814548	0.01699346405228758	0.02414445778579406
PF3D7_1025300	0.05788702286330935	0.0885706086352941	0.37173437216752286
PF3D7_1025400	0.0007993605115907274	0.4861631208601307	0.024199207059191423
PF3D7_1025500	0.018521123103117505	0.17094910538300653	0.27634158949542104
PF3D7_1025600	0.003996802557953637	0.00784313725490196	0.07297280545454546
PF3D7_1025700	0.003996802557953637	0.00522875816993464	0.025092662498101406
PF3D7_1025800	0.0007993605115907274	0.03813062091764706	0.028350416016305564
PF3D7_1025900	0.01005992206314948	1.220911913096732	0.24659450073039982
PF3D7_1026000	0.13844082734932056	0.08671875817516339	0.2652375034940809
PF3D7_1026100	0.002398081534772182	0.00130718954248366	0.018838474425731517
PF3D7_1026200	0.006394884092725819	0.0	0.015934744249274067
PF3D7_1026300	0.01499191646922462	0.013836552288888889	0.14571091062452535
PF3D7_1026400	0.0	0.009150326797385621	0.008656441255974983
PF3D7_1026600	0.04837820969144684	0.5357244231620916	0.030681125757426847
PF3D7_1026800	0.06728211431015188	0.009150326797385621	0.0924266221860621
PF3D7_1027000	0.008129436452438049	0.00522875816993464	0.06236556915992852
PF3D7_1027100	0.1002073541294964	0.011222173203921569	0.11367208022090686
PF3D7_1027200	0.002398081534772182	0.00130718954248366	0.008395122291936565
PF3D7_1027300	0.4133113146626699	3.0517362961071894	1.149704902833594
PF3D7_1027400	0.003996802557953637	0.00522875816993464	0.007948394572481572
PF3D7_1027500	0.005595523581135092	0.00130718954248366	0.008041098950189859
PF3D7_1027600	0.0015987210231814548	0.017758120916339867	0.011206148090685727
PF3D7_1027700.2	0.0	0.00130718954248366	0.0006700915791824883
PF3D7_1027700.1	0.0	0.00261437908496732	0.006608211414116596
PF3D7_1027800	0.5588421896139089	0.14232810517124184	0.857817832131338
PF3D7_1027900	0.0	0.0	0.0017869108778199687
PF3D7_1028000	0.052893625101518786	0.009150326797385621	0.04985246258968059
PF3D7_1028100	0.0031974420463629096	0.013836552288888889	0.006924279651552379
PF3D7_1028200	0.0007993605115907274	0.021679689543790848	0.02008595320638821
PF3D7_1028300	0.02571536770743405	0.00261437908496732	0.04087995309626982
PF3D7_1028400	0.0164548061558753	0.00261437908496732	0.025446685839848115
PF3D7_1028500	0.13224187650759392	0.08040493464836601	0.2431277571693098
PF3D7_1028600	0.002398081534772182	0.0712546078509804	0.06947525756689749
PF3D7_1028700	0.0007993605115907274	0.38904345389803924	0.06351997990350682
PF3D7_1028800	0.002398081534772182	0.06427441176732027	0.046872822204601296
PF3D7_1028900	0.0	0.05426114379869281	0.0013401831583649765
PF3D7_1029100.1	0.0	0.0	0.0006700915791824883
PF3D7_1029100.2	0.0	0.0	0.00022336385972749609
PF3D7_1029200	0.04123498201518785	0.007300604576470588	0.06035493076301095
PF3D7_1029300	0.022186161073541166	0.013836552288888889	0.1546421892255975
PF3D7_1029400	0.10792929657234213	0.26296733482875817	0.2601552476533393
PF3D7_1029500	0.0	0.0	0.0032577535182041545
PF3D7_1029600	0.0031974420463629096	0.0	0.006477551932097387
PF3D7_1029700	0.0	0.00784313725490196	0.0006700915791824883
PF3D7_1029800	0.0007993605115907274	0.013071895424836602	0.018130427742238105
PF3D7_1029900	0.007194244604316547	1.5442845492156863	0.4341145920978334
PF3D7_1030000	0.0007993605115907274	0.00130718954248366	0.0016942065001116819
PF3D7_1030100	0.07102288170263789	0.06656838235947712	0.19044789269443824
PF3D7_1030200	0.003996802557953637	0.15197995099215686	0.0006700915791824883
PF3D7_1030300	0.10814085733093526	0.562873298648366	0.24804889545767253
PF3D7_1030400	0.004796163069544364	0.09969236929281046	0.01360840127429082
PF3D7_1030500	0.01325736410951239	0.06918276144444445	0.0713756700982801
PF3D7_1030600	0.05762968625659473	0.021679689543790848	0.08252306580880053
PF3D7_1030700	0.02651472821902478	0.00130718954248366	0.02678686899821309
PF3D7_1030800	0.007661840528377298	0.4602137703856209	0.08897576293500112
PF3D7_1030900	0.0	0.00522875816993464	0.0006700915791824883
PF3D7_1031100	0.008792965627498001	0.04281684640915032	0.013663150547688184
PF3D7_1031200	0.0015987210231814548	0.2809024224013072	0.003127094036184945
PF3D7_1031300	0.01965224820223821	0.09937196079999999	0.15862878670314942
PF3D7_1031400.1	0.0	0.009150326797385621	0.00044672771945499217
PF3D7_1031400.2	0.0	0.00130718954248366	0.00022336385972749609
PF3D7_1031500	0.03370897282334133	0.08486903595424837	0.1264249811605986
PF3D7_1031600	0.058624980019184654	0.14697544524705883	0.269732618433996
PF3D7_1031700	0.0	0.011764705882352941	0.008041098950189859
PF3D7_1031800	0.004931994406075139	0.2978724591215686	0.219853772736654
PF3D7_1031900	0.004796163069544364	0.0196078431372549	0.04588666238798302
PF3D7_1032000	0.020451608713828937	0.06471866013856209	0.26500394861112353
PF3D7_1032100	0.08467211231414869	0.13269464458692812	0.23233953330868884
PF3D7_1032200	0.0	0.00130718954248366	0.002903730176457449
PF3D7_1032300	0.04423649081055156	0.009150326797385621	0.16080216385950413
PF3D7_1032400	0.003665037970423661	0.0368234313751634	0.06445139044672771
PF3D7_1032500	0.0007993605115907274	0.00522875816993464	0.011075488608666518
PF3D7_1032600	0.0015987210231814548	0.006535947712418301	0.011298852468394014
PF3D7_1032700	0.028113449242206233	0.1415224346522876	0.12628267601764576
PF3D7_1032800	0.01132687849880096	0.04935279412156863	0.15134975639111012
PF3D7_1032900	0.051762500002398085	0.009150326797385621	0.061189270162385526
PF3D7_1033000	0.015187849720223821	0.01645093137385621	0.053072261003573824
PF3D7_1033100	0.45036918837569945	1.0979026195607844	1.1353581472718337
PF3D7_1033200	0.16142765037569945	0.3656075796352941	0.40709516244985483
PF3D7_1033300	0.02971217026538769	0.0	0.07604515021733303
PF3D7_1033400	0.03164265587609912	0.00392156862745098	0.04778743857873576
PF3D7_1033500	0.10939218625899282	0.1308683496980392	0.26820471647643507
PF3D7_1033600	0.07860899280895284	0.07453535949281045	0.21029405153138261
PF3D7_1033700	0.21187741809432456	0.11375104576732026	0.44085930641679694
PF3D7_1033800	0.0	0.00130718954248366	0.0013401831583649765
PF3D7_1033900	0.02571536770743405	0.5661794279843136	0.34559809067076164
PF3D7_1034000	0.008792965627498001	0.04881026144313726	0.03976313379763234
PF3D7_1034100	0.0	0.0	0.0006700915791824883
PF3D7_1034200	0.002066316947242206	0.01906531045882353	0.025244482915345097
PF3D7_1034300	0.0	0.0	0.0010241149209291936
PF3D7_1034400	0.002398081534772182	0.006535947712418301	0.01692090406589234
PF3D7_1034500	0.0085970323764988	0.10664913804444444	0.14126042759906188
PF3D7_1034600	0.008792965627498001	0.30519436279084966	0.22455975332253741
PF3D7_1034700	0.0	0.00130718954248366	0.00022336385972749609
PF3D7_1034800	0.0007993605115907274	0.00392156862745098	0.01027473754746482
PF3D7_1034900	0.06701175307833733	0.10262715687058824	0.3439730241958901
PF3D7_1035000	0.03817337130535572	0.0392156862745098	0.06232725039624749
PF3D7_1035100	0.0031974420463629096	1.0913260266928104	0.1977000659899486
PF3D7_1035200	0.033498713505995203	4.4424696474222225	0.6134467292494975
PF3D7_1035300	0.0	1.0325426234352941	0.008575456203484476
PF3D7_1035400	0.013860791370103915	1.9742076046509802	0.368750842329015
PF3D7_1035500	0.0015987210231814548	0.7086341610993464	0.0030343896584766584
PF3D7_1035600	0.0015987210231814548	0.35519010213725494	0.03719663279383516
PF3D7_1035700	0.0031974420463629096	0.8236658929856209	0.07489146679249498
PF3D7_1035800	0.013589128697042365	0.00130718954248366	0.0040205494750949295
PF3D7_1035900	0.0007993605115907274	1.6884268727620917	0.0702381464288586
PF3D7_1036000	0.0	0.16036987740392156	0.022340752738887647
PF3D7_1036300	0.0	0.007591313623529412	0.0
PF3D7_1036400	0.0	0.00261437908496732	0.00022336385972749609
PF3D7_1036500	0.0007993605115907274	0.21050553824575163	0.006477551932097387
PF3D7_1036600.1	0.0031974420463629096	0.006535947712418301	0.03291039758856377
PF3D7_1036700	0.007194244604316547	0.0033790359490196075	0.025708004803886533
PF3D7_1036800	0.012789768185451638	0.19938899506405228	0.29958493620058074
PF3D7_1036900	0.27457779660111914	0.2753833862888889	0.7827226836508823
PF3D7_1037000	0.022186161073541166	0.09892771242875817	0.2712377767312933
PF3D7_1037100	0.048233293368505195	0.005993415033986928	0.14572697747487157
PF3D7_1037200	0.0015987210231814548	0.00261437908496732	0.010852124748939021
PF3D7_1037300	0.07874482414548362	0.0196078431372549	0.09481208120058075
PF3D7_1037400	0.006394884092725819	0.3351209680143791	0.03114464764596828
PF3D7_1037500	0.004796163069544364	0.2949142442117647	0.015226697565780656
PF3D7_1037600	0.010527517987210232	0.06111750000392157	0.03568783504914005
PF3D7_1037700	0.03563945843405276	0.00130718954248366	0.023436411102300648
PF3D7_1037800	0.0007993605115907274	0.008607794118954248	0.004243913334822426
PF3D7_1037900	0.010391686650679457	0.1379468300888889	0.11288521120013402
PF3D7_1038000.2	0.03131089128856914	0.16125411766797385	0.15494837852937235
PF3D7_1038000.1	0.06055546562989609	0.42862122541960784	0.3193285117261559
PF3D7_1038100	0.028581045166266986	0.031594673205228754	0.09695301542014742
PF3D7_1038200	0.003996802557953637	0.0	0.002457002457002457
PF3D7_1038300	0.0	0.00130718954248366	0.002903730176457449
PF3D7_1038400	0.0031974420463629096	0.010679640525490195	0.029648296545231184
PF3D7_1038500	0.0015987210231814548	0.07626124183529412	0.04480779819365647
PF3D7_1038600	0.0007993605115907274	0.018300653594771243	0.002680366316729953
PF3D7_1038700	0.002066316947242206	0.0	0.002457002457002457
PF3D7_1038800	0.022985521585131893	0.01568627450980392	0.009642601072593255
PF3D7_1038900	0.0	0.0	0.0011168192986374804
PF3D7_1039000	0.1717592351119105	0.02875816993464052	0.0910575811150324
PF3D7_1039900	0.0007993605115907274	0.0	0.00022336385972749609
PF3D7_1040000	0.0	0.0	0.00022336385972749609
PF3D7_1040200	0.002066316947242206	0.00261437908496732	0.005415845566227384
PF3D7_1040300	0.002398081534772182	0.00130718954248366	0.0024022531836050925
PF3D7_1040500	0.0	0.0	0.0
PF3D7_1041200	0.0	0.0033790359490196075	0.0
PF3D7_1041300	0.0026554181414868107	0.00522875816993464	0.0020102747375474648
PF3D7_0900100	0.005399590330135891	0.009150326797385621	0.006608211414116596
PF3D7_0900200	0.0	0.00392156862745098	0.0006700915791824883
PF3D7_0901700	0.05615247050359712	0.10346879894901961	0.37326059849475096
PF3D7_0901800	0.006394884092725819	0.027450980392156862	0.07118589457672549
PF3D7_0901900	0.0007993605115907274	0.0	0.0015635470180924726
PF3D7_0902000	0.011990407673860911	0.00261437908496732	0.03289360341947733
PF3D7_0902100	0.0	0.29045227114509803	0.0028110257987491623
PF3D7_0902200	0.04296953437490008	0.022222222222222223	0.06569450246124638
PF3D7_0902300	0.017254166667466028	0.00261437908496732	0.008841850011391556
PF3D7_0902400	0.004464398482014388	0.027673104577777777	0.04348440920437793
PF3D7_0902500	0.01325736410951239	0.00261437908496732	0.002680366316729953
PF3D7_0902600.1	0.042034342526778574	0.011222173203921569	0.056237310144069685
PF3D7_0902800	0.02348203326698641	0.12979211579869282	0.5250760648545901
PF3D7_0903000	0.009728157475619503	0.03312398693333333	0.07167057740049139
PF3D7_0903100	0.002398081534772182	0.0	0.002233638597274961
PF3D7_0903200	0.04856505795603517	0.06580372549542483	0.15271073682532946
PF3D7_0903300	0.024313881376498803	1.034061251227451	0.8223586343477776
PF3D7_0903400	0.22124002194324538	0.20829377034379085	0.4597924700864418
PF3D7_0903500	0.06128039816067146	0.05011745098562091	0.16563261601072146
PF3D7_0903600.1	0.003996802557953637	0.39725257083921567	0.05054371510408756
PF3D7_0903700	0.002398081534772182	0.06274509803921569	0.07491153674960911
PF3D7_0903800	0.003665037970423661	0.00261437908496732	0.005082619500335046
PF3D7_0903900	0.3355535172406075	0.051202516342483656	0.46907079440897925
PF3D7_0904000	0.12231778578097521	0.06286893791764706	0.29386899634197006
PF3D7_0904100	0.03930449640447642	0.10721509805490195	0.24471042764127762
PF3D7_0904200	0.0007993605115907274	0.00261437908496732	0.004243913334822426
PF3D7_0904300	0.0	0.02875816993464052	0.031220557854590124
PF3D7_0904400	0.004796163069544364	0.047503071900653594	0.09267114698101407
PF3D7_0904500	0.009592326139088728	0.013071895424836602	0.04616113607371008
PF3D7_0904600	0.0693484312573941	0.30507265115163396	0.2968939636310029
PF3D7_0904700	0.012458003597921662	0.13627237738954248	0.30465828066048695
PF3D7_0904800	0.015323681056754596	0.09456189543006535	0.2044767122448068
PF3D7_0904900	0.03578604399680256	0.48700760274640525	0.8322383839057405
PF3D7_0905000	0.0	0.00522875816993464	0.027233596717668083
PF3D7_0905100	0.07948408274260592	0.1849073693111111	0.2819519307748492
PF3D7_0905200	0.020451608713828937	0.01645093137385621	0.022951728278534735
PF3D7_0905300	0.0015987210231814548	0.10395990198431372	0.015509177465043556
PF3D7_0905400	0.007194244604316547	2.513546036422222	0.2320925452720572
PF3D7_0905500	0.0007993605115907274	0.16288171570326798	0.018075678468840742
PF3D7_0905600	0.0	0.006535947712418301	0.0020102747375474648
PF3D7_0905700.1	0.0015987210231814548	0.0	0.0020102747375474648
PF3D7_0905800	0.0329096123117506	0.021901813729411763	0.0872556650741568
PF3D7_0905900	0.03164265587609912	0.09902599673594772	0.12263658350078178
PF3D7_0906000	0.036846312955235806	0.10536537583398693	0.13492559889256198
PF3D7_0906100	0.003996802557953637	0.0196078431372549	0.05201019097833371
PF3D7_0906200	0.02058744005035971	0.06373187908888889	0.14027317680433324
PF3D7_0906300	0.002398081534772182	0.009150326797385621	0.008171758432209068
PF3D7_0906400	0.008792965627498001	0.013836552288888889	0.014855880054947508
PF3D7_0906500	0.004796163069544364	0.014257373328104575	0.01152221632812151
PF3D7_0906600	0.36853885897442046	0.03366651961176471	0.3489755507236989
PF3D7_0906700	0.04903265388009592	0.01437908496732026	0.08728998073106992
PF3D7_0906800	0.025247771783373302	0.007300604576470588	0.08853673219298638
PF3D7_0906890	0.011658643086330935	0.0	0.01580408476725486
PF3D7_0906910	0.008461201039968025	0.00130718954248366	0.021556795846772392
PF3D7_0907000	0.011191047162270184	0.00522875816993464	0.028089097052267146
PF3D7_0907100	0.03244201638768985	0.05786230393333333	0.139231559636587
PF3D7_0907200	0.024448411271782575	0.2823078962509804	0.05780122082153228
PF3D7_0907300	0.018852887690647482	0.00261437908496732	0.047079391895242344
PF3D7_0907400	0.08587896683533174	0.6905282987673202	0.38158810917556396
PF3D7_0907500	0.0	0.0564312745124183	0.0006700915791824883
PF3D7_0907600	0.04363306354996003	0.09653545752941176	0.08288109225731517
PF3D7_0907700	0.011191047162270184	0.027450980392156862	0.02237434107706053
PF3D7_0907800	0.02478017585931255	0.14872475492156864	0.14927194131784677
PF3D7_0907900	0.042306005199840124	0.1203852777869281	0.37373753277149874
PF3D7_0908000	0.0	0.10642701385882353	0.014687265468617379
PF3D7_0908100	0.0015987210231814548	0.05904565359738562	0.06333457114809024
PF3D7_0908200	0.0031974420463629096	0.351943737524183	0.13111598587424614
PF3D7_0908300.1	0.002398081534772182	0.00784313725490196	0.02121956667411213
PF3D7_0908300.2	0.0	0.0	0.0006700915791824883
PF3D7_0908400	0.0	0.11636542485228758	0.024422570918918918
PF3D7_0908500	0.008129436452438049	0.865218039282353	0.0779959644969846
PF3D7_0908600	0.008461201039968025	0.0	0.011560171432432433
PF3D7_0908700	0.0031974420463629096	0.021679689543790848	0.010051373687737324
PF3D7_0908800	0.026846492806554757	0.02483660130718954	0.05139484867254858
PF3D7_0908900	0.03117505995203837	0.09347683007320261	0.1019221332669198
PF3D7_0909000	0.0	0.04281684640915032	0.007354213201920929
PF3D7_0909100	0.0	0.02429406862875817	0.007948394572481572
PF3D7_0909200	0.0	0.00261437908496732	0.00044672771945499217
PF3D7_0909300	0.0007993605115907274	0.00130718954248366	0.0037971856153674335
PF3D7_0909400	0.04856505795603517	0.08267547790849673	0.16465888359705158
PF3D7_0909500	0.0	0.017758120916339867	0.00044672771945499217
PF3D7_0909600	0.025383603119904077	0.5601773619098039	0.5672574360582979
PF3D7_0909700	0.019184652278177457	0.08432650327581699	0.028666484253741343
PF3D7_0909800	0.0	0.0	0.002457002457002457
PF3D7_0909900	0.019184652278177457	0.06264681373202614	0.08675018497453652
PF3D7_0910000	0.002066316947242206	0.04249643791633987	0.015821242595711413
PF3D7_0910100	0.04217017386330935	0.10839844771895425	0.15648384937681484
PF3D7_0910200	0.11999543366826537	0.763600990351634	0.5609039752524012
PF3D7_0910300	0.01932048361470823	0.04259472222352941	0.047694734201027475
PF3D7_0910400	0.012789768185451638	0.039437810460130715	0.08187377150547241
PF3D7_0910500	0.06821730615827339	0.5689411395542484	0.24360938519790037
PF3D7_0910600	0.0015987210231814548	0.018300653594771243	0.005807460352914898
PF3D7_0910700	0.0031974420463629096	0.02037250000130719	0.00625418807236989
PF3D7_0910800	0.00686248001678657	0.01437908496732026	0.02888984811346884
PF3D7_0910900	0.0031974420463629096	0.00784313725490196	0.037584244473754747
PF3D7_0911000	0.0	0.026143790849673203	0.04177340853517981
PF3D7_0911100	0.0028656774588329335	0.4097282250575163	0.007408962475318293
PF3D7_0911200	0.0007993605115907274	0.009150326797385621	0.017236972303328123
PF3D7_0911300	0.0007993605115907274	0.00261437908496732	0.015151151016528926
PF3D7_0911400	0.09227385092805755	0.029744950984313723	0.2475913949164619
PF3D7_0911500.1	0.0	0.0	0.0015635470180924726
PF3D7_0911500.2	0.0007993605115907274	0.0	0.0014708426403841858
PF3D7_0911600	0.004132633894484412	0.1393544321777778	0.21176276378512396
PF3D7_0911700	0.015187849720223821	0.24249655052026145	0.19474691896202814
PF3D7_0911800	0.006063119505195843	0.20451521244836599	0.1533103759401385
PF3D7_0911900	0.08545844820063948	0.07103248366535947	0.1498653953696672
PF3D7_0912000	0.03511176059552358	0.04641800654379085	0.21821293453674337
PF3D7_0912100	0.013589128697042365	0.00130718954248366	0.02870443935805227
PF3D7_0912200	0.0031974420463629096	0.00130718954248366	0.005807460352914898
PF3D7_0912400	0.007993605115907274	0.02636591503529412	0.049629098729953094
PF3D7_0912500	0.1918504271055156	0.17790374589542482	0.38617230647911543
PF3D7_0912600	0.01005992206314948	0.006535947712418301	0.049001329021219564
PF3D7_0912700	0.0007993605115907274	0.00130718954248366	0.010498101407192316
PF3D7_0912800	0.03577528977058353	0.02037250000130719	0.0596425173133795
PF3D7_0912900	0.042034342526778574	0.12430897465359476	0.14220790499262898
PF3D7_0913000	0.046830505596322944	0.00522875816993464	0.06772157136788028
PF3D7_0913100	0.0031974420463629096	0.00392156862745098	0.029260665624301987
PF3D7_0913200	0.530250607011191	0.1430990341477124	0.859542415714541
PF3D7_0913300	0.028113449242206233	0.008607794118954248	0.03441919533325888
PF3D7_0913400	0.0007993605115907274	0.00261437908496732	0.008264462809917356
PF3D7_0913500	0.03164265587609912	0.040202467324183006	0.10289550202121957
PF3D7_0913600	0.005595523581135092	0.11340720994248366	0.18347437593701138
PF3D7_0913700	0.10293720025179855	0.18486264288627452	0.6168514546598168
PF3D7_0913800	0.0007993605115907274	0.06819810863398693	0.0008934554389099843
PF3D7_0913900	0.15663018586490807	0.027450980392156862	0.3134790002568685
PF3D7_0914000	0.08701009193445243	0.00784313725490196	0.12216390999731962
PF3D7_0914100	0.018310863785771382	0.7390830974967321	0.21444999091400493
PF3D7_0914200	0.014388489208633094	0.04520910130849673	0.011075488608666518
PF3D7_0914300	0.027645853318145484	0.03813062091764706	0.08427602468907751
PF3D7_0914400	0.0	0.34293227758431377	0.037289337171543445
PF3D7_0914500	0.01818935851558753	0.3179479779620915	0.2726784733906634
PF3D7_0914600	0.0338448041598721	0.08997608248496733	0.07339837223877596
PF3D7_0914700	0.02844521382973621	0.026143790849673203	0.06440906857627876
PF3D7_0914800	0.010527517987210232	0.1237643137359477	0.08543079909202592
PF3D7_0914900	0.01598721023181455	0.16919553923006533	0.04992837279830244
PF3D7_0915000	0.002398081534772182	0.09554867647973857	0.04426836609649319
PF3D7_0915100	0.015187849720223821	0.01699346405228758	0.07373560141143623
PF3D7_0915200	0.00686248001678657	0.01437908496732026	0.04862177797811034
PF3D7_0915300	0.006063119505195843	0.00261437908496732	0.020718089681259773
PF3D7_0915400	0.14224169665627498	0.09392107844444444	0.28864267763792717
PF3D7_0915500	0.0015987210231814548	0.00130718954248366	0.02349116037569801
PF3D7_0915600	0.0164548061558753	0.0	0.02205827283962475
PF3D7_0915700	0.0015987210231814548	0.051424640528104575	0.030714714095599734
PF3D7_0915800	0.0007993605115907274	0.01437908496732026	0.007948394572481572
PF3D7_0915900	0.020783373301358914	0.013071895424836602	0.04862177797811034
PF3D7_0916000	0.002066316947242206	0.6679358523137254	0.034646925959124414
PF3D7_0916100	0.005595523581135092	0.01437908496732026	0.028965758322090685
PF3D7_0916200	0.0691681255139888	0.06079709151111111	0.33234387703127094
PF3D7_0916300	0.0	0.02037250000130719	0.007948394572481572
PF3D7_0916400	0.1271152502917666	0.34404704238692807	0.4686308279787804
PF3D7_0916500	0.0015987210231814548	0.00392156862745098	0.014649310364306457
PF3D7_0916600	0.009592326139088728	0.0	0.00625418807236989
PF3D7_0916700	0.12705384693605115	0.09108457517385621	0.10553791323363859
PF3D7_0916800	0.0	0.0	0.0013401831583649765
PF3D7_0916900	0.04410065947402078	0.22301456289673202	0.12635744082488273
PF3D7_0917000	0.011990407673860911	0.3113396200143791	0.1713174967594371
PF3D7_0917100	0.09820113909672262	0.05403901961307189	0.2481987310087112
PF3D7_0917200	0.0	0.00392156862745098	0.0
PF3D7_0917300	0.0	0.10600619281960785	0.0006700915791824883
PF3D7_0917400	0.0007993605115907274	0.7512188115843138	0.032577898841411664
PF3D7_0917500	0.004796163069544364	0.03344439542614379	0.10585398147107437
PF3D7_0917600	0.037569944044764186	0.006535947712418301	0.07805542495488049
PF3D7_0917700	0.01598721023181455	0.00130718954248366	0.027288345991065447
PF3D7_0917800	0.0031974420463629096	0.00392156862745098	0.008711190529372347
PF3D7_0917900	0.11818645332773779	0.3162463851607843	0.756407356543221
PF3D7_0918000	0.012458003597921662	1.5990440643607842	0.5006208533113692
PF3D7_0918100	0.09280154876658674	0.5373916238784313	0.1694458684764351
PF3D7_0918200.1	0.003996802557953637	0.01699346405228758	0.045309275186508825
PF3D7_0918300	0.011990407673860911	0.00522875816993464	0.019339951418583873
PF3D7_0918400	0.0	0.00130718954248366	0.003127094036184945
PF3D7_0918600	0.002398081534772182	0.030065359477124184	0.0706464624795622
PF3D7_0918700	0.012126239010391686	0.07115632354379084	0.007316258097610007
PF3D7_0918800	0.012789768185451638	0.009150326797385621	0.02349116037569801
PF3D7_0918900	0.023649050760191845	0.05305223856339869	0.07448160319924056
PF3D7_0919000	0.09153459233093525	0.05273183007058824	0.22779270645811928
PF3D7_0919100	0.061686590729016784	0.11907808824444445	0.18459774681170427
PF3D7_0919200	0.0007993605115907274	0.109363929675817	0.002140934219566674
PF3D7_0919300	0.0	0.011222173203921569	0.0006700915791824883
PF3D7_0919400	0.003996802557953637	0.054581552291503264	0.05904833594281885
PF3D7_0919600	0.03224608313669065	0.02298687908627451	0.17110685029774403
PF3D7_0919700	0.010391686650679457	0.00130718954248366	0.03508928691244136
PF3D7_0919800	0.021718565149480416	0.5152676859633987	0.2827997664603529
PF3D7_0919900	0.016048613587529976	2.0332690495738563	0.6447005489984364
PF3D7_0920000	0.0015987210231814548	0.009150326797385621	0.030752669199910654
PF3D7_0920100	0.002398081534772182	0.00261437908496732	0.006477551932097387
PF3D7_0920200	0.012458003597921662	0.10635215688366012	0.2179778513517981
PF3D7_0920300	0.002398081534772182	0.0196078431372549	0.026732119724815723
PF3D7_0920400	0.017585931254996003	0.04118924837385621	0.14885152304176905
PF3D7_0920500	0.0007993605115907274	0.09816305556470589	0.008711190529372347
PF3D7_0920600	0.014856085132693845	0.1808406617124183	0.24198766578981462
PF3D7_0920700	0.0015987210231814548	0.24984815363529408	0.03045339513156131
PF3D7_0920800	0.019184652278177457	0.00261437908496732	0.012099603529595711
PF3D7_0920900	0.050495543566746605	0.03475158496862745	0.1777829657069466
PF3D7_0921000.1	0.003996802557953637	0.00784313725490196	0.014202582644851462
PF3D7_0921000.2	0.0031974420463629096	0.00130718954248366	0.0020102747375474648
PF3D7_0921100	0.008461201039968025	0.00261437908496732	0.038422950639267366
PF3D7_0921200	0.11079497403117507	0.01699346405228758	0.1284728473430869
PF3D7_0921300	0.0015987210231814548	0.00130718954248366	0.002680366316729953
PF3D7_0921400	0.0007993605115907274	0.0	0.002457002457002457
PF3D7_0921500	0.012925599521982413	0.00130718954248366	0.056182560870672325
PF3D7_0921600	0.07661840528377298	0.03867315359607843	0.17107289830020103
PF3D7_0921700	0.060402774203037565	0.2411425063137255	0.6007965925251284
PF3D7_0921800	0.007993605115907274	0.0	0.00513736877373241
PF3D7_0921900	0.18314621552517985	0.02037250000130719	0.3130340392646862
PF3D7_0922000	0.002398081534772182	0.009372450983006535	0.04726552796939915
PF3D7_0922100	0.13245343726618705	0.12366602942875818	0.29046999633035514
PF3D7_0922200	0.011990407673860911	0.07211754902222223	0.08410340699597944
PF3D7_0922300	0.0007993605115907274	0.00130718954248366	0.0059381198349341075
PF3D7_0922400	0.005595523581135092	0.00392156862745098	0.04637134521174894
PF3D7_0922500	0.3586331934044764	0.043137254901960784	0.7481569842191199
PF3D7_0922600	0.04776569744444444	0.02952282679869281	0.10180790429461693
PF3D7_0922700	0.03324137689928058	0.026143790849673203	0.10162686230533839
PF3D7_0922800	0.07301477066906475	0.2196397834261438	0.4676573038749163
PF3D7_0922900	0.0007993605115907274	0.0	0.0059381198349341075
PF3D7_0923000	0.011191047162270184	0.0	0.018893223699128884
PF3D7_0923100	0.0007993605115907274	0.0	0.0013401831583649765
PF3D7_0923200	0.020451608713828937	0.00130718954248366	0.027102937235648872
PF3D7_0923300	0.0007993605115907274	0.0	0.0011168192986374804
PF3D7_0923400	0.04776569744444444	0.011222173203921569	0.1733408525543891
PF3D7_0923500	0.0007993605115907274	0.00522875816993464	0.0028110257987491623
PF3D7_0923600	0.004796163069544364	0.01045751633986928	0.0382375418838508
PF3D7_0923700	0.0	0.00130718954248366	0.002680366316729953
PF3D7_0923800.1	0.03904846123900879	0.07877733661307189	0.4834127395479116
PF3D7_0923900	0.07587914668665069	0.09914983661437908	0.24224345334532052
PF3D7_0924000	0.15043123502318145	0.785342808075817	0.3863287169276301
PF3D7_0924100	0.030511530776978418	0.039437810460130715	0.07697656076055394
PF3D7_0924200	0.007993605115907274	0.01645093137385621	0.03432649095555059
PF3D7_0924300	0.013860791370103915	0.08346356210457516	0.2104298595215546
PF3D7_0924400	0.03737401079376499	0.44069508888104575	0.2811311834208175
PF3D7_0924500	0.005595523581135092	0.3920199182300654	0.13035471821911992
PF3D7_0924600	0.005263758993605116	0.36555402175294116	0.1316821839790038
PF3D7_0924700	0.026846492806554757	0.03366651961176471	0.0898225297373241
PF3D7_0924800	0.0007993605115907274	0.009150326797385621	0.0037971856153674335
PF3D7_0924900	0.0	0.0	0.002457002457002457
PF3D7_0925000	0.0007993605115907274	0.00130718954248366	0.022134183048246596
PF3D7_0925200	0.2520846187490008	0.012529362746405228	0.21385835801273173
PF3D7_0925300	0.024116646684252598	0.1683325980588235	0.3261760801860621
PF3D7_0925400	0.002398081534772182	0.02037250000130719	0.03401042271811481
PF3D7_0925500	0.0	0.00522875816993464	0.0032577535182041545
PF3D7_0925600	0.0	0.00392156862745098	0.0033504578959124413
PF3D7_0925700	0.0031974420463629096	0.00261437908496732	0.01652892561983471
PF3D7_0925900	0.011191047162270184	0.00130718954248366	0.011168192986374805
PF3D7_0926000	0.030768867383693048	0.03911740196732026	0.16658446017042663
PF3D7_0926100	0.10245527826139088	0.1548742686235294	0.29968977798615143
PF3D7_0926200	0.03963626099200639	0.044444444444444446	0.14963802840317175
PF3D7_0926300	0.009728157475619503	0.03420905229019608	0.08148615982555282
PF3D7_0926400	0.009592326139088728	0.03835274510326797	0.10097028910721464
PF3D7_0926500	0.008129436452438049	0.5593236807607843	0.2923859251965602
PF3D7_0926600	0.0015987210231814548	0.06318934641045751	0.02542989167076167
PF3D7_0926700	0.013589128697042365	0.009150326797385621	0.06565654735693545
PF3D7_0926800	0.04517168265867306	0.27195962391503264	0.46648841702747373
PF3D7_0926900	0.007993605115907274	0.07396727124313726	0.03940911045588563
PF3D7_0927000	0.002398081534772182	0.03137254901960784	0.026525550034174672
PF3D7_0927100	0.0007993605115907274	0.00130718954248366	0.01986258934666071
PF3D7_0927200	0.0007993605115907274	0.031594673205228754	0.009549896694884968
PF3D7_0927300	0.0015987210231814548	0.20949841910065362	0.08857541461603752
PF3D7_0927400	0.0	0.04074500000261438	0.00973530545030154
PF3D7_0927500	0.0	0.00784313725490196	0.0006700915791824883
PF3D7_0927600	0.012925599521982413	0.46647659537385616	0.2262810702490507
PF3D7_0927700	0.002398081534772182	0.039980343138562094	0.034119921264909536
PF3D7_0927800	0.0007993605115907274	0.030065359477124184	0.03302426290149654
PF3D7_0927900	0.010391686650679457	0.09532655229411766	0.03656012955282555
PF3D7_0928000.1	0.0015987210231814548	0.08028322300915033	0.03669078903484476
PF3D7_0928000.2	0.0	0.00130718954248366	0.0008934554389099843
PF3D7_0928100	0.0007993605115907274	0.0	0.0011168192986374804
PF3D7_0928200	0.026846492806554757	0.02037250000130719	0.0707395305166406
PF3D7_0928300	0.011191047162270184	0.01437908496732026	0.04352236430868886
PF3D7_0928400	0.0	0.0	0.0006700915791824883
PF3D7_0928500	0.036438818945643485	0.00261437908496732	0.04611002624771052
PF3D7_0928600	0.0	0.0	0.0011168192986374804
PF3D7_0928700	0.04636421111350919	0.0302874836627451	0.19507463286039758
PF3D7_0928800	0.009728157475619503	0.031052140526797386	0.08911848616059861
PF3D7_0928900	0.0	0.0	0.002903730176457449
PF3D7_0929000	0.0031974420463629096	0.006535947712418301	0.011838284565557293
PF3D7_0929100	0.009260561551558752	0.031594673205228754	0.09979799321643958
PF3D7_0929200	0.06755377698321342	0.13945058824575163	0.12590197957315166
PF3D7_0929300	0.006394884092725819	0.04913066993594771	0.11328046543421935
PF3D7_0929400	0.01352902678257394	2.840505712103268	0.4812693140359616
PF3D7_0929500	0.0	0.00130718954248366	0.00022336385972749609
PF3D7_0929600	0.0	0.018300653594771243	0.00022336385972749609
PF3D7_0929700	0.008928796964028776	0.03475158496862745	0.09632524571141389
PF3D7_0929800	0.0015987210231814548	0.011764705882352941	0.04370777306410543
PF3D7_0929900	0.0015987210231814548	0.011222173203921569	0.03030594148045566
PF3D7_0930000	0.0007993605115907274	0.00261437908496732	0.011075488608666518
PF3D7_0930100	0.02971217026538769	0.32598768383137255	0.22971027681795844
PF3D7_0930200	0.0	0.28588562905359477	0.015003333706053161
PF3D7_0930300	0.0569771819048761	4.7673181378065355	1.1825837051052044
PF3D7_0930400.1	0.006394884092725819	0.05773846405490196	0.00915791824882734
PF3D7_0930400.2	0.0031974420463629096	0.01437908496732026	0.0020102747375474648
PF3D7_0930500	0.04942582182334133	0.6675995053228758	0.1253880751773509
PF3D7_0930600.1	0.09440026978976819	0.06341147059607843	0.31330560082153225
PF3D7_0930700	0.010859282574740208	0.00261437908496732	0.02125752177842305
PF3D7_0930800	0.08760049456994404	0.8202552040379084	0.691369458071253
PF3D7_0930900	0.004796163069544364	0.00522875816993464	0.045309275186508825
PF3D7_0931000	0.015187849720223821	0.0574180555620915	0.2142778105445611
PF3D7_0931100	0.21525646732533973	0.04074500000261438	0.20004817189658253
PF3D7_0931200	0.002398081534772182	0.00392156862745098	0.005807460352914898
PF3D7_0931300	0.0007993605115907274	0.00522875816993464	0.0011168192986374804
PF3D7_0931400	0.1002073541294964	0.34027061273071896	0.5257603785767255
PF3D7_0931500	0.0007993605115907274	0.012529362746405228	0.0075016668530265805
PF3D7_0931600	0.0	0.011764705882352941	0.00022336385972749609
PF3D7_0931700	0.002066316947242206	0.011764705882352941	0.027979598505472415
PF3D7_0931800	0.003996802557953637	0.059588186275816996	0.04540197956421711
PF3D7_0931900	0.0	0.023529411764705882	0.003127094036184945
PF3D7_0932000	0.0	0.07996068627712419	0.012993058968505696
PF3D7_0932100	0.012458003597921662	1.1903965583973857	0.191326790343757
PF3D7_0932200	0.008792965627498001	1.2425249479973857	0.3936473858903284
PF3D7_0932300	0.07954418465707434	0.025823382356862743	0.20961007791177128
PF3D7_0932400	0.0007993605115907274	0.05381689542745098	0.05177003294951976
PF3D7_0932500	0.013589128697042365	0.15938096811503266	0.1760756044851463
PF3D7_0932600	0.02158273381294964	0.06003243464705882	0.266915749136922
PF3D7_0932700	0.01179447442286171	0.00261437908496732	0.03384180813178468
PF3D7_0932800	0.023181454836131096	0.043901911766013074	0.07973283728590573
PF3D7_0932900	0.0	0.0	0.00044672771945499217
PF3D7_0933000	0.021250969225419664	0.05665339869803922	0.07248812263077954
PF3D7_0933100	0.0015987210231814548	0.011986830067973856	0.020254567792718337
PF3D7_0933200	0.019984012789768184	0.0368234313751634	0.10948291615948179
PF3D7_0933300	0.01965224820223821	0.10361393792026144	0.2035511775284789
PF3D7_0933400	0.012925599521982413	0.02875816993464052	0.13670850666361403
PF3D7_0933500	0.02744992006714628	0.2276816175346405	0.32152927006276527
PF3D7_0933600	0.016786570743405275	0.023751535950326797	0.08550234253450972
PF3D7_0933700	0.0	0.013071895424836602	0.023381661828903284
PF3D7_0933800	0.0007993605115907274	0.022222222222222223	0.026116777419030603
PF3D7_0933900	0.009592326139088728	0.01699346405228758	0.029652644070359613
PF3D7_0934000	0.04117488010071942	0.1134306372745098	0.24518479420772837
PF3D7_0934100	0.023181454836131096	0.02690844771372549	0.07193189636452982
PF3D7_0934200	0.0	0.0	0.0035738217556399374
PF3D7_0934300	0.0	0.00261437908496732	0.0017869108778199687
PF3D7_0934400	0.014856085132693845	0.05773846405490196	0.09300837615367433
PF3D7_0934500	0.011191047162270184	0.06873851307320261	0.03607544672905964
PF3D7_0934600	0.0015987210231814548	0.02037250000130719	0.004467277194549922
PF3D7_0934700	0.07168641087769784	0.4573283968143791	0.32710178147174446
PF3D7_0934800	0.0	0.9044166118718955	0.09669715420035738
PF3D7_0934900	0.005263758993605116	0.01045751633986928	0.011652875810140718
PF3D7_0935000	0.0007993605115907274	0.0	0.0037971856153674335
PF3D7_0935100	0.08607490008633094	0.047823480393464055	0.32110139323497877
PF3D7_0935200	0.07361689648840927	0.11648926473071895	0.29728749247397807
PF3D7_0935400	0.006320456111910472	0.06198256941437909	0.23774228379160153
PF3D7_0935500	0.014056724621103116	0.08617622549673204	0.07196985146884075
PF3D7_0935600	0.005595523581135092	0.00130718954248366	0.0006700915791824883
PF3D7_0935700	0.01838529176658673	0.01045751633986928	0.004374572816841635
PF3D7_0935800	0.0015987210231814548	0.5353707760104575	0.06024579587558634
PF3D7_0935900	0.7154022652470023	0.04024975309281046	0.14481222216707615
PF3D7_0936000	0.01598721023181455	0.0	0.0033504578959124413
PF3D7_0936100	0.005595523581135092	0.006535947712418301	0.01442594650457896
PF3D7_0936200	0.002398081534772182	0.0	0.0006700915791824883
PF3D7_0936300	0.215776346303757	0.00784313725490196	0.045142115237659146
PF3D7_0936400	0.008792965627498001	0.0	0.0033504578959124413
PF3D7_0936500	0.002398081534772182	0.0	0.00044672771945499217
PF3D7_0936600	0.005595523581135092	0.00130718954248366	0.0011168192986374804
PF3D7_0936700	0.0	0.0	0.0005773872014742014
PF3D7_0936800	0.13469882737410072	0.011764705882352941	0.027292712757203484
PF3D7_0937500	0.0	0.0	0.00044672771945499217
PF3D7_0937800	0.0028656774588329335	0.008607794118954248	0.002457002457002457
PF3D7_0800100	0.0026554181414868107	0.019829967322875817	0.004893207638150547
PF3D7_0800200	0.0007993605115907274	0.02483660130718954	0.006477551932097387
PF3D7_0800300	0.002398081534772182	0.00392156862745098	0.00236429807929417
PF3D7_0800600	0.0007993605115907274	0.011764705882352941	0.003927845097386643
PF3D7_0800700	0.002398081534772182	0.02875816993464052	0.009010464597721689
PF3D7_0800800	0.0015987210231814548	0.018522777780392154	0.00044672771945499217
PF3D7_0801000	0.09260561551558753	0.023529411764705882	0.099612584461023
PF3D7_0801300	0.0007993605115907274	0.0	0.004151208957114139
PF3D7_0801500	0.042637769787370106	0.006535947712418301	0.056161399935447845
PF3D7_0801600	0.0	0.0	0.0020102747375474648
PF3D7_0801700	0.07434182901918465	0.07300604576470587	0.32495092698302436
PF3D7_0801800	0.2636857628033573	0.30479368741830065	0.6559434632660264
PF3D7_0801900	0.07067679104876098	0.0182023692875817	0.09879656753249945
PF3D7_0802000	0.22332996981135092	0.20402623765228758	0.8017161641949967
PF3D7_0802100	0.008129436452438049	1.1892753929163398	0.35273748551641726
PF3D7_0802200	0.12153561784252598	0.08908971398169935	0.6713717032881393
PF3D7_0802300	0.05336122102557954	0.01045751633986928	0.056869446618941256
PF3D7_0802400	0.06408467226378897	0.023529411764705882	0.1378756540462363
PF3D7_0802500	0.02604713229496403	0.284332887993464	0.09943117881237436
PF3D7_0802600	0.011990407673860911	1.725285888814379	0.1666164675914675
PF3D7_0802700	0.0007993605115907274	0.0368234313751634	0.02222688742595488
PF3D7_0802800	0.0007993605115907274	0.5215789501464052	0.0774283825648872
PF3D7_0802900	0.0	0.00130718954248366	0.0006700915791824883
PF3D7_0803000	0.029244574341326938	0.0736468627503268	0.11781928607125307
PF3D7_0803100	0.09972543213908873	0.09685586602222222	0.2149642589691758
PF3D7_0803200	0.007661840528377298	0.972147108096732	0.1652543961793612
PF3D7_0803300	0.0015987210231814548	0.047280947715032676	0.013123718450524905
PF3D7_0803400	0.005263758993605116	0.190236540027451	0.1615234389289703
PF3D7_0803500	0.02238209432454037	0.23087997405620914	0.05733733527362073
PF3D7_0803600.1	0.03144672262509992	0.44793039026143794	0.21838334817869107
PF3D7_0803700	0.0015987210231814548	0.0	0.006292143176680813
PF3D7_0803800	0.3183870668041567	0.769980363614379	0.9706255818467725
PF3D7_0804000	0.13432382096243006	0.20777253675816995	0.3060160571626089
PF3D7_0804300	0.05942434053077538	0.01699346405228758	0.07014098237994193
PF3D7_0804400	0.007194244604316547	0.06765344771633987	0.11456990242595487
PF3D7_0804500	0.21448348854756194	1.3358258883764706	1.14893433273308
PF3D7_0804600	0.013589128697042365	0.017215588237908495	0.06148854423073486
PF3D7_0804700	0.035443525183053555	0.023751535950326797	0.0658258892620058
PF3D7_0804800	0.1359069144780176	0.01906531045882353	0.2168545025718115
PF3D7_0804900	0.045835211833733014	0.18150490603006533	0.11251293905182042
PF3D7_0805000	0.0012669564356514787	0.00130718954248366	0.004635891780880054
PF3D7_0805100	0.0	0.01437908496732026	0.00236429807929417
PF3D7_0805200	0.002398081534772182	0.006535947712418301	0.0015635470180924726
PF3D7_0805300	0.002398081534772182	0.24313423483267976	0.021986729397140945
PF3D7_0805400	0.023980815347721823	0.013836552288888889	0.057202672684833596
PF3D7_0805500	0.10966384893205436	0.17583189948888886	0.12845241372660265
PF3D7_0805600	0.004796163069544364	0.05611086601960784	0.017106312821308915
PF3D7_0805700	0.00686248001678657	0.5476810050183006	0.27402053585660036
PF3D7_0805800	0.0	0.009150326797385621	0.002680366316729953
PF3D7_0805900	0.002398081534772182	0.00130718954248366	0.008264462809917356
PF3D7_0806000	0.05735802358353318	0.009150326797385621	0.11174977943555953
PF3D7_0806100	0.050495543566746605	0.055346209155555555	0.18482911688496761
PF3D7_0806200	0.0007993605115907274	0.35877209141830063	0.0950496907601072
PF3D7_0806300	0.0015987210231814548	0.4524497465843137	0.13229561222939468
PF3D7_0806400	0.0007993605115907274	0.09194751634509804	0.07893645299084208
PF3D7_0806500	0.04043562150359712	0.2402301511346405	0.12658886532142058
PF3D7_0806600	0.01838529176658673	0.01699346405228758	0.03293155852378825
PF3D7_0806700	0.08654249601039168	0.11123707922875815	0.3068970851985705
PF3D7_0806800	0.0959388888984812	0.7636531716849674	0.23575318401518872
PF3D7_0806900	0.016786570743405275	0.027895228763398693	0.09096014631181594
PF3D7_0807000	0.007194244604316547	0.0	0.009381282108554836
PF3D7_0807100	0.16148905373141487	0.09031991830980393	0.26431519014272953
PF3D7_0807200	0.003996802557953637	0.0	0.010051373687737324
PF3D7_0807300	0.03690641486970424	0.046738415036601304	0.08615563994460576
PF3D7_0807400	0.007661840528377298	0.06602584968104575	0.04232963480142953
PF3D7_0807500	0.012789768185451638	0.04651629085098039	0.10326195276591467
PF3D7_0807600	0.14356875500639488	0.2213869648614379	0.39567653412352016
PF3D7_0807700	0.01179447442286171	0.4773193922980392	0.03786272126624972
PF3D7_0807800	0.14334416962270186	0.5968560828797386	0.4617765700562877
PF3D7_0807900	0.034508333334932056	0.11624158497385621	0.171785366173107
PF3D7_0808000	0.03511176059552358	0.046738415036601304	0.1270574812948403
PF3D7_0808100	0.024448411271782575	0.10645044119084968	0.14046367964462808
PF3D7_0808200	0.0007993605115907274	0.11913590260522876	0.00044672771945499217
PF3D7_0808300	0.03803753996882494	0.309538880696732	0.2012580048090239
PF3D7_0808400	0.03164265587609912	0.10339181373464053	0.08317599955952647
PF3D7_0808600	0.010453090006394885	0.00261437908496732	0.0020613845635470184
PF3D7_0808700	0.01293121684172662	0.006535947712418301	0.003519072482242573
PF3D7_0808900	0.0034547786530775386	0.00392156862745098	0.0
PF3D7_0809100	0.03387371991766587	0.014799906006535949	0.022325868398257762
PF3D7_0809200	0.054296412873701044	0.04074500000261438	0.11899485775005583
PF3D7_0809400	0.0413107114372502	0.27720084972026143	0.2811433898309136
PF3D7_0809500	0.0015987210231814548	0.0	0.002587661939021666
PF3D7_0809600	0.029848001601918465	0.16646157674509804	0.3334705621760107
PF3D7_0809700	0.0	0.03083001634117647	0.01070467109783337
PF3D7_0809800	0.005263758993605116	0.09991449347843137	0.03559513067143176
PF3D7_0809900	0.019984012789768184	0.05620915032679739	0.10473245098793836
PF3D7_0810000	0.020783373301358914	0.040202467324183006	0.14362836512575383
PF3D7_0810100	0.0	0.00522875816993464	0.013755854925396471
PF3D7_0810200	0.02091920463788969	0.00784313725490196	0.10519704461358052
PF3D7_0810300	0.018521123103117505	1.7745216414679739	0.563159791777753
PF3D7_0810400	0.07554738209912071	0.06982570666928105	0.2752320904272951
PF3D7_0810500	0.05162666866586731	0.046738415036601304	0.1390855413819522
PF3D7_0810600	0.05129490407833733	0.00522875816993464	0.08006569969242797
PF3D7_0810700	0.012789768185451638	0.00522875816993464	0.03518199129014966
PF3D7_0810800	0.10732717075299761	0.01437908496732026	0.24209121484543222
PF3D7_0810900.1	0.0015987210231814548	0.16155322706797384	0.013439786687960687
PF3D7_0810900.2	0.0	0.01699346405228758	0.0017869108778199687
PF3D7_0811000	0.003996802557953637	0.2583342361150327	0.111615136087782
PF3D7_0811100	0.002398081534772182	0.023529411764705882	0.014965378601742237
PF3D7_0811200	0.04663457234532374	0.048045604579084966	0.11527321868394014
PF3D7_0811300	0.12691801559952037	0.4653384032392157	0.35639699217154347
PF3D7_0811400	0.12691801559952037	0.10230674837777778	0.281045591368327
PF3D7_0811500	0.016786570743405275	0.00522875816993464	0.035017743469957556
PF3D7_0811600	0.0015987210231814548	0.40090126617777777	0.05175323878043332
PF3D7_0811700	0.0	0.7051041709189542	0.04858891695867768
PF3D7_0811800	0.08566870751798561	0.06602584968104575	0.2915554121007371
PF3D7_0811900	0.023378689528377298	0.3432999718457517	0.40367750397453656
PF3D7_0812000	0.01005992206314948	0.00392156862745098	0.04126792843555953
PF3D7_0812100	0.0845375824188649	0.3445682759712418	0.43274705158655347
PF3D7_0812220	0.0015987210231814548	0.006535947712418301	0.03531265077216886
PF3D7_0812200	0.0015987210231814548	0.00522875816993464	0.024089708512396692
PF3D7_0812300	0.0	0.00784313725490196	0.0017869108778199687
PF3D7_0812400	0.062290017989608315	0.11930021243006536	0.25280147177507256
PF3D7_0812500	0.09373674061470824	0.07441151961437908	0.2509134866466384
PF3D7_0812600	0.0007993605115907274	0.00130718954248366	0.006161483694661604
PF3D7_0812700	0.004796163069544364	0.00130718954248366	0.00526802825575162
PF3D7_0812900	0.0031974420463629096	0.013071895424836602	0.01681140551909761
PF3D7_0813000	0.10153441247961631	0.13180827608366014	0.19413885555103866
PF3D7_0813100	0.004796163069544364	0.4126358415098039	0.018244293055170873
PF3D7_0813200	0.033045443648281374	0.2616149877568627	0.24565926676680813
PF3D7_0813300	0.5079370688689049	0.05934476299738562	0.6606574971820416
PF3D7_0813400	0.16649417467705835	0.07603911764967321	0.17179337238664283
PF3D7_0813500	0.012789768185451638	0.0368234313751634	0.14910703984319856
PF3D7_0813600	0.10925635492246202	0.02091503267973856	0.22748755656287692
PF3D7_0813700	0.06861047410151878	0.17412944447843137	0.24780784354076388
PF3D7_0813800	0.0	0.00261437908496732	0.0013401831583649765
PF3D7_0813900	0.15335961727897682	0.01045751633986928	0.3653607137094036
PF3D7_0814000	1.0220598629776179	0.2250651102104575	1.4560652228639714
PF3D7_0814100	0.0015987210231814548	0.0	0.012192307907303999
PF3D7_0814200	0.21373217428297364	0.07941815359869281	0.4002105699117713
PF3D7_0814300	0.02478017585931255	0.009150326797385621	0.03469730846638374
PF3D7_0814400	0.010527517987210232	0.23961276148104574	0.07744881618137146
PF3D7_0814500	0.017585931254996003	0.010679640525490195	0.004374572816841635
PF3D7_0814600	0.0	0.007300604576470588	0.00022336385972749609
PF3D7_0814700	0.0015987210231814548	0.013071895424836602	0.0017869108778199687
PF3D7_0814900	0.006394884092725819	0.01045751633986928	0.015989493522671434
PF3D7_0815000	0.021055035974420464	0.00261437908496732	0.11344434959504132
PF3D7_0815100	0.009728157475619503	0.00261437908496732	0.04370777306410543
PF3D7_0815200	0.030647362113509193	0.01437908496732026	0.08256065725374134
PF3D7_0815300	0.005595523581135092	0.01437908496732026	0.025092662498101406
PF3D7_0815400	0.0	0.0	0.0011168192986374804
PF3D7_0815500	0.0015987210231814548	0.09424148693725491	0.14845192128255527
PF3D7_0815600	0.3870039792533973	0.06698920339869281	0.624447557900603
PF3D7_0815700	0.003996802557953637	0.00261437908496732	0.015003333706053161
PF3D7_0815800	0.02904864109032774	0.9909018038248366	0.32474938237480455
PF3D7_0815900	0.002398081534772182	0.00392156862745098	0.03756745030466831
PF3D7_0816000	0.02331728617266187	0.008607794118954248	0.019563315278311372
PF3D7_0816100	0.019984012789768184	0.03736596405359477	0.01947061090060308
PF3D7_0816200	0.0007993605115907274	0.009150326797385621	0.00472859615858834
PF3D7_0816300	0.0329096123117506	0.009150326797385621	0.0828387703868662
PF3D7_0816400	0.0	0.043359379087581695	0.020364066339513067
PF3D7_0816600	0.022849690248601118	0.01699346405228758	0.14702265395287023
PF3D7_0816700	0.0015987210231814548	0.006535947712418301	0.029075256868885416
PF3D7_0816800	0.0	0.0	0.00044672771945499217
PF3D7_0816900	0.0028656774588329335	0.00130718954248366	0.0015635470180924726
PF3D7_0817000	0.0007993605115907274	0.00261437908496732	0.004467277194549922
PF3D7_0817100	0.01132687849880096	0.013071895424836602	0.04698668751753406
PF3D7_0817200	0.009260561551558752	0.12625698118169934	0.056182560870672325
PF3D7_0817300	0.1175986535747402	0.2910909598915033	0.435786442424168
PF3D7_0817400	0.008792965627498001	0.026143790849673203	0.09670885428456556
PF3D7_0817500	0.1147917765891287	0.13358101309019607	0.3077423560276971
PF3D7_0817600	0.0033332733828936845	1.0132536932993463	0.02304879942238106
PF3D7_0817700	0.002398081534772182	1.1749820653882352	0.029821622316059858
PF3D7_0817800	0.0031974420463629096	0.06896063725882352	0.07422465100134018
PF3D7_0817900	0.03191431854916067	0.47511834541699344	0.37497096475050257
PF3D7_0818000	0.043572961635491604	0.1723780065647059	0.13566868855170874
PF3D7_0818100	0.0007993605115907274	0.1248477945607843	0.002680366316729953
PF3D7_0818200	0.009592326139088728	0.06133962418954248	0.04223693042372124
PF3D7_0818300	0.0031974420463629096	0.00784313725490196	0.002457002457002457
PF3D7_0818400	0.006394884092725819	0.0	0.00986596493232075
PF3D7_0818500	0.03930449640447642	0.23403803924705882	0.07617180659258432
PF3D7_0818600	0.0	0.012529362746405228	0.0017869108778199687
PF3D7_0818700	0.11418834932853718	0.12816686317124182	0.3600447603187402
PF3D7_0818800	0.045563549160671464	0.00130718954248366	0.04101061257828904
PF3D7_0818900	0.6176556487426059	0.15210591910980392	1.2090316887031494
PF3D7_0819000	0.1159229016882494	0.05295395425620915	0.2501725789437123
PF3D7_0819100	0.002398081534772182	0.0	0.00513736877373241
PF3D7_0819200	0.007661840528377298	0.0	0.016027448626982355
PF3D7_0819300	0.0031974420463629096	0.00130718954248366	0.022412296181371454
PF3D7_0819400	0.0	0.0	0.00022336385972749609
PF3D7_0819500	0.003996802557953637	0.00261437908496732	0.007817735090462363
PF3D7_0819600	0.006394884092725819	0.30295607832026145	0.037192266027697124
PF3D7_0819700	0.018053527179056755	0.305252177151634	0.24280465027094036
PF3D7_0819800	0.003665037970423661	0.23209216095816995	0.13634935405472412
PF3D7_0819900	0.019984012789768184	0.00522875816993464	0.05344307851440697
PF3D7_0820000	0.08500387690167865	0.07779055556339869	0.24621083627205717
PF3D7_0820100	0.006394884092725819	0.006535947712418301	0.05949506366227384
PF3D7_0820200	0.07507978617505996	0.29165904813986926	0.2663934425396471
PF3D7_0820300	0.02717825739408473	0.19590741832941178	0.04750495867947286
PF3D7_0820400	0.002398081534772182	0.00261437908496732	0.015488016529819074
PF3D7_0820500	0.015187849720223821	0.03344439542614379	0.035759378491623854
PF3D7_0820600	0.0	0.006535947712418301	0.00625418807236989
PF3D7_0820700	0.004796163069544364	0.04619588235816993	0.10681934401183829
PF3D7_0820800	0.015323681056754596	0.011764705882352941	0.09549896694884967
PF3D7_0820900	0.0811442071215028	0.45879838824444447	0.45183803407505024
PF3D7_0821000	0.003996802557953637	0.18401887256862742	0.09976840798503461
PF3D7_0821100	0.03624288569464428	0.07201926471503267	0.07958101686866205
PF3D7_0821200	0.0031974420463629096	0.00392156862745098	0.009604645968282331
PF3D7_0821300	0.04090321742765787	0.05218929739215686	0.06534047911949967
PF3D7_0821400	0.0015987210231814548	0.04565334967973856	0.004914004914004914
PF3D7_0821500	0.030043934852917665	0.00130718954248366	0.03549805952758544
PF3D7_0821600	0.07921242006954436	0.012529362746405228	0.12446545258968059
PF3D7_0821700	0.2387696867490008	0.0368234313751634	0.28653298037703817
PF3D7_0821800	0.003996802557953637	0.013071895424836602	0.014872674224033954
PF3D7_0821900	0.003996802557953637	0.00130718954248366	0.017776404400491403
PF3D7_0822000	0.007194244604316547	0.00784313725490196	0.03281769321085549
PF3D7_0822100	0.021718565149480416	0.0	0.03352573989434889
PF3D7_0822200	0.0809469724292566	0.01568627450980392	0.09507340016461917
PF3D7_0822300	0.006394884092725819	0.00130718954248366	0.012955103864194774
PF3D7_0822400	0.011658643086330935	0.006535947712418301	0.015635470180924725
PF3D7_0822500	0.0	0.00130718954248366	0.00022336385972749609
PF3D7_0822600	0.002398081534772182	0.03344439542614379	0.010051373687737324
PF3D7_0822700	0.011462709835331734	0.01645093137385621	0.07626853331807013
PF3D7_0822800	0.006394884092725819	0.00784313725490196	0.01652892561983471
PF3D7_0822900	0.002398081534772182	0.8664027617267974	0.014435862546571365
PF3D7_0823000	0.017254166667466028	0.07157501634379085	0.08358513583404065
PF3D7_0823100	0.02158273381294964	0.0	0.019339951418583873
PF3D7_0823200	0.1564943545283773	0.07571870915686274	0.20024486265356264
PF3D7_0823300	0.07168641087769784	0.1646097262849673	0.2622545873211972
PF3D7_0823400	0.0	0.00130718954248366	0.0012474787806566897
PF3D7_0823500	0.0015987210231814548	0.00261437908496732	0.0033504578959124413
PF3D7_0823600	0.003996802557953637	0.00261437908496732	0.009549896694884968
PF3D7_0823800	0.013589128697042365	0.07821137660261439	0.11892731741433996
PF3D7_0823900	0.0	0.00522875816993464	0.005360732633459906
PF3D7_0824000	0.0015987210231814548	0.00522875816993464	0.018783725152334153
PF3D7_0824100	0.010527517987210232	0.00522875816993464	0.05212405629126647
PF3D7_0824200	0.02904864109032774	0.019829967322875817	0.21871397420594146
PF3D7_0824300	0.019713651557953637	0.3141033945490196	0.257713218214876
PF3D7_0824400	0.034176568747402075	0.02821563725620915	0.18055598197811035
PF3D7_0824500	0.02805334732773781	0.00261437908496732	0.07746124358431986
PF3D7_0824600	0.030043934852917665	0.009150326797385621	0.053388329241009606
PF3D7_0824700	0.005263758993605116	0.03420905229019608	0.08739911561849453
PF3D7_0824800	0.04603114508473222	0.1299564256235294	0.18799052657806567
PF3D7_0824900	0.036574650282174256	0.02135928105098039	0.04892105204645968
PF3D7_0825000	0.027118155479616306	0.49147812680653596	0.3779129273730176
PF3D7_0825200	0.004931994406075139	0.03344439542614379	0.05173207784520885
PF3D7_0825300	0.008792965627498001	0.025601258171241828	0.05321971465467947
PF3D7_0825400	0.0007993605115907274	0.00261437908496732	0.012415671767031494
PF3D7_0825500	0.08640666467386092	0.017215588237908495	0.0877739362360956
PF3D7_0825600	0.008461201039968025	0.013071895424836602	0.08253985997788697
PF3D7_0825700	0.0	0.00130718954248366	0.0031650491404958676
PF3D7_0825800	0.0028656774588329335	0.00261437908496732	0.01243282959548805
PF3D7_0825900	0.002398081534772182	0.0	0.007594371230734867
PF3D7_0826000	0.010391686650679457	0.00261437908496732	0.03133005640138486
PF3D7_0826100	0.5516979332342127	0.7280028138718954	1.210436908403395
PF3D7_0826200	0.0007993605115907274	0.06733303922352941	0.04020986151708734
PF3D7_0826300	0.0031974420463629096	0.028437761441830064	0.07511810644025017
PF3D7_0826400	0.002398081534772182	0.05480367647712418	0.020364066339513067
PF3D7_0826500	0.0319744204636291	0.15057447714248365	0.16654723238485591
PF3D7_0826600	0.005595523581135092	0.01568627450980392	0.016474176346437348
PF3D7_0826700	0.2642003671582734	0.02821563725620915	0.3242614219548805
PF3D7_0826900	0.014192555957633891	0.07855521242745098	0.24566290621442932
PF3D7_0827000	0.1978050659656275	0.03290186274771242	0.25453254240138484
PF3D7_0827100	0.014388489208633094	0.039980343138562094	0.07386662455282555
PF3D7_0827200	0.0007993605115907274	0.004686225491503267	0.015041288810364083
PF3D7_0827300	0.08607490008633094	0.01568627450980392	0.1958330620511503
PF3D7_0827400	0.0007993605115907274	0.01906531045882353	0.006924279651552379
PF3D7_0827500	0.0250518385323741	0.18332492880522874	0.359131161258432
PF3D7_0827600	0.0489725519656275	0.23519807418300653	0.5703718215418807
PF3D7_0827700	0.0	0.00130718954248366	0.00022336385972749609
PF3D7_0827800	0.16384005797681855	0.8040342534928104	0.5964336958592809
PF3D7_0827900	0.15622399329656275	0.39331251189803923	0.7466516063786017
PF3D7_0828000	0.0	0.00130718954248366	0.0006700915791824883
PF3D7_0828100	0.017721762591526777	0.01906531045882353	0.0649317065043556
PF3D7_0828200	0.06829303558033574	0.1360736805359477	0.3404251351366987
PF3D7_0828300	0.03563945843405276	0.11949890928366012	0.1703360481273174
PF3D7_0828400	0.0015987210231814548	0.00522875816993464	0.027680324437123073
PF3D7_0828500	0.008461201039968025	0.17553491832810458	0.2171838184362296
PF3D7_0828600	0.0007993605115907274	0.1518816666849673	0.016604835828456555
PF3D7_0828700	0.0015987210231814548	0.26876832512287585	0.03481554054545455
PF3D7_0828800	0.002066316947242206	0.1904491870248366	0.0034811173779316505
PF3D7_0828900	0.0	0.036058774511111114	0.010051373687737324
PF3D7_0829000	0.08707019384892087	0.29040328824183004	0.33623519740205493
PF3D7_0829100	0.011990407673860911	0.00522875816993464	0.02205827283962475
PF3D7_0829200	0.007993605115907274	0.00261437908496732	0.02081079405896806
PF3D7_0829300	0.019984012789768184	0.025601258171241828	0.07301076055885637
PF3D7_0829400	0.0	0.054901960784313725	0.03637472079740898
PF3D7_0829500	0.0015987210231814548	0.051646764713725486	0.024330230200580744
PF3D7_0829600	0.0007993605115907274	0.00784313725490196	0.002233638597274961
PF3D7_0830300	0.0007993605115907274	0.0	0.0016942065001116819
PF3D7_0830400	0.07207827737969624	0.05043785947843137	0.11787767479204823
PF3D7_0830500	0.2115078810727418	0.049231082482352945	0.04086245084945275
PF3D7_0830600	0.14337282175539567	0.01045751633986928	0.0366360397614474
PF3D7_0830700	0.04090321742765787	0.00522875816993464	0.06474629774893902
PF3D7_0830800	0.09374655304156675	0.12048781857254902	0.07115703666406074
PF3D7_0830900	0.01565544564428457	0.0196078431372549	0.011745580187849006
PF3D7_0831000	0.008792965627498001	0.0	0.003927845097386643
PF3D7_0831100	0.007661840528377298	0.00392156862745098	0.008079054054500781
PF3D7_0831200	0.026378896882494004	0.059712026154248365	0.07515606154456109
PF3D7_0831300	0.03191431854916067	0.025601258171241828	0.2735012905550592
PF3D7_0831400	0.029380405677857713	0.0	0.03578053942684834
PF3D7_0831500	0.041370813351718626	0.00130718954248366	0.03050814440495868
PF3D7_0831600	0.007993605115907274	1.317110472495425	0.1054073466569131
PF3D7_0831700	0.9060738160127898	0.104870128924183	0.25369380807572034
PF3D7_0700100	0.0	0.00130718954248366	0.0
PF3D7_0700500	0.0012669564356514787	0.0	0.00022336385972749609
PF3D7_0700800	0.004132633894484412	0.0	0.0033504578959124413
PF3D7_0701100	0.002398081534772182	0.00130718954248366	0.00022336385972749609
PF3D7_0701600	0.002398081534772182	0.0	0.0008934554389099843
PF3D7_0701900	0.016590637492406076	0.00784313725490196	0.0022715937015858833
PF3D7_0702000	0.033498713505995203	0.00522875816993464	0.00973530545030154
PF3D7_0702200	0.007661840528377298	0.023087291632679738	0.00513736877373241
PF3D7_0702300	0.022517925661071143	0.00522875816993464	0.004690641054277418
PF3D7_0702400	0.11539520384972023	0.013071895424836602	0.07315821420996203
PF3D7_0702500	0.01452432054516387	0.00261437908496732	0.011614920705829796
PF3D7_0702600	0.0	0.00130718954248366	0.0006700915791824883
PF3D7_0702900	0.0031974420463629096	0.00130718954248366	0.01442594650457896
PF3D7_0703000	0.02185439648601119	0.044124035951633986	0.1331043915988385
PF3D7_0703100	0.0007993605115907274	0.00130718954248366	0.0015635470180924726
PF3D7_0703200	0.032517745809752197	0.2889208291777778	0.37406927367924947
PF3D7_0703300	0.0007993605115907274	0.00130718954248366	0.00022336385972749609
PF3D7_0703400	0.007993605115907274	0.01045751633986928	0.06558500391445164
PF3D7_0703500	0.1577769384716227	0.23682981609281045	0.4231395699781103
PF3D7_0703600	0.005263758993605116	0.602702230703268	0.09079225904422605
PF3D7_0703700	0.011191047162270184	0.03736596405359477	0.029412486041545678
PF3D7_0703800	0.0015987210231814548	0.01645093137385621	0.028038714545007816
PF3D7_0703900	0.21860536821582732	0.07571870915686274	0.2443380818286799
PF3D7_0704000	0.06894223868904875	0.0874834150392157	0.19065266332923833
PF3D7_0704100	0.007993605115907274	2.035844069213072	0.5548359956904177
PF3D7_0704200	0.02971217026538769	0.00784313725490196	0.058584814054277415
PF3D7_0704300	0.02203730511191047	1.1177925884836601	0.6042405082385526
PF3D7_0704400	0.008461201039968025	0.09609120915816993	0.051601418363189634
PF3D7_0704500	0.002398081534772182	0.9378487924875817	0.24097675101027471
PF3D7_0704600	0.5075627505123901	1.600226755688889	1.2267501324433772
PF3D7_0704700	0.02844521382973621	0.17684210787058824	0.11579258082398929
PF3D7_0704800	0.010527517987210232	0.3897216911594771	0.11346551053026581
PF3D7_0704900	0.0031974420463629096	0.006535947712418301	0.014202582644851462
PF3D7_0705000	0.12492742807434053	0.11091454249673202	0.23260636444025015
PF3D7_0705100	0.0007993605115907274	0.3747574753281046	0.10452440456511056
PF3D7_0705200	0.006394884092725819	0.0196078431372549	0.02161154512016976
PF3D7_0705300	0.026650559555555554	0.3750991829137255	0.33247775787781997
PF3D7_0705400	0.010527517987210232	0.20407096407712416	0.17503615003261114
PF3D7_0705500	0.36484647031254996	1.5870596800915033	0.7142455685539424
PF3D7_0705600	0.012789768185451638	0.009150326797385621	0.09738331262988607
PF3D7_0705700	0.058489148682653876	0.012529362746405228	0.13168827899084207
PF3D7_0705800	0.006394884092725819	0.0	0.04086315892718338
PF3D7_0705900	0.0007993605115907274	0.006535947712418301	0.009511941590574046
PF3D7_0706000	0.2404912144836131	0.46153483347973856	0.6793027347536296
PF3D7_0706100	0.017389998003996803	0.31180102360392153	0.3353848698351575
PF3D7_0706200	0.0007993605115907274	0.00784313725490196	0.014202582644851462
PF3D7_0706300	0.0	0.11177961190718955	0.0011168192986374804
PF3D7_0706400	0.2526174534940048	0.04096712418823529	0.42349037574804554
PF3D7_0706500	0.16928412271382892	0.17038314537254903	0.3490139623926737
PF3D7_0706600	0.003996802557953637	0.00130718954248366	0.023082387760553942
PF3D7_0706700	0.008792965627498001	0.01699346405228758	0.015934744249274067
PF3D7_0707200	0.017585931254996003	0.6434935802143791	0.2678611022972973
PF3D7_0707300	0.009592326139088728	3.7966120062954247	0.11462267917065
PF3D7_0707400	0.03244201638768985	0.0196078431372549	0.09578144684811257
PF3D7_0707500	0.02942748296722622	0.032650039116339874	0.04553263904623632
PF3D7_0707600	0.011191047162270184	0.0	0.022020317735313828
PF3D7_0707700	0.061023061553956835	0.3533705104666666	0.18582364657449185
PF3D7_0707800	0.028249280578737008	0.11079283085751633	0.3394635180361849
PF3D7_0707900	0.017585931254996003	0.01045751633986928	0.033357125308018765
PF3D7_0708000	0.018053527179056755	0.009150326797385621	0.05493508209001564
PF3D7_0708100	0.0	0.0	0.00044672771945499217
PF3D7_0708200	0.0015987210231814548	0.0	0.004243913334822426
PF3D7_0708400	0.40276790554276576	0.05914606614379085	0.7723513327643512
PF3D7_0708500	0.10985978218305355	0.03813062091764706	0.20668591411882958
PF3D7_0708600	0.0015987210231814548	0.00522875816993464	0.0020102747375474648
PF3D7_0708700	0.0031974420463629096	0.012529362746405228	0.009958669310029037
PF3D7_0708800	0.2682127972238209	0.08354054731895424	0.5075630539193656
PF3D7_0708900	0.020451608713828937	0.04543122549411765	0.15240340212016976
PF3D7_0709000	0.024916007195843325	0.006535947712418301	0.026748913893902167
PF3D7_0709100	0.01598721023181455	0.1722562949254902	0.29431390291065446
PF3D7_0709200	0.0007993605115907274	0.00522875816993464	0.022096227943935672
PF3D7_0709300	0.1492256819432454	0.08531328432549021	0.4120832953681037
PF3D7_0709400	0.04197424061231015	0.284461415454902	0.6329257806754524
PF3D7_0709500	0.0007993605115907274	0.0	0.00022336385972749609
PF3D7_0709600	0.04809746203197442	0.006535947712418301	0.0793623834344427
PF3D7_0709700	0.011658643086330935	0.1565678921764706	0.07240014867857941
PF3D7_0709800	0.005263758993605116	0.03790849673202614	0.029243871455215547
PF3D7_0709900	0.0028656774588329335	0.09411977529803922	0.053001444879830245
PF3D7_0710000	0.034237972103117506	0.518003839979085	0.48468048075899045
PF3D7_0710100	0.02091920463788969	0.05665339869803922	0.07962333873911101
PF3D7_0710200	0.04577510991926459	0.7587275991150326	0.6506878443471075
PF3D7_0710300	0.0007993605115907274	0.0	0.004243913334822426
PF3D7_0710400	0.005595523581135092	0.00522875816993464	0.029429280210632118
PF3D7_0710500	0.014388489208633094	0.00130718954248366	0.06625072872749609
PF3D7_0710600	0.7188256611079137	0.14031565765620915	1.042000466826893
PF3D7_0710700	0.29401691897841725	0.03736596405359477	0.2453245860636587
PF3D7_0710800	0.06915249800639488	0.03475158496862745	0.22412618032477105
PF3D7_0710900	0.004796163069544364	0.011764705882352941	0.045659295421487604
PF3D7_0711000	0.07529134693365308	0.02996707516993464	0.4351795651688631
PF3D7_0711100	0.009592326139088728	0.01437908496732026	0.011876239669868215
PF3D7_0711200	0.019184652278177457	0.02952282679869281	0.06008924503283449
PF3D7_0711300	0.015187849720223821	0.03137254901960784	0.055044580636810364
PF3D7_0711400	0.017389998003996803	0.02996707516993464	0.15183844232164395
PF3D7_0711500	0.027314088730615506	0.02429406862875817	0.12356835770337278
PF3D7_0711700	0.027183506915267785	0.00522875816993464	0.007750268418807237
PF3D7_0712000	0.01690937745483613	0.011222173203921569	0.009150275694661604
PF3D7_0712300	0.024360958665867304	0.0	0.006406008489613581
PF3D7_0712400	0.07679849829816147	0.013042195979084967	0.016587990838731297
PF3D7_0712600	0.025758609531574737	0.0	0.008112040860174224
PF3D7_0712800	0.0025339128713029574	0.0	0.003150896345990619
PF3D7_0712900	0.013842629838529177	0.00130718954248366	0.0022665188574938575
PF3D7_0713100	0.0022440886666666667	0.0	0.0
PF3D7_0713200	0.005595523581135092	0.0	0.0011168192986374804
PF3D7_0713400	0.01598721023181455	0.025601258171241828	0.042274885528032165
PF3D7_0713500	0.008792965627498001	0.048045604579084966	0.042001139161045344
PF3D7_0713600	0.0007993605115907274	0.011764705882352941	0.038068927297520656
PF3D7_0713700	0.004796163069544364	0.022222222222222223	0.02222688742595488
PF3D7_0713800	0.0007993605115907274	0.1211499346509804	0.019563315278311372
PF3D7_0713900	0.323065560068745	0.25494935915686273	0.5332618639341076
PF3D7_0714000	0.007993605115907274	0.1053398202627451	0.03326442093031048
PF3D7_0714100	0.0	0.0	0.002140934219566674
PF3D7_0714200	0.07201817546522782	0.4404545161633987	0.24524461832499442
PF3D7_0714300	0.07488385292406075	0.07527658902483661	0.24537127470024572
PF3D7_0714400	0.0031974420463629096	0.00130718954248366	0.01040539702948403
PF3D7_0714500	0.05269769185051959	0.03909397463529412	0.17733152680299305
PF3D7_0714600	0.0953354616378897	0.16308254079607842	0.26866796761090017
PF3D7_0715000	0.014388489208633094	0.00392156862745098	0.020587430199240562
PF3D7_0715100	0.0	0.00522875816993464	0.0011168192986374804
PF3D7_0715200	0.0071198166235012	0.37148803789542484	0.2659016473906634
PF3D7_0715300	0.0	0.04281684640915032	0.05526794449653786
PF3D7_0715400	0.0	0.00130718954248366	0.008618486151664061
PF3D7_0715500	0.0007993605115907274	0.00522875816993464	0.015842039871565784
PF3D7_0715600	0.022849690248601118	0.04303897059477124	0.21739422466406075
PF3D7_0715700	0.0	0.00130718954248366	0.0006700915791824883
PF3D7_0715800	0.015323681056754596	0.04096712418823529	0.21697460737100738
PF3D7_0715900	0.003996802557953637	0.0302874836627451	0.14416452143488945
PF3D7_0716000	0.06256168066266987	0.02037250000130719	0.16779949601429528
PF3D7_0716100	0.11026727619264588	0.00392156862745098	0.10334222974067456
PF3D7_0716200	0.12103650327897682	0.029744950984313723	0.18458475839111013
PF3D7_0716300	0.012925599521982413	0.0714767320366013	0.20813996259012732
PF3D7_0716400	0.01452432054516387	0.07877733661307189	0.18403345990864417
PF3D7_0716500	0.014388489208633094	0.02483660130718954	0.11305637425575162
PF3D7_0716600	0.004796163069544364	0.006535947712418301	0.041866112912888095
PF3D7_0716700	0.019788079538768984	0.051967173206535947	0.12393917521420596
PF3D7_0716800	0.0678855415707434	0.04651629085098039	0.14868982369086442
PF3D7_0716900	0.008792965627498001	0.05719593137647059	0.06319554179316507
PF3D7_0717000	0.0015987210231814548	0.03573836601830065	0.031477510052490505
PF3D7_0717100	0.02011984412629896	0.0845486274614379	0.12932507188965825
PF3D7_0717200	0.01838529176658673	0.2321883170261438	0.08770312011235201
PF3D7_0717300	0.07774953038289369	0.18500778185751635	0.1585401590962698
PF3D7_0717400	0.1041284272653877	0.08901272876732026	0.08691843590149653
PF3D7_0717500	0.01005992206314948	0.4104167278928105	0.08422564218181817
PF3D7_0717600	0.02331728617266187	1.1063837157150327	0.5273453931360286
PF3D7_0717700	0.2466443894772182	0.19531175887320262	0.46910279634710744
PF3D7_0717800	0.010859282574740208	0.01950955883006536	0.05716908434666071
PF3D7_0717900	0.04530751399520384	0.00261437908496732	0.10904019154679473
PF3D7_0718000	0.009064628300559551	0.013836552288888889	0.03680501800714764
PF3D7_0718100	0.01325736410951239	0.06570544118823529	0.3368290088523565
PF3D7_0718300	0.0	0.00130718954248366	0.002140934219566674
PF3D7_0718400	0.0015987210231814548	0.009150326797385621	0.00513736877373241
PF3D7_0718500	0.025247771783373302	0.04543122549411765	0.08794255082242573
PF3D7_0718600	0.007194244604316547	0.11190132354640524	0.06052354534934107
PF3D7_0718700	0.008461201039968025	0.0	0.0836395214480679
PF3D7_0718800	0.0	0.0	0.0006700915791824883
PF3D7_0719000	0.007993605115907274	0.00261437908496732	0.02954314552356489
PF3D7_0719100	0.01598721023181455	0.055124084969934636	0.1986608820189859
PF3D7_0719200	0.0	0.0	0.00044672771945499217
PF3D7_0719300	0.06661858513509193	0.021679689543790848	0.1421155642742908
PF3D7_0719400	0.02277526226778577	0.4736476316666667	0.3184892644869332
PF3D7_0719500	0.003996802557953637	0.14117859882745099	0.08686004718070135
PF3D7_0719600	0.16722040864908072	0.01045751633986928	0.307869031643958
PF3D7_0719700	0.030375699440447643	0.00392156862745098	0.04465597777641278
PF3D7_0719800	0.011990407673860911	0.05033957517124183	0.04785898202121957
PF3D7_0719900	0.1510960656394884	0.45265143388496737	0.6518241528838508
PF3D7_0720000	0.002398081534772182	0.0	0.004243913334822426
PF3D7_0720100	0.014856085132693845	0.00261437908496732	0.02027136196180478
PF3D7_0720200	0.04376889488649081	0.00522875816993464	0.06835807460888987
PF3D7_0720400	0.019788079538768984	0.028980294120261436	0.09316898452646862
PF3D7_0720500	0.0007993605115907274	0.00261437908496732	0.0033504578959124413
PF3D7_0720600	0.0164548061558753	0.054581552291503264	0.10149219971655125
PF3D7_0720700	0.1559666566898481	1.0439424501568628	0.25290192469979894
PF3D7_0720800	0.019184652278177457	0.043901911766013074	0.18035747292427964
PF3D7_0720900	0.016123041568345323	0.04303897059477124	0.23251839048805006
PF3D7_0721000	0.13403399675779376	0.6783549776379084	0.7321968895001117
PF3D7_0721100	0.06814287817745802	0.08597965688235294	0.5532691740265803
PF3D7_0721200	0.014388489208633094	0.04696053922222222	0.04989078135336163
PF3D7_0721300	0.08326932454196642	0.011222173203921569	0.08540563505003351
PF3D7_0721400	0.012789768185451638	0.021679689543790848	0.06176665736385973
PF3D7_0721500	0.009728157475619503	0.05598915438039216	0.18719523326111234
PF3D7_0721600	0.37671407127498	0.06491735699215687	0.41656609609649314
PF3D7_0721800	0.0007993605115907274	0.00261437908496732	0.008972509493410765
PF3D7_0721900	0.0031974420463629096	0.011764705882352941	0.008041098950189859
PF3D7_0722000	0.044568255398081534	0.036601307189542485	0.10947818573397364
PF3D7_0722100	0.004796163069544364	0.00784313725490196	0.014109878267143177
PF3D7_0722200	0.003996802557953637	3.2520809106588233	0.05140521052311816
PF3D7_0722300	0.10026745604396484	0.047280947715032676	0.16304058730556176
PF3D7_0722400	0.04183840927577938	0.01045751633986928	0.09297042104936341
PF3D7_0722500	0.04743393285691447	0.06350975490326798	0.09680556176904177
PF3D7_0722600	0.14290522583133491	0.16276000406405228	0.1971513761965602
PF3D7_0722700	0.0031974420463629096	0.00261437908496732	0.006831575273844092
PF3D7_0722800	0.0007993605115907274	0.00392156862745098	0.002140934219566674
PF3D7_0722900	0.0	0.10850098850457517	0.008302417914228278
PF3D7_0723000	0.002398081534772182	0.006535947712418301	0.006477551932097387
PF3D7_0723100	0.0007993605115907274	0.043581503273202614	0.004058504579405852
PF3D7_0723200	0.0	0.00130718954248366	0.00044672771945499217
PF3D7_0723300	0.006530715429256594	0.5168589579267974	0.12914475721911994
PF3D7_0723400	0.15023530177218225	0.05250970588496732	0.2736884660377485
PF3D7_0723600	0.007194244604316547	0.0	0.007147643511279875
PF3D7_0723700	0.02778168465467626	0.022444346407843138	0.12766809317511726
PF3D7_0723800	0.04084311551318945	1.5142681420313726	0.6354953939620281
PF3D7_0723900	0.07488385292406075	0.09914983661437908	0.22866400288898817
PF3D7_0724000	0.008792965627498001	0.1891280473385621	0.18529159936497652
PF3D7_0724100	0.18612037362909672	0.2377931698104575	0.5948663189209292
PF3D7_0724200	0.05189833133892886	0.009150326797385621	0.13699899277641278
PF3D7_0724300	0.0007993605115907274	0.00130718954248366	0.011206148090685727
PF3D7_0724400	0.013589128697042365	0.006535947712418301	0.023267796515970517
PF3D7_0724500	0.003996802557953637	0.009150326797385621	0.00513736877373241
PF3D7_0724600	0.008461201039968025	0.09271217320915033	0.12082045105092695
PF3D7_0724700	0.21546802808393287	0.12970673023137255	0.43188129784319856
PF3D7_0724800	0.00686248001678657	0.05796058824052287	0.0638700001384856
PF3D7_0724900	0.0	0.12910444414901961	0.01360840127429082
PF3D7_0725000	0.015187849720223821	0.2673628512732026	0.256443654090239
PF3D7_0725100	0.058896642692246204	0.19109948119869283	0.18227904639088677
PF3D7_0725200	0.003996802557953637	0.00784313725490196	0.016120153004690642
PF3D7_0725300	0.06774971023421264	0.04466656863006536	0.04093470236966719
PF3D7_0725400	0.0007993605115907274	0.28968538725098036	0.008264462809917356
PF3D7_0726100	0.1490440747585931	0.02298687908627451	0.03937552211771275
PF3D7_0726200	0.02331728617266187	0.00130718954248366	0.01053605651150324
PF3D7_0726300	0.026182963631494804	0.10980604980784314	0.14032901705584097
PF3D7_0726400	0.12144399728856915	0.5890138078300654	0.5312667832083984
PF3D7_0726500	0.21733737396402875	0.4324111741137255	0.750520362202591
PF3D7_0726600	0.0015987210231814548	0.007300604576470588	0.03125414619276301
PF3D7_0726700	0.008461201039968025	0.17092567805098038	0.18900918090104982
PF3D7_0726900	0.017721762591526777	0.00130718954248366	0.05951185783136029
PF3D7_0727000	0.0164548061558753	0.051326356220915026	0.17285726070873353
PF3D7_0727100	0.013589128697042365	0.04173178105228758	0.1022046131661827
PF3D7_0727200	0.03117505995203837	0.00261437908496732	0.02598611793701139
PF3D7_0727300	0.06529152678497202	0.043359379087581695	0.16591837169801205
PF3D7_0727400	0.011191047162270184	0.039437810460130715	0.10069144865534956
PF3D7_0727500	0.03764567346682654	0.08134698927320262	0.4206842469443824
PF3D7_0727600	0.02058744005035971	0.00261437908496732	0.04601732187000223
PF3D7_0727700	0.010859282574740208	0.023751535950326797	0.05875342864060755
PF3D7_0727800	0.07940835332054356	0.10045702615686274	0.2886759538863078
PF3D7_0727900	0.0658192246235012	0.19721460787189543	0.14496854828411881
PF3D7_0728000	0.03337720823581135	0.02821563725620915	0.09086307516796963
PF3D7_0728100	0.03170405923181455	0.2633221303503268	0.5783101904909538
PF3D7_0728200	0.002398081534772182	0.02690844771372549	0.05126855595666741
PF3D7_0728300	0.0031974420463629096	0.0196078431372549	0.02540873073553719
PF3D7_0728400.2	0.0007993605115907274	0.00130718954248366	0.002680366316729953
PF3D7_0728400.1	0.009260561551558752	0.07756843137777777	0.10912852915836498
PF3D7_0728500	0.002398081534772182	0.03911740196732026	0.0717296934400268
PF3D7_0728600	0.019577820221422862	0.32718040865751635	0.4317994888918919
PF3D7_0728700	0.0007993605115907274	0.0	0.008711190529372347
PF3D7_0728800	0.01598721023181455	0.0196078431372549	0.1363161101349118
PF3D7_0728900	0.14083890888409273	0.09216964053071895	0.33602961771543444
PF3D7_0729000	0.02158273381294964	0.02690844771372549	0.07150196281416127
PF3D7_0729100	0.05341878891606715	0.24039543577254902	0.6445208218085772
PF3D7_0729200	0.0	0.0020718464065359477	0.01679024458387313
PF3D7_0729300	0.062290017989608315	0.00522875816993464	0.0692894851521108
PF3D7_0729400	0.061686590729016784	0.00392156862745098	0.04798964150323878
PF3D7_0729500	0.019984012789768184	0.01045751633986928	0.04223693042372124
PF3D7_0729600.1	0.003996802557953637	0.04227431373071895	0.1019093422046013
PF3D7_0729700	0.0007993605115907274	0.22118826800784314	0.012546331249050703
PF3D7_0729800	0.0007993605115907274	0.00522875816993464	0.00022336385972749609
PF3D7_0729900	0.012458003597921662	0.08901272876732026	0.011914194774179137
PF3D7_0730000	0.0007993605115907274	0.0	0.002233638597274961
PF3D7_0730100	0.010391686650679457	0.009150326797385621	0.024999958120393122
PF3D7_0730200	0.007194244604316547	0.013071895424836602	0.032278261113692204
PF3D7_0730300	0.29483060555635493	0.2362659017006536	0.32693375996314494
PF3D7_0730400	0.0	0.08008452615555556	0.0017869108778199687
PF3D7_0730500	0.03265357714628297	0.862967139509804	0.5190024495528255
PF3D7_0730800.1	0.0031974420463629096	0.0	0.0006700915791824883
PF3D7_0730900	0.4252314154676259	0.047182663407843134	0.15925036849519766
PF3D7_0731100	0.24591945694644285	0.18846167478169934	0.09777421933884298
PF3D7_0731200	0.007194244604316547	0.00522875816993464	0.004467277194549922
PF3D7_0731300	0.12132249201838528	0.02298687908627451	0.10210717836296627
PF3D7_0731500	0.03229238516866507	0.3977994967568627	0.016027448626982355
PF3D7_0731600	0.22102879366666667	0.22712146916209153	1.0205906098617379
PF3D7_0731700	0.004132633894484412	0.00522875816993464	0.02375247933973643
PF3D7_0731800	0.011990407673860911	0.036058774511111114	0.008264462809917356
PF3D7_0732900	0.0	0.00522875816993464	0.00022336385972749609
PF3D7_0733000	0.005577362049560351	0.00784313725490196	0.0057830236294393565
PF3D7_0600200	0.00493199440607514	0.0	0.0020979042713870897
PF3D7_0600300	0.0	0.00261437908496732	0.0008934554389099843
PF3D7_0600400	0.0007993605115907274	0.0	0.0008007510612016975
PF3D7_0600500	0.0007993605115907274	0.0	0.00044672771945499217
PF3D7_0600700	0.0	0.00130718954248366	0.00022336385972749609
PF3D7_0601100	0.0	0.0	0.00022336385972749609
PF3D7_0601200	0.0028656774588329335	0.0	0.00022336385972749609
PF3D7_0601900	0.014056724621103116	0.00130718954248366	0.01541210632119723
PF3D7_0602000	0.008129436452438049	0.03475158496862745	0.09758951866115702
PF3D7_0602100	0.14304105716786572	0.009150326797385621	0.07183919198682154
PF3D7_0602200	0.006394884092725819	0.00261437908496732	0.012285012285012284
PF3D7_0602300	0.0007993605115907274	0.0	0.006700915791824883
PF3D7_0602400	0.08314912071302957	0.0556687458875817	0.4442884908909984
PF3D7_0602500	0.004796163069544364	0.00261437908496732	0.020456770717221354
PF3D7_0602600	0.02604713229496403	0.022444346407843138	0.08358913894080858
PF3D7_0602700	0.002398081534772182	0.0033790359490196075	0.006477551932097387
PF3D7_0602800	0.026846492806554757	0.00130718954248366	0.018800519321420593
PF3D7_0602900	0.0415066446882494	0.1738838929607843	0.04482895912888095
PF3D7_0603000	0.021250969225419664	0.10339181373464053	0.05564312877350904
PF3D7_0603100	0.01179447442286171	0.08094746732679739	0.18187500420125086
PF3D7_0603200	0.005595523581135092	0.0020718464065359477	0.07381151162005807
PF3D7_0603300	0.04663457234532374	0.007300604576470588	0.104454682273174
PF3D7_0603400	0.08607490008633094	0.060453255686274514	0.276797780919589
PF3D7_0603500	0.0007993605115907274	0.00130718954248366	0.0020102747375474648
PF3D7_0603600	0.0028656774588329335	0.013071895424836602	0.04667098293946839
PF3D7_0603700	0.0031974420463629096	0.0196078431372549	0.0466494583448738
PF3D7_0603800	0.014388489208633094	0.8518369491320261	0.21659509480991734
PF3D7_0603900	0.0	0.00784313725490196	0.008972509493410765
PF3D7_0604000	0.003996802557953637	0.006535947712418301	0.026192687627652447
PF3D7_0604100	0.004464398482014388	1.8809727633503268	0.33017670464976545
PF3D7_0604200	0.0007993605115907274	0.00392156862745098	0.007147643511279875
PF3D7_0604300	0.017585931254996003	0.07058823529411765	0.11173771569198124
PF3D7_0604400	0.0015987210231814548	0.005993415033986928	0.006030824212642395
PF3D7_0604500	0.3129325114660272	0.6067698005098039	0.7703416943515747
PF3D7_0604600	0.010527517987210232	0.009150326797385621	0.10425684611480902
PF3D7_0604700	0.006394884092725819	0.03366651961176471	0.1151976721346884
PF3D7_0604800	0.009260561551558752	0.00130718954248366	0.030752669199910654
PF3D7_0604900	0.0007993605115907274	0.00130718954248366	0.011838284565557293
PF3D7_0605000	0.007194244604316547	0.00261437908496732	0.0388864725278088
PF3D7_0605100	0.03324137689928058	0.18424312499346407	0.1044170908282332
PF3D7_0605200	0.0015987210231814548	0.01045751633986928	0.020047998102077285
PF3D7_0605300	0.0	0.00261437908496732	0.004243913334822426
PF3D7_0605400	0.0	0.00261437908496732	0.0008934554389099843
PF3D7_0605500	0.0007993605115907274	0.06166003268235294	0.061990021223587224
PF3D7_0605600	0.0	0.10524366419477124	0.010721828926289926
PF3D7_0605700	0.0	0.01645093137385621	0.00022336385972749609
PF3D7_0605800	0.05897237211430856	0.1182921322875817	0.48654870601853917
PF3D7_0605900	0.003996802557953637	0.009150326797385621	0.0045052322988608446
PF3D7_0606000	0.07987594924460432	0.3922399141764706	0.11290964792338619
PF3D7_0606100	0.3683418879072742	0.17247629087189542	0.5387717643611794
PF3D7_0606200	0.0	0.018300653594771243	0.0006700915791824883
PF3D7_0606300	0.0	0.011764705882352941	0.00022336385972749609
PF3D7_0606400	0.0	0.00130718954248366	0.00022336385972749609
PF3D7_0606500	0.014856085132693845	0.00784313725490196	0.017776404400491403
PF3D7_0606600	0.13997944645803356	0.0811695915124183	0.2533076599524235
PF3D7_0606700	0.153554249088729	0.5110771384836601	0.45605890845208846
PF3D7_0606800	0.008792965627498001	0.10067915034248366	0.15028113478981459
PF3D7_0606900	0.006394884092725819	0.00522875816993464	0.03170087391221801
PF3D7_0607000	0.2854511416171063	0.1982783741359477	0.6622088496526692
PF3D7_0607100	0.0	0.0	0.0011168192986374804
PF3D7_0607200	0.0028656774588329335	0.013071895424836602	0.0750042411273174
PF3D7_0607300	0.004464398482014388	0.00392156862745098	0.030710710988831803
PF3D7_0607400	0.02877697841726619	0.04696053922222222	0.18930076084565556
PF3D7_0607500	0.0015987210231814548	0.03529411764705882	0.036037491624748716
PF3D7_0607600	0.0015987210231814548	0.1866119525607843	0.10400804745901272
PF3D7_0607700	0.006530715429256594	0.898310491145098	0.2845520290944829
PF3D7_0607800	0.004796163069544364	0.00261437908496732	0.016735495310475766
PF3D7_0607900	0.016590637492406076	0.021679689543790848	0.16044850417712755
PF3D7_0608000	0.029244574341326938	0.01514374183137255	0.11435459920303775
PF3D7_0608100	0.07600195339808154	0.1087209844509804	0.5611204242260442
PF3D7_0608200	0.024116646684252598	0.00392156862745098	0.06820625419164619
PF3D7_0608300	0.057087662351718624	0.02429406862875817	0.3023125739977664
PF3D7_0608310	0.009592326139088728	0.0	0.024106502681483136
PF3D7_0608400	0.0015987210231814548	0.01699346405228758	0.04434427630511503
PF3D7_0608500	0.005595523581135092	0.006535947712418301	0.02023340685749386
PF3D7_0608600	0.00686248001678657	0.01699346405228758	0.05489712698570471
PF3D7_0608700	0.07414459432693846	0.01045751633986928	0.16851918835872237
PF3D7_0608800	0.9028487543493207	0.8226897196535947	2.1275154332108555
PF3D7_0608900	0.005595523581135092	0.10099955883529413	0.08361029987603306
PF3D7_0609000	0.4009304747290168	0.8984085243699346	1.046709283392897
PF3D7_0609100	0.007993605115907274	0.017758120916339867	0.015896789144963144
PF3D7_0609200	0.011990407673860911	0.0196078431372549	0.022281636699352247
PF3D7_0609300	0.0164548061558753	0.04903238562875817	0.2079717116631673
PF3D7_0609400	0.02331728617266187	0.02821563725620915	0.06743945512798749
PF3D7_0609500	0.0	0.01906531045882353	0.0006700915791824883
PF3D7_0609600	0.0012669564356514787	0.03083001634117647	0.024258323098726827
PF3D7_0609700	0.19061212280255793	1.0252560972875817	0.12706148440160822
PF3D7_0609800	0.0	0.0629672222248366	0.002680366316729953
PF3D7_0609900	0.019788079538768984	0.07909774510588236	0.0692894851521108
PF3D7_0610000	0.0015987210231814548	0.011764705882352941	0.050467804895465714
PF3D7_0610100	0.08580323741326938	0.06341147059607843	0.17864610859571142
PF3D7_0610200	0.11937768034132694	0.04281684640915032	0.2726906605601966
PF3D7_0610400	0.03617921194004796	1.3419136710248367	0.8242358686231851
PF3D7_0610500	0.016786570743405275	0.0	0.023975843199463928
PF3D7_0610600	0.02011984412629896	0.10992776144705883	0.07120268874581193
PF3D7_0610700	0.02844521382973621	0.006535947712418301	0.034528693880053606
PF3D7_0610800	0.09307321143964828	0.032679738562091505	0.11633528870918024
PF3D7_0610900	0.14216596723421263	0.14263305558039216	0.3383578334105428
PF3D7_0611000	0.0007993605115907274	0.032679738562091505	0.04546109560375251
PF3D7_0611100	0.0	0.01437908496732026	0.017460336163055618
PF3D7_0611200	0.022186161073541166	0.02298687908627451	0.1516103480364083
PF3D7_0611300	0.0	0.0	0.006477551932097387
PF3D7_0611400	0.005595523581135092	0.02091503267973856	0.05733733527362073
PF3D7_0611500	0.0	0.00261437908496732	0.0013401831583649765
PF3D7_0611600	0.014388489208633094	0.6982506159647058	0.20734629514228278
PF3D7_0611700	0.045699380497202235	0.00392156862745098	0.074945125087782
PF3D7_0611800	0.1121977618033573	0.40224691003137253	0.3367482514103194
PF3D7_0611900	0.0007993605115907274	0.0	0.0015635470180924726
PF3D7_0612000	0.0	0.011764705882352941	0.012285012285012284
PF3D7_0612100	0.059891936454836134	0.022444346407843138	0.11348230469935225
PF3D7_0612200	0.012019323431654676	1.1027216982509804	0.663254487885861
PF3D7_0612300	0.0007993605115907274	0.00261437908496732	0.007948394572481572
PF3D7_0612400	0.0	0.009150326797385621	0.006030824212642395
PF3D7_0612500	0.0015987210231814548	0.018300653594771243	0.010089328792048246
PF3D7_0612600	0.03131089128856914	0.17921093543790848	0.08242999777172214
PF3D7_0612700	0.024448411271782575	0.6519529151437908	0.22835439046861736
PF3D7_0612800	0.0031974420463629096	0.009150326797385621	0.012285012285012284
PF3D7_0612900	0.050359712230215826	0.009914983661437908	0.07141362520259102
PF3D7_0613000.3	0.0	0.0	0.0008934554389099843
PF3D7_0613000.2	0.0	0.0	0.00022336385972749609
PF3D7_0613000.1	0.0	0.0	0.0011168192986374804
PF3D7_0613100	0.0015987210231814548	0.00392156862745098	0.007725030712754076
PF3D7_0613200	0.0007993605115907274	0.006535947712418301	0.031886282667634575
PF3D7_0613300	0.0	0.7488502644797385	0.00806225988541434
PF3D7_0613400	0.014192555957633891	0.1532892687738562	0.14068740716372571
PF3D7_0613500	0.01325736410951239	0.03312398693333333	0.0727662357639044
PF3D7_0613600	0.0	0.04619588235816993	0.012862399486486487
PF3D7_0613700	0.06921390136211031	0.5307934267124182	0.47040158991579184
PF3D7_0613800	0.03895970719104717	2.2640226977071896	1.004328988631673
PF3D7_0613900	0.0031974420463629096	0.9095015476039215	0.04601768552937235
PF3D7_0614000	0.009592326139088728	0.11535521647058823	0.18252793795197678
PF3D7_0614100	0.003665037970423661	0.3027808087986928	0.07755831472816618
PF3D7_0614200	0.08520111159392485	0.08301931373333334	0.16860788962966272
PF3D7_0614300	0.042034342526778574	0.24012973858823528	0.23103968896269825
PF3D7_0614400	0.056558663071942454	0.06666666666666667	0.0957602859128881
PF3D7_0614500	0.15515297011191045	0.03497370915424836	0.29288795270493634
PF3D7_0614600	0.0007993605115907274	0.15316542889542484	0.014409152335492517
PF3D7_0614700	0.0	0.22437073534248367	0.0034811173779316505
PF3D7_0614800	0.0814902977753797	0.039437810460130715	0.2157007454826893
PF3D7_0614900	0.01132687849880096	0.4598449226980392	0.4117379473714541
PF3D7_0615000	0.016786570743405275	0.018300653594771243	0.03981788307102971
PF3D7_0615100	0.0	0.0	0.0006700915791824883
PF3D7_0615200	0.0015987210231814548	0.00784313725490196	0.0396872235890105
PF3D7_0615300	0.0250518385323741	0.07256179739346405	0.3325708995789591
PF3D7_0615400	0.2832090144420464	0.6872747798954247	0.9713654262912664
PF3D7_0615500	0.005595523581135092	0.11777302694117646	0.1871030398713424
PF3D7_0615600	0.1762837355083933	0.1114570751751634	0.3273494478139379
PF3D7_0615700	0.003996802557953637	0.00130718954248366	0.006608211414116596
PF3D7_0615800	0.005263758993605116	0.06918276144444445	0.09662451977976323
PF3D7_0615900	0.04515735659232614	0.29435041244052285	0.3738648667042662
PF3D7_0616000	0.004796163069544364	0.00392156862745098	0.016343516864418137
PF3D7_0616100	0.03211025180015987	0.00784313725490196	0.040711338509939694
PF3D7_0616200	0.030904698720223823	0.572101472869281	0.4356526413955774
PF3D7_0616300	0.01838529176658673	0.01699346405228758	0.05761544840674559
PF3D7_0616400	0.02331728617266187	0.0831431536117647	0.13172696141389323
PF3D7_0616500	0.0	0.00130718954248366	0.0017869108778199687
PF3D7_0616600	0.004464398482014388	0.09456189543006535	0.13029407387781997
PF3D7_0616700	0.0015987210231814548	0.01514374183137255	0.027680324437123073
PF3D7_0616800	0.020783373301358914	0.03813062091764706	0.07907953987580969
PF3D7_0616900	0.03864096722941646	0.04562992234771241	0.15457828833727943
PF3D7_0617000	0.005263758993605116	0.00130718954248366	0.010498101407192316
PF3D7_0617100	0.034508333334932056	0.1687534190980392	0.08874330188362743
PF3D7_0617200	0.2238862509248601	0.272790306296732	0.5097274398771499
PF3D7_0617300	0.0	0.013071895424836602	0.0020102747375474648
PF3D7_0617400	0.00830720817186251	0.02690844771372549	0.010350647756086665
PF3D7_0617800	0.22344514251159073	3.9004025494300656	2.600345244735537
PF3D7_0617900	0.41261768849320546	2.7848967909947713	2.243797477888988
PF3D7_0618000	0.0	0.6860517098915032	0.007948394572481572
PF3D7_0618100	0.010859282574740208	0.2226281288862745	0.06258420259414786
PF3D7_0618200	0.022849690248601118	0.00130718954248366	0.05134009939915122
PF3D7_0618300	0.37416713377857713	0.06819810863398693	0.6075190112803216
PF3D7_0618400	0.0	0.00261437908496732	0.004223116058968059
PF3D7_0618500	0.003996802557953637	0.12835225492026142	0.06570323599352244
PF3D7_0618600	0.003996802557953637	0.00784313725490196	0.019563315278311372
PF3D7_0618700	0.030043934852917665	0.03529411764705882	0.09179921613669867
PF3D7_0618800	0.016590637492406076	0.046738415036601304	0.1299604841525575
PF3D7_0618900.1	0.0007993605115907274	0.00130718954248366	0.0020102747375474648
PF3D7_0619000.2	0.015187849720223821	0.022222222222222223	0.05926733303640831
PF3D7_0619000.1	0.007194244604316547	0.03290186274771242	0.046796911995979455
PF3D7_0619100	0.0007993605115907274	0.004686225491503267	0.005360732633459906
PF3D7_0619200	0.04550344724620304	0.14088161766666668	0.15808862728724593
PF3D7_0619300	0.056831627186250996	0.13987353752418302	0.4140035071023006
PF3D7_0619400	0.05109897082733813	0.43236582739084967	0.31859875644561086
PF3D7_0619500	0.15386785214468426	0.06755516340915033	0.39895357585682373
PF3D7_0619600	0.002398081534772182	0.0020718464065359477	0.022821068796515524
PF3D7_0619700	0.002066316947242206	0.233474207475817	0.12263252597073933
PF3D7_0619800	0.05934991254996003	0.09752223857908497	0.27266628441366986
PF3D7_0619900	0.0015987210231814548	0.013071895424836602	0.01567342528523565
PF3D7_0620000	0.0	0.0	0.0011168192986374804
PF3D7_0620100	0.0	0.0	0.008841850011391556
PF3D7_0620200	0.0	0.00261437908496732	0.0011168192986374804
PF3D7_0620300	0.01692240207993605	0.39276820549281044	0.02760441422850123
PF3D7_0620400	0.0007993605115907274	0.5876869037281046	0.011670033638597276
PF3D7_0620500	0.037705775381294965	0.10284928105620915	0.10554963255885638
PF3D7_0620600	0.002398081534772182	0.031594673205228754	0.015003333706053161
PF3D7_0620700	0.006394884092725819	0.3034986109986928	0.08682609518315837
PF3D7_0621000	0.054432244210231816	0.07855521242745098	0.2591319337154344
PF3D7_0621100	0.0007993605115907274	0.5672587176065359	0.03629917424815725
PF3D7_0621200	0.09786937450919266	0.00784313725490196	0.066735411551262
PF3D7_0621300	0.11418834932853718	0.039659934645751634	0.09166382622917132
PF3D7_0621400	0.0007993605115907274	0.0368234313751634	0.0011168192986374804
PF3D7_0621500	0.021718565149480416	0.08247678105490196	0.11486444606879607
PF3D7_0621700	0.02698232414308553	0.043359379087581695	0.10454411086285459
PF3D7_0621800	0.014388489208633094	0.00261437908496732	0.018092472637927185
PF3D7_0621900	0.0764825739472422	0.06491735699215687	0.21346352186129103
PF3D7_0622000	0.0	0.00784313725490196	0.011075488608666518
PF3D7_0622100	0.0031974420463629096	0.030065359477124184	0.023584228412776412
PF3D7_0622200	0.18388417268105514	0.05349648693464052	0.24177556469064107
PF3D7_0622300	0.0007993605115907274	0.0	0.02192761335760554
PF3D7_0622400	0.01598721023181455	0.00522875816993464	0.056924195892338623
PF3D7_0622500	0.0031974420463629096	0.009150326797385621	0.006477551932097387
PF3D7_0622600	0.0007993605115907274	0.01437908496732026	0.018893223699128884
PF3D7_0622700	0.009260561551558752	0.01645093137385621	0.02014070247978557
PF3D7_0622800	0.16914959281854516	0.12144904405098039	0.37561338515412107
PF3D7_0622900	0.243157123226219	0.3688012238352941	0.2122156249979897
PF3D7_0623000	0.028249280578737008	0.05818271242614379	0.16835494053853026
PF3D7_0623100	0.07055528577857714	0.027673104577777777	0.1412301150489167
PF3D7_0623200	0.0007993605115907274	0.00392156862745098	0.0040205494750949295
PF3D7_0623300	0.002398081534772182	0.006535947712418301	0.022243681595041323
PF3D7_0623400	0.0007993605115907274	0.00522875816993464	0.011745580187849006
PF3D7_0623500	0.0007993605115907274	0.00522875816993464	0.005807460352914898
PF3D7_0623600	0.019984012789768184	0.018522777780392154	0.03179357828992629
PF3D7_0623700	0.02778168465467626	0.06558160130980392	0.10631786701898592
PF3D7_0623800	0.44952828390807353	0.11091360623921569	0.20231905752043777
PF3D7_0623900	0.02717825739408473	0.02429406862875817	0.13275544310096046
PF3D7_0624000	0.018521123103117505	0.023529411764705882	0.05437448905762787
PF3D7_0624100	0.002398081534772182	0.00522875816993464	0.018931178803439804
PF3D7_0624200	0.04070728417665867	0.2286896976771242	0.33379107084386866
PF3D7_0624300	0.0031974420463629096	0.014601209152941176	0.01820633795085995
PF3D7_0624400	0.09007170264428457	0.2579904002901961	0.41691007574313155
PF3D7_0624500	0.0007993605115907274	0.01437908496732026	0.0075016668530265805
PF3D7_0624600	0.3216953287529976	1.6343565805542484	0.9885187843165066
PF3D7_0624700	0.0012669564356514787	0.02037250000130719	0.0760998994907304
PF3D7_0624800	0.0	0.0	0.002233638597274961
PF3D7_0624900	0.005595523581135092	0.02298687908627451	0.05884613301831583
PF3D7_0625000.2	0.0	0.00261437908496732	0.00044672771945499217
PF3D7_0625000.1	0.0	0.0	0.0006700915791824883
PF3D7_0625100	0.0007993605115907274	0.00392156862745098	0.002680366316729953
PF3D7_0625200	0.005263758993605116	0.114836111124183	0.09336712992092919
PF3D7_0625300	0.02998383293844924	0.21581022699215688	0.38691497190239
PF3D7_0625400	0.029576338928856916	0.04881026144313726	0.014872674224033954
PF3D7_0625500	0.009592326139088728	0.00522875816993464	0.05344744528054501
PF3D7_0625600	0.01838529176658673	0.01568627450980392	0.026024073041322315
PF3D7_0625700	0.0	0.00130718954248366	0.0032577535182041545
PF3D7_0625800	0.014388489208633094	0.01699346405228758	0.04895900715077061
PF3D7_0625900	0.0007993605115907274	0.0	0.015450061425508152
PF3D7_0626000	0.04296953437490008	0.09577080066535948	0.10598464095309358
PF3D7_0626100	0.008792965627498001	0.011764705882352941	0.029913963034398035
PF3D7_0626200	0.009592326139088728	0.00261437908496732	0.029429280210632118
PF3D7_0626300	0.0007993605115907274	0.0	0.008972509493410765
PF3D7_0626400	0.009260561551558752	0.4092869361111111	0.2199786300560643
PF3D7_0626500	0.0007993605115907274	0.009150326797385621	0.0037044812376591466
PF3D7_0626600	0.0	0.00392156862745098	0.014202582644851462
PF3D7_0626700	0.0007993605115907274	0.0	0.006738870896135805
PF3D7_0626800	0.045835211833733014	0.022222222222222223	0.14815075525307125
PF3D7_0626900	0.003996802557953637	0.009150326797385621	0.0441165456792495
PF3D7_0627000	0.0	0.00130718954248366	0.0006700915791824883
PF3D7_0627100	0.2032059577370104	0.5864925943673203	0.4171557136111235
PF3D7_0627200	0.0007993605115907274	0.004686225491503267	0.017869108778199687
PF3D7_0627300	0.29567704335731415	0.6390064533111111	0.6838062569327675
PF3D7_0627400	0.0	0.0	0.004914004914004914
PF3D7_0627500	0.012789768185451638	0.00261437908496732	0.024645934778646416
PF3D7_0627600	0.0015987210231814548	0.0	0.004243913334822426
PF3D7_0627700	0.04889682254356515	0.11865939544444445	0.15926820207281664
PF3D7_0627800	0.05495994204876099	0.10023490197124182	0.17589349075876703
PF3D7_0627900	0.002398081534772182	0.0	0.002457002457002457
PF3D7_0628000	0.0	0.00130718954248366	0.0033504578959124413
PF3D7_0628100	0.02058744005035971	3.5542564270575165	0.15537449825485816
PF3D7_0628200	0.2830845098641087	0.7869384378496731	0.7907060367480455
PF3D7_0628300.1	0.02478017585931255	0.14882516746797386	0.13326055954121063
PF3D7_0628500	0.008461201039968025	0.00261437908496732	0.04127193154232745
PF3D7_0628600	0.10293720025179855	0.07221796156862745	0.1874266577576502
PF3D7_0628700	0.028581045166266986	0.07342473856470588	0.10568973365088229
PF3D7_0628800	0.0015987210231814548	0.00261437908496732	0.031384805674782225
PF3D7_0628900	0.007993605115907274	0.004686225491503267	0.041474134466830466
PF3D7_0629000	0.004796163069544364	0.0	0.044192455887871344
PF3D7_0629100	0.01598721023181455	0.027130571899346406	0.08798050592673666
PF3D7_0629200	0.01692240207993605	0.047503071900653594	0.11383669170046906
PF3D7_0629300	0.0	0.10734149727712418	0.0017869108778199687
PF3D7_0629400	0.007993605115907274	0.012529362746405228	0.05552926346057628
PF3D7_0629500	0.034508333334932056	0.022222222222222223	0.10285754691690864
PF3D7_0629600	0.03211025180015987	0.00522875816993464	0.04030256589479562
PF3D7_0629700	0.33884099681534774	0.9079990146601307	1.473294817085325
PF3D7_0629800	0.03864096722941646	0.08094746732679739	0.13150760066093364
PF3D7_0629900	0.006394884092725819	0.01437908496732026	0.019917338620058074
PF3D7_0630100	0.023980815347721823	0.023529411764705882	0.029505190419253962
PF3D7_0630200	0.0	0.00130718954248366	0.0011168192986374804
PF3D7_0630300	0.018114930534772183	0.12274996147973856	0.37646563360352914
PF3D7_0630400	0.0	0.07495405229281045	0.004914004914004914
PF3D7_0630500	0.08894057754516388	0.015908398695424836	0.0870658895526022
PF3D7_0630600	0.036710481618705035	0.13715874589281044	0.19523487757382174
PF3D7_0630700	0.008792965627498001	0.00261437908496732	0.030360690753853028
PF3D7_0630800	0.0007993605115907274	0.04128753268104575	0.011244103194996649
PF3D7_0630900	0.06295354716466826	0.008607794118954248	0.07790797130377486
PF3D7_0631000	0.0	0.03420905229019608	0.002233638597274961
PF3D7_0631100	0.0	0.0	0.00044672771945499217
PF3D7_0632400	0.0	0.0	0.0
PF3D7_0632500	0.006456287448441247	0.00130718954248366	0.003417290153897699
PF3D7_0632700	0.0007993605115907274	0.00392156862745098	0.001917570359839178
PF3D7_0632800	0.026665149247002397	0.00392156862745098	0.003590979584096493
PF3D7_0500100	0.006198950840927258	0.02298687908627451	0.009680556176904177
PF3D7_0500800	0.5033647874428457	0.16865723365751634	1.9758569759048472
PF3D7_0500900	0.0015987210231814548	0.16527609884183006	0.004058504579405852
PF3D7_0501000	0.2922095037042366	0.03736596405359477	0.3764765088018763
PF3D7_0501100.1	0.0015987210231814548	0.00130718954248366	0.0011168192986374804
PF3D7_0501100.2	0.0	0.0	0.00044672771945499217
PF3D7_0501200	0.1299679031254996	0.011222173203921569	0.2646027818760331
PF3D7_0501300	0.3617247576882494	0.02483660130718954	0.08953198920125083
PF3D7_0501400	0.7150175001902478	0.5250166626640523	0.23101456340272505
PF3D7_0501500	0.0007993605115907274	0.6352005042222222	0.006068779316953317
PF3D7_0501600	0.0	0.627392539613072	0.009533102525798524
PF3D7_0501700	0.0	0.006535947712418301	0.0015635470180924726
PF3D7_0501800	0.023967790722621903	0.20799466094379082	0.28127201183136025
PF3D7_0501900	0.0031974420463629096	0.009914983661437908	0.02250500055907974
PF3D7_0502000	0.06628682054756195	0.1435964092980392	0.21674201823207503
PF3D7_0502100	0.008461201039968025	0.04651629085098039	0.0717421208429752
PF3D7_0502200	0.035171862509992005	0.24644356211503268	0.14286156606209516
PF3D7_0502300	0.0	0.00130718954248366	0.0011168192986374804
PF3D7_0502400	0.03484009792246203	0.00522875816993464	0.005807460352914898
PF3D7_0502500	0.0	0.00130718954248366	0.0013401831583649765
PF3D7_0502600	0.009592326139088728	0.0196078431372549	0.05789356153987044
PF3D7_0502700	0.01325736410951239	0.00130718954248366	0.050337145413446506
PF3D7_0502800	0.0007993605115907274	0.0	0.002457002457002457
PF3D7_0502900	0.0	0.008607794118954248	0.006738870896135805
PF3D7_0503000	0.015323681056754596	0.17171163400784312	0.16056315123207504
PF3D7_0503100	0.022849690248601118	0.021901813729411763	0.11968611026446281
PF3D7_0503200	0.01005992206314948	0.12753447127843137	0.13299596478914452
PF3D7_0503300	0.044704086734612306	0.03497370915424836	0.11884704043958007
PF3D7_0503400	0.03888014230455635	0.9722025802810457	0.7087668094170203
PF3D7_0503500	0.002398081534772182	0.023529411764705882	0.005807460352914898
PF3D7_0503600	0.004132633894484412	0.1670300960993464	0.03065996482220237
PF3D7_0503800	0.6314453671846523	0.1538552287843137	0.9457065340406522
PF3D7_0503900	0.009592326139088728	0.00522875816993464	0.04758086888809471
PF3D7_0504000	0.05116037418305356	0.06854194445882353	0.37078366032164395
PF3D7_0504100	0.0007993605115907274	0.00392156862745098	0.002680366316729953
PF3D7_0504200	0.018852887690647482	0.19862008172156864	0.169492193453652
PF3D7_0504300	0.0	0.00130718954248366	0.008302417914228278
PF3D7_0504400	0.006394884092725819	0.02690844771372549	0.11365528605182042
PF3D7_0504500	0.0	0.0	0.0013401831583649765
PF3D7_0504600	0.0015987210231814548	0.036058774511111114	0.012415671767031494
PF3D7_0504700	0.009592326139088728	0.006535947712418301	0.08500595962653562
PF3D7_0504800	0.03649938614468425	1.1107715339882354	0.9968392374958677
PF3D7_0504900	0.002398081534772182	0.16959506117647058	0.16755979455014516
PF3D7_0505000	0.11366065149000801	0.025601258171241828	0.13406567736855038
PF3D7_0505100	0.10884632688888889	0.5803565749647059	0.5666288568959125
PF3D7_0505200	0.0007993605115907274	0.00522875816993464	0.006030824212642395
PF3D7_0505300	0.0007993605115907274	0.01045751633986928	0.022542955663390665
PF3D7_0505400	0.009592326139088728	0.199043031	0.16777864431516643
PF3D7_0505500	0.02678639089208633	0.12137205883660131	0.4259440718968059
PF3D7_0505600	0.04870088929256595	0.013294019610457515	0.08805204936922047
PF3D7_0505700	0.022517925661071143	0.036601307189542485	0.12889914144605763
PF3D7_0505800	0.005595523581135092	0.00522875816993464	0.01388651440741568
PF3D7_0505900	0.007194244604316547	0.00130718954248366	0.05601394628434219
PF3D7_0506000	0.04396482813749001	0.01645093137385621	0.149558115087782
PF3D7_0506100	0.01838529176658673	0.006535947712418301	0.05523435615836498
PF3D7_0506200	0.011191047162270184	0.006535947712418301	0.01442594650457896
PF3D7_0506300	0.052305825348521184	0.023529411764705882	0.27643964847822206
PF3D7_0506400	0.0	0.00130718954248366	0.0
PF3D7_0506500	0.14823168962190247	0.3966379899647059	0.5154013957842305
PF3D7_0506700	0.017585931254996003	0.1114570751751634	0.10535250447822202
PF3D7_0506800	0.15749094973221422	0.12689992640653594	0.29374314094951975
PF3D7_0506900	0.008792965627498001	1.0735557812052288	0.15368480237815502
PF3D7_0507000	0.0015987210231814548	0.018300653594771243	0.024907253742684834
PF3D7_0507100	0.7696770418904876	0.1891280473385621	1.2221292084949744
PF3D7_0507200	0.003996802557953637	0.7213146726941176	0.1349287855092696
PF3D7_0507300	0.0	0.0996263437751634	0.0035738217556399374
PF3D7_0507400	0.0	0.05152505307450981	0.0020102747375474648
PF3D7_0507500	0.0007993605115907274	0.22147198261568626	0.0017869108778199687
PF3D7_0507600	0.05129490407833733	0.08856848039607844	0.12661881421219567
PF3D7_0507700	0.074416257	0.07026782680130719	0.3010538132155461
PF3D7_0507800	0.16741504045883293	0.4150795260522876	0.2976982612347554
PF3D7_0507900	0.0015987210231814548	0.00130718954248366	0.00625418807236989
PF3D7_0508000	0.0007993605115907274	0.07266008170065359	0.00986596493232075
PF3D7_0508100	0.0031974420463629096	1.3521747999320264	0.3973178914900603
PF3D7_0508200	0.0007993605115907274	0.012529362746405228	0.005360732633459906
PF3D7_0508300	0.01005992206314948	0.00392156862745098	0.028797143735760554
PF3D7_0508400	0.0	0.00392156862745098	0.0015635470180924726
PF3D7_0508500	0.03017976618944844	0.7982420946575163	0.08831373199262899
PF3D7_0508600	0.04363306354996003	0.23152194446928104	0.05819283560821979
PF3D7_0508700	0.09001160072981615	0.189768864324183	0.29495459792293943
PF3D7_0508800	0.0	0.011764705882352941	0.006700915791824883
PF3D7_0508900	0.012925599521982413	2.3583210394235294	0.46147578095465713
PF3D7_0509000	0.0007993605115907274	0.01699346405228758	0.011614920705829796
PF3D7_0509100	0.030554772601119103	0.48182628098562086	0.7285527040218897
PF3D7_0509200	0.0015987210231814548	0.00522875816993464	0.03708276748090239
PF3D7_0509300	0.004796163069544364	0.00130718954248366	0.01250837614473978
PF3D7_0509400	0.23815323486330936	0.10492112746274511	0.2975074463046683
PF3D7_0509500	0.012458003597921662	0.04597375817254902	0.1497011475494751
PF3D7_0509600	0.03357314148681055	0.01437908496732026	0.1373282157355372
PF3D7_0509700	0.0	0.0	0.003127094036184945
PF3D7_0509800	0.1621055056171063	0.4669016728915033	0.3854777673614027
PF3D7_0509900	0.0007993605115907274	0.011764705882352941	0.04173545343086889
PF3D7_0510000	0.00686248001678657	0.05818271242614379	0.10479156702747376
PF3D7_0510100	0.06675571791207034	1.1101531864313725	0.7633137867353138
PF3D7_0510200	0.011658643086330935	0.06373187908888889	0.06029581472347554
PF3D7_0510400	0.004796163069544364	0.0	0.006608211414116596
PF3D7_0510500	0.12251502047322142	0.17933477531633987	0.4430288601235202
PF3D7_0510700	0.0	0.0	0.0006700915791824883
PF3D7_0510800	0.0	0.0	0.00022336385972749609
PF3D7_0511000	0.0996640287833733	0.0801828104627451	0.18356047716908644
PF3D7_0511100	0.002398081534772182	0.0	0.0032577535182041545
PF3D7_0511200	0.018035365647482014	0.5147687262823529	0.4454982674246147
PF3D7_0511300	0.034508333334932056	0.026143790849673203	0.1764511524214876
PF3D7_0511400	0.0007993605115907274	0.0	0.0035738217556399374
PF3D7_0511500	1.0821518830367705	1.4487594755660131	1.9408592072631226
PF3D7_0511600	0.0007993605115907274	0.7981304805045751	0.010237146102524013
PF3D7_0511700	0.004796163069544364	0.03083001634117647	0.011745580187849006
PF3D7_0511800	0.22970896277218225	0.604598129675817	0.8753214876104535
PF3D7_0511900	0.009592326139088728	0.00392156862745098	0.025446685839848115
PF3D7_0512000	0.06063119505195843	0.02636591503529412	0.19362573289725263
PF3D7_0512100	0.007993605115907274	0.00784313725490196	0.060072450863748045
PF3D7_0512200	0.009592326139088728	0.00130718954248366	0.021480885638150548
PF3D7_0512300	0.007993605115907274	0.00392156862745098	0.017106312821308915
PF3D7_0512400	0.002398081534772182	0.0	0.0015635470180924726
PF3D7_0512500	0.03017976618944844	0.09816305556470589	0.12574209851909762
PF3D7_0512600	0.01838529176658673	0.05719593137647059	0.07532030936475319
PF3D7_0512700	0.02158273381294964	0.0	0.02272836441880724
PF3D7_0512800	0.01932048361470823	0.00784313725490196	0.05819283560821979
PF3D7_0512900	0.027314088730615506	0.036280898696732025	0.22124217568706722
PF3D7_0513000	0.004796163069544364	0.00130718954248366	0.02969059917467054
PF3D7_0513100	0.005263758993605116	0.10405818629150328	0.026917528480232298
PF3D7_0513200	0.08673842926139089	0.39194336412026143	0.266078446039312
PF3D7_0513300	0.009592326139088728	0.00261437908496732	0.018223132119946393
PF3D7_0513400	0.0031974420463629096	0.0	0.005807460352914898
PF3D7_0513500	0.01598721023181455	0.0	0.020402021443823987
PF3D7_0513600	0.05512468914308553	0.1509677269751634	0.5839636168474425
PF3D7_0513700	0.0015987210231814548	0.0	0.005491392115479115
PF3D7_0513800	0.01965224820223821	0.054017720520261436	0.2165061772081751
PF3D7_0513900	0.0015987210231814548	0.00392156862745098	0.020047998102077285
PF3D7_0514000	0.0007993605115907274	0.006535947712418301	0.002680366316729953
PF3D7_0514100	0.005263758993605116	0.20758929798823528	0.1602262857187849
PF3D7_0514200	0.007993605115907274	0.07756843137777777	0.05899358666942149
PF3D7_0514300	0.03610705435811351	0.07221796156862745	0.20364679403484476
PF3D7_0514500	0.0007993605115907274	0.00130718954248366	0.002680366316729953
PF3D7_0514600	0.002398081534772182	0.0	0.006477551932097387
PF3D7_0514700	0.0	0.00261437908496732	0.003835140719678356
PF3D7_0514800	0.027314088730615506	0.028980294120261436	0.09421389672325217
PF3D7_0514900	0.08194226619184652	0.08879060458169935	0.18232542579137817
PF3D7_0515000	0.022186161073541166	0.03344439542614379	0.08760568530913558
PF3D7_0515100	0.002398081534772182	0.012529362746405228	0.0605739278566004
PF3D7_0515200	0.0	0.01437908496732026	0.03173882901652892
PF3D7_0515300	0.21099060497681854	0.5772411327019608	0.9078330365083761
PF3D7_0515400	0.0015987210231814548	0.5104580516980392	0.016735495310475766
PF3D7_0515500	0.0007993605115907274	0.009150326797385621	0.012993058968505696
PF3D7_0515600	0.0	0.00392156862745098	0.005491392115479115
PF3D7_0515700	0.0	0.8152595790575163	0.08769511389881617
PF3D7_0515800	0.007993605115907274	0.009150326797385621	0.022821068796515524
PF3D7_0515900	0.004796163069544364	0.08824807190326797	0.04095586330489167
PF3D7_0516000	0.02971217026538769	0.03344439542614379	0.10477548093611794
PF3D7_0516100	0.005263758993605116	0.022222222222222223	0.1200237030964932
PF3D7_0516200	0.005595523581135092	0.00130718954248366	0.015188742461469734
PF3D7_0516300	0.024448411271782575	0.006535947712418301	0.029635849901273173
PF3D7_0516400	0.008792965627498001	0.03758808823921569	0.04396909202814385
PF3D7_0516600	0.06495976219744205	0.26517142146666667	0.482754699058968
PF3D7_0516700	0.04716227018385292	0.3228010726222222	0.1178484532200134
PF3D7_0516800	0.01078485459392486	0.4355575572862745	0.48686093136944386
PF3D7_0516900	1.6783628435547562	0.4319948220941176	2.2148931603073487
PF3D7_0517000	0.3295504996498801	0.04543122549411765	0.4926668481398257
PF3D7_0517100	0.023181454836131096	0.0	0.04788014295644405
PF3D7_0517200	0.015187849720223821	0.00392156862745098	0.011429511950413224
PF3D7_0517300	0.05462817746123101	0.05611086601960784	0.09732383293098057
PF3D7_0517400	0.10618171958752996	0.22557794344313725	0.5803867206209515
PF3D7_0517500	0.007194244604316547	0.0196078431372549	0.010890079853249943
PF3D7_0517600	0.0007993605115907274	0.011764705882352941	0.00022336385972749609
PF3D7_0517700	0.08707019384892087	0.03366651961176471	0.14016367825753853
PF3D7_0517800	0.0	0.0	0.0017869108778199687
PF3D7_0517900	0.0031974420463629096	0.5346501232496732	0.11859198020281438
PF3D7_0518000	0.08866891487210232	0.20328500812026143	0.15623344875496983
PF3D7_0518100	0.029848001601918465	0.043359379087581695	0.16658518748916684
PF3D7_0518200	0.0007993605115907274	0.12080609882614378	0.03546447118941255
PF3D7_0518300	0.0	0.013071895424836602	0.008934554389099843
PF3D7_0518400	0.0	0.0	0.0017869108778199687
PF3D7_0518500	0.08108280376578737	0.0714767320366013	0.2511484225030154
PF3D7_0518600	0.002398081534772182	0.16463528185620915	0.18872961313044448
PF3D7_0518700	0.002398081534772182	0.01568627450980392	0.011859445500781773
PF3D7_0518900	0.0007993605115907274	0.0	0.0
PF3D7_0519000	0.01005992206314948	0.00784313725490196	0.027587620059414786
PF3D7_0519100	0.0007993605115907274	0.01045751633986928	0.022821068796515524
PF3D7_0519200	0.011658643086330935	0.08203253268366013	0.06859859629707393
PF3D7_0519300	0.006394884092725819	0.00130718954248366	0.06008924503283449
PF3D7_0519400	0.13384059753077537	0.04205218954509804	0.24606622108532497
PF3D7_0519500	0.08400858313908874	0.14043736929542483	0.3078307865445611
PF3D7_0519600	0.011990407673860911	0.03704555556078431	0.05391096716908644
PF3D7_0519700	0.038836900480415666	0.062424689546405225	0.09548217277976323
PF3D7_0519800	0.065623291372502	0.04935279412156863	0.14548718310542774
PF3D7_0519900	0.005595523581135092	0.006535947712418301	0.045756002905963815
PF3D7_0520000	0.46721559740927254	0.09609120915816993	0.5971577896006254
PF3D7_0520100	0.0329096123117506	0.005993415033986928	0.06025785961916462
PF3D7_0520200	0.008792965627498001	0.0033790359490196075	0.03918574659615814
PF3D7_0520300	0.019984012789768184	0.00261437908496732	0.0669587754109895
PF3D7_0520400	0.0	0.00522875816993464	0.018800519321420593
PF3D7_0520500	0.006394884092725819	0.02037250000130719	0.013178467723922269
PF3D7_0520600	0.050631374903277376	0.00261437908496732	0.0821307237033728
PF3D7_0520700	0.05449234612470024	0.017758120916339867	0.15267678482778646
PF3D7_0520800	0.08774935053157475	0.20799678918169934	0.6508527602135359
PF3D7_0520900	0.037705775381294965	0.12845053922745098	0.2659000454246147
PF3D7_0521000	0.2236575664508393	0.03704555556078431	0.40942704345097164
PF3D7_0521100	0.004796163069544364	0.00522875816993464	0.04039527027250391
PF3D7_0521200	0.007194244604316547	0.009150326797385621	0.0592549056334599
PF3D7_0521300	0.2412174484556355	0.1299564256235294	0.449861682129551
PF3D7_0521400	0.015323681056754596	0.019829967322875817	0.1386384500031271
PF3D7_0521500	0.02651472821902478	0.021679689543790848	0.09804867378356041
PF3D7_0521600	0.0	0.00130718954248366	0.0006700915791824883
PF3D7_0521700	0.019984012789768184	0.00522875816993464	0.03495862743042216
PF3D7_0521800	0.0	0.01699346405228758	0.02607882231471968
PF3D7_0521900	0.030783193450039967	0.00784313725490196	0.07835879503506812
PF3D7_0522000	0.03577528977058353	0.02429406862875817	0.1125716914319857
PF3D7_0522100	0.0007993605115907274	0.19013612748104575	0.022951728278534735
PF3D7_0522200	0.15628409521103118	0.08388438314379085	0.2959701027371007
PF3D7_0522300	0.049228587131095125	0.006535947712418301	0.0371543109233862
PF3D7_0522400	0.025365441588329336	2.6850651502718956	0.537049117826893
PF3D7_0522500	0.002398081534772182	0.047503071900653594	0.0878454796785794
PF3D7_0522600	0.0007993605115907274	0.38745327613856206	0.06359625377149877
PF3D7_0522700	0.0007993605115907274	0.00522875816993464	0.04735750502836721
PF3D7_0522800	0.015187849720223821	0.00261437908496732	0.021480885638150548
PF3D7_0522900	0.0007993605115907274	0.009150326797385621	0.0064228026587000225
PF3D7_0523000	0.0891966127106315	0.06111750000392157	0.13208098475563992
PF3D7_0523100	0.011990407673860911	0.01045751633986928	0.031439554948179585
PF3D7_0523200	0.007993605115907274	0.03137254901960784	0.053518988723028814
PF3D7_0523300	0.011658643086330935	0.11942405230849673	0.11962663056555728
PF3D7_0523400	0.12779310553317347	0.4313063176052288	0.4879842564424838
PF3D7_0523500	0.0	0.00261437908496732	0.00513736877373241
PF3D7_0523600	0.0007993605115907274	0.00522875816993464	0.013979218785123967
PF3D7_0523700	0.008792965627498001	0.02037250000130719	0.0346805142972973
PF3D7_0523800	0.005595523581135092	0.013071895424836602	0.015766129662943936
PF3D7_0523900	0.04996784572821743	0.28810261443137253	0.1427480644085325
PF3D7_0524000	0.14031121104556354	0.09762052288627451	0.27449951411525575
PF3D7_0524100	0.07548728018465228	0.11875767975163398	0.27405608142483806
PF3D7_0524200	0.0	0.0	0.00022336385972749609
PF3D7_0524300	0.04296953437490008	0.013836552288888889	0.06878364139312039
PF3D7_0524400	0.026846492806554757	0.023529411764705882	0.04223693042372124
PF3D7_0524500	0.009592326139088728	0.013836552288888889	0.02272836441880724
PF3D7_0524600	0.0015987210231814548	0.0196078431372549	0.04793489222984141
PF3D7_0524800	0.01932048361470823	0.03475158496862745	0.025446685839848115
PF3D7_0524900	0.04790152878097522	0.00522875816993464	0.053518988723028814
PF3D7_0525000	0.0338448041598721	0.013836552288888889	0.0613746789178021
PF3D7_0525100	0.045835211833733014	0.12105165034379085	0.14256629510051375
PF3D7_0525200	0.05755525827577938	0.6694418153019608	0.6400401473582756
PF3D7_0525300	0.0	0.05435942810588235	0.005807460352914898
PF3D7_0525400	0.005263758993605116	0.09249004902352942	0.11432137452423498
PF3D7_0525500	0.06382863709832134	0.0196078431372549	0.09445805785883404
PF3D7_0525600	0.010391686650679457	0.03420905229019608	0.10231411171297744
PF3D7_0525700	0.0	0.00784313725490196	0.009549896694884968
PF3D7_0525800	0.0015987210231814548	0.503451366924183	0.0032577535182041545
PF3D7_0525900	0.0	0.00392156862745098	0.00022336385972749609
PF3D7_0526000	0.007661840528377298	0.006535947712418301	0.034141082200134024
PF3D7_0526100	0.003996802557953637	0.00130718954248366	0.026116777419030603
PF3D7_0526200.1	0.002398081534772182	0.0564312745124183	0.03873901887670315
PF3D7_0526200.2	0.002398081534772182	0.01045751633986928	0.005807460352914898
PF3D7_0526300	0.010391686650679457	0.06373187908888889	0.04067338340562877
PF3D7_0526400	0.0	0.013071895424836602	0.007371007371007371
PF3D7_0526500	0.10878875899840128	0.08539026953986929	0.28607491623274517
PF3D7_0526600	0.020255675462829734	0.03911740196732026	0.13973927611570247
PF3D7_0526700	0.010859282574740208	0.0302874836627451	0.12051573847933883
PF3D7_0526800	0.08913651079616307	0.01645093137385621	0.07412321309135582
PF3D7_0526900	0.01598721023181455	0.01045751633986928	0.030900122851016305
PF3D7_0527000	0.011191047162270184	0.3127514785816993	0.25441064878020997
PF3D7_0527100	0.0	0.0	0.002233638597274961
PF3D7_0527200	0.14331271984092725	0.25865464460784315	0.3740653203341523
PF3D7_0527300	0.002398081534772182	0.00392156862745098	0.010498101407192316
PF3D7_0527400	0.05396464828617106	0.03290186274771242	0.07256403283940138
PF3D7_0527500	0.07281753597681855	0.040202467324183006	0.20466654218963592
PF3D7_0527600	0.014856085132693845	0.18389716092941177	0.08356397489881617
PF3D7_0527900	0.019184652278177457	0.00261437908496732	0.03237096549140049
PF3D7_0528000	0.02011984412629896	0.0738689869359477	0.07405166964887201
PF3D7_0528100	0.02717825739408473	0.06765344771633987	0.05753953819812374
PF3D7_0528200	0.04250193845083933	0.04826772876470588	0.08002774458811704
PF3D7_0528300	0.0	0.09816305556470589	0.00044672771945499217
PF3D7_0528400	0.0	0.24656953023267975	0.012044854256198346
PF3D7_0528500	0.0	0.05218929739215686	0.044230410992182265
PF3D7_0528600	0.07774953038289369	0.04543122549411765	0.14059361180790708
PF3D7_0528700	0.0007993605115907274	0.0	0.0015635470180924726
PF3D7_0528800	0.02604713229496403	0.009150326797385621	0.043745728168416355
PF3D7_0528900	0.0	0.00261437908496732	0.0012474787806566897
PF3D7_0529000	0.10252970624220624	0.2166003268235294	0.2556438495324994
PF3D7_0529100	0.01005992206314948	0.009150326797385621	0.07475971633236543
PF3D7_0529200	0.005595523581135092	0.024516192814379084	0.0450479562224704
PF3D7_0529300	0.005595523581135092	0.01045751633986928	0.04745020940607549
PF3D7_0529400.2	0.0	0.00130718954248366	0.0011168192986374804
PF3D7_0529400.1	0.003996802557953637	0.20175569439215688	0.07394253476144741
PF3D7_0529500	0.005595523581135092	0.0	0.008934554389099843
PF3D7_0529700	0.009592326139088728	0.01645093137385621	0.024329866541210634
PF3D7_0529800	0.05223139736770584	0.5664041767869281	0.5232408334056288
PF3D7_0529900	0.20074647284652278	0.49652065575816995	0.3160864613989279
PF3D7_0530000	0.027917515991207034	0.028437761441830064	0.3291316475072593
PF3D7_0530100	0.0	0.009150326797385621	0.004914004914004914
PF3D7_0530200	0.015323681056754596	0.05796058824052287	0.23541675582555283
PF3D7_0530300	0.002398081534772182	0.46218989182745096	0.1576868214771052
PF3D7_0530400	0.017721762591526777	0.03083001634117647	0.06532368495041321
PF3D7_0530500	0.0031974420463629096	0.00261437908496732	0.002233638597274961
PF3D7_0530600	0.011990407673860911	0.00522875816993464	0.04696552658230958
PF3D7_0530700	0.0428337030383693	0.018300653594771243	0.11102530224234979
PF3D7_0530750	0.0	0.0	0.0006700915791824883
PF3D7_0530800	0.0007993605115907274	0.01437908496732026	0.014071923162832253
PF3D7_0530900	0.0012669564356514787	0.8262703492692811	0.11716917950547241
PF3D7_0531000	0.021250969225419664	0.1591822712614379	0.06912087056578066
PF3D7_0531100	0.005263758993605116	0.5932620570666667	0.12864228215345097
PF3D7_0531200	0.009592326139088728	0.00784313725490196	0.03514403618583873
PF3D7_0531300	0.005595523581135092	0.11451570263137255	0.06011040596805897
PF3D7_0531400	0.02458424260831335	0.025058725492810456	0.07716196951597051
PF3D7_0532100	1.0094883884588328	0.11545191624444444	2.020880401987045
PF3D7_0532200	0.011191047162270184	0.07648336602091503	0.020718089681259773
PF3D7_0532300	0.3674144358481215	0.03181679739084967	0.1614340103392897
PF3D7_0532400	0.07946975667625898	0.023209003271895425	0.14718539271230732
PF3D7_0532500	0.03203582381934453	0.013071895424836602	0.1229267059542104
PF3D7_0532600	0.04171820544684252	0.00130718954248366	0.048472139517087336
PF3D7_0400100	0.0028656774588329335	0.011764705882352941	0.005166245927406745
PF3D7_0400300	0.0007993605115907274	0.00130718954248366	0.00044672771945499217
PF3D7_0400400	0.0035110451023181452	0.0	0.00022336385972749609
PF3D7_0400900	0.0012669564356514787	0.0	0.00022336385972749609
PF3D7_0401600.1	0.249632873647482	0.008607794118954248	0.2848730045901273
PF3D7_0401600.2	0.022985521585131893	0.00130718954248366	0.026209481796738886
PF3D7_0401800	0.0164548061558753	0.13804511439607844	0.012900354590797409
PF3D7_0401900	0.0	0.0	0.00044672771945499217
PF3D7_0402000	0.15133427175619504	0.01568627450980392	0.3764977185302658
PF3D7_0402100	0.15264901081454835	0.041165821041830065	0.04672536855349565
PF3D7_0402300	0.009728157475619503	0.4042564395019608	0.019807840073263347
PF3D7_0402400	0.010391686650679457	0.07833308824183007	0.03196219287625642
PF3D7_0403100	0.011990407673860911	0.03290186274771242	0.05692856265847666
PF3D7_0403200	0.06149065747801759	0.05719593137647059	0.15602323961693096
PF3D7_0403300	0.02478017585931255	0.02091503267973856	0.12869621120281438
PF3D7_0403400	0.11385658474100718	0.13454436680784312	0.3029316617435783
PF3D7_0403500	0.020783373301358914	0.025601258171241828	0.07271148649050704
PF3D7_0403600	0.002398081534772182	0.10329352942745097	0.12422966132700469
PF3D7_0403700	0.20804789665467627	0.1645348693098039	0.4056505491186062
PF3D7_0403800	0.012593834934452437	0.32361792000653594	0.0611728396526692
PF3D7_0403900	0.005595523581135092	0.5584496672901961	0.16084162802457
PF3D7_0404000	0.0	0.1344439542614379	0.0008934554389099843
PF3D7_0404100	0.0007993605115907274	0.1114570751751634	0.019007089012061648
PF3D7_0404200	0.0	0.00261437908496732	0.002903730176457449
PF3D7_0404300	0.1284566347082334	0.3969136720326797	0.4917167640900157
PF3D7_0404400	0.0007993605115907274	0.00522875816993464	0.0028110257987491623
PF3D7_0404500	0.0	0.009150326797385621	0.002680366316729953
PF3D7_0404600	0.05168807202158274	0.14394024512287582	0.19049803677618943
PF3D7_0404700	0.0015987210231814548	2.467833285109804	0.08925306901943265
PF3D7_0404800	0.0015987210231814548	0.08301931373333334	0.011298852468394014
PF3D7_0404900	0.004796163069544364	0.2006706290352941	0.029412486041545678
PF3D7_0405000	0.0897399380567546	0.2241230555856209	0.12709470908041098
PF3D7_0405100	0.007194244604316547	0.05327436274901961	0.023082387760553942
PF3D7_0405200	0.014056724621103116	0.5468879147398693	0.13866727273352691
PF3D7_0405300	0.005595523581135092	0.10686913399084969	0.023659774962028146
PF3D7_0405400	0.19660081432693846	0.24481809231895424	0.506230545643958
PF3D7_0405500	0.016786570743405275	0.00130718954248366	0.016436221242126424
PF3D7_0405600	0.005595523581135092	0.00130718954248366	0.02665620951619388
PF3D7_0405700	0.009592326139088728	0.01045751633986928	0.044508524125307126
PF3D7_0405800	0.0015987210231814548	0.00261437908496732	0.01541210632119723
PF3D7_0405900	0.0	1.3629924223385623	0.044079317893678804
PF3D7_0406000	0.03244201638768985	0.39510654799738565	0.08870098001317847
PF3D7_0406100	0.13304123701918463	0.16897554328366013	0.2685536457333036
PF3D7_0406200	0.0007993605115907274	0.00392156862745098	0.002457002457002457
PF3D7_0406400	0.02138680056195044	0.2114719812	0.04028140495957114
PF3D7_0406500	1.1419204887977616	2.014978657419608	1.483573823856824
PF3D7_0406600	0.0015987210231814548	0.0	0.0033504578959124413
PF3D7_0406700	0.0031974420463629096	0.19610824342222222	0.2843698973832924
PF3D7_0406800	0.006394884092725819	0.00784313725490196	0.029020507595488052
PF3D7_0406900	0.003996802557953637	0.011986830067973856	0.011598126536743355
PF3D7_0407000	0.01965224820223821	0.01514374183137255	0.047635618161492074
PF3D7_0407100	0.01965224820223821	0.009150326797385621	0.07079391613066786
PF3D7_0407200	0.06115889289048761	0.03137254901960784	0.08518263484967613
PF3D7_0407300	0.06868490208233413	0.00784313725490196	0.08555709180790708
PF3D7_0407400	0.005595523581135092	0.0	0.02375247933973643
PF3D7_0407500	0.0015987210231814548	0.00130718954248366	0.00625418807236989
PF3D7_0407600	0.0	0.011764705882352941	0.0017869108778199687
PF3D7_0407700	0.020255675462829734	1.5607694861633987	0.2755576931800313
PF3D7_0407800	0.002398081534772182	1.4520762875346405	0.21670187648045566
PF3D7_0407900	0.022186161073541166	0.20894846087712418	0.11360053677842305
PF3D7_0408000	0.0007993605115907274	0.037688500785620915	0.00044672771945499217
PF3D7_0408100	0.01692240207993605	0.17694039217777777	0.07645828959861514
PF3D7_0408200	0.0015987210231814548	0.022444346407843138	0.015226697565780656
PF3D7_0408300	0.026846492806554757	0.16764492640915035	0.04046681371498772
PF3D7_0408400	0.007661840528377298	0.01437908496732026	0.08006606335179808
PF3D7_0408500	0.015323681056754596	0.17649827204575164	0.3312403053596158
PF3D7_0408600	0.0	0.00392156862745098	0.0016942065001116819
PF3D7_0408700	0.0007993605115907274	0.0498953268	0.04711771065892339
PF3D7_0408900.2	0.0007993605115907274	0.00130718954248366	0.0020102747375474648
PF3D7_0408900.1	0.0	0.0	0.00044672771945499217
PF3D7_0409000	0.004464398482014388	0.051424640528104575	0.09985019402054947
PF3D7_0409100	0.10878875899840128	0.07986240196993463	0.22862231543198572
PF3D7_0409200	0.11418834932853718	0.04651629085098039	0.1874978375407639
PF3D7_0409300	0.05942434053077538	0.013836552288888889	0.11247898705427742
PF3D7_0409400	0.02331728617266187	0.01045751633986928	0.04462238943823989
PF3D7_0409500	0.012789768185451638	0.10075400731764705	0.21263371579763232
PF3D7_0409600	0.01132687849880096	0.13498648693986928	0.10532406464820192
PF3D7_0409700	0.011191047162270184	0.09271217320915033	0.045772797075050255
PF3D7_0409800	0.111790267793765	0.5494261708196079	0.13003275491378155
PF3D7_0409900	0.0	0.01568627450980392	0.003127094036184945
PF3D7_0410000	0.14770138890087928	0.268971278454902	0.06444702368058969
PF3D7_0410300	0.027314088730615506	0.0584048366117647	0.09086380248670986
PF3D7_0410400	0.0015987210231814548	0.00261437908496732	0.004467277194549922
PF3D7_0410500	0.0	0.00261437908496732	0.0006700915791824883
PF3D7_0410600	0.004796163069544364	0.02298687908627451	0.01442594650457896
PF3D7_0410700	0.005263758993605116	0.698018012496732	0.19135128764373466
PF3D7_0410800	0.015187849720223821	0.5949184923385621	0.20706333477529595
PF3D7_0410900	0.061626488814548366	0.017758120916339867	0.16059231838083537
PF3D7_0411000	0.10026745604396484	0.06427441176732027	0.05363285403596158
PF3D7_0411100	0.0015987210231814548	0.00130718954248366	0.007147643511279875
PF3D7_0411200	0.026304468901678653	0.00261437908496732	0.08556145857404512
PF3D7_0411300	0.002398081534772182	0.00261437908496732	0.04285227272950637
PF3D7_0411400	0.044432424061550756	0.00392156862745098	0.08133033630154121
PF3D7_0411700	0.0	0.0	0.00022336385972749609
PF3D7_0411800	0.007330075940847322	0.13195341505490196	0.1911571040203261
PF3D7_0411900	0.02164413716866507	0.3949873957019608	0.5082964617040429
PF3D7_0412000	0.002398081534772182	0.0498953268	0.05783881226647308
PF3D7_0412100	0.004796163069544364	0.006535947712418301	0.050800667301987935
PF3D7_0412200	0.0007993605115907274	0.0	0.006831575273844092
PF3D7_0412300	0.0028656774588329335	0.026143790849673203	0.03821638094862631
PF3D7_0412400	0.04916921412470024	0.017787359887581698	0.017900093386866205
PF3D7_0412700	0.028354189383693044	0.0	0.0074772301297744035
PF3D7_0412900	0.006708487148681055	0.0	0.0024022531836050925
PF3D7_0413100	0.002066316947242206	0.0	0.0005773872014742014
PF3D7_0413300	0.0	0.0	0.00022336385972749609
PF3D7_0413500	0.003996802557953637	0.19514276146535947	0.12510268314943043
PF3D7_0413600	0.07121881495363709	0.4304433764339869	0.3838662023028814
PF3D7_0413700	0.02678639089208633	0.12235883988627451	0.3289266474538754
PF3D7_0413800	0.0015987210231814548	0.028437761441830064	0.03905508711413894
PF3D7_0413900	0.14163957083693046	0.40028430762875816	0.4453508555731517
PF3D7_0414000	0.03955799754596323	0.14458319034771241	0.5256617547639044
PF3D7_0414100	0.0349759292589928	0.031594673205228754	0.12803085004914005
PF3D7_0414200.1	0.0	0.0	0.00044672771945499217
PF3D7_0414200.2	0.0	0.0	0.00022336385972749609
PF3D7_0414300	0.0746121902509992	0.019829967322875817	0.1798220439338843
PF3D7_0414400	0.0007993605115907274	0.0	0.00022336385972749609
PF3D7_0414500	0.0	0.00130718954248366	0.0017869108778199687
PF3D7_0414600	0.0007993605115907274	0.1752893668104575	0.0913185364197007
PF3D7_0414700	0.007194244604316547	0.17420430145359478	0.07838464791400492
PF3D7_0414800	0.0	0.08445034315424838	0.0013401831583649765
PF3D7_0414900	0.0	0.06373187908888889	0.00044672771945499217
PF3D7_0415000	0.003996802557953637	0.00784313725490196	0.016250812486709853
PF3D7_0415100	0.05735802358353318	0.013071895424836602	0.08116572482197901
PF3D7_0415200	0.01965224820223821	0.08026192391633988	0.39051897196694213
PF3D7_0415300	0.18519820640607515	0.05522449751633987	0.31475142674871565
PF3D7_0415400	0.028912809753796963	0.07788883987058824	0.07293485035023453
PF3D7_0415500	0.015187849720223821	0.021679689543790848	0.027511709850792942
PF3D7_0415600	0.01005992206314948	0.00130718954248366	0.04432311536989055
PF3D7_0415700	0.002398081534772182	0.07833308824183007	0.09216966998816171
PF3D7_0415800	0.002398081534772182	0.147099285124183	0.031384805674782225
PF3D7_0415900	0.5095856088473221	0.08368568629019607	0.7521816597916015
PF3D7_0416000	0.0742203237490008	0.497184900075817	0.32653332955461245
PF3D7_0416100	0.016786570743405275	0.45472028984444446	0.29095948324391335
PF3D7_0416200	0.016786570743405275	0.102407160924183	0.04393550368997096
PF3D7_0416300	0.01452432054516387	0.14916900329281046	0.19011839898123745
PF3D7_0416400	0.025640939726618708	0.5433624737882353	0.4353691417625642
PF3D7_0416500	0.01179447442286171	0.5707278267058824	0.3080050254447175
PF3D7_0416600	0.02904864109032774	0.039659934645751634	0.3188049991507706
PF3D7_0416700	0.004796163069544364	0.03813062091764706	0.02846428132923833
PF3D7_0416800	0.03977209232853717	0.08531328432549021	0.2310906191315613
PF3D7_0416900	0.09293868154436451	0.07515487738562092	0.33391193814406966
PF3D7_0417000	0.0	0.00392156862745098	0.0032577535182041545
PF3D7_0417100	0.0	0.0	0.0011168192986374804
PF3D7_0417200	0.007330075940847322	0.08378397059738563	0.14872814245454544
PF3D7_0417300	0.10673806955875301	0.06264681373202614	0.29790048340026803
PF3D7_0417400	0.7033801271670663	1.1211343059816994	1.3783124264489615
PF3D7_0417500.1	0.007194244604316547	0.04259472222352941	0.07183482522068349
PF3D7_0417600	0.0007993605115907274	0.0704899509869281	0.026175893458566003
PF3D7_0417700	0.0007993605115907274	0.04008075568496732	0.02934094259906187
PF3D7_0417800	0.028174852597921664	0.04281684640915032	0.19208298315501451
PF3D7_0417900	0.0007993605115907274	0.00261437908496732	0.011151398817288362
PF3D7_0418000	0.009592326139088728	0.24251997785228757	0.10248101592137591
PF3D7_0418100	0.04809746203197442	0.01437908496732026	0.07937481083739112
PF3D7_0418200	0.012789768185451638	0.00522875816993464	0.024738639156354703
PF3D7_0418300	0.2770490046754596	0.9810206766745098	0.7982590918440919
PF3D7_0418400	0.01598721023181455	0.00130718954248366	0.028127052156578066
PF3D7_0418500	0.011990407673860911	0.011764705882352941	0.03896238273643064
PF3D7_0418600	0.0015987210231814548	0.4933677464091503	0.014000379720348448
PF3D7_0418700	0.11465594525259791	0.09653545752941176	0.09261676136698682
PF3D7_0418900	0.003996802557953637	0.00392156862745098	0.05171091690998437
PF3D7_0419000	0.0015987210231814548	0.009914983661437908	0.038144837506142504
PF3D7_0419100	0.0007993605115907274	0.00261437908496732	0.014333242126870671
PF3D7_0419200	0.0	0.0	0.0013401831583649765
PF3D7_0419300	0.0031974420463629096	0.17311923609673202	0.20455786386687513
PF3D7_0419400	0.0015987210231814548	0.46624448630457516	0.14988237534934107
PF3D7_0419500	0.004796163069544364	0.0574180555620915	0.04985682935581863
PF3D7_0419600	0.12531929457633892	0.2697316788405229	0.38163172138708956
PF3D7_0419700	0.003996802557953637	0.6916049931450979	0.01349890272749609
PF3D7_0419800	0.04790152878097522	0.04957491830718954	0.06392438575251284
PF3D7_0419900	0.439508821148681	1.5680332707411764	0.9507826721422828
PF3D7_0420000	0.1876850419880096	0.33146084009281046	0.5326691785376367
PF3D7_0420100	0.02478017585931255	0.02690844771372549	0.0524569186977887
PF3D7_0420200	0.0007993605115907274	0.00130718954248366	0.013216422828233192
PF3D7_0420300	0.12954881873301358	0.5552723732026144	0.22395907479919588
PF3D7_0420400	0.02185439648601119	0.02690844771372549	0.14770366387424613
PF3D7_0420500	0.0012669564356514787	0.04651629085098039	0.013848559303104758
PF3D7_0420600	0.01565544564428457	0.38994594358431367	0.2676901776671879
PF3D7_0420700	0.014553236302957635	0.0	0.003367615724368997
PF3D7_0420900	0.006063119505195843	0.00130718954248366	0.0022715937015858833
PF3D7_0421100	0.021294211048760992	0.00130718954248366	0.0027902285228947957
PF3D7_0421200	0.003665037970423661	0.0	0.00022336385972749609
PF3D7_0421300	0.05798528043085531	0.00392156862745098	0.015594676612016977
PF3D7_0421700	0.0007993605115907274	0.010679640525490195	0.0006700915791824883
PF3D7_0421900	0.0	0.00261437908496732	0.00044672771945499217
PF3D7_0422000	0.002398081534772182	0.00130718954248366	0.0032577535182041545
PF3D7_0422100	0.03930449640447642	0.028980294120261436	0.15560131228009827
PF3D7_0422200	0.150702897696243	0.34352793704052287	0.3360147699307572
PF3D7_0422300	0.0	0.00130718954248366	0.0014708426403841858
PF3D7_0422400	0.8442143624540368	0.11495995100261439	0.7959502202981907
PF3D7_0422500	0.34024790163788965	0.36358886000653595	0.7101921053582757
PF3D7_0422700	0.018852887690647482	0.01699346405228758	0.06046442930980568
PF3D7_0422800	0.002066316947242206	0.06634625817385621	0.04281868439133348
PF3D7_0422900	0.011658643086330935	0.03443117647581699	0.02918912218181818
PF3D7_0423000	0.0007993605115907274	0.03867315359607843	0.027326301095376367
PF3D7_0423100	0.08580323741326938	0.08639834968235295	0.28637897514987715
PF3D7_0423200	0.006394884092725819	0.018300653594771243	0.022150977217333036
PF3D7_0423300	0.0	0.4461572221503268	0.014501856713200806
PF3D7_0423400	0.0	0.23337379492941177	0.0008934554389099843
PF3D7_0423500	0.0007993605115907274	0.5894135469450981	0.05339305966651776
PF3D7_0423600	0.19128997804396483	0.37495404394248366	0.5125649849504132
PF3D7_0423700	0.008461201039968025	0.8180189379241829	0.20981031775943712
PF3D7_0423800	0.0015987210231814548	0.0498953268	0.0034811173779316505
PF3D7_0423900	0.002398081534772182	0.01514374183137255	0.00044672771945499217
PF3D7_0424000	0.13528949363469225	0.00392156862745098	0.09958647391579181
PF3D7_0424100	0.0007993605115907274	0.23460284583006535	0.002680366316729953
PF3D7_0424200	0.0031974420463629096	0.1564897535346405	0.00986596493232075
PF3D7_0424400	0.0	0.0784335007882353	0.00044672771945499217
PF3D7_0424500	0.1788946792430056	0.022444346407843138	0.06500798037234756
PF3D7_0424600	0.15590655477537968	0.023751535950326797	0.07250928356600402
PF3D7_0424700	0.23213309355715428	0.01699346405228758	0.07550644543890998
PF3D7_0424800	0.002398081534772182	0.0	0.0006700915791824883
PF3D7_0424900	0.010859282574740208	0.0	0.004635891780880054
PF3D7_0425100	0.01179447442286171	0.0	0.0033504578959124413
PF3D7_0425200	0.0007993605115907274	0.0	0.00044672771945499217
PF3D7_0425400	0.0031974420463629096	0.0	0.00044672771945499217
PF3D7_0425500	0.006788052035971223	0.005993415033986928	0.002697524145186509
PF3D7_0425800	0.002066316947242206	0.00261437908496732	0.0025081122830020106
PF3D7_0425900	0.0031974420463629096	0.058503120918954245	0.008041098950189859
PF3D7_0426000	0.005441530713029576	0.00130718954248366	0.001824865982130891
PF3D7_0300100	0.009186133569944044	0.026143790849673203	0.008331295067902613
PF3D7_0300200	0.0	0.00261437908496732	0.001917570359839178
PF3D7_0300800	0.0	0.0	0.00044672771945499217
PF3D7_0300900	0.007643678996802557	0.00130718954248366	0.015374878535626536
PF3D7_0301000	0.0007993605115907274	0.0	0.0
PF3D7_0301100	0.0007993605115907274	0.0	0.00022336385972749609
PF3D7_0301200	0.007661840528377298	0.023529411764705882	0.014109878267143177
PF3D7_0301300	0.009260561551558752	0.0196078431372549	0.007371007371007371
PF3D7_0301400	0.018053527179056755	0.00392156862745098	0.08794255082242573
PF3D7_0301500	0.0	0.00130718954248366	0.005491392115479115
PF3D7_0301600	0.05529170663629097	0.018300653594771243	0.03017528199843645
PF3D7_0301700	0.04023968825259792	0.021137156865359476	0.09672528479428188
PF3D7_0301800	0.008461201039968025	0.00130718954248366	0.002903730176457449
PF3D7_0301900	0.005263758993605116	0.00130718954248366	0.028519030602635692
PF3D7_0302000	0.03484009792246203	0.023529411764705882	0.07898683549810141
PF3D7_0302100	0.06529152678497202	0.025502973864052286	0.14962523734085326
PF3D7_0302200	0.0015987210231814548	0.14077351830326798	0.009620732059414787
PF3D7_0302500	0.010391686650679457	3.6180290656366014	0.23836760114250616
PF3D7_0302600	0.031114958037569942	0.09044375818823529	0.3283488360165289
PF3D7_0302700	0.0015987210231814548	0.027130571899346406	0.03549805952758544
PF3D7_0302800	0.0015987210231814548	0.013071895424836602	0.003127094036184945
PF3D7_0302900	0.026378896882494004	0.059267777783006535	0.14863580173620727
PF3D7_0303000	0.0031974420463629096	0.024516192814379084	0.027102937235648872
PF3D7_0303100	0.008461201039968025	0.3082082638222222	0.06606568363144963
PF3D7_0303200	0.05116037418305356	1.742237644535948	0.6731169819394685
PF3D7_0303300	0.0031974420463629096	0.0	0.00513736877373241
PF3D7_0303400	0.0	0.06013071895424837	0.02803434777886978
PF3D7_0303500	0.03137229464428457	0.28749405623398694	0.4348277332249274
PF3D7_0303600	0.0015987210231814548	0.00130718954248366	0.0035738217556399374
PF3D7_0303700	0.02778168465467626	0.1810840849908497	0.18763977902434667
PF3D7_0303800	0.006063119505195843	0.03813062091764706	0.0530934219387983
PF3D7_0303900	0.0	0.0	0.0006700915791824883
PF3D7_0304000	0.0007993605115907274	0.00392156862745098	0.004243913334822426
PF3D7_0304100	0.0	0.21043420161176468	0.00044672771945499217
PF3D7_0304200	0.17234703486490807	0.2221516217254902	0.19712213538351575
PF3D7_0304300	0.008792965627498001	0.04738136026143791	0.0932864892867992
PF3D7_0304400.1	0.20548253400159874	0.05588874183398693	0.3727944765673442
PF3D7_0304500	0.018852887690647482	0.00130718954248366	0.08380813603439803
PF3D7_0304600	0.003996802557953637	0.00261437908496732	0.019786679138038867
PF3D7_0304700	0.003996802557953637	0.00392156862745098	0.02684598503774849
PF3D7_0304800	0.02358894884572342	0.09816518380392156	0.34648867484855933
PF3D7_0304900	0.002398081534772182	0.00392156862745098	0.012731740004467277
PF3D7_0305000	0.04969618305515588	0.13735744274640524	0.25439525767902615
PF3D7_0305100	0.05569920064588329	0.22550095822875815	0.5373006987728389
PF3D7_0305200	0.0742203237490008	0.7990643519437908	0.1595466788653116
PF3D7_0305300	0.06648275379856115	0.0997906536	0.11188043891757873
PF3D7_0305400	0.0007993605115907274	0.009914983661437908	0.013755854925396471
PF3D7_0305500	0.207866289470024	0.9544851432405228	0.49872884223497876
PF3D7_0305600	0.016123041568345323	0.4365652063254902	0.39055894711972305
PF3D7_0305700	0.02604713229496403	0.265587986027451	0.16714541686218448
PF3D7_0305800	0.0	0.00261437908496732	0.0034811173779316505
PF3D7_0305900	0.0	0.00784313725490196	0.0015635470180924726
PF3D7_0306000	0.0	0.00261437908496732	0.002233638597274961
PF3D7_0306100	0.014388489208633094	0.04651629085098039	0.08259897601742237
PF3D7_0306200	0.026378896882494004	0.00261437908496732	0.0683960297132008
PF3D7_0306300	0.007993605115907274	0.006535947712418301	0.022690409314496316
PF3D7_0306400	0.0007993605115907274	0.036058774511111114	0.025855458454992184
PF3D7_0306500	0.002398081534772182	0.043137254901960784	0.02794164340116149
PF3D7_0306600	0.0	0.00392156862745098	0.005360732633459906
PF3D7_0306700	0.0405714528401279	0.013071895424836602	0.07829558298369443
PF3D7_0306800	0.3218301222733813	0.02636591503529412	0.5455372501726602
PF3D7_0306900	0.9107234979848122	0.1354307353111111	1.3503361711501005
PF3D7_0307100	0.051762500002398085	0.011764705882352941	0.15591301375139605
PF3D7_0307200	0.6139990945979217	0.13096663400522876	1.1919242487614474
PF3D7_0307300	0.002066316947242206	0.01437908496732026	0.0006700915791824883
PF3D7_0307400	0.060089171147082336	0.3332779490117647	0.5806843866584767
PF3D7_0307500	0.005595523581135092	0.03736596405359477	0.04929186955729283
PF3D7_0307600	0.020255675462829734	0.14458106210849675	0.21469857323899932
PF3D7_0307700	0.051627970107114306	0.7739335459882353	0.45503453359191426
PF3D7_0307800	0.003996802557953637	0.02875816993464052	0.04052592975452311
PF3D7_0307900	0.03644012038689049	0.007300604576470588	0.21517519542595487
PF3D7_0308000	0.02265375699760192	0.09870558824313726	0.19421039899352244
PF3D7_0308100	0.002066316947242206	1.0474565028431373	0.1734329849035068
PF3D7_0308200	0.06082712830295764	0.05611086601960784	0.12331431763412999
PF3D7_0308300	0.003996802557953637	0.16473356616339868	0.004151208957114139
PF3D7_0308500	0.05322669113029576	0.00784313725490196	0.2270930296475318
PF3D7_0308600	0.019184652278177457	0.00392156862745098	0.039463859729283
PF3D7_0308700	0.003665037970423661	0.30500449739477126	0.02455323040093813
PF3D7_0308800	0.0	0.00130718954248366	0.0008934554389099843
PF3D7_0308900	0.1884844024996003	0.09389765111241831	0.35602686965088226
PF3D7_0309000	0.012789768185451638	0.00392156862745098	0.02931978166383739
PF3D7_0309100	0.0	0.0	0.0013401831583649765
PF3D7_0309200	0.03624288569464428	0.4988281453895425	0.46395698290194326
PF3D7_0309300	0.006394884092725819	0.011222173203921569	0.014817924950636586
PF3D7_0309500	0.04536761590967226	0.02037250000130719	0.10210317525619834
PF3D7_0309600	1.1290555015027977	0.4025339828993464	2.0607534370317175
PF3D7_0309700	0.05223009592645883	0.04227431373071895	0.08017956500536072
PF3D7_0309800	0.0007993605115907274	0.0	0.0011168192986374804
PF3D7_0309900	0.012458003597921662	0.051646764713725486	0.1302856495816395
PF3D7_0310000	0.010391686650679457	0.04205218954509804	0.1501821909258432
PF3D7_0310100	0.0015987210231814548	0.00130718954248366	0.0020102747375474648
PF3D7_0310200	0.4852760433493205	0.19585641979084967	0.8227773894605762
PF3D7_0310300	0.08047937650519583	0.028980294120261436	0.16262266307549697
PF3D7_0310400	0.020966281927258194	0.4609342389738562	0.7948317711085549
PF3D7_0310500	0.05743375300559552	0.03312398693333333	0.25203610810788474
PF3D7_0310600.1	0.0015987210231814548	0.00392156862745098	0.01652892561983471
PF3D7_0310700	0.0031974420463629096	0.00784313725490196	0.01848445108398481
PF3D7_0310800	0.0	0.00130718954248366	0.002233638597274961
PF3D7_0310900	0.002398081534772182	0.04651629085098039	0.026917528480232298
PF3D7_0311100	0.04363306354996003	0.04118924837385621	0.19423592669488496
PF3D7_0311200	0.06082712830295764	0.060995788364705886	0.26393100157940586
PF3D7_0311300	0.01565544564428457	0.5199773387869281	0.24412716461291045
PF3D7_0311400	0.0	0.12051124590457515	0.01195214987849006
PF3D7_0311600	0.006394884092725819	0.00522875816993464	0.02870443935805227
PF3D7_0311700	0.0	0.0020718464065359477	0.003927845097386643
PF3D7_0311800	0.008461201039968025	0.06101921569673202	0.11832076306410544
PF3D7_0311900	0.0015987210231814548	0.00392156862745098	0.009604645968282331
PF3D7_0312000	0.00686248001678657	0.009150326797385621	0.04638813938083538
PF3D7_0312100	0.003996802557953637	0.02875816993464052	0.0720246007422381
PF3D7_0312200	0.006394884092725819	0.1177708987019608	0.06443022951150323
PF3D7_0312300	0.02331728617266187	0.07517617647843138	0.10095713438552602
PF3D7_0312400	0.01325736410951239	0.16996232433333333	0.14738795929618048
PF3D7_0312500	0.0031974420463629096	0.007300604576470588	0.010721465266919812
PF3D7_0312800	1.0604561906554757	0.2603617872013072	1.4589107357402278
PF3D7_0312900	0.006530715429256594	0.00130718954248366	0.006608211414116596
PF3D7_0313000	0.040103856916067146	0.0629672222248366	0.10529338843868662
PF3D7_0313100	0.08853438497681854	0.10753550654771242	0.388423050753853
PF3D7_0313200	0.0	0.006535947712418301	0.01526465267009158
PF3D7_0313300	0.0007993605115907274	0.0	0.006515507036408309
PF3D7_0313400	0.14631422863629095	0.011986830067973856	0.15837583761201698
PF3D7_0313500	0.02011984412629896	0.011764705882352941	0.051230600852356485
PF3D7_0313600	0.0031974420463629096	0.027450980392156862	0.06880480232834488
PF3D7_0313700.1	0.0015987210231814548	0.00130718954248366	0.01759099564507483
PF3D7_0313800	0.05597086331894484	0.09577080066535948	0.4536962428590574
PF3D7_0313900	0.004796163069544364	0.00784313725490196	0.02628539200536073
PF3D7_0314000	0.006394884092725819	0.17629957519215686	0.08450375531494304
PF3D7_0314100.1	0.0007993605115907274	0.00392156862745098	0.0011168192986374804
PF3D7_0314200	0.008792965627498001	0.04466656863006536	0.1606390614406969
PF3D7_0314300	0.018852887690647482	0.01437908496732026	0.1641406124351128
PF3D7_0314400	0.0007993605115907274	0.0	0.002457002457002457
PF3D7_0314500	0.010391686650679457	0.006535947712418301	0.018985928076837168
PF3D7_0314600	0.040103856916067146	0.035516241832679735	0.056608127654902834
PF3D7_0314700	0.002398081534772182	0.00130718954248366	0.023550276415233416
PF3D7_0314800	0.0007993605115907274	0.3749800306169935	0.09353210505986151
PF3D7_0314900	0.006394884092725819	0.28208577206535945	0.19928061033191868
PF3D7_0315000	0.01005992206314948	0.012529362746405228	0.07798388151239669
PF3D7_0315100	0.002398081534772182	0.00392156862745098	0.00915791824882734
PF3D7_0315200	0.002398081534772182	0.0033790359490196075	0.0013401831583649765
PF3D7_0315300	0.01932048361470823	0.0628455105856209	0.14479958927942818
PF3D7_0315400	0.025247771783373302	0.05293052692418301	0.2625710192180031
PF3D7_0315500	0.002398081534772182	0.006535947712418301	0.028797143735760554
PF3D7_0315600	0.0	0.00261437908496732	0.003127094036184945
PF3D7_0315700	0.007993605115907274	0.00522875816993464	0.02196556846191646
PF3D7_0315800	0.007194244604316547	0.01045751633986928	0.014518650882287246
PF3D7_0315900	0.0	0.00392156862745098	0.0011168192986374804
PF3D7_0316000	0.0031974420463629096	0.12978862019738563	0.01861511056600402
PF3D7_0316100	0.0015987210231814548	0.01514374183137255	0.01580408476725486
PF3D7_0316200	0.03616845771382894	0.5186581127137255	0.5215287925367434
PF3D7_0316300.2	0.008461201039968025	0.1596030923006536	0.14804162036564664
PF3D7_0316400	0.028838381772981612	0.07256179739346405	0.21099845876747822
PF3D7_0316500	0.010995113911270983	0.11875767975163398	0.07299396638976993
PF3D7_0316600	0.009592326139088728	0.008607794118954248	0.015896789144963144
PF3D7_0316700	0.00686248001678657	0.06166003268235294	0.041642749053160594
PF3D7_0316800	0.355481527206235	0.07211754902222223	0.5866668259131115
PF3D7_0316900	0.026378896882494004	0.08639834968235295	0.06276997500893455
PF3D7_0317000	0.008792965627498001	0.02298687908627451	0.029913963034398035
PF3D7_0317100	0.002398081534772182	0.00392156862745098	0.0037044812376591466
PF3D7_0317200	0.01499191646922462	0.7757513446287582	0.429843085104981
PF3D7_0317300	0.3057490210879297	1.222743964117647	0.8848032639609112
PF3D7_0317400	0.014856085132693845	0.0714767320366013	0.054286151446057626
PF3D7_0317500	0.03577528977058353	0.2558972547908497	0.22397072046012956
PF3D7_0317600	0.05562347122382095	0.012529362746405228	0.09959105986642841
PF3D7_0317700	0.09633075540047961	0.19556358250457517	0.3964462017076167
PF3D7_0317800	0.08274162670343725	0.036280898696732025	0.25755370367388875
PF3D7_0317900	0.007194244604316547	0.00392156862745098	0.04022665568617378
PF3D7_0318000	0.002398081534772182	0.0	0.0020102747375474648
PF3D7_0318100	0.048504956041566745	0.006535947712418301	0.12350445681505472
PF3D7_0318200	0.11452011391606715	0.14761626223267973	0.2886295552448068
PF3D7_0318300	0.04090321742765787	0.09816305556470589	0.16306611500692428
PF3D7_0318400	0.006394884092725819	0.00522875816993464	0.005584096493187403
PF3D7_0318500	0.0031974420463629096	0.7744963864196078	0.04333260802814384
PF3D7_0318600	0.04363306354996003	0.03704555556078431	0.05169412274089792
PF3D7_0318700	0.0	0.04957491830718954	0.00022336385972749609
PF3D7_0318800	0.0	0.00261437908496732	0.00044672771945499217
PF3D7_0318900	0.029244574341326938	0.13584942811111111	0.13102692094393567
PF3D7_0319000	0.012925599521982413	0.432489667269281	0.24524956974335493
PF3D7_0319100	0.0	0.00261437908496732	0.005360732633459906
PF3D7_0319200	0.044432424061550756	0.011764705882352941	0.12030108891087783
PF3D7_0319300	0.0	0.0	0.0013401831583649765
PF3D7_0319400	0.019456314951239007	0.19561926862614376	0.4323105382119723
PF3D7_0319500	0.08873031822781775	0.02690844771372549	0.3127844588668751
PF3D7_0319600	0.0428337030383693	0.00261437908496732	0.06485579629573375
PF3D7_0319700	0.15756667915427658	0.1476953756862745	0.14273490968684385
PF3D7_0319800	0.002398081534772182	0.0302874836627451	0.008841850011391556
PF3D7_0319900	0.0031974420463629096	0.01568627450980392	0.01790706388251061
PF3D7_0320000	0.027375492086330937	0.12502890509281045	0.4414165738997096
PF3D7_0320100	0.004464398482014388	0.031594673205228754	0.05865635749676122
PF3D7_0320200	0.0085970323764988	0.00130718954248366	0.017721655127094036
PF3D7_0320300	0.006394884092725819	0.00784313725490196	0.02987600793008711
PF3D7_0320400	0.0	0.00130718954248366	0.002903730176457449
PF3D7_0320500	0.014388489208633094	0.12975772876993463	0.04817505025865535
PF3D7_0320600	0.0031974420463629096	0.018300653594771243	0.041866112912888095
PF3D7_0320700	0.017254166667466028	0.07527446078562092	0.20582641067746257
PF3D7_0320800	0.003996802557953637	0.047280947715032676	0.051917486600625416
PF3D7_0320900	0.056694494408473226	0.9899696067045751	0.3980396562812151
PF3D7_0321000	0.09919643285931255	0.07833308824183007	0.2033598929461693
PF3D7_0321100	0.04217017386330935	1.0554283429424836	0.33954684091601517
PF3D7_0321200	0.002398081534772182	0.012529362746405228	0.015766129662943936
PF3D7_0321300	0.0015987210231814548	0.08094746732679739	0.023213047242573153
PF3D7_0321400	0.0	0.17420430145359478	0.007594371230734867
PF3D7_0321500	0.014856085132693845	0.12105165034379085	0.1800494109003797
PF3D7_0321600	0.0349759292589928	0.196426523675817	0.2266697213375028
PF3D7_0321700	0.01031725866986411	0.4178675901281046	0.31333268072771947
PF3D7_0321800	0.19233234909592326	0.6577394221660131	0.42338826867634577
PF3D7_0321900	0.0662123925667466	0.17859354578431372	0.2027997372374358
PF3D7_0322000	0.20243934844844125	0.035516241832679735	0.5653468912278311
PF3D7_0322100	0.03437250199840128	0.009150326797385621	0.05646067400379718
PF3D7_0322200	0.0015987210231814548	0.021679689543790848	0.015989857182041545
PF3D7_0322300	0.008792965627498001	0.10600619281960785	0.13316457937547463
PF3D7_0322400	0.12052313150679456	0.0574180555620915	0.20306176427920483
PF3D7_0322500	0.01565544564428457	0.07409111112156862	0.11020739335269153
PF3D7_0322600	0.006394884092725819	0.005993415033986928	0.009642601072593255
PF3D7_0322700	0.1235847422166267	0.17753861097777776	0.378847323709627
PF3D7_0322800	0.0	0.00130718954248366	0.00022336385972749609
PF3D7_0322900	0.7256785962198241	0.16763865429542482	1.0983215980303773
PF3D7_0323000	0.012789768185451638	0.006535947712418301	0.030938077955327232
PF3D7_0323100	0.061958253402078334	0.16276213230326797	0.2502429577438017
PF3D7_0323200	0.029652068350919263	0.142923764627451	0.4333742276359169
PF3D7_0323300	0.0	0.00522875816993464	0.014333242126870671
PF3D7_0323400	0.0015987210231814548	0.23253983088235294	0.0030343896584766584
PF3D7_0323500	0.07940835332054356	0.08016151136993464	0.2111531913133795
PF3D7_0323600	0.03211025180015987	0.01045751633986928	0.06598940976345767
PF3D7_0323700	0.07940835332054356	0.1683325980588235	0.2280409443647532
PF3D7_0323800	0.0164548061558753	0.025058725492810456	0.05001671040987268
PF3D7_0324100	0.0007993605115907274	0.0	0.0005773872014742014
PF3D7_0324800	0.0	0.005993415033986928	0.0016942065001116819
PF3D7_0324900	0.005053499676258994	0.032679738562091505	0.0091907985092696
PF3D7_0200100	0.010065539382893684	0.00261437908496732	0.0021201369437123074
PF3D7_0201500	0.03158255396163069	0.051202516342483656	0.08701114027920481
PF3D7_0201600	0.11765745404796164	0.006535947712418301	0.07086982633928969
PF3D7_0201700	0.09467193246282973	0.011222173203921569	0.021577956781996872
PF3D7_0201800	0.10280136891526778	0.00522875816993464	0.0422201362546348
PF3D7_0201900	0.3252509639568345	0.1688772589764706	0.48261153851016303
PF3D7_0202000	2.912519478334932	0.6848332608065358	1.884598483726156
PF3D7_0202100	0.012851171541167066	0.023751535950326797	0.002903730176457449
PF3D7_0202200	0.0031974420463629096	0.0	0.0008934554389099843
PF3D7_0202300	0.007993605115907274	0.00130718954248366	0.012731740004467277
PF3D7_0202400	0.5005018963517186	0.20282393430326798	0.4998667461746706
PF3D7_0202500	0.6057867463397283	0.07976411766143791	0.13815966224726378
PF3D7_0202600.1	0.0007993605115907274	0.00130718954248366	0.0006700915791824883
PF3D7_0202600.2	0.0007993605115907274	0.0	0.0013401831583649765
PF3D7_0202700	0.002398081534772182	0.022222222222222223	0.03479001284409203
PF3D7_0202800	0.0007993605115907274	0.0302874836627451	0.03827549698816171
PF3D7_0202900	0.0	0.026143790849673203	0.027233596717668083
PF3D7_0203000	0.02010168259472422	0.6561356825633987	0.29164034764485147
PF3D7_0203100	0.010391686650679457	0.4145442402993464	0.05314889853093589
PF3D7_0203200	0.05689042765947242	0.04466656863006536	0.05378030768706723
PF3D7_0203300	0.022186161073541166	0.09108457517385621	0.12314206360040206
PF3D7_0203400	0.005731354917665867	0.06133962418954248	0.15654223809761
PF3D7_0203600	0.002398081534772182	0.017215588237908495	0.0564610376631673
PF3D7_0203700	0.07814139688489209	0.01045751633986928	0.09416315055662274
PF3D7_0203800	0.002398081534772182	0.00261437908496732	0.035350605876479785
PF3D7_0203900	0.01565544564428457	0.006535947712418301	0.08442347834018316
PF3D7_0204000	0.009728157475619503	0.018300653594771243	0.0934762648083538
PF3D7_0204100	0.003996802557953637	1.3667088525228759	0.26562710338708956
PF3D7_0204200	0.25003776477458034	0.24658048992810458	0.3672999931007371
PF3D7_0204300	0.03164265587609912	0.026143790849673203	0.10563940556689748
PF3D7_0204400	0.0	0.00130718954248366	0.0011168192986374804
PF3D7_0204500	0.09266571743005596	0.05719593137647059	0.20159164895756088
PF3D7_0204600	0.009260561551558752	0.011764705882352941	0.054673763125977215
PF3D7_0204700	0.05495994204876099	0.08225465686928105	0.11603201153406298
PF3D7_0204800	0.02164413716866507	0.018300653594771243	0.09391425899553273
PF3D7_0204900	0.017254166667466028	0.05588874183398693	0.2159168848708957
PF3D7_0205000	0.005263758993605116	0.01045751633986928	0.050708326583649765
PF3D7_0205100	0.010527517987210232	0.00261437908496732	0.07200817023252178
PF3D7_0205200	0.0007993605115907274	0.00261437908496732	0.002680366316729953
PF3D7_0205300	0.0012669564356514787	0.0033790359490196075	0.01539531215211079
PF3D7_0205400	0.0329096123117506	0.00522875816993464	0.0823540875631003
PF3D7_0205500	0.0	0.0	0.0
PF3D7_0205600	0.005595523581135092	0.013836552288888889	0.035257901498771504
PF3D7_0205700.1	0.19926795565227817	0.16623945255947714	0.23362060042751845
PF3D7_0205700.2	0.0007993605115907274	0.00130718954248366	0.0017869108778199687
PF3D7_0205800	0.006394884092725819	0.05588874183398693	0.08265445260955996
PF3D7_0205900	0.05782561950759393	0.37660719754771244	0.34950975630310477
PF3D7_0206000	0.03017976618944844	0.14578996734379085	0.09132696071588117
PF3D7_0206100	0.012789768185451638	0.01045751633986928	0.020178657584096493
PF3D7_0206200	0.0015987210231814548	0.09914983661437908	0.004467277194549922
PF3D7_0206500	0.04363306354996003	0.05327436274901961	0.11141728068840742
PF3D7_0206600	0.0015987210231814548	0.00130718954248366	0.0015635470180924726
PF3D7_0206700	0.008792965627498001	0.2445725408013072	0.03819558367277195
PF3D7_0206800	0.0015987210231814548	0.9217827489856208	0.08292421511078847
PF3D7_0206900.2	0.0	0.0	0.002457002457002457
PF3D7_0206900.1	0.0	0.02821563725620915	0.004243913334822426
PF3D7_0207000	0.017254166667466028	0.8805904608549019	0.352183798190306
PF3D7_0207100	0.03017976618944844	0.6467634611633987	0.5243345667806567
PF3D7_0207200	0.005595523581135092	0.05796058824052287	0.039240495869555504
PF3D7_0207300	0.0	0.00130718954248366	0.0013401831583649765
PF3D7_0207400	0.00905030223421263	0.2978921736836601	0.39105345920303775
PF3D7_0207500	0.012126239010391686	0.38632233092941176	0.4017519147178914
PF3D7_0207600	0.04496142334052758	2.9669118918379085	1.1813249133039982
PF3D7_0207700	0.0028656774588329335	0.48192279156470585	0.24533903497721687
PF3D7_0207800	0.0015987210231814548	0.43735329052156857	0.17040251387223587
PF3D7_0207900	0.0	0.021679689543790848	0.025075868329014966
PF3D7_0208000	0.0015987210231814548	0.7572777222418301	0.2559577519323208
PF3D7_0208100.1	0.04143221670743406	0.39646180892549016	0.7187834181445164
PF3D7_0208200	0.0996640287833733	0.0196078431372549	0.1012140865834264
PF3D7_0208300	0.03017976618944844	0.03790849673202614	0.05552926346057628
PF3D7_0208400	0.15210568546842526	0.8188889093633988	0.5612276504185839
PF3D7_0208500	0.0007993605115907274	0.00261437908496732	0.006477551932097387
PF3D7_0208600	0.02458424260831335	0.13476649099346405	0.3692612099544338
PF3D7_0208700.2	0.025247771783373302	0.06612413398823529	0.09903920036631672
PF3D7_0208700.1	0.004796163069544364	0.018300653594771243	0.0185771554616931
PF3D7_0208800	0.010859282574740208	0.00784313725490196	0.0441165456792495
PF3D7_0208900	0.0	0.00261437908496732	0.004281868439133348
PF3D7_0209000	0.002066316947242206	0.00130718954248366	0.0036614512894795627
PF3D7_0209100	0.011990407673860911	0.03213720588366013	0.058323495090239
PF3D7_0209200	0.006394884092725819	0.00784313725490196	0.025893413559303104
PF3D7_0209300	0.04090321742765787	0.02952282679869281	0.1256578184375698
PF3D7_0209400	0.003996802557953637	0.00130718954248366	0.025762754077283897
PF3D7_0209500	0.0	0.036280898696732025	0.00709289423788251
PF3D7_0209600	0.0007993605115907274	0.2306590032980392	0.0694168688461023
PF3D7_0209700	0.033513039572342126	0.03083001634117647	0.043391704826669646
PF3D7_0209800	0.06088723021742606	0.04967320261437908	0.14261667760777305
PF3D7_0210000	0.0031974420463629096	0.022222222222222223	0.019639225486933216
PF3D7_0210100.2	0.0007993605115907274	0.0	0.0017869108778199687
PF3D7_0210100.1	0.3413319494476419	0.05305223856339869	0.43310302792986377
PF3D7_0210200	0.039244394490007994	0.41433757419869277	0.5254751058639714
PF3D7_0210300	0.0	0.00392156862745098	0.004597936676569131
PF3D7_0210400	0.0031974420463629096	0.006535947712418301	0.05515844594974313
PF3D7_0210500	0.033513039572342126	0.03443117647581699	0.11525642451485368
PF3D7_0210600	0.0031974420463629096	0.4187480882496732	0.04318950190216663
PF3D7_0210700	0.0	0.04858813725751634	0.0037971856153674335
PF3D7_0210800	0.006394884092725819	0.0	0.004374572816841635
PF3D7_0210900	0.27814991257553956	0.0704899509869281	0.43129246207058297
PF3D7_0211100	0.008792965627498001	0.00130718954248366	0.0241612519548805
PF3D7_0211200	0.01932048361470823	0.08639834968235295	0.13072764687558633
PF3D7_0211300	0.002398081534772182	0.01437908496732026	0.015226697565780656
PF3D7_0211400	0.0007993605115907274	0.006535947712418301	0.007316258097610007
PF3D7_0211500	0.002398081534772182	0.19090078434509802	0.10908802558476659
PF3D7_0211600	0.0015987210231814548	0.1104702941254902	0.04316834096694215
PF3D7_0211700	0.0250518385323741	0.16633773686666667	0.25088353775563993
PF3D7_0211800	0.12151842526938449	0.08301931373333334	0.30812010801496537
PF3D7_0211900	0.02265375699760192	0.11025029817908497	0.3539655910801876
PF3D7_0212000	0.01372496003357314	0.06972529412287581	0.19934885874536518
PF3D7_0212100	0.09304586074820144	0.33609765157647054	0.5071819277558633
PF3D7_0212200	0.014056724621103116	0.00130718954248366	0.031422760779093145
PF3D7_0212300	0.05542753797282174	0.00784313725490196	0.1012856300259102
PF3D7_0212400	0.1471135891478817	0.25285621365751637	0.5604330802941702
PF3D7_0212500	0.21079337028457237	0.4380050672026144	0.7600494380022337
PF3D7_0212600	0.003665037970423661	0.21492335333333332	0.016288767591020773
PF3D7_0212700	0.007194244604316547	0.00522875816993464	0.019955293724368998
PF3D7_0212800	0.003996802557953637	0.01045751633986928	0.03458780991958901
PF3D7_0212900	0.004796163069544364	0.13365587006535948	0.08976305003841858
PF3D7_0213000	0.00686248001678657	0.03213720588366013	0.0653572732885861
PF3D7_0213100	0.1638114058441247	0.02875816993464052	0.324018061802323
PF3D7_0213200	0.010391686650679457	0.039437810460130715	0.1133352147076167
PF3D7_0213300	0.0007993605115907274	0.00522875816993464	0.03940911045588563
PF3D7_0213400	0.003996802557953637	0.0	0.0255393902175564
PF3D7_0213500	0.021718565149480416	0.00784313725490196	0.04134347498481126
PF3D7_0213600	0.003665037970423661	0.014058676474509802	0.0646371628615144
PF3D7_0213700	0.0015987210231814548	0.0	0.00526802825575162
PF3D7_0213800	0.003996802557953637	0.0	0.017852314609113247
PF3D7_0213900	0.04663457234532374	0.00392156862745098	0.08970866442439132
PF3D7_0214000	0.20371932950919264	0.022222222222222223	0.2958233764047353
PF3D7_0214100	0.06901666666986411	0.3200415545660131	0.23113588545923608
PF3D7_0214200	0.0	0.00130718954248366	0.005360732633459906
PF3D7_0214300	0.010995113911270983	0.025823382356862743	0.0180928362972973
PF3D7_0214400	0.10566704637410072	0.01351614379607843	0.06897341691467501
PF3D7_0214500	0.02205032973701039	0.00130718954248366	0.032278261113692204
PF3D7_0214600	0.0007993605115907274	0.4448482918836601	0.010928034957560867
PF3D7_0214700	0.0	0.09619162170457515	0.0017869108778199687
PF3D7_0214800	0.09227385092805755	0.1518369402601307	0.09860926681594818
PF3D7_0214900	0.0031974420463629096	1.4283474885058822	0.024532796784453876
PF3D7_0215000	0.004796163069544364	0.058503120918954245	0.12404461623095822
PF3D7_0215100	0.0007993605115907274	0.011764705882352941	0.0037971856153674335
PF3D7_0215200	0.0031974420463629096	0.01045751633986928	0.005584096493187403
PF3D7_0215300	0.054160581537170266	0.01514374183137255	0.011745580187849006
PF3D7_0215400	0.08461201039968025	0.2749068791281046	0.18807407934085324
PF3D7_0215500	0.018852887690647482	0.06864022876601307	0.04869768818673219
PF3D7_0215600	0.03131089128856914	0.02298687908627451	0.08015840407013625
PF3D7_0215700	0.03211025180015987	0.013071895424836602	0.0706464624795622
PF3D7_0215800	0.005595523581135092	0.018300653594771243	0.09993301946459683
PF3D7_0215900	0.0	0.009150326797385621	0.009604645968282331
PF3D7_0216000	0.0007993605115907274	0.11135879086797384	0.06288857074737547
PF3D7_0216100	0.014856085132693845	0.02690844771372549	0.09097293737413446
PF3D7_0216200	0.11245379696882493	0.013071895424836602	0.11865726491802547
PF3D7_0216300	0.035443525183053555	0.00784313725490196	0.09933883809403618
PF3D7_0216400	0.007194244604316547	0.0628455105856209	0.12343369511458566
PF3D7_0216500	0.007661840528377298	0.1881199671960784	0.1542908264994416
PF3D7_0216600	0.01598721023181455	0.13007813726274509	0.04125077060710297
PF3D7_0216700.1	0.0007993605115907274	0.05305223856339869	0.0521620113955774
PF3D7_0216700.2	0.0007993605115907274	0.00392156862745098	0.005807460352914898
PF3D7_0216800	0.0028656774588329335	0.3062368299620915	0.0992417861909761
PF3D7_0216900	0.003996802557953637	0.02952282679869281	0.030879689234532055
PF3D7_0217000	0.004796163069544364	0.02429406862875817	0.035388560980790705
PF3D7_0217100	0.022443497680255796	0.21517355388104575	0.39576410966852804
PF3D7_0217200	0.009592326139088728	0.036058774511111114	0.0648390021266473
PF3D7_0217300	0.0	0.00392156862745098	0.0008934554389099843
PF3D7_0217400	0.0007993605115907274	0.01699346405228758	0.029113211973196336
PF3D7_0217500	0.004931994406075139	1.5535616938862746	0.16726195587804332
PF3D7_0217600	0.04250193845083933	0.1419666830235294	0.21224157078199687
PF3D7_0217700	0.0007993605115907274	0.0	0.0015635470180924726
PF3D7_0217800	0.42102759294884096	0.08499287583267974	0.6655770993562654
PF3D7_0217900	0.0028656774588329335	0.03137254901960784	0.04538118228836274
PF3D7_0218000	0.010391686650679457	0.1015420915137255	0.1875817539629216
PF3D7_0218100	0.004796163069544364	0.5803135704169934	0.1816100457898146
PF3D7_0218200	0.008928796964028776	0.0302874836627451	0.044639183607326334
PF3D7_0218300	0.03377037617905675	0.05872524510457516	0.27847583381751173
PF3D7_0218400	0.05575930256035173	0.00784313725490196	0.08596586442305114
PF3D7_0218500	0.011191047162270184	0.011764705882352941	0.04445377485190976
PF3D7_0218600	0.11809256237410072	0.17006060864052286	0.2862728260553942
PF3D7_0218700	0.045699380497202235	0.047823480393464055	0.10853070834040653
PF3D7_0219100	0.010859282574740208	0.00392156862745098	0.010721465266919812
PF3D7_0219200	0.004796163069544364	0.0	0.01206164842528479
PF3D7_0219300	0.0015987210231814548	0.01045751633986928	0.01442594650457896
PF3D7_0219400.1	0.0007993605115907274	0.00130718954248366	0.0011168192986374804
PF3D7_0219500	0.009592326139088728	0.04227431373071895	0.13214374024257314
PF3D7_0219600	0.01965224820223821	0.0690844771372549	0.22566565427898147
PF3D7_0219700	0.06109879097601919	0.005993415033986928	0.016326722695331697
PF3D7_0219800	0.007194244604316547	0.10316968954901962	0.01652892561983471
PF3D7_0219900	0.003996802557953637	0.00522875816993464	0.004467277194549922
PF3D7_0220000	0.3137612276179057	0.1745142204771242	0.6195083490763904
PF3D7_0220100	0.11531947442765787	0.01645093137385621	0.07528235426044226
PF3D7_0220200	0.15884796165627496	0.06417612746013071	0.2414262717744025
PF3D7_0220300	0.011990407673860911	0.01045751633986928	0.027680324437123073
PF3D7_0220500	0.002398081534772182	0.05426114379869281	0.0008934554389099843
PF3D7_0220600	0.030043934852917665	0.00784313725490196	0.08894550480813045
PF3D7_0220700	0.10473185452597922	0.01514374183137255	0.1226281592046013
PF3D7_0220800	0.0	1.4675836573764707	0.02209015502725039
PF3D7_0221200	0.0015987210231814548	0.0	0.00044672771945499217
PF3D7_0221700	0.012458003597921662	0.0	0.003127094036184945
PF3D7_0222100	0.0	0.0	0.0006700915791824883
PF3D7_0223100	0.0007993605115907274	0.0	0.0005773872014742015
PF3D7_0223400	0.0007993605115907274	0.00261437908496732	0.00044672771945499217
PF3D7_0223500	0.010163265801758593	0.00784313725490196	0.005398687737770829
PF3D7_0100100	0.004464398482014388	0.02091503267973856	0.005044664396024123
PF3D7_0100200	0.0	0.00522875816993464	0.001917570359839178
PF3D7_0100300	0.012593834934452437	0.00130718954248366	0.0024949575613133794
PF3D7_0100400	0.0	0.01045751633986928	0.006161483694661604
PF3D7_0100900	0.0	0.0	0.0011168192986374804
PF3D7_0101300	0.0	0.0	0.00022336385972749609
PF3D7_0102200	0.23833632718705036	0.08028276253464052	0.06336461294348894
PF3D7_0102300	0.0007993605115907274	0.0	0.0205326809258432
PF3D7_0102500	0.002398081534772182	0.4401812294601307	0.005213278982354254
PF3D7_0102600	0.015791276980815346	0.006535947712418301	0.02120277250502569
PF3D7_0102700	0.004796163069544364	0.00522875816993464	0.008041098950189859
PF3D7_0102800	0.0015987210231814548	0.00522875816993464	0.015989493522671434
PF3D7_0102900	0.023181454836131096	0.018300653594771243	0.08248911381125754
PF3D7_0103000	0.0	0.03137254901960784	0.02138818126044226
PF3D7_0103100	0.01932048361470823	0.19162071478431375	0.19510065230868884
PF3D7_0103200	0.042637769787370106	0.20646534721568627	0.2254524814427072
PF3D7_0103300	0.03131089128856914	0.05719593137647059	0.08263256435559525
PF3D7_0103400	0.24193471005515588	0.8820571458784313	0.8838250571326781
PF3D7_0103500	0.009396392888089527	0.03440774914379085	0.09090539703841859
PF3D7_0103600	0.037705775381294965	0.0687406413124183	0.26810038567880273
PF3D7_0103700	0.021250969225419664	0.013836552288888889	0.0600556566946616
PF3D7_0103800	0.0	0.02821563725620915	0.0040205494750949295
PF3D7_0103900	0.0031974420463629096	0.022444346407843138	0.04981450748536967
PF3D7_0104000	0.0	0.005993415033986928	0.005714755975206612
PF3D7_0104100	0.0015987210231814548	0.08040493464836601	0.031498670987714986
PF3D7_0104200	0.05860681848760991	0.3242170750640523	0.17039372877038195
PF3D7_0104300	0.3749028205347722	0.5993398644653595	0.6112269958869779
PF3D7_0104400	0.00686248001678657	0.07157501634379085	0.0707731188548135
PF3D7_0104500	0.19015885294484414	0.013071895424836602	0.28509754437167745
PF3D7_0104600	0.04690623501838529	0.019829967322875817	0.13705847247531827
PF3D7_0104700	0.0	0.00130718954248366	0.0006700915791824883
PF3D7_0104800	0.0007993605115907274	0.01906531045882353	0.015989493522671434
PF3D7_0105100	0.0	0.0	0.0015635470180924726
PF3D7_0105200	0.02604713229496403	0.12494979163921568	0.09030721256109
PF3D7_0105300	0.0015987210231814548	0.10827673607973856	0.024683889882957336
PF3D7_0105400.1	0.0	0.009150326797385621	0.0
PF3D7_0105400.2	0.0	0.00392156862745098	0.0
PF3D7_0105500	0.007661840528377298	0.00261437908496732	0.04197561145968282
PF3D7_0105600	0.06835313749480415	0.1374042974104575	0.20272484434264015
PF3D7_0105700	0.041236283456434854	0.532176601917647	0.46912550050904617
PF3D7_0105800	0.005595523581135092	0.23273084970457517	0.09874865983024347
PF3D7_0105900	0.023453117509192645	0.09924812092156864	0.2532025281717668
PF3D7_0106000	0.01325736410951239	0.4656370815346405	0.1121804403046683
PF3D7_0106100	0.027118155479616306	0.07734630719215686	0.09991185852937234
PF3D7_0106200	0.002398081534772182	0.20676445661568627	0.11336953036452982
PF3D7_0106300	0.04663457234532374	0.28268186262614375	0.2587081659870449
PF3D7_0106400	0.3572434302573941	0.011764705882352941	0.25078930507639047
PF3D7_0106500	0.005595523581135092	0.09175094773071894	0.1372573996117936
PF3D7_0106600	0.0007993605115907274	0.00784313725490196	0.0006700915791824883
PF3D7_0106700	0.09200218825499601	0.07877733661307189	0.13003311857315167
PF3D7_0106800	0.01325736410951239	0.07103248366535947	0.09598364977261559
PF3D7_0106900	0.012593834934452437	0.1542760498235294	0.24491548827094037
PF3D7_0107000.1	0.008928796964028776	0.0952282679869281	0.20818743296872907
PF3D7_0107100	0.017389998003996803	0.00522875816993464	0.13730226995153003
PF3D7_0107200	0.002398081534772182	0.00130718954248366	0.023659774962028146
PF3D7_0107300	0.0	0.0	0.0017869108778199687
PF3D7_0107400	0.007661840528377298	0.04074500000261438	0.08073178816484253
PF3D7_0107500	0.4836133103197442	0.3026330364339869	0.592669390534063
PF3D7_0107600	0.0007993605115907274	0.01906531045882353	0.03736524738016529
PF3D7_0107700	0.00686248001678657	0.00392156862745098	0.049182371010498105
PF3D7_0107800	0.025383603119904077	0.028980294120261436	0.1735642164141166
PF3D7_0107900	0.015187849720223821	0.00130718954248366	0.05206494025173107
PF3D7_0108000	0.008792965627498001	0.031594673205228754	0.04540197956421711
PF3D7_0108100	0.014388489208633094	0.044888692815686276	0.09168935393053383
PF3D7_0108300	0.2265833458241407	0.3489766911568627	0.4291002401764574
PF3D7_0108400.1	0.009592326139088728	0.00392156862745098	0.02905846269979897
PF3D7_0108500	0.689421167669864	0.10997672638039216	0.2243939659209292
PF3D7_0108600	0.014056724621103116	0.036280898696732025	0.20682203134509716
PF3D7_0108700	0.1368421063261391	0.2503906863137255	0.3924421652664731
PF3D7_0108800	0.017254166667466028	0.0498953268	0.1753460332070583
PF3D7_0109000	0.0	0.05588874183398693	0.0
PF3D7_0109100	0.0	0.06111750000392157	0.002680366316729953
PF3D7_0109200	0.005595523581135092	0.018300653594771243	0.025632094595264686
PF3D7_0109300	0.00686248001678657	0.06003243464705882	0.11341076125686844
PF3D7_0109400	0.02091920463788969	0.01699346405228758	0.061467746954880505
PF3D7_0109500	0.0015987210231814548	0.00392156862745098	0.008395122291936565
PF3D7_0109600	0.007993605115907274	0.00130718954248366	0.03803097219320974
PF3D7_0109700	0.11325315748041566	0.023529411764705882	0.11127788767411213
PF3D7_0109800	0.06422050360031974	0.01045751633986928	0.11346951363703373
PF3D7_0109850	0.003665037970423661	0.1496132516640523	0.12775210250256866
PF3D7_0109950	0.003996802557953637	0.01437908496732026	0.02349116037569801
PF3D7_0110000	0.0015987210231814548	0.00784313725490196	0.03642947007080634
PF3D7_0110100	0.04117488010071942	0.011764705882352941	0.1284860020647755
PF3D7_0110200	0.0164548061558753	0.00261437908496732	0.07027127820259102
PF3D7_0110400	0.0714147482046363	0.05250970588496732	0.1945600555691311
PF3D7_0110500	0.08707149529016786	0.10087784719607844	0.4073745397482689
PF3D7_0110600	0.1798272682086331	0.26879388069411764	0.45023605699776637
PF3D7_0110700	0.01005992206314948	0.009372450983006535	0.08086244764686173
PF3D7_0110800	0.01932048361470823	0.01514374183137255	0.03481117377931651
PF3D7_0110900	0.04536761590967226	0.00392156862745098	0.08204238609180255
PF3D7_0111000	0.00686248001678657	0.19009140105620914	0.08641768622738441
PF3D7_0111200	0.007661840528377298	0.011222173203921569	0.053089055172660264
PF3D7_0111300	0.02058744005035971	0.14958982433202614	0.28506912378266697
PF3D7_0111400	0.015323681056754596	0.06286893791764706	0.27081541207080634
PF3D7_0111500	0.016786570743405275	0.28176323533333336	0.12145586331382623
PF3D7_0111600	0.004796163069544364	0.01568627450980392	0.024962003016082198
PF3D7_0111700	0.0	0.0	0.002457002457002457
PF3D7_0111800	0.018521123103117505	0.02483660130718954	0.09615226435894572
PF3D7_0111900	0.003996802557953637	0.05250970588496732	0.055120490845432205
PF3D7_0112000	0.02238209432454037	0.09054204249542484	0.14083413349609114
PF3D7_0112200	0.10811350663948839	0.044888692815686276	0.5127650832289479
PF3D7_0112800	0.0	0.00130718954248366	0.002680366316729953
PF3D7_0112900	0.0007993605115907274	0.006535947712418301	0.00022336385972749609
PF3D7_0113000	1.0091639713165468	0.05053827202483661	0.7276644505925843
PF3D7_0113100	0.0031974420463629096	0.004686225491503267	0.005044664396024123
PF3D7_0113200	0.05349705236211032	0.13074450981960783	0.1621850869709627
PF3D7_0113300	0.024448411271782575	0.00261437908496732	0.007725030712754076
PF3D7_0113400	0.006394884092725819	0.00130718954248366	0.00988712586754523
PF3D7_0113700	0.010391686650679457	0.00392156862745098	0.011783535292159928
PF3D7_0113800	0.0031974420463629096	0.00261437908496732	0.011151398817288362
PF3D7_0113900	0.009592326139088728	0.00392156862745098	0.005360732633459906
PF3D7_0114000	0.005263758993605116	0.025823382356862743	0.016154468661603753
PF3D7_0114500	0.0	0.00130718954248366	0.0
PF3D7_0115000	0.0	0.0020718464065359477	0.0
PF3D7_0115100	0.0	0.00261437908496732	0.0037044812376591466
PF3D7_0115300	0.002398081534772182	0.0	0.0
PF3D7_0115400	0.0012669564356514787	0.0	0.0011168192986374804
PF3D7_0115600	0.0028656774588329335	0.0	0.0012474787806566897
PF3D7_0115700	0.002865677458832934	0.00261437908496732	0.0017869108778199687
