contrast	feature	n	spearman_rho	spearman_p	lenadj_rho	lenadj_p	MW_AsnTop10_p	median_Top10	median_rest
GSE151189_DHA-CTRL_Cam3II_R539T_8.0h	asn_frac	5148	0.061921442002344146	8.747407815762815e-06	0.09445512058436326	1.1162633284618187e-11	0.4481614227192363	0.0044720365	0.0352948699999999
GSE151189_DHA-CTRL_Cam3II_R539T_8.0h	asn_out_lcr	5148	0.07643084206883118	4.00615288655512e-08	0.10455470808378836	5.4545296938964594e-14	0.4481614227192363	0.0044720365	0.0352948699999999
GSE151189_DHA-CTRL_Cam3II_R539T_8.0h	asn_in_lcr	5148	-0.008422970621314575	0.5457050759127016	0.02937433761235994	0.03507089634462707	0.4481614227192363	0.0044720365	0.0352948699999999
GSE151189_DHA-CTRL_Cam3II_R539T_8.0h	polyN_maxrun	5148	-0.00029813124170700086	0.98293806631188	0.04382128233010186	0.0016614073737560148	0.4481614227192363	0.0044720365	0.0352948699999999
GSE151189_DHA-CTRL_Cam3II_R539T_8.0h	lcr_frac	5148	-0.0004256865571247586	0.9756400538922199	0.03548208480343822	0.010896283079392563	0.4481614227192363	0.0044720365	0.0352948699999999
GSE151189_DHA-CTRL_Cam3II_R539T_8.0h	length	5148	-0.05048925741094328	0.0002900660831090014	0.009944293871953508	0.4756334582696483	0.4481614227192363	0.0044720365	0.0352948699999999
GSE151189_DHA-CTRL_Cam3II_R539T_8.0h	is_AP2	5148					0.4404360631669507	0.07687584490476179	0.03225471727777775
GSE151189_DHA-CTRL_Cam3II_R539T_8.0h	is_PUF	5148					0.015958585206312693	0.35143655549999997	0.03223507955555555
GSE151189_DHA-CTRL_Cam3II_R539T_8.0h	is_chromatin	5148					0.9954109382672706	0.06964380316666666	0.03223507955555555
GSE151189_DHA-CTRL_Cam3II_R539T_8.0h	is_RNAbind	5148					0.7622974037393435	0.0675769593333333	0.0322121046666666
GSE151189_DHA-CTRL_Cam3II_R539T_8.0h_noSchiz	asn_frac	3626	0.0827129229646601	6.116730429729019e-07	0.10360925292971844	4.009726140821932e-10	0.41321870183243836	0.0021069857499999	0.0356181946666667
GSE151189_DHA-CTRL_Cam3II_R539T_8.0h_noSchiz	asn_out_lcr	3626	0.09620034254457017	6.463743551860061e-09	0.11425670629040438	5.187512884098283e-12	0.41321870183243836	0.0021069857499999	0.0356181946666667
GSE151189_DHA-CTRL_Cam3II_R539T_8.0h_noSchiz	asn_in_lcr	3626	0.0034804764367582933	0.834050358988176	0.027503491638849145	0.09774205748590002	0.41321870183243836	0.0021069857499999	0.0356181946666667
GSE151189_DHA-CTRL_Cam3II_R539T_8.0h_noSchiz	polyN_maxrun	3626	0.020299302212510206	0.22168763779563003	0.048173501236824665	0.003713650447164159	0.41321870183243836	0.0021069857499999	0.0356181946666667
GSE151189_DHA-CTRL_Cam3II_R539T_8.0h_noSchiz	lcr_frac	3626	0.011564617673816533	0.48632776109425435	0.034159851277828404	0.03969872292823972	0.41321870183243836	0.0021069857499999	0.0356181946666667
GSE151189_DHA-CTRL_Cam3II_R539T_8.0h_noSchiz	length	3626	-0.027871359050789735	0.09333601519372992	0.010467952341022671	0.5286023065762593	0.41321870183243836	0.0021069857499999	0.0356181946666667
GSE151189_DHA-CTRL_Cam3II_R539T_8.0h_noSchiz	is_AP2	3626					0.4938389074215943	0.05222446516666655	0.0321316120833333
GSE151189_DHA-CTRL_Cam3II_R539T_8.0h_noSchiz	is_PUF	3626					0.043684685805595376	0.3150102716666666	0.031982779
GSE151189_DHA-CTRL_Cam3II_R539T_8.0h_noSchiz	is_chromatin	3626					0.7422774007650816	0.0638557211666667	0.0320511195
GSE151189_DHA-CTRL_Cam3II_R539T_8.0h_noSchiz	is_RNAbind	3626					0.972087656311334	0.0635630451666666	0.03189590849999995
GSE151189_DHA-CTRL_Cam3II_R539T_8.0h_STAGEADJ	asn_frac	4767	0.043634317621753196	0.0025841521490319683	0.07896535024597685	4.784534353969062e-08	0.26887084303942177	-0.055108747113928325	-0.017064190302403567
GSE151189_DHA-CTRL_Cam3II_R539T_8.0h_STAGEADJ	asn_out_lcr	4767	0.05975998642832626	3.649081297462637e-05	0.08983218754870358	5.189524124602295e-10	0.26887084303942177	-0.055108747113928325	-0.017064190302403567
GSE151189_DHA-CTRL_Cam3II_R539T_8.0h_STAGEADJ	asn_in_lcr	4767	-0.018176980021173766	0.2095600119212378	0.023208250240415982	0.10911723564825607	0.26887084303942177	-0.055108747113928325	-0.017064190302403567
GSE151189_DHA-CTRL_Cam3II_R539T_8.0h_STAGEADJ	polyN_maxrun	4767	-0.02173814829630571	0.13344332313679066	0.027266389303856088	0.059778709224653295	0.26887084303942177	-0.055108747113928325	-0.017064190302403567
GSE151189_DHA-CTRL_Cam3II_R539T_8.0h_STAGEADJ	lcr_frac	4767	-0.006438079926671237	0.656756756062292	0.03285623754434224	0.02329716649172069	0.26887084303942177	-0.055108747113928325	-0.017064190302403567
GSE151189_DHA-CTRL_Cam3II_R539T_8.0h_STAGEADJ	length	4767	-0.05961093866360424	3.816298962198869e-05	0.007956671730538632	0.5828539273671278	0.26887084303942177	-0.055108747113928325	-0.017064190302403567
GSE151189_DHA-CTRL_Cam3II_R539T_8.0h_STAGEADJ	is_AP2	4767					0.34451434039634365	0.027226145753466796	-0.022405866323459415
GSE151189_DHA-CTRL_Cam3II_R539T_8.0h_STAGEADJ	is_PUF	4767					0.016686592112497425	0.29349237784506066	-0.02242100066545248
GSE151189_DHA-CTRL_Cam3II_R539T_8.0h_STAGEADJ	is_chromatin	4767					0.9783321707487611	0.012825040237923812	-0.02242100066545248
GSE151189_DHA-CTRL_Cam3II_R539T_8.0h_STAGEADJ	is_RNAbind	4767					0.6497930653354227	0.014348602060207181	-0.022796127228609263
GSE151189_DHA-CTRL_Cam3II_R539T_8.0h_STAGEADJ_noSchiz	asn_frac	3245	0.05754154840623016	0.0010406386674144295	0.08202254694031828	2.889942681472108e-06	0.13884094823965568	-0.06154890874881944	-0.016646027477871316
GSE151189_DHA-CTRL_Cam3II_R539T_8.0h_STAGEADJ_noSchiz	asn_out_lcr	3245	0.07323944621056011	2.9657619898751137e-05	0.09394102760628825	8.269911187392649e-08	0.13884094823965568	-0.06154890874881944	-0.016646027477871316
GSE151189_DHA-CTRL_Cam3II_R539T_8.0h_STAGEADJ_noSchiz	asn_in_lcr	3245	-0.010360159431518643	0.5552215460008575	0.017931194390493514	0.3071894062373963	0.13884094823965568	-0.06154890874881944	-0.016646027477871316
GSE151189_DHA-CTRL_Cam3II_R539T_8.0h_STAGEADJ_noSchiz	polyN_maxrun	3245	-0.009015076715969931	0.6077026454867029	0.024394640497982838	0.16473861590436623	0.13884094823965568	-0.06154890874881944	-0.016646027477871316
GSE151189_DHA-CTRL_Cam3II_R539T_8.0h_STAGEADJ_noSchiz	lcr_frac	3245	0.003190975064447693	0.855815019106722	0.02980269145996673	0.08961533467118657	0.13884094823965568	-0.06154890874881944	-0.016646027477871316
GSE151189_DHA-CTRL_Cam3II_R539T_8.0h_STAGEADJ_noSchiz	length	3245	-0.03937430988273371	0.024899440646635157	0.006876354513511702	0.6953799710906339	0.13884094823965568	-0.06154890874881944	-0.016646027477871316
GSE151189_DHA-CTRL_Cam3II_R539T_8.0h_STAGEADJ_noSchiz	is_AP2	3245					0.3857893398780011	0.025135206285704786	-0.023150799855112966
GSE151189_DHA-CTRL_Cam3II_R539T_8.0h_STAGEADJ_noSchiz	is_PUF	3245					0.04606906899497383	0.2570031979450641	-0.023428981854490556
GSE151189_DHA-CTRL_Cam3II_R539T_8.0h_STAGEADJ_noSchiz	is_chromatin	3245					0.6900674097514712	0.006111973721405449	-0.023150799855112966
GSE151189_DHA-CTRL_Cam3II_R539T_8.0h_STAGEADJ_noSchiz	is_RNAbind	3245					0.8506366548177455	0.009617696453784352	-0.023706191351033655
GSE151189_DHA-CTRL_Cam3II_R539T_16.0h	asn_frac	5092	0.07989475492286142	1.137236066748159e-08	0.06250558992982161	8.060927324494109e-06	0.6211684078221343	0.00904963191666655	0.00207768408333335
GSE151189_DHA-CTRL_Cam3II_R539T_16.0h	asn_out_lcr	5092	0.09146870659600012	6.186708139111583e-11	0.07646534266414795	4.67909550228802e-08	0.6211684078221343	0.00904963191666655	0.00207768408333335
GSE151189_DHA-CTRL_Cam3II_R539T_16.0h	asn_in_lcr	5092	0.018881645217898084	0.17793177499860172	-0.001126936038178584	0.9359219365242988	0.6211684078221343	0.00904963191666655	0.00207768408333335
GSE151189_DHA-CTRL_Cam3II_R539T_16.0h	polyN_maxrun	5092	0.052108978734769676	0.00019920699491277725	0.028587847683242733	0.04136079818226478	0.6211684078221343	0.00904963191666655	0.00207768408333335
GSE151189_DHA-CTRL_Cam3II_R539T_16.0h	lcr_frac	5092	0.01942265924297706	0.1658209844459136	0.0007023909821422238	0.9600354537488931	0.6211684078221343	0.00904963191666655	0.00207768408333335
GSE151189_DHA-CTRL_Cam3II_R539T_16.0h	length	5092	0.059816250805512054	1.944590842254076e-05	0.02782373525460773	0.04710554758203884	0.6211684078221343	0.00904963191666655	0.00207768408333335
GSE151189_DHA-CTRL_Cam3II_R539T_16.0h	is_AP2	5092					0.8301604013479923	0.006327934458333351	0.0034752578333332998
GSE151189_DHA-CTRL_Cam3II_R539T_16.0h	is_PUF	5092					0.03855545732794709	0.35519002255555554	0.00322904308333335
GSE151189_DHA-CTRL_Cam3II_R539T_16.0h	is_chromatin	5092					0.42468267110732794	0.0650071250833333	0.00322904308333335
GSE151189_DHA-CTRL_Cam3II_R539T_16.0h	is_RNAbind	5092					0.2871851643352985	0.0535230500833333	0.0023343221666666
GSE151189_DHA-CTRL_Cam3II_R539T_16.0h_noSchiz	asn_frac	3586	0.10041270244480822	1.6788551898708674e-09	0.06752015514625115	5.198182021978382e-05	0.3236961056192875	-0.00430204	-0.013283012
GSE151189_DHA-CTRL_Cam3II_R539T_16.0h_noSchiz	asn_out_lcr	3586	0.10748266591411003	1.0975549762076234e-10	0.07921320506375881	2.0406939157964975e-06	0.3236961056192875	-0.00430204	-0.013283012
GSE151189_DHA-CTRL_Cam3II_R539T_16.0h_noSchiz	asn_in_lcr	3586	0.03586910906774016	0.03172169788551457	-0.0018282451480855304	0.9128510276081039	0.3236961056192875	-0.00430204	-0.013283012
GSE151189_DHA-CTRL_Cam3II_R539T_16.0h_noSchiz	polyN_maxrun	3586	0.07529707721356035	6.365578796544323e-06	0.031498539474945596	0.059288983296857375	0.3236961056192875	-0.00430204	-0.013283012
GSE151189_DHA-CTRL_Cam3II_R539T_16.0h_noSchiz	lcr_frac	3586	0.03560791286059041	0.032986364215585796	0.0006938254912539877	0.9668701689328731	0.3236961056192875	-0.00430204	-0.013283012
GSE151189_DHA-CTRL_Cam3II_R539T_16.0h_noSchiz	length	3586	0.0884855135840191	1.1122258968349947e-07	0.028477361577275817	0.0881818652363543	0.3236961056192875	-0.00430204	-0.013283012
GSE151189_DHA-CTRL_Cam3II_R539T_16.0h_noSchiz	is_AP2	3586					0.4529336306221916	-0.01024065595833325	-0.0127238472499999
GSE151189_DHA-CTRL_Cam3II_R539T_16.0h_noSchiz	is_PUF	3586					0.07431671242957727	0.344250032	-0.0129893849999999
GSE151189_DHA-CTRL_Cam3II_R539T_16.0h_noSchiz	is_chromatin	3586					0.3142086236920011	0.0010091159999999	-0.0131351556666666
GSE151189_DHA-CTRL_Cam3II_R539T_16.0h_noSchiz	is_RNAbind	3586					0.09342407651092323	0.0853769118333333	-0.0138008326666667
GSE151189_DHA-CTRL_Cam3II_R539T_16.0h_STAGEADJ	asn_frac	4721	0.06532391579890463	7.05622751041226e-06	0.05431370212876887	0.00018873455146145232	0.8699541783557101	-0.030148304749099554	-0.03784285977598861
GSE151189_DHA-CTRL_Cam3II_R539T_16.0h_STAGEADJ	asn_out_lcr	4721	0.07805741600867969	7.870912635026092e-08	0.0686719002110354	2.3268773075022982e-06	0.8699541783557101	-0.030148304749099554	-0.03784285977598861
GSE151189_DHA-CTRL_Cam3II_R539T_16.0h_STAGEADJ	asn_in_lcr	4721	0.007705082412106354	0.5966110316777617	-0.004882004876094341	0.737358478920441	0.8699541783557101	-0.030148304749099554	-0.03784285977598861
GSE151189_DHA-CTRL_Cam3II_R539T_16.0h_STAGEADJ	polyN_maxrun	4721	0.03797285688521877	0.009071509098246595	0.02287033977749157	0.11613625857916891	0.8699541783557101	-0.030148304749099554	-0.03784285977598861
GSE151189_DHA-CTRL_Cam3II_R539T_16.0h_STAGEADJ	lcr_frac	4721	0.007239006093810052	0.6190032227453187	-0.004514496439977821	0.7564785363980396	0.8699541783557101	-0.030148304749099554	-0.03784285977598861
GSE151189_DHA-CTRL_Cam3II_R539T_16.0h_STAGEADJ	length	4721	0.04547197633885059	0.0017771598180848457	0.02483801402525317	0.0879299704010328	0.8699541783557101	-0.030148304749099554	-0.03784285977598861
GSE151189_DHA-CTRL_Cam3II_R539T_16.0h_STAGEADJ	is_AP2	4721					0.9409972149589398	-0.05208556214035509	-0.037110793971169564
GSE151189_DHA-CTRL_Cam3II_R539T_16.0h_STAGEADJ	is_PUF	4721					0.03776493617892152	0.31551603697346814	-0.037707740517532874
GSE151189_DHA-CTRL_Cam3II_R539T_16.0h_STAGEADJ	is_chromatin	4721					0.6188890627546446	0.022970045571275206	-0.03742652616384599
GSE151189_DHA-CTRL_Cam3II_R539T_16.0h_STAGEADJ	is_RNAbind	4721					0.2773401472924383	0.014984348448965477	-0.038338223906546225
GSE151189_DHA-CTRL_Cam3II_R539T_16.0h_STAGEADJ_noSchiz	asn_frac	3215	0.09081139854336039	2.499328393774904e-07	0.05841733653302187	0.000920170149618051	0.5953986382797799	-0.0507997151705149	-0.05115705173968275
GSE151189_DHA-CTRL_Cam3II_R539T_16.0h_STAGEADJ_noSchiz	asn_out_lcr	3215	0.0978595231397864	2.6989681334235938e-08	0.07045258711361173	6.384078996625306e-05	0.5953986382797799	-0.0507997151705149	-0.05115705173968275
GSE151189_DHA-CTRL_Cam3II_R539T_16.0h_STAGEADJ_noSchiz	asn_in_lcr	3215	0.030882944145270107	0.0799752780186304	-0.005866129792804938	0.7395202217663335	0.5953986382797799	-0.0507997151705149	-0.05115705173968275
GSE151189_DHA-CTRL_Cam3II_R539T_16.0h_STAGEADJ_noSchiz	polyN_maxrun	3215	0.06907869617115547	8.855301144959682e-05	0.02547375601450616	0.1487222921393888	0.5953986382797799	-0.0507997151705149	-0.05115705173968275
GSE151189_DHA-CTRL_Cam3II_R539T_16.0h_STAGEADJ_noSchiz	lcr_frac	3215	0.029362060373367294	0.09599882296427016	-0.0045792524030302045	0.7952121093138792	0.5953986382797799	-0.0507997151705149	-0.05115705173968275
GSE151189_DHA-CTRL_Cam3II_R539T_16.0h_STAGEADJ_noSchiz	length	3215	0.08469252164702319	1.5174607163021323e-06	0.024783699243936152	0.1600423612497847	0.5953986382797799	-0.0507997151705149	-0.05115705173968275
GSE151189_DHA-CTRL_Cam3II_R539T_16.0h_STAGEADJ_noSchiz	is_AP2	3215					0.44342096542360754	-0.04831422330688838	-0.05121367101215626
GSE151189_DHA-CTRL_Cam3II_R539T_16.0h_STAGEADJ_noSchiz	is_PUF	3215					0.07527572577069858	0.30479922126282455	-0.05135477594756596
GSE151189_DHA-CTRL_Cam3II_R539T_16.0h_STAGEADJ_noSchiz	is_chromatin	3215					0.33892219279178537	-0.03844169473717551	-0.051464570858151384
GSE151189_DHA-CTRL_Cam3II_R539T_16.0h_STAGEADJ_noSchiz	is_RNAbind	3215					0.09746754077354604	0.0641612453465076	-0.052425045194512646
GSE151189_DHA-CTRL_Cam3II_R539T_24.0h	asn_frac	5142	0.06183189131672449	9.122430263333295e-06	0.0330619928078954	0.017746151298754318	0.18217954069624254	0.0356345166666666	0.0226336245
GSE151189_DHA-CTRL_Cam3II_R539T_24.0h	asn_out_lcr	5142	0.0612029719407074	1.1242794960262213e-05	0.03621538441841225	0.009400252910005357	0.18217954069624254	0.0356345166666666	0.0226336245
GSE151189_DHA-CTRL_Cam3II_R539T_24.0h	asn_in_lcr	5142	0.02748172751784322	0.04877587264592673	-0.0052348865624634155	0.7074424283494324	0.18217954069624254	0.0356345166666666	0.0226336245
GSE151189_DHA-CTRL_Cam3II_R539T_24.0h	polyN_maxrun	5142	0.050375555192281575	0.00030181945526202767	0.011697442876872027	0.40168148802204695	0.18217954069624254	0.0356345166666666	0.0226336245
GSE151189_DHA-CTRL_Cam3II_R539T_24.0h	lcr_frac	5142	0.04551226392020406	0.0010966533045159421	0.014445816709117867	0.3003518939861518	0.18217954069624254	0.0356345166666666	0.0226336245
GSE151189_DHA-CTRL_Cam3II_R539T_24.0h	length	5142	0.07180668836625317	2.54311246099848e-07	0.01931705719200793	0.16606012277128926	0.18217954069624254	0.0356345166666666	0.0226336245
GSE151189_DHA-CTRL_Cam3II_R539T_24.0h	is_AP2	5142					0.8736017387016985	0.0005587471666667	0.02340461099999995
GSE151189_DHA-CTRL_Cam3II_R539T_24.0h	is_PUF	5142					0.6372476587476321	0.0594810551666666	0.0232240723333333
GSE151189_DHA-CTRL_Cam3II_R539T_24.0h	is_chromatin	5142					0.6025652270013553	0.029832099472222148	0.023305846166666602
GSE151189_DHA-CTRL_Cam3II_R539T_24.0h	is_RNAbind	5142					0.9165056382432306	0.0139252615	0.0233876199999999
GSE151189_DHA-CTRL_Cam3II_R539T_24.0h_noSchiz	asn_frac	3622	0.06558797327303954	7.80938427202513e-05	0.03360797453506542	0.04312434113281282	0.9184920392092093	-0.0563839396666663	-0.03669409
GSE151189_DHA-CTRL_Cam3II_R539T_24.0h_noSchiz	asn_out_lcr	3622	0.06088632831574478	0.0002459292818398541	0.033026027338387026	0.04687108374427577	0.9184920392092093	-0.0563839396666663	-0.03669409
GSE151189_DHA-CTRL_Cam3II_R539T_24.0h_noSchiz	asn_in_lcr	3622	0.032259975506748695	0.052217176613331584	-0.003535198564086932	0.8315716741069492	0.9184920392092093	-0.0563839396666663	-0.03669409
GSE151189_DHA-CTRL_Cam3II_R539T_24.0h_noSchiz	polyN_maxrun	3622	0.05140614442025142	0.0019697415874155013	0.009330550137861101	0.5745525581674618	0.9184920392092093	-0.0563839396666663	-0.03669409
GSE151189_DHA-CTRL_Cam3II_R539T_24.0h_noSchiz	lcr_frac	3622	0.05282937829990822	0.0014699224816838393	0.01927721664136414	0.24610210905102065	0.9184920392092093	-0.0563839396666663	-0.03669409
GSE151189_DHA-CTRL_Cam3II_R539T_24.0h_noSchiz	length	3622	0.06800186717242543	4.2055132147798776e-05	0.010571412732891599	0.5247646429632651	0.9184920392092093	-0.0563839396666663	-0.03669409
GSE151189_DHA-CTRL_Cam3II_R539T_24.0h_noSchiz	is_AP2	3622					0.4795294074409473	-0.1105540533333333	-0.03866958761111105
GSE151189_DHA-CTRL_Cam3II_R539T_24.0h_noSchiz	is_PUF	3622					0.6105758309439581	0.026036185	-0.0393140201666666
GSE151189_DHA-CTRL_Cam3II_R539T_24.0h_noSchiz	is_chromatin	3622					0.7454846575138523	-0.0089106822999999	-0.0389880686666666
GSE151189_DHA-CTRL_Cam3II_R539T_24.0h_noSchiz	is_RNAbind	3622					0.3511855527485579	0.01998072325	-0.03967184108333325
GSE151189_DHA-CTRL_Cam3II_R539T_24.0h_STAGEADJ	asn_frac	4763	0.018298481796446192	0.20672050850843873	0.01776289683610942	0.22032204946265527	0.7956950242622156	-0.01527016938947361	-0.022811467220013502
GSE151189_DHA-CTRL_Cam3II_R539T_24.0h_STAGEADJ	asn_out_lcr	4763	0.02020633529107454	0.1632251391000862	0.019750184563556383	0.17293795551520844	0.7956950242622156	-0.01527016938947361	-0.022811467220013502
GSE151189_DHA-CTRL_Cam3II_R539T_24.0h_STAGEADJ	asn_in_lcr	4763	-0.009788762752142249	0.4994182709831969	-0.010398414458850732	0.47308271067148855	0.7956950242622156	-0.01527016938947361	-0.022811467220013502
GSE151189_DHA-CTRL_Cam3II_R539T_24.0h_STAGEADJ	polyN_maxrun	4763	0.005393587193650629	0.7097881085798579	0.00465970189025734	0.7478282593753618	0.7956950242622156	-0.01527016938947361	-0.022811467220013502
GSE151189_DHA-CTRL_Cam3II_R539T_24.0h_STAGEADJ	lcr_frac	4763	0.012284640591239512	0.3966453573963299	0.011705740342723548	0.4192740469750966	0.7956950242622156	-0.01527016938947361	-0.022811467220013502
GSE151189_DHA-CTRL_Cam3II_R539T_24.0h_STAGEADJ	length	4763	0.022694495579465023	0.11733933553212654	0.02169729516355176	0.1343383656696961	0.7956950242622156	-0.01527016938947361	-0.022811467220013502
GSE151189_DHA-CTRL_Cam3II_R539T_24.0h_STAGEADJ	is_AP2	4763					0.5881774854301293	-0.021051549867711516	-0.022128130608533
GSE151189_DHA-CTRL_Cam3II_R539T_24.0h_STAGEADJ	is_PUF	4763					0.5164877725678134	0.042403238752359296	-0.02224577032679049
GSE151189_DHA-CTRL_Cam3II_R539T_24.0h_STAGEADJ	is_chromatin	4763					0.22880322490302718	-0.09350716849164628	-0.021266737044940427
GSE151189_DHA-CTRL_Cam3II_R539T_24.0h_STAGEADJ	is_RNAbind	4763					0.8552116201691158	-0.012662001064551398	-0.02224577032679049
GSE151189_DHA-CTRL_Cam3II_R539T_24.0h_STAGEADJ_noSchiz	asn_frac	3243	0.04132667879980907	0.01859547000114161	0.013595894221411072	0.43893827035238087	0.8327382860250888	-0.07827901952346236	-0.06748069032330267
GSE151189_DHA-CTRL_Cam3II_R539T_24.0h_STAGEADJ_noSchiz	asn_out_lcr	3243	0.035219488747368924	0.04490905569630997	0.011443226579666541	0.5147680051664677	0.8327382860250888	-0.07827901952346236	-0.06748069032330267
GSE151189_DHA-CTRL_Cam3II_R539T_24.0h_STAGEADJ_noSchiz	asn_in_lcr	3243	0.02063285302555443	0.2401314714036692	-0.009956125336592908	0.570870207468657	0.8327382860250888	-0.07827901952346236	-0.06748069032330267
GSE151189_DHA-CTRL_Cam3II_R539T_24.0h_STAGEADJ_noSchiz	polyN_maxrun	3243	0.03406682695355485	0.052400300442127526	-0.002780456956668089	0.8742370316690731	0.8327382860250888	-0.07827901952346236	-0.06748069032330267
GSE151189_DHA-CTRL_Cam3II_R539T_24.0h_STAGEADJ_noSchiz	lcr_frac	3243	0.048456553456950206	0.005779613798214054	0.019981370947361677	0.25530388274617727	0.8327382860250888	-0.07827901952346236	-0.06748069032330267
GSE151189_DHA-CTRL_Cam3II_R539T_24.0h_STAGEADJ_noSchiz	length	3243	0.05948115091235848	0.0007015096213271358	0.009046481206879991	0.6065634957988972	0.8327382860250888	-0.07827901952346236	-0.06748069032330267
GSE151189_DHA-CTRL_Cam3II_R539T_24.0h_STAGEADJ_noSchiz	is_AP2	3243					0.36683367030827585	-0.16028822100994272	-0.06942129191018279
GSE151189_DHA-CTRL_Cam3II_R539T_24.0h_STAGEADJ_noSchiz	is_PUF	3243					0.5638631208905769	0.016213758482508018	-0.07064886219907254
GSE151189_DHA-CTRL_Cam3II_R539T_24.0h_STAGEADJ_noSchiz	is_chromatin	3243					0.8152171061112267	-0.038769720500838344	-0.07026147711604165
GSE151189_DHA-CTRL_Cam3II_R539T_24.0h_STAGEADJ_noSchiz	is_RNAbind	3243					0.32532375895179655	-0.007797341954588673	-0.07205050629309445
GSE151189_DHA-CTRL_Cam3II_R539T_32.0h	asn_frac	5126	0.03539114882666656	0.011275467495223275	0.020019984941926448	0.15181592352505757	0.848927258800227	0.0059514867499999	-0.00396679
GSE151189_DHA-CTRL_Cam3II_R539T_32.0h	asn_out_lcr	5126	0.027102380586985504	0.052342316451112404	0.013758724260724131	0.32468438290735013	0.848927258800227	0.0059514867499999	-0.00396679
GSE151189_DHA-CTRL_Cam3II_R539T_32.0h	asn_in_lcr	5126	0.025210370442362528	0.07110433139584009	0.007865158502825282	0.5734444419048198	0.848927258800227	0.0059514867499999	-0.00396679
GSE151189_DHA-CTRL_Cam3II_R539T_32.0h	polyN_maxrun	5126	0.024607724493301397	0.07812779061297567	0.003882470362403093	0.7810868592272673	0.848927258800227	0.0059514867499999	-0.00396679
GSE151189_DHA-CTRL_Cam3II_R539T_32.0h	lcr_frac	5126	0.05557858764579638	6.853463670424718e-05	0.0392401112647508	0.00495668307815503	0.848927258800227	0.0059514867499999	-0.00396679
GSE151189_DHA-CTRL_Cam3II_R539T_32.0h	length	5126	0.047163010826157405	0.0007308329834504266	0.01914846039601378	0.17045408900572237	0.848927258800227	0.0059514867499999	-0.00396679
GSE151189_DHA-CTRL_Cam3II_R539T_32.0h	is_AP2	5126					0.802913757421529	0.00015600942777774978	-0.0032073058888889
GSE151189_DHA-CTRL_Cam3II_R539T_32.0h	is_PUF	5126					0.22221255550820684	0.19010711013888895	-0.00327640350000005
GSE151189_DHA-CTRL_Cam3II_R539T_32.0h	is_chromatin	5126					0.030340887631578693	-0.1149060748888888	-0.0025919088333333
GSE151189_DHA-CTRL_Cam3II_R539T_32.0h	is_RNAbind	5126					0.4873836766655044	0.0578059523333333	-0.0037069126666666
GSE151189_DHA-CTRL_Cam3II_R539T_32.0h_noSchiz	asn_frac	3615	0.04512131124210146	0.006660537723268702	0.004459100197521959	0.7886905186794408	0.9722832415709143	-0.0006174129722222501	-0.0025666435
GSE151189_DHA-CTRL_Cam3II_R539T_32.0h_noSchiz	asn_out_lcr	3615	0.039423087947803546	0.017768381229613193	0.0040469727162524925	0.807819052140589	0.9722832415709143	-0.0006174129722222501	-0.0025666435
GSE151189_DHA-CTRL_Cam3II_R539T_32.0h_noSchiz	asn_in_lcr	3615	0.03677694988049229	0.027022501762549223	-0.008335180775968403	0.6163802393420662	0.9722832415709143	-0.0006174129722222501	-0.0025666435
GSE151189_DHA-CTRL_Cam3II_R539T_32.0h_noSchiz	polyN_maxrun	3615	0.04157834878163879	0.012415497535809204	-0.012012769599487895	0.47026836313332454	0.9722832415709143	-0.0006174129722222501	-0.0025666435
GSE151189_DHA-CTRL_Cam3II_R539T_32.0h_noSchiz	lcr_frac	3615	0.07680690775156841	3.7779461288333236e-06	0.03493670679799671	0.035686664933639055	0.9722832415709143	-0.0006174129722222501	-0.0025666435
GSE151189_DHA-CTRL_Cam3II_R539T_32.0h_noSchiz	length	3615	0.08968035041505984	6.625563076215497e-08	0.017173248336575166	0.30195110598528613	0.9722832415709143	-0.0006174129722222501	-0.0025666435
GSE151189_DHA-CTRL_Cam3II_R539T_32.0h_noSchiz	is_AP2	3615					0.44002210714315837	0.02733636280555555	-0.0025919088333333
GSE151189_DHA-CTRL_Cam3II_R539T_32.0h_noSchiz	is_PUF	3615					0.24170927521311936	0.2906333215000001	-0.0025792761666666502
GSE151189_DHA-CTRL_Cam3II_R539T_32.0h_noSchiz	is_chromatin	3615					0.3187785235224678	-0.0432576886666667	-0.0025583865833333002
GSE151189_DHA-CTRL_Cam3II_R539T_32.0h_noSchiz	is_RNAbind	3615					0.36451982715283593	0.053775637499999945	-0.0033376478333333
GSE151189_DHA-CTRL_Cam3II_R539T_32.0h_STAGEADJ	asn_frac	4743	0.06574997854716122	5.846245438447601e-06	0.0170719243340635	0.23979087502915464	0.06768900032960891	0.024094002209463228	-0.029894136614617213
GSE151189_DHA-CTRL_Cam3II_R539T_32.0h_STAGEADJ	asn_out_lcr	4743	0.05533961975802767	0.00013721998425215653	0.01348623318180509	0.3531032825407482	0.06768900032960891	0.024094002209463228	-0.029894136614617213
GSE151189_DHA-CTRL_Cam3II_R539T_32.0h_STAGEADJ	asn_in_lcr	4743	0.05504889185515042	0.0001488001602743764	6.124457461972162e-06	0.9996635506079896	0.06768900032960891	0.024094002209463228	-0.029894136614617213
GSE151189_DHA-CTRL_Cam3II_R539T_32.0h_STAGEADJ	polyN_maxrun	4743	0.060184312393087774	3.3608542957008815e-05	-0.006394574344586054	0.659734911919619	0.06768900032960891	0.024094002209463228	-0.029894136614617213
GSE151189_DHA-CTRL_Cam3II_R539T_32.0h_STAGEADJ	lcr_frac	4743	0.08441692440464019	5.793592117077273e-09	0.032646912784991065	0.024551885035761334	0.06768900032960891	0.024094002209463228	-0.029894136614617213
GSE151189_DHA-CTRL_Cam3II_R539T_32.0h_STAGEADJ	length	4743	0.10335505304333104	9.66157290928555e-13	0.01292987062486589	0.37331798724612353	0.06768900032960891	0.024094002209463228	-0.029894136614617213
GSE151189_DHA-CTRL_Cam3II_R539T_32.0h_STAGEADJ	is_AP2	4743					0.6217443993544214	-0.030342852048500013	-0.024352370195404857
GSE151189_DHA-CTRL_Cam3II_R539T_32.0h_STAGEADJ	is_PUF	4743					0.2780339412481999	0.13566497841541605	-0.024864007119288094
GSE151189_DHA-CTRL_Cam3II_R539T_32.0h_STAGEADJ	is_chromatin	4743					0.6651020885713331	-0.03572562819865288	-0.024352370195404857
GSE151189_DHA-CTRL_Cam3II_R539T_32.0h_STAGEADJ	is_RNAbind	4743					0.6465214281068239	0.029185455943100944	-0.025497329085145886
GSE151189_DHA-CTRL_Cam3II_R539T_32.0h_STAGEADJ_noSchiz	asn_frac	3232	0.0591858730181507	0.0007615429916214038	0.003950188363175411	0.8223800099038565	0.9447317007082461	-0.04969618377585483	-0.050309901653793676
GSE151189_DHA-CTRL_Cam3II_R539T_32.0h_STAGEADJ_noSchiz	asn_out_lcr	3232	0.0557662332164204	0.001516068252052645	0.008345066667675479	0.635323448782658	0.9447317007082461	-0.04969618377585483	-0.050309901653793676
GSE151189_DHA-CTRL_Cam3II_R539T_32.0h_STAGEADJ_noSchiz	asn_in_lcr	3232	0.041147914248965405	0.019316147086418847	-0.019555936941487766	0.26637704020956043	0.9447317007082461	-0.04969618377585483	-0.050309901653793676
GSE151189_DHA-CTRL_Cam3II_R539T_32.0h_STAGEADJ_noSchiz	polyN_maxrun	3232	0.05412539497692056	0.0020830284427424267	-0.019484074578520513	0.2681385070230236	0.9447317007082461	-0.04969618377585483	-0.050309901653793676
GSE151189_DHA-CTRL_Cam3II_R539T_32.0h_STAGEADJ_noSchiz	lcr_frac	3232	0.07826492784164733	8.407827529429922e-06	0.022091510631092104	0.20926653300271683	0.9447317007082461	-0.04969618377585483	-0.050309901653793676
GSE151189_DHA-CTRL_Cam3II_R539T_32.0h_STAGEADJ_noSchiz	length	3232	0.11312286227052393	1.1234209533459682e-10	0.013520090809351733	0.4422708615536183	0.9447317007082461	-0.04969618377585483	-0.050309901653793676
GSE151189_DHA-CTRL_Cam3II_R539T_32.0h_STAGEADJ_noSchiz	is_AP2	3232					0.4816732265071151	-0.060841488728170516	-0.0500552832531137
GSE151189_DHA-CTRL_Cam3II_R539T_32.0h_STAGEADJ_noSchiz	is_PUF	3232					0.25265743355566206	0.2251598520872672	-0.05028249378150283
GSE151189_DHA-CTRL_Cam3II_R539T_32.0h_STAGEADJ_noSchiz	is_chromatin	3232					0.3595744829180504	-0.08540909797120944	-0.0500552832531137
GSE151189_DHA-CTRL_Cam3II_R539T_32.0h_STAGEADJ_noSchiz	is_RNAbind	3232					0.2949478332230825	0.02237706980092701	-0.051229624402566426
GSE151189_DHA-CTRL_Cam3II_R539T_40.0h	asn_frac	5123	-0.09993475342129134	7.551998213389653e-13	-0.051119109410410056	0.00025186363044798674	4.070002960206714e-08	-0.0086668321111111	0.07830946853703699
GSE151189_DHA-CTRL_Cam3II_R539T_40.0h	asn_out_lcr	5123	-0.0985296538916694	1.5746012061791665e-12	-0.056685570363369846	4.9167063116206704e-05	4.070002960206714e-08	-0.0086668321111111	0.07830946853703699
GSE151189_DHA-CTRL_Cam3II_R539T_40.0h	asn_in_lcr	5123	-0.05804458402609833	3.223974248893616e-05	-0.0009596414897788543	0.9452525179595889	4.070002960206714e-08	-0.0086668321111111	0.07830946853703699
GSE151189_DHA-CTRL_Cam3II_R539T_40.0h	polyN_maxrun	5123	-0.08595139391175392	7.188329041220482e-10	-0.01948183548649545	0.16325509073281042	4.070002960206714e-08	-0.0086668321111111	0.07830946853703699
GSE151189_DHA-CTRL_Cam3II_R539T_40.0h	lcr_frac	5123	-0.03422020766266713	0.014308027636007466	0.020205901599697602	0.1481674303302031	4.070002960206714e-08	-0.0086668321111111	0.07830946853703699
GSE151189_DHA-CTRL_Cam3II_R539T_40.0h	length	5123	-0.09131026496575365	5.845689024143829e-11	-0.0008915970581058827	0.9491289845441245	4.070002960206714e-08	-0.0086668321111111	0.07830946853703699
GSE151189_DHA-CTRL_Cam3II_R539T_40.0h	is_AP2	5123					0.22498773448927056	0.0563860472777777	0.0675481653333333
GSE151189_DHA-CTRL_Cam3II_R539T_40.0h	is_PUF	5123					0.3200019035077025	-0.10677613505555558	0.0670265958888888
GSE151189_DHA-CTRL_Cam3II_R539T_40.0h	is_chromatin	5123					0.7771868476371704	0.0832355831666666	0.0668159343333333
GSE151189_DHA-CTRL_Cam3II_R539T_40.0h	is_RNAbind	5123					0.04028779167114532	0.2126726083333333	0.0654987413333333
GSE151189_DHA-CTRL_Cam3II_R539T_40.0h_noSchiz	asn_frac	3612	-0.08717462232436968	1.5428937189331354e-07	-0.04487331219945476	0.006990267931178026	7.417851012058124e-06	0.0798177595833333	0.16827246216666658
GSE151189_DHA-CTRL_Cam3II_R539T_40.0h_noSchiz	asn_out_lcr	3612	-0.09423157314036221	1.3951887988784919e-08	-0.057818542088682416	0.0005078237476657969	7.417851012058124e-06	0.0798177595833333	0.16827246216666658
GSE151189_DHA-CTRL_Cam3II_R539T_40.0h_noSchiz	asn_in_lcr	3612	-0.04065066903399948	0.014555001706373399	0.008657157750339255	0.6029770680488269	7.417851012058124e-06	0.0798177595833333	0.16827246216666658
GSE151189_DHA-CTRL_Cam3II_R539T_40.0h_noSchiz	polyN_maxrun	3612	-0.061415967991167386	0.00022135946334905527	-0.004534796658659242	0.7852775926078344	7.417851012058124e-06	0.0798177595833333	0.16827246216666658
GSE151189_DHA-CTRL_Cam3II_R539T_40.0h_noSchiz	lcr_frac	3612	-0.022175432967325256	0.18271426027113835	0.024201524408187017	0.14588555916850113	7.417851012058124e-06	0.0798177595833333	0.16827246216666658
GSE151189_DHA-CTRL_Cam3II_R539T_40.0h_noSchiz	length	3612	-0.07250980665781456	1.2883908773324715e-05	0.005437142624919653	0.7439242023277005	7.417851012058124e-06	0.0798177595833333	0.16827246216666658
GSE151189_DHA-CTRL_Cam3II_R539T_40.0h_noSchiz	is_AP2	3612					0.3196910877209781	0.1313305225833333	0.15524026137499997
GSE151189_DHA-CTRL_Cam3II_R539T_40.0h_noSchiz	is_PUF	3612					0.26750167343346387	0.0739088009999999	0.1551336223333333
GSE151189_DHA-CTRL_Cam3II_R539T_40.0h_noSchiz	is_chromatin	3612					0.9072761921793313	0.178527539	0.1547084294999999
GSE151189_DHA-CTRL_Cam3II_R539T_40.0h_noSchiz	is_RNAbind	3612					0.02255460105737268	0.2809266409444444	0.15304937158333332
GSE151189_DHA-CTRL_Cam3II_R539T_40.0h_STAGEADJ	asn_frac	4743	-0.09566456764700056	4.062665990317142e-11	-0.07688003076807232	1.1508427692542861e-07	1.0319955291766212e-05	-0.028613568885701005	0.0422739471073614
GSE151189_DHA-CTRL_Cam3II_R539T_40.0h_STAGEADJ	asn_out_lcr	4743	-0.09865580862753938	9.81459583138615e-12	-0.08273979425246411	1.1530408851107706e-08	1.0319955291766212e-05	-0.028613568885701005	0.0422739471073614
GSE151189_DHA-CTRL_Cam3II_R539T_40.0h_STAGEADJ	asn_in_lcr	4743	-0.034306919084901716	0.018138870028135152	-0.01234936495747997	0.3951571384926199	1.0319955291766212e-05	-0.028613568885701005	0.0422739471073614
GSE151189_DHA-CTRL_Cam3II_R539T_40.0h_STAGEADJ	polyN_maxrun	4743	-0.06939134794586613	1.7231155944133573e-06	-0.04335040607486058	0.002825278232556991	1.0319955291766212e-05	-0.028613568885701005	0.0422739471073614
GSE151189_DHA-CTRL_Cam3II_R539T_40.0h_STAGEADJ	lcr_frac	4743	-0.00845071101845448	0.5606658780744311	0.012451001998207409	0.3912786842205097	1.0319955291766212e-05	-0.028613568885701005	0.0422739471073614
GSE151189_DHA-CTRL_Cam3II_R539T_40.0h_STAGEADJ	length	4743	-0.05039411783371948	0.0005167773679681194	-0.014870291051226725	0.3058847224490901	1.0319955291766212e-05	-0.028613568885701005	0.0422739471073614
GSE151189_DHA-CTRL_Cam3II_R539T_40.0h_STAGEADJ	is_AP2	4743					0.5217021977446639	0.06241743315281212	0.033580531466350996
GSE151189_DHA-CTRL_Cam3II_R539T_40.0h_STAGEADJ	is_PUF	4743					0.21081720645213164	-0.17655524044413054	0.03436229685233283
GSE151189_DHA-CTRL_Cam3II_R539T_40.0h_STAGEADJ	is_chromatin	4743					0.12535780287684992	0.14103564806800267	0.03326348791479096
GSE151189_DHA-CTRL_Cam3II_R539T_40.0h_STAGEADJ	is_RNAbind	4743					0.06209573555117504	0.15760055320825422	0.03273657057883114
GSE151189_DHA-CTRL_Cam3II_R539T_40.0h_STAGEADJ_noSchiz	asn_frac	3232	-0.13647235139940855	6.5943133938777695e-15	-0.08776301485495154	5.819844101110302e-07	7.548165027299205e-05	0.04660302782235618	0.11649386817132441
GSE151189_DHA-CTRL_Cam3II_R539T_40.0h_STAGEADJ_noSchiz	asn_out_lcr	3232	-0.1451166492486421	1.1257483417266868e-16	-0.10382287352475889	3.296418462906221e-09	7.548165027299205e-05	0.04660302782235618	0.11649386817132441
GSE151189_DHA-CTRL_Cam3II_R539T_40.0h_STAGEADJ_noSchiz	asn_in_lcr	3232	-0.06175952974686628	0.00044296588103169684	-0.005940392277392843	0.7356739191882513	7.548165027299205e-05	0.04660302782235618	0.11649386817132441
GSE151189_DHA-CTRL_Cam3II_R539T_40.0h_STAGEADJ_noSchiz	polyN_maxrun	3232	-0.10122882567197838	8.044572312040897e-09	-0.03481339448786851	0.04781606665105585	7.548165027299205e-05	0.04660302782235618	0.11649386817132441
GSE151189_DHA-CTRL_Cam3II_R539T_40.0h_STAGEADJ_noSchiz	lcr_frac	3232	-0.04298983744920117	0.014517936097528331	0.009401030045270875	0.5931616419732697	7.548165027299205e-05	0.04660302782235618	0.11649386817132441
GSE151189_DHA-CTRL_Cam3II_R539T_40.0h_STAGEADJ_noSchiz	length	3232	-0.09336334022377157	1.0529887102583281e-07	-0.002620927306200673	0.8815977252377436	7.548165027299205e-05	0.04660302782235618	0.11649386817132441
GSE151189_DHA-CTRL_Cam3II_R539T_40.0h_STAGEADJ_noSchiz	is_AP2	3232					0.33034333300291174	0.08484176241527089	0.10785312092639468
GSE151189_DHA-CTRL_Cam3II_R539T_40.0h_STAGEADJ_noSchiz	is_PUF	3232					0.19067887998880007	0.001019287006609304	0.1079214715667719
GSE151189_DHA-CTRL_Cam3II_R539T_40.0h_STAGEADJ_noSchiz	is_chromatin	3232					0.9638833923569804	0.1067914523814466	0.10785312092639468
GSE151189_DHA-CTRL_Cam3II_R539T_40.0h_STAGEADJ_noSchiz	is_RNAbind	3232					0.01627338334512096	0.20260059948717257	0.10658046373509435
GSE151189_DHA-CTRL_Cam3II_R539T_48.0h	asn_frac	5108	-0.008886628415287439	0.5254369862436061	-0.0566800094340033	5.0521168520116725e-05	0.9983852893507226	-0.0144671914999999	-0.0264663851666666
GSE151189_DHA-CTRL_Cam3II_R539T_48.0h	asn_out_lcr	5108	-0.00621533216805686	0.6569651807866272	-0.047476516236803205	0.0006881856933006427	0.9983852893507226	-0.0144671914999999	-0.0264663851666666
GSE151189_DHA-CTRL_Cam3II_R539T_48.0h	asn_in_lcr	5108	-0.004306865220580418	0.7582809960607796	-0.059522949591204466	2.0732292271575015e-05	0.9983852893507226	-0.0144671914999999	-0.0264663851666666
GSE151189_DHA-CTRL_Cam3II_R539T_48.0h	polyN_maxrun	5108	0.021100523376299665	0.13159062985871128	-0.043844864284839885	0.001722383772814895	0.9983852893507226	-0.0144671914999999	-0.0264663851666666
GSE151189_DHA-CTRL_Cam3II_R539T_48.0h	lcr_frac	5108	0.021662802055853494	0.12161047264921607	-0.030459150700509217	0.02948832030742595	0.9983852893507226	-0.0144671914999999	-0.0264663851666666
GSE151189_DHA-CTRL_Cam3II_R539T_48.0h	length	5108	0.09287613102252074	2.9182827645531394e-11	0.005157926844806435	0.7124626685910507	0.9983852893507226	-0.0144671914999999	-0.0264663851666666
GSE151189_DHA-CTRL_Cam3II_R539T_48.0h	is_AP2	5108					0.5140462530722558	-0.04558966270833335	-0.02428209166666665
GSE151189_DHA-CTRL_Cam3II_R539T_48.0h	is_PUF	5108					0.7188131357947092	0.08659264333333326	-0.02434603429999995
GSE151189_DHA-CTRL_Cam3II_R539T_48.0h	is_chromatin	5108					0.9202721399427388	0.004284148	-0.02444084829999995
GSE151189_DHA-CTRL_Cam3II_R539T_48.0h	is_RNAbind	5108					0.37564521302231724	-0.0526387459999999	-0.0242715188333333
GSE151189_DHA-CTRL_Cam3II_R539T_48.0h_noSchiz	asn_frac	3602	-0.009379536946720436	0.57360818672118	-0.05564580586828204	0.0008344556915667738	0.3197905661091963	-0.0639275043333333	-0.0474335129999999
GSE151189_DHA-CTRL_Cam3II_R539T_48.0h_noSchiz	asn_out_lcr	3602	-0.004943225345584706	0.7667912009016252	-0.04499567843188005	0.006914772996561979	0.3197905661091963	-0.0639275043333333	-0.0474335129999999
GSE151189_DHA-CTRL_Cam3II_R539T_48.0h_noSchiz	asn_in_lcr	3602	-0.012340878724002819	0.45903942547307586	-0.06522899693293285	8.941991627731881e-05	0.3197905661091963	-0.0639275043333333	-0.0474335129999999
GSE151189_DHA-CTRL_Cam3II_R539T_48.0h_noSchiz	polyN_maxrun	3602	0.020521653351708424	0.21819447214488624	-0.041730635754457186	0.01225361267139047	0.3197905661091963	-0.0639275043333333	-0.0474335129999999
GSE151189_DHA-CTRL_Cam3II_R539T_48.0h_noSchiz	lcr_frac	3602	0.012434029586269933	0.45565605536282183	-0.03677633055319698	0.027301960274654334	0.3197905661091963	-0.0639275043333333	-0.0474335129999999
GSE151189_DHA-CTRL_Cam3II_R539T_48.0h_noSchiz	length	3602	0.08394190347789544	4.533548860035338e-07	-0.0008927654544696632	0.9572839587753653	0.3197905661091963	-0.0639275043333333	-0.0474335129999999
GSE151189_DHA-CTRL_Cam3II_R539T_48.0h_noSchiz	is_AP2	3602					0.716409606392595	-0.09652123424999995	-0.04760220999999995
GSE151189_DHA-CTRL_Cam3II_R539T_48.0h_noSchiz	is_PUF	3602					0.6908753870828515	0.1318540569999999	-0.0480318557777777
GSE151189_DHA-CTRL_Cam3II_R539T_48.0h_noSchiz	is_chromatin	3602					0.7527297479935389	-0.0136509566666666	-0.0482664613333334
GSE151189_DHA-CTRL_Cam3II_R539T_48.0h_noSchiz	is_RNAbind	3602					0.8176815077477704	-0.05241639899999995	-0.04787872366666665
GSE151189_DHA-CTRL_Cam3II_R539T_48.0h_STAGEADJ	asn_frac	4733	-0.05160125098744888	0.0003831448430290192	-0.07184824072254173	7.497259617814477e-07	0.08365032295137938	-0.029874052636927342	-0.012622777569189933
GSE151189_DHA-CTRL_Cam3II_R539T_48.0h_STAGEADJ	asn_out_lcr	4733	-0.044837923777839746	0.0020324937717690673	-0.062137540375522084	1.886910387370934e-05	0.08365032295137938	-0.029874052636927342	-0.012622777569189933
GSE151189_DHA-CTRL_Cam3II_R539T_48.0h_STAGEADJ	asn_in_lcr	4733	-0.04491256988682539	0.0019976293296431855	-0.06812798548811319	2.7160665250543085e-06	0.08365032295137938	-0.029874052636927342	-0.012622777569189933
GSE151189_DHA-CTRL_Cam3II_R539T_48.0h_STAGEADJ	polyN_maxrun	4733	-0.027901359080977163	0.05493487978330727	-0.05558844733529791	0.00013010706046785739	0.08365032295137938	-0.029874052636927342	-0.012622777569189933
GSE151189_DHA-CTRL_Cam3II_R539T_48.0h_STAGEADJ	lcr_frac	4733	-0.01575194228723966	0.27860241780545686	-0.03763529066465444	0.0096137458561205	0.08365032295137938	-0.029874052636927342	-0.012622777569189933
GSE151189_DHA-CTRL_Cam3II_R539T_48.0h_STAGEADJ	length	4733	0.0441725090619179	0.0023688602981577927	0.0068012867340962084	0.6399357754329351	0.08365032295137938	-0.029874052636927342	-0.012622777569189933
GSE151189_DHA-CTRL_Cam3II_R539T_48.0h_STAGEADJ	is_AP2	4733					0.8523877006752093	-0.032463813348151564	-0.013949930230559893
GSE151189_DHA-CTRL_Cam3II_R539T_48.0h_STAGEADJ	is_PUF	4733					0.610226772729324	0.11073050694985606	-0.014663659042896071
GSE151189_DHA-CTRL_Cam3II_R539T_48.0h_STAGEADJ	is_chromatin	4733					0.20366425886525574	-0.04845256767752054	-0.014626453631380237
GSE151189_DHA-CTRL_Cam3II_R539T_48.0h_STAGEADJ	is_RNAbind	4733					0.6772609288231142	-0.027590184677350565	-0.014174538245140311
GSE151189_DHA-CTRL_Cam3II_R539T_48.0h_STAGEADJ_noSchiz	asn_frac	3227	-0.037690403607512475	0.03227417900204921	-0.0766301738610871	1.3135915596942323e-05	0.09707794988399125	-0.055004755876250006	-0.023642113491594723
GSE151189_DHA-CTRL_Cam3II_R539T_48.0h_STAGEADJ_noSchiz	asn_out_lcr	3227	-0.031868673735920845	0.07027838554066541	-0.06512664881254872	0.00021379988619931	0.09707794988399125	-0.055004755876250006	-0.023642113491594723
GSE151189_DHA-CTRL_Cam3II_R539T_48.0h_STAGEADJ_noSchiz	asn_in_lcr	3227	-0.03174427346226985	0.07138148845555503	-0.07560332077175569	1.713659259526821e-05	0.09707794988399125	-0.055004755876250006	-0.023642113491594723
GSE151189_DHA-CTRL_Cam3II_R539T_48.0h_STAGEADJ_noSchiz	polyN_maxrun	3227	-0.006792046895729414	0.6997272569663786	-0.059627064778147776	0.0007016865492126334	0.09707794988399125	-0.055004755876250006	-0.023642113491594723
GSE151189_DHA-CTRL_Cam3II_R539T_48.0h_STAGEADJ_noSchiz	lcr_frac	3227	-0.0017064580792599672	0.9228052141072783	-0.04228427286557238	0.016297985397010578	0.09707794988399125	-0.055004755876250006	-0.023642113491594723
GSE151189_DHA-CTRL_Cam3II_R539T_48.0h_STAGEADJ_noSchiz	length	3227	0.07114430381110858	5.231579264610787e-05	-0.0007689425675235815	0.9651721040291034	0.09707794988399125	-0.055004755876250006	-0.023642113491594723
GSE151189_DHA-CTRL_Cam3II_R539T_48.0h_STAGEADJ_noSchiz	is_AP2	3227					0.6851398259364332	-0.07440440447416338	-0.024384742729586267
GSE151189_DHA-CTRL_Cam3II_R539T_48.0h_STAGEADJ_noSchiz	is_PUF	3227					0.6564473853292151	0.15692786222695962	-0.024850690967418605
GSE151189_DHA-CTRL_Cam3II_R539T_48.0h_STAGEADJ_noSchiz	is_chromatin	3227					0.6913673642307959	-0.012413289464749191	-0.024879716706656854
GSE151189_DHA-CTRL_Cam3II_R539T_48.0h_STAGEADJ_noSchiz	is_RNAbind	3227					0.6189034549608229	-0.027216529387980186	-0.024640392044142867
GSE151189_DHA-CTRL_Cam3II_revWT_8.0h	asn_frac	5130	0.06609488711968392	2.1582822550721704e-06	0.007470473494220614	0.5926896857635742	0.00029922874940064073	0.0815255222857143	0.0284214791666666
GSE151189_DHA-CTRL_Cam3II_revWT_8.0h	asn_out_lcr	5130	0.06447059200095069	3.812958343926651e-06	0.013882251351251138	0.3201701837750424	0.00029922874940064073	0.0815255222857143	0.0284214791666666
GSE151189_DHA-CTRL_Cam3II_revWT_8.0h	asn_in_lcr	5130	0.05179112238252132	0.0002063810311617543	-0.016038937355316293	0.250734542407965	0.00029922874940064073	0.0815255222857143	0.0284214791666666
GSE151189_DHA-CTRL_Cam3II_revWT_8.0h	polyN_maxrun	5130	0.07550235618407256	6.15656132434241e-08	-0.0033569737755473786	0.8100341038549488	0.00029922874940064073	0.0815255222857143	0.0284214791666666
GSE151189_DHA-CTRL_Cam3II_revWT_8.0h	lcr_frac	5130	0.07719011214956936	3.102020443931514e-08	0.01309869886024124	0.3482479783366481	0.00029922874940064073	0.0815255222857143	0.0284214791666666
GSE151189_DHA-CTRL_Cam3II_revWT_8.0h	length	5130	0.09753007614139411	2.5507301523864545e-12	-0.010225050366069795	0.4640465875321278	0.00029922874940064073	0.0815255222857143	0.0284214791666666
GSE151189_DHA-CTRL_Cam3II_revWT_8.0h	is_AP2	5130					0.010790233904517534	0.14498655799999996	0.03402319633333325
GSE151189_DHA-CTRL_Cam3II_revWT_8.0h	is_PUF	5130					0.41616861055476073	0.20254185908333328	0.03470555774999995
GSE151189_DHA-CTRL_Cam3II_revWT_8.0h	is_chromatin	5130					0.00021873884061678392	0.280978717	0.0323056576666666
GSE151189_DHA-CTRL_Cam3II_revWT_8.0h	is_RNAbind	5130					0.7406498530346606	0.0731664266666666	0.0346523288333333
GSE151189_DHA-CTRL_Cam3II_revWT_8.0h_noSchiz	asn_frac	3610	0.07320975179495516	1.0673094616244922e-05	0.01645563297313082	0.32294070794801866	0.004814826760110898	0.0512543827499999	0.0045017261666666
GSE151189_DHA-CTRL_Cam3II_revWT_8.0h_noSchiz	asn_out_lcr	3610	0.06737694027660845	5.09056578336875e-05	0.018327709011263377	0.2709402289011725	0.004814826760110898	0.0512543827499999	0.0045017261666666
GSE151189_DHA-CTRL_Cam3II_revWT_8.0h_noSchiz	asn_in_lcr	3610	0.06059177507231492	0.00026985762829672745	-0.004023930394166243	0.8090217983865641	0.004814826760110898	0.0512543827499999	0.0045017261666666
GSE151189_DHA-CTRL_Cam3II_revWT_8.0h_noSchiz	polyN_maxrun	3610	0.08676978575932029	1.7752043065749055e-07	0.011668159297931423	0.4834014381506837	0.004814826760110898	0.0512543827499999	0.0045017261666666
GSE151189_DHA-CTRL_Cam3II_revWT_8.0h_noSchiz	lcr_frac	3610	0.08107889496366091	1.0725898868553932e-06	0.020582073262644975	0.2163318123389458	0.004814826760110898	0.0512543827499999	0.0045017261666666
GSE151189_DHA-CTRL_Cam3II_revWT_8.0h_noSchiz	length	3610	0.0954694696529851	9.069961152480368e-09	-0.007785683544232054	0.6400460218221008	0.004814826760110898	0.0512543827499999	0.0045017261666666
GSE151189_DHA-CTRL_Cam3II_revWT_8.0h_noSchiz	is_AP2	3610					0.05522290397766956	0.12789759374999995	0.0076985051666666
GSE151189_DHA-CTRL_Cam3II_revWT_8.0h_noSchiz	is_PUF	3610					0.6515220604099403	0.1431669933333332	0.0081525554999999
GSE151189_DHA-CTRL_Cam3II_revWT_8.0h_noSchiz	is_chromatin	3610					0.03993153023156716	0.1818169945	0.0077755433333333
GSE151189_DHA-CTRL_Cam3II_revWT_8.0h_noSchiz	is_RNAbind	3610					0.5527130008529983	0.022229201000000004	0.0083870399166666
GSE151189_DHA-CTRL_Cam3II_revWT_8.0h_STAGEADJ	asn_frac	4760	0.016604894087927723	0.2520453865314531	-0.00965018156761666	0.5056455599783343	0.07729057575599313	0.022292754767611108	0.0008080115348647614
GSE151189_DHA-CTRL_Cam3II_revWT_8.0h_STAGEADJ	asn_out_lcr	4760	0.01901341326580723	0.18966804386642266	-0.003452503983832022	0.8117756870096052	0.07729057575599313	0.022292754767611108	0.0008080115348647614
GSE151189_DHA-CTRL_Cam3II_revWT_8.0h_STAGEADJ	asn_in_lcr	4760	0.005266998725740396	0.7163868996268454	-0.02503126202781615	0.08420490757493915	0.07729057575599313	0.022292754767611108	0.0008080115348647614
GSE151189_DHA-CTRL_Cam3II_revWT_8.0h_STAGEADJ	polyN_maxrun	4760	0.018532370602725768	0.20111785426973192	-0.017157317629193165	0.2366083541082862	0.07729057575599313	0.022292754767611108	0.0008080115348647614
GSE151189_DHA-CTRL_Cam3II_revWT_8.0h_STAGEADJ	lcr_frac	4760	0.036887702753933264	0.010922081515855575	0.008264522801469198	0.5686423189900891	0.07729057575599313	0.022292754767611108	0.0008080115348647614
GSE151189_DHA-CTRL_Cam3II_revWT_8.0h_STAGEADJ	length	4760	0.0362970713200374	0.012265844643853384	-0.013045408047780425	0.36820512624955504	0.07729057575599313	0.022292754767611108	0.0008080115348647614
GSE151189_DHA-CTRL_Cam3II_revWT_8.0h_STAGEADJ	is_AP2	4760					0.10299899472101808	0.058004721922094174	0.0022138482283532435
GSE151189_DHA-CTRL_Cam3II_revWT_8.0h_STAGEADJ	is_PUF	4760					0.3109795049361004	0.20201844747116487	0.002312600707886874
GSE151189_DHA-CTRL_Cam3II_revWT_8.0h_STAGEADJ	is_chromatin	4760					0.022600495687633195	0.13738557962062975	0.0012970314733940459
GSE151189_DHA-CTRL_Cam3II_revWT_8.0h_STAGEADJ	is_RNAbind	4760					0.2592983410578398	0.06413955100626864	0.0017513446434152535
GSE151189_DHA-CTRL_Cam3II_revWT_8.0h_STAGEADJ_noSchiz	asn_frac	3240	0.040345945094873985	0.021642720699736204	-0.008322004496585435	0.6358406568685444	0.05255618006661221	0.029296950529495467	-0.004567737587232159
GSE151189_DHA-CTRL_Cam3II_revWT_8.0h_STAGEADJ_noSchiz	asn_out_lcr	3240	0.034552011298962924	0.049233587561343335	-0.006883976636906803	0.6952826541092977	0.05255618006661221	0.029296950529495467	-0.004567737587232159
GSE151189_DHA-CTRL_Cam3II_revWT_8.0h_STAGEADJ_noSchiz	asn_in_lcr	3240	0.04063292596211472	0.020726521582383153	-0.014264483821641303	0.4169772026685685	0.05255618006661221	0.029296950529495467	-0.004567737587232159
GSE151189_DHA-CTRL_Cam3II_revWT_8.0h_STAGEADJ_noSchiz	polyN_maxrun	3240	0.05760075396673449	0.0010375164749245806	-0.007470331421617399	0.6707925208026124	0.05255618006661221	0.029296950529495467	-0.004567737587232159
GSE151189_DHA-CTRL_Cam3II_revWT_8.0h_STAGEADJ_noSchiz	lcr_frac	3240	0.07315220804963886	3.074529136826259e-05	0.021914113479848084	0.21238223613378215	0.05255618006661221	0.029296950529495467	-0.004567737587232159
GSE151189_DHA-CTRL_Cam3II_revWT_8.0h_STAGEADJ_noSchiz	length	3240	0.08085719990575624	4.060855260566866e-06	-0.009235467825836941	0.5992353743878731	0.05255618006661221	0.029296950529495467	-0.004567737587232159
GSE151189_DHA-CTRL_Cam3II_revWT_8.0h_STAGEADJ_noSchiz	is_AP2	3240					0.10254709785442638	0.08723211796996506	-0.0033285915065748408
GSE151189_DHA-CTRL_Cam3II_revWT_8.0h_STAGEADJ_noSchiz	is_PUF	3240					0.6104602545802216	0.14998311016723787	-0.0027369624619933966
GSE151189_DHA-CTRL_Cam3II_revWT_8.0h_STAGEADJ_noSchiz	is_chromatin	3240					0.0504574676551756	0.14131708287086073	-0.0034170471841221753
GSE151189_DHA-CTRL_Cam3II_revWT_8.0h_STAGEADJ_noSchiz	is_RNAbind	3240					0.2499061660469022	0.06759819395788498	-0.0033285915065748408
GSE151189_DHA-CTRL_Cam3II_revWT_16.0h	asn_frac	5158	0.0948515018824044	8.737386282451415e-12	0.02966437317708617	0.033136581538796485	0.0036191071632689607	0.0923929179166667	0.03982126954166655
GSE151189_DHA-CTRL_Cam3II_revWT_16.0h	asn_out_lcr	5158	0.1001614776227905	5.59880519093134e-13	0.04390644752217449	0.0016100306391136484	0.0036191071632689607	0.0923929179166667	0.03982126954166655
GSE151189_DHA-CTRL_Cam3II_revWT_16.0h	asn_in_lcr	5158	0.04760766513449202	0.0006256226125997385	-0.028463957161350282	0.04093598391181889	0.0036191071632689607	0.0923929179166667	0.03982126954166655
GSE151189_DHA-CTRL_Cam3II_revWT_16.0h	polyN_maxrun	5158	0.09228078907490726	3.1347125804347204e-11	0.003314271602189216	0.8119033108331164	0.0036191071632689607	0.0923929179166667	0.03982126954166655
GSE151189_DHA-CTRL_Cam3II_revWT_16.0h	lcr_frac	5158	0.053736124121959244	0.00011285886741938997	-0.018167923584291125	0.19202994821258296	0.0036191071632689607	0.0923929179166667	0.03982126954166655
GSE151189_DHA-CTRL_Cam3II_revWT_16.0h	length	5158	0.12428909124450932	3.2781896134646244e-19	0.0023708873022027926	0.8648259246289522	0.0036191071632689607	0.0923929179166667	0.03982126954166655
GSE151189_DHA-CTRL_Cam3II_revWT_16.0h	is_AP2	5158					0.13490853231205077	0.15234059004166667	0.04504816405952375
GSE151189_DHA-CTRL_Cam3II_revWT_16.0h	is_PUF	5158					0.29688947290713874	0.25601297958333336	0.04504816405952375
GSE151189_DHA-CTRL_Cam3II_revWT_16.0h	is_chromatin	5158					0.01045601825173671	0.27055717375	0.04375773725000005
GSE151189_DHA-CTRL_Cam3II_revWT_16.0h	is_RNAbind	5158					0.4391526237259997	0.1175421203333333	0.0443956873333333
GSE151189_DHA-CTRL_Cam3II_revWT_16.0h_noSchiz	asn_frac	3632	0.1066480499044878	1.1680289583980233e-10	0.032308734921377785	0.05153968440486411	0.061960976715098925	0.01580516380555555	-0.0053067089166666005
GSE151189_DHA-CTRL_Cam3II_revWT_16.0h_noSchiz	asn_out_lcr	3632	0.10582037620600042	1.625128657725591e-10	0.041895583665350435	0.011565813301038187	0.061960976715098925	0.01580516380555555	-0.0053067089166666005
GSE151189_DHA-CTRL_Cam3II_revWT_16.0h_noSchiz	asn_in_lcr	3632	0.058404220718994544	0.0004289705657682812	-0.027886998761211198	0.09288179385392935	0.061960976715098925	0.01580516380555555	-0.0053067089166666005
GSE151189_DHA-CTRL_Cam3II_revWT_16.0h_noSchiz	polyN_maxrun	3632	0.10809237587147048	6.524283133641804e-11	0.007987958085279417	0.630342478120775	0.061960976715098925	0.01580516380555555	-0.0053067089166666005
GSE151189_DHA-CTRL_Cam3II_revWT_16.0h_noSchiz	lcr_frac	3632	0.06059319362021245	0.00025837294303705923	-0.020045620498441892	0.2271332779022776	0.061960976715098925	0.01580516380555555	-0.0053067089166666005
GSE151189_DHA-CTRL_Cam3II_revWT_16.0h_noSchiz	length	3632	0.14352518019540406	3.5687825394869995e-18	0.005437118925917047	0.7432417565430892	0.061960976715098925	0.01580516380555555	-0.0053067089166666005
GSE151189_DHA-CTRL_Cam3II_revWT_16.0h_noSchiz	is_AP2	3632					0.2353053116037741	0.034825367958333256	-0.00309519824999995
GSE151189_DHA-CTRL_Cam3II_revWT_16.0h_noSchiz	is_PUF	3632					0.45612098867458817	0.0710506018333333	-0.0030284469999999
GSE151189_DHA-CTRL_Cam3II_revWT_16.0h_noSchiz	is_chromatin	3632					0.04148613674870843	0.2288965226666666	-0.0040770236666666
GSE151189_DHA-CTRL_Cam3II_revWT_16.0h_noSchiz	is_RNAbind	3632					0.1426330413795881	0.13910245441666663	-0.00351794149999985
GSE151189_DHA-CTRL_Cam3II_revWT_16.0h_STAGEADJ	asn_frac	4772	0.06398410037015734	9.717085696687612e-06	0.01823287436347409	0.2079236019877318	0.0488807473216354	0.04480030834522932	0.008920294573320445
GSE151189_DHA-CTRL_Cam3II_revWT_16.0h_STAGEADJ	asn_out_lcr	4772	0.07207916051877473	6.215962237347159e-07	0.0330759896026679	0.02231840973520923	0.0488807473216354	0.04480030834522932	0.008920294573320445
GSE151189_DHA-CTRL_Cam3II_revWT_16.0h_STAGEADJ	asn_in_lcr	4772	0.017701591505587144	0.22148253975320278	-0.035692763871994146	0.01367138088146817	0.0488807473216354	0.04480030834522932	0.008920294573320445
GSE151189_DHA-CTRL_Cam3II_revWT_16.0h_STAGEADJ	polyN_maxrun	4772	0.05929342705830027	4.1583079141133024e-05	-0.004013607259930064	0.78163642696422	0.0488807473216354	0.04480030834522932	0.008920294573320445
GSE151189_DHA-CTRL_Cam3II_revWT_16.0h_STAGEADJ	lcr_frac	4772	0.026176826472123278	0.07058744267372231	-0.024216673423134237	0.09438898999066252	0.0488807473216354	0.04480030834522932	0.008920294573320445
GSE151189_DHA-CTRL_Cam3II_revWT_16.0h_STAGEADJ	length	4772	0.08857872991298547	8.819063745413307e-10	0.0009582930988809888	0.94723353378839	0.0488807473216354	0.04480030834522932	0.008920294573320445
GSE151189_DHA-CTRL_Cam3II_revWT_16.0h_STAGEADJ	is_AP2	4772					0.4074794810124629	0.02934278740022289	0.013531500102219707
GSE151189_DHA-CTRL_Cam3II_revWT_16.0h_STAGEADJ	is_PUF	4772					0.25177553970806876	0.2401446070874404	0.013171618483750681
GSE151189_DHA-CTRL_Cam3II_revWT_16.0h_STAGEADJ	is_chromatin	4772					0.19854925972820314	0.16538088684297492	0.01201531791119085
GSE151189_DHA-CTRL_Cam3II_revWT_16.0h_STAGEADJ	is_RNAbind	4772					0.18343591858030994	0.11099737151073463	0.01201531791119085
GSE151189_DHA-CTRL_Cam3II_revWT_16.0h_STAGEADJ_noSchiz	asn_frac	3246	0.09104242643643881	2.0382249788551295e-07	0.018599320893516777	0.28943803985236527	0.1368742040684927	-0.002749499364630613	-0.020157087041437663
GSE151189_DHA-CTRL_Cam3II_revWT_16.0h_STAGEADJ_noSchiz	asn_out_lcr	3246	0.09017896478213752	2.6562283124666814e-07	0.02911301463144213	0.09723914310850121	0.1368742040684927	-0.002749499364630613	-0.020157087041437663
GSE151189_DHA-CTRL_Cam3II_revWT_16.0h_STAGEADJ_noSchiz	asn_in_lcr	3246	0.047079620035899446	0.007301876993959956	-0.037110416159418326	0.03449556009001351	0.1368742040684927	-0.002749499364630613	-0.020157087041437663
GSE151189_DHA-CTRL_Cam3II_revWT_16.0h_STAGEADJ_noSchiz	polyN_maxrun	3246	0.0973552055275371	2.7326834791504138e-08	-0.0021065939659035892	0.9045034962875189	0.1368742040684927	-0.002749499364630613	-0.020157087041437663
GSE151189_DHA-CTRL_Cam3II_revWT_16.0h_STAGEADJ_noSchiz	lcr_frac	3246	0.054962512549675754	0.001732781767196697	-0.02341688515612737	0.1822644594582035	0.1368742040684927	-0.002749499364630613	-0.020157087041437663
GSE151189_DHA-CTRL_Cam3II_revWT_16.0h_STAGEADJ_noSchiz	length	3246	0.14228508017344096	3.7974465816703547e-16	0.004053091212013946	0.8174456916087767	0.1368742040684927	-0.002749499364630613	-0.020157087041437663
GSE151189_DHA-CTRL_Cam3II_revWT_16.0h_STAGEADJ_noSchiz	is_AP2	3246					0.28215107394716465	0.0037719268482781995	-0.01989479168663152
GSE151189_DHA-CTRL_Cam3II_revWT_16.0h_STAGEADJ_noSchiz	is_PUF	3246					0.43486494073749327	0.05646207513536938	-0.01989479168663152
GSE151189_DHA-CTRL_Cam3II_revWT_16.0h_STAGEADJ_noSchiz	is_chromatin	3246					0.05147089532778885	0.21653436608286372	-0.020840280367065186
GSE151189_DHA-CTRL_Cam3II_revWT_16.0h_STAGEADJ_noSchiz	is_RNAbind	3246					0.06362383226338715	0.16210365265935237	-0.020840280367065186
GSE151189_DHA-CTRL_Cam3II_revWT_24.0h	asn_frac	5129	0.09272828304372488	2.859210769814888e-11	-0.0008336934257744584	0.9524008554519228	3.5211174918803972e-06	0.1408615718333333	0.0150828558333333
GSE151189_DHA-CTRL_Cam3II_revWT_24.0h	asn_out_lcr	5129	0.08620514523313302	6.259017488494389e-10	0.0049588614299605075	0.7225486993282703	3.5211174918803972e-06	0.1408615718333333	0.0150828558333333
GSE151189_DHA-CTRL_Cam3II_revWT_24.0h	asn_in_lcr	5129	0.07877431330975201	1.6139564312355414e-08	-0.028406561574328693	0.04192051056982264	3.5211174918803972e-06	0.1408615718333333	0.0150828558333333
GSE151189_DHA-CTRL_Cam3II_revWT_24.0h	polyN_maxrun	5129	0.112012426386674	8.598376894669421e-16	-0.014347008785338565	0.30428266449779734	3.5211174918803972e-06	0.1408615718333333	0.0150828558333333
GSE151189_DHA-CTRL_Cam3II_revWT_24.0h	lcr_frac	5129	0.10380012775095063	9.180841474017382e-14	0.0031034857383421665	0.8241513329625704	3.5211174918803972e-06	0.1408615718333333	0.0150828558333333
GSE151189_DHA-CTRL_Cam3II_revWT_24.0h	length	5129	0.17591824234147682	6.319699441837588e-37	0.0034176433316188528	0.8066867567685103	3.5211174918803972e-06	0.1408615718333333	0.0150828558333333
GSE151189_DHA-CTRL_Cam3II_revWT_24.0h	is_AP2	5129					0.41310427354714363	0.0231000433333332	0.0314493667666666
GSE151189_DHA-CTRL_Cam3II_revWT_24.0h	is_PUF	5129					0.5259419995761465	0.14022142411111105	0.0311473563333333
GSE151189_DHA-CTRL_Cam3II_revWT_24.0h	is_chromatin	5129					0.9727632121463836	0.056974420666666595	0.0311473563333333
GSE151189_DHA-CTRL_Cam3II_revWT_24.0h	is_RNAbind	5129					0.5381845993795429	0.0654754944999999	0.029400964791666602
GSE151189_DHA-CTRL_Cam3II_revWT_24.0h_noSchiz	asn_frac	3610	0.09894901535243658	2.557387274989977e-09	-0.0021615324882775003	0.8967032002561297	0.0020232110702927647	0.0109579123333333	-0.0878166458333333
GSE151189_DHA-CTRL_Cam3II_revWT_24.0h_noSchiz	asn_out_lcr	3610	0.08508996355863674	3.05534614802477e-07	-0.0028590271002913656	0.8636572103754833	0.0020232110702927647	0.0109579123333333	-0.0878166458333333
GSE151189_DHA-CTRL_Cam3II_revWT_24.0h_noSchiz	asn_in_lcr	3610	0.09339723116070697	1.8880303230505642e-08	-0.02044392891271186	0.21943151861458857	0.0020232110702927647	0.0109579123333333	-0.0878166458333333
GSE151189_DHA-CTRL_Cam3II_revWT_24.0h_noSchiz	polyN_maxrun	3610	0.12125494326053857	2.674275255974588e-13	-0.012070010956828777	0.46846365565217085	0.0020232110702927647	0.0109579123333333	-0.0878166458333333
GSE151189_DHA-CTRL_Cam3II_revWT_24.0h_noSchiz	lcr_frac	3610	0.120746374711556	3.363763610796567e-13	0.01595375915328633	0.3379200097233577	0.0020232110702927647	0.0109579123333333	-0.0878166458333333
GSE151189_DHA-CTRL_Cam3II_revWT_24.0h_noSchiz	length	3610	0.18458997300594127	4.9303614625369435e-29	0.0017281509379266076	0.917330377815618	0.0020232110702927647	0.0109579123333333	-0.0878166458333333
GSE151189_DHA-CTRL_Cam3II_revWT_24.0h_noSchiz	is_AP2	3610					0.8235354433075304	-0.11708907375	-0.0758431608333333
GSE151189_DHA-CTRL_Cam3II_revWT_24.0h_noSchiz	is_PUF	3610					0.4610941389296461	0.0176890468333332	-0.076039696
GSE151189_DHA-CTRL_Cam3II_revWT_24.0h_noSchiz	is_chromatin	3610					0.7803560332392827	-0.1598757767833333	-0.073743102
GSE151189_DHA-CTRL_Cam3II_revWT_24.0h_noSchiz	is_RNAbind	3610					0.07546854753237447	0.13758609483333328	-0.0790622250833333
GSE151189_DHA-CTRL_Cam3II_revWT_24.0h_STAGEADJ	asn_frac	4753	0.07775096322035412	8.004682296284512e-08	0.004618925996881305	0.7502149415633174	0.0002723401832681518	0.08512272891083722	-0.0015114584230849458
GSE151189_DHA-CTRL_Cam3II_revWT_24.0h_STAGEADJ	asn_out_lcr	4753	0.07218267834229715	6.305787969203807e-07	0.009469974823368314	0.5139355425238338	0.0002723401832681518	0.08512272891083722	-0.0015114584230849458
GSE151189_DHA-CTRL_Cam3II_revWT_24.0h_STAGEADJ	asn_in_lcr	4753	0.058370892907473534	5.659370516214775e-05	-0.02540257396669105	0.07992415831292485	0.0002723401832681518	0.08512272891083722	-0.0015114584230849458
GSE151189_DHA-CTRL_Cam3II_revWT_24.0h_STAGEADJ	polyN_maxrun	4753	0.09172667747340518	2.3654640766268487e-10	-0.008288739621577102	0.5677950578372157	0.0002723401832681518	0.08512272891083722	-0.0015114584230849458
GSE151189_DHA-CTRL_Cam3II_revWT_24.0h_STAGEADJ	lcr_frac	4753	0.08528857588238298	3.881835848079145e-09	0.00689826913667656	0.6344583746557645	0.0002723401832681518	0.08512272891083722	-0.0015114584230849458
GSE151189_DHA-CTRL_Cam3II_revWT_24.0h_STAGEADJ	length	4753	0.1441825669504408	1.6882208942895414e-23	0.006879792502383665	0.6353661751478274	0.0002723401832681518	0.08512272891083722	-0.0015114584230849458
GSE151189_DHA-CTRL_Cam3II_revWT_24.0h_STAGEADJ	is_AP2	4753					0.9147151078783131	-0.04513533830777734	0.010207571727052944
GSE151189_DHA-CTRL_Cam3II_revWT_24.0h_STAGEADJ	is_PUF	4753					0.4060076499431018	0.15870909165693228	0.0097438932610827
GSE151189_DHA-CTRL_Cam3II_revWT_24.0h_STAGEADJ	is_chromatin	4753					0.12385141499951002	-0.1312777127975019	0.010788362029989935
GSE151189_DHA-CTRL_Cam3II_revWT_24.0h_STAGEADJ	is_RNAbind	4753					0.2485386360837979	0.12910187739424622	0.009518583389503996
GSE151189_DHA-CTRL_Cam3II_revWT_24.0h_STAGEADJ_noSchiz	asn_frac	3234	0.11638614297907425	3.164803897067743e-11	0.009531331030742139	0.5879335143847646	0.0016725546558852002	0.025772017386573233	-0.08682018463686479
GSE151189_DHA-CTRL_Cam3II_revWT_24.0h_STAGEADJ_noSchiz	asn_out_lcr	3234	0.09860201925563815	1.9222727843263626e-08	0.007254603031124532	0.6800443191407801	0.0016725546558852002	0.025772017386573233	-0.08682018463686479
GSE151189_DHA-CTRL_Cam3II_revWT_24.0h_STAGEADJ_noSchiz	asn_in_lcr	3234	0.10553531818638506	1.7867225155942939e-09	-0.01400018649755139	0.4260915649751633	0.0016725546558852002	0.025772017386573233	-0.08682018463686479
GSE151189_DHA-CTRL_Cam3II_revWT_24.0h_STAGEADJ_noSchiz	polyN_maxrun	3234	0.1385004584188334	2.5452726683582984e-15	-0.0042699716467592234	0.8082121418668509	0.0016725546558852002	0.025772017386573233	-0.08682018463686479
GSE151189_DHA-CTRL_Cam3II_revWT_24.0h_STAGEADJ_noSchiz	lcr_frac	3234	0.13811517830050882	3.0420235911936615e-15	0.028830804153847468	0.10115811802360361	0.0016725546558852002	0.025772017386573233	-0.08682018463686479
GSE151189_DHA-CTRL_Cam3II_revWT_24.0h_STAGEADJ_noSchiz	length	3234	0.2008420813122202	8.804062449550497e-31	0.004450631401741524	0.8002658092447169	0.0016725546558852002	0.025772017386573233	-0.08682018463686479
GSE151189_DHA-CTRL_Cam3II_revWT_24.0h_STAGEADJ_noSchiz	is_AP2	3234					0.9669462734550068	-0.12862730987276585	-0.07689982640150837
GSE151189_DHA-CTRL_Cam3II_revWT_24.0h_STAGEADJ_noSchiz	is_PUF	3234					0.40783228713743624	0.0392908691349405	-0.0775374300436191
GSE151189_DHA-CTRL_Cam3II_revWT_24.0h_STAGEADJ_noSchiz	is_chromatin	3234					0.8093456364121878	-0.1468447335962101	-0.07673867971305626
GSE151189_DHA-CTRL_Cam3II_revWT_24.0h_STAGEADJ_noSchiz	is_RNAbind	3234					0.03595866312384729	0.17887805480357025	-0.07876213341058089
GSE151189_DHA-CTRL_Cam3II_revWT_32.0h	asn_frac	4935	0.04325001838754911	0.0023740675775421336	-0.005685117328909357	0.6896876251595903	0.006493094527406179	0.07804907924999996	-0.0020464405
GSE151189_DHA-CTRL_Cam3II_revWT_32.0h	asn_out_lcr	4935	0.029521225438412266	0.03809978922906779	-0.013117328434330087	0.3568976379612615	0.006493094527406179	0.07804907924999996	-0.0020464405
GSE151189_DHA-CTRL_Cam3II_revWT_32.0h	asn_in_lcr	4935	0.05464025279457231	0.00012285900760892663	-0.00017334889742768933	0.9902863160691986	0.006493094527406179	0.07804907924999996	-0.0020464405
GSE151189_DHA-CTRL_Cam3II_revWT_32.0h	polyN_maxrun	4935	0.05303808623119164	0.0001933258491940239	-0.011546912593539523	0.41737312438127383	0.006493094527406179	0.07804907924999996	-0.0020464405
GSE151189_DHA-CTRL_Cam3II_revWT_32.0h	lcr_frac	4935	0.0928777866833966	6.27214502599616e-11	0.04129674731068545	0.0037128482389056396	0.006493094527406179	0.07804907924999996	-0.0020464405
GSE151189_DHA-CTRL_Cam3II_revWT_32.0h	length	4935	0.09165734596795985	1.1123281770258473e-10	0.005169381280543794	0.7165621798634987	0.006493094527406179	0.07804907924999996	-0.0020464405
GSE151189_DHA-CTRL_Cam3II_revWT_32.0h	is_AP2	4935					0.222048496153595	0.22397676549999995	0.0072800849999999
GSE151189_DHA-CTRL_Cam3II_revWT_32.0h	is_PUF	4935					0.07856321497295059	0.6019188253611112	0.0073305893333333
GSE151189_DHA-CTRL_Cam3II_revWT_32.0h	is_chromatin	4935					0.11259072822074341	-0.08615825216666656	0.0082836885833333
GSE151189_DHA-CTRL_Cam3II_revWT_32.0h	is_RNAbind	4935					0.7837510746634533	0.08622449899999995	0.0072292976666666
GSE151189_DHA-CTRL_Cam3II_revWT_32.0h_noSchiz	asn_frac	3466	0.0364650515678386	0.031814208611220175	-0.02038702465444871	0.230165808258005	0.09809153941362166	-0.0101440648333333	-0.0497514318333333
GSE151189_DHA-CTRL_Cam3II_revWT_32.0h_noSchiz	asn_out_lcr	3466	0.02197416497369318	0.19588349774553565	-0.027823710309738497	0.10146668206745355	0.09809153941362166	-0.0101440648333333	-0.0497514318333333
GSE151189_DHA-CTRL_Cam3II_revWT_32.0h_noSchiz	asn_in_lcr	3466	0.05943342837903577	0.000463791234193088	-0.0029029536810059866	0.864346774457984	0.09809153941362166	-0.0101440648333333	-0.0497514318333333
GSE151189_DHA-CTRL_Cam3II_revWT_32.0h_noSchiz	polyN_maxrun	3466	0.05405264206319962	0.0014555296918406149	-0.01899324208413364	0.26361748961663484	0.09809153941362166	-0.0101440648333333	-0.0497514318333333
GSE151189_DHA-CTRL_Cam3II_revWT_32.0h_noSchiz	lcr_frac	3466	0.10160765724286777	2.0312872613913717e-09	0.04417679109142483	0.009291435586286891	0.09809153941362166	-0.0101440648333333	-0.0497514318333333
GSE151189_DHA-CTRL_Cam3II_revWT_32.0h_noSchiz	length	3466	0.09956859065934097	4.24470058978292e-09	0.0016677160064832407	0.921815034448791	0.09809153941362166	-0.0101440648333333	-0.0497514318333333
GSE151189_DHA-CTRL_Cam3II_revWT_32.0h_noSchiz	is_AP2	3466					0.24979672891381488	0.2010378480833333	-0.047746670833333255
GSE151189_DHA-CTRL_Cam3II_revWT_32.0h_noSchiz	is_PUF	3466					0.07921360430494245	0.8314207608333334	-0.0468121396666666
GSE151189_DHA-CTRL_Cam3II_revWT_32.0h_noSchiz	is_chromatin	3466					0.4457648077065708	-0.1865342123333333	-0.0466601799190475
GSE151189_DHA-CTRL_Cam3II_revWT_32.0h_noSchiz	is_RNAbind	3466					0.4656186572642512	0.0345336351666666	-0.0484357768888888
GSE151189_DHA-CTRL_Cam3II_revWT_32.0h_STAGEADJ	asn_frac	4604	0.05254713881354487	0.0003611387336597664	0.0016505168328007904	0.9108536756104904	0.0027966900254202368	0.08053132579087276	-0.0353004077694375
GSE151189_DHA-CTRL_Cam3II_revWT_32.0h_STAGEADJ	asn_out_lcr	4604	0.0395953860923003	0.007210100504573955	-0.00435625409599025	0.7676080579511799	0.0027966900254202368	0.08053132579087276	-0.0353004077694375
GSE151189_DHA-CTRL_Cam3II_revWT_32.0h_STAGEADJ	asn_in_lcr	4604	0.054572296925009645	0.00021169336562278134	-0.002354017416500093	0.8731304151995317	0.0027966900254202368	0.08053132579087276	-0.0353004077694375
GSE151189_DHA-CTRL_Cam3II_revWT_32.0h_STAGEADJ	polyN_maxrun	4604	0.05730023090453716	0.00010019442286003079	-0.0104822748362384	0.47703595769814944	0.0027966900254202368	0.08053132579087276	-0.0353004077694375
GSE151189_DHA-CTRL_Cam3II_revWT_32.0h_STAGEADJ	lcr_frac	4604	0.09480010172799422	1.1543035678514074e-10	0.04144647860063617	0.0049126883002584	0.0027966900254202368	0.08053132579087276	-0.0353004077694375
GSE151189_DHA-CTRL_Cam3II_revWT_32.0h_STAGEADJ	length	4604	0.09741021412153465	3.507551758019657e-11	0.0063319266416296	0.6675401279612825	0.0027966900254202368	0.08053132579087276	-0.0353004077694375
GSE151189_DHA-CTRL_Cam3II_revWT_32.0h_STAGEADJ	is_AP2	4604					0.20906860678344308	0.21550522980276274	-0.024159642367765147
GSE151189_DHA-CTRL_Cam3II_revWT_32.0h_STAGEADJ	is_PUF	4604					0.06995390990553295	0.5839090634238953	-0.023504005112137953
GSE151189_DHA-CTRL_Cam3II_revWT_32.0h_STAGEADJ	is_chromatin	4604					0.08289063655735261	-0.1125998428035764	-0.02243175565491206
GSE151189_DHA-CTRL_Cam3II_revWT_32.0h_STAGEADJ	is_RNAbind	4604					0.6456881645335653	0.0338033983852983	-0.02457318174938237
GSE151189_DHA-CTRL_Cam3II_revWT_32.0h_STAGEADJ_noSchiz	asn_frac	3135	0.059457339043310437	0.0008662815147749839	-0.008643383450761427	0.6285502927913751	0.061849927453260296	-0.045974307635360374	-0.08613846936812986
GSE151189_DHA-CTRL_Cam3II_revWT_32.0h_STAGEADJ_noSchiz	asn_out_lcr	3135	0.04509173013718384	0.011569443945394265	-0.01386736929769925	0.4376447630611425	0.061849927453260296	-0.045974307635360374	-0.08613846936812986
GSE151189_DHA-CTRL_Cam3II_revWT_32.0h_STAGEADJ_noSchiz	asn_in_lcr	3135	0.0684638907544985	0.0001248816853367471	-0.005601914507596943	0.7538745639915878	0.061849927453260296	-0.045974307635360374	-0.08613846936812986
GSE151189_DHA-CTRL_Cam3II_revWT_32.0h_STAGEADJ_noSchiz	polyN_maxrun	3135	0.07169921241734874	5.86726306521654e-05	-0.01640313999234401	0.358553496422401	0.061849927453260296	-0.045974307635360374	-0.08613846936812986
GSE151189_DHA-CTRL_Cam3II_revWT_32.0h_STAGEADJ_noSchiz	lcr_frac	3135	0.11403827975566566	1.518767809422065e-10	0.04640107404856288	0.009365679080600297	0.061849927453260296	-0.045974307635360374	-0.08613846936812986
GSE151189_DHA-CTRL_Cam3II_revWT_32.0h_STAGEADJ_noSchiz	length	3135	0.12005869083678941	1.5414885621275723e-11	0.00192940015218348	0.9140066396934959	0.061849927453260296	-0.045974307635360374	-0.08613846936812986
GSE151189_DHA-CTRL_Cam3II_revWT_32.0h_STAGEADJ_noSchiz	is_AP2	3135					0.20448388343711488	0.1959362796099809	-0.08470726826224748
GSE151189_DHA-CTRL_Cam3II_revWT_32.0h_STAGEADJ_noSchiz	is_PUF	3135					0.06997667387616466	0.8155039294734155	-0.08446409710833666
GSE151189_DHA-CTRL_Cam3II_revWT_32.0h_STAGEADJ_noSchiz	is_chromatin	3135					0.505676753576087	-0.20592730609791893	-0.0841627728794245
GSE151189_DHA-CTRL_Cam3II_revWT_32.0h_STAGEADJ_noSchiz	is_RNAbind	3135					0.3450752323870704	0.003700984148326111	-0.08502914963834078
GSE151189_DHA-CTRL_Cam3II_revWT_40.0h	asn_frac	4976	-0.09131240144137254	1.0957543182473274e-10	-0.0539971484001287	0.00013850458058433678	2.7646797435494396e-05	-0.05787972891666665	0.06614557599999996
GSE151189_DHA-CTRL_Cam3II_revWT_40.0h	asn_out_lcr	4976	-0.09385218654734857	3.2806986663309696e-11	-0.061764405006693224	1.3007621024100798e-05	2.7646797435494396e-05	-0.05787972891666665	0.06614557599999996
GSE151189_DHA-CTRL_Cam3II_revWT_40.0h	asn_in_lcr	4976	-0.04119118116910425	0.0036589321474403366	0.0018638536901298846	0.8954234873502176	2.7646797435494396e-05	-0.05787972891666665	0.06614557599999996
GSE151189_DHA-CTRL_Cam3II_revWT_40.0h	polyN_maxrun	4976	-0.07737817458880251	4.625428825825733e-08	-0.027381146019225987	0.053438065463043215	2.7646797435494396e-05	-0.05787972891666665	0.06614557599999996
GSE151189_DHA-CTRL_Cam3II_revWT_40.0h	lcr_frac	4976	0.0017496784628172543	0.901796098451691	0.04276188999468075	0.002552235077069496	2.7646797435494396e-05	-0.05787972891666665	0.06614557599999996
GSE151189_DHA-CTRL_Cam3II_revWT_40.0h	length	4976	-0.06725738897946855	2.0485669932793936e-06	0.0006894034245118258	0.9612230593676101	2.7646797435494396e-05	-0.05787972891666665	0.06614557599999996
GSE151189_DHA-CTRL_Cam3II_revWT_40.0h	is_AP2	4976					0.3018094598506371	0.0255745013333333	0.0525273647499999
GSE151189_DHA-CTRL_Cam3II_revWT_40.0h	is_PUF	4976					0.08737337458247998	0.48700689799999997	0.051278393666666644
GSE151189_DHA-CTRL_Cam3II_revWT_40.0h	is_chromatin	4976					0.9537433292104021	0.1238881792666666	0.0513424646666667
GSE151189_DHA-CTRL_Cam3II_revWT_40.0h	is_RNAbind	4976					0.0016929217393054936	0.3241693473333333	0.0489543999999999
GSE151189_DHA-CTRL_Cam3II_revWT_40.0h_noSchiz	asn_frac	3494	-0.08804825821713523	1.8600899742115714e-07	-0.06666667635372078	8.025099272337686e-05	0.006238266494300715	0.15195598179999995	0.2480223158333333
GSE151189_DHA-CTRL_Cam3II_revWT_40.0h_noSchiz	asn_out_lcr	3494	-0.099714541418486	3.4892253636490696e-09	-0.08129600448941965	1.4968296601257474e-06	0.006238266494300715	0.15195598179999995	0.2480223158333333
GSE151189_DHA-CTRL_Cam3II_revWT_40.0h_noSchiz	asn_in_lcr	3494	-0.020809166599009762	0.21880038315445546	0.004073474980622022	0.8097890179435441	0.006238266494300715	0.15195598179999995	0.2480223158333333
GSE151189_DHA-CTRL_Cam3II_revWT_40.0h_noSchiz	polyN_maxrun	3494	-0.057763917609266635	0.0006353431457205927	-0.02921685865505206	0.08421057389897042	0.006238266494300715	0.15195598179999995	0.2480223158333333
GSE151189_DHA-CTRL_Cam3II_revWT_40.0h_noSchiz	lcr_frac	3494	0.02820901999946538	0.09548017472455443	0.05174927694074325	0.002214412803793251	0.006238266494300715	0.15195598179999995	0.2480223158333333
GSE151189_DHA-CTRL_Cam3II_revWT_40.0h_noSchiz	length	3494	-0.037101996634498764	0.028302205000531006	0.0022391005993398186	0.8947421084571225	0.006238266494300715	0.15195598179999995	0.2480223158333333
GSE151189_DHA-CTRL_Cam3II_revWT_40.0h_noSchiz	is_AP2	3494					0.9387760329765279	0.1202485694166666	0.2386450679999999
GSE151189_DHA-CTRL_Cam3II_revWT_40.0h_noSchiz	is_PUF	3494					0.16067474243958746	0.5562925383333333	0.2357403696666666
GSE151189_DHA-CTRL_Cam3II_revWT_40.0h_noSchiz	is_chromatin	3494					0.9672896527715023	0.365173861	0.2357403696666666
GSE151189_DHA-CTRL_Cam3II_revWT_40.0h_noSchiz	is_RNAbind	3494					0.011459924385711709	0.42224557983333333	0.23262888099999995
GSE151189_DHA-CTRL_Cam3II_revWT_40.0h_STAGEADJ	asn_frac	4647	-0.02501479695795373	0.08818707226190331	-0.055610520445287914	0.00014894393081888154	0.31205562719713453	-0.01778479455880677	0.011321116853475949
GSE151189_DHA-CTRL_Cam3II_revWT_40.0h_STAGEADJ	asn_out_lcr	4647	-0.034980219790554504	0.01709530168249991	-0.061162523177837914	3.0171643386622936e-05	0.31205562719713453	-0.01778479455880677	0.011321116853475949
GSE151189_DHA-CTRL_Cam3II_revWT_40.0h_STAGEADJ	asn_in_lcr	4647	0.03321245138713003	0.023569685498281295	-0.0017121465773988014	0.9071105897684215	0.31205562719713453	-0.01778479455880677	0.011321116853475949
GSE151189_DHA-CTRL_Cam3II_revWT_40.0h_STAGEADJ	polyN_maxrun	4647	0.0014709363648945676	0.9201496590089908	-0.03964496768181115	0.006873956262827273	0.31205562719713453	-0.01778479455880677	0.011321116853475949
GSE151189_DHA-CTRL_Cam3II_revWT_40.0h_STAGEADJ	lcr_frac	4647	0.07955088516235759	5.6339864727938775e-08	0.046608797709642324	0.0014822150722950738	0.31205562719713453	-0.01778479455880677	0.011321116853475949
GSE151189_DHA-CTRL_Cam3II_revWT_40.0h_STAGEADJ	length	4647	0.04372570974287818	0.002869732368036154	-0.012457921814280452	0.39585491593603883	0.31205562719713453	-0.01778479455880677	0.011321116853475949
GSE151189_DHA-CTRL_Cam3II_revWT_40.0h_STAGEADJ	is_AP2	4647					0.6059551143328863	-0.025587590724844057	0.007410455534848148
GSE151189_DHA-CTRL_Cam3II_revWT_40.0h_STAGEADJ	is_PUF	4647					0.1136964779659287	0.3589699032821134	0.005840259528944625
GSE151189_DHA-CTRL_Cam3II_revWT_40.0h_STAGEADJ	is_chromatin	4647					0.05893549319923429	0.29153002281238716	0.004997566223014761
GSE151189_DHA-CTRL_Cam3II_revWT_40.0h_STAGEADJ	is_RNAbind	4647					0.0017003731526079062	0.2751042926565781	0.00383236893227068
GSE151189_DHA-CTRL_Cam3II_revWT_40.0h_STAGEADJ_noSchiz	asn_frac	3165	-0.07294269347539503	3.9998975526602714e-05	-0.06748128852845726	0.00014515444593603185	0.15472435968380258	0.10080702265795148	0.14323552167113457
GSE151189_DHA-CTRL_Cam3II_revWT_40.0h_STAGEADJ_noSchiz	asn_out_lcr	3165	-0.08561145873366215	1.4119349896323e-06	-0.08094743246077254	5.12383409160645e-06	0.15472435968380258	0.10080702265795148	0.14323552167113457
GSE151189_DHA-CTRL_Cam3II_revWT_40.0h_STAGEADJ_noSchiz	asn_in_lcr	3165	-0.006403742186190784	0.7187534781623314	-0.00025889118049042753	0.9883839826502878	0.15472435968380258	0.10080702265795148	0.14323552167113457
GSE151189_DHA-CTRL_Cam3II_revWT_40.0h_STAGEADJ_noSchiz	polyN_maxrun	3165	-0.04565593539589373	0.010203610946590566	-0.03835794952831422	0.030935921162039255	0.15472435968380258	0.10080702265795148	0.14323552167113457
GSE151189_DHA-CTRL_Cam3II_revWT_40.0h_STAGEADJ_noSchiz	lcr_frac	3165	0.04009631504018455	0.02408517190010968	0.04580476340469737	0.009959439535217895	0.15472435968380258	0.10080702265795148	0.14323552167113457
GSE151189_DHA-CTRL_Cam3II_revWT_40.0h_STAGEADJ_noSchiz	length	3165	-0.00883622872015204	0.6192420621779485	0.0011225082043332436	0.9496665572136498	0.15472435968380258	0.10080702265795148	0.14323552167113457
GSE151189_DHA-CTRL_Cam3II_revWT_40.0h_STAGEADJ_noSchiz	is_AP2	3165					0.9742486357756869	-0.015472472590352542	0.14153991309437727
GSE151189_DHA-CTRL_Cam3II_revWT_40.0h_STAGEADJ_noSchiz	is_PUF	3165					0.16347180818015028	0.4311273265401294	0.141330000109146
GSE151189_DHA-CTRL_Cam3II_revWT_40.0h_STAGEADJ_noSchiz	is_chromatin	3165					0.9003729268110477	0.2233689219413242	0.141330000109146
GSE151189_DHA-CTRL_Cam3II_revWT_40.0h_STAGEADJ_noSchiz	is_RNAbind	3165					0.00258759715320582	0.40681477861171766	0.13680825028585347
GSE151189_DHA-CTRL_Cam3II_revWT_48.0h	asn_frac	5149	-0.11254225034650774	5.522041350382787e-16	-0.06706872440798783	1.4582419490981062e-06	2.0880197269427452e-07	-0.0227226901666666	0.053359345833333155
GSE151189_DHA-CTRL_Cam3II_revWT_48.0h	asn_out_lcr	5149	-0.0844208406826062	1.302334471609356e-09	-0.04506904731322961	0.0012170364342459004	2.0880197269427452e-07	-0.0227226901666666	0.053359345833333155
GSE151189_DHA-CTRL_Cam3II_revWT_48.0h	asn_in_lcr	5149	-0.1296163962964866	9.818940125640497e-21	-0.07799246155376043	2.0988837463905762e-08	2.0880197269427452e-07	-0.0227226901666666	0.053359345833333155
GSE151189_DHA-CTRL_Cam3II_revWT_48.0h	polyN_maxrun	5149	-0.10911629466995541	4.1155531658781085e-15	-0.04769827683746808	0.000617564406907856	2.0880197269427452e-07	-0.0227226901666666	0.053359345833333155
GSE151189_DHA-CTRL_Cam3II_revWT_48.0h	lcr_frac	5149	-0.11675054095505992	4.302950788224695e-17	-0.06799187375247515	1.0431010626907355e-06	2.0880197269427452e-07	-0.0227226901666666	0.053359345833333155
GSE151189_DHA-CTRL_Cam3II_revWT_48.0h	length	5149	-0.06104961728434526	1.1666200499751077e-05	0.022295669323244068	0.10967173885566592	2.0880197269427452e-07	-0.0227226901666666	0.053359345833333155
GSE151189_DHA-CTRL_Cam3II_revWT_48.0h	is_AP2	5149					0.36522060001385015	0.2339433670416666	0.0443694593333332
GSE151189_DHA-CTRL_Cam3II_revWT_48.0h	is_PUF	5149					0.9907378091332081	0.0631315815555555	0.0446794556666666
GSE151189_DHA-CTRL_Cam3II_revWT_48.0h	is_chromatin	5149					0.1257723717606032	0.23163619877777775	0.0442511693333333
GSE151189_DHA-CTRL_Cam3II_revWT_48.0h	is_RNAbind	5149					0.656655601734527	0.0192827613333333	0.044738515750000096
GSE151189_DHA-CTRL_Cam3II_revWT_48.0h_noSchiz	asn_frac	3626	-0.09225040375466018	2.622577502146174e-08	-0.048164958588141425	0.003719760758435238	0.0001437409344207034	0.0134098405555555	0.0684013818333333
GSE151189_DHA-CTRL_Cam3II_revWT_48.0h_noSchiz	asn_out_lcr	3626	-0.06827793456644156	3.8746857996437696e-05	-0.02998019369222978	0.0710623326674527	0.0001437409344207034	0.0134098405555555	0.0684013818333333
GSE151189_DHA-CTRL_Cam3II_revWT_48.0h_noSchiz	asn_in_lcr	3626	-0.1208203562567339	2.88629673860181e-13	-0.07156060709120973	1.6093913686741273e-05	0.0001437409344207034	0.0134098405555555	0.0684013818333333
GSE151189_DHA-CTRL_Cam3II_revWT_48.0h_noSchiz	polyN_maxrun	3626	-0.09331746845173285	1.806485057025442e-08	-0.034674514409200496	0.036808835334352606	0.0001437409344207034	0.0134098405555555	0.0684013818333333
GSE151189_DHA-CTRL_Cam3II_revWT_48.0h_noSchiz	lcr_frac	3626	-0.11122829213170225	1.864053855376323e-11	-0.06539161334327971	8.131206408461547e-05	0.0001437409344207034	0.0134098405555555	0.0684013818333333
GSE151189_DHA-CTRL_Cam3II_revWT_48.0h_noSchiz	length	3626	-0.05711261892538411	0.0005801427566604569	0.023254998374775245	0.16150256159218804	0.0001437409344207034	0.0134098405555555	0.0684013818333333
GSE151189_DHA-CTRL_Cam3II_revWT_48.0h_noSchiz	is_AP2	3626					0.20384020610680376	0.298905318875	0.060548221666666596
GSE151189_DHA-CTRL_Cam3II_revWT_48.0h_noSchiz	is_PUF	3626					0.9757920419722272	0.1398922919999999	0.0618455754999999
GSE151189_DHA-CTRL_Cam3II_revWT_48.0h_noSchiz	is_chromatin	3626					0.8957154428433564	-0.0443989090000001	0.0626723166666666
GSE151189_DHA-CTRL_Cam3II_revWT_48.0h_noSchiz	is_RNAbind	3626					0.5935566009775268	0.08298416483333325	0.06225894608333325
GSE151189_DHA-CTRL_Cam3II_revWT_48.0h_STAGEADJ	asn_frac	4768	-0.12241425090392805	2.2041974023151102e-17	-0.07719833369509808	9.440975919041799e-08	8.608440826756707e-07	-0.08386554919690302	-0.012641629290221647
GSE151189_DHA-CTRL_Cam3II_revWT_48.0h_STAGEADJ	asn_out_lcr	4768	-0.09241191555198708	1.625361430939626e-10	-0.05383398351574257	0.0002000156277887786	8.608440826756707e-07	-0.08386554919690302	-0.012641629290221647
GSE151189_DHA-CTRL_Cam3II_revWT_48.0h_STAGEADJ	asn_in_lcr	4768	-0.13327245343149124	2.433045293156958e-20	-0.08176287544974864	1.569646420067327e-08	8.608440826756707e-07	-0.08386554919690302	-0.012641629290221647
GSE151189_DHA-CTRL_Cam3II_revWT_48.0h_STAGEADJ	polyN_maxrun	4768	-0.11885754395323506	1.806886883478513e-16	-0.05676220372648122	8.796132128569177e-05	8.608440826756707e-07	-0.08386554919690302	-0.012641629290221647
GSE151189_DHA-CTRL_Cam3II_revWT_48.0h_STAGEADJ	lcr_frac	4768	-0.12084620726359653	5.61556223210902e-17	-0.07232628574464033	5.750306508090918e-07	8.608440826756707e-07	-0.08386554919690302	-0.012641629290221647
GSE151189_DHA-CTRL_Cam3II_revWT_48.0h_STAGEADJ	length	4768	-0.06313222745776115	1.2856463685068898e-05	0.021390585141134674	0.1397247812736704	8.608440826756707e-07	-0.08386554919690302	-0.012641629290221647
GSE151189_DHA-CTRL_Cam3II_revWT_48.0h_STAGEADJ	is_AP2	4768					0.23347318775963133	0.17365856223818213	-0.020402386846077356
GSE151189_DHA-CTRL_Cam3II_revWT_48.0h_STAGEADJ	is_PUF	4768					0.999855032331861	-0.005109498304848838	-0.019118329108725123
GSE151189_DHA-CTRL_Cam3II_revWT_48.0h_STAGEADJ	is_chromatin	4768					0.10312183679610144	0.16483481669791974	-0.02008026960746007
GSE151189_DHA-CTRL_Cam3II_revWT_48.0h_STAGEADJ	is_RNAbind	4768					0.7687510286125314	-0.026883215621195333	-0.019118329108725123
GSE151189_DHA-CTRL_Cam3II_revWT_48.0h_STAGEADJ_noSchiz	asn_frac	3245	-0.11178904396691787	1.7070209635851e-10	-0.06259250892017926	0.0003601272903641345	0.00015220228618406727	-0.05327562364747005	0.001131914218338137
GSE151189_DHA-CTRL_Cam3II_revWT_48.0h_STAGEADJ_noSchiz	asn_out_lcr	3245	-0.08508912064197806	1.2097696880042045e-06	-0.04319369478859525	0.013865660702869686	0.00015220228618406727	-0.05327562364747005	0.001131914218338137
GSE151189_DHA-CTRL_Cam3II_revWT_48.0h_STAGEADJ_noSchiz	asn_in_lcr	3245	-0.1317753998533055	4.82507581526274e-14	-0.07675501291694378	1.2026040461721933e-05	0.00015220228618406727	-0.05327562364747005	0.001131914218338137
GSE151189_DHA-CTRL_Cam3II_revWT_48.0h_STAGEADJ_noSchiz	polyN_maxrun	3245	-0.11330872145759847	9.608315550370461e-11	-0.046599206209464034	0.007932281964515819	0.00015220228618406727	-0.05327562364747005	0.001131914218338137
GSE151189_DHA-CTRL_Cam3II_revWT_48.0h_STAGEADJ_noSchiz	lcr_frac	3245	-0.12317718666561378	1.9100208653636472e-12	-0.07229208381257457	3.757299290921973e-05	0.00015220228618406727	-0.05327562364747005	0.001131914218338137
GSE151189_DHA-CTRL_Cam3II_revWT_48.0h_STAGEADJ_noSchiz	length	3245	-0.06950227218209354	7.418242847063873e-05	0.022059258317381803	0.20901730055245937	0.00015220228618406727	-0.05327562364747005	0.001131914218338137
GSE151189_DHA-CTRL_Cam3II_revWT_48.0h_STAGEADJ_noSchiz	is_AP2	3245					0.1270671053551774	0.26047949490751	-0.006558219459912657
GSE151189_DHA-CTRL_Cam3II_revWT_48.0h_STAGEADJ_noSchiz	is_PUF	3245					0.9810630843530536	0.07137200035290238	-0.005882573447688
GSE151189_DHA-CTRL_Cam3II_revWT_48.0h_STAGEADJ_noSchiz	is_chromatin	3245					0.8898836252997415	-0.10735165768233718	-0.005207602595010595
GSE151189_DHA-CTRL_Cam3II_revWT_48.0h_STAGEADJ_noSchiz	is_RNAbind	3245					0.7294711615839051	0.040910635887294614	-0.005882573447688
GSE151189_DHA-CTRL_Dd2_C580Y_3.0h	asn_frac	5174	0.0025410503273364995	0.8550057884399074	-0.042501536001860254	0.002229678566251145	1.427140664264026e-05	0.02033690529166665	-0.0201295874999998
GSE151189_DHA-CTRL_Dd2_C580Y_3.0h	asn_out_lcr	5174	-0.017054952831419893	0.2199863373954626	-0.05634121508155609	5.015688239039813e-05	1.427140664264026e-05	0.02033690529166665	-0.0201295874999998
GSE151189_DHA-CTRL_Dd2_C580Y_3.0h	asn_in_lcr	5174	0.05933286782088907	1.94969280342755e-05	0.007907554068672521	0.569582859332517	1.427140664264026e-05	0.02033690529166665	-0.0201295874999998
GSE151189_DHA-CTRL_Dd2_C580Y_3.0h	polyN_maxrun	5174	0.04887194582585803	0.000437051817222939	-0.0118447688424874	0.3943115474667055	1.427140664264026e-05	0.02033690529166665	-0.0201295874999998
GSE151189_DHA-CTRL_Dd2_C580Y_3.0h	lcr_frac	5174	0.06457731435736412	3.3385519511565452e-06	0.01586670815446624	0.25382969897523816	1.427140664264026e-05	0.02033690529166665	-0.0201295874999998
GSE151189_DHA-CTRL_Dd2_C580Y_3.0h	length	5174	0.0888499392174904	1.5321120033173114e-10	0.005053686159415438	0.7162846119813244	1.427140664264026e-05	0.02033690529166665	-0.0201295874999998
GSE151189_DHA-CTRL_Dd2_C580Y_3.0h	is_AP2	5174					0.06104620056491297	0.0095746538333333	-0.0153563874444444
GSE151189_DHA-CTRL_Dd2_C580Y_3.0h	is_PUF	5174					0.38753291775570087	0.17145013277777776	-0.015221036555555501
GSE151189_DHA-CTRL_Dd2_C580Y_3.0h	is_chromatin	5174					0.3657058640239377	0.01945503624999995	-0.0153563874444444
GSE151189_DHA-CTRL_Dd2_C580Y_3.0h	is_RNAbind	5174					0.35371573777921084	0.0039606906666667	-0.0152120686666666
GSE151189_DHA-CTRL_Dd2_C580Y_3.0h_noSchiz	asn_frac	3648	0.006895037588620198	0.6771807139867874	-0.03807490835846283	0.02146410160148567	0.013440805668888209	0.0238664423333333	-0.0119091739999999
GSE151189_DHA-CTRL_Dd2_C580Y_3.0h_noSchiz	asn_out_lcr	3648	-0.012909970963672534	0.4356791111834868	-0.05210620718279209	0.0016427589097604686	0.013440805668888209	0.0238664423333333	-0.0119091739999999
GSE151189_DHA-CTRL_Dd2_C580Y_3.0h_noSchiz	asn_in_lcr	3648	0.0691817241917683	2.888751512756787e-05	0.018693582247691905	0.258990949891681	0.013440805668888209	0.0238664423333333	-0.0119091739999999
GSE151189_DHA-CTRL_Dd2_C580Y_3.0h_noSchiz	polyN_maxrun	3648	0.06123791788123236	0.0002148402762231554	0.0020615614504159493	0.9009407446351807	0.013440805668888209	0.0238664423333333	-0.0119091739999999
GSE151189_DHA-CTRL_Dd2_C580Y_3.0h_noSchiz	lcr_frac	3648	0.07333878398188307	9.249244225990238e-06	0.02596903886210639	0.11682922162669071	0.013440805668888209	0.0238664423333333	-0.0119091739999999
GSE151189_DHA-CTRL_Dd2_C580Y_3.0h_noSchiz	length	3648	0.09438290563923034	1.1204932754709425e-08	0.012853684317457547	0.43768314976109834	0.013440805668888209	0.0238664423333333	-0.0119091739999999
GSE151189_DHA-CTRL_Dd2_C580Y_3.0h_noSchiz	is_AP2	3648					0.047053502005531954	0.0400155701111111	-0.009130306166666598
GSE151189_DHA-CTRL_Dd2_C580Y_3.0h_noSchiz	is_PUF	3648					0.9017989832503699	0.0232862936666666	-0.0088538486666666
GSE151189_DHA-CTRL_Dd2_C580Y_3.0h_noSchiz	is_chromatin	3648					0.3630927642192907	0.0364286595	-0.0090076423333333
GSE151189_DHA-CTRL_Dd2_C580Y_3.0h_noSchiz	is_RNAbind	3648					0.5661047124020582	-0.0080989626666665	-0.008793865499999949
GSE151189_DHA-CTRL_Dd2_C580Y_3.0h_STAGEADJ	asn_frac	4782	0.010493614854556578	0.4681546734685307	-0.04107670010848063	0.004497334961772099	3.0540218584755446e-07	0.02983704703067318	-0.014285898851432909
GSE151189_DHA-CTRL_Dd2_C580Y_3.0h_STAGEADJ	asn_out_lcr	4782	-0.012983391010867932	0.36938249179408267	-0.057342246810470156	7.261240865076823e-05	3.0540218584755446e-07	0.02983704703067318	-0.014285898851432909
GSE151189_DHA-CTRL_Dd2_C580Y_3.0h_STAGEADJ	asn_in_lcr	4782	0.07046808305392396	1.0727573589452568e-06	0.011430372781071172	0.42938038845429305	3.0540218584755446e-07	0.02983704703067318	-0.014285898851432909
GSE151189_DHA-CTRL_Dd2_C580Y_3.0h_STAGEADJ	polyN_maxrun	4782	0.05676749638988017	8.575233614259182e-05	-0.013701950810504147	0.3434787228187641	3.0540218584755446e-07	0.02983704703067318	-0.014285898851432909
GSE151189_DHA-CTRL_Dd2_C580Y_3.0h_STAGEADJ	lcr_frac	4782	0.07359599593277259	3.489432455454197e-07	0.01781340437366992	0.21809542697069179	3.0540218584755446e-07	0.02983704703067318	-0.014285898851432909
GSE151189_DHA-CTRL_Dd2_C580Y_3.0h_STAGEADJ	length	4782	0.10225111817980949	1.364534205078368e-12	0.004237960405998255	0.7695311972069273	3.0540218584755446e-07	0.02983704703067318	-0.014285898851432909
GSE151189_DHA-CTRL_Dd2_C580Y_3.0h_STAGEADJ	is_AP2	4782					0.058009797530655924	0.020186633311608332	-0.009632298505091726
GSE151189_DHA-CTRL_Dd2_C580Y_3.0h_STAGEADJ	is_PUF	4782					0.4127778342475702	0.16925028321151525	-0.009238640920325069
GSE151189_DHA-CTRL_Dd2_C580Y_3.0h_STAGEADJ	is_chromatin	4782					0.2089944816284639	0.04268724123725301	-0.009597995726703225
GSE151189_DHA-CTRL_Dd2_C580Y_3.0h_STAGEADJ	is_RNAbind	4782					0.42802638802899984	0.008056890996979446	-0.009344169310707254
GSE151189_DHA-CTRL_Dd2_C580Y_3.0h_STAGEADJ_noSchiz	asn_frac	3256	0.007191670648419298	0.6816487392231044	-0.037280814412966996	0.033402058290273345	0.004839822425838737	0.027729883801261648	-0.009427168071442745
GSE151189_DHA-CTRL_Dd2_C580Y_3.0h_STAGEADJ_noSchiz	asn_out_lcr	3256	-0.017008197478423193	0.33194253542941476	-0.05501739413174551	0.0016863600269007922	0.004839822425838737	0.027729883801261648	-0.009427168071442745
GSE151189_DHA-CTRL_Dd2_C580Y_3.0h_STAGEADJ_noSchiz	asn_in_lcr	3256	0.07266434379237678	3.321530180514821e-05	0.022634906542401644	0.19661760108496118	0.004839822425838737	0.027729883801261648	-0.009427168071442745
GSE151189_DHA-CTRL_Dd2_C580Y_3.0h_STAGEADJ_noSchiz	polyN_maxrun	3256	0.060257058699167754	0.0005813784804059212	0.0006286398844995542	0.9713961569207997	0.004839822425838737	0.027729883801261648	-0.009427168071442745
GSE151189_DHA-CTRL_Dd2_C580Y_3.0h_STAGEADJ_noSchiz	lcr_frac	3256	0.07375782915245814	2.521732968655167e-05	0.026969399053910853	0.12390202510722122	0.004839822425838737	0.027729883801261648	-0.009427168071442745
GSE151189_DHA-CTRL_Dd2_C580Y_3.0h_STAGEADJ_noSchiz	length	3256	0.09559150355979709	4.628911968495312e-08	0.012691375795650947	0.469103566015315	0.004839822425838737	0.027729883801261648	-0.009427168071442745
GSE151189_DHA-CTRL_Dd2_C580Y_3.0h_STAGEADJ_noSchiz	is_AP2	3256					0.0850829844151288	0.013357298212208768	-0.0060468446680326665
GSE151189_DHA-CTRL_Dd2_C580Y_3.0h_STAGEADJ_noSchiz	is_PUF	3256					0.9270544055438363	0.019459532761219714	-0.005813347650957582
GSE151189_DHA-CTRL_Dd2_C580Y_3.0h_STAGEADJ_noSchiz	is_chromatin	3256					0.38708170070532133	0.03662681743470789	-0.0060166340334692845
GSE151189_DHA-CTRL_Dd2_C580Y_3.0h_STAGEADJ_noSchiz	is_RNAbind	3256					0.602517463490247	0.005929099674049634	-0.0060166340334692845
GSE151189_DHA-CTRL_Dd2_C580Y_6.0h	asn_frac	5173	0.09300100973488763	2.0575977119353147e-11	0.05217929755022092	0.000173637836878497	0.031491106177636896	0.03024003511111105	0.003569763
GSE151189_DHA-CTRL_Dd2_C580Y_6.0h	asn_out_lcr	5173	0.09380494157329029	1.3792934635861408e-11	0.058212233451955295	2.797268608527962e-05	0.031491106177636896	0.03024003511111105	0.003569763
GSE151189_DHA-CTRL_Dd2_C580Y_6.0h	asn_in_lcr	5173	0.06218117103959596	7.621765367771239e-06	0.014622310597873577	0.2930332142326846	0.031491106177636896	0.03024003511111105	0.003569763
GSE151189_DHA-CTRL_Dd2_C580Y_6.0h	polyN_maxrun	5173	0.08901951739411967	1.4194530993706265e-10	0.0331641751958997	0.01706215711873981	0.031491106177636896	0.03024003511111105	0.003569763
GSE151189_DHA-CTRL_Dd2_C580Y_6.0h	lcr_frac	5173	0.076416981518894	3.7359138223861327e-08	0.031299815771301795	0.024372746277121573	0.031491106177636896	0.03024003511111105	0.003569763
GSE151189_DHA-CTRL_Dd2_C580Y_6.0h	length	5173	0.08547266942800578	7.400316961540231e-10	0.008414838459375679	0.5451194128998618	0.031491106177636896	0.03024003511111105	0.003569763
GSE151189_DHA-CTRL_Dd2_C580Y_6.0h	is_AP2	5173					0.22795688773654976	0.05951791923333335	0.0067627011666667
GSE151189_DHA-CTRL_Dd2_C580Y_6.0h	is_PUF	5173					0.5556627934199432	0.0959628840000001	0.007128597
GSE151189_DHA-CTRL_Dd2_C580Y_6.0h	is_chromatin	5173					0.5389541794843098	-0.03381117141666665	0.0075378634999999
GSE151189_DHA-CTRL_Dd2_C580Y_6.0h	is_RNAbind	5173					0.44423506087402886	-0.0497560228333335	0.0075378634999999
GSE151189_DHA-CTRL_Dd2_C580Y_6.0h_noSchiz	asn_frac	3647	0.09351725085273827	1.5313788904852425e-08	0.047401934804852636	0.004193198176832902	0.3616978508226385	0.010863461095238	-0.0041968546666666
GSE151189_DHA-CTRL_Dd2_C580Y_6.0h_noSchiz	asn_out_lcr	3647	0.09204185251300831	2.571459742872135e-08	0.051998188852958364	0.0016823420062637635	0.3616978508226385	0.010863461095238	-0.0041968546666666
GSE151189_DHA-CTRL_Dd2_C580Y_6.0h_noSchiz	asn_in_lcr	3647	0.06923323672353071	2.856548819183408e-05	0.015937060254517757	0.3359609198503928	0.3616978508226385	0.010863461095238	-0.0041968546666666
GSE151189_DHA-CTRL_Dd2_C580Y_6.0h_noSchiz	polyN_maxrun	3647	0.09459988788396217	1.0416368405233475e-08	0.03282040613232057	0.04749135300648566	0.3616978508226385	0.010863461095238	-0.0041968546666666
GSE151189_DHA-CTRL_Dd2_C580Y_6.0h_noSchiz	lcr_frac	3647	0.08332487803355465	4.6781888216980246e-07	0.033026652030266654	0.04611349924261435	0.3616978508226385	0.010863461095238	-0.0041968546666666
GSE151189_DHA-CTRL_Dd2_C580Y_6.0h_noSchiz	length	3647	0.09495194783522044	9.181016547768598e-09	0.009178582851494293	0.5794967813438845	0.3616978508226385	0.010863461095238	-0.0041968546666666
GSE151189_DHA-CTRL_Dd2_C580Y_6.0h_noSchiz	is_AP2	3647					0.16101807641406618	0.06502808015000006	-0.0025219530000001
GSE151189_DHA-CTRL_Dd2_C580Y_6.0h_noSchiz	is_PUF	3647					0.8171498567272845	-0.1545188698333332	-0.00220258858333325
GSE151189_DHA-CTRL_Dd2_C580Y_6.0h_noSchiz	is_chromatin	3647					0.6366927936815643	0.02194667825	-0.00241123150000005
GSE151189_DHA-CTRL_Dd2_C580Y_6.0h_noSchiz	is_RNAbind	3647					0.51596308443419	-0.05280548199999995	-0.0015918573333333
GSE151189_DHA-CTRL_Dd2_C580Y_6.0h_STAGEADJ	asn_frac	4781	0.09051376345874118	3.6153512958117405e-10	0.05386408983315643	0.00019442550990975886	0.10558045315589448	0.015276877898568119	0.0025744382236446107
GSE151189_DHA-CTRL_Dd2_C580Y_6.0h_STAGEADJ	asn_out_lcr	4781	0.09275000458951742	1.315620970572681e-10	0.061164672420905404	2.3154593544269495e-05	0.10558045315589448	0.015276877898568119	0.0025744382236446107
GSE151189_DHA-CTRL_Dd2_C580Y_6.0h_STAGEADJ	asn_in_lcr	4781	0.05462094003709908	0.00015772144986152424	0.01205330914293473	0.40471181447490046	0.10558045315589448	0.015276877898568119	0.0025744382236446107
GSE151189_DHA-CTRL_Dd2_C580Y_6.0h_STAGEADJ	polyN_maxrun	4781	0.07660090846905972	1.1393976540916114e-07	0.025780517186921183	0.07468106176798804	0.10558045315589448	0.015276877898568119	0.0025744382236446107
GSE151189_DHA-CTRL_Dd2_C580Y_6.0h_STAGEADJ	lcr_frac	4781	0.0727371590337651	4.784748780400553e-07	0.03250930102748809	0.024585459144027336	0.10558045315589448	0.015276877898568119	0.0025744382236446107
GSE151189_DHA-CTRL_Dd2_C580Y_6.0h_STAGEADJ	length	4781	0.07800816553365214	6.638963717410995e-08	0.007580234726218602	0.6002756846708498	0.10558045315589448	0.015276877898568119	0.0025744382236446107
GSE151189_DHA-CTRL_Dd2_C580Y_6.0h_STAGEADJ	is_AP2	4781					0.3654410161420667	0.048799964783599444	0.004771830710724038
GSE151189_DHA-CTRL_Dd2_C580Y_6.0h_STAGEADJ	is_PUF	4781					0.5597119502781476	0.09621410124024427	0.005010270354290122
GSE151189_DHA-CTRL_Dd2_C580Y_6.0h_STAGEADJ	is_chromatin	4781					0.421757373258286	-0.043040467371900974	0.005313613738211704
GSE151189_DHA-CTRL_Dd2_C580Y_6.0h_STAGEADJ	is_RNAbind	4781					0.6265744083788989	-0.03003643497572657	0.005237712137452402
GSE151189_DHA-CTRL_Dd2_C580Y_6.0h_STAGEADJ_noSchiz	asn_frac	3255	0.0950476297293053	5.543447137070518e-08	0.04991520972991192	0.0043929353779855245	0.5551150906141268	0.005031734337455148	-0.0028836742303127417
GSE151189_DHA-CTRL_Dd2_C580Y_6.0h_STAGEADJ_noSchiz	asn_out_lcr	3255	0.0945350541945349	6.535139772227608e-08	0.05607597747765849	0.0013715588783094856	0.5551150906141268	0.005031734337455148	-0.0028836742303127417
GSE151189_DHA-CTRL_Dd2_C580Y_6.0h_STAGEADJ_noSchiz	asn_in_lcr	3255	0.06480133960385653	0.00021597865815502624	0.012919350334084824	0.46122557785006235	0.5551150906141268	0.005031734337455148	-0.0028836742303127417
GSE151189_DHA-CTRL_Dd2_C580Y_6.0h_STAGEADJ_noSchiz	polyN_maxrun	3255	0.08431043983460271	1.4583436489095976e-06	0.022764301657177147	0.1941388726366114	0.5551150906141268	0.005031734337455148	-0.0028836742303127417
GSE151189_DHA-CTRL_Dd2_C580Y_6.0h_STAGEADJ_noSchiz	lcr_frac	3255	0.08501279122738269	1.1909754058015733e-06	0.03617658416215756	0.03903182361961305	0.5551150906141268	0.005031734337455148	-0.0028836742303127417
GSE151189_DHA-CTRL_Dd2_C580Y_6.0h_STAGEADJ_noSchiz	length	3255	0.09449577127191568	6.617855954802881e-08	0.00879279841302408	0.6160410283145876	0.5551150906141268	0.005031734337455148	-0.0028836742303127417
GSE151189_DHA-CTRL_Dd2_C580Y_6.0h_STAGEADJ_noSchiz	is_AP2	3255					0.234396441404349	0.05273192255002462	-0.0025247826626099592
GSE151189_DHA-CTRL_Dd2_C580Y_6.0h_STAGEADJ_noSchiz	is_PUF	3255					0.8027061429740567	-0.15354748930842427	-0.002378847904717484
GSE151189_DHA-CTRL_Dd2_C580Y_6.0h_STAGEADJ_noSchiz	is_chromatin	3255					0.6620121625465134	0.018636034191836046	-0.0025247826626099592
GSE151189_DHA-CTRL_Dd2_C580Y_6.0h_STAGEADJ_noSchiz	is_RNAbind	3255					0.6947459180034352	-0.022523697961540325	-0.002229984528632186
GSE151189_DHA-CTRL_Dd2_C580Y_24.0h	asn_frac	5172	0.08736170207497455	3.108384005702964e-10	0.03532901571865581	0.011056046481180347	3.953302618122609e-05	0.0995156368333333	0.0330790868333333
GSE151189_DHA-CTRL_Dd2_C580Y_24.0h	asn_out_lcr	5172	0.07156861472432685	2.5726114739519544e-07	0.026408629476963152	0.057552453190070116	3.953302618122609e-05	0.0995156368333333	0.0330790868333333
GSE151189_DHA-CTRL_Dd2_C580Y_24.0h	asn_in_lcr	5172	0.07956520192196108	1.005714312318246e-08	0.019796637432810793	0.1545905148769612	3.953302618122609e-05	0.0995156368333333	0.0330790868333333
GSE151189_DHA-CTRL_Dd2_C580Y_24.0h	polyN_maxrun	5172	0.08854728508328288	1.7823074994553426e-10	0.01806915897171908	0.19385307906624152	3.953302618122609e-05	0.0995156368333333	0.0330790868333333
GSE151189_DHA-CTRL_Dd2_C580Y_24.0h	lcr_frac	5172	0.1055246142983598	2.7753279527439212e-14	0.04863863651895305	0.00046674089670622413	3.953302618122609e-05	0.0995156368333333	0.0330790868333333
GSE151189_DHA-CTRL_Dd2_C580Y_24.0h	length	5172	0.10845498112524744	5.244354006856782e-15	0.012205576878437804	0.38015847846660844	3.953302618122609e-05	0.0995156368333333	0.0330790868333333
GSE151189_DHA-CTRL_Dd2_C580Y_24.0h	is_AP2	5172					0.861273514768875	0.0370071836666667	0.041762064
GSE151189_DHA-CTRL_Dd2_C580Y_24.0h	is_PUF	5172					0.007908638333596571	0.9904397103333333	0.03988344883333325
GSE151189_DHA-CTRL_Dd2_C580Y_24.0h	is_chromatin	5172					0.46466251336358555	-0.0800684906333333	0.04241690866666665
GSE151189_DHA-CTRL_Dd2_C580Y_24.0h	is_RNAbind	5172					0.8465908465990878	0.0055985273333332	0.0425835156666666
GSE151189_DHA-CTRL_Dd2_C580Y_24.0h_noSchiz	asn_frac	3646	0.08318551207574795	4.906990770037133e-07	0.026769712434750792	0.1060624820232517	0.013562875648258579	0.0288434316	-0.0539756951666667
GSE151189_DHA-CTRL_Dd2_C580Y_24.0h_noSchiz	asn_out_lcr	3646	0.06770787784113828	4.283353165309556e-05	0.018791704872061173	0.2566293166793504	0.013562875648258579	0.0288434316	-0.0539756951666667
GSE151189_DHA-CTRL_Dd2_C580Y_24.0h_noSchiz	asn_in_lcr	3646	0.08137510134833345	8.65101498447466e-07	0.017439801289158466	0.2924459199854987	0.013562875648258579	0.0288434316	-0.0539756951666667
GSE151189_DHA-CTRL_Dd2_C580Y_24.0h_noSchiz	polyN_maxrun	3646	0.08218962762255647	6.712883732335334e-07	0.00804476250632433	0.6272500308581965	0.013562875648258579	0.0288434316	-0.0539756951666667
GSE151189_DHA-CTRL_Dd2_C580Y_24.0h_noSchiz	lcr_frac	3646	0.11394476627005196	5.18744235512219e-12	0.05382505365936733	0.0011487325512251768	0.013562875648258579	0.0288434316	-0.0539756951666667
GSE151189_DHA-CTRL_Dd2_C580Y_24.0h_noSchiz	length	3646	0.11206020165856377	1.15690595169264e-11	0.010717657881770279	0.5176633070815058	0.013562875648258579	0.0288434316	-0.0539756951666667
GSE151189_DHA-CTRL_Dd2_C580Y_24.0h_noSchiz	is_AP2	3646					0.9112770378975135	0.0028484515972221555	-0.043948088999999996
GSE151189_DHA-CTRL_Dd2_C580Y_24.0h_noSchiz	is_PUF	3646					0.02817882871008239	0.7713263539999999	-0.0450852719999999
GSE151189_DHA-CTRL_Dd2_C580Y_24.0h_noSchiz	is_chromatin	3646					0.9713086074656828	-0.0940635593333333	-0.0408711103333332
GSE151189_DHA-CTRL_Dd2_C580Y_24.0h_noSchiz	is_RNAbind	3646					0.3961841699106454	0.0118286184999999	-0.045170002416666605
GSE151189_DHA-CTRL_Dd2_C580Y_24.0h_STAGEADJ	asn_frac	4780	0.0950637833519952	4.5281996173885e-11	0.04355013091378144	0.0025988301626002994	1.5557636885098815e-05	0.09064396961333626	0.008193720733233496
GSE151189_DHA-CTRL_Dd2_C580Y_24.0h_STAGEADJ	asn_out_lcr	4780	0.07909740721236658	4.3566072110032615e-08	0.0350282816657784	0.01544048392490195	1.5557636885098815e-05	0.09064396961333626	0.008193720733233496
GSE151189_DHA-CTRL_Dd2_C580Y_24.0h_STAGEADJ	asn_in_lcr	4780	0.08174932420369864	1.514221733655609e-08	0.022159949225344658	0.12555405881599654	1.5557636885098815e-05	0.09064396961333626	0.008193720733233496
GSE151189_DHA-CTRL_Dd2_C580Y_24.0h_STAGEADJ	polyN_maxrun	4780	0.09249540524522043	1.4843924499097546e-10	0.021409175269111763	0.13888384496383768	1.5557636885098815e-05	0.09064396961333626	0.008193720733233496
GSE151189_DHA-CTRL_Dd2_C580Y_24.0h_STAGEADJ	lcr_frac	4780	0.10624164824224705	1.7819195453439544e-13	0.04983951286721183	0.0005668014031075296	1.5557636885098815e-05	0.09064396961333626	0.008193720733233496
GSE151189_DHA-CTRL_Dd2_C580Y_24.0h_STAGEADJ	length	4780	0.11394296531571269	2.7574216971903427e-15	0.01582108694491998	0.2741245439734266	1.5557636885098815e-05	0.09064396961333626	0.008193720733233496
GSE151189_DHA-CTRL_Dd2_C580Y_24.0h_STAGEADJ	is_AP2	4780					0.94580681433071	-0.032583504531293266	0.017657545348728525
GSE151189_DHA-CTRL_Dd2_C580Y_24.0h_STAGEADJ	is_PUF	4780					0.007993219655927131	0.9712885891635608	0.01754622008861438
GSE151189_DHA-CTRL_Dd2_C580Y_24.0h_STAGEADJ	is_chromatin	4780					0.4196852364348984	-0.0996910697420482	0.019085575477078433
GSE151189_DHA-CTRL_Dd2_C580Y_24.0h_STAGEADJ	is_RNAbind	4780					0.9553208090878968	-0.025251478198120077	0.019085575477078433
GSE151189_DHA-CTRL_Dd2_C580Y_24.0h_STAGEADJ_noSchiz	asn_frac	3254	0.10724047694953462	8.637230506835636e-10	0.0452014256260822	0.009914692760954988	0.003457144615124944	0.0037804895859283247	-0.08764817124944271
GSE151189_DHA-CTRL_Dd2_C580Y_24.0h_STAGEADJ_noSchiz	asn_out_lcr	3254	0.09070143309969837	2.1874889414451066e-07	0.03797020571216581	0.03031766171917829	0.003457144615124944	0.0037804895859283247	-0.08764817124944271
GSE151189_DHA-CTRL_Dd2_C580Y_24.0h_STAGEADJ_noSchiz	asn_in_lcr	3254	0.09374405476567985	8.449021525133756e-08	0.02352732632024282	0.17967409433317613	0.003457144615124944	0.0037804895859283247	-0.08764817124944271
GSE151189_DHA-CTRL_Dd2_C580Y_24.0h_STAGEADJ_noSchiz	polyN_maxrun	3254	0.10043719966349177	9.376085289953046e-09	0.017635740415414037	0.31455889691816014	0.003457144615124944	0.0037804895859283247	-0.08764817124944271
GSE151189_DHA-CTRL_Dd2_C580Y_24.0h_STAGEADJ_noSchiz	lcr_frac	3254	0.12477279930917777	9.150641227870177e-13	0.059293114382245105	0.0007144191762391836	0.003457144615124944	0.0037804895859283247	-0.08764817124944271
GSE151189_DHA-CTRL_Dd2_C580Y_24.0h_STAGEADJ_noSchiz	length	3254	0.13084529540106382	6.717062560354483e-14	0.01677161654879458	0.33886152811498993	0.003457144615124944	0.0037804895859283247	-0.08764817124944271
GSE151189_DHA-CTRL_Dd2_C580Y_24.0h_STAGEADJ_noSchiz	is_AP2	3254					0.9585569098019635	-0.11072459973815305	-0.07067514253502699
GSE151189_DHA-CTRL_Dd2_C580Y_24.0h_STAGEADJ_noSchiz	is_PUF	3254					0.028659810619368682	0.7523661493932668	-0.0717596003390334
GSE151189_DHA-CTRL_Dd2_C580Y_24.0h_STAGEADJ_noSchiz	is_chromatin	3254					0.9529876797450415	-0.11382307223236757	-0.07001987828819878
GSE151189_DHA-CTRL_Dd2_C580Y_24.0h_STAGEADJ_noSchiz	is_RNAbind	3254					0.5232292845615998	-0.010782552712905284	-0.07237861869777665
GSE151189_DHA-CTRL_Dd2_C580Y_32.0h	asn_frac	5167	0.06821218655004861	9.212795748105397e-07	0.05789977668005191	3.121318946719724e-05	0.020111009740401607	0.1098302881111111	0.01031035274999995
GSE151189_DHA-CTRL_Dd2_C580Y_32.0h	asn_out_lcr	5167	0.052722954497529693	0.00014971393703340502	0.04375138485583267	0.0016570364046638024	0.020111009740401607	0.1098302881111111	0.01031035274999995
GSE151189_DHA-CTRL_Dd2_C580Y_32.0h	asn_in_lcr	5167	0.063956517384045	4.206472268480452e-06	0.05229018896070261	0.00016965643414276123	0.020111009740401607	0.1098302881111111	0.01031035274999995
GSE151189_DHA-CTRL_Dd2_C580Y_32.0h	polyN_maxrun	5167	0.050490521994597734	0.0002825554174047753	0.03664273298693109	0.008433712191326543	0.020111009740401607	0.1098302881111111	0.01031035274999995
GSE151189_DHA-CTRL_Dd2_C580Y_32.0h	lcr_frac	5167	0.09134162079183361	4.769140280182366e-11	0.08027239253574867	7.556799670031683e-09	0.020111009740401607	0.1098302881111111	0.01031035274999995
GSE151189_DHA-CTRL_Dd2_C580Y_32.0h	length	5167	0.03901148623896993	0.005037799389987441	0.020212199710925242	0.14631064392914903	0.020111009740401607	0.1098302881111111	0.01031035274999995
GSE151189_DHA-CTRL_Dd2_C580Y_32.0h	is_AP2	5167					0.8382710050709148	0.10503182216666665	0.0234731341666666
GSE151189_DHA-CTRL_Dd2_C580Y_32.0h	is_PUF	5167					0.0043629989347100375	1.3620313620000002	0.0230025803333333
GSE151189_DHA-CTRL_Dd2_C580Y_32.0h	is_chromatin	5167					0.16288919689782266	0.00238904533333335	0.0236320969999999
GSE151189_DHA-CTRL_Dd2_C580Y_32.0h	is_RNAbind	5167					0.08721886310488235	0.1738956706666666	0.02220662148611105
GSE151189_DHA-CTRL_Dd2_C580Y_32.0h_noSchiz	asn_frac	3641	0.07408978665211628	7.632339595576504e-06	0.04658854996881556	0.0049273221367419455	0.08864525981657433	0.1394288033555556	0.0434156449166666
GSE151189_DHA-CTRL_Dd2_C580Y_32.0h_noSchiz	asn_out_lcr	3641	0.06018938686538077	0.0002791502628740028	0.03614344484299576	0.02919196629412471	0.08864525981657433	0.1394288033555556	0.0434156449166666
GSE151189_DHA-CTRL_Dd2_C580Y_32.0h_noSchiz	asn_in_lcr	3641	0.07500707435291486	5.875837155458936e-06	0.044444250671519525	0.007313935697930277	0.08864525981657433	0.1394288033555556	0.0434156449166666
GSE151189_DHA-CTRL_Dd2_C580Y_32.0h_noSchiz	polyN_maxrun	3641	0.06082171995704333	0.00024050450231323455	0.02475480593142534	0.1353225069575773	0.08864525981657433	0.1394288033555556	0.0434156449166666
GSE151189_DHA-CTRL_Dd2_C580Y_32.0h_noSchiz	lcr_frac	3641	0.1112620847518284	1.670730603902322e-11	0.08244225199120532	6.312709265072407e-07	0.08864525981657433	0.1394288033555556	0.0434156449166666
GSE151189_DHA-CTRL_Dd2_C580Y_32.0h_noSchiz	length	3641	0.06922050044739732	2.91004533885982e-05	0.01977326577226352	0.23293219227392803	0.08864525981657433	0.1394288033555556	0.0434156449166666
GSE151189_DHA-CTRL_Dd2_C580Y_32.0h_noSchiz	is_AP2	3641					0.3443299870317811	0.36908499541666673	0.0527069609999999
GSE151189_DHA-CTRL_Dd2_C580Y_32.0h_noSchiz	is_PUF	3641					0.019150785012785835	1.5074573363333337	0.052393842499999954
GSE151189_DHA-CTRL_Dd2_C580Y_32.0h_noSchiz	is_chromatin	3641					0.8881611987192201	0.2584725098333333	0.05207397141666665
GSE151189_DHA-CTRL_Dd2_C580Y_32.0h_noSchiz	is_RNAbind	3641					0.14701777613859238	0.2497404143333333	0.0501704391666666
GSE151189_DHA-CTRL_Dd2_C580Y_32.0h_STAGEADJ	asn_frac	4777	0.12590253825999637	2.4504373895881083e-18	0.07430634485983881	2.7253845317385386e-07	2.68956427874461e-06	0.10783352569607182	-0.03903307365446812
GSE151189_DHA-CTRL_Dd2_C580Y_32.0h_STAGEADJ	asn_out_lcr	4777	0.10428096716013772	5.00045301279076e-13	0.059936103981426535	3.395512628295818e-05	2.68956427874461e-06	0.10783352569607182	-0.03903307365446812
GSE151189_DHA-CTRL_Dd2_C580Y_32.0h_STAGEADJ	asn_in_lcr	4777	0.11873783977322908	1.815784561874148e-16	0.05976300320304746	3.57772189097113e-05	2.68956427874461e-06	0.10783352569607182	-0.03903307365446812
GSE151189_DHA-CTRL_Dd2_C580Y_32.0h_STAGEADJ	polyN_maxrun	4777	0.11073659370884913	1.6507698119937798e-14	0.03997176626486101	0.005726160879767262	2.68956427874461e-06	0.10783352569607182	-0.03903307365446812
GSE151189_DHA-CTRL_Dd2_C580Y_32.0h_STAGEADJ	lcr_frac	4777	0.1423588675953418	4.7368128376772796e-23	0.08635555818939733	2.256926814870091e-09	2.68956427874461e-06	0.10783352569607182	-0.03903307365446812
GSE151189_DHA-CTRL_Dd2_C580Y_32.0h_STAGEADJ	length	4777	0.1174298394763602	3.8776534671691704e-16	0.019611621840433146	0.17533810714354262	2.68956427874461e-06	0.10783352569607182	-0.03903307365446812
GSE151189_DHA-CTRL_Dd2_C580Y_32.0h_STAGEADJ	is_AP2	4777					0.29866260603291095	0.09564388728714596	-0.015339306968696915
GSE151189_DHA-CTRL_Dd2_C580Y_32.0h_STAGEADJ	is_PUF	4777					0.0050843691377183324	1.2509878093564792	-0.015810967059421505
GSE151189_DHA-CTRL_Dd2_C580Y_32.0h_STAGEADJ	is_chromatin	4777					0.7156603035865081	0.19659694539015127	-0.017203948929654045
GSE151189_DHA-CTRL_Dd2_C580Y_32.0h_STAGEADJ	is_RNAbind	4777					0.2880804329027885	0.05925601186828456	-0.01738612735365358
GSE151189_DHA-CTRL_Dd2_C580Y_32.0h_STAGEADJ_noSchiz	asn_frac	3251	0.10866956271375885	5.228370625076548e-10	0.06760026609071218	0.00011463165336302434	0.010568851224057174	0.0639775780747773	-0.05647016605874012
GSE151189_DHA-CTRL_Dd2_C580Y_32.0h_STAGEADJ_noSchiz	asn_out_lcr	3251	0.09430824976957881	7.15770908265075e-08	0.059137605536533584	0.0007420913424918546	0.010568851224057174	0.0639775780747773	-0.05647016605874012
GSE151189_DHA-CTRL_Dd2_C580Y_32.0h_STAGEADJ_noSchiz	asn_in_lcr	3251	0.09596303002040653	4.202415980648997e-08	0.050208654325302256	0.004190164440799555	0.010568851224057174	0.0639775780747773	-0.05647016605874012
GSE151189_DHA-CTRL_Dd2_C580Y_32.0h_STAGEADJ_noSchiz	polyN_maxrun	3251	0.08653149643819685	7.764885413376214e-07	0.03190287669813414	0.06894393415695103	0.010568851224057174	0.0639775780747773	-0.05647016605874012
GSE151189_DHA-CTRL_Dd2_C580Y_32.0h_STAGEADJ_noSchiz	lcr_frac	3251	0.12479960911487448	9.26789696501162e-13	0.08189125786409082	2.9352926139597187e-06	0.010568851224057174	0.0639775780747773	-0.05647016605874012
GSE151189_DHA-CTRL_Dd2_C580Y_32.0h_STAGEADJ_noSchiz	length	3251	0.09946854244890567	1.320664155475125e-08	0.023866660823297442	0.17367530444295315	0.010568851224057174	0.0639775780747773	-0.05647016605874012
GSE151189_DHA-CTRL_Dd2_C580Y_32.0h_STAGEADJ_noSchiz	is_AP2	3251					0.294500137267514	0.4470754196657474	-0.04052202364066157
GSE151189_DHA-CTRL_Dd2_C580Y_32.0h_STAGEADJ_noSchiz	is_PUF	3251					0.019733064768158164	1.3706029291010013	-0.04052202364066157
GSE151189_DHA-CTRL_Dd2_C580Y_32.0h_STAGEADJ_noSchiz	is_chromatin	3251					0.8544497667917353	0.2550082063949466	-0.04154128554733874
GSE151189_DHA-CTRL_Dd2_C580Y_32.0h_STAGEADJ_noSchiz	is_RNAbind	3251					0.23677776934017503	0.06732235368679095	-0.04390800290329182
GSE151189_DHA-CTRL_Dd2_C580Y_48.0h	asn_frac	5173	-0.017390534930207747	0.21108714674502804	0.021452059978833142	0.12290033093271611	0.01129134798605792	-0.0282243877777777	0.0252804765
GSE151189_DHA-CTRL_Dd2_C580Y_48.0h	asn_out_lcr	5173	0.008743992405542198	0.5295067212924163	0.04245618894275586	0.002256316227423991	0.01129134798605792	-0.0282243877777777	0.0252804765
GSE151189_DHA-CTRL_Dd2_C580Y_48.0h	asn_in_lcr	5173	-0.08092328229539987	5.59461333283551e-09	-0.03640379850860514	0.008831048152252151	0.01129134798605792	-0.0282243877777777	0.0252804765
GSE151189_DHA-CTRL_Dd2_C580Y_48.0h	polyN_maxrun	5173	-0.04819560457451276	0.0005251726937383535	0.004712177499166569	0.7347328223623808	0.01129134798605792	-0.0282243877777777	0.0252804765
GSE151189_DHA-CTRL_Dd2_C580Y_48.0h	lcr_frac	5173	-0.07248418032979632	1.7996284412660765e-07	-0.02994369566868591	0.03126999055307019	0.01129134798605792	-0.0282243877777777	0.0252804765
GSE151189_DHA-CTRL_Dd2_C580Y_48.0h	length	5173	-0.04733648956000721	0.0006599570197275157	0.02506460914278251	0.07145362017066513	0.01129134798605792	-0.0282243877777777	0.0252804765
GSE151189_DHA-CTRL_Dd2_C580Y_48.0h	is_AP2	5173					0.03335388745037674	0.27765672862499996	0.017450604
GSE151189_DHA-CTRL_Dd2_C580Y_48.0h	is_PUF	5173					0.21731973399984372	0.31154649166666665	0.0195933721666663
GSE151189_DHA-CTRL_Dd2_C580Y_48.0h	is_chromatin	5173					0.11548522193172113	0.10908104549999996	0.0195405771666666
GSE151189_DHA-CTRL_Dd2_C580Y_48.0h	is_RNAbind	5173					0.06283009758023168	-0.1892381640000001	0.02256313499999995
GSE151189_DHA-CTRL_Dd2_C580Y_48.0h_noSchiz	asn_frac	3647	-0.004947240155244065	0.7651955081857631	0.05193189980268455	0.001705523563754694	0.036235905634560944	-0.083117225	-0.03435754516666665
GSE151189_DHA-CTRL_Dd2_C580Y_48.0h_noSchiz	asn_out_lcr	3647	0.01895552359211778	0.2524403836664447	0.06862116466231666	3.3608418753651526e-05	0.036235905634560944	-0.083117225	-0.03435754516666665
GSE151189_DHA-CTRL_Dd2_C580Y_48.0h_noSchiz	asn_in_lcr	3647	-0.08252454721673151	6.022458937847319e-07	-0.01834846924295384	0.26795479391829613	0.036235905634560944	-0.083117225	-0.03435754516666665
GSE151189_DHA-CTRL_Dd2_C580Y_48.0h_noSchiz	polyN_maxrun	3647	-0.0478425782586724	0.0038536848010495813	0.028279999353592204	0.08771125130408088	0.036235905634560944	-0.083117225	-0.03435754516666665
GSE151189_DHA-CTRL_Dd2_C580Y_48.0h_noSchiz	lcr_frac	3647	-0.08240378553001494	6.25516647433765e-07	-0.021714203044792265	0.1898461509687377	0.036235905634560944	-0.083117225	-0.03435754516666665
GSE151189_DHA-CTRL_Dd2_C580Y_48.0h_noSchiz	length	3647	-0.07395894306925802	7.78536984120687e-06	0.030844399425498183	0.06253122370599518	0.036235905634560944	-0.083117225	-0.03435754516666665
GSE151189_DHA-CTRL_Dd2_C580Y_48.0h_noSchiz	is_AP2	3647					0.23459327109176664	0.25956912995833326	-0.0404517043333333
GSE151189_DHA-CTRL_Dd2_C580Y_48.0h_noSchiz	is_PUF	3647					0.34500477349624326	0.0206366139999999	-0.0404517043333333
GSE151189_DHA-CTRL_Dd2_C580Y_48.0h_noSchiz	is_chromatin	3647					0.7390801798266379	-0.0542006084444445	-0.040019733733333354
GSE151189_DHA-CTRL_Dd2_C580Y_48.0h_noSchiz	is_RNAbind	3647					0.13491611497207878	-0.19884202816666663	-0.0365722043333333
GSE151189_DHA-CTRL_Dd2_C580Y_48.0h_STAGEADJ	asn_frac	4782	-0.09387328955944878	7.81102235437229e-11	0.002249782596651995	0.8763983770496284	5.941107197449183e-07	-0.1270610903526257	-0.02798081050867056
GSE151189_DHA-CTRL_Dd2_C580Y_48.0h_STAGEADJ	asn_out_lcr	4782	-0.058010248392326734	5.97346523081361e-05	0.025008625272062164	0.08377063453623397	5.941107197449183e-07	-0.1270610903526257	-0.02798081050867056
GSE151189_DHA-CTRL_Dd2_C580Y_48.0h_STAGEADJ	asn_in_lcr	4782	-0.15425265995945195	7.491437956578674e-27	-0.04541425552250179	0.0016820735571007534	5.941107197449183e-07	-0.1270610903526257	-0.02798081050867056
GSE151189_DHA-CTRL_Dd2_C580Y_48.0h_STAGEADJ	polyN_maxrun	4782	-0.1373116849682279	1.4546490674012353e-21	-0.005803767647222455	0.6882429663296136	5.941107197449183e-07	-0.1270610903526257	-0.02798081050867056
GSE151189_DHA-CTRL_Dd2_C580Y_48.0h_STAGEADJ	lcr_frac	4782	-0.13971281013982279	2.827849096732103e-22	-0.03628171764513433	0.012103108455964177	5.941107197449183e-07	-0.1270610903526257	-0.02798081050867056
GSE151189_DHA-CTRL_Dd2_C580Y_48.0h_STAGEADJ	length	4782	-0.14333486300516549	2.262945996827029e-23	0.03796586017111856	0.008647718246564351	5.941107197449183e-07	-0.1270610903526257	-0.02798081050867056
GSE151189_DHA-CTRL_Dd2_C580Y_48.0h_STAGEADJ	is_AP2	4782					0.22343667738373751	0.1469308527779385	-0.03546415307491514
GSE151189_DHA-CTRL_Dd2_C580Y_48.0h_STAGEADJ	is_PUF	4782					0.13545745733172562	0.29151565227030196	-0.035262573261685706
GSE151189_DHA-CTRL_Dd2_C580Y_48.0h_STAGEADJ	is_chromatin	4782					0.6677496641801357	-0.124631455337846	-0.03436260936569684
GSE151189_DHA-CTRL_Dd2_C580Y_48.0h_STAGEADJ	is_RNAbind	4782					0.12200448084449671	-0.18007368795495104	-0.03363602260380728
GSE151189_DHA-CTRL_Dd2_C580Y_48.0h_STAGEADJ_noSchiz	asn_frac	3256	-0.05084810335721553	0.0037052138042655103	0.0280444334209056	0.109608784984999	0.0004359191965457981	-0.15589934575012246	-0.05681528703659752
GSE151189_DHA-CTRL_Dd2_C580Y_48.0h_STAGEADJ_noSchiz	asn_out_lcr	3256	-0.02195901330419825	0.21032171255073395	0.04565732766970991	0.00917059714512743	0.0004359191965457981	-0.15589934575012246	-0.05681528703659752
GSE151189_DHA-CTRL_Dd2_C580Y_48.0h_STAGEADJ_noSchiz	asn_in_lcr	3256	-0.11534525707778784	4.076384854955737e-11	-0.026981899966688615	0.12372784218086735	0.0004359191965457981	-0.15589934575012246	-0.05681528703659752
GSE151189_DHA-CTRL_Dd2_C580Y_48.0h_STAGEADJ_noSchiz	polyN_maxrun	3256	-0.0956142934943513	4.59487780440572e-08	0.01095044500985771	0.5322164196908975	0.0004359191965457981	-0.15589934575012246	-0.05681528703659752
GSE151189_DHA-CTRL_Dd2_C580Y_48.0h_STAGEADJ_noSchiz	lcr_frac	3256	-0.10626009715481531	1.2151369520446476e-09	-0.02323342747713553	0.18503816606727416	0.0004359191965457981	-0.15589934575012246	-0.05681528703659752
GSE151189_DHA-CTRL_Dd2_C580Y_48.0h_STAGEADJ_noSchiz	length	3256	-0.11224937778112239	1.3365709896530075e-10	0.03512117867860018	0.045079565853815576	0.0004359191965457981	-0.15589934575012246	-0.05681528703659752
GSE151189_DHA-CTRL_Dd2_C580Y_48.0h_STAGEADJ_noSchiz	is_AP2	3256					0.20016520772755708	0.2279186274920978	-0.06570872375297433
GSE151189_DHA-CTRL_Dd2_C580Y_48.0h_STAGEADJ_noSchiz	is_PUF	3256					0.29509736163783085	0.0054033880492745014	-0.06548530250420223
GSE151189_DHA-CTRL_Dd2_C580Y_48.0h_STAGEADJ_noSchiz	is_chromatin	3256					0.7886634611459571	-0.12431683341371863	-0.06449575826988417
GSE151189_DHA-CTRL_Dd2_C580Y_48.0h_STAGEADJ_noSchiz	is_RNAbind	3256					0.12365451567473323	-0.2011394695283424	-0.06201996541964104
GSE151189_DHA-CTRL_Dd2_R539T_3.0h	asn_frac	5173	0.06595754123580863	2.055132765889657e-06	0.07416671772434122	9.274072512654801e-08	0.021623537987841238	-0.0034760432499999503	0.0318002829999999
GSE151189_DHA-CTRL_Dd2_R539T_3.0h	asn_out_lcr	5173	0.08953163559975144	1.1123436953945686e-10	0.0966736815055502	3.220253388468216e-12	0.021623537987841238	-0.0034760432499999503	0.0318002829999999
GSE151189_DHA-CTRL_Dd2_R539T_3.0h	asn_in_lcr	5173	-0.030769344977747737	0.026895557559722314	-0.02113431765009745	0.12854667326937563	0.021623537987841238	-0.0034760432499999503	0.0318002829999999
GSE151189_DHA-CTRL_Dd2_R539T_3.0h	polyN_maxrun	5173	-0.0020496482266980295	0.8828300800275315	0.009202142213312758	0.5081603083728609	0.021623537987841238	-0.0034760432499999503	0.0318002829999999
GSE151189_DHA-CTRL_Dd2_R539T_3.0h	lcr_frac	5173	-0.021530294742933172	0.12154024069127523	-0.012282049776848485	0.3771343247307175	0.021623537987841238	-0.0034760432499999503	0.0318002829999999
GSE151189_DHA-CTRL_Dd2_R539T_3.0h	length	5173	-0.05256424440137672	0.0001553801380003447	-0.03700730682052646	0.007768567948421354	0.021623537987841238	-0.0034760432499999503	0.0318002829999999
GSE151189_DHA-CTRL_Dd2_R539T_3.0h	is_AP2	5173					0.08017513878064335	0.0524015120277777	0.0248762389999999
GSE151189_DHA-CTRL_Dd2_R539T_3.0h	is_PUF	5173					0.9678075984664252	0.00106153675000005	0.025402651888889
GSE151189_DHA-CTRL_Dd2_R539T_3.0h	is_chromatin	5173					0.057277707258217764	-0.03446282363888875	0.0255534626666665
GSE151189_DHA-CTRL_Dd2_R539T_3.0h	is_RNAbind	5173					0.7579209586784137	0.014360923	0.0253000079444445
GSE151189_DHA-CTRL_Dd2_R539T_3.0h_noSchiz	asn_frac	3647	0.09275433200186248	2.0040509804604775e-08	0.09166361775824199	2.9331319772316282e-08	0.19892939768631834	0.0012465184999999	0.033029562416666644
GSE151189_DHA-CTRL_Dd2_R539T_3.0h_noSchiz	asn_out_lcr	3647	0.11119692936507697	1.6526990462739088e-11	0.1102584636585585	2.4449165734137072e-11	0.19892939768631834	0.0012465184999999	0.033029562416666644
GSE151189_DHA-CTRL_Dd2_R539T_3.0h_noSchiz	asn_in_lcr	3647	-0.0044322559634810965	0.7890262815234472	-0.00569408149124853	0.731032238984811	0.19892939768631834	0.0012465184999999	0.033029562416666644
GSE151189_DHA-CTRL_Dd2_R539T_3.0h_noSchiz	polyN_maxrun	3647	0.02021694434517987	0.22223163527055653	0.018773751762278818	0.2570188012638419	0.19892939768631834	0.0012465184999999	0.033029562416666644
GSE151189_DHA-CTRL_Dd2_R539T_3.0h_noSchiz	lcr_frac	3647	0.0035186565385485007	0.8317786988321234	0.0023172101417941143	0.8887473318452332	0.19892939768631834	0.0012465184999999	0.033029562416666644
GSE151189_DHA-CTRL_Dd2_R539T_3.0h_noSchiz	length	3647	-0.04330524564784534	0.00890835063555077	-0.04528887114270325	0.006228958573793019	0.19892939768631834	0.0012465184999999	0.033029562416666644
GSE151189_DHA-CTRL_Dd2_R539T_3.0h_noSchiz	is_AP2	3647					0.05107811898820828	0.0577690061166667	0.0273489754999999
GSE151189_DHA-CTRL_Dd2_R539T_3.0h_noSchiz	is_PUF	3647					0.6240445698012168	-0.0085121173333333	0.0291012971666666
GSE151189_DHA-CTRL_Dd2_R539T_3.0h_noSchiz	is_chromatin	3647					0.7276566735658889	0.0553264053333334	0.02809190994444435
GSE151189_DHA-CTRL_Dd2_R539T_3.0h_noSchiz	is_RNAbind	3647					0.40714998298307603	0.0124980569166667	0.0289419703333333
GSE151189_DHA-CTRL_Dd2_R539T_3.0h_STAGEADJ	asn_frac	4781	0.07487332778832423	2.1831951720315575e-07	0.07959426143791218	3.5714000497475365e-08	0.02805275528382777	-0.015584067596015109	0.017517491187738675
GSE151189_DHA-CTRL_Dd2_R539T_3.0h_STAGEADJ	asn_out_lcr	4781	0.09992125174008377	4.373295854649618e-12	0.1039811217572705	5.702390807798142e-13	0.02805275528382777	-0.015584067596015109	0.017517491187738675
GSE151189_DHA-CTRL_Dd2_R539T_3.0h_STAGEADJ	asn_in_lcr	4781	-0.026677945332748997	0.0651122768999528	-0.02111698340398056	0.14431479451466697	0.02805275528382777	-0.015584067596015109	0.017517491187738675
GSE151189_DHA-CTRL_Dd2_R539T_3.0h_STAGEADJ	polyN_maxrun	4781	0.0007126189593623339	0.9607112992214243	0.007278387128552257	0.6148675931343197	0.02805275528382777	-0.015584067596015109	0.017517491187738675
GSE151189_DHA-CTRL_Dd2_R539T_3.0h_STAGEADJ	lcr_frac	4781	-0.01858491764085369	0.1988534792259035	-0.013257734272912219	0.35940280162186944	0.02805275528382777	-0.015584067596015109	0.017517491187738675
GSE151189_DHA-CTRL_Dd2_R539T_3.0h_STAGEADJ	length	4781	-0.047772146154019125	0.0009524204916540808	-0.03861564732085373	0.00757681480763486	0.02805275528382777	-0.015584067596015109	0.017517491187738675
GSE151189_DHA-CTRL_Dd2_R539T_3.0h_STAGEADJ	is_AP2	4781					0.08238585231386993	0.04005520461147663	0.012689318276316825
GSE151189_DHA-CTRL_Dd2_R539T_3.0h_STAGEADJ	is_PUF	4781					0.962569238793279	-0.010405227646006925	0.013425109574404428
GSE151189_DHA-CTRL_Dd2_R539T_3.0h_STAGEADJ	is_chromatin	4781					0.06589379350350845	-0.04354908785657707	0.01346832058314117
GSE151189_DHA-CTRL_Dd2_R539T_3.0h_STAGEADJ	is_RNAbind	4781					0.7075630547127014	0.0022556347470172513	0.013425109574404428
GSE151189_DHA-CTRL_Dd2_R539T_3.0h_STAGEADJ_noSchiz	asn_frac	3255	0.10772643869193413	7.199021436365205e-10	0.10212590649664365	5.233115195232421e-09	0.15667632265507236	-0.011736532501791686	0.019183299964894943
GSE151189_DHA-CTRL_Dd2_R539T_3.0h_STAGEADJ_noSchiz	asn_out_lcr	3255	0.12750102876409514	2.850254773311898e-13	0.1227704025780556	2.0909067765912085e-12	0.15667632265507236	-0.011736532501791686	0.019183299964894943
GSE151189_DHA-CTRL_Dd2_R539T_3.0h_STAGEADJ_noSchiz	asn_in_lcr	3255	0.0024190739390922184	0.8902707130799482	-0.004214470606492522	0.810054866652602	0.15667632265507236	-0.011736532501791686	0.019183299964894943
GSE151189_DHA-CTRL_Dd2_R539T_3.0h_STAGEADJ_noSchiz	polyN_maxrun	3255	0.025525486871587025	0.14539996262822605	0.017751658200013343	0.31131378714695673	0.15667632265507236	-0.011736532501791686	0.019183299964894943
GSE151189_DHA-CTRL_Dd2_R539T_3.0h_STAGEADJ_noSchiz	lcr_frac	3255	0.008498187336505036	0.6279130958705745	0.002141058399928402	0.9028149228114677	0.15667632265507236	-0.011736532501791686	0.019183299964894943
GSE151189_DHA-CTRL_Dd2_R539T_3.0h_STAGEADJ_noSchiz	length	3255	-0.03761559457970711	0.031872747076334924	-0.04847004408365866	0.005676490925899651	0.15667632265507236	-0.011736532501791686	0.019183299964894943
GSE151189_DHA-CTRL_Dd2_R539T_3.0h_STAGEADJ_noSchiz	is_AP2	3255					0.05579125473827726	0.04218139488690865	0.01344740315281242
GSE151189_DHA-CTRL_Dd2_R539T_3.0h_STAGEADJ_noSchiz	is_PUF	3255					0.6401959853394057	-0.01982534354554219	0.014129410766260418
GSE151189_DHA-CTRL_Dd2_R539T_3.0h_STAGEADJ_noSchiz	is_chromatin	3255					0.687541417717958	0.044038831869270906	0.013698601123525273
GSE151189_DHA-CTRL_Dd2_R539T_3.0h_STAGEADJ_noSchiz	is_RNAbind	3255					0.372503492178881	-0.0009851117464716574	0.014129410766260418
GSE151189_DHA-CTRL_Dd2_R539T_6.0h	asn_frac	5175	0.12226796490673389	1.0785035279802308e-18	0.09296481560064304	2.0763291445404323e-11	0.019841246165156878	0.0309987996666665	0.0175484959999999
GSE151189_DHA-CTRL_Dd2_R539T_6.0h	asn_out_lcr	5175	0.12337738968583063	5.226083705452673e-19	0.09790110028407073	1.6889623793724176e-12	0.019841246165156878	0.0309987996666665	0.0175484959999999
GSE151189_DHA-CTRL_Dd2_R539T_6.0h	asn_in_lcr	5175	0.06151307860853609	9.50139260236275e-06	0.02724038446112653	0.050054889295374244	0.019841246165156878	0.0309987996666665	0.0175484959999999
GSE151189_DHA-CTRL_Dd2_R539T_6.0h	polyN_maxrun	5175	0.08425056817779139	1.2782820631061241e-09	0.044498370289983005	0.0013651823222033549	0.019841246165156878	0.0309987996666665	0.0175484959999999
GSE151189_DHA-CTRL_Dd2_R539T_6.0h	lcr_frac	5175	0.06867596960058842	7.61356432830369e-07	0.03581253615505078	0.009981561186160427	0.019841246165156878	0.0309987996666665	0.0175484959999999
GSE151189_DHA-CTRL_Dd2_R539T_6.0h	length	5175	0.04114655278203132	0.003071224926866249	-0.013974692574198111	0.3148437459240529	0.019841246165156878	0.0309987996666665	0.0175484959999999
GSE151189_DHA-CTRL_Dd2_R539T_6.0h	is_AP2	5175					0.02534186485708675	0.08533018995833325	0.0188712206666666
GSE151189_DHA-CTRL_Dd2_R539T_6.0h	is_PUF	5175					0.3164074842504281	0.16456754608333318	0.0191341281111112
GSE151189_DHA-CTRL_Dd2_R539T_6.0h	is_chromatin	5175					0.4066974327636942	-0.007972815916666601	0.0192399631666666
GSE151189_DHA-CTRL_Dd2_R539T_6.0h	is_RNAbind	5175					0.7269425339492825	0.0014095266666668	0.019213426777777848
GSE151189_DHA-CTRL_Dd2_R539T_6.0h_noSchiz	asn_frac	3649	0.12984907245509547	3.422250011464741e-15	0.09691658714402493	4.457794545593339e-09	0.04041976758201189	0.0311775134999999	0.017099631583333302
GSE151189_DHA-CTRL_Dd2_R539T_6.0h_noSchiz	asn_out_lcr	3649	0.1295399413916549	3.980187589568931e-15	0.10106139712610251	9.452606103113364e-10	0.04041976758201189	0.0311775134999999	0.017099631583333302
GSE151189_DHA-CTRL_Dd2_R539T_6.0h_noSchiz	asn_in_lcr	3649	0.06860990836186129	3.3541603739104625e-05	0.030302076624273217	0.06721267639196436	0.04041976758201189	0.0311775134999999	0.017099631583333302
GSE151189_DHA-CTRL_Dd2_R539T_6.0h_noSchiz	polyN_maxrun	3649	0.08686210806853009	1.4785374372267905e-07	0.043183753127168864	0.009082788779857619	0.04041976758201189	0.0311775134999999	0.017099631583333302
GSE151189_DHA-CTRL_Dd2_R539T_6.0h_noSchiz	lcr_frac	3649	0.07810473772874676	2.3162639142408648e-06	0.04168025864153316	0.011802030911149546	0.04041976758201189	0.0311775134999999	0.017099631583333302
GSE151189_DHA-CTRL_Dd2_R539T_6.0h_noSchiz	length	3649	0.043526097519760026	0.008547927694408205	-0.01732160990610121	0.2955307180400298	0.04041976758201189	0.0311775134999999	0.017099631583333302
GSE151189_DHA-CTRL_Dd2_R539T_6.0h_noSchiz	is_AP2	3649					0.005668764971586262	0.17129670724999996	0.0186447146666666
GSE151189_DHA-CTRL_Dd2_R539T_6.0h_noSchiz	is_PUF	3649					0.8579359579552682	0.1584741511666667	0.01883740188888875
GSE151189_DHA-CTRL_Dd2_R539T_6.0h_noSchiz	is_chromatin	3649					0.3452591252480677	0.0678781068333331	0.018776157555555298
GSE151189_DHA-CTRL_Dd2_R539T_6.0h_noSchiz	is_RNAbind	3649					0.8222424811145499	0.02144377105555565	0.0188712206666666
GSE151189_DHA-CTRL_Dd2_R539T_6.0h_STAGEADJ	asn_frac	4783	0.12278144049247064	1.5748612914997687e-17	0.0973684451688554	1.4968404491949052e-11	0.027880637669057597	0.006010649184180369	-0.0012233185228681213
GSE151189_DHA-CTRL_Dd2_R539T_6.0h_STAGEADJ	asn_out_lcr	4783	0.12420336897116784	6.639265125254928e-18	0.10241646348771338	1.2487558405515436e-12	0.027880637669057597	0.006010649184180369	-0.0012233185228681213
GSE151189_DHA-CTRL_Dd2_R539T_6.0h_STAGEADJ	asn_in_lcr	4783	0.05823681638608287	5.5781256764510424e-05	0.028368353548289656	0.04978394809301358	0.027880637669057597	0.006010649184180369	-0.0012233185228681213
GSE151189_DHA-CTRL_Dd2_R539T_6.0h_STAGEADJ	polyN_maxrun	4783	0.08015418873929478	2.842250583946469e-08	0.045091616705618884	0.001812977562088536	0.027880637669057597	0.006010649184180369	-0.0012233185228681213
GSE151189_DHA-CTRL_Dd2_R539T_6.0h_STAGEADJ	lcr_frac	4783	0.062443174026137596	1.5489407937800483e-05	0.03380618578383451	0.019383764505287976	0.027880637669057597	0.006010649184180369	-0.0012233185228681213
GSE151189_DHA-CTRL_Dd2_R539T_6.0h_STAGEADJ	length	4783	0.03698687054588429	0.010521845785525322	-0.012078686076361273	0.4036249078635714	0.027880637669057597	0.006010649184180369	-0.0012233185228681213
GSE151189_DHA-CTRL_Dd2_R539T_6.0h_STAGEADJ	is_AP2	4783					0.0556186864545844	0.04573357792070809	-3.5136758640983215e-05
GSE151189_DHA-CTRL_Dd2_R539T_6.0h_STAGEADJ	is_PUF	4783					0.3057248167933472	0.14920076086648043	0.00011272249107562374
GSE151189_DHA-CTRL_Dd2_R539T_6.0h_STAGEADJ	is_chromatin	4783					0.35374250006492924	-0.024257452458951497	0.0003695459419043902
GSE151189_DHA-CTRL_Dd2_R539T_6.0h_STAGEADJ	is_RNAbind	4783					0.6372073095983127	0.023377189888069774	0.00011272249107562374
GSE151189_DHA-CTRL_Dd2_R539T_6.0h_STAGEADJ_noSchiz	asn_frac	3257	0.13855131546032504	1.9824224335181046e-15	0.10410543587596155	2.5972589317900335e-09	0.055774019552572385	0.011676602497918609	0.0021202791716008543
GSE151189_DHA-CTRL_Dd2_R539T_6.0h_STAGEADJ_noSchiz	asn_out_lcr	3257	0.13782910604233445	2.7747771695070253e-15	0.1086120241221667	5.14835235099739e-10	0.055774019552572385	0.011676602497918609	0.0021202791716008543
GSE151189_DHA-CTRL_Dd2_R539T_6.0h_STAGEADJ_noSchiz	asn_in_lcr	3257	0.07224151484356679	3.680976948878057e-05	0.03216557219674344	0.06643700888463945	0.055774019552572385	0.011676602497918609	0.0021202791716008543
GSE151189_DHA-CTRL_Dd2_R539T_6.0h_STAGEADJ_noSchiz	polyN_maxrun	3257	0.09014369641734796	2.563090976545577e-07	0.04362797140085556	0.012771292564568649	0.055774019552572385	0.011676602497918609	0.0021202791716008543
GSE151189_DHA-CTRL_Dd2_R539T_6.0h_STAGEADJ_noSchiz	lcr_frac	3257	0.07840093411509808	7.480746379770591e-06	0.040294476122575744	0.021467360276793128	0.055774019552572385	0.011676602497918609	0.0021202791716008543
GSE151189_DHA-CTRL_Dd2_R539T_6.0h_STAGEADJ_noSchiz	length	3257	0.05075103035975102	0.0037660184939063155	-0.014660758821260769	0.40292135080580005	0.055774019552572385	0.011676602497918609	0.0021202791716008543
GSE151189_DHA-CTRL_Dd2_R539T_6.0h_STAGEADJ_noSchiz	is_AP2	3257					0.009587623110233394	0.15073416819002014	0.002280846157741937
GSE151189_DHA-CTRL_Dd2_R539T_6.0h_STAGEADJ_noSchiz	is_PUF	3257					0.8525930988826644	0.14412728448304565	0.0028914839829525703
GSE151189_DHA-CTRL_Dd2_R539T_6.0h_STAGEADJ_noSchiz	is_chromatin	3257					0.3638388827573342	0.04586342867944899	0.0027032359114221947
GSE151189_DHA-CTRL_Dd2_R539T_6.0h_STAGEADJ_noSchiz	is_RNAbind	3257					0.7606693387568876	0.03132117759654013	0.0027032359114221947
GSE151189_DHA-CTRL_Dd2_R539T_24.0h	asn_frac	5174	0.12972698305174166	7.344006446396778e-21	0.0855567800168906	7.094731595867615e-10	2.5887733940625354e-08	0.19518274608333336	0.048584895333333294
GSE151189_DHA-CTRL_Dd2_R539T_24.0h	asn_out_lcr	5174	0.11305185424802094	3.4609493736387783e-16	0.07488494062287251	6.93742268241215e-08	2.5887733940625354e-08	0.19518274608333336	0.048584895333333294
GSE151189_DHA-CTRL_Dd2_R539T_24.0h	asn_in_lcr	5174	0.10528295770768602	3.1418806221387055e-14	0.053736079054069276	0.00011012628528622533	2.5887733940625354e-08	0.19518274608333336	0.048584895333333294
GSE151189_DHA-CTRL_Dd2_R539T_24.0h	polyN_maxrun	5174	0.10112575015192501	3.0773865778720106e-13	0.04066674167209437	0.0034370052873803542	2.5887733940625354e-08	0.19518274608333336	0.048584895333333294
GSE151189_DHA-CTRL_Dd2_R539T_24.0h	lcr_frac	5174	0.13695335311234821	4.3585043870879823e-23	0.08773937242365842	2.585200946550204e-10	2.5887733940625354e-08	0.19518274608333336	0.048584895333333294
GSE151189_DHA-CTRL_Dd2_R539T_24.0h	length	5174	0.09601408067794345	4.495204820287897e-12	0.012780927470096603	0.35801492637869203	2.5887733940625354e-08	0.19518274608333336	0.048584895333333294
GSE151189_DHA-CTRL_Dd2_R539T_24.0h	is_AP2	5174					0.459137430750184	0.0816597507083333	0.06922906285317454
GSE151189_DHA-CTRL_Dd2_R539T_24.0h	is_PUF	5174					0.008123769060903032	0.8347517925555555	0.0687240121388889
GSE151189_DHA-CTRL_Dd2_R539T_24.0h	is_chromatin	5174					0.12136487911743989	-0.0955225145555555	0.0698052152499999
GSE151189_DHA-CTRL_Dd2_R539T_24.0h	is_RNAbind	5174					0.8908579233168583	0.0506096626666666	0.0696456969999999
GSE151189_DHA-CTRL_Dd2_R539T_24.0h_noSchiz	asn_frac	3648	0.13187098664845726	1.2743632003440134e-15	0.08071132239360775	1.0546844330748676e-06	6.489809058516291e-06	0.1419613891111111	-0.0292976673333333
GSE151189_DHA-CTRL_Dd2_R539T_24.0h_noSchiz	asn_out_lcr	3648	0.11441152577628423	4.1874889045954465e-12	0.07009740903740143	2.2596932267247922e-05	6.489809058516291e-06	0.1419613891111111	-0.0292976673333333
GSE151189_DHA-CTRL_Dd2_R539T_24.0h_noSchiz	asn_in_lcr	3648	0.11707967972421637	1.308175431835068e-12	0.058532753116595	0.0004045129062030901	6.489809058516291e-06	0.1419613891111111	-0.0292976673333333
GSE151189_DHA-CTRL_Dd2_R539T_24.0h_noSchiz	polyN_maxrun	3648	0.09792597257658425	3.088550584288061e-09	0.0301672718031488	0.06847722576171295	6.489809058516291e-06	0.1419613891111111	-0.0292976673333333
GSE151189_DHA-CTRL_Dd2_R539T_24.0h_noSchiz	lcr_frac	3648	0.15548652408051625	3.5384887186147204e-21	0.10008749806527634	1.3756955542244471e-09	6.489809058516291e-06	0.1419613891111111	-0.0292976673333333
GSE151189_DHA-CTRL_Dd2_R539T_24.0h_noSchiz	length	3648	0.1028700680059436	4.735933291999143e-10	0.009652995438663067	0.5599997296561424	6.489809058516291e-06	0.1419613891111111	-0.0292976673333333
GSE151189_DHA-CTRL_Dd2_R539T_24.0h_noSchiz	is_AP2	3648					0.3077455164159828	0.1050072313333333	-0.0049386524166666005
GSE151189_DHA-CTRL_Dd2_R539T_24.0h_noSchiz	is_PUF	3648					0.023053122488978853	0.8121900839999999	-0.0045400088333333
GSE151189_DHA-CTRL_Dd2_R539T_24.0h_noSchiz	is_chromatin	3648					0.9564187225165237	0.1166583825555555	-0.0045400088333333
GSE151189_DHA-CTRL_Dd2_R539T_24.0h_noSchiz	is_RNAbind	3648					0.9113072770465123	-0.043607499666666605	-0.00371071833333325
GSE151189_DHA-CTRL_Dd2_R539T_24.0h_STAGEADJ	asn_frac	4782	0.1591962001190878	1.6300631034365787e-28	0.10668717401913559	1.3948227714289125e-13	2.6059383682364694e-10	0.152017324844299	-0.016809614680370594
GSE151189_DHA-CTRL_Dd2_R539T_24.0h_STAGEADJ	asn_out_lcr	4782	0.14152860234842363	8.039045634691566e-23	0.09685882548273221	1.9195222896517015e-11	2.6059383682364694e-10	0.152017324844299	-0.016809614680370594
GSE151189_DHA-CTRL_Dd2_R539T_24.0h_STAGEADJ	asn_in_lcr	4782	0.12304896465106122	1.3500657737201035e-17	0.06107879301652705	2.3728766797678624e-05	2.6059383682364694e-10	0.152017324844299	-0.016809614680370594
GSE151189_DHA-CTRL_Dd2_R539T_24.0h_STAGEADJ	polyN_maxrun	4782	0.12620330174795716	1.9529425204005053e-18	0.05261773316852017	0.0002724345518901552	2.6059383682364694e-10	0.152017324844299	-0.016809614680370594
GSE151189_DHA-CTRL_Dd2_R539T_24.0h_STAGEADJ	lcr_frac	4782	0.15101984034696497	8.558546425312475e-26	0.09221799167162203	1.6696381523856424e-10	2.6059383682364694e-10	0.152017324844299	-0.016809614680370594
GSE151189_DHA-CTRL_Dd2_R539T_24.0h_STAGEADJ	length	4782	0.12232821340952836	2.0855242811754623e-17	0.019515724759721142	0.1772318901697528	2.6059383682364694e-10	0.152017324844299	-0.016809614680370594
GSE151189_DHA-CTRL_Dd2_R539T_24.0h_STAGEADJ	is_AP2	4782					0.3519273571809678	0.03449765301482182	0.005314213019579291
GSE151189_DHA-CTRL_Dd2_R539T_24.0h_STAGEADJ	is_PUF	4782					0.008478248139921669	0.7749494040375056	0.004883303752948806
GSE151189_DHA-CTRL_Dd2_R539T_24.0h_STAGEADJ	is_chromatin	4782					0.16535540093401202	-0.13147181444307146	0.0057098487286550426
GSE151189_DHA-CTRL_Dd2_R539T_24.0h_STAGEADJ	is_RNAbind	4782					0.7046945507029561	-0.011890212493875136	0.005621478042891459
GSE151189_DHA-CTRL_Dd2_R539T_24.0h_STAGEADJ_noSchiz	asn_frac	3256	0.1823861630873365	9.469589999850127e-26	0.11972611762665453	7.192449258515966e-12	2.726725891186443e-07	0.08170490453669968	-0.11586483012253504
GSE151189_DHA-CTRL_Dd2_R539T_24.0h_STAGEADJ_noSchiz	asn_out_lcr	3256	0.16331980160463538	6.6785424638018875e-21	0.11020503581512672	2.8773080472928557e-10	2.726725891186443e-07	0.08170490453669968	-0.11586483012253504
GSE151189_DHA-CTRL_Dd2_R539T_24.0h_STAGEADJ_noSchiz	asn_in_lcr	3256	0.14509833497516614	8.766896494212336e-17	0.0730340628167275	3.0274070956549564e-05	2.726725891186443e-07	0.08170490453669968	-0.11586483012253504
GSE151189_DHA-CTRL_Dd2_R539T_24.0h_STAGEADJ_noSchiz	polyN_maxrun	3256	0.13849468517085867	2.0556304813180013e-15	0.053779511727304136	0.002142194510896993	2.726725891186443e-07	0.08170490453669968	-0.11586483012253504
GSE151189_DHA-CTRL_Dd2_R539T_24.0h_STAGEADJ_noSchiz	lcr_frac	3256	0.1782299477024537	1.2044826902213203e-24	0.11091253748665514	2.2101583637899366e-10	2.726725891186443e-07	0.08170490453669968	-0.11586483012253504
GSE151189_DHA-CTRL_Dd2_R539T_24.0h_STAGEADJ_noSchiz	length	3256	0.13879103249915287	1.7899596859602434e-15	0.020915806900327284	0.23280794969485805	2.726725891186443e-07	0.08170490453669968	-0.11586483012253504
GSE151189_DHA-CTRL_Dd2_R539T_24.0h_STAGEADJ_noSchiz	is_AP2	3256					0.2720870166287723	0.07093963851230115	-0.09254725758572134
GSE151189_DHA-CTRL_Dd2_R539T_24.0h_STAGEADJ_noSchiz	is_PUF	3256					0.0229266455294384	0.751788586934929	-0.09238223707387128
GSE151189_DHA-CTRL_Dd2_R539T_24.0h_STAGEADJ_noSchiz	is_chromatin	3256					0.8997407260427034	0.062468197072480545	-0.09238223707387128
GSE151189_DHA-CTRL_Dd2_R539T_24.0h_STAGEADJ_noSchiz	is_RNAbind	3256					0.995064418330696	-0.11727172396978394	-0.0899860559738156
GSE151189_DHA-CTRL_Dd2_R539T_32.0h	asn_frac	5174	-0.009628975616550834	0.4886447654197412	0.0760491145249386	4.3293181827304905e-08	1.5811391838126854e-05	-0.02518434424999995	0.1051832765
GSE151189_DHA-CTRL_Dd2_R539T_32.0h	asn_out_lcr	5174	-0.003484757045179611	0.8021229256700781	0.07071290775646652	3.5512635223636076e-07	1.5811391838126854e-05	-0.02518434424999995	0.1051832765
GSE151189_DHA-CTRL_Dd2_R539T_32.0h	asn_in_lcr	5174	-0.04469483909135456	0.0013010264328607978	0.052668320190650805	0.00015054117808163263	1.5811391838126854e-05	-0.02518434424999995	0.1051832765
GSE151189_DHA-CTRL_Dd2_R539T_32.0h	polyN_maxrun	5174	-0.06369236287778572	4.540439665996119e-06	0.051595315832265135	0.0002049349401423777	1.5811391838126854e-05	-0.02518434424999995	0.1051832765
GSE151189_DHA-CTRL_Dd2_R539T_32.0h	lcr_frac	5174	-0.025740133380029194	0.0641176942365865	0.06705186851102617	1.3836623830370323e-06	1.5811391838126854e-05	-0.02518434424999995	0.1051832765
GSE151189_DHA-CTRL_Dd2_R539T_32.0h	length	5174	-0.12237574099197221	1.0132066489516114e-18	0.03550440637295017	0.010648144656807721	1.5811391838126854e-05	-0.02518434424999995	0.1051832765
GSE151189_DHA-CTRL_Dd2_R539T_32.0h	is_AP2	5174					0.5701513252565249	-0.041216638083333354	0.08978084420833315
GSE151189_DHA-CTRL_Dd2_R539T_32.0h	is_PUF	5174					0.03257939261867338	0.8822305978333335	0.08920786241666664
GSE151189_DHA-CTRL_Dd2_R539T_32.0h	is_chromatin	5174					0.007064247662436711	-0.2259203703333333	0.0903620840277777
GSE151189_DHA-CTRL_Dd2_R539T_32.0h	is_RNAbind	5174					0.125119010503026	0.1637111375	0.0879417706666666
GSE151189_DHA-CTRL_Dd2_R539T_32.0h_noSchiz	asn_frac	3648	0.028518395828152545	0.0850272659168487	0.08874941140481178	7.912751463263933e-08	0.004460595126169433	0.1088471259444443	0.1938070380000001
GSE151189_DHA-CTRL_Dd2_R539T_32.0h_noSchiz	asn_out_lcr	3648	0.03106149205927657	0.06067139654597392	0.08353368969482433	4.3623074785089287e-07	0.004460595126169433	0.1088471259444443	0.1938070380000001
GSE151189_DHA-CTRL_Dd2_R539T_32.0h_noSchiz	asn_in_lcr	3648	-0.011501522145432295	0.48739277387943203	0.05566744811103046	0.0007690615055933911	0.004460595126169433	0.1088471259444443	0.1938070380000001
GSE151189_DHA-CTRL_Dd2_R539T_32.0h_noSchiz	polyN_maxrun	3648	-0.026018379529987774	0.1161354865880126	0.05338502440951175	0.001257177375907471	0.004460595126169433	0.1088471259444443	0.1938070380000001
GSE151189_DHA-CTRL_Dd2_R539T_32.0h_noSchiz	lcr_frac	3648	0.011263690934137963	0.4964408672176359	0.07462614073861133	6.4198677135117945e-06	0.004460595126169433	0.1088471259444443	0.1938070380000001
GSE151189_DHA-CTRL_Dd2_R539T_32.0h_noSchiz	length	3648	-0.07351763473065547	8.794846966810467e-06	0.036158958096733175	0.02896821091858587	0.004460595126169433	0.1088471259444443	0.1938070380000001
GSE151189_DHA-CTRL_Dd2_R539T_32.0h_noSchiz	is_AP2	3648					0.534871226509668	0.5482675601666667	0.18340043750000004
GSE151189_DHA-CTRL_Dd2_R539T_32.0h_noSchiz	is_PUF	3648					0.0778847674223429	1.2663553173333335	0.183457715
GSE151189_DHA-CTRL_Dd2_R539T_32.0h_noSchiz	is_chromatin	3648					0.5289580527154101	0.3310616528333333	0.183457715
GSE151189_DHA-CTRL_Dd2_R539T_32.0h_noSchiz	is_RNAbind	3648					0.6736457050279726	0.17770030450000004	0.18376950599999994
GSE151189_DHA-CTRL_Dd2_R539T_32.0h_STAGEADJ	asn_frac	4782	0.0909057305564252	3.020694849773886e-10	0.0958196123758522	3.143908243329787e-11	0.9977730191247635	-0.04007250228966014	-0.04188139380261503
GSE151189_DHA-CTRL_Dd2_R539T_32.0h_STAGEADJ	asn_out_lcr	4782	0.08701229921037612	1.6709792700283653e-09	0.09121932973601524	2.6236168576001207e-10	0.9977730191247635	-0.04007250228966014	-0.04188139380261503
GSE151189_DHA-CTRL_Dd2_R539T_32.0h_STAGEADJ	asn_in_lcr	4782	0.05554312319463268	0.00012159850002576641	0.061204550308010384	2.2826532934910755e-05	0.9977730191247635	-0.04007250228966014	-0.04188139380261503
GSE151189_DHA-CTRL_Dd2_R539T_32.0h_STAGEADJ	polyN_maxrun	4782	0.044075672230872234	0.002299059194502297	0.050833418878309375	0.0004371326633496218	0.9977730191247635	-0.04007250228966014	-0.04188139380261503
GSE151189_DHA-CTRL_Dd2_R539T_32.0h_STAGEADJ	lcr_frac	4782	0.06654301094125012	4.115063051154899e-06	0.07193722176321365	6.366478426280123e-07	0.9977730191247635	-0.04007250228966014	-0.04188139380261503
GSE151189_DHA-CTRL_Dd2_R539T_32.0h_STAGEADJ	length	4782	0.010237891738106353	0.47906684533114363	0.019565416988589143	0.17613116133757203	0.9977730191247635	-0.04007250228966014	-0.04188139380261503
GSE151189_DHA-CTRL_Dd2_R539T_32.0h_STAGEADJ	is_AP2	4782					0.17574823662622674	0.2791472167341418	-0.04222794038599578
GSE151189_DHA-CTRL_Dd2_R539T_32.0h_STAGEADJ	is_PUF	4782					0.04352434850655223	0.6912737089409545	-0.04216892645866875
GSE151189_DHA-CTRL_Dd2_R539T_32.0h_STAGEADJ	is_chromatin	4782					0.8615349743309275	0.05664877274334537	-0.041995653166978376
GSE151189_DHA-CTRL_Dd2_R539T_32.0h_STAGEADJ	is_RNAbind	4782					0.49085436418182193	0.009271873083913126	-0.04216892645866875
GSE151189_DHA-CTRL_Dd2_R539T_32.0h_STAGEADJ_noSchiz	asn_frac	3256	0.06592535587824291	0.00016692124770114667	0.10442341947056828	2.3351673899172237e-09	0.1595568065140327	-0.031501728732217786	0.005894933261761062
GSE151189_DHA-CTRL_Dd2_R539T_32.0h_STAGEADJ_noSchiz	asn_out_lcr	3256	0.06962623445175233	7.000497987521004e-05	0.10242484554352149	4.694102715298162e-09	0.1595568065140327	-0.031501728732217786	0.005894933261761062
GSE151189_DHA-CTRL_Dd2_R539T_32.0h_STAGEADJ_noSchiz	asn_in_lcr	3256	0.01455227423803841	0.40648347921188943	0.058094669448623584	0.0009115594519648004	0.1595568065140327	-0.031501728732217786	0.005894933261761062
GSE151189_DHA-CTRL_Dd2_R539T_32.0h_STAGEADJ_noSchiz	polyN_maxrun	3256	0.0025992847908243794	0.8821359622593001	0.054667138202439514	0.0018053352691548453	0.1595568065140327	-0.031501728732217786	0.005894933261761062
GSE151189_DHA-CTRL_Dd2_R539T_32.0h_STAGEADJ_noSchiz	lcr_frac	3256	0.022922077440072852	0.1909972335964887	0.06417294475047484	0.0002481446639563793	0.1595568065140327	-0.031501728732217786	0.005894933261761062
GSE151189_DHA-CTRL_Dd2_R539T_32.0h_STAGEADJ_noSchiz	length	3256	-0.03405665518273087	0.05199962227501056	0.038013086853359	0.030080416197691775	0.1595568065140327	-0.031501728732217786	0.005894933261761062
GSE151189_DHA-CTRL_Dd2_R539T_32.0h_STAGEADJ_noSchiz	is_AP2	3256					0.24022631478606882	0.3774781209602562	0.0002191016782570332
GSE151189_DHA-CTRL_Dd2_R539T_32.0h_STAGEADJ_noSchiz	is_PUF	3256					0.08013151065518835	1.065149438808956	0.0020605854301631865
GSE151189_DHA-CTRL_Dd2_R539T_32.0h_STAGEADJ_noSchiz	is_chromatin	3256					0.6309184711799151	0.13471971115301912	0.001573866558625181
GSE151189_DHA-CTRL_Dd2_R539T_32.0h_STAGEADJ_noSchiz	is_RNAbind	3256					0.9542705964511484	-0.003176616995097775	0.002233473642268613
GSE151189_DHA-CTRL_Dd2_R539T_48.0h	asn_frac	5174	-0.045683261613160234	0.0010128137078360834	0.03161077667884508	0.022978106167440088	1.3307172272482554e-05	-0.0594764984166666	0.0365972348333333
GSE151189_DHA-CTRL_Dd2_R539T_48.0h	asn_out_lcr	5174	-0.01436375837605165	0.30160563751727876	0.052701570674365913	0.00014909551204881478	1.3307172272482554e-05	-0.0594764984166666	0.0365972348333333
GSE151189_DHA-CTRL_Dd2_R539T_48.0h	asn_in_lcr	5174	-0.12813639193957724	2.1857442990647237e-20	-0.03893893400042675	0.005089979104664641	1.3307172272482554e-05	-0.0594764984166666	0.0365972348333333
GSE151189_DHA-CTRL_Dd2_R539T_48.0h	polyN_maxrun	5174	-0.09228270220243973	2.920319340198857e-11	0.013541319736993886	0.33013425169067356	1.3307172272482554e-05	-0.0594764984166666	0.0365972348333333
GSE151189_DHA-CTRL_Dd2_R539T_48.0h	lcr_frac	5174	-0.13205733445450435	1.4497220859578397e-21	-0.04701531213914234	0.000717274902705317	1.3307172272482554e-05	-0.0594764984166666	0.0365972348333333
GSE151189_DHA-CTRL_Dd2_R539T_48.0h	length	5174	-0.11781481349229996	1.862601614942885e-17	0.027779759916518192	0.04570414915221523	1.3307172272482554e-05	-0.0594764984166666	0.0365972348333333
GSE151189_DHA-CTRL_Dd2_R539T_48.0h	is_AP2	5174					0.1624932086890758	0.19120510245833328	0.027611191611111148
GSE151189_DHA-CTRL_Dd2_R539T_48.0h	is_PUF	5174					0.8816765647954454	-0.0084706693611111	0.028299427000000002
GSE151189_DHA-CTRL_Dd2_R539T_48.0h	is_chromatin	5174					0.4012042290654345	0.0919743463333334	0.0279085068518518
GSE151189_DHA-CTRL_Dd2_R539T_48.0h	is_RNAbind	5174					0.029359964099025436	-0.0825675911666666	0.0300930179999998
GSE151189_DHA-CTRL_Dd2_R539T_48.0h_noSchiz	asn_frac	3648	-0.03262895874678405	0.048770199066482216	0.06588297139345262	6.827817634053918e-05	7.929969436249113e-05	-0.1319208962222222	-0.0245070583333332
GSE151189_DHA-CTRL_Dd2_R539T_48.0h_noSchiz	asn_out_lcr	3648	-7.535819302647391e-05	0.9963696575566481	0.08567588142389874	2.1896977046026078e-07	7.929969436249113e-05	-0.1319208962222222	-0.0245070583333332
GSE151189_DHA-CTRL_Dd2_R539T_48.0h_noSchiz	asn_in_lcr	3648	-0.13601820919885324	1.572384792076629e-16	-0.02374266159530018	0.1516476279881835	7.929969436249113e-05	-0.1319208962222222	-0.0245070583333332
GSE151189_DHA-CTRL_Dd2_R539T_48.0h_noSchiz	polyN_maxrun	3648	-0.09763107781223382	3.444264254902904e-09	0.03438142819166746	0.03784819929008855	7.929969436249113e-05	-0.1319208962222222	-0.0245070583333332
GSE151189_DHA-CTRL_Dd2_R539T_48.0h_noSchiz	lcr_frac	3648	-0.15023491143996098	7.327546034801949e-20	-0.0441932346612496	0.007594113254519369	7.929969436249113e-05	-0.1319208962222222	-0.0245070583333332
GSE151189_DHA-CTRL_Dd2_R539T_48.0h_noSchiz	length	3648	-0.148956415989092	1.5078599240716217e-19	0.03395861866614924	0.040272384024149815	7.929969436249113e-05	-0.1319208962222222	-0.0245070583333332
GSE151189_DHA-CTRL_Dd2_R539T_48.0h_noSchiz	is_AP2	3648					0.4374415179319807	0.09709665724999995	-0.0357882273333333
GSE151189_DHA-CTRL_Dd2_R539T_48.0h_noSchiz	is_PUF	3648					0.654916387686744	-0.0481032071666666	-0.0354817003333333
GSE151189_DHA-CTRL_Dd2_R539T_48.0h_noSchiz	is_chromatin	3648					0.7917040739226175	-0.1681752187777779	-0.0352121543888889
GSE151189_DHA-CTRL_Dd2_R539T_48.0h_noSchiz	is_RNAbind	3648					0.06473097144649954	-0.1509500665	-0.0337954463333333
GSE151189_DHA-CTRL_Dd2_R539T_48.0h_STAGEADJ	asn_frac	4782	-0.12111048355194523	4.3228411904078206e-17	0.017453251421212526	0.2275462600171223	5.354121807918912e-12	-0.19039732135813353	-0.0376175992763484
GSE151189_DHA-CTRL_Dd2_R539T_48.0h_STAGEADJ	asn_out_lcr	4782	-0.07986739570007566	3.1953287165025104e-08	0.03977459910050254	0.005943853615725846	5.354121807918912e-12	-0.19039732135813353	-0.0376175992763484
GSE151189_DHA-CTRL_Dd2_R539T_48.0h_STAGEADJ	asn_in_lcr	4782	-0.20375758110489367	5.4651717036549535e-46	-0.0455076705089945	0.0016452967210502563	5.354121807918912e-12	-0.19039732135813353	-0.0376175992763484
GSE151189_DHA-CTRL_Dd2_R539T_48.0h_STAGEADJ	polyN_maxrun	4782	-0.1805430593681603	2.5469276933301865e-36	0.010370724786186154	0.4733813641486737	5.354121807918912e-12	-0.19039732135813353	-0.0376175992763484
GSE151189_DHA-CTRL_Dd2_R539T_48.0h_STAGEADJ	lcr_frac	4782	-0.20232769207270201	2.3401768306576722e-45	-0.05221521165415113	0.0003034851206040785	5.354121807918912e-12	-0.19039732135813353	-0.0376175992763484
GSE151189_DHA-CTRL_Dd2_R539T_48.0h_STAGEADJ	length	4782	-0.2171062653250309	4.060301763596409e-52	0.04795950348401187	0.0009081460593932171	5.354121807918912e-12	-0.19039732135813353	-0.0376175992763484
GSE151189_DHA-CTRL_Dd2_R539T_48.0h_STAGEADJ	is_AP2	4782					0.7393113992983588	0.017724581195011482	-0.051760837009165124
GSE151189_DHA-CTRL_Dd2_R539T_48.0h_STAGEADJ	is_PUF	4782					0.686359029001316	-0.0326968773806678	-0.051689209724030113
GSE151189_DHA-CTRL_Dd2_R539T_48.0h_STAGEADJ	is_chromatin	4782					0.29610956837103897	-0.2136427642401027	-0.049536715915940645
GSE151189_DHA-CTRL_Dd2_R539T_48.0h_STAGEADJ	is_RNAbind	4782					0.08548238750982304	-0.14776350642737313	-0.0500912653879651
GSE151189_DHA-CTRL_Dd2_R539T_48.0h_STAGEADJ_noSchiz	asn_frac	3256	-0.06868871334574014	8.759833893925744e-05	0.052363166802952145	0.0028005960336682898	4.4964021375767936e-07	-0.2117399179103886	-0.07628397846591803
GSE151189_DHA-CTRL_Dd2_R539T_48.0h_STAGEADJ_noSchiz	asn_out_lcr	3256	-0.03053844900293005	0.08145544069930581	0.0733174548554716	2.8188921523083267e-05	4.4964021375767936e-07	-0.2117399179103886	-0.07628397846591803
GSE151189_DHA-CTRL_Dd2_R539T_48.0h_STAGEADJ_noSchiz	asn_in_lcr	3256	-0.1648239417945912	2.8998795591184005e-21	-0.02917954081927489	0.09596469528711384	4.4964021375767936e-07	-0.2117399179103886	-0.07628397846591803
GSE151189_DHA-CTRL_Dd2_R539T_48.0h_STAGEADJ_noSchiz	polyN_maxrun	3256	-0.13713819442950395	3.8583225506119055e-15	0.0263773953198973	0.13237185074384844	4.4964021375767936e-07	-0.2117399179103886	-0.07628397846591803
GSE151189_DHA-CTRL_Dd2_R539T_48.0h_STAGEADJ_noSchiz	lcr_frac	3256	-0.17154569271733233	6.327651205494338e-23	-0.04455810719885397	0.010995767330765925	4.4964021375767936e-07	-0.2117399179103886	-0.07628397846591803
GSE151189_DHA-CTRL_Dd2_R539T_48.0h_STAGEADJ_noSchiz	length	3256	-0.18500712199198757	1.845361895353173e-26	0.04181602080295647	0.017023169069606776	4.4964021375767936e-07	-0.2117399179103886	-0.07628397846591803
GSE151189_DHA-CTRL_Dd2_R539T_48.0h_STAGEADJ_noSchiz	is_AP2	3256					0.3914427573333876	0.017724581195011482	-0.08811049106994669
GSE151189_DHA-CTRL_Dd2_R539T_48.0h_STAGEADJ_noSchiz	is_PUF	3256					0.5727164256164792	-0.04826044612998287	-0.08803398337239458
GSE151189_DHA-CTRL_Dd2_R539T_48.0h_STAGEADJ_noSchiz	is_chromatin	3256					0.7336759153934624	-0.26012353502014646	-0.08679273207435012
GSE151189_DHA-CTRL_Dd2_R539T_48.0h_STAGEADJ_noSchiz	is_RNAbind	3256					0.07765142077561865	-0.20499289410240973	-0.08649708392614588
GSE151189_DHA-CTRL_Dd2_WT_3.0h	asn_frac	5176	0.16463380034214742	8.974611849748178e-33	0.04661186216683716	0.0007951521945399122	1.0791458765292955e-21	0.0419753704583333	-0.0299274805416666
GSE151189_DHA-CTRL_Dd2_WT_3.0h	asn_out_lcr	5176	0.14175153048793887	1.2137864247492536e-24	0.03924115946829083	0.004748935776717298	1.0791458765292955e-21	0.0419753704583333	-0.0299274805416666
GSE151189_DHA-CTRL_Dd2_WT_3.0h	asn_in_lcr	5176	0.16964897161584658	1.0056537627894308e-34	0.03307086843871571	0.017343638885128687	1.0791458765292955e-21	0.0419753704583333	-0.0299274805416666
GSE151189_DHA-CTRL_Dd2_WT_3.0h	polyN_maxrun	5176	0.17598000458362661	2.8350040923448136e-37	0.014899969843663029	0.28382320944742545	1.0791458765292955e-21	0.0419753704583333	-0.0299274805416666
GSE151189_DHA-CTRL_Dd2_WT_3.0h	lcr_frac	5176	0.17436623999897624	1.2936792957143227e-36	0.04417658923336473	0.0014776189853298728	1.0791458765292955e-21	0.0419753704583333	-0.0299274805416666
GSE151189_DHA-CTRL_Dd2_WT_3.0h	length	5176	0.20402240740438785	9.23691525068052e-50	-0.019246234283507253	0.16621978648473212	1.0791458765292955e-21	0.0419753704583333	-0.0299274805416666
GSE151189_DHA-CTRL_Dd2_WT_3.0h	is_AP2	5176					0.0010831225615606892	0.1065376606111111	-0.02259319983333325
GSE151189_DHA-CTRL_Dd2_WT_3.0h	is_PUF	5176					0.049256954557339125	0.1385376441666666	-0.022066659083333252
GSE151189_DHA-CTRL_Dd2_WT_3.0h	is_chromatin	5176					0.0914652183136635	0.027036917	-0.02221034966666665
GSE151189_DHA-CTRL_Dd2_WT_3.0h	is_RNAbind	5176					0.4174076096382633	0.0073681738333333	-0.0221603616666666
GSE151189_DHA-CTRL_Dd2_WT_3.0h_noSchiz	asn_frac	3649	0.1791578578000141	1.066845365793883e-27	0.05196600193218217	0.001688590215036192	1.1348725755087557e-15	0.0486562606666667	-0.031903542166666646
GSE151189_DHA-CTRL_Dd2_WT_3.0h_noSchiz	asn_out_lcr	3649	0.15587916625233852	2.7742792789672246e-21	0.04598845615173067	0.005460365826257455	1.1348725755087557e-15	0.0486562606666667	-0.031903542166666646
GSE151189_DHA-CTRL_Dd2_WT_3.0h_noSchiz	asn_in_lcr	3649	0.1863409526706936	7.248907055690663e-30	0.03990691833700135	0.01591802271867854	1.1348725755087557e-15	0.0486562606666667	-0.031903542166666646
GSE151189_DHA-CTRL_Dd2_WT_3.0h_noSchiz	polyN_maxrun	3649	0.1970099892972203	2.977092854355683e-33	0.02661148028277192	0.10799903228832808	1.1348725755087557e-15	0.0486562606666667	-0.031903542166666646
GSE151189_DHA-CTRL_Dd2_WT_3.0h_noSchiz	lcr_frac	3649	0.18707717376859298	4.295408132986171e-30	0.04790272480684911	0.0037997127876175075	1.1348725755087557e-15	0.0486562606666667	-0.031903542166666646
GSE151189_DHA-CTRL_Dd2_WT_3.0h_noSchiz	length	3649	0.22683890059401507	8.461931150465377e-44	-0.01034809568519521	0.532037023518804	1.1348725755087557e-15	0.0486562606666667	-0.031903542166666646
GSE151189_DHA-CTRL_Dd2_WT_3.0h_noSchiz	is_AP2	3649					0.0013573276208818203	0.1146742449166666	-0.0248745143333333
GSE151189_DHA-CTRL_Dd2_WT_3.0h_noSchiz	is_PUF	3649					0.2058437445511948	0.0570759188333333	-0.02386354124999995
GSE151189_DHA-CTRL_Dd2_WT_3.0h_noSchiz	is_chromatin	3649					0.03151306516947641	0.0859395613333333	-0.02447806152777775
GSE151189_DHA-CTRL_Dd2_WT_3.0h_noSchiz	is_RNAbind	3649					0.4249045786000444	8.43402500000502e-05	-0.0240066098333333
GSE151189_DHA-CTRL_Dd2_WT_3.0h_STAGEADJ	asn_frac	4784	0.16251413337043294	1.1331912746622402e-29	0.050906064559039704	0.00042772898020677875	2.6484519409043113e-19	0.06034223309735305	-0.012937291427446148
GSE151189_DHA-CTRL_Dd2_WT_3.0h_STAGEADJ	asn_out_lcr	4784	0.13785642073539642	9.864305288330323e-22	0.04205627824092552	0.0036211028109033815	2.6484519409043113e-19	0.06034223309735305	-0.012937291427446148
GSE151189_DHA-CTRL_Dd2_WT_3.0h_STAGEADJ	asn_in_lcr	4784	0.1653754331985447	1.1109939423358093e-30	0.03651516303431771	0.011543285134351988	2.6484519409043113e-19	0.06034223309735305	-0.012937291427446148
GSE151189_DHA-CTRL_Dd2_WT_3.0h_STAGEADJ	polyN_maxrun	4784	0.1667994002442953	3.4430282658661357e-31	0.012333416696138385	0.39373230971771267	2.6484519409043113e-19	0.06034223309735305	-0.012937291427446148
GSE151189_DHA-CTRL_Dd2_WT_3.0h_STAGEADJ	lcr_frac	4784	0.17215911799857025	3.8116630899970806e-33	0.049475875357782216	0.0006187175617199191	2.6484519409043113e-19	0.06034223309735305	-0.012937291427446148
GSE151189_DHA-CTRL_Dd2_WT_3.0h_STAGEADJ	length	4784	0.1940311777454715	8.381605265555962e-42	-0.021432379287007846	0.13829113373076682	2.6484519409043113e-19	0.06034223309735305	-0.012937291427446148
GSE151189_DHA-CTRL_Dd2_WT_3.0h_STAGEADJ	is_AP2	4784					0.0031531248300067814	0.1073620429532872	-0.006323547577048606
GSE151189_DHA-CTRL_Dd2_WT_3.0h_STAGEADJ	is_PUF	4784					0.051081042177066174	0.15364057737812584	-0.00580134772326582
GSE151189_DHA-CTRL_Dd2_WT_3.0h_STAGEADJ	is_chromatin	4784					0.14554487842462904	0.03575810449029374	-0.005867294374167671
GSE151189_DHA-CTRL_Dd2_WT_3.0h_STAGEADJ	is_RNAbind	4784					0.21223471298052088	0.025622777661649835	-0.0059509166906675515
GSE151189_DHA-CTRL_Dd2_WT_3.0h_STAGEADJ_noSchiz	asn_frac	3257	0.18201342898386189	1.172440889419302e-25	0.05802419921644179	0.0009231122708008142	2.424759568279533e-14	0.0695376681313119	-0.012327731781094696
GSE151189_DHA-CTRL_Dd2_WT_3.0h_STAGEADJ_noSchiz	asn_out_lcr	3257	0.15562720728120913	4.1561622106367333e-19	0.05036420662126765	0.004040106425971887	2.424759568279533e-14	0.0695376681313119	-0.012327731781094696
GSE151189_DHA-CTRL_Dd2_WT_3.0h_STAGEADJ_noSchiz	asn_in_lcr	3257	0.18576030341139665	1.1280093811007707e-26	0.04396028861166338	0.012104970852852786	2.424759568279533e-14	0.0695376681313119	-0.012327731781094696
GSE151189_DHA-CTRL_Dd2_WT_3.0h_STAGEADJ_noSchiz	polyN_maxrun	3257	0.19137155265588263	3.0810406432199494e-28	0.022782437276189567	0.1936467900373701	2.424759568279533e-14	0.0695376681313119	-0.012327731781094696
GSE151189_DHA-CTRL_Dd2_WT_3.0h_STAGEADJ_noSchiz	lcr_frac	3257	0.18988149279565045	8.10424615084948e-28	0.05539824177007646	0.0015625950251203764	2.424759568279533e-14	0.0695376681313119	-0.012327731781094696
GSE151189_DHA-CTRL_Dd2_WT_3.0h_STAGEADJ_noSchiz	length	3257	0.22308482818883496	5.167397595386005e-38	-0.012977671470028108	0.45906683924657354	2.424759568279533e-14	0.0695376681313119	-0.012327731781094696
GSE151189_DHA-CTRL_Dd2_WT_3.0h_STAGEADJ_noSchiz	is_AP2	3257					0.003206085630774346	0.12749367053927538	-0.004317958855171244
GSE151189_DHA-CTRL_Dd2_WT_3.0h_STAGEADJ_noSchiz	is_PUF	3257					0.22566187134744187	0.07214190400469431	-0.004073600414900665
GSE151189_DHA-CTRL_Dd2_WT_3.0h_STAGEADJ_noSchiz	is_chromatin	3257					0.04438583923428417	0.09709405544934946	-0.004233720377641082
GSE151189_DHA-CTRL_Dd2_WT_3.0h_STAGEADJ_noSchiz	is_RNAbind	3257					0.2300330504041207	0.026668585230257294	-0.004233720377641082
GSE151189_DHA-CTRL_Dd2_WT_6.0h	asn_frac	5173	0.015411059581351746	0.26776838272931197	-0.004203163994857363	0.7624730470815245	0.526872925235487	0.01405414408333335	0.023277378
GSE151189_DHA-CTRL_Dd2_WT_6.0h	asn_out_lcr	5173	0.01568598463057538	0.25932466276316496	-0.0014719988308200915	0.9157046314271529	0.526872925235487	0.01405414408333335	0.023277378
GSE151189_DHA-CTRL_Dd2_WT_6.0h	asn_in_lcr	5173	0.0017276417233779262	0.9011345749529802	-0.020813569610345403	0.13444879458757872	0.526872925235487	0.01405414408333335	0.023277378
GSE151189_DHA-CTRL_Dd2_WT_6.0h	polyN_maxrun	5173	0.021448951995917318	0.12295460682960374	-0.005125100035220493	0.712478950644001	0.526872925235487	0.01405414408333335	0.023277378
GSE151189_DHA-CTRL_Dd2_WT_6.0h	lcr_frac	5173	0.011733242177143515	0.39882489922186404	-0.009809794985238656	0.480560134502101	0.526872925235487	0.01405414408333335	0.023277378
GSE151189_DHA-CTRL_Dd2_WT_6.0h	length	5173	0.026958794203473198	0.05251881260057081	-0.010302111015757454	0.45881156221421393	0.526872925235487	0.01405414408333335	0.023277378
GSE151189_DHA-CTRL_Dd2_WT_6.0h	is_AP2	5173					0.030911243735390483	0.12563067101190475	0.0216463006666666
GSE151189_DHA-CTRL_Dd2_WT_6.0h	is_PUF	5173					0.08561636750104105	0.32614376408333334	0.0224823283333333
GSE151189_DHA-CTRL_Dd2_WT_6.0h	is_chromatin	5173					0.37899174927209756	0.07020769141666665	0.0224781956666665
GSE151189_DHA-CTRL_Dd2_WT_6.0h	is_RNAbind	5173					0.8789040256876245	0.0118591633333333	0.0226760487499999
GSE151189_DHA-CTRL_Dd2_WT_6.0h_noSchiz	asn_frac	3646	0.027681286657532094	0.09468183214740397	0.002899825344550366	0.8610498378613497	0.8351949486053113	0.0071886958333331	0.0140201913333332
GSE151189_DHA-CTRL_Dd2_WT_6.0h_noSchiz	asn_out_lcr	3646	0.02631585260236458	0.11211975081906916	0.004856300174624913	0.7694190697853253	0.8351949486053113	0.0071886958333331	0.0140201913333332
GSE151189_DHA-CTRL_Dd2_WT_6.0h_noSchiz	asn_in_lcr	3646	0.013603276201381345	0.41156029287676	-0.014870597144916089	0.36936691100305696	0.8351949486053113	0.0071886958333331	0.0140201913333332
GSE151189_DHA-CTRL_Dd2_WT_6.0h_noSchiz	polyN_maxrun	3646	0.032129265216457696	0.0523956613229859	-0.0008386433778118297	0.9596269651699882	0.8351949486053113	0.0071886958333331	0.0140201913333332
GSE151189_DHA-CTRL_Dd2_WT_6.0h_noSchiz	lcr_frac	3646	0.023306311427958408	0.15942947624141876	-0.0038187880387695644	0.8176968319201355	0.8351949486053113	0.0071886958333331	0.0140201913333332
GSE151189_DHA-CTRL_Dd2_WT_6.0h_noSchiz	length	3646	0.0386712237463768	0.019536991669222348	-0.007992993892802511	0.6294677709042105	0.8351949486053113	0.0071886958333331	0.0140201913333332
GSE151189_DHA-CTRL_Dd2_WT_6.0h_noSchiz	is_AP2	3646					0.06986097116156596	0.15222359569999994	0.01343295499999995
GSE151189_DHA-CTRL_Dd2_WT_6.0h_noSchiz	is_PUF	3646					0.286618320551533	0.192569397	0.0139376983333332
GSE151189_DHA-CTRL_Dd2_WT_6.0h_noSchiz	is_chromatin	3646					0.17027431106814495	0.111194016	0.0137474046666666
GSE151189_DHA-CTRL_Dd2_WT_6.0h_noSchiz	is_RNAbind	3646					0.8716259934761321	0.0036754984999999	0.01399006161111085
GSE151189_DHA-CTRL_Dd2_WT_6.0h_STAGEADJ	asn_frac	4781	0.006398082013664583	0.6582845806341463	-0.006476620466082595	0.6543610126489676	0.5712005543854792	-0.011338147889451729	-0.003977882639437106
GSE151189_DHA-CTRL_Dd2_WT_6.0h_STAGEADJ	asn_out_lcr	4781	0.006696342130588443	0.6434351926339423	-0.004437784629343588	0.759017761638372	0.5712005543854792	-0.011338147889451729	-0.003977882639437106
GSE151189_DHA-CTRL_Dd2_WT_6.0h_STAGEADJ	asn_in_lcr	4781	-0.00567100777267153	0.6950425649930874	-0.02043945185560482	0.157638268793684	0.5712005543854792	-0.011338147889451729	-0.003977882639437106
GSE151189_DHA-CTRL_Dd2_WT_6.0h_STAGEADJ	polyN_maxrun	4781	0.010742179813615632	0.4577282389502644	-0.006947904938066328	0.631020128308727	0.5712005543854792	-0.011338147889451729	-0.003977882639437106
GSE151189_DHA-CTRL_Dd2_WT_6.0h_STAGEADJ	lcr_frac	4781	0.0027847845362162097	0.8473479630203322	-0.011268324611086194	0.435999288288793	0.5712005543854792	-0.011338147889451729	-0.003977882639437106
GSE151189_DHA-CTRL_Dd2_WT_6.0h_STAGEADJ	length	4781	0.014365273360004305	0.3206733506862748	-0.010514554225265416	0.46731388050729905	0.5712005543854792	-0.011338147889451729	-0.003977882639437106
GSE151189_DHA-CTRL_Dd2_WT_6.0h_STAGEADJ	is_AP2	4781					0.07009531316810529	0.06876766690593135	-0.005152170308840555
GSE151189_DHA-CTRL_Dd2_WT_6.0h_STAGEADJ	is_PUF	4781					0.08268545655751243	0.30304063297589734	-0.004664685044668524
GSE151189_DHA-CTRL_Dd2_WT_6.0h_STAGEADJ	is_chromatin	4781					0.528051059428891	0.04588981016407101	-0.004664685044668524
GSE151189_DHA-CTRL_Dd2_WT_6.0h_STAGEADJ	is_RNAbind	4781					0.8140373510659641	-0.013651311534362609	-0.004269831199644851
GSE151189_DHA-CTRL_Dd2_WT_6.0h_STAGEADJ_noSchiz	asn_frac	3254	0.024860686097024645	0.1562423541279527	0.0019487617433453413	0.9115194024293365	0.9094278528278357	-0.031247643744777773	-0.010522405732603289
GSE151189_DHA-CTRL_Dd2_WT_6.0h_STAGEADJ_noSchiz	asn_out_lcr	3254	0.02264837710021702	0.19648886288352183	0.0031828325125166307	0.8559816478180222	0.9094278528278357	-0.031247643744777773	-0.010522405732603289
GSE151189_DHA-CTRL_Dd2_WT_6.0h_STAGEADJ_noSchiz	asn_in_lcr	3254	0.012761373868504303	0.46679250816813445	-0.013488158248332405	0.44180085762664156	0.9094278528278357	-0.031247643744777773	-0.010522405732603289
GSE151189_DHA-CTRL_Dd2_WT_6.0h_STAGEADJ_noSchiz	polyN_maxrun	3254	0.028455701788703828	0.1046048959199706	-0.0025655841768685178	0.8836886772610468	0.9094278528278357	-0.031247643744777773	-0.010522405732603289
GSE151189_DHA-CTRL_Dd2_WT_6.0h_STAGEADJ_noSchiz	lcr_frac	3254	0.02107136634539867	0.2294940066759846	-0.0038206971671208866	0.8275348387744493	0.9094278528278357	-0.031247643744777773	-0.010522405732603289
GSE151189_DHA-CTRL_Dd2_WT_6.0h_STAGEADJ_noSchiz	length	3254	0.036174576381100935	0.03907280419028103	-0.00778585540797754	0.6570634068084422	0.9094278528278357	-0.031247643744777773	-0.010522405732603289
GSE151189_DHA-CTRL_Dd2_WT_6.0h_STAGEADJ_noSchiz	is_AP2	3254					0.1068459158641708	0.12012184260474286	-0.012293762814010942
GSE151189_DHA-CTRL_Dd2_WT_6.0h_STAGEADJ_noSchiz	is_PUF	3254					0.28721610173272505	0.16937338645040825	-0.011939312863482075
GSE151189_DHA-CTRL_Dd2_WT_6.0h_STAGEADJ_noSchiz	is_chromatin	3254					0.17967438005570646	0.08675371345040814	-0.01215127221625866
GSE151189_DHA-CTRL_Dd2_WT_6.0h_STAGEADJ_noSchiz	is_RNAbind	3254					0.8841512187874362	-0.020641249444350696	-0.011532093817904812
GSE151189_DHA-CTRL_Dd2_WT_24.0h	asn_frac	5176	0.09682826463667803	2.9312961642635766e-12	0.029789645334672873	0.032100509112930165	4.283262595370701e-08	0.23837499905555548	0.0457583263333333
GSE151189_DHA-CTRL_Dd2_WT_24.0h	asn_out_lcr	5176	0.07336557515027192	1.263305417859891e-07	0.015144320046675545	0.27600015395795274	4.283262595370701e-08	0.23837499905555548	0.0457583263333333
GSE151189_DHA-CTRL_Dd2_WT_24.0h	asn_in_lcr	5176	0.10483133139853892	3.99832782224184e-14	0.02800902191977659	0.04390449034835643	4.283262595370701e-08	0.23837499905555548	0.0457583263333333
GSE151189_DHA-CTRL_Dd2_WT_24.0h	polyN_maxrun	5176	0.09957601919595818	6.96812078503647e-13	0.008355400207538171	0.5478468138822503	4.283262595370701e-08	0.23837499905555548	0.0457583263333333
GSE151189_DHA-CTRL_Dd2_WT_24.0h	lcr_frac	5176	0.13469094664921646	2.1957430638548954e-22	0.061580181065952165	9.27205181409497e-06	4.283262595370701e-08	0.23837499905555548	0.0457583263333333
GSE151189_DHA-CTRL_Dd2_WT_24.0h	length	5176	0.12608948113090732	8.578669794468033e-20	0.0010169893228722691	0.9416875041300343	4.283262595370701e-08	0.23837499905555548	0.0457583263333333
GSE151189_DHA-CTRL_Dd2_WT_24.0h	is_AP2	5176					0.35131416503536594	0.19299181241666663	0.0697728106666666
GSE151189_DHA-CTRL_Dd2_WT_24.0h	is_PUF	5176					0.008116184532267827	1.1719453968333333	0.0697728106666666
GSE151189_DHA-CTRL_Dd2_WT_24.0h	is_chromatin	5176					0.3602581128183089	-0.0046059669166666	0.07129541466666661
GSE151189_DHA-CTRL_Dd2_WT_24.0h	is_RNAbind	5176					0.5265960723220575	0.1802006616666667	0.0696910226666667
GSE151189_DHA-CTRL_Dd2_WT_24.0h_noSchiz	asn_frac	3649	0.09140112312372563	3.18497712716114e-08	0.019562302545848738	0.23744097114040924	0.00014429455465388014	0.1467667721666666	-0.04229646849999995
GSE151189_DHA-CTRL_Dd2_WT_24.0h_noSchiz	asn_out_lcr	3649	0.06923505357181856	2.84077012414371e-05	0.00678189786413853	0.6821447856500018	0.00014429455465388014	0.1467667721666666	-0.04229646849999995
GSE151189_DHA-CTRL_Dd2_WT_24.0h_noSchiz	asn_in_lcr	3649	0.10858098981275884	4.8246014033872194e-11	0.02740529633111093	0.09788107003432708	0.00014429455465388014	0.1467667721666666	-0.04229646849999995
GSE151189_DHA-CTRL_Dd2_WT_24.0h_noSchiz	polyN_maxrun	3649	0.09237450897667154	2.269309195493019e-08	-0.002512156547511675	0.8794235806410755	0.00014429455465388014	0.1467667721666666	-0.04229646849999995
GSE151189_DHA-CTRL_Dd2_WT_24.0h_noSchiz	lcr_frac	3649	0.14650245137010356	5.854302471150169e-19	0.07000596288783249	2.3101395522134214e-05	0.00014429455465388014	0.1467667721666666	-0.04229646849999995
GSE151189_DHA-CTRL_Dd2_WT_24.0h_noSchiz	length	3649	0.13195159662594186	1.2134677520094815e-15	0.0015364701617002494	0.9260769603274507	0.00014429455465388014	0.1467667721666666	-0.04229646849999995
GSE151189_DHA-CTRL_Dd2_WT_24.0h_noSchiz	is_AP2	3649					0.29459194143969314	0.19939813474999996	-0.0245518273333333
GSE151189_DHA-CTRL_Dd2_WT_24.0h_noSchiz	is_PUF	3649					0.031733420208101916	0.8919167636666667	-0.0241257707083333
GSE151189_DHA-CTRL_Dd2_WT_24.0h_noSchiz	is_chromatin	3649					0.7158219887661299	0.2386410294444444	-0.02462184074999995
GSE151189_DHA-CTRL_Dd2_WT_24.0h_noSchiz	is_RNAbind	3649					0.37404130425867943	0.15253272416666663	-0.0246918541666666
GSE151189_DHA-CTRL_Dd2_WT_24.0h_STAGEADJ	asn_frac	4784	0.1159655272201387	8.555263964285308e-16	0.04443481839720275	0.0021112835850983784	2.5167303611142683e-09	0.21738977356680006	0.004400616913174761
GSE151189_DHA-CTRL_Dd2_WT_24.0h_STAGEADJ	asn_out_lcr	4784	0.09138430570431362	2.414850767328225e-10	0.030291776695197687	0.03616135916143138	2.5167303611142683e-09	0.21738977356680006	0.004400616913174761
GSE151189_DHA-CTRL_Dd2_WT_24.0h_STAGEADJ	asn_in_lcr	4784	0.11571672378148079	9.858481619700931e-16	0.03271329343213247	0.023655597001732018	2.5167303611142683e-09	0.21738977356680006	0.004400616913174761
GSE151189_DHA-CTRL_Dd2_WT_24.0h_STAGEADJ	polyN_maxrun	4784	0.11567951123283869	1.0069512702869293e-15	0.016216210887946624	0.2621182207920973	2.5167303611142683e-09	0.21738977356680006	0.004400616913174761
GSE151189_DHA-CTRL_Dd2_WT_24.0h_STAGEADJ	lcr_frac	4784	0.14352153535582915	1.9419727924065705e-23	0.06489714686802092	7.046827947799582e-06	2.5167303611142683e-09	0.21738977356680006	0.004400616913174761
GSE151189_DHA-CTRL_Dd2_WT_24.0h_STAGEADJ	length	4784	0.1436342002479426	1.7931110477437378e-23	0.00572345787080998	0.6922738646427956	2.5167303611142683e-09	0.21738977356680006	0.004400616913174761
GSE151189_DHA-CTRL_Dd2_WT_24.0h_STAGEADJ	is_AP2	4784					0.310792705610175	0.13009035828031365	0.025646780886544138
GSE151189_DHA-CTRL_Dd2_WT_24.0h_STAGEADJ	is_PUF	4784					0.008762995563390514	1.130181341340589	0.025989928977596548
GSE151189_DHA-CTRL_Dd2_WT_24.0h_STAGEADJ	is_chromatin	4784					0.41055515647589924	-0.02089687958922581	0.027242140194701787
GSE151189_DHA-CTRL_Dd2_WT_24.0h_STAGEADJ	is_RNAbind	4784					0.6906205647114587	0.1375971822898722	0.025631546982993386
GSE151189_DHA-CTRL_Dd2_WT_24.0h_STAGEADJ_noSchiz	asn_frac	3257	0.12611328021539334	5.070537784160758e-13	0.04649504992897528	0.007956850465745992	3.1001166184252154e-05	0.08319238181077673	-0.10536606465665806
GSE151189_DHA-CTRL_Dd2_WT_24.0h_STAGEADJ_noSchiz	asn_out_lcr	3257	0.1024267731726988	4.665620017856399e-09	0.03468921931631669	0.04775364905612238	3.1001166184252154e-05	0.08319238181077673	-0.10536606465665806
GSE151189_DHA-CTRL_Dd2_WT_24.0h_STAGEADJ_noSchiz	asn_in_lcr	3257	0.12644064992621173	4.411462249391991e-13	0.03604670377007017	0.039679591220620744	3.1001166184252154e-05	0.08319238181077673	-0.10536606465665806
GSE151189_DHA-CTRL_Dd2_WT_24.0h_STAGEADJ_noSchiz	polyN_maxrun	3257	0.12002510565662938	6.327486559020711e-12	0.012971525080575716	0.4592795944151272	3.1001166184252154e-05	0.08319238181077673	-0.10536606465665806
GSE151189_DHA-CTRL_Dd2_WT_24.0h_STAGEADJ_noSchiz	lcr_frac	3257	0.16170575978540214	1.5988990504348732e-20	0.07733846803092467	9.932331714644921e-06	3.1001166184252154e-05	0.08319238181077673	-0.10536606465665806
GSE151189_DHA-CTRL_Dd2_WT_24.0h_STAGEADJ_noSchiz	length	3257	0.15678927727728784	2.251704356811209e-19	0.008471278391920875	0.6288968883236601	3.1001166184252154e-05	0.08319238181077673	-0.10536606465665806
GSE151189_DHA-CTRL_Dd2_WT_24.0h_STAGEADJ_noSchiz	is_AP2	3257					0.30123353867120617	0.13009035828031365	-0.0825218457812374
GSE151189_DHA-CTRL_Dd2_WT_24.0h_STAGEADJ_noSchiz	is_PUF	3257					0.03353535863791497	0.8481734001906154	-0.08235934261396108
GSE151189_DHA-CTRL_Dd2_WT_24.0h_STAGEADJ_noSchiz	is_chromatin	3257					0.6983773197914425	0.2045349695285265	-0.0825218457812374
GSE151189_DHA-CTRL_Dd2_WT_24.0h_STAGEADJ_noSchiz	is_RNAbind	3257					0.4496304782831687	0.0917563869221948	-0.0825218457812374
GSE151189_DHA-CTRL_Dd2_WT_32.0h	asn_frac	5175	0.03043637611534186	0.028560934538711967	0.02587599042632586	0.06269966137723072	0.1892769100189693	0.1444870628492063	0.0857170026666666
GSE151189_DHA-CTRL_Dd2_WT_32.0h	asn_out_lcr	5175	0.014121149239257023	0.3097984552096772	0.01017448563560752	0.4643096283989423	0.1892769100189693	0.1444870628492063	0.0857170026666666
GSE151189_DHA-CTRL_Dd2_WT_32.0h	asn_in_lcr	5175	0.04908381765262225	0.0004120523440081238	0.04391367003838498	0.001578777222526655	0.1892769100189693	0.1444870628492063	0.0857170026666666
GSE151189_DHA-CTRL_Dd2_WT_32.0h	polyN_maxrun	5175	0.025987134594398963	0.061579301379178344	0.019919818317405667	0.1519214704633332	0.1892769100189693	0.1444870628492063	0.0857170026666666
GSE151189_DHA-CTRL_Dd2_WT_32.0h	lcr_frac	5175	0.07419705995342786	9.110545845488413e-08	0.06928577760509866	6.06814397470625e-07	0.1892769100189693	0.1444870628492063	0.0857170026666666
GSE151189_DHA-CTRL_Dd2_WT_32.0h	length	5175	0.014684424135052524	0.29089415601803126	0.006435222704363434	0.6434886499879342	0.1892769100189693	0.1444870628492063	0.0857170026666666
GSE151189_DHA-CTRL_Dd2_WT_32.0h	is_AP2	5175					0.9079928142739223	0.22726995329166666	0.0923723965
GSE151189_DHA-CTRL_Dd2_WT_32.0h	is_PUF	5175					0.025688256109685805	1.693251985138889	0.0923723965
GSE151189_DHA-CTRL_Dd2_WT_32.0h	is_chromatin	5175					0.23173858270351744	-0.0418502805833333	0.0944275668333332
GSE151189_DHA-CTRL_Dd2_WT_32.0h	is_RNAbind	5175					0.015207434135254536	0.5607783483333333	0.0885603248333333
GSE151189_DHA-CTRL_Dd2_WT_32.0h_noSchiz	asn_frac	3649	0.04554765174505382	0.00592541648668915	0.015363133021836468	0.3535233354799968	0.1034141680288957	0.3594340316666666	0.21187685133333328
GSE151189_DHA-CTRL_Dd2_WT_32.0h_noSchiz	asn_out_lcr	3649	0.025589226491114402	0.1222276259885324	-0.0006977607974014201	0.9663909450734386	0.1034141680288957	0.3594340316666666	0.21187685133333328
GSE151189_DHA-CTRL_Dd2_WT_32.0h_noSchiz	asn_in_lcr	3649	0.07318778802743939	9.623154722620095e-06	0.03940977508349351	0.017278200082601797	0.1034141680288957	0.3594340316666666	0.21187685133333328
GSE151189_DHA-CTRL_Dd2_WT_32.0h_noSchiz	polyN_maxrun	3649	0.050944073344323056	0.002081707186565535	0.011053343468359112	0.5044589215182489	0.1034141680288957	0.3594340316666666	0.21187685133333328
GSE151189_DHA-CTRL_Dd2_WT_32.0h_noSchiz	lcr_frac	3649	0.10557576148329553	1.624508561239997e-10	0.07361383274602296	8.53504451783828e-06	0.1034141680288957	0.3594340316666666	0.21187685133333328
GSE151189_DHA-CTRL_Dd2_WT_32.0h_noSchiz	length	3649	0.05879073803056521	0.00038053726438025306	0.004188375938626467	0.8003289096165517	0.1034141680288957	0.3594340316666666	0.21187685133333328
GSE151189_DHA-CTRL_Dd2_WT_32.0h_noSchiz	is_AP2	3649					0.4891485926146272	0.46876517674999996	0.2243604633333333
GSE151189_DHA-CTRL_Dd2_WT_32.0h_noSchiz	is_PUF	3649					0.10282596252603249	2.0644970728333334	0.22437648805555555
GSE151189_DHA-CTRL_Dd2_WT_32.0h_noSchiz	is_chromatin	3649					0.7418857194266393	0.415871274	0.22355074030555555
GSE151189_DHA-CTRL_Dd2_WT_32.0h_noSchiz	is_RNAbind	3649					0.0888253443041596	0.57566536075	0.2222062448888889
GSE151189_DHA-CTRL_Dd2_WT_32.0h_STAGEADJ	asn_frac	4783	0.11223059642671827	7.006858773564325e-15	0.043702971885863376	0.0025018424738959474	1.4325493117772424e-06	0.2002022602705006	-0.03199324107335069
GSE151189_DHA-CTRL_Dd2_WT_32.0h_STAGEADJ	asn_out_lcr	4783	0.08644655347990132	2.1214059828092053e-09	0.02755688691798342	0.05669212485935602	1.4325493117772424e-06	0.2002022602705006	-0.03199324107335069
GSE151189_DHA-CTRL_Dd2_WT_32.0h_STAGEADJ	asn_in_lcr	4783	0.13187197149413785	5.2966227877311404e-20	0.053577662205909454	0.00020965912107563013	1.4325493117772424e-06	0.2002022602705006	-0.03199324107335069
GSE151189_DHA-CTRL_Dd2_WT_32.0h_STAGEADJ	polyN_maxrun	4783	0.11635461665066305	6.897260079753286e-16	0.022741333880488986	0.11581944702143736	1.4325493117772424e-06	0.2002022602705006	-0.03199324107335069
GSE151189_DHA-CTRL_Dd2_WT_32.0h_STAGEADJ	lcr_frac	4783	0.1526682220817422	2.458894999935706e-26	0.07802552140245769	6.553062589030506e-08	1.4325493117772424e-06	0.2002022602705006	-0.03199324107335069
GSE151189_DHA-CTRL_Dd2_WT_32.0h_STAGEADJ	length	4783	0.12929438870183677	2.775741454729284e-19	0.0004110690506744506	0.9773257435076146	1.4325493117772424e-06	0.2002022602705006	-0.03199324107335069
GSE151189_DHA-CTRL_Dd2_WT_32.0h_STAGEADJ	is_AP2	4783					0.09724592147726266	0.3177350347670514	-0.016341723581257184
GSE151189_DHA-CTRL_Dd2_WT_32.0h_STAGEADJ	is_PUF	4783					0.031779097516127966	1.5082460281556755	-0.01573188469052919
GSE151189_DHA-CTRL_Dd2_WT_32.0h_STAGEADJ	is_chromatin	4783					0.27758665324743703	0.26759772352090727	-0.015998314984219553
GSE151189_DHA-CTRL_Dd2_WT_32.0h_STAGEADJ	is_RNAbind	4783					0.08010788822882037	0.3390917907504826	-0.01749181172413977
GSE151189_DHA-CTRL_Dd2_WT_32.0h_STAGEADJ_noSchiz	asn_frac	3257	0.08011047523776559	4.705237055689227e-06	0.031047743401692772	0.07645338035064564	0.0037504426467123695	0.2355722328273056	0.031807180792376155
GSE151189_DHA-CTRL_Dd2_WT_32.0h_STAGEADJ_noSchiz	asn_out_lcr	3257	0.0587337683512686	0.0007978130480703001	0.016863547577886412	0.33599742841017755	0.0037504426467123695	0.2355722328273056	0.031807180792376155
GSE151189_DHA-CTRL_Dd2_WT_32.0h_STAGEADJ_noSchiz	asn_in_lcr	3257	0.09682888769016822	3.078185168103101e-08	0.04156150355468052	0.01769041914577845	0.0037504426467123695	0.2355722328273056	0.031807180792376155
GSE151189_DHA-CTRL_Dd2_WT_32.0h_STAGEADJ_noSchiz	polyN_maxrun	3257	0.07951400268013692	5.5373120148937986e-06	0.013576135755985392	0.4386173480070019	0.0037504426467123695	0.2355722328273056	0.031807180792376155
GSE151189_DHA-CTRL_Dd2_WT_32.0h_STAGEADJ_noSchiz	lcr_frac	3257	0.1201328012825213	6.05770801254575e-12	0.06784834369139996	0.00010658381920474891	0.0037504426467123695	0.2355722328273056	0.031807180792376155
GSE151189_DHA-CTRL_Dd2_WT_32.0h_STAGEADJ_noSchiz	length	3257	0.09553931389097083	4.685560723269544e-08	0.004498412212014963	0.7974661641312253	0.0037504426467123695	0.2355722328273056	0.031807180792376155
GSE151189_DHA-CTRL_Dd2_WT_32.0h_STAGEADJ_noSchiz	is_AP2	3257					0.3747628403458121	0.3177350347670514	0.053363542953694554
GSE151189_DHA-CTRL_Dd2_WT_32.0h_STAGEADJ_noSchiz	is_PUF	3257					0.10468706891466932	1.868157360042707	0.05418349026629064
GSE151189_DHA-CTRL_Dd2_WT_32.0h_STAGEADJ_noSchiz	is_chromatin	3257					0.6706711868020336	0.2792676684079274	0.052478263820195575
GSE151189_DHA-CTRL_Dd2_WT_32.0h_STAGEADJ_noSchiz	is_RNAbind	3257					0.1489397121116583	0.3499877545836313	0.05121023761946378
GSE151189_DHA-CTRL_Dd2_WT_48.0h	asn_frac	5176	0.02298578676224682	0.09822544537727745	0.026347481815152046	0.05803604391103952	0.3477154399447331	0.0878187207777778	0.0700219871666666
GSE151189_DHA-CTRL_Dd2_WT_48.0h	asn_out_lcr	5176	0.029670628417449572	0.03279446643358722	0.032604083297547146	0.01898939886526588	0.3477154399447331	0.0878187207777778	0.0700219871666666
GSE151189_DHA-CTRL_Dd2_WT_48.0h	asn_in_lcr	5176	-0.01092581578385656	0.4319347956767251	-0.007111297922188707	0.609000201877949	0.3477154399447331	0.0878187207777778	0.0700219871666666
GSE151189_DHA-CTRL_Dd2_WT_48.0h	polyN_maxrun	5176	0.013479742988847835	0.332244841140793	0.017983184266436695	0.19580986821950078	0.3477154399447331	0.0878187207777778	0.0700219871666666
GSE151189_DHA-CTRL_Dd2_WT_48.0h	lcr_frac	5176	0.0016156696186123017	0.9074857789848575	0.00522710839038071	0.7069369414882787	0.3477154399447331	0.0878187207777778	0.0700219871666666
GSE151189_DHA-CTRL_Dd2_WT_48.0h	length	5176	0.015914347316119414	0.25231501679724744	0.02202860425720711	0.11304707944837855	0.3477154399447331	0.0878187207777778	0.0700219871666666
GSE151189_DHA-CTRL_Dd2_WT_48.0h	is_AP2	5176					0.03425958561910283	0.20612317208333342	0.07061955691666665
GSE151189_DHA-CTRL_Dd2_WT_48.0h	is_PUF	5176					0.05122091069814281	0.5414739890833336	0.07082067274999995
GSE151189_DHA-CTRL_Dd2_WT_48.0h	is_chromatin	5176					0.0021082204872553472	0.2977024065	0.0704521426111111
GSE151189_DHA-CTRL_Dd2_WT_48.0h	is_RNAbind	5176					0.5075846770088752	0.0318715356666665	0.071748626
GSE151189_DHA-CTRL_Dd2_WT_48.0h_noSchiz	asn_frac	3649	0.04019489603301313	0.015173948900535873	0.04979975400056917	0.0026203339299714985	0.6195350941289723	0.0451637157777777	0.0442086144166666
GSE151189_DHA-CTRL_Dd2_WT_48.0h_noSchiz	asn_out_lcr	3649	0.04702056470723713	0.00449769307883257	0.055431421749400536	0.0008084900299630608	0.6195350941289723	0.0451637157777777	0.0442086144166666
GSE151189_DHA-CTRL_Dd2_WT_48.0h_noSchiz	asn_in_lcr	3649	-0.008477770971142854	0.6086859643421798	0.0022944761862608376	0.8898017963001449	0.6195350941289723	0.0451637157777777	0.0442086144166666
GSE151189_DHA-CTRL_Dd2_WT_48.0h_noSchiz	polyN_maxrun	3649	0.019096563051629115	0.2487974781787491	0.031733033396248465	0.05527328541988137	0.6195350941289723	0.0451637157777777	0.0442086144166666
GSE151189_DHA-CTRL_Dd2_WT_48.0h_noSchiz	lcr_frac	3649	-0.005254609092787018	0.7510096303804146	0.004895918568119365	0.7674989366218262	0.6195350941289723	0.0451637157777777	0.0442086144166666
GSE151189_DHA-CTRL_Dd2_WT_48.0h_noSchiz	length	3649	0.005888068767209361	0.7221689685811643	0.023363670163400862	0.15823365033552278	0.6195350941289723	0.0451637157777777	0.0442086144166666
GSE151189_DHA-CTRL_Dd2_WT_48.0h_noSchiz	is_AP2	3649					0.2695391248699681	0.13256183172222236	0.0442467188333333
GSE151189_DHA-CTRL_Dd2_WT_48.0h_noSchiz	is_PUF	3649					0.14346911706814133	0.412202851	0.04430425824999995
GSE151189_DHA-CTRL_Dd2_WT_48.0h_noSchiz	is_chromatin	3649					0.046756071957884164	0.2940033816666667	0.0442086144166666
GSE151189_DHA-CTRL_Dd2_WT_48.0h_noSchiz	is_RNAbind	3649					0.5593136899960387	0.034804848666666555	0.0446213866666666
GSE151189_DHA-CTRL_Dd2_WT_48.0h_STAGEADJ	asn_frac	4784	-0.017326937697959902	0.23083145464343366	0.01041093553094696	0.4715748979016081	0.6797806010036456	-0.042889676843753846	-0.026771310859481638
GSE151189_DHA-CTRL_Dd2_WT_48.0h_STAGEADJ	asn_out_lcr	4784	-0.007620124044985936	0.5982443047595492	0.016417798605144855	0.25623252153755466	0.6797806010036456	-0.042889676843753846	-0.026771310859481638
GSE151189_DHA-CTRL_Dd2_WT_48.0h_STAGEADJ	asn_in_lcr	4784	-0.04700859899721216	0.0011444815611291372	-0.01586061354240956	0.2727266893499682	0.6797806010036456	-0.042889676843753846	-0.026771310859481638
GSE151189_DHA-CTRL_Dd2_WT_48.0h_STAGEADJ	polyN_maxrun	4784	-0.033398016507870026	0.020884638059499985	0.004209997723517049	0.7709627103677615	0.6797806010036456	-0.042889676843753846	-0.026771310859481638
GSE151189_DHA-CTRL_Dd2_WT_48.0h_STAGEADJ	lcr_frac	4784	-0.032615569471966026	0.024075998459423324	-0.003016389548843597	0.8347769372399682	0.6797806010036456	-0.042889676843753846	-0.026771310859481638
GSE151189_DHA-CTRL_Dd2_WT_48.0h_STAGEADJ	length	4784	-0.03072934980555754	0.033554334109219146	0.02072199335008095	0.15184458745629498	0.6797806010036456	-0.042889676843753846	-0.026771310859481638
GSE151189_DHA-CTRL_Dd2_WT_48.0h_STAGEADJ	is_AP2	4784					0.10158830466960686	0.0841182512377313	-0.029875989314695595
GSE151189_DHA-CTRL_Dd2_WT_48.0h_STAGEADJ	is_PUF	4784					0.04190541056727198	0.4659296604459053	-0.028995899349037027
GSE151189_DHA-CTRL_Dd2_WT_48.0h_STAGEADJ	is_chromatin	4784					0.028748498055959137	0.036454506462464425	-0.030086006806529415
GSE151189_DHA-CTRL_Dd2_WT_48.0h_STAGEADJ	is_RNAbind	4784					0.4365061230449827	-0.06867483987348777	-0.027881747861504828
GSE151189_DHA-CTRL_Dd2_WT_48.0h_STAGEADJ_noSchiz	asn_frac	3257	0.012248538009624521	0.4846872979505592	0.03127652964224439	0.07430883660715791	0.5452591372005784	-0.06390143282915506	-0.0372473713252082
GSE151189_DHA-CTRL_Dd2_WT_48.0h_STAGEADJ_noSchiz	asn_out_lcr	3257	0.02037630988944561	0.24501090470150402	0.036757378066592204	0.035935895389119656	0.5452591372005784	-0.06390143282915506	-0.0372473713252082
GSE151189_DHA-CTRL_Dd2_WT_48.0h_STAGEADJ_noSchiz	asn_in_lcr	3257	-0.027958800397515533	0.11064252998912298	-0.006915765209606547	0.6931847256601463	0.5452591372005784	-0.06390143282915506	-0.0372473713252082
GSE151189_DHA-CTRL_Dd2_WT_48.0h_STAGEADJ_noSchiz	polyN_maxrun	3257	-0.01134340074737656	0.5175402371070373	0.013827117668973236	0.43019954440575825	0.5452591372005784	-0.06390143282915506	-0.0372473713252082
GSE151189_DHA-CTRL_Dd2_WT_48.0h_STAGEADJ_noSchiz	lcr_frac	3257	-0.021480272751557176	0.22036699571531296	-0.00169826901985315	0.9228190679467742	0.5452591372005784	-0.06390143282915506	-0.0372473713252082
GSE151189_DHA-CTRL_Dd2_WT_48.0h_STAGEADJ_noSchiz	length	3257	-0.012729763613733035	0.4676917468253272	0.022056448727873684	0.20823471913905842	0.5452591372005784	-0.06390143282915506	-0.0372473713252082
GSE151189_DHA-CTRL_Dd2_WT_48.0h_STAGEADJ_noSchiz	is_AP2	3257					0.24275717009980713	0.0841182512377313	-0.0415637043600072
GSE151189_DHA-CTRL_Dd2_WT_48.0h_STAGEADJ_noSchiz	is_PUF	3257					0.140841084894443	0.34313078822755383	-0.04080661043694342
GSE151189_DHA-CTRL_Dd2_WT_48.0h_STAGEADJ_noSchiz	is_chromatin	3257					0.060227569144190786	0.200815732790823	-0.0415637043600072
GSE151189_DHA-CTRL_Dd2_WT_48.0h_STAGEADJ_noSchiz	is_RNAbind	3257					0.3473655013424889	-0.06716374502946239	-0.039648358163879446
GSE225340_DORM_LATE_vs_Rings	asn_frac	3493	0.08286550896948616	9.382422987503166e-07	0.03183373495489284	0.059940874173569365	0.8111424759790453	0.4858588715794255	0.506059586573774
GSE225340_DORM_LATE_vs_Rings	asn_out_lcr	3493	0.085621484581874	4.0230358701913393e-07	0.041569151409399235	0.01401080257774705	0.8111424759790453	0.4858588715794255	0.506059586573774
GSE225340_DORM_LATE_vs_Rings	asn_in_lcr	3493	0.03597843029705927	0.03347742524004067	-0.019570679031254777	0.24753584099106912	0.8111424759790453	0.4858588715794255	0.506059586573774
GSE225340_DORM_LATE_vs_Rings	polyN_maxrun	3493	0.07868471698704693	3.2249238714125564e-06	0.012733128324966488	0.45186495798610193	0.8111424759790453	0.4858588715794255	0.506059586573774
GSE225340_DORM_LATE_vs_Rings	lcr_frac	3493	0.01621317271730884	0.3380907136782617	-0.03458401121523433	0.04096832366118313	0.8111424759790453	0.4858588715794255	0.506059586573774
GSE225340_DORM_LATE_vs_Rings	length	3493	0.096305317121679	1.177020667218816e-08	0.00956826327374797	0.5718627398134282	0.8111424759790453	0.4858588715794255	0.506059586573774
GSE225340_DORM_LATE_vs_Rings	is_AP2	3493					0.4593919800495343	0.18009072247008806	0.5070636075972879
GSE225340_DORM_LATE_vs_Rings	is_PUF	3493					0.1591086163456502	-0.3051398683780828	0.5063545384585695
GSE225340_DORM_LATE_vs_Rings	is_chromatin	3493					0.10624952475421744	0.3131071862472279	0.5092359966575088
GSE225340_DORM_LATE_vs_Rings	is_RNAbind	3493					0.23813292253039942	-0.07641232995333525	0.5083338055141566
GSE225340_DORM_LATE_vs_Rings_noSchiz	asn_frac	2542	0.0971112754864374	9.325141410903682e-07	0.030511635163695566	0.1240621400406099	0.16701666010927807	0.5331462768589192	0.412389915706739
GSE225340_DORM_LATE_vs_Rings_noSchiz	asn_out_lcr	2542	0.0946175925631025	1.7631716121449905e-06	0.03704807288804363	0.0618148568578014	0.16701666010927807	0.5331462768589192	0.412389915706739
GSE225340_DORM_LATE_vs_Rings_noSchiz	asn_in_lcr	2542	0.05040569155683416	0.011030454502972908	-0.022057580628542083	0.26627022046746485	0.16701666010927807	0.5331462768589192	0.412389915706739
GSE225340_DORM_LATE_vs_Rings_noSchiz	polyN_maxrun	2542	0.08998947036596616	5.516997270414137e-06	0.004358310930284402	0.8261582522276415	0.16701666010927807	0.5331462768589192	0.412389915706739
GSE225340_DORM_LATE_vs_Rings_noSchiz	lcr_frac	2542	0.03149437831971152	0.11239848682375152	-0.034118529384594316	0.08545949609986898	0.16701666010927807	0.5331462768589192	0.412389915706739
GSE225340_DORM_LATE_vs_Rings_noSchiz	length	2542	0.12741205014247753	1.1406780441974176e-10	0.013273192839391736	0.5035519489304203	0.16701666010927807	0.5331462768589192	0.412389915706739
GSE225340_DORM_LATE_vs_Rings_noSchiz	is_AP2	2542					0.6753993612791067	0.1638045275573865	0.4313666857128491
GSE225340_DORM_LATE_vs_Rings_noSchiz	is_PUF	2542							
GSE225340_DORM_LATE_vs_Rings_noSchiz	is_chromatin	2542					0.5754759953272892	0.32066723765365523	0.42958515155717514
GSE225340_DORM_LATE_vs_Rings_noSchiz	is_RNAbind	2542					0.41507788086192754	-0.07641232995333525	0.4317679076177925
GSE225340_DORM_EARLY_vs_Rings	asn_frac	3307	0.21651255530071273	2.2250025002230146e-36	0.11182823357389034	1.1284558292093749e-10	0.0017792962553496898	0.09333780187961116	-0.06873536094937716
GSE225340_DORM_EARLY_vs_Rings	asn_out_lcr	3307	0.2146841655458486	8.797499489704214e-36	0.12555994112774022	4.277435386257694e-13	0.0017792962553496898	0.09333780187961116	-0.06873536094937716
GSE225340_DORM_EARLY_vs_Rings	asn_in_lcr	3307	0.13069155565877494	4.517443298108114e-14	0.009981251327728737	0.5661137487679047	0.0017792962553496898	0.09333780187961116	-0.06873536094937716
GSE225340_DORM_EARLY_vs_Rings	polyN_maxrun	3307	0.186340341076315	3.206303164651278e-27	0.04533795275618642	0.009118393163250992	0.0017792962553496898	0.09333780187961116	-0.06873536094937716
GSE225340_DORM_EARLY_vs_Rings	lcr_frac	3307	0.11605725833009985	2.1691810639663317e-11	0.0041065979531054045	0.813379998438486	0.0017792962553496898	0.09333780187961116	-0.06873536094937716
GSE225340_DORM_EARLY_vs_Rings	length	3307	0.18429335360801388	1.1873264575670013e-26	-0.0074229011291152384	0.6695907675498683	0.0017792962553496898	0.09333780187961116	-0.06873536094937716
GSE225340_DORM_EARLY_vs_Rings	is_AP2	3307					0.743937344717333	0.1466051759907505	-0.05799512970292198
GSE225340_DORM_EARLY_vs_Rings	is_PUF	3307					0.06119952598551084	0.9541468847644525	-0.058482692041496365
GSE225340_DORM_EARLY_vs_Rings	is_chromatin	3307					0.6772749756901024	-0.17810041813588962	-0.05741986310426639
GSE225340_DORM_EARLY_vs_Rings	is_RNAbind	3307					0.3839818838303223	-0.5962251573406625	-0.055270478746942686
GSE225340_DORM_EARLY_vs_Rings_noSchiz	asn_frac	2386	0.24376367792290066	1.2904978013887969e-33	0.12132156226204675	2.764164453555147e-09	0.0006080677207478099	0.09185390001242588	-0.17311597572998894
GSE225340_DORM_EARLY_vs_Rings_noSchiz	asn_out_lcr	2386	0.23749587612140616	6.018009201114501e-32	0.13306972372556738	6.770699030863467e-11	0.0006080677207478099	0.09185390001242588	-0.17311597572998894
GSE225340_DORM_EARLY_vs_Rings_noSchiz	asn_in_lcr	2386	0.1529361622574631	5.879628386026317e-14	0.011355693488125223	0.5792946228925211	0.0006080677207478099	0.09185390001242588	-0.17311597572998894
GSE225340_DORM_EARLY_vs_Rings_noSchiz	polyN_maxrun	2386	0.2082773384833457	8.558624094397605e-25	0.04478667261462426	0.028696387591934727	0.0006080677207478099	0.09185390001242588	-0.17311597572998894
GSE225340_DORM_EARLY_vs_Rings_noSchiz	lcr_frac	2386	0.13405639410740802	4.882480399818369e-11	0.004654090942083729	0.8202533907769107	0.0006080677207478099	0.09185390001242588	-0.17311597572998894
GSE225340_DORM_EARLY_vs_Rings_noSchiz	length	2386	0.22550140937528942	6.909065326155088e-29	0.000502735883687855	0.980418590295749	0.0006080677207478099	0.09185390001242588	-0.17311597572998894
GSE225340_DORM_EARLY_vs_Rings_noSchiz	is_AP2	2386					0.918940673114252	-0.3918129050190007	-0.14367776364894125
GSE225340_DORM_EARLY_vs_Rings_noSchiz	is_PUF	2386							
GSE225340_DORM_EARLY_vs_Rings_noSchiz	is_chromatin	2386					0.03176725215486945	0.43823980231703374	-0.14816328901810283
GSE225340_DORM_EARLY_vs_Rings_noSchiz	is_RNAbind	2386					0.1548720640404563	-0.8139230460023725	-0.13591966635097252
scRNA_WT_2h_DHAvsDMSO	asn_frac	5326	0.19210477836239728	1.9111042661272068e-45	0.11293234420891071	1.38225457418725e-16	2.0239207273867783e-18	0.27574074751431876	0.17292170024810538
scRNA_WT_2h_DHAvsDMSO	asn_out_lcr	5326	0.1793612181633532	9.533883684289896e-40	0.11127630386934088	3.815430944598459e-16	2.0239207273867783e-18	0.27574074751431876	0.17292170024810538
scRNA_WT_2h_DHAvsDMSO	asn_in_lcr	5326	0.15161354527007354	9.327575599171475e-29	0.05923290152912785	1.5213937996822431e-05	2.0239207273867783e-18	0.27574074751431876	0.17292170024810538
scRNA_WT_2h_DHAvsDMSO	polyN_maxrun	5326	0.16341555488602302	3.387243597729076e-33	0.055852915816243694	4.535803713828636e-05	2.0239207273867783e-18	0.27574074751431876	0.17292170024810538
scRNA_WT_2h_DHAvsDMSO	lcr_frac	5326	0.14689406765436708	4.457596477949274e-27	0.06012854739958779	1.1278308510733935e-05	2.0239207273867783e-18	0.27574074751431876	0.17292170024810538
scRNA_WT_2h_DHAvsDMSO	length	5326	0.15318612555965838	2.5005766377222482e-29	0.0068763478009969195	0.615864343229909	2.0239207273867783e-18	0.27574074751431876	0.17292170024810538
scRNA_WT_2h_DHAvsDMSO	is_AP2	5326					0.00823497994016896	0.3721967690136272	0.18453686150399928
scRNA_WT_2h_DHAvsDMSO	is_PUF	5326					0.777792848079077	0.3152491086300939	0.18522446836094364
scRNA_WT_2h_DHAvsDMSO	is_chromatin	5326					0.01973430369393313	0.27994239807434473	0.18483016503082794
scRNA_WT_2h_DHAvsDMSO	is_RNAbind	5326					0.009114274470932668	0.2988691142636455	0.18418797043228974
scRNA_WT_2h_DHAvsDMSO_noSchiz	asn_frac	3768	0.17342650963504158	7.900944052058101e-27	0.10800879153539444	2.985804951353479e-11	9.049480500347286e-08	0.22857604975924062	0.1761743488028813
scRNA_WT_2h_DHAvsDMSO_noSchiz	asn_out_lcr	3768	0.16179718096020757	1.6128370151368986e-23	0.10575474871895282	7.628196824989185e-11	9.049480500347286e-08	0.22857604975924062	0.1761743488028813
scRNA_WT_2h_DHAvsDMSO_noSchiz	asn_in_lcr	3768	0.1268116681185646	5.5758414156039835e-15	0.04993166005230817	0.0021701420384249858	9.049480500347286e-08	0.22857604975924062	0.1761743488028813
scRNA_WT_2h_DHAvsDMSO_noSchiz	polyN_maxrun	3768	0.13979819649330572	6.643297459295931e-18	0.051230565612210156	0.0016565518204741559	9.049480500347286e-08	0.22857604975924062	0.1761743488028813
scRNA_WT_2h_DHAvsDMSO_noSchiz	lcr_frac	3768	0.12638182515101404	6.889549131313906e-15	0.05449790985293976	0.0008178588343777738	9.049480500347286e-08	0.22857604975924062	0.1761743488028813
scRNA_WT_2h_DHAvsDMSO_noSchiz	length	3768	0.13243113569294873	3.28339030745962e-16	0.010605589704135077	0.5151651338623594	9.049480500347286e-08	0.22857604975924062	0.1761743488028813
scRNA_WT_2h_DHAvsDMSO_noSchiz	is_AP2	3768					0.22859176358114042	0.21243246276038574	0.18215638308885573
scRNA_WT_2h_DHAvsDMSO_noSchiz	is_PUF	3768					0.8655089292367857	0.3779206030019191	0.1830600137060685
scRNA_WT_2h_DHAvsDMSO_noSchiz	is_chromatin	3768					0.010626579980604092	0.3117346882966947	0.18118152888924666
scRNA_WT_2h_DHAvsDMSO_noSchiz	is_RNAbind	3768					0.021793224481790677	0.30577442241978403	0.1799018022056207
scRNA_580Y_2h_DHAvsDMSO	asn_frac	5326	0.1633358373900055	3.639107918984337e-33	0.07239505757366693	1.2295188878630936e-07	1.5810432893168302e-18	0.32905462892325854	0.17541373754560574
scRNA_580Y_2h_DHAvsDMSO	asn_out_lcr	5326	0.13278682366954392	2.211843429025659e-22	0.0552527483191794	5.4730199263128905e-05	1.5810432893168302e-18	0.32905462892325854	0.17541373754560574
scRNA_580Y_2h_DHAvsDMSO	asn_in_lcr	5326	0.1792321805908378	1.0835535886901444e-39	0.06858935848936004	5.433405388429981e-07	1.5810432893168302e-18	0.32905462892325854	0.17541373754560574
scRNA_580Y_2h_DHAvsDMSO	polyN_maxrun	5326	0.17368412881307999	2.4251570818183214e-37	0.044614939359162095	0.0011266345373212674	1.5810432893168302e-18	0.32905462892325854	0.17541373754560574
scRNA_580Y_2h_DHAvsDMSO	lcr_frac	5326	0.18039828891413667	3.396546496909827e-40	0.07504633034778352	4.174935695650375e-08	1.5810432893168302e-18	0.32905462892325854	0.17541373754560574
scRNA_580Y_2h_DHAvsDMSO	length	5326	0.1913142104669787	4.434670486952177e-45	0.011774601051377892	0.3902677054674031	1.5810432893168302e-18	0.32905462892325854	0.17541373754560574
scRNA_580Y_2h_DHAvsDMSO	is_AP2	5326					0.03706926876678817	0.2894888249409102	0.1976705205674143
scRNA_580Y_2h_DHAvsDMSO	is_PUF	5326					0.9298820575606473	0.2616399034294745	0.19801295047382728
scRNA_580Y_2h_DHAvsDMSO	is_chromatin	5326					0.24688395606750924	0.2908208553657565	0.1976705205674143
scRNA_580Y_2h_DHAvsDMSO	is_RNAbind	5326					0.47399311800450716	0.28840783591630714	0.19737876956380784
scRNA_580Y_2h_DHAvsDMSO_noSchiz	asn_frac	3768	0.15278463951878918	4.0680487945620344e-21	0.06130303922880191	0.00016633523097972562	2.059377898143312e-12	0.31628016309357676	0.17316283992154968
scRNA_580Y_2h_DHAvsDMSO_noSchiz	asn_out_lcr	3768	0.12252651631721338	4.4496054320937776e-14	0.04443982634117123	0.006365421123616035	2.059377898143312e-12	0.31628016309357676	0.17316283992154968
scRNA_580Y_2h_DHAvsDMSO_noSchiz	asn_in_lcr	3768	0.16808590080270877	2.8013226990431923e-25	0.05716038028017353	0.0004473641498338981	2.059377898143312e-12	0.31628016309357676	0.17316283992154968
scRNA_580Y_2h_DHAvsDMSO_noSchiz	polyN_maxrun	3768	0.1589403164360503	9.644694294703489e-23	0.03041797599234826	0.06190289550983268	2.059377898143312e-12	0.31628016309357676	0.17316283992154968
scRNA_580Y_2h_DHAvsDMSO_noSchiz	lcr_frac	3768	0.18539231434234676	1.7421224634668783e-30	0.08049403465957283	7.519635356649865e-07	2.059377898143312e-12	0.31628016309357676	0.17316283992154968
scRNA_580Y_2h_DHAvsDMSO_noSchiz	length	3768	0.19317118004344117	5.318305958738539e-33	0.01293485950315833	0.42733303343014917	2.059377898143312e-12	0.31628016309357676	0.17316283992154968
scRNA_580Y_2h_DHAvsDMSO_noSchiz	is_AP2	3768					0.30322062281083206	0.22450288260452655	0.19571864181611653
scRNA_580Y_2h_DHAvsDMSO_noSchiz	is_PUF	3768					0.9919513885808428	0.355805133913754	0.19559504049224152
scRNA_580Y_2h_DHAvsDMSO_noSchiz	is_chromatin	3768					0.04340660497672867	0.34746239084255404	0.1949302247806921
scRNA_580Y_2h_DHAvsDMSO_noSchiz	is_RNAbind	3768					0.6033464711524652	0.292949075287134	0.19479330860202682
scRNA_DiD_580YxDHA_2h	asn_frac	5326	0.06652064062755614	1.1805023099334443e-06	0.019913471608120663	0.14620233623058676	0.001030844707271204	0.059388422697678855	0.00844741190246534
scRNA_DiD_580YxDHA_2h	asn_out_lcr	5326	0.04256954350456398	0.0018875285798837418	0.002595776315727957	0.8497838862614266	0.001030844707271204	0.059388422697678855	0.00844741190246534
scRNA_DiD_580YxDHA_2h	asn_in_lcr	5326	0.09497693644072838	3.7727652501019375e-12	0.039761426979468106	0.003705121861878204	0.001030844707271204	0.059388422697678855	0.00844741190246534
scRNA_DiD_580YxDHA_2h	polyN_maxrun	5326	0.09123294228173165	2.5496555554671205e-11	0.026979021120440684	0.048974880130117956	0.001030844707271204	0.059388422697678855	0.00844741190246534
scRNA_DiD_580YxDHA_2h	lcr_frac	5326	0.09818423760239413	6.914991627845485e-13	0.04602912994119185	0.000778936844161252	0.001030844707271204	0.059388422697678855	0.00844741190246534
scRNA_DiD_580YxDHA_2h	length	5326	0.11220440035483104	2.163808446088388e-16	0.02372904517428275	0.08335015863037286	0.001030844707271204	0.059388422697678855	0.00844741190246534
scRNA_DiD_580YxDHA_2h	is_AP2	5326					0.719339340365604	0.0265162974322406	0.017294993119260305
scRNA_DiD_580YxDHA_2h	is_PUF	5326					0.8711788896859914	-0.0023954830496960566	0.01749667651469755
scRNA_DiD_580YxDHA_2h	is_chromatin	5326					0.5076246893711274	0.0023641489222172574	0.017699696242005958
scRNA_DiD_580YxDHA_2h	is_RNAbind	5326					0.11344280602435583	-0.09245793077006415	0.019202351723397015
scRNA_DiD_580YxDHA_2h_noSchiz	asn_frac	3768	0.07610140881670996	2.916071519768864e-06	0.015912273781198492	0.32881806521222456	8.273118606568154e-05	0.07504010240343373	-2.6696278704108067e-05
scRNA_DiD_580YxDHA_2h_noSchiz	asn_out_lcr	3768	0.051602305428819745	0.0015316561689448134	-7.111995705262773e-05	0.9965178979325148	8.273118606568154e-05	0.07504010240343373	-2.6696278704108067e-05
scRNA_DiD_580YxDHA_2h_noSchiz	asn_in_lcr	3768	0.10691487238169771	4.7185882754636306e-11	0.035837370910053436	0.027819724490085906	8.273118606568154e-05	0.07504010240343373	-2.6696278704108067e-05
scRNA_DiD_580YxDHA_2h_noSchiz	polyN_maxrun	3768	0.09976442222300537	8.397441571367623e-10	0.017806101416631526	0.27451044831137306	8.273118606568154e-05	0.07504010240343373	-2.6696278704108067e-05
scRNA_DiD_580YxDHA_2h_noSchiz	lcr_frac	3768	0.12291259249385629	3.701039798763152e-14	0.056238732867856654	0.0005528526507389783	8.273118606568154e-05	0.07504010240343373	-2.6696278704108067e-05
scRNA_DiD_580YxDHA_2h_noSchiz	length	3768	0.1334647690670939	1.9241533568573453e-16	0.019745505474408735	0.2255985905971724	8.273118606568154e-05	0.07504010240343373	-2.6696278704108067e-05
scRNA_DiD_580YxDHA_2h_noSchiz	is_AP2	3768					0.7303516247356165	0.0265162974322406	0.0043833988860475515
scRNA_DiD_580YxDHA_2h_noSchiz	is_PUF	3768					0.9306143109406378	0.05399043551268634	0.004451343090146054
scRNA_DiD_580YxDHA_2h_noSchiz	is_chromatin	3768					0.8569697143733799	0.04192900499733021	0.004451343090146054
scRNA_DiD_580YxDHA_2h_noSchiz	is_RNAbind	3768					0.10318725363832716	-0.10120241356344373	0.005311583600046799
scRNA_WT_4h_DHAvsDMSO	asn_frac	5326	0.21469521346157353	1.4096784369856233e-56	0.19182055972314804	2.5876097429346313e-45	7.808951603610583e-40	0.3012469679884937	0.03589299376048949
scRNA_WT_4h_DHAvsDMSO	asn_out_lcr	5326	0.17599081087784205	2.613261029879827e-38	0.1562640995014345	1.8254335878866586e-30	7.808951603610583e-40	0.3012469679884937	0.03589299376048949
scRNA_WT_4h_DHAvsDMSO	asn_in_lcr	5326	0.19153537577961405	3.505510866396721e-45	0.16528877515083915	6.213745572711805e-34	7.808951603610583e-40	0.3012469679884937	0.03589299376048949
scRNA_WT_4h_DHAvsDMSO	polyN_maxrun	5326	0.16433943185595343	1.4712939695452618e-33	0.13388366573484028	9.930733749762084e-23	7.808951603610583e-40	0.3012469679884937	0.03589299376048949
scRNA_WT_4h_DHAvsDMSO	lcr_frac	5326	0.1872486917441684	3.1732727081178503e-43	0.1628543693029379	5.607709907542267e-33	7.808951603610583e-40	0.3012469679884937	0.03589299376048949
scRNA_WT_4h_DHAvsDMSO	length	5326	0.05916464185286861	1.5562356998076935e-05	0.01829998962347974	0.18177114697618088	7.808951603610583e-40	0.3012469679884937	0.03589299376048949
scRNA_WT_4h_DHAvsDMSO	is_AP2	5326					0.0022028439916314114	0.2922830806804706	0.055039935024305375
scRNA_WT_4h_DHAvsDMSO	is_PUF	5326					0.7795394625812537	0.2143648869886916	0.05593861367375297
scRNA_WT_4h_DHAvsDMSO	is_chromatin	5326					2.9305344577012805e-05	0.32086762882198894	0.05420301686099682
scRNA_WT_4h_DHAvsDMSO	is_RNAbind	5326					0.2520174490645686	0.06909232031709056	0.055915313308320336
scRNA_WT_4h_DHAvsDMSO_noSchiz	asn_frac	3768	0.19414791164642453	2.524571598393272e-33	0.18541574873707156	1.7126374415462552e-30	3.635047497253428e-22	0.2140676682610172	0.013512949437711974
scRNA_WT_4h_DHAvsDMSO_noSchiz	asn_out_lcr	3768	0.16318270898172288	6.695040518715866e-24	0.15561125560239547	7.43634991301741e-22	3.635047497253428e-22	0.2140676682610172	0.013512949437711974
scRNA_WT_4h_DHAvsDMSO_noSchiz	asn_in_lcr	3768	0.16518146289637264	1.857693037691535e-24	0.15523419695335977	9.345729337292762e-22	3.635047497253428e-22	0.2140676682610172	0.013512949437711974
scRNA_WT_4h_DHAvsDMSO_noSchiz	polyN_maxrun	3768	0.14275153005110236	1.3098697143368108e-18	0.1313191812956653	5.807126279317461e-16	3.635047497253428e-22	0.2140676682610172	0.013512949437711974
scRNA_WT_4h_DHAvsDMSO_noSchiz	lcr_frac	3768	0.17033611104656665	6.317993252253511e-26	0.16117745639904593	2.383910467932361e-23	3.635047497253428e-22	0.2140676682610172	0.013512949437711974
scRNA_WT_4h_DHAvsDMSO_noSchiz	length	3768	0.03548163260258468	0.02940834786489783	0.01998636055239086	0.21998840778101794	3.635047497253428e-22	0.2140676682610172	0.013512949437711974
scRNA_WT_4h_DHAvsDMSO_noSchiz	is_AP2	3768					0.046394941050006314	0.11265747296952267	0.036439079164233945
scRNA_WT_4h_DHAvsDMSO_noSchiz	is_PUF	3768					0.6065538259439571	0.41933043754551846	0.03675666781351161
scRNA_WT_4h_DHAvsDMSO_noSchiz	is_chromatin	3768					0.0032392378216702052	0.33050606985991937	0.03622780214962518
scRNA_WT_4h_DHAvsDMSO_noSchiz	is_RNAbind	3768					0.21580661467464035	0.04986895901532318	0.03658978345657182
scRNA_580Y_4h_DHAvsDMSO	asn_frac	5326	0.11756653213889917	7.448117487613805e-18	0.022627471629493755	0.09870505251339107	1.2680517365489561e-11	0.32955205746098226	0.16872115385519137
scRNA_580Y_4h_DHAvsDMSO	asn_out_lcr	5326	0.1030088709917978	4.8527939035651996e-14	0.02234556970215191	0.10297724694855251	1.2680517365489561e-11	0.32955205746098226	0.16872115385519137
scRNA_580Y_4h_DHAvsDMSO	asn_in_lcr	5326	0.1148480707419685	4.191528442530439e-17	-0.0008639803807226707	0.9497362256743007	1.2680517365489561e-11	0.32955205746098226	0.16872115385519137
scRNA_580Y_4h_DHAvsDMSO	polyN_maxrun	5326	0.1195079129968826	2.11560856672992e-18	-0.014869484338806475	0.27793403913216624	1.2680517365489561e-11	0.32955205746098226	0.16872115385519137
scRNA_580Y_4h_DHAvsDMSO	lcr_frac	5326	0.1455741129129394	1.2853183721634176e-26	0.036203953285558726	0.008232305474169123	1.2680517365489561e-11	0.32955205746098226	0.16872115385519137
scRNA_580Y_4h_DHAvsDMSO	length	5326	0.19144526279565274	3.8580766826343783e-45	0.005419080325812319	0.6925539284382505	1.2680517365489561e-11	0.32955205746098226	0.16872115385519137
scRNA_580Y_4h_DHAvsDMSO	is_AP2	5326					0.00877389433646394	0.4485012878892438	0.1898337392237215
scRNA_580Y_4h_DHAvsDMSO	is_PUF	5326					0.10381037727682273	0.5544049323874614	0.19151126879196068
scRNA_580Y_4h_DHAvsDMSO	is_chromatin	5326					0.6812488325846329	0.23685476202949518	0.1917577152011516
scRNA_580Y_4h_DHAvsDMSO	is_RNAbind	5326					0.7310083987666255	0.14701865970887606	0.19410174609194186
scRNA_580Y_4h_DHAvsDMSO_noSchiz	asn_frac	3768	0.09484448494531517	5.438782883049526e-09	0.00852454198817519	0.6009000118181809	1.1218565661144895e-07	0.2401442301225778	0.07329916521048663
scRNA_580Y_4h_DHAvsDMSO_noSchiz	asn_out_lcr	3768	0.0813551876490967	5.716896947919699e-07	0.008181434126268585	0.6156314863642103	1.1218565661144895e-07	0.2401442301225778	0.07329916521048663
scRNA_580Y_4h_DHAvsDMSO_noSchiz	asn_in_lcr	3768	0.10171741708574977	3.899695811594503e-10	-0.0028439590070620463	0.8614598665639982	1.1218565661144895e-07	0.2401442301225778	0.07329916521048663
scRNA_580Y_4h_DHAvsDMSO_noSchiz	polyN_maxrun	3768	0.08917150665877706	4.186088340400561e-08	-0.030517410136851175	0.06105505620153843	1.1218565661144895e-07	0.2401442301225778	0.07329916521048663
scRNA_580Y_4h_DHAvsDMSO_noSchiz	lcr_frac	3768	0.14484283577145304	4.062835386024176e-19	0.04698712418311898	0.003915432705742569	1.1218565661144895e-07	0.2401442301225778	0.07329916521048663
scRNA_580Y_4h_DHAvsDMSO_noSchiz	length	3768	0.1698243335050589	8.881119364206122e-26	0.0032748629522918403	0.8407312984527406	1.1218565661144895e-07	0.2401442301225778	0.07329916521048663
scRNA_580Y_4h_DHAvsDMSO_noSchiz	is_AP2	3768					0.10828549014965247	0.32778826884685586	0.09696307179446073
scRNA_580Y_4h_DHAvsDMSO_noSchiz	is_PUF	3768					0.09913553165914094	0.5398192282907068	0.09893852169113249
scRNA_580Y_4h_DHAvsDMSO_noSchiz	is_chromatin	3768					0.2520580532009068	0.34430929840784863	0.09816659818487317
scRNA_580Y_4h_DHAvsDMSO_noSchiz	is_RNAbind	3768					0.9198891298263125	0.10411656460511587	0.09911874865292924
scRNA_DiD_580YxDHA_4h	asn_frac	5326	0.021065209346454006	0.12425974520921072	-0.06291256752081632	4.331672108743528e-06	0.5155920226820834	0.04201735281899843	0.076187770025677
scRNA_DiD_580YxDHA_4h	asn_out_lcr	5326	0.028464134166708642	0.03778032742757519	-0.0439568628780067	0.0013331541811124786	0.5155920226820834	0.04201735281899843	0.076187770025677
scRNA_DiD_580YxDHA_4h	asn_in_lcr	5326	0.01744310704989709	0.2030938592001501	-0.0788210637111313	8.414868543025405e-09	0.5155920226820834	0.04201735281899843	0.076187770025677
scRNA_DiD_580YxDHA_4h	polyN_maxrun	5326	0.04247745436168992	0.0019309443008805418	-0.06805575569643456	6.651578446715071e-07	0.5155920226820834	0.04201735281899843	0.076187770025677
scRNA_DiD_580YxDHA_4h	lcr_frac	5326	0.046743344055641754	0.0006440111728478443	-0.042511202413188565	0.001914928361769671	0.5155920226820834	0.04201735281899843	0.076187770025677
scRNA_DiD_580YxDHA_4h	length	5326	0.15701866369643944	9.531027250833939e-31	0.01005789449232312	0.46303049062177837	0.5155920226820834	0.04201735281899843	0.076187770025677
scRNA_DiD_580YxDHA_4h	is_AP2	5326					0.6654452704326574	0.17415275603509128	0.0690555106736146
scRNA_DiD_580YxDHA_4h	is_PUF	5326					0.25809731667653313	0.30022508263157643	0.06934075771787906
scRNA_DiD_580YxDHA_4h	is_chromatin	5326					0.01193517950563457	-0.08260827038046292	0.07066953450818891
scRNA_DiD_580YxDHA_4h	is_RNAbind	5326					0.43651097325502763	0.010982455501556743	0.06953934683582297
scRNA_DiD_580YxDHA_4h_noSchiz	asn_frac	3768	0.02166221384596605	0.18370649777757378	-0.06364809996986988	9.243171721469865e-05	0.9558441246574482	0.023199672824294026	0.018466634525206693
scRNA_DiD_580YxDHA_4h_noSchiz	asn_out_lcr	3768	0.023452574423536685	0.15005591477911603	-0.05008173452276529	0.0021041170442300957	0.9558441246574482	0.023199672824294026	0.018466634525206693
scRNA_DiD_580YxDHA_4h_noSchiz	asn_in_lcr	3768	0.02942877523660956	0.0708794783293528	-0.06815528727297064	2.8250684111385436e-05	0.9558441246574482	0.023199672824294026	0.018466634525206693
scRNA_DiD_580YxDHA_4h_noSchiz	polyN_maxrun	3768	0.03523724554675992	0.03054437989804217	-0.07574362765795042	3.2461922284177856e-06	0.9558441246574482	0.023199672824294026	0.018466634525206693
scRNA_DiD_580YxDHA_4h_noSchiz	lcr_frac	3768	0.06457097041123484	7.29506695877095e-05	-0.02507473149075777	0.1238239495415427	0.9558441246574482	0.023199672824294026	0.018466634525206693
scRNA_DiD_580YxDHA_4h_noSchiz	length	3768	0.16098778175100448	2.685926068085966e-23	0.012006844978448212	0.4612375155991959	0.9558441246574482	0.023199672824294026	0.018466634525206693
scRNA_DiD_580YxDHA_4h_noSchiz	is_AP2	3768					0.6436580494999773	0.02246871937906203	0.018851264223178177
scRNA_DiD_580YxDHA_4h_noSchiz	is_PUF	3768					0.356968167428642	0.04085886521080173	0.018851264223178177
scRNA_DiD_580YxDHA_4h_noSchiz	is_chromatin	3768					0.3802539452199719	-0.013299979598407674	0.01955041028625093
scRNA_DiD_580YxDHA_4h_noSchiz	is_RNAbind	3768					0.5107090160088128	-0.042000361991839874	0.020164936921720944
scRNA_WT_6h_DHAvsDMSO	asn_frac	5326	0.0811619117540086	3.000909691571412e-09	0.0407638616013621	0.0029254704200047184	6.97471011098418e-16	0.5833229840437113	0.39781716569285397
scRNA_WT_6h_DHAvsDMSO	asn_out_lcr	5326	0.05382662577373613	8.488772037079748e-05	0.01927571194528844	0.1595664127340821	6.97471011098418e-16	0.5833229840437113	0.39781716569285397
scRNA_WT_6h_DHAvsDMSO	asn_in_lcr	5326	0.11122102793166821	3.945935125760376e-16	0.06340208444588634	3.645684811992036e-06	6.97471011098418e-16	0.5833229840437113	0.39781716569285397
scRNA_WT_6h_DHAvsDMSO	polyN_maxrun	5326	0.09390466565555679	6.5713574384407145e-12	0.037511824624524875	0.006183037628929111	6.97471011098418e-16	0.5833229840437113	0.39781716569285397
scRNA_WT_6h_DHAvsDMSO	lcr_frac	5326	0.1129912048092639	1.3328937953019663e-16	0.06749853862044097	8.203060154536252e-07	6.97471011098418e-16	0.5833229840437113	0.39781716569285397
scRNA_WT_6h_DHAvsDMSO	length	5326	0.09849191995303902	5.859202361412787e-13	0.02108405287218005	0.12392337848580977	6.97471011098418e-16	0.5833229840437113	0.39781716569285397
scRNA_WT_6h_DHAvsDMSO	is_AP2	5326					0.00018315239869268115	0.7000930915996229	0.41445609309668763
scRNA_WT_6h_DHAvsDMSO	is_PUF	5326					0.02281925101783879	0.9485812654406984	0.4178660453893892
scRNA_WT_6h_DHAvsDMSO	is_chromatin	5326					0.020213021420442158	0.5742289627842299	0.4149636619794581
scRNA_WT_6h_DHAvsDMSO	is_RNAbind	5326					0.9656174813818341	0.35880024987929016	0.4181591877467401
scRNA_WT_6h_DHAvsDMSO_noSchiz	asn_frac	3768	0.06322740974984724	0.00010285679129912675	0.033570785725939405	0.039340509650817354	1.7415141865758682e-07	0.49290533844366635	0.3660390693341733
scRNA_WT_6h_DHAvsDMSO_noSchiz	asn_out_lcr	3768	0.041004451990261516	0.011827745245330961	0.015662269313762935	0.3364751033658525	1.7415141865758682e-07	0.49290533844366635	0.3660390693341733
scRNA_WT_6h_DHAvsDMSO_noSchiz	asn_in_lcr	3768	0.09416692114518041	6.984369110550841e-09	0.05864743368620794	0.00031587292035501987	1.7415141865758682e-07	0.49290533844366635	0.3660390693341733
scRNA_WT_6h_DHAvsDMSO_noSchiz	polyN_maxrun	3768	0.07424746299812046	5.057341556019129e-06	0.03281403933240251	0.04399564954204587	1.7415141865758682e-07	0.49290533844366635	0.3660390693341733
scRNA_WT_6h_DHAvsDMSO_noSchiz	lcr_frac	3768	0.09769311037578078	1.8645701508173115e-09	0.06392602231059122	8.61006981349986e-05	1.7415141865758682e-07	0.49290533844366635	0.3660390693341733
scRNA_WT_6h_DHAvsDMSO_noSchiz	length	3768	0.08404788079971767	2.3835263347812147e-07	0.0260638233881406	0.10967767170445424	1.7415141865758682e-07	0.49290533844366635	0.3660390693341733
scRNA_WT_6h_DHAvsDMSO_noSchiz	is_AP2	3768					0.004528994544564896	0.6726495568657203	0.3766721182878974
scRNA_WT_6h_DHAvsDMSO_noSchiz	is_PUF	3768					0.015129170628100484	0.9516427137263364	0.37771619338058215
scRNA_WT_6h_DHAvsDMSO_noSchiz	is_chromatin	3768					0.05910245495596496	0.5463858941697968	0.3772107270170926
scRNA_WT_6h_DHAvsDMSO_noSchiz	is_RNAbind	3768					0.9678656142042386	0.32025407251182125	0.3792422886744178
scRNA_580Y_6h_DHAvsDMSO	asn_frac	5326	0.06566665285338145	1.615679358589771e-06	0.015645991400948803	0.25360464980759534	3.528719031331708e-08	0.3420239283545188	0.1067670681029016
scRNA_580Y_6h_DHAvsDMSO	asn_out_lcr	5326	0.05184755847664964	0.00015342195730807764	0.009000571297423019	0.5113636366768849	3.528719031331708e-08	0.3420239283545188	0.1067670681029016
scRNA_580Y_6h_DHAvsDMSO	asn_in_lcr	5326	0.07216701884437463	1.3468913350175791e-07	0.013236483208965887	0.33414085558250606	3.528719031331708e-08	0.3420239283545188	0.1067670681029016
scRNA_580Y_6h_DHAvsDMSO	polyN_maxrun	5326	0.057449745318533044	2.7271328949131457e-05	-0.010928198369655032	0.4252358835854243	3.528719031331708e-08	0.3420239283545188	0.1067670681029016
scRNA_580Y_6h_DHAvsDMSO	lcr_frac	5326	0.11995325668577186	1.5804402965404872e-18	0.0644247961170497	2.532803633326787e-06	3.528719031331708e-08	0.3420239283545188	0.1067670681029016
scRNA_580Y_6h_DHAvsDMSO	length	5326	0.10184285812267958	9.329202123524386e-14	0.008959712768158249	0.5132828441728512	3.528719031331708e-08	0.3420239283545188	0.1067670681029016
scRNA_580Y_6h_DHAvsDMSO	is_AP2	5326					0.05793537225298614	0.38375115355429856	0.12960616070948783
scRNA_580Y_6h_DHAvsDMSO	is_PUF	5326					0.016901903375767306	0.9278824226457973	0.13026803256672892
scRNA_580Y_6h_DHAvsDMSO	is_chromatin	5326					0.469940191306914	0.14917160650407357	0.13156960328036948
scRNA_580Y_6h_DHAvsDMSO	is_RNAbind	5326					0.32941533775612	0.23241677071079003	0.12956085027722075
scRNA_580Y_6h_DHAvsDMSO_noSchiz	asn_frac	3768	0.04200502194814213	0.009916701157600922	-0.0017156529370807108	0.9161545539531479	8.956549156758544e-05	0.18571397147925417	0.005339993491971562
scRNA_580Y_6h_DHAvsDMSO_noSchiz	asn_out_lcr	3768	0.03032575193025599	0.062697940468482	-0.007113325025269987	0.6624701884051079	8.956549156758544e-05	0.18571397147925417	0.005339993491971562
scRNA_580Y_6h_DHAvsDMSO_noSchiz	asn_in_lcr	3768	0.06175211033324426	0.00014886442737873073	0.010534425317219152	0.5179886559732385	8.956549156758544e-05	0.18571397147925417	0.005339993491971562
scRNA_580Y_6h_DHAvsDMSO_noSchiz	polyN_maxrun	3768	0.027263289248500962	0.09427090875763225	-0.031088758202723353	0.0563677594857322	8.956549156758544e-05	0.18571397147925417	0.005339993491971562
scRNA_580Y_6h_DHAvsDMSO_noSchiz	lcr_frac	3768	0.11971831618100708	1.6697441167992276e-13	0.07179824091353515	1.0265809948461906e-05	8.956549156758544e-05	0.18571397147925417	0.005339993491971562
scRNA_580Y_6h_DHAvsDMSO_noSchiz	length	3768	0.08462737604134106	1.9675162487742928e-07	0.004583112057391139	0.7785278190280605	8.956549156758544e-05	0.18571397147925417	0.005339993491971562
scRNA_580Y_6h_DHAvsDMSO_noSchiz	is_AP2	3768					0.22012039609077005	0.244057265372017	0.02879781853461294
scRNA_580Y_6h_DHAvsDMSO_noSchiz	is_PUF	3768					0.027719758308910512	0.9909005868210974	0.02885785861314183
scRNA_580Y_6h_DHAvsDMSO_noSchiz	is_chromatin	3768					0.4292162816663133	0.313909696073865	0.02884774638134413
scRNA_580Y_6h_DHAvsDMSO_noSchiz	is_RNAbind	3768					0.2331914444093932	0.18219654321231493	0.026973410246640128
scRNA_DiD_580YxDHA_6h	asn_frac	5326	0.03707222101513254	0.00681389845770322	0.010018138055367463	0.46480057553865795	0.1963326001022242	-0.28501567685728624	-0.2901555389786541
scRNA_DiD_580YxDHA_6h	asn_out_lcr	5326	0.038413604611001614	0.005050728327274301	0.015133065410416258	0.2695034524058902	0.1963326001022242	-0.28501567685728624	-0.2901555389786541
scRNA_DiD_580YxDHA_6h	asn_in_lcr	5326	0.01845907733489471	0.17800218465737175	-0.012655861589299629	0.35577900044764965	0.1963326001022242	-0.28501567685728624	-0.2901555389786541
scRNA_DiD_580YxDHA_6h	polyN_maxrun	5326	0.019551126495957145	0.15368602981363794	-0.016419642643729474	0.23087965817720285	0.1963326001022242	-0.28501567685728624	-0.2901555389786541
scRNA_DiD_580YxDHA_6h	lcr_frac	5326	0.06444302148771572	2.5162934704455997e-06	0.035307858599808124	0.009967732261773738	0.1963326001022242	-0.28501567685728624	-0.2901555389786541
scRNA_DiD_580YxDHA_6h	length	5326	0.05552979239931783	5.0196315259064905e-05	0.0074397801305009685	0.5872460814239883	0.1963326001022242	-0.28501567685728624	-0.2901555389786541
scRNA_DiD_580YxDHA_6h	is_AP2	5326					0.9135265161998473	-0.2053412005977595	-0.28977270830038915
scRNA_DiD_580YxDHA_6h	is_PUF	5326					0.2256752735648615	0.060702184765355494	-0.28977270830038915
scRNA_DiD_580YxDHA_6h	is_chromatin	5326					0.019240513964251037	-0.534199693345893	-0.28741240095569953
scRNA_DiD_580YxDHA_6h	is_RNAbind	5326					0.23193055640558968	-0.2541178226153873	-0.29136915442568867
scRNA_DiD_580YxDHA_6h_noSchiz	asn_frac	3768	0.023814881433979168	0.1438574888053075	-0.003467767690058173	0.8314864013176793	0.1965856368876724	-0.31920955370237714	-0.3611119198294528
scRNA_DiD_580YxDHA_6h_noSchiz	asn_out_lcr	3768	0.024560230764729837	0.13172525738470892	0.0009841340504852284	0.9518449496694326	0.1965856368876724	-0.31920955370237714	-0.3611119198294528
scRNA_DiD_580YxDHA_6h_noSchiz	asn_in_lcr	3768	0.017948372943326376	0.27069356461722566	-0.013257689171637206	0.41588776554094553	0.1965856368876724	-0.31920955370237714	-0.3611119198294528
scRNA_DiD_580YxDHA_6h_noSchiz	polyN_maxrun	3768	0.001263414954240674	0.9382036689464177	-0.034378030913227	0.03484234966726775	0.1965856368876724	-0.31920955370237714	-0.3611119198294528
scRNA_DiD_580YxDHA_6h_noSchiz	lcr_frac	3768	0.07621155807051613	2.8210940377311333e-06	0.04719563103145861	0.003758957867998897	0.1965856368876724	-0.31920955370237714	-0.3611119198294528
scRNA_DiD_580YxDHA_6h_noSchiz	length	3768	0.049893711873174935	0.002187135322322387	0.00173683632842369	0.915123191705872	0.1965856368876724	-0.31920955370237714	-0.3611119198294528
scRNA_DiD_580YxDHA_6h_noSchiz	is_AP2	3768					0.8862954005414079	-0.3627012773765306	-0.3535902651877252
scRNA_DiD_580YxDHA_6h_noSchiz	is_PUF	3768					0.33019522912552823	-0.15791173169731465	-0.3546935034360015
scRNA_DiD_580YxDHA_6h_noSchiz	is_chromatin	3768					0.483040436405761	-0.4839716532068046	-0.35124058819729775
scRNA_DiD_580YxDHA_6h_noSchiz	is_RNAbind	3768					0.12825784753332503	-0.255536774305402	-0.3573975841349206
Mok2021_Rings_E1_C580Y	asn_frac	2549	-0.1034493084729336	1.6552477862704026e-07	-0.0003336854991122774	0.9865652766146635	0.01849820998096322	-0.0394999999999994	0.06899999999999945
Mok2021_Rings_E1_C580Y	asn_out_lcr	2549	-0.11040030054667095	2.2943034445963138e-08	-0.019117160290212126	0.334647646351972	0.01849820998096322	-0.0394999999999994	0.06899999999999945
Mok2021_Rings_E1_C580Y	asn_in_lcr	2549	-0.0716825912405525	0.0002923698979391144	0.036805663000708914	0.0631763366030737	0.01849820998096322	-0.0394999999999994	0.06899999999999945
Mok2021_Rings_E1_C580Y	polyN_maxrun	2549	-0.10863569219263064	3.833685549872563e-08	0.01983192392786775	0.3168877326780178	0.01849820998096322	-0.0394999999999994	0.06899999999999945
Mok2021_Rings_E1_C580Y	lcr_frac	2549	-0.0516991493063744	0.009037490657892958	0.04787469228769927	0.015636988974730735	0.01849820998096322	-0.0394999999999994	0.06899999999999945
Mok2021_Rings_E1_C580Y	length	2549	-0.14354165965163276	3.307222469622895e-13	0.02212769935693167	0.2640953825570354	0.01849820998096322	-0.0394999999999994	0.06899999999999945
Mok2021_Rings_E1_C580Y	is_AP2	2549					0.007391711826684923	-0.7065000000000001	0.0645000000000015
Mok2021_Rings_E1_C580Y	is_PUF	2549							
Mok2021_Rings_E1_C580Y	is_chromatin	2549					0.1021783146529055	-0.13800000000000073	0.0645000000000015
Mok2021_Rings_E1_C580Y	is_RNAbind	2549					2.6150253724369513e-05	0.5665000000000004	0.0564999999999997
Mok2021_Rings_E1_R539T	asn_frac	2605	-0.1155802596060656	3.2960668737321786e-09	-0.0017044661494960874	0.9307089508732822	0.0019278421610062497	-0.1169999999999991	-0.062499999999999944
Mok2021_Rings_E1_R539T	asn_out_lcr	2605	-0.1141056396719496	5.215428352481186e-09	-0.0124881276419916	0.5240577678728795	0.0019278421610062497	-0.1169999999999991	-0.062499999999999944
Mok2021_Rings_E1_R539T	asn_in_lcr	2605	-0.1184264966400751	1.337398787314471e-09	0.0003015644923343259	0.9877256495756159	0.0019278421610062497	-0.1169999999999991	-0.062499999999999944
Mok2021_Rings_E1_R539T	polyN_maxrun	2605	-0.15208844152454895	5.988678382020232e-15	-0.011340439101590083	0.5628943698055232	0.0019278421610062497	-0.1169999999999991	-0.062499999999999944
Mok2021_Rings_E1_R539T	lcr_frac	2605	-0.11092224137866646	1.3772895641824578e-08	-0.0008237314133456079	0.9664808240915262	0.0019278421610062497	-0.1169999999999991	-0.062499999999999944
Mok2021_Rings_E1_R539T	length	2605	-0.18825473479143753	3.308243689630916e-22	-0.006092347042650134	0.7559510225124673	0.0019278421610062497	-0.1169999999999991	-0.062499999999999944
Mok2021_Rings_E1_R539T	is_AP2	2605					0.0009702017709780649	-0.2765000000000004	-0.0674999999999999
Mok2021_Rings_E1_R539T	is_PUF	2605							
Mok2021_Rings_E1_R539T	is_chromatin	2605					0.005176174030192464	-0.1705000000000005	-0.0670000000000001
Mok2021_Rings_E1_R539T	is_RNAbind	2605					8.119930826231038e-05	0.129	-0.0709999999999997
Mok2021_Rings_E2_C580Y	asn_frac	2191	0.031097469966374934	0.14563180404706505	0.04147504839403063	0.05224659340760876	0.038607868655223684	0.26575000000000015	0.1734999999999997
Mok2021_Rings_E2_C580Y	asn_out_lcr	2191	0.049231563255128306	0.021193513535772736	0.05858475414764991	0.006087450640444994	0.038607868655223684	0.26575000000000015	0.1734999999999997
Mok2021_Rings_E2_C580Y	asn_in_lcr	2191	-0.01646558900140255	0.4411008190732377	-0.00569340298884832	0.7899715464141283	0.038607868655223684	0.26575000000000015	0.1734999999999997
Mok2021_Rings_E2_C580Y	polyN_maxrun	2191	-0.024586003584575876	0.25000315427694253	-0.011841116132902594	0.5796038292174293	0.038607868655223684	0.26575000000000015	0.1734999999999997
Mok2021_Rings_E2_C580Y	lcr_frac	2191	-0.013865616422129795	0.5165425004149153	-0.0038010988134456057	0.8588632454213636	0.038607868655223684	0.26575000000000015	0.1734999999999997
Mok2021_Rings_E2_C580Y	length	2191	-0.04913391298627528	0.021451465532166616	-0.03246458544378438	0.128727410434679	0.038607868655223684	0.26575000000000015	0.1734999999999997
Mok2021_Rings_E2_C580Y	is_AP2	2191					0.1621261204880836	0.0154999999999998	0.184000000000001
Mok2021_Rings_E2_C580Y	is_PUF	2191							
Mok2021_Rings_E2_C580Y	is_chromatin	2191					0.5521150791890982	0.1585	0.18350000000000039
Mok2021_Rings_E2_C580Y	is_RNAbind	2191					0.027078499500512453	0.4489999999999998	0.17949999999999994
Mok2021_Rings_E2_R539T	asn_frac	2205	-0.057435752473423876	0.0069813420873926935	0.008987235280458397	0.6731807395388911	0.279509100308864	0.0067000000000003	0.0289999999999999
Mok2021_Rings_E2_R539T	asn_out_lcr	2205	-0.06911097247135492	0.0011649880059539843	-0.00906285640642555	0.6705918686159014	0.279509100308864	0.0067000000000003	0.0289999999999999
Mok2021_Rings_E2_R539T	asn_in_lcr	2205	-0.024154311417680707	0.2569008664550429	0.04478354974593096	0.035484758140004014	0.279509100308864	0.0067000000000003	0.0289999999999999
Mok2021_Rings_E2_R539T	polyN_maxrun	2205	-0.060086727541497936	0.004765548969587387	0.023604893578224595	0.2678830116569741	0.279509100308864	0.0067000000000003	0.0289999999999999
Mok2021_Rings_E2_R539T	lcr_frac	2205	-0.023272754549815342	0.274676239218491	0.04059509370336487	0.05665722609043628	0.279509100308864	0.0067000000000003	0.0289999999999999
Mok2021_Rings_E2_R539T	length	2205	-0.08596964713125262	5.297250391540799e-05	0.022123872094884117	0.29907543578400203	0.279509100308864	0.0067000000000003	0.0289999999999999
Mok2021_Rings_E2_R539T	is_AP2	2205					0.0031035193804930424	-0.23300000000000054	0.0289999999999999
Mok2021_Rings_E2_R539T	is_PUF	2205							
Mok2021_Rings_E2_R539T	is_chromatin	2205					0.0021854845485990496	-0.1089999999999999	0.0304999999999999
Mok2021_Rings_E2_R539T	is_RNAbind	2205					0.008160730245306915	0.3819999999999997	0.0260000000000002
Mok2021_Troph_E1_C580Y	asn_frac	2381	-0.13067377013721096	1.5496677320167736e-10	-0.10357966607677851	4.0798098650927523e-07	7.493489654790453e-08	-0.0999999999999996	-0.0449999999999999
Mok2021_Troph_E1_C580Y	asn_out_lcr	2381	-0.13042172015995243	1.6812256753232846e-10	-0.10638052022824905	1.961670582489036e-07	7.493489654790453e-08	-0.0999999999999996	-0.0449999999999999
Mok2021_Troph_E1_C580Y	asn_in_lcr	2381	-0.10199790242707049	6.118584952948843e-07	-0.07343556493287882	0.0003354215438655169	7.493489654790453e-08	-0.0999999999999996	-0.0449999999999999
Mok2021_Troph_E1_C580Y	polyN_maxrun	2381	-0.10724955034926248	1.5570487197743294e-07	-0.07286875100608257	0.0003729351899596097	7.493489654790453e-08	-0.0999999999999996	-0.0449999999999999
Mok2021_Troph_E1_C580Y	lcr_frac	2381	-0.12037102938471188	3.8174980728686375e-09	-0.09469000962007973	3.6846301824601696e-06	7.493489654790453e-08	-0.0999999999999996	-0.0449999999999999
Mok2021_Troph_E1_C580Y	length	2381	-0.08964681354386479	1.1819763668352628e-05	-0.04434599905025691	0.03047870387194985	7.493489654790453e-08	-0.0999999999999996	-0.0449999999999999
Mok2021_Troph_E1_C580Y	is_AP2	2381					0.11128200140139242	-0.0990000000000002	-0.0500000000000007
Mok2021_Troph_E1_C580Y	is_PUF	2381							
Mok2021_Troph_E1_C580Y	is_chromatin	2381					0.7593873465673149	-0.0660000000000007	-0.0509999999999992
Mok2021_Troph_E1_C580Y	is_RNAbind	2381					0.06504605914058342	-0.1169999999999991	-0.0500000000000007
Mok2021_Troph_E1_R539T	asn_frac	2387	-0.11870463011125672	5.988308807255937e-09	-0.0663756927609887	0.0011753608522719024	1.5756006468295992e-07	-0.1495000000000006	-0.0769999999999999
Mok2021_Troph_E1_R539T	asn_out_lcr	2387	-0.11494505786256967	1.7854947681307176e-08	-0.06846721026602262	0.0008161046012446119	1.5756006468295992e-07	-0.1495000000000006	-0.0769999999999999
Mok2021_Troph_E1_R539T	asn_in_lcr	2387	-0.10476138909107391	2.901120585789521e-07	-0.04973188161715065	0.015099731200250262	1.5756006468295992e-07	-0.1495000000000006	-0.0769999999999999
Mok2021_Troph_E1_R539T	polyN_maxrun	2387	-0.12039246522008903	3.6262529897816887e-09	-0.054711057574192264	0.007503810290779138	1.5756006468295992e-07	-0.1495000000000006	-0.0769999999999999
Mok2021_Troph_E1_R539T	lcr_frac	2387	-0.12332014742195047	1.494333772303612e-09	-0.07347200348238307	0.00032740406457357413	1.5756006468295992e-07	-0.1495000000000006	-0.0769999999999999
Mok2021_Troph_E1_R539T	length	2387	-0.11149961673473692	4.7155984233784426e-08	-0.02428921874832276	0.23552351941803013	1.5756006468295992e-07	-0.1495000000000006	-0.0769999999999999
Mok2021_Troph_E1_R539T	is_AP2	2387					0.07692459873810668	-0.184000000000001	-0.0830000000000001
Mok2021_Troph_E1_R539T	is_PUF	2387							
Mok2021_Troph_E1_R539T	is_chromatin	2387					0.5110256718611084	-0.0839999999999996	-0.0830000000000001
Mok2021_Troph_E1_R539T	is_RNAbind	2387					0.02913941415517534	-0.1660000000000003	-0.0819999999999998
Mok2021_Troph_E2_R539T	asn_frac	2034	-0.05711711480784823	0.00998075099368009	0.008890500486307134	0.6886247937828731	0.7497915631284315	0.01599999999999905	0.030500000000000853
Mok2021_Troph_E2_R539T	asn_out_lcr	2034	-0.06451712218159988	0.0036032086162312016	-0.0057811440188587655	0.7944234680205622	0.7497915631284315	0.01599999999999905	0.030500000000000853
Mok2021_Troph_E2_R539T	asn_in_lcr	2034	-0.016034728870449332	0.4698234076071057	0.05526564254534425	0.012672329284929928	0.7497915631284315	0.01599999999999905	0.030500000000000853
Mok2021_Troph_E2_R539T	polyN_maxrun	2034	-0.06670008733573093	0.0026153230511584812	0.016351446854996555	0.4610953594019549	0.7497915631284315	0.01599999999999905	0.030500000000000853
Mok2021_Troph_E2_R539T	lcr_frac	2034	-0.025827090759865026	0.24431173481059407	0.03896500253013238	0.07893413757039167	0.7497915631284315	0.01599999999999905	0.030500000000000853
Mok2021_Troph_E2_R539T	length	2034	-0.11487017425555619	2.0510464318699357e-07	-0.007303540718133414	0.7420114893238898	0.7497915631284315	0.01599999999999905	0.030500000000000853
Mok2021_Troph_E2_R539T	is_AP2	2034					0.12102380452747495	0.1123333333333338	0.0291666666666667
Mok2021_Troph_E2_R539T	is_PUF	2034							
Mok2021_Troph_E2_R539T	is_chromatin	2034					0.00044689001938764565	-0.1071666666666661	0.0316666666666662
Mok2021_Troph_E2_R539T	is_RNAbind	2034					0.9195272124225895	0.0236666666666671	0.0296666666666656
GSE59099_RvsS_preACT	asn_frac	5181	0.0065733976787392765	0.6361856333641907	0.016458810084910062	0.23622083321836929	0.2457539587306995	-0.015865661499999906	-0.013204758874999964
GSE59099_RvsS_preACT	asn_out_lcr	5181	0.009227032922407159	0.5066851967958632	0.017934481478456003	0.1968072776606044	0.2457539587306995	-0.015865661499999906	-0.013204758874999964
GSE59099_RvsS_preACT	asn_in_lcr	5181	0.003328064936632658	0.810722399679622	0.014428259304937727	0.29911296069695004	0.2457539587306995	-0.015865661499999906	-0.013204758874999964
GSE59099_RvsS_preACT	polyN_maxrun	5181	-0.007949123793321213	0.5672933459713891	0.005193474241766887	0.7086020395739625	0.2457539587306995	-0.015865661499999906	-0.013204758874999964
GSE59099_RvsS_preACT	lcr_frac	5181	0.007227139912262871	0.6030045024069548	0.017732536322876233	0.20189702669403964	0.2457539587306995	-0.015865661499999906	-0.013204758874999964
GSE59099_RvsS_preACT	length	5181	-0.010339553774246904	0.4568324684333115	0.007596656362583023	0.5846007135186824	0.2457539587306995	-0.015865661499999906	-0.013204758874999964
GSE59099_RvsS_preACT	is_AP2	5181					0.1156055157281521	-0.003074509499999989	-0.013534723000000026
GSE59099_RvsS_preACT	is_PUF	5181					0.8707640468543619	-0.03558886775000003	-0.013474216500000025
GSE59099_RvsS_preACT	is_chromatin	5181					0.11101048457138271	0.012919240250000047	-0.013534723000000026
GSE59099_RvsS_preACT	is_RNAbind	5181					0.36903747331750436	-0.018243238500000092	-0.013479581875000035
GSE59099_RvsS_preACT_noSchiz	asn_frac	3652	0.0031617287540501478	0.8485224875637961	0.011433292484250963	0.48974135605741276	0.6586700589387361	-0.0059246057500000615	-0.006747986375000015
GSE59099_RvsS_preACT_noSchiz	asn_out_lcr	3652	0.007213282452123112	0.6630051080720889	0.01451650406000253	0.380484428284399	0.6586700589387361	-0.0059246057500000615	-0.006747986375000015
GSE59099_RvsS_preACT_noSchiz	asn_in_lcr	3652	-0.0036973599651903555	0.8232535306630857	0.005353751917504371	0.7463708869525227	0.6586700589387361	-0.0059246057500000615	-0.006747986375000015
GSE59099_RvsS_preACT_noSchiz	polyN_maxrun	3652	-0.017881154670435568	0.28000574169427306	-0.0072427340709353555	0.6617145443271073	0.6586700589387361	-0.0059246057500000615	-0.006747986375000015
GSE59099_RvsS_preACT_noSchiz	lcr_frac	3652	0.001667404990368185	0.9197649338569736	0.010146116231142402	0.5399069301919732	0.6586700589387361	-0.0059246057500000615	-0.006747986375000015
GSE59099_RvsS_preACT_noSchiz	length	3652	-0.014685378578421494	0.3749671446396794	-5.546757026966807e-05	0.9973264083428067	0.6586700589387361	-0.0059246057500000615	-0.006747986375000015
GSE59099_RvsS_preACT_noSchiz	is_AP2	3652					0.256436448718916	0.01762091949999999	-0.006711748374999993
GSE59099_RvsS_preACT_noSchiz	is_PUF	3652					0.1993225000353579	-0.05175684375	-0.006597829500000096
GSE59099_RvsS_preACT_noSchiz	is_chromatin	3652					0.9531596825861735	-0.012712885999999646	-0.006633875000000011
GSE59099_RvsS_preACT_noSchiz	is_RNAbind	3652					0.2782494520706218	-0.015256472750000045	-0.006561227000000114
GSE59099_RvsS_Mekong	asn_frac	5181	0.0482711960399796	0.0005095066256583635	0.049224272159530805	0.00039348443124056603	0.792378108886556	-0.015065660500000133	-0.010812593499999967
GSE59099_RvsS_Mekong	asn_out_lcr	5181	0.05469016092684804	8.197555839084032e-05	0.05552381240959732	6.369728431266695e-05	0.792378108886556	-0.015065660500000133	-0.010812593499999967
GSE59099_RvsS_Mekong	asn_in_lcr	5181	0.01940099529470948	0.16263565399883556	0.02049455693230432	0.14021791487288937	0.792378108886556	-0.015065660500000133	-0.010812593499999967
GSE59099_RvsS_Mekong	polyN_maxrun	5181	0.014342932919261446	0.30198016956280355	0.0156362012472277	0.26047128996981334	0.792378108886556	-0.015065660500000133	-0.010812593499999967
GSE59099_RvsS_Mekong	lcr_frac	5181	0.01999581862497427	0.15012817534528203	0.021030512144002735	0.13013727075626694	0.792378108886556	-0.015065660500000133	-0.010812593499999967
GSE59099_RvsS_Mekong	length	5181	-0.0028895846988793825	0.8352757088868488	-0.00112331776788509	0.9355723865537313	0.792378108886556	-0.015065660500000133	-0.010812593499999967
GSE59099_RvsS_Mekong	is_AP2	5181					0.09512381239120861	0.006825837749999994	-0.01144527699999999
GSE59099_RvsS_Mekong	is_PUF	5181					0.7948638239309223	-0.0362951730000001	-0.011246026000000242
GSE59099_RvsS_Mekong	is_chromatin	5181					0.2130079290573852	0.008194159750000013	-0.01136988600000001
GSE59099_RvsS_Mekong	is_RNAbind	5181					0.5809612904254893	-0.026925364000000063	-0.011214246500000136
GSE59099_RvsS_Mekong_noSchiz	asn_frac	3652	0.04939544023669971	0.00282786578107294	0.04409989664080388	0.0076892314270285665	0.5849844074141443	0.0018864883750000297	-0.0023924224999999633
GSE59099_RvsS_Mekong_noSchiz	asn_out_lcr	3652	0.056413579040844444	0.0006479108039085268	0.0517472002758058	0.0017588002974261005	0.5849844074141443	0.0018864883750000297	-0.0023924224999999633
GSE59099_RvsS_Mekong_noSchiz	asn_in_lcr	3652	0.015593671971533534	0.3461475737270665	0.009811578950141018	0.5533535178668512	0.5849844074141443	0.0018864883750000297	-0.0023924224999999633
GSE59099_RvsS_Mekong_noSchiz	polyN_maxrun	3652	0.007651607472564884	0.6439029624390437	0.0007956664218942366	0.9616627782302059	0.5849844074141443	0.0018864883750000297	-0.0023924224999999633
GSE59099_RvsS_Mekong_noSchiz	lcr_frac	3652	0.02048191666985227	0.21591459217537554	0.0150828685639044	0.36217715603966016	0.5849844074141443	0.0018864883750000297	-0.0023924224999999633
GSE59099_RvsS_Mekong_noSchiz	length	3652	0.002089375600740246	0.8995565142885891	-0.007278111876283491	0.6601656238815834	0.5849844074141443	0.0018864883750000297	-0.0023924224999999633
GSE59099_RvsS_Mekong_noSchiz	is_AP2	3652					0.10514757921725154	0.020720034375	-0.002288815624999968
GSE59099_RvsS_Mekong_noSchiz	is_PUF	3652					0.16245032628484357	-0.05246931500000018	-0.0016712084999999932
GSE59099_RvsS_Mekong_noSchiz	is_chromatin	3652					0.7925674360879561	0.0018408294999999741	-0.0018844180000000543
GSE59099_RvsS_Mekong_noSchiz	is_RNAbind	3652					0.23671873978364666	-0.02715214050000006	-0.001609898750000019
GSE226632_dTEinteraction	asn_frac	5282	0.23028800115591236	1.589989971052683e-64	0.12639330157055595	2.950067196811097e-20	1.020380764277569e-15	0.09801826919241412	-0.058521296348396194
GSE226632_dTEinteraction	asn_out_lcr	5282	0.21849525712895432	4.1110527011351156e-58	0.12809595239460345	9.10271075054524e-21	1.020380764277569e-15	0.09801826919241412	-0.058521296348396194
GSE226632_dTEinteraction	asn_in_lcr	5282	0.1728631751619739	1.041112182242731e-36	0.0552964704707877	5.796948761177525e-05	1.020380764277569e-15	0.09801826919241412	-0.058521296348396194
GSE226632_dTEinteraction	polyN_maxrun	5282	0.20577654571509663	1.313869430636834e-51	0.06866437372746313	5.881722856717696e-07	1.020380764277569e-15	0.09801826919241412	-0.058521296348396194
GSE226632_dTEinteraction	lcr_frac	5282	0.1601689701005646	1.0856865927555725e-31	0.05128542365162093	0.00019234695560693183	1.020380764277569e-15	0.09801826919241412	-0.058521296348396194
GSE226632_dTEinteraction	length	5282	0.22334509214354542	1.0508770407966375e-60	0.04168235158263126	0.002445833449105946	1.020380764277569e-15	0.09801826919241412	-0.058521296348396194
GSE226632_dTEinteraction	is_AP2	5282					0.09135550907660957	0.06985559511219892	-0.04026469690871043
GSE226632_dTEinteraction	is_PUF	5282					0.8154676359811414	-0.09311488000359702	-0.03831207736221717
GSE226632_dTEinteraction	is_chromatin	5282					0.49445526208722745	-0.056609535498704844	-0.038131028517519025
GSE226632_dTEinteraction	is_RNAbind	5282					0.0676860713403284	-0.151696428112456	-0.03755245467379621
