	dTE_interaction	t	p	q
PF3D7_0100100	-1.1410825806609608	-1.7292978676649653	0.13448534623882835	0.9994495031292484
PF3D7_0100200	-0.45649164447234925	-0.7183321661765677	0.499556008543137	0.9994495031292484
PF3D7_0100300	-0.9570251543491564	-1.8827243289673494	0.10874351679873374	0.9994495031292484
PF3D7_0100400	0.5242518294961676	0.6827650609070457	0.5202316631445345	0.9994495031292484
PF3D7_0100600	-0.16339769950219246	-0.2089593943397288	0.8413935898910492	0.9994495031292484
PF3D7_0100800	-0.3391265551845544	-1.0000000000000013	0.35591768374958144	0.9994495031292484
PF3D7_0100900	2.0532787529668015	2.0243137651387753	0.08936483570801813	0.9994495031292484
PF3D7_0101000	0.23912647736854847	0.17811891624659693	0.8644912510217156	0.9994495031292484
PF3D7_0101300	1.5232967493461218	2.982214962531469	0.02456616633121082	0.9994495031292484
PF3D7_0101500	0.701230651695875	1.2884647642029519	0.24503511469315908	0.9994495031292484
PF3D7_0101600	-0.709445012601307	-0.9995674832601541	0.3561107510470697	0.9994495031292484
PF3D7_0101800	0.11478797481286684	0.19484115055055581	0.8519474249609786	0.9994495031292484
PF3D7_0101900	1.48712584710444	3.389831502011823	0.01467868447718735	0.9994495031292484
PF3D7_0102000	-0.11011064481394565	-0.2253856562093596	0.8291599013447138	0.9994495031292484
PF3D7_0102100	-1.7446794604822697	-3.840307093787699	0.008555864391294488	0.9994495031292484
PF3D7_0102200	0.14273904323515432	0.24243717228332323	0.8165158986967765	0.9994495031292484
PF3D7_0102300	-0.03631899288912948	-0.058910090068099975	0.9549367612598915	0.9994495031292484
PF3D7_0102400	0.5103548761518075	0.9825922550627724	0.36375421957573106	0.9994495031292484
PF3D7_0102500	-0.9006401915270293	-0.6273447561982859	0.5535416803365647	0.9994495031292484
PF3D7_0102600	-0.34062753943164886	-1.2117110024643258	0.2711727597712827	0.9994495031292484
PF3D7_0102700	-0.6100229522005636	-1.2140318246726236	0.2703481285425003	0.9994495031292484
PF3D7_0102800	0.3193552030469371	1.0462573881194945	0.33574893616430834	0.9994495031292484
PF3D7_0102900	0.5144110246436913	1.232431199062927	0.26388713618744675	0.9994495031292484
PF3D7_0103000	-0.9681759360659766	-2.8691103156389905	0.02846020389677036	0.9994495031292484
PF3D7_0103100	-0.14176939515893738	-0.41016605196072153	0.695927733938382	0.9994495031292484
PF3D7_0103200	0.38817742721581333	0.42251932250529206	0.6873689188367463	0.9994495031292484
PF3D7_0103300	-0.22839170382734972	-0.5388567366757189	0.6093815760285899	0.9994495031292484
PF3D7_0103400	-0.29818393971324075	-0.5712977941628068	0.5885419177046691	0.9994495031292484
PF3D7_0103500	0.5585904918103642	0.8660636516146405	0.41973370028791795	0.9994495031292484
PF3D7_0103600	-0.16694372697808466	-0.3161644258190668	0.7625874131006217	0.9994495031292484
PF3D7_0103700	0.26219807498085324	0.5625707041978361	0.5941070273223251	0.9994495031292484
PF3D7_0103800	-0.3441168120396348	-0.47976152539825223	0.6483847142879411	0.9994495031292484
PF3D7_0103900	0.7382877628791917	1.6424516257736268	0.1516033789406778	0.9994495031292484
PF3D7_0104000	-1.1173052920313176	-1.4485274383510407	0.19763649017961743	0.9994495031292484
PF3D7_0104100	0.42036031306811017	0.6204422891838224	0.5577818768607483	0.9994495031292484
PF3D7_0104200	-0.465912154566683	-2.2420826828058242	0.06615733995328556	0.9994495031292484
PF3D7_0104300	-0.012834155602242422	-0.02093486911706365	0.9839764445016137	0.9994495031292484
PF3D7_0104400	-0.02777922124737952	-0.06106472208647612	0.9532909224599634	0.9994495031292484
PF3D7_0104500	0.3724904506082489	0.8612821260610194	0.42216240604578575	0.9994495031292484
PF3D7_0104600	0.11470523583486172	0.19885064658981821	0.8489466719987011	0.9994495031292484
PF3D7_0104700	-0.016082410082047926	-0.01345172482213453	0.9897035304071684	0.9994495031292484
PF3D7_0104800	0.08989554822146398	0.19392077598503119	0.8526366294897708	0.9994495031292484
PF3D7_0104900	-0.5066689061856905	-0.573529013648452	0.587124013189775	0.9994495031292484
PF3D7_0105000	0.6028994524950931	0.5293669021414503	0.6155557304851951	0.9994495031292484
PF3D7_0105100	0.22899745889881687	0.42561525109278675	0.6852318071956467	0.9994495031292484
PF3D7_0105200	0.492540244111991	1.3649902993351675	0.2212226398304159	0.9994495031292484
PF3D7_0105300	-0.532462135176737	-1.3294156917092685	0.23202141847993601	0.9994495031292484
PF3D7_0105400	-0.5716773604051234	-0.7528771027318504	0.4800102529915412	0.9994495031292484
PF3D7_0105500	-0.3659771794728841	-0.678969122199768	0.5224709934917201	0.9994495031292484
PF3D7_0105600	-0.3655785849941982	-1.1157131630948485	0.3072257541009829	0.9994495031292484
PF3D7_0105700	-0.11026187577939775	-0.16569273496152093	0.8738408298578373	0.9994495031292484
PF3D7_0105800	0.6280490074900896	1.6011730838921714	0.16045732109103378	0.9994495031292484
PF3D7_0105900	0.35468313128754264	0.7916685741066171	0.45869893930024164	0.9994495031292484
PF3D7_0106000	0.5105905351526808	2.3053533111733913	0.06065379078749424	0.9994495031292484
PF3D7_0106100	0.16514866049038304	0.4476827854020378	0.6700919521640656	0.9994495031292484
PF3D7_0106200	-0.6300791271230943	-0.8981268995164162	0.40371648371416996	0.9994495031292484
PF3D7_0106300	0.20205993134392286	0.33978656572797644	0.745596158312708	0.9994495031292484
PF3D7_0106400	0.16321700065200712	0.18828370433035702	0.8568609287568836	0.9994495031292484
PF3D7_0106500	0.6280915083096835	1.321909405078325	0.2343595996463349	0.9994495031292484
PF3D7_0106600	-0.9403149827223696	-1.777626679545069	0.1257892024055615	0.9994495031292484
PF3D7_0106700	-0.05712315602009372	-0.08582709350933393	0.9343962624452185	0.9994495031292484
PF3D7_0106800	-0.8090126531293639	-1.1330056002728037	0.3004468381142464	0.9994495031292484
PF3D7_0106900	0.31964645265021835	0.7364074532170508	0.48926259055217647	0.9994495031292484
PF3D7_0107000	-0.45356379071821773	-1.3030451558633682	0.24032897246473506	0.9994495031292484
PF3D7_0107100	0.004792223995651761	0.01554447401161881	0.9881017997527102	0.9994495031292484
PF3D7_0107200	-0.9473260368185422	-1.9633823611552514	0.09723814717180654	0.9994495031292484
PF3D7_0107300	-0.921786430384579	-2.1511314378897795	0.0749890710251616	0.9994495031292484
PF3D7_0107400	-0.5038710864764786	-0.8863455633345181	0.40954749383239064	0.9994495031292484
PF3D7_0107500	-0.11303376959261309	-0.18870511937557205	0.8565449476800162	0.9994495031292484
PF3D7_0107600	-0.3473971470306387	-0.3570634699688801	0.7332668640004291	0.9994495031292484
PF3D7_0107700	0.7271796837344362	0.6705701548058959	0.5274480158904111	0.9994495031292484
PF3D7_0107800	0.5427165739230183	1.0421390476339156	0.33750621447309737	0.9994495031292484
PF3D7_0107900	-0.0019115386298338367	-0.007883896405150014	0.9939652218798173	0.9994495031292484
PF3D7_0108000	-0.059677714631184174	-0.120788108187651	0.9078023039153647	0.9994495031292484
PF3D7_0108100	-0.07659021342520822	-0.4378790000816919	0.6767976504004168	0.9994495031292484
PF3D7_0108300	0.2748535516971976	0.3434537114324513	0.7429721104456969	0.9994495031292484
PF3D7_0108400	-0.31075076645521515	-0.6508523728473214	0.5392519450917699	0.9994495031292484
PF3D7_0108500	-0.5034388540674405	-0.9869688665950601	0.36177121559708675	0.9994495031292484
PF3D7_0108600	-0.5197934188285989	-1.0707959038557082	0.32543259706164684	0.9994495031292484
PF3D7_0108700	-0.20795639167702654	-0.3338257014122637	0.7498694669577897	0.9994495031292484
PF3D7_0108800	0.01893323845449668	0.050563031139530513	0.9613149714525367	0.9994495031292484
PF3D7_0108900	-0.8744896389010007	-0.6552808821885439	0.5365862984276613	0.9994495031292484
PF3D7_0109000	-0.8513721589220903	-1.0403975626112836	0.3382515441690867	0.9994495031292484
PF3D7_0109100	-0.5291027515384183	-2.351118871131166	0.056971250614847056	0.9994495031292484
PF3D7_0109200	-0.17799188996219067	-0.3111991911062909	0.7661777865424602	0.9994495031292484
PF3D7_0109300	0.5896626875463951	0.622690840517979	0.5563983918140637	0.9994495031292484
PF3D7_0109400	-0.27323450330642707	-0.6444599802049453	0.5431144917977077	0.9994495031292484
PF3D7_0109500	-0.3921877441228503	-0.47868785347816345	0.6491053276300468	0.9994495031292484
PF3D7_0109600	-0.5526422115136825	-1.0018342797559778	0.3550998236247632	0.9994495031292484
PF3D7_0109700	-0.1862756475867521	-0.7383871791036196	0.4881440145340532	0.9994495031292484
PF3D7_0109800	-0.30230521617815515	-0.8902555639041663	0.40760529321789973	0.9994495031292484
PF3D7_0109850	0.36383739693572453	0.9197460875176675	0.3931804702458474	0.9994495031292484
PF3D7_0109950	-0.07837354779223213	-0.13827127388300658	0.8945498933709718	0.9994495031292484
PF3D7_0110000	-0.25289824543439576	-0.6611681884040285	0.5330555837294848	0.9994495031292484
PF3D7_0110100	-0.5937184998282167	-2.4469399042589277	0.04999809500980808	0.9994495031292484
PF3D7_0110200	0.0645545236998167	0.17639305504751673	0.8657884076134612	0.9994495031292484
PF3D7_0110300	-0.6211633657879628	-0.40109873156590176	0.7022413900279594	0.9994495031292484
PF3D7_0110400	-0.3032405458771495	-0.6991588175821747	0.5106327388931813	0.9994495031292484
PF3D7_0110500	-0.05430467873171747	-0.09514134881243806	0.9273004976707644	0.9994495031292484
PF3D7_0110600	-0.19789648921353464	-0.36343928521971036	0.7287385899909147	0.9994495031292484
PF3D7_0110700	0.22660844745844513	1.0403580563655386	0.3382684677480643	0.9994495031292484
PF3D7_0110800	-0.716356611236007	-1.211506220965899	0.2712456268885244	0.9994495031292484
PF3D7_0110900	-0.009824867889293681	-0.018715726503997963	0.9856747318978256	0.9994495031292484
PF3D7_0111000	0.022900825665561418	0.039260287897798916	0.9699566062500694	0.9994495031292484
PF3D7_0111200	0.1647279675717104	0.1663077891150008	0.8733775174186436	0.9994495031292484
PF3D7_0111300	0.12543461656342864	0.43767837345345495	0.6769352195833211	0.9994495031292484
PF3D7_0111400	0.6345686613247283	2.090381927685288	0.08155518786137979	0.9994495031292484
PF3D7_0111500	0.09206833109305072	0.22360158952795547	0.8304861421769345	0.9994495031292484
PF3D7_0111600	-0.08044942312238237	-0.1702085467757203	0.8704404158737982	0.9994495031292484
PF3D7_0111700	0.7289335456829841	0.6925759437774704	0.514473042014761	0.9994495031292484
PF3D7_0111800	0.4049198955502362	0.66797971222525	0.5289892126796671	0.9994495031292484
PF3D7_0111900	-0.5818054197254358	-1.095019620982985	0.3155056971050887	0.9994495031292484
PF3D7_0112000	0.6225779822677152	2.690065025920647	0.036049544767711675	0.9994495031292484
PF3D7_0112100	0.7988281421016249	1.1770540393052948	0.2837476920309926	0.9994495031292484
PF3D7_0112200	0.788342821541796	1.3087218841403911	0.2385185332189748	0.9994495031292484
PF3D7_0112300	-0.37949364536607344	-1.000000000000001	0.3559176837495817	0.9994495031292484
PF3D7_0112600	0.20772914402495044	0.38251789838167616	0.7152605685201779	0.9994495031292484
PF3D7_0112700	-2.1463928592454904	-1.3953522211990406	0.21236802932895196	0.9994495031292484
PF3D7_0112800	-0.5572227089030534	-0.7973972939592969	0.4556092049223276	0.9994495031292484
PF3D7_0112900	0.5664010609421808	0.6799242513799296	0.5219069460404109	0.9994495031292484
PF3D7_0113000	0.47745152996589785	1.0576548784580009	0.3309245048123427	0.9994495031292484
PF3D7_0113100	-0.14801279380423302	-0.22473653672478733	0.8296423731306191	0.9994495031292484
PF3D7_0113200	-0.5565924931063027	-1.1303206405089854	0.30149106520436036	0.9994495031292484
PF3D7_0113300	0.07414925919782585	0.19665430763749148	0.8505900974078852	0.9994495031292484
PF3D7_0113400	-0.5096129365519296	-1.314437500988409	0.23670798285281097	0.9994495031292484
PF3D7_0113600	-1.3421991583465465	-1.144355474731914	0.2960663055102507	0.9994495031292484
PF3D7_0113700	-0.30513533640180507	-1.1830660764998342	0.2815310331565771	0.9994495031292484
PF3D7_0113800	-0.3772116641042245	-0.8529571562938337	0.42641578558459	0.9994495031292484
PF3D7_0113900	-0.5517691796384918	-0.5136808639169061	0.6258370108001464	0.9994495031292484
PF3D7_0114000	1.5258941319311576	1.5582179821249038	0.17019296727447508	0.9994495031292484
PF3D7_0114100	2.3456352027127805	2.300037505637827	0.06109732481712296	0.9994495031292484
PF3D7_0114200	-1.422485540398998	-3.7963789513506483	0.009005874082950751	0.9994495031292484
PF3D7_0114300	-0.3928629408715323	-0.31437075896081995	0.7638836770030463	0.9994495031292484
PF3D7_0114400	0.44512704594493646	0.5513722231461295	0.6012925383154218	0.9994495031292484
PF3D7_0114500	0.23053914059278244	0.2294208539803573	0.8261624952103848	0.9994495031292484
PF3D7_0114600	-0.265269626358517	-0.33326634458461896	0.7502709692710223	0.9994495031292484
PF3D7_0114700	1.058030695572909	8.61114966378017	0.00013494205930537543	0.3669074592513158
PF3D7_0115000	0.5405530291042578	0.5583002438279087	0.5968413031923677	0.9994495031292484
PF3D7_0115050	-0.8885939468062897	-0.7611289897321959	0.4754201450148431	0.9994495031292484
PF3D7_0115100	0.8321774363556255	0.8582704352171804	0.42369749222373987	0.9994495031292484
PF3D7_0115200	0.526215142567615	0.5509299908533657	0.6015773152490138	0.9994495031292484
PF3D7_0115400	-1.4709842237027533	-1.6025813586347517	0.16014728137433223	0.9994495031292484
PF3D7_0115600	0.49249908771905476	0.5507986471859329	0.6016619092775572	0.9994495031292484
PF3D7_0115700	-0.8103708793450751	-1.7654413404377944	0.12792845742260034	0.9994495031292484
PF3D7_0200100	-0.7072939348102208	-1.5526433987128647	0.17149670600527697	0.9994495031292484
PF3D7_0200200	-0.9927151209942273	-0.9735334937909603	0.3678859602253756	0.9994495031292484
PF3D7_0200400	-0.7402793209297976	-0.815021520620006	0.4461969289012633	0.9994495031292484
PF3D7_0200500	-0.5431162711364744	-0.5041683212769269	0.6321173359663717	0.9994495031292484
PF3D7_0200600	-0.35955608462386374	-0.725187018774083	0.49563526990333007	0.9994495031292484
PF3D7_0200700	0.176288803920442	0.22497923835751069	0.8294619704653552	0.9994495031292484
PF3D7_0200900	0.13920637542551614	0.22673581397438256	0.8281566298273102	0.9994495031292484
PF3D7_0201200	0.15693052313866804	0.19872493933513877	0.8490407109420661	0.9994495031292484
PF3D7_0201300	-0.27602160319805974	-0.39564142008319747	0.706053996130335	0.9994495031292484
PF3D7_0201400	0.5727851356906398	0.6421495771481021	0.5445148174903918	0.9994495031292484
PF3D7_0201500	-0.011079482732351383	-0.07076428740210212	0.9458850596939712	0.9994495031292484
PF3D7_0201600	0.056573594032379874	0.21938771840042054	0.8336210756920012	0.9994495031292484
PF3D7_0201700	-0.30924033156658953	-0.6401277487247925	0.5457421016528838	0.9994495031292484
PF3D7_0201800	-0.516674475641203	-1.263873934374186	0.253157411782317	0.9994495031292484
PF3D7_0201900	-0.12035875860747311	-0.1904717282326917	0.8552206451276516	0.9994495031292484
PF3D7_0202000	0.6929172340847524	0.8715819576367693	0.41694369430462436	0.9994495031292484
PF3D7_0202100	-0.13234907624431788	-0.3553080050734459	0.7345157195782326	0.9994495031292484
PF3D7_0202200	-0.8654504539821458	-1.674976990894919	0.14495913674112954	0.9994495031292484
PF3D7_0202300	0.867549489601193	1.2445527537747378	0.2597044670023927	0.9994495031292484
PF3D7_0202400	1.2059739345010685	1.888278761859963	0.10790931749660836	0.9994495031292484
PF3D7_0202500	-0.5589123890649645	-0.5888584314219943	0.5774368479584069	0.9994495031292484
PF3D7_0202600	-0.25417236543129385	-0.8352928010832052	0.43554528291065436	0.9994495031292484
PF3D7_0202700	0.2703893871857962	0.8132885721031272	0.44711617312043506	0.9994495031292484
PF3D7_0202800	-0.029541334253898845	-0.07362029974641267	0.9437055149023219	0.9994495031292484
PF3D7_0202900	0.47391184086153576	1.0850168733358765	0.3195740385724704	0.9994495031292484
PF3D7_0203000	0.37893742477287806	0.6422001255955545	0.5444841559872391	0.9994495031292484
PF3D7_0203100	0.06050328539135266	0.09008637081072485	0.9311506061842267	0.9994495031292484
PF3D7_0203200	0.17662691446869347	0.35522646002846947	0.7345737532203953	0.9994495031292484
PF3D7_0203300	0.12086339846180821	0.20723269580303935	0.842682465336469	0.9994495031292484
PF3D7_0203400	-0.8888869058653364	-1.4985494147007066	0.18464533086162505	0.9994495031292484
PF3D7_0203600	0.07844017025678365	0.21569400420726392	0.8363717977338732	0.9994495031292484
PF3D7_0203700	0.17690957370062094	0.5728802349833608	0.587536095120029	0.9994495031292484
PF3D7_0203800	-0.2561401300827036	-0.554080667518364	0.5995501099491618	0.9994495031292484
PF3D7_0203900	-0.8252728228059956	-1.8639105877081306	0.1116170636947256	0.9994495031292484
PF3D7_0204000	-0.28488318506158	-0.4520600553772894	0.6671086123048251	0.9994495031292484
PF3D7_0204100	0.49404661814167117	0.6439819462999877	0.5434040397623054	0.9994495031292484
PF3D7_0204200	-0.16023486557192432	-0.36977667083013094	0.7242494637107408	0.9994495031292484
PF3D7_0204300	0.8078951532734396	1.2272871703153512	0.26567981393262724	0.9994495031292484
PF3D7_0204400	-0.6069633607611189	-0.8037739834523495	0.4521874622430405	0.9994495031292484
PF3D7_0204500	-0.009367982431983128	-0.028573043911045256	0.9781317908314041	0.9994495031292484
PF3D7_0204600	0.08932519346810666	0.27457960514657975	0.7928485939935304	0.9994495031292484
PF3D7_0204700	0.12417504191234979	0.22294644211533957	0.8309733200980248	0.9994495031292484
PF3D7_0204800	-0.1845862109513475	-0.34005855434628185	0.7454014062402992	0.9994495031292484
PF3D7_0204900	-0.16699723015347617	-0.8225651371226189	0.44221129119361247	0.9994495031292484
PF3D7_0205000	-0.213101974459492	-0.29065966289573913	0.7810967264893504	0.9994495031292484
PF3D7_0205100	0.10817639413099649	0.22355085816284037	0.8305238638716275	0.9994495031292484
PF3D7_0205200	-0.20780004638492186	-0.3874790844248426	0.711773854783466	0.9994495031292484
PF3D7_0205300	-0.5306849118842321	-0.7000703657188374	0.5101024597681223	0.9994495031292484
PF3D7_0205400	-0.019205961802391813	-0.0314933725783754	0.9758975565751123	0.9994495031292484
PF3D7_0205500	-0.6349250853304185	-0.8485974588707087	0.42865581967325395	0.9994495031292484
PF3D7_0205600	0.21484625370852722	1.2861980222329668	0.245774052406133	0.9994495031292484
PF3D7_0205700	-0.15573074659223649	-0.2575559753002657	0.8053553024268989	0.9994495031292484
PF3D7_0205800	-0.13305151358875406	-0.16083947760137038	0.8774986344859784	0.9994495031292484
PF3D7_0205900	0.4658624825502091	0.7242971393805779	0.4961430736181588	0.9994495031292484
PF3D7_0206000	-0.06285009850621873	-0.1333569020146243	0.8982714736458395	0.9994495031292484
PF3D7_0206100	-0.4761026819816616	-1.152655830626873	0.29289704590023213	0.9994495031292484
PF3D7_0206200	-0.05839983568123751	-0.28898517831981535	0.782317611172997	0.9994495031292484
PF3D7_0206300	-0.010537062472293534	-0.01554360851541923	0.9881024621668624	0.9994495031292484
PF3D7_0206500	0.1263946229750294	0.2916772356030879	0.7803551369318789	0.9994495031292484
PF3D7_0206600	1.0027741083045045	1.5271365217386368	0.17758309152004073	0.9994495031292484
PF3D7_0206700	0.6514332208863914	1.8313210285436528	0.11677418295473313	0.9994495031292484
PF3D7_0206800	0.5162251961775173	0.731424338892107	0.49208585454485776	0.9994495031292484
PF3D7_0206900	-0.6868202762076944	-1.4555910179543206	0.19575200126644154	0.9994495031292484
PF3D7_0207000	-0.026875216715513756	-0.0398967512000319	0.9694698604492071	0.9994495031292484
PF3D7_0207100	-0.13935934578499767	-0.2877003559940402	0.7832548501456148	0.9994495031292484
PF3D7_0207200	-0.2933383353282089	-0.454996963362408	0.6651106815437013	0.9994495031292484
PF3D7_0207300	0.8450724992303037	1.6378492744286222	0.15256687462202326	0.9994495031292484
PF3D7_0207400	0.7739938737720249	1.3236101722776628	0.2338279762215974	0.9994495031292484
PF3D7_0207500	0.9816458454431048	1.4728190711131293	0.19122527009240808	0.9994495031292484
PF3D7_0207600	1.1283527846499875	1.562235774778343	0.16925913291454264	0.9994495031292484
PF3D7_0207700	0.6263704018016041	1.525338290908664	0.17801976056752217	0.9994495031292484
PF3D7_0207800	0.7217525062218245	0.9458965282186009	0.3807194731727255	0.9994495031292484
PF3D7_0207900	1.6793303341604395	1.8719468652899813	0.11038050392161367	0.9994495031292484
PF3D7_0208000	-0.5193221791660505	-1.2808527521241977	0.24752438009221608	0.9994495031292484
PF3D7_0208100	0.16974811992922684	0.2612090314640102	0.8026660462845656	0.9994495031292484
PF3D7_0208200	0.024691093064085255	0.12088137588781105	0.9077315154651211	0.9994495031292484
PF3D7_0208300	0.0435274426758395	0.16257714274258964	0.8761886040802849	0.9994495031292484
PF3D7_0208400	0.06655006009703547	0.15124192241626622	0.8847418001604372	0.9994495031292484
PF3D7_0208500	-0.16870127346395147	-0.30679910944083666	0.7693648272378533	0.9994495031292484
PF3D7_0208600	-0.5261382572530866	-1.4455484894191566	0.19843625500961976	0.9994495031292484
PF3D7_0208700	-0.0722443804620236	-0.15073487080428793	0.8851248129460099	0.9994495031292484
PF3D7_0208800	-0.05246172554550932	-0.08069004595526766	0.938312631014204	0.9994495031292484
PF3D7_0208900	1.8216508830371427	3.087950412400022	0.021443935336713203	0.9994495031292484
PF3D7_0209000	-1.0715017379087617	-19.721209640855246	1.1021638630823268e-06	0.005993567087441694
PF3D7_0209100	-0.37021209802390215	-0.6121763179503229	0.5628859243338197	0.9994495031292484
PF3D7_0209200	-0.5713486631661276	-1.140491244277448	0.2975516258994182	0.9994495031292484
PF3D7_0209300	0.0491628406166363	0.08627119280676807	0.9340577839728612	0.9994495031292484
PF3D7_0209400	0.07628447825011066	0.13905846140864933	0.8939540385626954	0.9994495031292484
PF3D7_0209500	0.16914178475848246	0.193613639934189	0.8528666540984821	0.9994495031292484
PF3D7_0209600	0.27843929820266816	0.6893943060294276	0.5163359396612965	0.9994495031292484
PF3D7_0209700	0.08776485106248728	0.237313489058883	0.8203090462025773	0.9994495031292484
PF3D7_0209800	0.6422810782502248	2.1435870726399626	0.0757741455139522	0.9994495031292484
PF3D7_0209900	0.7714288127492465	0.7544551484872535	0.4791301050514247	0.9994495031292484
PF3D7_0210000	-0.47795833896310724	-1.3259144968312706	0.2331094156462444	0.9994495031292484
PF3D7_0210100	-0.41228889691374654	-0.6170369255609356	0.5598811544325057	0.9994495031292484
PF3D7_0210200	0.5049100034204138	0.8018476928435172	0.4532191720345583	0.9994495031292484
PF3D7_0210300	0.38387135581643816	0.5117189141876608	0.6271295332706809	0.9994495031292484
PF3D7_0210400	-0.709978055947285	-1.2312052449205306	0.26431341847415024	0.9994495031292484
PF3D7_0210500	-0.16408547717156044	-0.42801904544568437	0.6835746708696109	0.9994495031292484
PF3D7_0210600	0.10079035221604736	0.199351515904926	0.8485720093081035	0.9994495031292484
PF3D7_0210700	-0.8433061450174995	-0.77499776153805	0.4677745463425085	0.9994495031292484
PF3D7_0210800	-0.022425753040797886	-0.03320647863832188	0.9745870333065056	0.9994495031292484
PF3D7_0210900	0.1832973227374753	0.4879959887629764	0.6428719196665722	0.9994495031292484
PF3D7_0211000	0.6423413284762852	0.7260613214513114	0.49513669715040287	0.9994495031292484
PF3D7_0211100	0.031388676956425686	0.042803545462878734	0.9672470283576333	0.9994495031292484
PF3D7_0211200	-0.07637791002314252	-0.1445667907041315	0.8897867017926375	0.9994495031292484
PF3D7_0211300	-0.7129580825588124	-1.1403290332292357	0.29761411352018735	0.9994495031292484
PF3D7_0211400	-0.22215966117995897	-0.42431401157732507	0.6861296622967812	0.9994495031292484
PF3D7_0211500	0.023223935853534758	0.06104430592490947	0.9533065163933975	0.9994495031292484
PF3D7_0211600	-0.25884817321268067	-0.300884471042041	0.7736566636677101	0.9994495031292484
PF3D7_0211700	-0.366894829130717	-0.8528740893351371	0.42645838496233046	0.9994495031292484
PF3D7_0211800	0.636214698477304	1.1989968641758044	0.2757290351339825	0.9994495031292484
PF3D7_0211900	-0.272453951774274	-2.4553960945643607	0.049427330960255006	0.9994495031292484
PF3D7_0212000	0.24401133290400331	1.8765285407177703	0.10968161848707571	0.9994495031292484
PF3D7_0212100	0.08228901725264227	0.10947179334915662	0.9163978555011263	0.9994495031292484
PF3D7_0212200	0.08456437566351886	0.16985910713364868	0.8707034372290925	0.9994495031292484
PF3D7_0212300	-0.33413908474837845	-2.342027412744009	0.057683779907896644	0.9994495031292484
PF3D7_0212400	0.5050219915213081	0.9929128559285395	0.35909178226060046	0.9994495031292484
PF3D7_0212500	0.3933853715279007	0.6940865032719382	0.5135901365377641	0.9994495031292484
PF3D7_0212600	-0.5396556218415458	-0.7577474283475267	0.4772974438847305	0.9994495031292484
PF3D7_0212700	-0.17035358021801822	-0.45015737157476876	0.6684045766901081	0.9994495031292484
PF3D7_0212800	0.03435592246042983	0.06568144048172804	0.9497652539188464	0.9994495031292484
PF3D7_0212900	-0.08448907188438207	-0.35176543131273597	0.7370386502285209	0.9994495031292484
PF3D7_0213000	-0.029729021292371153	-0.07613690809496634	0.9417854257621483	0.9994495031292484
PF3D7_0213100	-0.10292824309842788	-0.3650530772528741	0.7275943222547601	0.9994495031292484
PF3D7_0213200	0.38415803379601715	0.8610123501772852	0.42229974490907984	0.9994495031292484
PF3D7_0213300	-0.47277857190053774	-1.0162368932428252	0.3487301438105338	0.9994495031292484
PF3D7_0213400	-0.5260801246348639	-0.9251130440884113	0.39059778355022656	0.9994495031292484
PF3D7_0213500	0.05898410502839285	0.28239706672580134	0.7871276417731079	0.9994495031292484
PF3D7_0213600	0.7895179563231817	1.842757107205471	0.11493813822706536	0.9994495031292484
PF3D7_0213700	-1.0611298249324213	-1.2701244984171551	0.2510706629056812	0.9994495031292484
PF3D7_0213800	0.9090644126017909	1.223985192824806	0.26683611860044604	0.9994495031292484
PF3D7_0213900	0.057889397142352715	0.1134039529025516	0.9134096280430568	0.9994495031292484
PF3D7_0214000	0.5367096625954716	1.1980075913882877	0.27608630793039873	0.9994495031292484
PF3D7_0214100	0.14375351742345954	0.14623081309311825	0.8885285345067333	0.9994495031292484
PF3D7_0214200	-0.37214592845462463	-0.9911300273366097	0.359893786444317	0.9994495031292484
PF3D7_0214300	0.2416553298665709	0.2763388455666789	0.7915599037000989	0.9994495031292484
PF3D7_0214400	-0.17905330683871473	-0.33301388978498825	0.7504522076020428	0.9994495031292484
PF3D7_0214500	0.17547366990457666	0.16408339155184026	0.8750533866668764	0.9994495031292484
PF3D7_0214600	-0.5518772703935366	-0.6404838997594168	0.5455257859070652	0.9994495031292484
PF3D7_0214700	-0.056039713743334135	-0.06455548850656374	0.9506250027752555	0.9994495031292484
PF3D7_0214800	-0.34731126730502115	-0.747957561010724	0.4827612614647938	0.9994495031292484
PF3D7_0214900	-0.08630777259196537	-0.17455236709439328	0.8671723730201449	0.9994495031292484
PF3D7_0215000	0.7747705524512973	1.4069956043316063	0.20905890338213826	0.9994495031292484
PF3D7_0215100	-0.40587492574545814	-1.2338093195872641	0.26340865876529684	0.9994495031292484
PF3D7_0215200	-0.7662907801780063	-1.483970639071734	0.18834716061883988	0.9994495031292484
PF3D7_0215300	-0.02000535907761778	-0.021227382801496806	0.9837525933926345	0.9994495031292484
PF3D7_0215400	-0.828100663264175	-1.1798994847418012	0.28269671033230837	0.9994495031292484
PF3D7_0215500	-0.015301384215415033	-0.026840924435796863	0.9794570748433138	0.9994495031292484
PF3D7_0215600	-0.2737930348500099	-1.4221951999813458	0.20481005279233494	0.9994495031292484
PF3D7_0215700	-0.08627413470922579	-0.1556665301568873	0.8814010343201247	0.9994495031292484
PF3D7_0215800	0.04862525363852927	0.1204669917647365	0.9080460324041094	0.9994495031292484
PF3D7_0215900	-0.09556787259556042	-0.10023483749067659	0.9234232390168773	0.9994495031292484
PF3D7_0216000	0.5110117214836174	0.683526580681511	0.5197831765392592	0.9994495031292484
PF3D7_0216100	-0.39926826288894934	-1.1216632409295588	0.30487888845880234	0.9994495031292484
PF3D7_0216200	-0.44918267476640655	-1.0154733554423752	0.3490655088948391	0.9994495031292484
PF3D7_0216300	-0.740040537342475	-2.343987186856552	0.057529402768649825	0.9994495031292484
PF3D7_0216400	0.4353191545444121	1.1162270195177615	0.30702248059030407	0.9994495031292484
PF3D7_0216500	0.44066531822252347	0.6790945140691025	0.5223969212488621	0.9994495031292484
PF3D7_0216600	-0.5881320820922273	-2.4991869767617847	0.04657943982322579	0.9994495031292484
PF3D7_0216700	-0.39911116507770483	-0.6353957189649552	0.5486213057049258	0.9994495031292484
PF3D7_0216800	0.3258835969549793	0.5493396396229575	0.6026020637302276	0.9994495031292484
PF3D7_0216900	-0.19937871194666368	-0.7712556613269788	0.4698289731492029	0.9994495031292484
PF3D7_0217000	0.6933214798696162	2.8356936638881987	0.02973457439186136	0.9994495031292484
PF3D7_0217100	0.23672238397354828	0.6770881210959996	0.5235829696076469	0.9994495031292484
PF3D7_0217200	-0.39014237011141506	-0.5951324944430467	0.5734996641887645	0.9994495031292484
PF3D7_0217300	0.06453886375993481	0.061700435083514436	0.9528053740965169	0.9994495031292484
PF3D7_0217400	0.22241153155782128	0.31166020673835276	0.7658441551821842	0.9994495031292484
PF3D7_0217500	-0.7660502511505757	-1.763460829475548	0.12827950793832324	0.9994495031292484
PF3D7_0217600	-0.2095015694689518	-0.3649138423327916	0.7276930172305288	0.9994495031292484
PF3D7_0217700	-0.015615839011809374	-0.021280887452325595	0.983711648216596	0.9994495031292484
PF3D7_0217800	-0.8007061883061929	-1.0102113985720556	0.35138373865073275	0.9994495031292484
PF3D7_0217900	0.5678146914949718	0.7791209596919957	0.4655182009042558	0.9994495031292484
PF3D7_0218000	0.05341796998413405	0.1378757516317375	0.89484930902513	0.9994495031292484
PF3D7_0218100	0.5640481035133242	0.54724231576416	0.6039550028087688	0.9994495031292484
PF3D7_0218200	0.25870132737609103	0.6422203462518572	0.5444718909154345	0.9994495031292484
PF3D7_0218300	-0.02298990941969509	-0.0662237557118791	0.9493511819003737	0.9994495031292484
PF3D7_0218400	-0.42621710211015845	-0.632406240613065	0.5504451416517876	0.9994495031292484
PF3D7_0218500	-0.5734707454884113	-0.8532932758807017	0.42624344483541154	0.9994495031292484
PF3D7_0218600	0.3054552338756659	0.4708017749475814	0.65441092259035	0.9994495031292484
PF3D7_0218700	-0.03970052397954922	-0.09242748254182324	0.9293672447195844	0.9994495031292484
PF3D7_0218800	-0.13801484201887118	-0.20415757014124575	0.8449791801521371	0.9994495031292484
PF3D7_0218900	-0.5055043930313686	-0.7497776406411077	0.4817422103231773	0.9994495031292484
PF3D7_0219100	-0.14500357321599253	-0.3399308314999258	0.7454928570923882	0.9994495031292484
PF3D7_0219200	-1.2611155418463866	-1.8377931658607591	0.11573155483190622	0.9994495031292484
PF3D7_0219300	0.36792587456657316	0.5448233474476113	0.6055175717551547	0.9994495031292484
PF3D7_0219400	-0.7571265948139233	-0.8871691909090861	0.40913779799148225	0.9994495031292484
PF3D7_0219500	-0.04188716993798413	-0.09468245625337185	0.9276499244849753	0.9994495031292484
PF3D7_0219600	-0.013842402634025038	-0.021290128830791354	0.9837045761290717	0.9994495031292484
PF3D7_0219700	0.8882464190762462	1.2251544774484908	0.26642615268618497	0.9994495031292484
PF3D7_0219800	-0.6215332390109017	-1.567489690253273	0.16804530533891118	0.9994495031292484
PF3D7_0219900	0.13361862154182308	0.15229819972117362	0.8839440272055209	0.9994495031292484
PF3D7_0220000	0.11491633130626079	0.1744367510250295	0.8672593190219029	0.9994495031292484
PF3D7_0220100	-0.3241578264960347	-1.2547416678448817	0.2562336411997605	0.9994495031292484
PF3D7_0220200	-0.03144642425303326	-0.10345327130126361	0.9209744881507085	0.9994495031292484
PF3D7_0220300	-0.3648879144340014	-0.8394744587205001	0.43337124619298306	0.9994495031292484
PF3D7_0220400	-0.7438688981290453	-1.4812700719367167	0.18904043031564463	0.9994495031292484
PF3D7_0220500	-1.1016398328751016	-1.9132163344514195	0.10424200828780143	0.9994495031292484
PF3D7_0220600	-0.20861750658492484	-0.49385025516087144	0.6389676836004332	0.9994495031292484
PF3D7_0220700	-0.3881974495600848	-0.8760352049492702	0.4147022791657432	0.9994495031292484
PF3D7_0220800	0.11053517079286543	0.22286236981021565	0.8310358435526052	0.9994495031292484
PF3D7_0220900	-0.5117747557833427	-1.0000000000000002	0.355917683749582	0.9994495031292484
PF3D7_0221000	0.15685600987630116	0.2643925130825933	0.8003248862168719	0.9994495031292484
PF3D7_0221100	-0.46036585808617764	-0.5173616813932824	0.6234160349290951	0.9994495031292484
PF3D7_0221200	0.35061531131731544	0.5002172896215075	0.6347358258101319	0.9994495031292484
PF3D7_0221400	0.7111293562602765	0.7094391367194566	0.5046734937739442	0.9994495031292484
PF3D7_0221500	-0.18116409276374165	-0.28503068620728583	0.7852035667311708	0.9994495031292484
PF3D7_0221700	-0.3101875195200688	-0.3372870644029685	0.7473868397076987	0.9994495031292484
PF3D7_0221800	1.2512165737168328	1.7093092854786665	0.1382510663575824	0.9994495031292484
PF3D7_0221900	0.4806133565700166	1.0000000000000013	0.35591768374958144	0.9994495031292484
PF3D7_0222100	0.12139235785552048	0.13874036797797581	0.8941948075330765	0.9994495031292484
PF3D7_0222300	-0.5083425168956981	-0.7668165548110834	0.472274232150661	0.9994495031292484
PF3D7_0222400	0.9999622065940627	1.2297903120728684	0.26480615694280085	0.9994495031292484
PF3D7_0222500	0.4255354694826918	0.9999999999999982	0.355917683749583	0.9994495031292484
PF3D7_0222600	-0.040817574851070564	-0.06156267985315441	0.9529105876660962	0.9994495031292484
PF3D7_0222700	0.29834281126176354	0.3624279687840065	0.729456060024317	0.9994495031292484
PF3D7_0222800	-1.1297477072509639	-1.3544036477397816	0.22438789644717946	0.9994495031292484
PF3D7_0222900	0.4806133565700166	1.0000000000000013	0.35591768374958144	0.9994495031292484
PF3D7_0223100	1.4628968543770515	1.6838176967815683	0.14320226796564178	0.9994495031292484
PF3D7_0223200	0.027361910788114032	0.07062040353694733	0.9459948773661427	0.9994495031292484
PF3D7_0223300	0.23175969956513578	0.2765355465943548	0.7914158597491019	0.9994495031292484
PF3D7_0223400	-0.5040587553871111	-0.4640608924556742	0.6589636678867832	0.9994495031292484
PF3D7_0223500	-1.2589244952714396	-1.7934255445480565	0.12306776943952065	0.9994495031292484
PF3D7_0300100	-1.2850192530209599	-1.6170754192914085	0.15698936565801005	0.9994495031292484
PF3D7_0300200	0.29177118290812654	0.3440684801673725	0.742532577960461	0.9994495031292484
PF3D7_0300400	0.03671335617034649	0.03423550023197118	0.9737998750270696	0.9994495031292484
PF3D7_0300500	0.5930776026231132	0.5825920368805103	0.5813852659389052	0.9994495031292484
PF3D7_0300700	-0.41696582574023267	-1.0281549272217707	0.343528963238052	0.9994495031292484
PF3D7_0300800	0.26180159696298566	0.33987339206260186	0.7455339857931252	0.9994495031292484
PF3D7_0300900	2.4420700817750585	2.5589946376022703	0.042966816330511165	0.9994495031292484
PF3D7_0301000	-0.5732964668061714	-0.5629569841164962	0.5938600594180389	0.9994495031292484
PF3D7_0301200	0.3235814186948636	0.33123110088040464	0.7517325752499071	0.9994495031292484
PF3D7_0301300	0.4705769195358731	0.6620455737645415	0.5325306768765283	0.9994495031292484
PF3D7_0301400	0.6296830852272168	0.6138059561363292	0.5618774037343326	0.9994495031292484
PF3D7_0301500	0.15574707371685315	0.20426210174158324	0.8449010812089386	0.9994495031292484
PF3D7_0301600	-0.10122211531956687	-0.2053523344985421	0.8440866483462515	0.9994495031292484
PF3D7_0301700	0.02230083812998671	0.09040798164544052	0.9309055902174055	0.9994495031292484
PF3D7_0301800	-0.0958922971157496	-0.17807321665059253	0.864525592875154	0.9994495031292484
PF3D7_0301900	-0.21024325991577525	-0.23146356618327718	0.8246463571558067	0.9994495031292484
PF3D7_0302000	-0.36376028195554905	-1.390853341999795	0.21365938898245487	0.9994495031292484
PF3D7_0302100	0.1998431684248108	0.23447646146556925	0.8224116461088341	0.9994495031292484
PF3D7_0302200	-0.012228082238631114	-0.023853001570164224	0.9817433688987256	0.9994495031292484
PF3D7_0302300	-0.668317554961396	-0.5416626800951477	0.6075627037745612	0.9994495031292484
PF3D7_0302400	-0.20532179041777995	-0.33933610223242916	0.7459187491033565	0.9994495031292484
PF3D7_0302500	0.49673692714614204	1.028050280437478	0.34357435861057595	0.9994495031292484
PF3D7_0302600	-0.22170946009125933	-0.8588866245480099	0.4233830789747702	0.9994495031292484
PF3D7_0302700	-0.7718758669075892	-0.9859417335792603	0.3622358296970949	0.9994495031292484
PF3D7_0302800	0.26367636203223654	0.602586746210929	0.5688428874856102	0.9994495031292484
PF3D7_0302900	0.39227664038006266	1.1523916263566376	0.2929974800129449	0.9994495031292484
PF3D7_0303000	-0.31588515328293343	-0.7428784604842106	0.48561285104084595	0.9994495031292484
PF3D7_0303100	-0.2099881995620235	-0.7907107730976137	0.4592169689722415	0.9994495031292484
PF3D7_0303200	-0.31909311206945745	-0.532861940104071	0.6132777812437118	0.9994495031292484
PF3D7_0303300	-0.4674251529366042	-1.2113090402555076	0.27131580544352	0.9994495031292484
PF3D7_0303400	0.6369610495071631	2.1869935470485995	0.07136992323603912	0.9994495031292484
PF3D7_0303500	0.5799312823869459	1.264379655322543	0.2529880111032962	0.9994495031292484
PF3D7_0303600	-1.0395997682736318	-3.728153171514474	0.009757922973430432	0.9994495031292484
PF3D7_0303700	-0.2786093065417866	-1.336553073840779	0.22981756693802327	0.9994495031292484
PF3D7_0303800	-0.03468504723674527	-0.11912977536801042	0.909061101998968	0.9994495031292484
PF3D7_0303900	0.020409236651621383	0.03689542213985651	0.9717652987810963	0.9994495031292484
PF3D7_0304000	0.8038380121728201	0.9302074701666667	0.3881583258366923	0.9994495031292484
PF3D7_0304100	-0.05705379776447622	-0.08201762374404463	0.9373003296899307	0.9994495031292484
PF3D7_0304200	-0.25666261312152067	-1.1339085652608742	0.3000963446811379	0.9994495031292484
PF3D7_0304300	0.5317411255767128	1.307978463114228	0.23875493384748372	0.9994495031292484
PF3D7_0304400	-0.41241185128990854	-0.7113910813783189	0.5035472575932809	0.9994495031292484
PF3D7_0304500	-0.7121268812684504	-0.9850525325736704	0.3626384332193759	0.9994495031292484
PF3D7_0304600	-0.1722462405014848	-0.2261487484059953	0.8285928213627394	0.9994495031292484
PF3D7_0304700	-0.3602697817823451	-1.0362746214772505	0.34002142838294586	0.9994495031292484
PF3D7_0304800	0.1705394091301823	0.38535844861180635	0.7132633062194929	0.9994495031292484
PF3D7_0304900	-0.2810347527590219	-0.6020076854111718	0.5692038144472988	0.9994495031292484
PF3D7_0305000	-0.36060660949641565	-1.4739341181256973	0.1909356591153276	0.9994495031292484
PF3D7_0305100	0.05170219977287699	0.09638188086088034	0.9263559754257933	0.9994495031292484
PF3D7_0305200	0.7235518163025094	1.5555439338251993	0.17081717931926566	0.9994495031292484
PF3D7_0305300	0.6581347612515351	2.060904890898528	0.0849499887909646	0.9994495031292484
PF3D7_0305400	-0.7164123048435854	-0.9879982766634274	0.3613060455757158	0.9994495031292484
PF3D7_0305500	0.09096357092678654	0.19822497209111128	0.8494147528166798	0.9994495031292484
PF3D7_0305600	0.41394354813086015	0.9122837544675111	0.39679321370750037	0.9994495031292484
PF3D7_0305700	-0.38675730910691003	-0.9214953165628195	0.39233727114014116	0.9994495031292484
PF3D7_0305800	-0.23534246617967206	-0.2934726308300153	0.7790473015073349	0.9994495031292484
PF3D7_0305900	-0.8189808601375825	-0.5692284243734287	0.589858758160617	0.9994495031292484
PF3D7_0306000	-0.5583919167198135	-0.8389573097925498	0.4336396801165271	0.9994495031292484
PF3D7_0306100	0.19617290089123748	0.5294220890305295	0.6155197249219746	0.9994495031292484
PF3D7_0306200	0.5117462011235849	1.3102657251525431	0.23802827328460643	0.9994495031292484
PF3D7_0306300	-0.8183796135541008	-1.3992616910064857	0.21125163745103287	0.9994495031292484
PF3D7_0306400	0.5031009704376085	0.9857981202795852	0.36230082950107173	0.9994495031292484
PF3D7_0306500	-0.10148955338032314	-0.2623197202538381	0.801848979633941	0.9994495031292484
PF3D7_0306600	-0.3578576784681555	-0.6352744979922986	0.5486951872666321	0.9994495031292484
PF3D7_0306700	-0.5118996769929035	-0.6862102160346331	0.518204700691747	0.9994495031292484
PF3D7_0306800	-0.020827547422711975	-0.06770819112923789	0.9482178652971849	0.9994495031292484
PF3D7_0306900	-0.2685066587826949	-0.38473022496580844	0.713704812332613	0.9994495031292484
PF3D7_0307100	-0.995853051948524	-1.1898962664452344	0.279030752207688	0.9994495031292484
PF3D7_0307200	0.10097469568620458	0.18915031321752668	0.856211168687006	0.9994495031292484
PF3D7_0307300	-1.101719482762444	-1.2147705856945874	0.270086089184456	0.9994495031292484
PF3D7_0307400	-0.40946346016200874	-0.9503092016127427	0.37864729256285545	0.9994495031292484
PF3D7_0307500	0.05194727678361173	0.32893646485880823	0.7533818173855014	0.9994495031292484
PF3D7_0307600	-0.6338343010842075	-1.3018137229779745	0.24072331570798863	0.9994495031292484
PF3D7_0307700	-0.03658482551474669	-0.053773965393834285	0.958861011189396	0.9994495031292484
PF3D7_0307800	-0.4731331568398755	-0.8932335159638347	0.4061307312811878	0.9994495031292484
PF3D7_0307900	0.22640356329796227	0.5302528137187151	0.6149778772040322	0.9994495031292484
PF3D7_0308000	0.34019876971206153	0.5618971759847682	0.5945377895699172	0.9994495031292484
PF3D7_0308100	0.6266178061280852	1.0441168781577248	0.3366613514962377	0.9994495031292484
PF3D7_0308200	0.31094256826700817	0.4411095199723729	0.6745843752114186	0.9994495031292484
PF3D7_0308300	-1.0785654081556075	-1.2585277924105145	0.25495431228783655	0.9994495031292484
PF3D7_0308400	-1.89903532297737	-1.5830213443676044	0.16450503162889454	0.9994495031292484
PF3D7_0308500	-0.509949811177963	-1.1249145736743098	0.30360284294887296	0.9994495031292484
PF3D7_0308600	-0.4029626786733271	-0.8749063674725127	0.41526959326395335	0.9994495031292484
PF3D7_0308700	-0.34063176651059474	-0.35791458446873914	0.7326616940457578	0.9994495031292484
PF3D7_0308800	-0.5471710642089166	-0.9874066277898743	0.36157334199073754	0.9994495031292484
PF3D7_0308900	-0.43504337802381515	-0.9363330630966987	0.3852406643966082	0.9994495031292484
PF3D7_0309000	0.16757698386414996	0.5706068648600486	0.5889813982979594	0.9994495031292484
PF3D7_0309100	-0.6119613083531418	-1.7528420666800129	0.13017785336307394	0.9994495031292484
PF3D7_0309200	-0.15443647722345089	-0.2771256948480014	0.790983749002524	0.9994495031292484
PF3D7_0309300	-0.2597542831631326	-1.1886447481602092	0.2794874548349342	0.9994495031292484
PF3D7_0309500	0.13741884163536564	0.4248234542513477	0.6857780799410536	0.9994495031292484
PF3D7_0309600	-0.45670792622237255	-0.6999875541337138	0.5101506190703711	0.9994495031292484
PF3D7_0309700	-0.7375088932357851	-5.224156574434135	0.001968267287587529	0.9994495031292484
PF3D7_0309800	-0.33363094344569966	-0.950390688019333	0.37860910945301895	0.9994495031292484
PF3D7_0309900	0.2922196275274779	0.9896723722413713	0.3605505681376092	0.9994495031292484
PF3D7_0310000	-0.47406679074917285	-0.7721038259695896	0.46936277500646684	0.9994495031292484
PF3D7_0310100	-1.118240733119295	-2.9331382338637693	0.026180040960248667	0.9994495031292484
PF3D7_0310200	-0.24501646528210655	-0.344986770062234	0.741876239383775	0.9994495031292484
PF3D7_0310300	0.12977115082575605	0.2795842406455374	0.7891844619365962	0.9994495031292484
PF3D7_0310400	1.4661599292103455	1.923579113930904	0.1027549372943808	0.9994495031292484
PF3D7_0310500	0.09768939964907056	0.16842904692231705	0.8717800244310538	0.9994495031292484
PF3D7_0310600	0.271437401801906	0.3244871826170755	0.7565837447479838	0.9994495031292484
PF3D7_0310700	0.3847568607719894	0.529413995177921	0.6155250055181014	0.9994495031292484
PF3D7_0310800	-0.21636143088739496	-0.41853032368675913	0.6901271850511629	0.9994495031292484
PF3D7_0310900	-0.48044237211798363	-1.271306456794113	0.25067777480422726	0.9994495031292484
PF3D7_0311000	0.057450681039678125	0.06440946065436036	0.9507365113667798	0.9994495031292484
PF3D7_0311100	-0.4233570909737555	-0.7980191662410746	0.4552746970174143	0.9994495031292484
PF3D7_0311200	-0.43608074744676506	-0.9357834531205208	0.38550175350913707	0.9994495031292484
PF3D7_0311300	-0.035902129030017396	-0.0523268498669293	0.9599669115288855	0.9994495031292484
PF3D7_0311400	-0.1052554336872914	-0.13950761827899605	0.8936140871019154	0.9994495031292484
PF3D7_0311500	-0.06802739271850888	-0.06851980271852622	0.9475982830589729	0.9994495031292484
PF3D7_0311600	0.5159686911339558	1.9510180264609849	0.09891925505612516	0.9994495031292484
PF3D7_0311700	-1.2295900954808936	-2.4565248021359585	0.04935166740284104	0.9994495031292484
PF3D7_0311800	0.0958449592801673	0.3421708799377341	0.7438896201135279	0.9994495031292484
PF3D7_0311900	-0.20707871629979396	-0.5463350442792797	0.6045407996000101	0.9994495031292484
PF3D7_0312000	-1.1395496827039304	-1.5758091536056706	0.16614008423746626	0.9994495031292484
PF3D7_0312100	0.31004198307847947	0.7926138127517567	0.4581881106581219	0.9994495031292484
PF3D7_0312200	-0.05620126660993157	-0.05486368318906065	0.958028303903079	0.9994495031292484
PF3D7_0312300	0.018996234663642406	0.02402711986078974	0.9816101318963792	0.9994495031292484
PF3D7_0312400	0.12284445298466909	0.44638017074555786	0.670981030388361	0.9994495031292484
PF3D7_0312500	0.052990873927176566	0.10758972619893936	0.9178286575671112	0.9994495031292484
PF3D7_0312600	-1.2472540178252571	-1.5116981166252	0.18136499226010613	0.9994495031292484
PF3D7_0312700	-0.227944188319371	-0.4599211889607132	0.6617675689366451	0.9994495031292484
PF3D7_0312800	-0.5002404296768357	-0.948851724434021	0.3793307474424951	0.9994495031292484
PF3D7_0312900	0.4802739124395673	0.7223867369105108	0.4972344183473547	0.9994495031292484
PF3D7_0313000	-0.3339971870867517	-0.8376352314132263	0.43432647772305477	0.9994495031292484
PF3D7_0313100	-0.2906874477976827	-0.6740498245521624	0.525382338305363	0.9994495031292484
PF3D7_0313200	0.008508603422126943	0.023216469752818842	0.9822304546683456	0.9994495031292484
PF3D7_0313300	-0.29640944593719304	-0.8515184070901574	0.42715406577266907	0.9994495031292484
PF3D7_0313400	-0.19341972111429248	-1.138767009669881	0.2982164102021103	0.9994495031292484
PF3D7_0313500	-0.3222820871736555	-0.664929738424566	0.5308075251291511	0.9994495031292484
PF3D7_0313600	-0.6432291087352765	-1.1915163742480437	0.2784404969924874	0.9994495031292484
PF3D7_0313700	-0.6732742432257739	-1.3831058983066786	0.2158999878503616	0.9994495031292484
PF3D7_0313800	-0.0007926410092718023	-0.0023398141059100806	0.9982089548277331	0.999657757528891
PF3D7_0313900	1.6515897835336493	1.9640316866445955	0.09715066034763027	0.9994495031292484
PF3D7_0314000	-0.4107699557461548	-1.6800784827570157	0.14394281753150395	0.9994495031292484
PF3D7_0314100	-0.6607423302510503	-0.9847999994717137	0.3627528372226408	0.9994495031292484
PF3D7_0314200	-0.014492979039126165	-0.035410132667248205	0.9729013701634155	0.9994495031292484
PF3D7_0314300	0.8740115080892324	1.207199709050529	0.2727819362112111	0.9994495031292484
PF3D7_0314400	-0.9848128713940407	-1.8881872553269263	0.10792300872301756	0.9994495031292484
PF3D7_0314500	0.5664573823838636	1.8054084246867723	0.12104235529928527	0.9994495031292484
PF3D7_0314600	0.012586708066827657	0.031514050230157076	0.9758817377053413	0.9994495031292484
PF3D7_0314700	0.2923796395112094	0.3953332231663202	0.7062695902367226	0.9994495031292484
PF3D7_0314800	0.705455906323858	1.8549209741465913	0.11301662854110836	0.9994495031292484
PF3D7_0314900	0.5562159499650888	1.1566006952648507	0.2914009242589033	0.9994495031292484
PF3D7_0315000	0.2676769596652712	0.3212038289692766	0.7589500162832294	0.9994495031292484
PF3D7_0315100	0.012826711964162706	0.0163812721844836	0.9874613548068716	0.9994495031292484
PF3D7_0315200	0.2611096773735346	0.2658938545829095	0.7992215733032921	0.9994495031292484
PF3D7_0315300	-0.27003305099687364	-0.3502829461614774	0.7380955074453901	0.9994495031292484
PF3D7_0315400	0.10621449983125161	0.12361284776586416	0.9056587939573933	0.9994495031292484
PF3D7_0315500	-0.11637436768367287	-0.22577159632801877	0.8288730818808097	0.9994495031292484
PF3D7_0315600	0.4059293847202806	0.6730414605888285	0.5259804057570461	0.9994495031292484
PF3D7_0315700	0.2642364061040564	0.35054119886354834	0.737911355011166	0.9994495031292484
PF3D7_0315800	-0.13070486439609613	-1.1442306660617092	0.2961141809029467	0.9994495031292484
PF3D7_0315900	0.6437952752649388	0.7077810481856435	0.5056315000625944	0.9994495031292484
PF3D7_0316000	-0.022966892634552986	-0.04667517616104552	0.964286888327925	0.9994495031292484
PF3D7_0316100	0.020753957447876652	0.06505970631275051	0.9502399855458072	0.9994495031292484
PF3D7_0316200	0.37685363839985725	0.8647235025176075	0.42041335965093773	0.9994495031292484
PF3D7_0316300	0.5192074333208154	1.9345563024249135	0.10120285613652136	0.9994495031292484
PF3D7_0316400	-0.31973764820883527	-0.567936495622052	0.5906817464905034	0.9994495031292484
PF3D7_0316500	0.39049059489315074	2.3579656686900097	0.056440715278274614	0.9994495031292484
PF3D7_0316600	-0.029724525506929927	-0.1202122781578642	0.9082393687288345	0.9994495031292484
PF3D7_0316700	-0.12712459496250653	-0.21183381812751598	0.8392492037839128	0.9994495031292484
PF3D7_0316800	-0.34759806330157555	-0.5108426331703867	0.6277072918415271	0.9994495031292484
PF3D7_0316900	0.06983568406117682	0.19609301101965834	0.8510102237702137	0.9994495031292484
PF3D7_0317000	0.2952631599139588	0.3849623001831421	0.7135416992049131	0.9994495031292484
PF3D7_0317100	-0.429012148140988	-0.6787319893802871	0.5226110927025945	0.9994495031292484
PF3D7_0317200	0.09806320677646105	0.13880201775811188	0.8941481430627765	0.9994495031292484
PF3D7_0317300	0.027158288374593883	0.05598859417270017	0.9571687646659301	0.9994495031292484
PF3D7_0317400	-0.5744790438303395	-1.5918096041176517	0.1625333298138331	0.9994495031292484
PF3D7_0317500	-0.09355002563741403	-0.18270207934573884	0.861048804695205	0.9994495031292484
PF3D7_0317600	-0.36163089691662564	-0.4721477016551476	0.6535038314520983	0.9994495031292484
PF3D7_0317700	0.36321798706052744	0.7102402403824231	0.5042110683556593	0.9994495031292484
PF3D7_0317800	-0.07040538333954002	-0.12922706623089378	0.9014011353664739	0.9994495031292484
PF3D7_0317900	-0.4348152654019691	-0.9914909996444344	0.35973128851867353	0.9994495031292484
PF3D7_0318000	-0.026256254440158024	-0.03388326170908416	0.9740693191037979	0.9994495031292484
PF3D7_0318100	0.030193552361513474	0.06461985839990816	0.9505758495539429	0.9994495031292484
PF3D7_0318200	0.07951958482206495	0.09569913196189432	0.926875793890382	0.9994495031292484
PF3D7_0318300	-0.33330572124607627	-1.4168126407009614	0.2063055434843243	0.9994495031292484
PF3D7_0318400	-0.34178728162139066	-0.5825105533638899	0.5814367134526961	0.9994495031292484
PF3D7_0318500	0.1181984700118116	0.19062736377534525	0.8551040007922942	0.9994495031292484
PF3D7_0318600	-0.4084221708759415	-0.6882799579084079	0.5169894536321465	0.9994495031292484
PF3D7_0318700	-0.11794796646378666	-0.06763203139924955	0.9482760074872287	0.9994495031292484
PF3D7_0318800	0.08924029232872566	0.11742050942446172	0.9103588650265795	0.9994495031292484
PF3D7_0318900	0.4120281791363725	1.7718243643416611	0.12680344424294662	0.9994495031292484
PF3D7_0319000	0.09170540842803916	0.194747058704658	0.8520178772392655	0.9994495031292484
PF3D7_0319100	-0.4926043084318512	-0.8201961357843874	0.44346016023749574	0.9994495031292484
PF3D7_0319200	-0.2878603969563351	-1.1817299502089105	0.28202238098614413	0.9994495031292484
PF3D7_0319300	-0.5403526653949965	-1.1387641886442255	0.2982174988845022	0.9994495031292484
PF3D7_0319400	0.18892817185847202	0.3044149647292681	0.7710937663830405	0.9994495031292484
PF3D7_0319500	-0.6482371219756502	-1.5647185153890915	0.1686845075545841	0.9994495031292484
PF3D7_0319600	-0.5195410820978413	-0.6890946596312595	0.5165116151919726	0.9994495031292484
PF3D7_0319700	-0.7037962304988754	-1.6961150939247593	0.14079267858419034	0.9994495031292484
PF3D7_0319800	1.306749068271659	2.4537054601991017	0.049540892124896756	0.9994495031292484
PF3D7_0319900	-0.4506894181428752	-1.412117858967649	0.20761810795828328	0.9994495031292484
PF3D7_0320000	-0.4606392959467734	-0.6875485461719394	0.5174186877610008	0.9994495031292484
PF3D7_0320100	-0.5025422969714294	-0.7064897950939341	0.506378396120682	0.9994495031292484
PF3D7_0320200	0.10301242857469302	0.12984870973071463	0.9009299172992365	0.9994495031292484
PF3D7_0320300	0.26987593552827804	0.8269367914071453	0.4399133735762051	0.9994495031292484
PF3D7_0320400	-1.210606423718929	-1.7709535323419574	0.1269563558761296	0.9994495031292484
PF3D7_0320500	0.6607005900963431	0.9607589962176053	0.37377514738981177	0.9994495031292484
PF3D7_0320600	0.35451893570720305	0.401445908520739	0.7019991634045153	0.9994495031292484
PF3D7_0320700	-0.3918268529112336	-0.4733745930563467	0.6526775291954745	0.9994495031292484
PF3D7_0320800	-0.304929060973805	-0.7455324590085208	0.48412136278970297	0.9994495031292484
PF3D7_0320900	-0.3023721582277842	-0.4828692394275463	0.6463012708317546	0.9994495031292484
PF3D7_0321000	-0.06617904861537441	-0.20300502552848096	0.8458404113705567	0.9994495031292484
PF3D7_0321100	0.5942688110185871	0.8978780584317944	0.4038389916105586	0.9994495031292484
PF3D7_0321200	0.6544813979670258	1.0073218734838016	0.3526619986846072	0.9994495031292484
PF3D7_0321300	0.44786846784026585	0.9369760521279624	0.3849353896452751	0.9994495031292484
PF3D7_0321400	-0.5295027980629271	-0.892323923358987	0.4065806970326589	0.9994495031292484
PF3D7_0321500	0.4714933153402617	1.0155325538971607	0.3490394981783595	0.9994495031292484
PF3D7_0321600	-0.20704758242335786	-0.47504644429919657	0.6515524185221839	0.9994495031292484
PF3D7_0321700	0.4133762970674433	0.9087622093873106	0.39850688217497765	0.9994495031292484
PF3D7_0321800	-0.1846843752333985	-0.27318327282962557	0.7938719553789457	0.9994495031292484
PF3D7_0321900	-0.14926304150628017	-0.5644832885471699	0.5928847996184441	0.9994495031292484
PF3D7_0322000	-0.27213996478162816	-0.48307105859856175	0.6461660903306905	0.9994495031292484
PF3D7_0322100	-0.47878872976754455	-1.5894849125543231	0.16305269233662512	0.9994495031292484
PF3D7_0322200	0.4826988774147319	1.190036551226022	0.27897959963903624	0.9994495031292484
PF3D7_0322300	0.046147329681397266	0.12730686164411661	0.9028569656494038	0.9994495031292484
PF3D7_0322400	0.47569130396565296	1.4743711648489732	0.19082225620137777	0.9994495031292484
PF3D7_0322500	0.22643858680384565	0.4392168413961092	0.6758806454491961	0.9994495031292484
PF3D7_0322600	-0.4418095884279923	-0.6719258527182037	0.526642593500089	0.9994495031292484
PF3D7_0322700	0.007596665364912979	0.024522355461235212	0.9812311763891861	0.9994495031292484
PF3D7_0322800	1.1526230384665819	0.9744885845180539	0.3674486015613201	0.9994495031292484
PF3D7_0322900	0.12816342112578583	0.35180402441062425	0.7370111457787458	0.9994495031292484
PF3D7_0323000	-0.6550776669016909	-0.9882863249999275	0.3611759672027557	0.9994495031292484
PF3D7_0323100	0.12490287228353045	0.512442875837837	0.6266524218705021	0.9994495031292484
PF3D7_0323200	-0.03163945435493236	-0.06896986608744016	0.9472547231013182	0.9994495031292484
PF3D7_0323300	0.0031287485968946507	0.0055782039007383905	0.995730102947695	0.999657757528891
PF3D7_0323400	-0.39440282159061496	-0.5673204744453313	0.5910744016879059	0.9994495031292484
PF3D7_0323500	0.2741101996420598	1.0998927821617699	0.3135392986954914	0.9994495031292484
PF3D7_0323600	0.21958401430809954	0.5376190775931098	0.6101848270154409	0.9994495031292484
PF3D7_0323700	0.3401886332227038	0.6800770306633525	0.5218167596798784	0.9994495031292484
PF3D7_0323800	0.1683837593219762	0.5385849013614321	0.6095579483559207	0.9994495031292484
PF3D7_0324100	-0.8545543890351887	-1.1529598286553033	0.2927815208039106	0.9994495031292484
PF3D7_0324200	0.4255354694826918	0.9999999999999982	0.355917683749583	0.9994495031292484
PF3D7_0324300	0.2805790916827742	0.305367285204759	0.7704029870524473	0.9994495031292484
PF3D7_0324400	-0.7849851768629141	-0.8556697689296585	0.4250263973475384	0.9994495031292484
PF3D7_0324500	-0.6837537422693536	-1.3036826120588771	0.24012506498700803	0.9994495031292484
PF3D7_0324600	-2.1507973949256827	-2.3615458363997157	0.05616535827916449	0.9994495031292484
PF3D7_0324800	-0.1257901914690407	-0.20650591604188182	0.8432251222573935	0.9994495031292484
PF3D7_0324900	-0.9376146627422743	-1.2618690404915165	0.2538299707883744	0.9994495031292484
PF3D7_0400100	-1.1241631856806766	-1.3880308311188254	0.21447321084942136	0.9994495031292484
PF3D7_0400200	-1.0855845835171583	-1.3861197275268415	0.215025845280928	0.9994495031292484
PF3D7_0400300	-0.7837391398437035	-1.4289135420350059	0.20295739055589299	0.9994495031292484
PF3D7_0400400	-0.4731936835821181	-0.5065109231222861	0.6305675619431	0.9994495031292484
PF3D7_0400500	0.07675273866039267	0.17209035786840493	0.8690242998678603	0.9994495031292484
PF3D7_0400700	0.4636723476166283	0.7598076937297231	0.4761530614790934	0.9994495031292484
PF3D7_0400800	-0.37070534470455746	-1.000000000000002	0.35591768374958144	0.9994495031292484
PF3D7_0400900	-1.2088666449432093	-1.4223512632216273	0.2047668409106541	0.9994495031292484
PF3D7_0401000	0.6894841773266558	1.0000000000000002	0.355917683749582	0.9994495031292484
PF3D7_0401300	-1.1905279806186995	-1.9243091430820363	0.1026509812907474	0.9994495031292484
PF3D7_0401400	0.9495437879044492	1.1686711708636561	0.2868633973025122	0.9994495031292484
PF3D7_0401500	-0.776275581749606	-0.719395468360034	0.498946472392675	0.9994495031292484
PF3D7_0401600	-0.15147947153792202	-0.5691020325647995	0.5899392431111998	0.9994495031292484
PF3D7_0401700	-0.15121499263686236	-0.19706767630391733	0.850280728383987	0.9994495031292484
PF3D7_0401800	0.2851568799896064	0.44328056257076004	0.6730989626553858	0.9994495031292484
PF3D7_0401900	-1.655101578889674	-2.0512001750073376	0.08609885592792063	0.9994495031292484
PF3D7_0402000	0.460332323224612	0.7318129479304532	0.4918652845081515	0.9994495031292484
PF3D7_0402100	-0.25166041898696817	-0.5454865804454452	0.6050889182256907	0.9994495031292484
PF3D7_0402200	-0.4280983749345597	-0.4589749714330798	0.6624093072963069	0.9994495031292484
PF3D7_0402300	-0.4573492944323769	-0.45718119139834285	0.6636267367966707	0.9994495031292484
PF3D7_0402400	0.4941300672471195	0.7766665324320576	0.46686041866063366	0.9994495031292484
PF3D7_0402500	-0.7934458736360586	-0.7527878575324086	0.48006006242902244	0.9994495031292484
PF3D7_0402600	-0.8296631205065549	-0.9226379798897449	0.391787210711043	0.9994495031292484
PF3D7_0402700	-1.0556480908225268	-1.6556230207161595	0.14887815950572758	0.9994495031292484
PF3D7_0402900	-0.3852672511409568	-0.59314536384702	0.5747449101594505	0.9994495031292484
PF3D7_0403100	0.31420790715245583	1.1426015001662988	0.296739713877018	0.9994495031292484
PF3D7_0403200	-0.04977564572230811	-0.19127537799069283	0.8546183760654149	0.9994495031292484
PF3D7_0403300	-0.5916455548893387	-0.4247265006108982	0.6858449840501619	0.9994495031292484
PF3D7_0403400	0.19140989870478556	0.490786219696897	0.6410095327269343	0.9994495031292484
PF3D7_0403500	0.24026841388039238	0.34829381095593787	0.7395145389345668	0.9994495031292484
PF3D7_0403600	0.09534598993524261	0.22442411771829388	0.8298746142077208	0.9994495031292484
PF3D7_0403700	-0.5522394705379187	-1.476723098866438	0.1902130605505473	0.9994495031292484
PF3D7_0403800	-0.28291116670302063	-0.5740811833552661	0.5867734275118122	0.9994495031292484
PF3D7_0403900	-0.503984983805761	-0.862127155428755	0.4217324286574223	0.9994495031292484
PF3D7_0404000	-0.7272514310313684	-0.5921739129221845	0.5753542642653161	0.9994495031292484
PF3D7_0404100	1.3084058969552945	1.7110685301171866	0.13791556382649717	0.9994495031292484
PF3D7_0404200	-0.4393615030084929	-0.6832222913813798	0.5199623532438905	0.9994495031292484
PF3D7_0404300	0.03773574608964466	0.0958633022004325	0.9267507974305351	0.9994495031292484
PF3D7_0404400	0.13466147201563483	0.2558130072088893	0.8066394481676944	0.9994495031292484
PF3D7_0404500	0.6119766832847521	0.847707959080964	0.4291139114605736	0.9994495031292484
PF3D7_0404600	0.06417188530825746	0.09365373125867023	0.9284333181651312	0.9994495031292484
PF3D7_0404700	-0.23151584189040372	-0.46687831246896583	0.6570588383113846	0.9994495031292484
PF3D7_0404800	-0.2504841811923734	-0.7487415272607706	0.48232214200478296	0.9994495031292484
PF3D7_0404900	0.4770478390190508	1.0564849641231095	0.33141709410357384	0.9994495031292484
PF3D7_0405000	-0.013409937692013426	-0.10259300842045509	0.9216289288736403	0.9994495031292484
PF3D7_0405100	-0.36819229839037676	-0.7145665739036423	0.5017186499801767	0.9994495031292484
PF3D7_0405200	-0.32627234289234286	-0.5992410235996475	0.5709301768648277	0.9994495031292484
PF3D7_0405300	-1.5118949130872208	-1.5406471677030664	0.1743343235520249	0.9994495031292484
PF3D7_0405400	0.07154681728037593	0.10057858988621608	0.9231616500109696	0.9994495031292484
PF3D7_0405500	-0.46710308694366787	-0.7216005761497982	0.49768399382994266	0.9994495031292484
PF3D7_0405600	0.6249728100757984	0.714196306012826	0.5019316394012079	0.9994495031292484
PF3D7_0405700	-0.07736254162641241	-0.1019038860507508	0.9221532238553112	0.9994495031292484
PF3D7_0405800	0.3483349736477322	0.3881108307006811	0.711330409881815	0.9994495031292484
PF3D7_0405900	-0.10307384990492577	-0.2659212219416534	0.7992014661540929	0.9994495031292484
PF3D7_0406000	-0.04297817596112721	-0.3563256243619032	0.7337916661699391	0.9994495031292484
PF3D7_0406100	0.14230658780927977	0.40164673053385097	0.7018590666632734	0.9994495031292484
PF3D7_0406200	-0.690875900986095	-1.811887054607768	0.11996101465008924	0.9994495031292484
PF3D7_0406400	-0.26444427335374787	-0.669263664000853	0.5282249565704108	0.9994495031292484
PF3D7_0406500	-0.015465530463985527	-0.026586886595292104	0.9796514511285283	0.9994495031292484
PF3D7_0406600	-0.9291345473779313	-1.4209588102154969	0.20515268892949207	0.9994495031292484
PF3D7_0406700	0.12002600009054913	0.20679038606242295	0.8430127087947832	0.9994495031292484
PF3D7_0406800	-0.577641443617142	-1.1363331401615266	0.29915693015648037	0.9994495031292484
PF3D7_0406900	-0.7309564537817285	-1.189392261456095	0.2792145959526537	0.9994495031292484
PF3D7_0407000	1.017871278927278	1.5152465962668666	0.1804891073961584	0.9994495031292484
PF3D7_0407100	0.2720381901170872	0.45576001024395346	0.6645920849885745	0.9994495031292484
PF3D7_0407200	-0.7569696149220537	-1.272029464338658	0.2504377112690442	0.9994495031292484
PF3D7_0407300	-0.261369009046073	-0.43248998643423914	0.6804976144076422	0.9994495031292484
PF3D7_0407400	-0.10415708783089274	-0.28820912980280056	0.7828836672854483	0.9994495031292484
PF3D7_0407500	0.042744644383651845	0.08344993721890571	0.9362083096727714	0.9994495031292484
PF3D7_0407600	-0.7385495395923063	-0.7497853637748224	0.4817378893469737	0.9994495031292484
PF3D7_0407700	-0.16283402895879157	-0.2968180589292489	0.7766124790295368	0.9994495031292484
PF3D7_0407800	0.24511232250805834	0.34867796537060486	0.7392403987758217	0.9994495031292484
PF3D7_0407900	0.04776730509439212	0.13743514055202016	0.89518287988576	0.9994495031292484
PF3D7_0408000	-0.8337757367214783	-0.8238731689510717	0.4415228267822231	0.9994495031292484
PF3D7_0408100	0.41790016264385876	1.225259625839555	0.2663893131831891	0.9994495031292484
PF3D7_0408200	0.13407191724927842	0.22834066141449375	0.8269645664076426	0.9994495031292484
PF3D7_0408300	-0.22536827045474853	-0.37253733472366696	0.7222976678710261	0.9994495031292484
PF3D7_0408400	0.21587137713327134	0.45188582703795616	0.6672272312533478	0.9994495031292484
PF3D7_0408500	0.4256202175801584	0.6182168359597979	0.5591532352681907	0.9994495031292484
PF3D7_0408600	-0.8094343802964186	-2.1703285860846537	0.07302884289520276	0.9994495031292484
PF3D7_0408700	-0.6797121102131173	-1.242451103487127	0.2604254863188983	0.9994495031292484
PF3D7_0408800	-0.7284051740037337	-1.2380851052774742	0.26192893617687213	0.9994495031292484
PF3D7_0408900	-0.18463422109693842	-0.5127611797883833	0.6264427130704193	0.9994495031292484
PF3D7_0409000	0.05105348939812004	0.05420501072593087	0.9585316212568251	0.9994495031292484
PF3D7_0409100	-0.45918376414105705	-1.9755029070526238	0.09561808370864847	0.9994495031292484
PF3D7_0409200	-0.18783618254894394	-0.44293158725885734	0.6733376204655044	0.9994495031292484
PF3D7_0409300	0.3225163420969641	0.7605699237248739	0.47573016056858	0.9994495031292484
PF3D7_0409400	-0.02210409730593002	-0.03408559176096928	0.9739145467184294	0.9994495031292484
PF3D7_0409500	0.6696816244490885	2.2236781653641575	0.06785357809297492	0.9994495031292484
PF3D7_0409600	0.2183408599835405	0.3716661836065636	0.7229133273528245	0.9994495031292484
PF3D7_0409700	-0.10665539799220575	-0.16258147544967122	0.8761853381761515	0.9994495031292484
PF3D7_0409800	0.6515894220725911	1.4325099420027332	0.20197198197746333	0.9994495031292484
PF3D7_0409900	-0.1740355063227271	-0.3193971074203922	0.7602533208566298	0.9994495031292484
PF3D7_0410000	-0.27768820621356743	-0.28815742399885946	0.7829213871015115	0.9994495031292484
PF3D7_0410300	-0.13676899335673107	-0.27923699075810393	0.7894385107205546	0.9994495031292484
PF3D7_0410400	0.2506582059131228	0.9327148102832492	0.38696200843015865	0.9994495031292484
PF3D7_0410500	-0.464043206637934	-0.31222908180083564	0.7654325431306387	0.9994495031292484
PF3D7_0410600	-0.2547530032431356	-0.4487738474568155	0.6693477159524601	0.9994495031292484
PF3D7_0410700	0.008416378466766423	0.01614720599310751	0.9876404967667565	0.9994495031292484
PF3D7_0410800	0.08992040846342242	0.1262061684346091	0.9036916589089681	0.9994495031292484
PF3D7_0410900	-0.04101306274453318	-0.06309862667059844	0.9517375340935808	0.9994495031292484
PF3D7_0411000	0.17791911101198496	0.27519525599947364	0.7923975315932188	0.9994495031292484
PF3D7_0411100	-0.050123927012891534	-0.049019212249843805	0.9624950040690404	0.9994495031292484
PF3D7_0411200	0.07708190320250115	0.15683693283224995	0.8805177748202537	0.9994495031292484
PF3D7_0411300	0.10792686557063123	0.3037555943289675	0.7715721850313444	0.9994495031292484
PF3D7_0411400	-0.26908686904085405	-1.130552171208153	0.30140089871943654	0.9994495031292484
PF3D7_0411600	-0.2171708345178067	-0.34382371729743316	0.7427075598651371	0.9994495031292484
PF3D7_0411700	0.7383376416971246	0.6939492223711041	0.513670334456168	0.9994495031292484
PF3D7_0411800	0.28432539033912796	0.6377644034846623	0.5471788926154457	0.9994495031292484
PF3D7_0411900	0.3340959962289905	0.45286510711631506	0.6665606501512089	0.9994495031292484
PF3D7_0412000	0.19934938096353527	0.3835195451584818	0.7145560024605853	0.9994495031292484
PF3D7_0412100	-0.5506064244157712	-1.2523773616304392	0.25703539284620464	0.9994495031292484
PF3D7_0412200	0.30619333871386173	0.8467688776153294	0.42959792846466366	0.9994495031292484
PF3D7_0412300	0.5649579205374561	0.687090504706072	0.5176876115280101	0.9994495031292484
PF3D7_0412400	-1.018569461737022	-1.039546106191028	0.33861644105286537	0.9994495031292484
PF3D7_0412700	0.7565429052817847	0.8878721333547965	0.40878837849113475	0.9994495031292484
PF3D7_0412900	-0.2943292477193479	-0.4198420228349207	0.6892196082853637	0.9994495031292484
PF3D7_0413200	0.5637500551469837	0.6982004603219834	0.5111906417815164	0.9994495031292484
PF3D7_0413300	-1.0027738897351859	-0.8709089962929288	0.41728319536369257	0.9994495031292484
PF3D7_0413400	-0.17645483562394013	-0.15548223947440018	0.8815401287406565	0.9994495031292484
PF3D7_0413500	0.20165886499583033	0.8201407145963896	0.4434894071931379	0.9994495031292484
PF3D7_0413600	-0.4761333701428429	-1.9534409642465689	0.09858753630331372	0.9994495031292484
PF3D7_0413700	0.016079087945708302	0.02386436828881354	0.9817346709557807	0.9994495031292484
PF3D7_0413800	0.2111096261477034	0.24571081562654484	0.8140952078559376	0.9994495031292484
PF3D7_0413900	0.3511860997708943	0.6950324339592278	0.5130377591051247	0.9994495031292484
PF3D7_0414000	0.21765002103319103	0.3241454893577689	0.7568298645217991	0.9994495031292484
PF3D7_0414100	0.020017243053390865	0.03599536098004704	0.9724537309997447	0.9994495031292484
PF3D7_0414200	-0.16158193298309215	-0.16841809007658004	0.8717882742003478	0.9994495031292484
PF3D7_0414300	0.18370756148721365	0.1965329464236924	0.8506809308280747	0.9994495031292484
PF3D7_0414400	0.3989588987408352	0.6962927031337984	0.5123024323496403	0.9994495031292484
PF3D7_0414500	-0.571672927594966	-0.7433604440004945	0.4853417532075447	0.9994495031292484
PF3D7_0414600	-0.30494833543699384	-1.1502711435263864	0.2938046148767098	0.9994495031292484
PF3D7_0414700	0.1361565711275863	0.274781110615513	0.7927009494312031	0.9994495031292484
PF3D7_0414800	-0.2175010298626789	-0.32868406528547817	0.7535633138311544	0.9994495031292484
PF3D7_0414900	-0.4892216188848759	-0.5413224565168739	0.607783080451804	0.9994495031292484
PF3D7_0415000	0.11139786373483447	0.20418089705814657	0.8449617516898097	0.9994495031292484
PF3D7_0415100	0.4577363880239642	0.3806881043834791	0.7165484532568003	0.9994495031292484
PF3D7_0415200	0.19900823122838027	0.33304798206635555	0.7504277315944557	0.9994495031292484
PF3D7_0415300	-0.30559658622970537	-0.3698780486723716	0.7241777490349679	0.9994495031292484
PF3D7_0415400	-0.18192479837383715	-0.23569870124742073	0.8215056108972061	0.9994495031292484
PF3D7_0415500	-0.15667814138973496	-0.44053542633307047	0.674977435284047	0.9994495031292484
PF3D7_0415600	-0.4855550892682673	-0.8237513030887951	0.4415869363597583	0.9994495031292484
PF3D7_0415700	-0.11990635923946288	-0.1719477747559278	0.8691315791195887	0.9994495031292484
PF3D7_0415800	-0.3290639760338568	-0.5261260694305213	0.6176721994544236	0.9994495031292484
PF3D7_0415900	0.1788575753903899	0.33654011264580375	0.7479223035895686	0.9994495031292484
PF3D7_0416000	-0.6797686631866668	-0.9220010384063999	0.39209375142493263	0.9994495031292484
PF3D7_0416100	-0.34521873013680837	-0.6784794889374561	0.522760298039054	0.9994495031292484
PF3D7_0416200	0.012765677396544543	0.030463868166318655	0.9766851656901292	0.9994495031292484
PF3D7_0416300	-0.026779612424734256	-0.04298148944635252	0.9671109644491167	0.9994495031292484
PF3D7_0416400	0.18144607468639626	0.2587650199369212	0.8044649194849047	0.9994495031292484
PF3D7_0416500	0.47710224914627586	1.388820377724102	0.2142452749869552	0.9994495031292484
PF3D7_0416600	0.447135667636136	0.8945226645800419	0.40549364781471386	0.9994495031292484
PF3D7_0416700	-0.8748725156628638	-1.3156014820559225	0.2363407723822643	0.9994495031292484
PF3D7_0416800	-0.20183384415803116	-0.3043912617868642	0.7711109625902861	0.9994495031292484
PF3D7_0416900	0.023866955236606438	0.04576100197271691	0.9649857858830011	0.9994495031292484
PF3D7_0417000	0.032711681590441306	0.03408569790275361	0.9739144655255911	0.9994495031292484
PF3D7_0417100	-0.6115726964964694	-1.000541903874368	0.35567590593015386	0.9994495031292484
PF3D7_0417200	0.31715084895401224	0.7400178322231975	0.4872239824161242	0.9994495031292484
PF3D7_0417300	-0.07180815798721502	-0.1750075189575475	0.8668301079245808	0.9994495031292484
PF3D7_0417400	0.5509947646458256	0.8100467919724241	0.4488394364600984	0.9994495031292484
PF3D7_0417500	0.16616315274069962	0.43948854628628015	0.6756944834046574	0.9994495031292484
PF3D7_0417600	0.03101087620533413	0.06862466646818668	0.9475182332572816	0.9994495031292484
PF3D7_0417700	0.1446750238311772	0.2874018958704657	0.7834726248990904	0.9994495031292484
PF3D7_0417800	-0.05314069595335656	-0.0756553915164481	0.9421527742867004	0.9994495031292484
PF3D7_0417900	0.4651306858016238	0.9020694464023697	0.40177926982496726	0.9994495031292484
PF3D7_0418000	-0.0710254146720126	-0.12283921539991528	0.906245767151014	0.9994495031292484
PF3D7_0418100	0.08600436327207814	0.1658915304988212	0.8736910737110898	0.9994495031292484
PF3D7_0418200	0.28207662199321804	0.8232523344141395	0.44184949754034375	0.9994495031292484
PF3D7_0418300	-0.22832157170151082	-0.2793194390533141	0.7893781887961417	0.9994495031292484
PF3D7_0418400	-0.6929103880738805	-0.8094067403762357	0.44918023807514407	0.9994495031292484
PF3D7_0418500	-0.7927088071759061	-0.9840316584948102	0.363101091244706	0.9994495031292484
PF3D7_0418600	-0.9559697706881539	-0.7070809125826121	0.5060363864693616	0.9994495031292484
PF3D7_0418700	-0.14808722908876357	-0.38708327864176584	0.7120517477370552	0.9994495031292484
PF3D7_0418800	-0.6946818164044358	-1.0402805054173536	0.33830169081342576	0.9994495031292484
PF3D7_0418900	-0.0717008366554969	-0.15821077834461827	0.8794812249764583	0.9994495031292484
PF3D7_0419000	-0.7598304187382618	-1.425329427813499	0.2039438280350245	0.9994495031292484
PF3D7_0419100	-0.23228211466720644	-0.5825347193527387	0.5814214551156001	0.9994495031292484
PF3D7_0419200	-0.12508302309864566	-0.13636896888058853	0.8959901373141901	0.9994495031292484
PF3D7_0419300	-0.28414029662694396	-0.5160977712141789	0.6242467650403538	0.9994495031292484
PF3D7_0419400	0.034432005775875255	0.06521831860399736	0.950118873336371	0.9994495031292484
PF3D7_0419500	0.7151553936351743	1.1261823112453666	0.3031065126692563	0.9994495031292484
PF3D7_0419600	0.09614891807709604	0.3342101984198301	0.7495935275562113	0.9994495031292484
PF3D7_0419700	0.42375543722390596	0.7324675105015094	0.491493914164866	0.9994495031292484
PF3D7_0419800	0.15586586005947714	0.29886525494526167	0.7751238861107447	0.9994495031292484
PF3D7_0419900	0.2178243539330861	0.4545248021610058	0.6654316825250219	0.9994495031292484
PF3D7_0420000	0.23909971023711243	0.40773779469740934	0.6976159624946021	0.9994495031292484
PF3D7_0420100	-0.1710860503276606	-0.5991077659966173	0.571013407604272	0.9994495031292484
PF3D7_0420200	-0.4736608007500422	-1.3287908281178482	0.23221526075960358	0.9994495031292484
PF3D7_0420300	-0.22878560667030415	-0.28881110843436514	0.7824445664721835	0.9994495031292484
PF3D7_0420400	-0.08207833189779475	-0.23603595191924134	0.821255663090187	0.9994495031292484
PF3D7_0420500	0.2732399661872725	0.23826150311139466	0.8196068103631633	0.9994495031292484
PF3D7_0420600	0.47679945321128425	1.0877687118031418	0.3184504955862761	0.9994495031292484
PF3D7_0420700	-1.0200890626221248	-1.3373789765277613	0.2295637649791913	0.9994495031292484
PF3D7_0421200	0.4806133565700166	1.0000000000000013	0.35591768374958144	0.9994495031292484
PF3D7_0421300	-1.0874467877729748	-1.885188242650048	0.10837268095263727	0.9994495031292484
PF3D7_0421400	-0.4891523578817514	-0.9999999999999987	0.3559176837495826	0.9994495031292484
PF3D7_0421500	0.1528389155779508	0.2813392063766236	0.7879009602942726	0.9994495031292484
PF3D7_0421600	-0.3911348741438662	-0.6093567188162681	0.5646334762150639	0.9994495031292484
PF3D7_0421700	-0.16724108462495269	-0.15489379482881424	0.8819842915960266	0.9994495031292484
PF3D7_0421800	0.4889346389868241	0.6782005205099538	0.5229251758102316	0.9994495031292484
PF3D7_0421900	1.7340612500951587	2.260037733172229	0.06454479765808126	0.9994495031292484
PF3D7_0422000	0.23304344532255822	0.38446087497728887	0.7138941446738498	0.9994495031292484
PF3D7_0422100	0.11999435684848034	0.2649845114606702	0.7998897751919235	0.9994495031292484
PF3D7_0422200	-0.17843039358440252	-0.32324441086584943	0.757479056229158	0.9994495031292484
PF3D7_0422300	0.28863720153102296	0.4180935404212645	0.6904295248836898	0.9994495031292484
PF3D7_0422400	-0.5110358205882569	-0.6738057320061555	0.5255270708179615	0.9994495031292484
PF3D7_0422500	-0.055360197836369814	-0.14444715532350566	0.8898771717084866	0.9994495031292484
PF3D7_0422600	-0.5149624513462451	-0.5146024364672825	0.6252303854964859	0.9994495031292484
PF3D7_0422700	-0.28131647157705275	-1.5874083593535768	0.16351795206554892	0.9994495031292484
PF3D7_0422800	0.34543108113861043	0.351632746304043	0.7371332151641927	0.9994495031292484
PF3D7_0422900	-0.8591741771022318	-1.5685598345700469	0.16779907904710825	0.9994495031292484
PF3D7_0423000	0.5096032449550209	1.1009589984340773	0.3131104250535846	0.9994495031292484
PF3D7_0423100	0.26991612335685333	0.44495710169707736	0.6719529901586844	0.9994495031292484
PF3D7_0423200	0.17742462256824942	0.2172866238840475	0.8351854545815575	0.9994495031292484
PF3D7_0423300	-0.39498381047091446	-1.234932927540952	0.26301910685128765	0.9994495031292484
PF3D7_0423400	-0.11501902022601664	-0.23169846591622748	0.8244720633121052	0.9994495031292484
PF3D7_0423500	0.017688935934963228	0.03913457897412644	0.9700527459063939	0.9994495031292484
PF3D7_0423600	0.0963871954600702	0.22084208854639614	0.8325387064113607	0.9994495031292484
PF3D7_0423700	-0.8061026711688921	-1.1138935983863871	0.307946450996455	0.9994495031292484
PF3D7_0423800	-0.5966221555570431	-0.8203162405190224	0.44339678316596176	0.9994495031292484
PF3D7_0423900	-0.571862477759575	-0.6923248262983926	0.5146199142349823	0.9994495031292484
PF3D7_0424000	-0.21289023137987517	-0.5687275332378482	0.5901777578957517	0.9994495031292484
PF3D7_0424100	-0.9095128632209972	-1.8051119931574275	0.12109206154551957	0.9994495031292484
PF3D7_0424200	-1.5290205167406605	-1.3612162441190978	0.22234636904592317	0.9994495031292484
PF3D7_0424300	-1.4191562579113972	-1.4413435757043807	0.19957024069970897	0.9994495031292484
PF3D7_0424400	-0.799525594954548	-1.1155099055023419	0.3073061906905105	0.9994495031292484
PF3D7_0424500	-1.191873021826039	-3.5328397880394236	0.012325257891257522	0.9994495031292484
PF3D7_0424600	0.00029836081031508376	0.0004966653910315297	0.9996198197741956	0.9998036748081802
PF3D7_0424700	-0.715960890437704	-0.9375553363402511	0.38466052054714894	0.9994495031292484
PF3D7_0424800	-0.7884362607222362	-1.1828022045279039	0.2816280113846721	0.9994495031292484
PF3D7_0424900	0.4093612270083832	0.6106368593698325	0.5638396516055861	0.9994495031292484
PF3D7_0425100	-0.7265759481016654	-0.9999999999999997	0.3559176837495821	0.9994495031292484
PF3D7_0425200	-0.47022074190097585	-0.6607305150902422	0.5333175511435051	0.9994495031292484
PF3D7_0425500	-0.37187055667634233	-0.2964158116306853	0.7769050906004681	0.9994495031292484
PF3D7_0425600	1.088372203921484	1.3134268615597773	0.23702723043898152	0.9994495031292484
PF3D7_0425700	0.6279402305606573	0.6205258748776366	0.5577304104713965	0.9994495031292484
PF3D7_0425800	0.19247282477754898	0.4303557624197005	0.6819656255999487	0.9994495031292484
PF3D7_0425900	-0.274346114450781	-0.3304631527748444	0.7522843693349418	0.9994495031292484
PF3D7_0426000	-0.5997269965201303	-0.9858136812965911	0.36229378609242063	0.9994495031292484
PF3D7_0500100	-1.0097004829586338	-1.613351910672797	0.15779490774749208	0.9994495031292484
PF3D7_0500300	0.5302831040638559	0.6740430814666237	0.5253863362113692	0.9994495031292484
PF3D7_0500400	0.19980395956258712	0.26242244393444825	0.8017734258809496	0.9994495031292484
PF3D7_0500500	-0.32520741185563773	-0.557354165222375	0.597448035851672	0.9994495031292484
PF3D7_0500600	-0.2935123315814279	-0.4919929305022329	0.6402049779265249	0.9994495031292484
PF3D7_0500700	-0.4102473625963096	-0.40616663641477074	0.6987093112669582	0.9994495031292484
PF3D7_0500800	1.7723727279169905	1.9312483394143671	0.10166808499820541	0.9994495031292484
PF3D7_0500900	0.24533456425960518	0.3138346972498199	0.7642712461510961	0.9994495031292484
PF3D7_0501000	0.35044350819057296	0.5761827660192774	0.585440207116005	0.9994495031292484
PF3D7_0501100	-0.4822326652189453	-2.0973438236878192	0.08077379485832974	0.9994495031292484
PF3D7_0501200	0.6415813042820948	2.1858641183049743	0.07148111735646717	0.9994495031292484
PF3D7_0501300	-0.2386714194237348	-0.3370076155873788	0.7475871488333814	0.9994495031292484
PF3D7_0501400	0.4448035169449191	0.542780110821112	0.6068392162337726	0.9994495031292484
PF3D7_0501500	0.46778970415746934	0.49124444975155274	0.6407039522837418	0.9994495031292484
PF3D7_0501600	0.1675094943034861	0.1684887681106729	0.8717350586961854	0.9994495031292484
PF3D7_0501700	-1.6090019989365356	-2.4076936645670077	0.052739257003625806	0.9994495031292484
PF3D7_0501800	0.31912245781112464	0.46229192066445346	0.6601610872940022	0.9994495031292484
PF3D7_0501900	0.21724049571948678	0.6092967949918775	0.5646706521021974	0.9994495031292484
PF3D7_0502000	0.256422204476104	0.9256808352624416	0.3903253151580035	0.9994495031292484
PF3D7_0502100	0.20568430876262148	0.41507719232902685	0.69251913653295	0.9994495031292484
PF3D7_0502200	-0.028843699442019893	-0.11696937922788954	0.9107014371350334	0.9994495031292484
PF3D7_0502300	-0.3107122512770399	-0.2777744301504434	0.7905088343288326	0.9994495031292484
PF3D7_0502400	-0.06182817067403405	-0.08148280047917578	0.9377081264664429	0.9994495031292484
PF3D7_0502500	0.08406278904761734	0.08846994161363152	0.9323821911030064	0.9994495031292484
PF3D7_0502600	-0.5358571115418459	-1.0156645681230592	0.34898149915254695	0.9994495031292484
PF3D7_0502700	0.01593215101030508	0.059976045317704445	0.9541224888995672	0.9994495031292484
PF3D7_0502800	1.6683456159934011	1.6809281842076407	0.1437742102211458	0.9994495031292484
PF3D7_0502900	-0.8917776856361407	-1.2254968416717407	0.26630621915783426	0.9994495031292484
PF3D7_0503000	-0.6946409838336864	-1.2381708495360806	0.26189933696966816	0.9994495031292484
PF3D7_0503100	0.2701365541635384	0.5325992553898797	0.6134488265370436	0.9994495031292484
PF3D7_0503200	0.48912685530953465	1.2101257053417833	0.271737296192087	0.9994495031292484
PF3D7_0503300	-0.28981808215671906	-0.4897894697814142	0.6416745027409293	0.9994495031292484
PF3D7_0503400	-0.5308916181661336	-1.4689359001576554	0.19223703144130622	0.9994495031292484
PF3D7_0503500	-0.04506620760706306	-0.12444872458322943	0.9050246678493982	0.9994495031292484
PF3D7_0503600	-0.7939570448482881	-1.5416539547394679	0.17409448473099667	0.9994495031292484
PF3D7_0503800	-0.5806482074090433	-0.7607187978480655	0.4756475925781638	0.9994495031292484
PF3D7_0503900	0.3316926182478243	0.5681256100150832	0.5905612344664466	0.9994495031292484
PF3D7_0504000	0.4786513478962333	0.7596338661537954	0.47624954111433226	0.9994495031292484
PF3D7_0504100	-0.31279434038507287	-0.7269125381341258	0.494651615211919	0.9994495031292484
PF3D7_0504200	-0.05819565480696972	-0.14979193120386414	0.8858371738697737	0.9994495031292484
PF3D7_0504300	0.07535365442886664	0.10455089005851753	0.9201395786737833	0.9994495031292484
PF3D7_0504400	-0.23109641436087752	-2.671549792046459	0.036950114556775444	0.9994495031292484
PF3D7_0504500	-0.3717068860570959	-0.8936627741352742	0.40591851254346756	0.9994495031292484
PF3D7_0504600	-0.19411720740516192	-0.45682303885191505	0.6638699480965122	0.9994495031292484
PF3D7_0504700	0.7951881888784667	1.0063812042662197	0.3530789313958267	0.9994495031292484
PF3D7_0504800	0.39825793327577924	0.6960969356945105	0.512416610726514	0.9994495031292484
PF3D7_0504900	-0.5879340389324664	-1.1177146700548621	0.30643462425232604	0.9994495031292484
PF3D7_0505000	0.781768919488639	2.3665541488637882	0.055782514505184774	0.9994495031292484
PF3D7_0505100	0.3881904438712333	0.6609523348958635	0.5331847715865223	0.9994495031292484
PF3D7_0505200	0.12227249709207616	0.4070812326682759	0.6980727589959204	0.9994495031292484
PF3D7_0505300	0.4404264133497533	0.7011177356330701	0.5094936188735855	0.9994495031292484
PF3D7_0505400	-0.8133121024918533	-2.4354854201571388	0.0507823140283717	0.9994495031292484
PF3D7_0505500	0.16948958239650244	0.3034943462112344	0.7717617690053223	0.9994495031292484
PF3D7_0505600	0.010049242094868663	0.0298628435847272	0.9771449852030798	0.9994495031292484
PF3D7_0505700	-0.057844701347700304	-0.17229868739194898	0.8688675586416684	0.9994495031292484
PF3D7_0505800	-0.7302761000632706	-1.1608584173521395	0.2897934398337168	0.9994495031292484
PF3D7_0505900	-1.0403065056930407	-1.5162538807746528	0.18024119855829462	0.9994495031292484
PF3D7_0506000	-0.4007263177936043	-0.4594876423195094	0.6620615674860103	0.9994495031292484
PF3D7_0506100	0.2938978380318376	0.6059727773269317	0.5667351590924203	0.9994495031292484
PF3D7_0506200	0.02688633982746844	0.08101602285517685	0.9380640561310194	0.9994495031292484
PF3D7_0506300	-0.5070555150094044	-0.9355847655821395	0.3855961725532502	0.9994495031292484
PF3D7_0506400	0.9474333208404809	1.0692613668977498	0.32607002752573544	0.9994495031292484
PF3D7_0506500	0.3277604030688999	0.5301668452854107	0.6150339385631101	0.9994495031292484
PF3D7_0506700	-0.545680160792767	-1.264525617802643	0.25293913679624874	0.9994495031292484
PF3D7_0506800	-0.028393356360191004	-0.054896023879223356	0.9580035916628191	0.9994495031292484
PF3D7_0506900	0.10384134122499337	0.2636353121662538	0.8008815333972688	0.9994495031292484
PF3D7_0507000	-0.31830000123796126	-0.3644938683143726	0.7279907453547632	0.9994495031292484
PF3D7_0507100	0.21842589460360345	1.0322074301489625	0.34177472771973816	0.9994495031292484
PF3D7_0507200	-0.8746972972204904	-1.738610915222787	0.13276511594612628	0.9994495031292484
PF3D7_0507300	0.2352465456330245	0.18790787951929028	0.857142750368181	0.9994495031292484
PF3D7_0507400	-0.2664779041284951	-0.4265746296012905	0.6845701966088128	0.9994495031292484
PF3D7_0507500	0.05113832452373611	0.06735620031253398	0.9484865865660598	0.9994495031292484
PF3D7_0507600	-0.5568342693636107	-0.7345548793945362	0.4903109052689266	0.9994495031292484
PF3D7_0507700	-0.2983155015128138	-0.6662185230221218	0.5300386965807088	0.9994495031292484
PF3D7_0507800	-0.09478511346175666	-0.1468161691574494	0.8880860312079388	0.9994495031292484
PF3D7_0507900	-0.6734530541306292	-0.7811801401850965	0.4643942217134873	0.9994495031292484
PF3D7_0508000	0.08250119251872949	0.08487206379105357	0.9351242067900744	0.9994495031292484
PF3D7_0508100	-0.02700197840987457	-0.03679297746184843	0.9718436545869735	0.9994495031292484
PF3D7_0508200	-0.06937763320079152	-0.14124017169430736	0.8923030094740676	0.9994495031292484
PF3D7_0508300	0.20926349406933595	0.26698494915945215	0.7984200630211717	0.9994495031292484
PF3D7_0508400	-0.2160730569971898	-0.31997316648810314	0.7598376784458576	0.9994495031292484
PF3D7_0508500	-0.19515602008928426	-0.3109851466890368	0.7663327065494865	0.9994495031292484
PF3D7_0508600	0.0017361412420648513	0.002784066237283816	0.9978688964332987	0.999657757528891
PF3D7_0508700	0.1026663488682431	0.21605805958267468	0.8361005709896031	0.9994495031292484
PF3D7_0508800	-0.2340827713040376	-0.5688406327662529	0.5901057200360296	0.9994495031292484
PF3D7_0508900	0.510476511286365	0.7034619103050087	0.5081326861568819	0.9994495031292484
PF3D7_0509000	-0.5714378602608547	-0.9564305379288035	0.37578728545091555	0.9994495031292484
PF3D7_0509100	0.6539430941162586	0.8702285978664331	0.41762665792379405	0.9994495031292484
PF3D7_0509200	0.18487357693846995	0.1906750181251924	0.8550682860384873	0.9994495031292484
PF3D7_0509300	-0.12324458549452595	-0.29159028277955146	0.7804184967790223	0.9994495031292484
PF3D7_0509400	0.07844662619905214	0.11895319264399623	0.9091951585567539	0.9994495031292484
PF3D7_0509500	0.215309576246317	0.5920644923107854	0.5754229238656117	0.9994495031292484
PF3D7_0509600	-0.5970010780255286	-1.4330316794472597	0.20182939273474962	0.9994495031292484
PF3D7_0509700	-0.7174100776888163	-1.6096269982090725	0.15860470293326429	0.9994495031292484
PF3D7_0509800	-0.43772943535805686	-1.0255092411719389	0.34467813913526985	0.9994495031292484
PF3D7_0509900	-0.004033757075549169	-0.008639767655143429	0.9933866515351615	0.9994495031292484
PF3D7_0510000	-0.12043642973754363	-0.16663774868609468	0.8731289857562818	0.9994495031292484
PF3D7_0510100	0.021334882866506706	0.0426940710143948	0.9673307380058869	0.9994495031292484
PF3D7_0510200	-0.18916550555881795	-0.6145321017026895	0.5614283764610766	0.9994495031292484
PF3D7_0510300	-0.8434235448591879	-1.5518475769056106	0.17168359399710673	0.9994495031292484
PF3D7_0510400	1.0377266867127555	1.6569551438637222	0.14860517579038293	0.9994495031292484
PF3D7_0510500	0.5103454937641948	1.0485549593354526	0.3347718127085409	0.9994495031292484
PF3D7_0510600	-0.0868747772405855	-0.17269766285843216	0.8685673990522169	0.9994495031292484
PF3D7_0510700	-0.8509013109678972	-1.886871638601327	0.10812004304690115	0.9994495031292484
PF3D7_0510800	-1.1058684171360538	-1.113757191059118	0.3080005364287722	0.9994495031292484
PF3D7_0511000	-0.09189821581530744	-0.1191337597923515	0.9090580771757211	0.9994495031292484
PF3D7_0511100	0.8810996105414538	1.2912690512185376	0.24412366723222856	0.9994495031292484
PF3D7_0511200	1.5341228509927827	2.606498197765709	0.040309288094099865	0.9994495031292484
PF3D7_0511300	0.02562564371540398	0.09768195174114802	0.9253662624100072	0.9994495031292484
PF3D7_0511400	-0.7103417705703403	-0.6909314353951349	0.5154353742653324	0.9994495031292484
PF3D7_0511500	0.6400530046191993	1.0955223076840463	0.315302382194666	0.9994495031292484
PF3D7_0511600	0.14780799032697875	0.1945542125649269	0.8521622775302944	0.9994495031292484
PF3D7_0511700	0.4322752685643271	0.3466819306554308	0.7406652652994126	0.9994495031292484
PF3D7_0511800	0.3951188516422954	0.7387863833256059	0.487918669583968	0.9994495031292484
PF3D7_0511900	0.08446072174151953	0.2616498947849604	0.8023416969779211	0.9994495031292484
PF3D7_0512000	-0.6684291424006602	-1.7879904311646049	0.12399740182122229	0.9994495031292484
PF3D7_0512100	-0.1970470460140494	-0.2960972494207466	0.7771368545946232	0.9994495031292484
PF3D7_0512200	0.35635925499227106	1.1287525104806866	0.3021023497820954	0.9994495031292484
PF3D7_0512300	-0.0075446648418827445	-0.010130369004217675	0.9922457063074154	0.9994495031292484
PF3D7_0512400	0.7451987728245686	0.8461249025548524	0.4299300750293559	0.9994495031292484
PF3D7_0512450	1.0432578325281259	2.438071652178628	0.05060412691339404	0.9994495031292484
PF3D7_0512500	0.27173265018719595	0.9604212188482698	0.37393186361360475	0.9994495031292484
PF3D7_0512600	-0.5072747167052187	-1.321611307662826	0.23445288981813633	0.9994495031292484
PF3D7_0512700	0.1659615825910148	0.3030997819117639	0.7720481313395725	0.9994495031292484
PF3D7_0512800	0.0014923938921347654	0.0034282374862245704	0.9973758083225032	0.999657757528891
PF3D7_0512900	-0.5905333207272842	-1.8339434600820266	0.11635060740457245	0.9994495031292484
PF3D7_0513000	0.11817153689281303	0.3656296108429417	0.7271857144017845	0.9994495031292484
PF3D7_0513100	-0.7345447629903255	-1.1408935863781036	0.29739668182243245	0.9994495031292484
PF3D7_0513200	0.18552481916392216	0.4516751174070321	0.6673707016422503	0.9994495031292484
PF3D7_0513300	-0.06280833756856731	-0.20779528645335185	0.8422624667409272	0.9994495031292484
PF3D7_0513400	-0.24632694431793353	-0.48957700158378936	0.6418162955244904	0.9994495031292484
PF3D7_0513500	-0.1900312959232338	-0.21824963151054474	0.8344683400440285	0.9994495031292484
PF3D7_0513600	0.19762447558425358	0.2695971725432311	0.7965022378160088	0.9994495031292484
PF3D7_0513700	0.41355410462732284	0.9899093655386408	0.3604437203592323	0.9994495031292484
PF3D7_0513800	-0.02336250727364025	-0.03601579973879385	0.9724380976598124	0.9994495031292484
PF3D7_0513900	0.11542158155861455	0.2426749173540219	0.8163400233378894	0.9994495031292484
PF3D7_0514000	0.16592789557484772	0.2454591930172198	0.8142811904254276	0.9994495031292484
PF3D7_0514100	-0.004033364545716311	-0.008410783606337248	0.9935619235032505	0.9994495031292484
PF3D7_0514200	-0.16405457967295917	-0.8323583104879184	0.43707566728387004	0.9994495031292484
PF3D7_0514300	-0.466256219080589	-1.097041618343789	0.3146885484992276	0.9994495031292484
PF3D7_0514500	-0.37584613665354094	-0.5095105707344967	0.6285861147893981	0.9994495031292484
PF3D7_0514600	-0.3564542366254218	-0.5014754777077659	0.6339013485515828	0.9994495031292484
PF3D7_0514700	-0.3483048534844655	-0.25462232133106827	0.8075170757875461	0.9994495031292484
PF3D7_0514800	0.020673682598046993	0.042630843412826004	0.9673790852058654	0.9994495031292484
PF3D7_0514900	0.028657194008584404	0.10339809352773667	0.9210164623386744	0.9994495031292484
PF3D7_0515000	0.2049993787265322	0.3338112631277733	0.7498798295756557	0.9994495031292484
PF3D7_0515100	-0.9046330887319796	-1.3595254838586828	0.22285146676916348	0.9994495031292484
PF3D7_0515200	-1.0272760421178395	-1.3156045485507533	0.23633980564266915	0.9994495031292484
PF3D7_0515300	-0.06344387583122052	-0.1571756649954081	0.8802621813035526	0.9994495031292484
PF3D7_0515400	-0.44773317256837075	-0.5581981853210835	0.5969067375641681	0.9994495031292484
PF3D7_0515500	0.6936227176897892	1.1481607754967218	0.2946097702425561	0.9994495031292484
PF3D7_0515600	0.2942905566679845	0.8600011654494232	0.42281481872206295	0.9994495031292484
PF3D7_0515700	0.371080606290291	1.389642874005217	0.2140080613642006	0.9994495031292484
PF3D7_0515800	-0.5285830830070783	-0.675378341822456	0.5245950586098522	0.9994495031292484
PF3D7_0515900	-0.2213797280859519	-0.3666390492639038	0.7264705297779463	0.9994495031292484
PF3D7_0516000	0.22435321126273494	0.6162796809309571	0.5603486259157011	0.9994495031292484
PF3D7_0516100	-0.45273068051026694	-0.9123907407786118	0.39674123974753894	0.9994495031292484
PF3D7_0516200	-0.668564734061494	-0.9565906193183235	0.375712719173888	0.9994495031292484
PF3D7_0516300	-0.45106542307694325	-0.5970556932426898	0.572296025241376	0.9994495031292484
PF3D7_0516400	0.012004526145224868	0.02913389592926323	0.977702686368073	0.9994495031292484
PF3D7_0516500	-0.6830192221954222	-1.3227322250207103	0.23410226884698776	0.9994495031292484
PF3D7_0516600	-0.23732248797259056	-0.407125258543828	0.6980421240927303	0.9994495031292484
PF3D7_0516700	-0.24248571874091457	-1.0820372158890035	0.32079429216530636	0.9994495031292484
PF3D7_0516800	0.27744484480166764	0.40585833079313244	0.698923950258344	0.9994495031292484
PF3D7_0516900	-0.03178170347099716	-0.06274318795661885	0.9520089827689427	0.9994495031292484
PF3D7_0517000	-0.5129200938256107	-1.055994023826255	0.33162398168345375	0.9994495031292484
PF3D7_0517100	-0.3258687386096875	-1.6855349269597841	0.14286340701005515	0.9994495031292484
PF3D7_0517200	1.0717548498949405	0.9782747756422225	0.36571884653919384	0.9994495031292484
PF3D7_0517300	0.05273607621141241	0.2430421838195779	0.8160683556974575	0.9994495031292484
PF3D7_0517400	0.23395723804490276	0.4027461849930093	0.7010922968036868	0.9994495031292484
PF3D7_0517500	0.3529781760811188	0.334844693398771	0.7491382625974605	0.9994495031292484
PF3D7_0517600	-0.44233674347077995	-0.49456915748882485	0.6384891134968137	0.9994495031292484
PF3D7_0517700	0.3317391183658381	0.5821521886917781	0.5816630117288877	0.9994495031292484
PF3D7_0517800	-1.5599798033878622	-1.8221065362786002	0.11827463540861645	0.9994495031292484
PF3D7_0517900	-0.29433697687357036	-0.7201002506539488	0.4985427329913724	0.9994495031292484
PF3D7_0518000	-0.44788135596701584	-0.9162129971549123	0.3948877966460751	0.9994495031292484
PF3D7_0518100	-0.8224793127452565	-1.53271742881471	0.1762342651201278	0.9994495031292484
PF3D7_0518200	-0.1357194942443154	-0.1562956002932575	0.8809262750834987	0.9994495031292484
PF3D7_0518300	-0.504264368299472	-0.670275789831438	0.5276230036930778	0.9994495031292484
PF3D7_0518400	-0.257773558266697	-0.47813860438307854	0.6494741265880251	0.9994495031292484
PF3D7_0518500	-0.2796879329114679	-0.39492394524931257	0.7065559400702048	0.9994495031292484
PF3D7_0518600	0.1274733611683801	0.15587072620714973	0.8812469216272826	0.9994495031292484
PF3D7_0518700	0.06702039075445065	0.11024285617837255	0.9158117699369432	0.9994495031292484
PF3D7_0518800	0.394706482742864	0.6270489672214024	0.5537229733918714	0.9994495031292484
PF3D7_0518900	0.308064524117244	0.43633884698454983	0.6778540793711234	0.9994495031292484
PF3D7_0519000	-0.0045313470967938245	-0.009914196983744582	0.9924111688451753	0.9994495031292484
PF3D7_0519100	-0.5156164216219228	-0.8489471286981219	0.428475838535547	0.9994495031292484
PF3D7_0519200	-0.5491410571277269	-0.7421671553960361	0.4860131232351167	0.9994495031292484
PF3D7_0519300	0.04798743790132679	0.35779399794872496	0.7327474221717358	0.9994495031292484
PF3D7_0519400	-0.269965399564554	-0.474780309241172	0.651731453072474	0.9994495031292484
PF3D7_0519500	0.6934429616510618	0.7283982192418663	0.4938057425686191	0.9994495031292484
PF3D7_0519600	-0.13513589784109079	-0.4038968426995219	0.700290230277095	0.9994495031292484
PF3D7_0519700	0.1457131142409273	0.28424241586756266	0.785779289220633	0.9994495031292484
PF3D7_0519800	-0.06389563710778025	-0.1405355043815594	0.8928362086271495	0.9994495031292484
PF3D7_0519900	-0.27145263321386554	-0.8106071157460302	0.44854123919155175	0.9994495031292484
PF3D7_0520000	-0.27990516738308885	-0.5450166407647277	0.6053926267354657	0.9994495031292484
PF3D7_0520100	-0.08196640756740695	-0.2650640346051533	0.7998313327189747	0.9994495031292484
PF3D7_0520200	0.20610858309791694	0.7581784782041302	0.4770578580368222	0.9994495031292484
PF3D7_0520300	-0.9977486256301414	-1.22596463102624	0.26614242387218623	0.9994495031292484
PF3D7_0520400	0.714481980099488	1.4637227050317154	0.19360314018242847	0.9994495031292484
PF3D7_0520500	-0.1993747289334218	-0.25306082301917526	0.8086684861945705	0.9994495031292484
PF3D7_0520600	-0.7156020773147593	-1.9037722125295828	0.10561598457599193	0.9994495031292484
PF3D7_0520700	0.34876471017749294	0.7352170059731836	0.48993605261124007	0.9994495031292484
PF3D7_0520800	-0.03838578914410605	-0.06626453493936475	0.9493200465809395	0.9994495031292484
PF3D7_0520900	0.7935922386269169	1.025310667023617	0.344764516483489	0.9994495031292484
PF3D7_0521000	-0.14748693688778866	-0.32757434527251106	0.7543615000977163	0.9994495031292484
PF3D7_0521100	-0.3603445221509471	-0.5717311752964844	0.5882663541476896	0.9994495031292484
PF3D7_0521200	0.4961688396706619	1.8302589824819988	0.11694615840967934	0.9994495031292484
PF3D7_0521300	0.0927603013137575	0.3437118566092637	0.7427875351058977	0.9994495031292484
PF3D7_0521400	0.07330839000523363	0.14520949293626695	0.8893007127219238	0.9994495031292484
PF3D7_0521500	-0.28281376743487113	-0.9152674220050582	0.3953456962676501	0.9994495031292484
PF3D7_0521600	-0.10427401435461556	-0.06725948828111956	0.9485604209872378	0.9994495031292484
PF3D7_0521700	0.14040663255508265	0.5213524135137139	0.6207970316362328	0.9994495031292484
PF3D7_0521800	-0.3524434773697675	-0.6315363100908803	0.550976582716122	0.9994495031292484
PF3D7_0521900	0.5260951429682853	1.4224088259167587	0.2047509046614824	0.9994495031292484
PF3D7_0522000	0.40963430385831934	0.6499536223098736	0.5397939531695415	0.9994495031292484
PF3D7_0522100	0.4909822564265679	0.981904698777895	0.3640665256080968	0.9994495031292484
PF3D7_0522200	0.5348065887724796	0.5998750054164649	0.570534301354839	0.9994495031292484
PF3D7_0522300	-0.577731317775611	-0.890415266949018	0.40752611233562086	0.9994495031292484
PF3D7_0522400	-0.12082545766884496	-0.2638791134651065	0.8007022917875561	0.9994495031292484
PF3D7_0522500	-0.8408849962827395	-1.1664693130563275	0.2876866005487066	0.9994495031292484
PF3D7_0522600	0.2712795221638737	0.8421665068939932	0.43197586292386825	0.9994495031292484
PF3D7_0522700	0.2622403074634235	0.4124561668581315	0.694337295188402	0.9994495031292484
PF3D7_0522800	-0.6113714135793488	-1.2525061629998875	0.2569916588679317	0.9994495031292484
PF3D7_0522900	-0.32197185813979945	-0.3803505356819609	0.7167861598953611	0.9994495031292484
PF3D7_0523000	0.13030710721770541	0.2812259073180657	0.7879838000572987	0.9994495031292484
PF3D7_0523100	0.16069655243879635	0.3922816246846652	0.7084058951997352	0.9994495031292484
PF3D7_0523200	-0.4591757292931799	-1.116112164331338	0.3070679057211007	0.9994495031292484
PF3D7_0523300	-1.061865295559591	-1.4165004118065718	0.20639259968656015	0.9994495031292484
PF3D7_0523400	-0.38563476021493115	-3.9499068435929754	0.007538445599799557	0.9994495031292484
PF3D7_0523500	0.47426983211403567	0.6093778615314479	0.5646203599316377	0.9994495031292484
PF3D7_0523600	-0.8755152650298086	-1.810728205913037	0.12015373477311816	0.9994495031292484
PF3D7_0523700	-0.021430782868622315	-0.04784291191887763	0.9633941904709937	0.9994495031292484
PF3D7_0523800	0.10006359258597	0.21320991067701656	0.8382231409995397	0.9994495031292484
PF3D7_0523900	-0.6487788233970793	-0.7868995193882532	0.4612824047844384	0.9994495031292484
PF3D7_0524000	0.62887367795268	1.1935816802155281	0.27768959944937044	0.9994495031292484
PF3D7_0524100	-0.2622519660745386	-0.8848416508151894	0.4102963791470115	0.9994495031292484
PF3D7_0524200	-0.6375925782225319	-0.7616297239942069	0.47514259494076716	0.9994495031292484
PF3D7_0524300	-0.3286785376730279	-1.3682796667737038	0.22024742107731485	0.9994495031292484
PF3D7_0524400	-0.07043823430087243	-0.2547693658589936	0.807408675942787	0.9994495031292484
PF3D7_0524500	0.2129645075370876	0.33298063108742865	0.7504760854582152	0.9994495031292484
PF3D7_0524600	0.322058359536182	1.8010018619052985	0.12178333277800629	0.9994495031292484
PF3D7_0524700	-0.8883791341501257	-1.1325233317124717	0.30063417593840247	0.9994495031292484
PF3D7_0524800	0.2504203106466887	0.7459615239275588	0.48388053333968883	0.9994495031292484
PF3D7_0524900	-0.16608742407659619	-0.3337008103936706	0.7499591053928161	0.9994495031292484
PF3D7_0525000	0.08857625216122396	0.1345960244496489	0.8973328331723147	0.9994495031292484
PF3D7_0525100	0.3807622784532171	0.8102012419171536	0.4487572259271351	0.9994495031292484
PF3D7_0525200	-0.2135286652835644	-0.4645055217974023	0.658662871587801	0.9994495031292484
PF3D7_0525300	0.11037218322472384	0.10900039312148374	0.9167561956461179	0.9994495031292484
PF3D7_0525400	0.41226688483634766	1.9343289370251104	0.10123476419010824	0.9994495031292484
PF3D7_0525500	0.7173337508028358	0.8582717208006424	0.42369683606935055	0.9994495031292484
PF3D7_0525600	-0.6894390804820302	-1.561290080275134	0.16947849866568235	0.9994495031292484
PF3D7_0525700	-1.1449666969487602	-1.6579531028114871	0.14840098601473398	0.9994495031292484
PF3D7_0525800	-0.3848009270594908	-0.5720437487139189	0.5880676525475536	0.9994495031292484
PF3D7_0525900	-0.8942417593564276	-0.9891455429679695	0.36078817772303196	0.9994495031292484
PF3D7_0526000	0.5353410527096539	1.3698960813572072	0.21976962083161108	0.9994495031292484
PF3D7_0526100	-0.16000061968923138	-0.1609166436504865	0.8774404497362436	0.9994495031292484
PF3D7_0526200	-0.4552042468779101	-2.5509059633487925	0.04343755132365461	0.9994495031292484
PF3D7_0526300	-0.04517604918324441	-0.21536804489113895	0.8366146632628484	0.9994495031292484
PF3D7_0526400	0.15091422193555562	0.21575826165588605	0.8363239231726111	0.9994495031292484
PF3D7_0526500	-0.43097982850441346	-0.8605372823332088	0.42254167537249493	0.9994495031292484
PF3D7_0526600	-0.39834316711184153	-0.7160407628588406	0.5008712522200434	0.9994495031292484
PF3D7_0526700	-0.28545760550478533	-0.843780602209018	0.43114080141800754	0.9994495031292484
PF3D7_0526800	-0.35318308067290566	-1.6912905121710295	0.14173330590893715	0.9994495031292484
PF3D7_0526900	-0.20562957905904258	-0.608057642306881	0.5654397389497569	0.9994495031292484
PF3D7_0527000	0.6858170556563028	1.1358220857857435	0.29935473440027105	0.9994495031292484
PF3D7_0527100	-0.6235494823779043	-0.9874178926611167	0.36156825125885367	0.9994495031292484
PF3D7_0527200	-0.14265331345906818	-0.30602449105075247	0.7699264078810406	0.9994495031292484
PF3D7_0527300	-0.25698304540681155	-0.953150338295729	0.37731775537692586	0.9994495031292484
PF3D7_0527400	0.1387756060966125	0.18158754719184533	0.8618856331407789	0.9994495031292484
PF3D7_0527500	0.8240985997278494	1.3444436079168705	0.2274030589017551	0.9994495031292484
PF3D7_0527600	-0.4110638571680309	-1.2305033251612338	0.2645577562360785	0.9994495031292484
PF3D7_0527900	-0.7689962468645541	-1.2075088793220115	0.272671392338586	0.9994495031292484
PF3D7_0528000	0.2755540366065258	0.26884905200579295	0.7970513296597393	0.9994495031292484
PF3D7_0528100	-0.0417043182230867	-0.08126259501688055	0.9378760367031538	0.9994495031292484
PF3D7_0528200	0.24971339652810362	0.6603156563244305	0.5335659390819505	0.9994495031292484
PF3D7_0528300	-0.03192380684571133	-0.050325320787295284	0.9614966607012585	0.9994495031292484
PF3D7_0528400	-0.14198279132826366	-0.5609598973539536	0.5951375369584322	0.9994495031292484
PF3D7_0528500	-0.7417681885674531	-1.4129573422850454	0.2073828455341732	0.9994495031292484
PF3D7_0528600	-0.2792433024516032	-0.36380880986167086	0.7284765088482045	0.9994495031292484
PF3D7_0528700	-0.6322926889332544	-1.422978455899421	0.20459326379430204	0.9994495031292484
PF3D7_0528800	0.4769186113264293	1.3965702217394282	0.21201964012962388	0.9994495031292484
PF3D7_0528900	-0.13071999573588355	-0.13025091626299512	0.9006250603569075	0.9994495031292484
PF3D7_0529000	0.033836820494641276	0.09075703376909229	0.9306396777751926	0.9994495031292484
PF3D7_0529100	-0.3518742053794118	-0.5793889285224602	0.583409690817347	0.9994495031292484
PF3D7_0529200	-0.0035232629868876117	-0.007506714994438361	0.9942539312785847	0.9994495031292484
PF3D7_0529300	-0.8738610245438555	-1.5127647577514474	0.1811012915393574	0.9994495031292484
PF3D7_0529400	0.07022099129768443	0.10543048107246478	0.9194705936186226	0.9994495031292484
PF3D7_0529500	-0.7811854603963497	-1.1672045266022313	0.287411504287459	0.9994495031292484
PF3D7_0529600	-0.37949364536607344	-1.000000000000001	0.3559176837495817	0.9994495031292484
PF3D7_0529700	0.21827453171235864	0.3113360756376034	0.7660787191456653	0.9994495031292484
PF3D7_0529800	0.6637038726269577	1.023184350416926	0.3456905331556447	0.9994495031292484
PF3D7_0529900	-0.039321487575769136	-0.0593561880104741	0.9545959842679038	0.9994495031292484
PF3D7_0530000	-0.5059929504625731	-1.1472128893611515	0.294972019135036	0.9994495031292484
PF3D7_0530100	-0.1723093840651965	-0.4728537140700695	0.6530282714753515	0.9994495031292484
PF3D7_0530200	0.006144840901554007	0.016206783598270522	0.9875948991238921	0.9994495031292484
PF3D7_0530300	0.13910647134177054	0.2147440357882815	0.8370796545501619	0.9994495031292484
PF3D7_0530400	-0.5366227437889767	-1.0925214271102501	0.31651772302024006	0.9994495031292484
PF3D7_0530500	-1.1999173240722187	-1.0226391115781839	0.34592830882496434	0.9994495031292484
PF3D7_0530600	0.3017536723230952	0.6559083135697839	0.5362093090440334	0.9994495031292484
PF3D7_0530700	0.07537786185747318	0.14140976433563432	0.8921746933629936	0.9994495031292484
PF3D7_0530750	-0.606658205206577	-0.6404932463524445	0.5455201097846476	0.9994495031292484
PF3D7_0530800	-0.9865120288865207	-1.6129454102673104	0.15788308855022534	0.9994495031292484
PF3D7_0530900	0.49210946530421784	0.6544540111915997	0.5370833780132036	0.9994495031292484
PF3D7_0531000	0.1446173020757152	0.3592837229134849	0.7316886342325452	0.9994495031292484
PF3D7_0531100	0.34211327402597097	0.4558838518926419	0.6645079365239402	0.9994495031292484
PF3D7_0531200	0.14076313953778422	0.27827686432302795	0.7901410889198641	0.9994495031292484
PF3D7_0531300	-0.12516860614378852	-0.20331237004298397	0.8456107273629798	0.9994495031292484
PF3D7_0531400	0.08263746357549623	0.17797560923587377	0.8645989429582153	0.9994495031292484
PF3D7_0531500	-1.992210603898873	-1.9197952960127818	0.10329544328529888	0.9994495031292484
PF3D7_0531600	-2.3620762907043003	-1.7947147306904756	0.1228482723084982	0.9994495031292484
PF3D7_0532000	-2.1945676215779124	-1.444152924759501	0.19881195173820984	0.9994495031292484
PF3D7_0532100	-0.5294714666457084	-1.705322980807429	0.13901422257332774	0.9994495031292484
PF3D7_0532200	-0.31555669441657846	-0.7229799947711993	0.49689533807300146	0.9994495031292484
PF3D7_0532300	0.06149868251392007	0.14510898750713142	0.8893767079589858	0.9994495031292484
PF3D7_0533100	-0.8160348526866236	-1.830323513669401	0.11693570183218249	0.9994495031292484
PF3D7_0600200	-0.5522685281277993	-0.566992710427069	0.5912833821764626	0.9994495031292484
PF3D7_0600300	-0.14297920819143276	-0.21528676280488404	0.8366752279361662	0.9994495031292484
PF3D7_0600500	1.0713911210457183	1.8663525425110616	0.11123986552360578	0.9994495031292484
PF3D7_0600600	0.015660542058825416	0.01702745525031692	0.9869668044475637	0.9994495031292484
PF3D7_0600700	0.8544817825275562	1.1517238660937512	0.2932514513774844	0.9994495031292484
PF3D7_0600800	0.13981335894145006	0.23134167094812236	0.8247368068273354	0.9994495031292484
PF3D7_0600900	-1.5139318074560497	-2.066181302844034	0.08433190964186164	0.9994495031292484
PF3D7_0601200	-1.581749774840867	-1.352365304767954	0.22500200620832536	0.9994495031292484
PF3D7_0601400	0.5486558753034835	1.000000000000001	0.3559176837495817	0.9994495031292484
PF3D7_0601500	-0.3724255570912327	-0.6581347792283375	0.5348729101092239	0.9994495031292484
PF3D7_0601600	-1.9246386091878251	-2.075267938423986	0.08327820887973152	0.9994495031292484
PF3D7_0601700	0.027337485977502397	0.06766458704010464	0.9482511536765157	0.9994495031292484
PF3D7_0601800	-0.17759306862921836	-0.29197542209137484	0.7801378716543848	0.9994495031292484
PF3D7_0601900	-0.3665177070522715	-0.9326349076218228	0.38700008814699954	0.9994495031292484
PF3D7_0602000	-0.746113038407397	-2.11700581318998	0.07860800177992344	0.9994495031292484
PF3D7_0602100	0.026065287591386453	0.04292511779446402	0.9671540685979945	0.9994495031292484
PF3D7_0602200	-0.07447514927919838	-0.23127268689414832	0.8247879962305406	0.9994495031292484
PF3D7_0602300	0.5071817001179806	0.5375404890703869	0.6102358517195163	0.9994495031292484
PF3D7_0602400	-0.7958887255351398	-1.35526126155358	0.2241299678285704	0.9994495031292484
PF3D7_0602500	-0.17057721478176993	-0.472190452732987	0.6534750298560115	0.9994495031292484
PF3D7_0602600	0.3483458805327933	1.1044309908668546	0.31171723779108235	0.9994495031292484
PF3D7_0602700	-1.3282855118404695	-0.9880653758075022	0.36127574127462053	0.9994495031292484
PF3D7_0602800	-0.07032602910587885	-0.12180788929664393	0.9070283595720284	0.9994495031292484
PF3D7_0602900	-0.35734584979265444	-1.7859826841276392	0.12434255402947339	0.9994495031292484
PF3D7_0603000	0.6160058298252613	1.546538950727925	0.17293517907320916	0.9994495031292484
PF3D7_0603100	0.4677019296151136	0.7289803479237654	0.49347457492169877	0.9994495031292484
PF3D7_0603200	-0.3933523172058983	-1.756766658912378	0.12947306244170012	0.9994495031292484
PF3D7_0603300	-0.14423105571571188	-0.73263630581529	0.49139817795852647	0.9994495031292484
PF3D7_0603400	0.20899070955378876	0.5765433030133963	0.5852116656387238	0.9994495031292484
PF3D7_0603500	-0.07399460745741578	-0.10435571274165518	0.9202880332030983	0.9994495031292484
PF3D7_0603600	0.08099966844103225	0.14742007507766253	0.8876295513695014	0.9994495031292484
PF3D7_0603700	0.6705786937593288	1.3028401705532733	0.2403945752546018	0.9994495031292484
PF3D7_0603800	-0.2718982143001521	-0.6902491722658487	0.515834967602278	0.9994495031292484
PF3D7_0603900	-0.759626746816801	-0.9191155878280934	0.3934847369402482	0.9994495031292484
PF3D7_0604000	-0.23089429320871468	-0.3232175776631171	0.7574983918268474	0.9994495031292484
PF3D7_0604100	0.656171087935515	1.2099680335343448	0.2717934998910282	0.9994495031292484
PF3D7_0604200	-0.8704454594520844	-3.1966486319938423	0.01867887791464317	0.9994495031292484
PF3D7_0604300	-0.5270346506672855	-1.5015778731623421	0.18388491205266516	0.9994495031292484
PF3D7_0604400	0.3049487913739737	0.2611202162979098	0.8027313940603611	0.9994495031292484
PF3D7_0604500	0.9122650107721992	1.37140318395797	0.2193249786208655	0.9994495031292484
PF3D7_0604600	-0.004879494786765665	-0.01240056474461883	0.9905080787660363	0.9994495031292484
PF3D7_0604700	-0.5047224575660616	-0.885047314582205	0.41019390647779264	0.9994495031292484
PF3D7_0604800	0.008169339435923038	0.014547578382058354	0.9888647882093845	0.9994495031292484
PF3D7_0604900	-0.9423682276321659	-1.4485103463329734	0.19764107040988207	0.9994495031292484
PF3D7_0605000	-0.698292695954346	-1.5167009160193041	0.1801312783017421	0.9994495031292484
PF3D7_0605100	0.16811706053569433	0.4884085989655146	0.6425963363135262	0.9994495031292484
PF3D7_0605200	-0.8002345250497153	-1.6032279334418653	0.16000512559801275	0.9994495031292484
PF3D7_0605300	-0.23676788686418968	-0.5500221948070337	0.6021621348971965	0.9994495031292484
PF3D7_0605400	0.8175340134511301	1.5929060709946832	0.1622889131803745	0.9994495031292484
PF3D7_0605500	-0.13493478465368314	-0.2653683783627475	0.7996076801181929	0.9994495031292484
PF3D7_0605600	-1.1343709113674607	-1.443870126566274	0.19888816310386315	0.9994495031292484
PF3D7_0605700	-0.3077865631283763	-0.44321221383519654	0.6731457018177873	0.9994495031292484
PF3D7_0605800	0.20216559399238632	0.4645698798473138	0.6586193385030532	0.9994495031292484
PF3D7_0605900	-0.46559994767334295	-1.0605627811706397	0.3297027343028162	0.9994495031292484
PF3D7_0606000	-0.17448485107662695	-0.28224455729550213	0.7872391130400404	0.9994495031292484
PF3D7_0606100	-0.9112854834050983	-1.4313694588275956	0.2022839952986773	0.9994495031292484
PF3D7_0606200	-0.9813908777090455	-1.3497237499126171	0.22580010592070213	0.9994495031292484
PF3D7_0606300	0.5902269329989656	0.416537089948535	0.6915074030237405	0.9994495031292484
PF3D7_0606400	0.1806130291613154	0.1624515810425455	0.87628325102864	0.9994495031292484
PF3D7_0606500	0.08543334494321646	0.14560492661483868	0.8890017257159346	0.9994495031292484
PF3D7_0606600	-0.06721593345137107	-0.09801122155782055	0.9251156202937723	0.9994495031292484
PF3D7_0606700	0.19089760005468437	0.37013961402555035	0.7239927318974897	0.9994495031292484
PF3D7_0606800	0.20843664778625898	0.2527537341353146	0.8088949878839244	0.9994495031292484
PF3D7_0606900	0.4840999599511219	0.6128010941827948	0.562499143539406	0.9994495031292484
PF3D7_0607000	-0.14632705140257132	-0.2648072422286687	0.8000200574989591	0.9994495031292484
PF3D7_0607100	-1.6282456806590884	-1.894347099935008	0.10700522579737339	0.9994495031292484
PF3D7_0607200	0.20566882120917668	0.7738022401828729	0.4684302064253357	0.9994495031292484
PF3D7_0607300	-0.010236290092002847	-0.041977211830560544	0.9678788956782576	0.9994495031292484
PF3D7_0607400	-0.49652725493827254	-1.186421318641055	0.28030040996850347	0.9994495031292484
PF3D7_0607500	0.1989782644872084	0.5891946589140468	0.5772254455504748	0.9994495031292484
PF3D7_0607600	-0.2075314099466475	-0.5170524781836514	0.6236192088907921	0.9994495031292484
PF3D7_0607700	0.7941959470671869	1.0705835335260647	0.3255207523246243	0.9994495031292484
PF3D7_0607800	-0.30812092313306666	-1.091588278824267	0.31689643447062654	0.9994495031292484
PF3D7_0607900	-0.8960760925605168	-2.7342652791395317	0.03399316232451537	0.9994495031292484
PF3D7_0608000	-0.5827599389289867	-1.4582426947288576	0.1950488613327395	0.9994495031292484
PF3D7_0608100	-0.4131270180465957	-0.7979003906968175	0.45533857339535944	0.9994495031292484
PF3D7_0608200	-0.34940756713603655	-0.44324747747955445	0.6731215871529095	0.9994495031292484
PF3D7_0608300	0.464915061600541	1.8051671125292537	0.12108281749425172	0.9994495031292484
PF3D7_0608310	1.0102929634849516	1.3762365280269735	0.21790448823379335	0.9994495031292484
PF3D7_0608400	-0.8876732103202567	-1.0327443307653565	0.3415428602484944	0.9994495031292484
PF3D7_0608500	-0.19663471129867693	-0.4004328288991022	0.7027060999771424	0.9994495031292484
PF3D7_0608600	0.19699459059716715	0.42590619404428975	0.6850311335579092	0.9994495031292484
PF3D7_0608700	0.36724088627919577	0.7873744870680303	0.4610246471797961	0.9994495031292484
PF3D7_0608800	0.3519254560113636	0.6223870603002961	0.5565851773693457	0.9994495031292484
PF3D7_0608900	0.23105035511269081	0.7511807426931228	0.4809576341144056	0.9994495031292484
PF3D7_0609000	0.3764590695117308	0.5974298878092315	0.5720620112926689	0.9994495031292484
PF3D7_0609100	-0.4706541392502377	-1.0987360771874068	0.31400512297422656	0.9994495031292484
PF3D7_0609200	-0.20070724458492697	-0.3806841386916521	0.7165512455864864	0.9994495031292484
PF3D7_0609300	0.3858852838642592	0.8847641206501424	0.4103350138098967	0.9994495031292484
PF3D7_0609400	0.08354800587671257	0.1886804265045266	0.8565634618304101	0.9994495031292484
PF3D7_0609500	-0.27702881979455923	-0.3680909720505057	0.7254423757862234	0.9994495031292484
PF3D7_0609600	-0.5566276158454443	-0.5886352366626347	0.5775772067436855	0.9994495031292484
PF3D7_0609700	-0.11690136017501714	-0.18571618342878515	0.8587867068080306	0.9994495031292484
PF3D7_0609800	-0.6508221815199912	-0.9300303250334965	0.3882429541188651	0.9994495031292484
PF3D7_0609900	-0.4865580658542512	-0.7998718125974597	0.45427918777621	0.9994495031292484
PF3D7_0610000	-0.23209694299967987	-0.609769026557594	0.5643777268020971	0.9994495031292484
PF3D7_0610100	-0.15877884328537947	-0.5298868030904363	0.6152165782010989	0.9994495031292484
PF3D7_0610200	0.4941368784182788	1.0503276412757314	0.3340195014406285	0.9994495031292484
PF3D7_0610300	-0.20532179041777995	-0.33933610223242916	0.7459187491033565	0.9994495031292484
PF3D7_0610400	-0.38083899146685724	-0.3944781783456194	0.7068678791741221	0.9994495031292484
PF3D7_0610500	-0.13812363912535294	-0.20335936196191012	0.8455756109334447	0.9994495031292484
PF3D7_0610600	-0.7886384622491395	-1.9335709006216601	0.1013412185439641	0.9994495031292484
PF3D7_0610700	0.7683848479437567	1.3050801295229688	0.23967857030279172	0.9994495031292484
PF3D7_0610800	-0.18070481443025102	-0.372171673515264	0.7225560600613588	0.9994495031292484
PF3D7_0610900	0.5189671345664606	1.1260969301780774	0.3031399186755137	0.9994495031292484
PF3D7_0611000	0.33027738714419813	0.30951580134317197	0.767396501294648	0.9994495031292484
PF3D7_0611100	-0.5216418037628148	-0.7326932198765845	0.49136590067667474	0.9994495031292484
PF3D7_0611200	-0.34322652988058155	-0.8441140044432038	0.43096846154670554	0.9994495031292484
PF3D7_0611300	-0.30667358190663885	-0.5455064795272588	0.6050760599302023	0.9994495031292484
PF3D7_0611400	0.6405486893560787	1.022993730886959	0.3457736463101279	0.9994495031292484
PF3D7_0611500	0.08539872707849178	0.12655071182309366	0.903430365326573	0.9994495031292484
PF3D7_0611600	0.6611852680057708	1.4534021198484144	0.1963341928110479	0.9994495031292484
PF3D7_0611700	-1.474121513354369	-1.775707114114516	0.12612385738210638	0.9994495031292484
PF3D7_0611800	0.11157367585909576	0.21681313703548172	0.8355381056755706	0.9994495031292484
PF3D7_0611900	-0.24003250935463136	-0.4661981311872821	0.6575184444374846	0.9994495031292484
PF3D7_0612000	-0.8128587948254571	-1.7131143990734368	0.1375263942626217	0.9994495031292484
PF3D7_0612100	0.7069512656442205	1.5630483100363224	0.16907086967911714	0.9994495031292484
PF3D7_0612200	0.19547541929928264	0.37818201159992393	0.7183140032767885	0.9994495031292484
PF3D7_0612300	0.2818894155072248	0.26865221250597915	0.7971958234904015	0.9994495031292484
PF3D7_0612400	-0.03187300012782245	-0.05373793871311068	0.9588885419367583	0.9994495031292484
PF3D7_0612500	-0.19349269891360182	-0.7557165404096193	0.4784273718166805	0.9994495031292484
PF3D7_0612600	0.27954568413908504	1.3441129865345813	0.22750376944822462	0.9994495031292484
PF3D7_0612700	0.5809830938243716	0.7594376210448444	0.4763584794635961	0.9994495031292484
PF3D7_0612800	-0.6273936342568238	-0.7172331058876933	0.5001865688392975	0.9994495031292484
PF3D7_0612900	0.10208008666331109	0.17179880557339347	0.8692436664994643	0.9994495031292484
PF3D7_0613000	-0.49922264966909696	-0.5527067263349281	0.6004336480989406	0.9994495031292484
PF3D7_0613100	-0.2828970462536889	-0.51791242390848	0.6230542381072866	0.9994495031292484
PF3D7_0613200	-0.46179878796799884	-0.7140310091700759	0.5020267427597992	0.9994495031292484
PF3D7_0613300	0.9995600234736707	1.9707546547046833	0.0962494844308907	0.9994495031292484
PF3D7_0613400	-0.5711540366143582	-0.7990454032219848	0.4547230623027432	0.9994495031292484
PF3D7_0613500	0.26283947038895233	0.5551487442328035	0.5988637790355382	0.9994495031292484
PF3D7_0613600	0.22929725211495985	0.4041318574628525	0.7001264651420512	0.9994495031292484
PF3D7_0613700	0.04235616449667005	0.14475410892414708	0.8896450528397961	0.9994495031292484
PF3D7_0613800	0.313967730812535	0.5863245678754013	0.5790314940046437	0.9994495031292484
PF3D7_0613900	-0.6093306325149537	-0.6357792790428073	0.5483875751120161	0.9994495031292484
PF3D7_0614000	-0.29426602214459785	-0.9997537676703585	0.3560275869713645	0.9994495031292484
PF3D7_0614100	-0.01663099868679999	-0.024866763641536185	0.9809676375557355	0.9994495031292484
PF3D7_0614200	0.24139292805617718	0.7683697830710035	0.4714176361323388	0.9994495031292484
PF3D7_0614300	0.07772053512196064	0.12512274795181447	0.904513385444911	0.9994495031292484
PF3D7_0614400	-0.23080698610347508	-1.0502173078173977	0.33406628577310205	0.9994495031292484
PF3D7_0614500	-0.14781977175295608	-0.34447740616084593	0.7422402728319905	0.9994495031292484
PF3D7_0614600	-0.4404805394218139	-0.41073567762650476	0.69553198159988	0.9994495031292484
PF3D7_0614700	-0.2757117962658614	-0.8677710963035051	0.41886895058995566	0.9994495031292484
PF3D7_0614800	-0.5184535365600001	-2.6246917596717925	0.03933822089801722	0.9994495031292484
PF3D7_0614900	0.30973076295944946	0.7839286675432748	0.4628969516852304	0.9994495031292484
PF3D7_0615000	-0.1612743238231352	-0.3278391756773372	0.7541709857665955	0.9994495031292484
PF3D7_0615100	-0.3467190063314319	-0.317455259810545	0.7616550627292077	0.9994495031292484
PF3D7_0615200	-1.0084456474292722	-3.764836515583072	0.009345242873171402	0.9994495031292484
PF3D7_0615300	0.33755779560437266	1.4165622674637846	0.20637535031078602	0.9994495031292484
PF3D7_0615400	0.04266493468233525	0.06652540817548076	0.9491208697623427	0.9994495031292484
PF3D7_0615500	0.3543637555855015	1.1417123372203355	0.2970815870271577	0.9994495031292484
PF3D7_0615600	0.2366735505956106	0.43534603929027527	0.678535496472868	0.9994495031292484
PF3D7_0615700	-0.6243776763944835	-1.2467293994974968	0.2589595600118282	0.9994495031292484
PF3D7_0615800	-0.15256676009372216	-0.29362951210856075	0.7789330606880371	0.9994495031292484
PF3D7_0615900	-0.04647520318340015	-0.10646037637846247	0.9186873844200808	0.9994495031292484
PF3D7_0616000	0.008042515157212089	0.021947186925054898	0.9832017579045191	0.9994495031292484
PF3D7_0616100	-0.6031315996711304	-2.034820859999599	0.0880738001037012	0.9994495031292484
PF3D7_0616200	0.16357675771575284	0.5906543068193044	0.5763082302562487	0.9994495031292484
PF3D7_0616300	-0.10544549828919306	-0.45428005833824686	0.6655981033292977	0.9994495031292484
PF3D7_0616400	0.319498711436416	0.670524141906984	0.5274753661842105	0.9994495031292484
PF3D7_0616500	-0.2445550423650318	-0.3010560710943516	0.7735320211015464	0.9994495031292484
PF3D7_0616600	-0.5630750536332481	-1.805461179389467	0.12103351139037391	0.9994495031292484
PF3D7_0616700	0.24177945129638698	0.6807721678975175	0.5214065449171171	0.9994495031292484
PF3D7_0616800	0.038203474210852226	0.1826391071724616	0.8610960810750217	0.9994495031292484
PF3D7_0616900	0.25590118498976155	0.723002708047752	0.4968823592576753	0.9994495031292484
PF3D7_0617000	-0.40117716552727983	-0.8417696449238026	0.4321813632767973	0.9994495031292484
PF3D7_0617100	-0.2848146764895945	-0.6919936978182757	0.5148136250271748	0.9994495031292484
PF3D7_0617200	0.6050359728593956	1.0632097078507516	0.3285938279809374	0.9994495031292484
PF3D7_0617300	-0.9671587615748463	-1.2545309146255665	0.256305019822913	0.9994495031292484
PF3D7_0617400	-1.1468449089365442	-2.6489962284742394	0.0380796626635773	0.9994495031292484
PF3D7_0617500	-0.4455903007764181	-0.5423991407217947	0.607085822940279	0.9994495031292484
PF3D7_0617600	-0.35747411484046454	-0.9838490808702945	0.3631838842853951	0.9994495031292484
PF3D7_0617700	-0.20187105167382327	-0.25243717958696166	0.8091284924727176	0.9994495031292484
PF3D7_0617800	-0.5491384468622681	-0.7722575350119893	0.46927832268961156	0.9994495031292484
PF3D7_0617900	-0.3218573101084266	-0.7350068037799685	0.4900550341603026	0.9994495031292484
PF3D7_0618000	0.2920325483691767	0.5247744267545452	0.6185560989742465	0.9994495031292484
PF3D7_0618100	0.09292691384004072	0.2049966809081357	0.8443523078750543	0.9994495031292484
PF3D7_0618200	-0.25405500403622017	-0.45699988131807706	0.6637498537528292	0.9994495031292484
PF3D7_0618300	-0.4137106717640997	-0.5645421296223365	0.5928472206671517	0.9994495031292484
PF3D7_0618400	0.6074499529862185	0.6989004691892482	0.5107830954378928	0.9994495031292484
PF3D7_0618500	0.15537706469816923	0.4201350585739749	0.6890169314887262	0.9994495031292484
PF3D7_0618600	-0.2209025771921208	-0.23806918684520711	0.8197492527087669	0.9994495031292484
PF3D7_0618700	0.41453609746011566	0.7603182621323825	0.4758697587709415	0.9994495031292484
PF3D7_0618800	-0.7642460778252761	-1.5423438836557721	0.1739303080170267	0.9994495031292484
PF3D7_0618900	0.28991287237794333	1.1383001342659553	0.29839663113645665	0.9994495031292484
PF3D7_0619000	-0.03579455546842817	-0.049679232493044345	0.9619904983984957	0.9994495031292484
PF3D7_0619100	-0.5364883277874911	-1.2748591897864525	0.24950009344226864	0.9994495031292484
PF3D7_0619200	-0.08422498682772538	-0.18285437749194752	0.8609344694208989	0.9994495031292484
PF3D7_0619300	0.06363067749642676	0.12286813628125323	0.9062238230230129	0.9994495031292484
PF3D7_0619400	0.242103370158042	0.5176681418283363	0.6232146990283547	0.9994495031292484
PF3D7_0619500	0.47614193514832914	0.9500219295863791	0.3787819271457983	0.9994495031292484
PF3D7_0619600	0.210375985346706	0.49688486683953	0.6369488533977218	0.9994495031292484
PF3D7_0619700	-0.15687602314588855	-0.4674992155348692	0.656639430565354	0.9994495031292484
PF3D7_0619800	-0.040777224734906664	-0.13200960600983727	0.8992922607564722	0.9994495031292484
PF3D7_0619900	0.1524863653394717	0.39964702304477273	0.7032546672557818	0.9994495031292484
PF3D7_0620000	-0.9618984084739625	-0.859965955390665	0.4228327622867485	0.9994495031292484
PF3D7_0620100	-0.24831169283933463	-0.3224914160632313	0.7580217258020484	0.9994495031292484
PF3D7_0620200	-0.032468628352512824	-0.021814826537715094	0.9833030469288406	0.9994495031292484
PF3D7_0620300	0.6984158434309405	1.0213220193788943	0.3465032291043732	0.9994495031292484
PF3D7_0620400	0.5753479658469023	0.8928489024841435	0.4063209495450373	0.9994495031292484
PF3D7_0620500	-0.4098115682826869	-1.6986423566228595	0.14030236620330722	0.9994495031292484
PF3D7_0620600	-0.3054966043292758	-0.3056840990545422	0.7701732326959877	0.9994495031292484
PF3D7_0620700	0.008389296789541957	0.010834282604000272	0.9917069192483479	0.9994495031292484
PF3D7_0620800	-0.0903157149716552	-0.11501961134541827	0.91218226199973	0.9994495031292484
PF3D7_0620900	0.5780498069330516	0.5181670501380473	0.6228870065819618	0.9994495031292484
PF3D7_0621000	-0.6535905909901362	-2.004262793463548	0.09188199207280336	0.9994495031292484
PF3D7_0621100	0.5054857036866495	0.9788803257528689	0.3654427925996227	0.9994495031292484
PF3D7_0621200	0.7465666394449731	1.4958838407670165	0.18531706113487303	0.9994495031292484
PF3D7_0621300	0.38417290653022085	1.381877419330677	0.2162572265692953	0.9994495031292484
PF3D7_0621350	0.09949424747875582	0.14024646781641903	0.8930549311009084	0.9994495031292484
PF3D7_0621400	1.0878705672005535	1.3687597891059309	0.2201054023096356	0.9994495031292484
PF3D7_0621500	-0.5025523276541933	-0.7860599712342529	0.46173826380519944	0.9994495031292484
PF3D7_0621600	-0.2790089561483913	-0.29963745914187184	0.7745626590228549	0.9994495031292484
PF3D7_0621700	0.14158372067790023	0.19867580125561524	0.8490774708422665	0.9994495031292484
PF3D7_0621800	-0.33909062186981453	-0.7271073995734137	0.49454061498347235	0.9994495031292484
PF3D7_0621900	0.24337398516327183	0.846505269572538	0.4297338682258952	0.9994495031292484
PF3D7_0622000	0.17982365504156764	0.3194414669994381	0.7602213110844427	0.9994495031292484
PF3D7_0622100	0.45916703491075667	1.1789339880523482	0.2830529478966477	0.9994495031292484
PF3D7_0622200	0.031861727331825095	0.10306438611807633	0.921270322259406	0.9994495031292484
PF3D7_0622300	-0.044881648859979466	-0.08577526259128868	0.9344357673167349	0.9994495031292484
PF3D7_0622400	0.1641939232994168	0.2887295820183284	0.7825040290848417	0.9994495031292484
PF3D7_0622500	0.6257604216657096	1.164044264339786	0.28859557735466673	0.9994495031292484
PF3D7_0622600	-0.5079989120527721	-0.6488898986111837	0.5404358973921934	0.9994495031292484
PF3D7_0622700	0.35620677467754097	0.38693162209199927	0.7121582377693237	0.9994495031292484
PF3D7_0622800	0.3232557961977993	0.49815935785715865	0.6361019907453545	0.9994495031292484
PF3D7_0622900	0.24323155897275292	0.7112435941530225	0.5036322963066813	0.9994495031292484
PF3D7_0623000	-0.6087266259835995	-3.0494764348818135	0.022527056515070892	0.9994495031292484
PF3D7_0623100	-0.151696428112456	-0.24186185292921272	0.8169415479643272	0.9994495031292484
PF3D7_0623200	-0.020511797693939734	-0.07895055331892017	0.93963921559299	0.9994495031292484
PF3D7_0623300	-0.361744075958616	-0.494598575167819	0.6384695343380489	0.9994495031292484
PF3D7_0623400	-0.21163452718436587	-0.6200086858051462	0.5580489073107051	0.9994495031292484
PF3D7_0623500	-0.42910509292883453	-0.575712206728716	0.585738569794437	0.9994495031292484
PF3D7_0623600	-0.4070692349181999	-0.47464244141940515	0.6518242096067333	0.9994495031292484
PF3D7_0623700	-0.3975671605066304	-0.7536787389690802	0.4795630045591256	0.9994495031292484
PF3D7_0623800	0.08371288256076916	0.14254368382232668	0.8913168465218546	0.9994495031292484
PF3D7_0623900	-0.09395334428503484	-0.18498121468060907	0.8593381694606881	0.9994495031292484
PF3D7_0624000	0.11723821758547646	0.1844068392270339	0.8597691961210217	0.9994495031292484
PF3D7_0624100	-0.3544822500045102	-1.6783300959673886	0.1442903533853019	0.9994495031292484
PF3D7_0624200	-0.36452627616311667	-1.8750118594667295	0.1099124831175087	0.9994495031292484
PF3D7_0624300	-0.4227613019280216	-1.4465099631639435	0.19817780016970082	0.9994495031292484
PF3D7_0624400	-0.31189438587856927	-1.1225566556548336	0.3045278037019005	0.9994495031292484
PF3D7_0624500	-0.45793207526305196	-0.8984823648748491	0.4035415320515234	0.9994495031292484
PF3D7_0624600	0.4643083927734948	0.6566564879444284	0.5357599924929048	0.9994495031292484
PF3D7_0624700	-0.46593313976717543	-0.8223428314920649	0.44232837593724084	0.9994495031292484
PF3D7_0624800	0.20078883206353396	0.5571307763124683	0.5975913499167733	0.9994495031292484
PF3D7_0624900	-0.47108427759574306	-2.1958629694872505	0.07050288514586693	0.9994495031292484
PF3D7_0625000	-0.7285970585460465	-1.7616823279303482	0.12859555566555692	0.9994495031292484
PF3D7_0625100	0.20387218058357462	0.15573527898431033	0.8813491469463286	0.9994495031292484
PF3D7_0625200	-0.18526409191217041	-0.37288435713320994	0.7220524837873592	0.9994495031292484
PF3D7_0625300	0.04563946731649104	0.11873932428366783	0.9093575256922745	0.9994495031292484
PF3D7_0625400	-0.37728994273097494	-0.38415414359472355	0.7141097804493639	0.9994495031292484
PF3D7_0625500	-0.19770135703940497	-0.38864300763778326	0.7109569522010715	0.9994495031292484
PF3D7_0625600	-0.26074710205561275	-0.581632606469672	0.5819912074299751	0.9994495031292484
PF3D7_0625700	0.9164160071455294	1.0376349219974115	0.33943665415955304	0.9994495031292484
PF3D7_0625800	-0.44208661615056605	-0.9425182052218726	0.38231187251156235	0.9994495031292484
PF3D7_0625900	-0.16216687746429545	-0.26711437439738683	0.7983250060038526	0.9994495031292484
PF3D7_0626000	0.42557047923287256	1.368641640496069	0.2201403426233184	0.9994495031292484
PF3D7_0626100	-0.2831707811440856	-1.119205793183684	0.305846342096497	0.9994495031292484
PF3D7_0626200	-0.1952710786706498	-0.2762602940394986	0.7916174294195939	0.9994495031292484
PF3D7_0626300	0.5817957650837813	1.599309235418859	0.16086853755702615	0.9994495031292484
PF3D7_0626400	0.23215122064620908	0.4487351195443132	0.6693741260352648	0.9994495031292484
PF3D7_0626500	0.3868321171956443	0.48107262792141153	0.6475053108171793	0.9994495031292484
PF3D7_0626600	-0.6012780984404402	-0.8680233528993603	0.41874130563611806	0.9994495031292484
PF3D7_0626700	-0.025329234230382573	-0.030084449503908876	0.9769754423781694	0.9994495031292484
PF3D7_0626800	0.22866927729753658	0.46891380979053177	0.6556844119953347	0.9994495031292484
PF3D7_0626900	-0.055543680209049255	-0.277995303930872	0.7903471634375622	0.9994495031292484
PF3D7_0627000	-0.22920542785821693	-0.2886190149977458	0.782584675506335	0.9994495031292484
PF3D7_0627100	-0.30643851621233326	-0.6645857482185022	0.5310128547002337	0.9994495031292484
PF3D7_0627200	-0.36983588196281925	-0.5628104538465251	0.5939537364809975	0.9994495031292484
PF3D7_0627300	-0.4559069244819386	-1.3453538533533498	0.22712599641590578	0.9994495031292484
PF3D7_0627400	-0.5172195348474996	-0.6270514989949029	0.5537214214774868	0.9994495031292484
PF3D7_0627500	-0.5168845548310702	-0.6454010167454093	0.5425447847699161	0.9994495031292484
PF3D7_0627600	-0.2184824492121089	-0.4283053208625955	0.6833774456963168	0.9994495031292484
PF3D7_0627700	0.14142511683182704	0.36556840431810944	0.7272290887685284	0.9994495031292484
PF3D7_0627800	-0.22910636551768843	-0.5588600604735969	0.5964824527190591	0.9994495031292484
PF3D7_0627900	0.018153101491243242	0.07707095778822554	0.9410728850129019	0.9994495031292484
PF3D7_0628000	-0.04968560630727238	-0.07306021793740637	0.9441328957566621	0.9994495031292484
PF3D7_0628100	0.03738458219400326	0.08790688688868979	0.9328112404649802	0.9994495031292484
PF3D7_0628200	0.1008922802997631	0.20644716601508484	0.8432689926417064	0.9994495031292484
PF3D7_0628300	-0.0341466473556071	-0.05788620360210101	0.9557189538574216	0.9994495031292484
PF3D7_0628400	-0.6933942012608352	-0.8539166037483762	0.42592397803921195	0.9994495031292484
PF3D7_0628500	-0.18662403677879874	-0.39461797409347016	0.7067700460822004	0.9994495031292484
PF3D7_0628600	-0.21318453074549085	-1.270109756182823	0.25107556671407705	0.9994495031292484
PF3D7_0628700	0.43414696754286797	1.259835478745411	0.25451375113862784	0.9994495031292484
PF3D7_0628800	-0.397321426989499	-0.5830447658612466	0.5810994685298454	0.9994495031292484
PF3D7_0628900	-0.03170672750430503	-0.0693428979125841	0.9469699752904205	0.9994495031292484
PF3D7_0629000	-0.11308546633285801	-0.08085711782882056	0.9381852287891346	0.9994495031292484
PF3D7_0629100	0.8113403933999263	2.926760926389462	0.02639804402307973	0.9994495031292484
PF3D7_0629200	0.6498147265956503	1.6130563036697254	0.15785902813989192	0.9994495031292484
PF3D7_0629300	-0.6009743175771047	-0.5589381867804993	0.5964323825359572	0.9994495031292484
PF3D7_0629400	0.2810473348733924	0.5544352042748603	0.599322239645137	0.9994495031292484
PF3D7_0629500	0.42793005772539	1.3019886218735441	0.24066727257029624	0.9994495031292484
PF3D7_0629600	0.15462846876486758	0.31939058100442297	0.7602580303475779	0.9994495031292484
PF3D7_0629700	0.28537160519118	0.5901901697544344	0.5765997908152938	0.9994495031292484
PF3D7_0629800	0.4082100816730953	0.8169682417657427	0.4451659140506083	0.9994495031292484
PF3D7_0629900	-0.6025994616230604	-1.2566391275593165	0.2555917881518011	0.9994495031292484
PF3D7_0630000	-0.17351282645181274	-0.22120167998014628	0.8322711537122975	0.9994495031292484
PF3D7_0630100	-0.337007518571459	-0.8144564463178492	0.4464965233963263	0.9994495031292484
PF3D7_0630200	1.5649914164882361	3.7474377988166956	0.009538505775204773	0.9994495031292484
PF3D7_0630300	0.13901598146696229	0.24854079920804234	0.8120043912261437	0.9994495031292484
PF3D7_0630400	0.797210850654485	1.0327196988444611	0.3415534950751424	0.9994495031292484
PF3D7_0630500	0.8151973131372167	0.9533601401474177	0.3772197210552149	0.9994495031292484
PF3D7_0630600	-0.06245152190459663	-0.26027472589771167	0.8033535702887109	0.9994495031292484
PF3D7_0630700	0.19758642006592772	0.3738104287997317	0.7213983572712168	0.9994495031292484
PF3D7_0630800	-0.06396708143675642	-0.14445835410675217	0.8898687029578505	0.9994495031292484
PF3D7_0630900	-0.0934685225818859	-0.1838224314946935	0.8602078056316103	0.9994495031292484
PF3D7_0631000	0.006712693228511021	0.009615346049280533	0.9926399162140183	0.9994495031292484
PF3D7_0631100	-0.49036924990596903	-0.5374995886598599	0.6102624078357767	0.9994495031292484
PF3D7_0631200	-0.37070534470455746	-1.000000000000002	0.35591768374958144	0.9994495031292484
PF3D7_0631400	2.5651959048037805	3.4707168286475936	0.013292166435267096	0.9994495031292484
PF3D7_0631500	0.7653936691870081	0.7614200525685262	0.47525879921121095	0.9994495031292484
PF3D7_0631800	0.34866465862624535	1.0000000000000009	0.3559176837495817	0.9994495031292484
PF3D7_0631900	0.02654150246774656	0.04379586629745681	0.9664882711407268	0.9994495031292484
PF3D7_0632000	-0.4080585600561713	-0.7337272027757601	0.4907797560144874	0.9994495031292484
PF3D7_0632100	0.754787748396244	1.2182798046077041	0.26884436952164115	0.9994495031292484
PF3D7_0632300	0.34866465862624535	1.0000000000000009	0.3559176837495817	0.9994495031292484
PF3D7_0632400	1.3945768263171332	2.5008528631623923	0.04647457934357058	0.9994495031292484
PF3D7_0632500	-1.6637281769581524	-1.6402806021821354	0.15205714969379747	0.9994495031292484
PF3D7_0632600	0.39373857932943135	0.5130809589294916	0.626232070886158	0.9994495031292484
PF3D7_0632700	-0.1780896695382734	-0.4424820892153063	0.6736450853401061	0.9994495031292484
PF3D7_0632800	-1.1127682135716508	-1.6716238690528757	0.1456309160919921	0.9994495031292484
PF3D7_0700100	-1.6933552852765266	-1.2643318129080883	0.2530040325410353	0.9994495031292484
PF3D7_0700200	-0.3891901114690878	-0.451625502418028	0.6674044863059432	0.9994495031292484
PF3D7_0700300	-0.055295987720582696	-0.11589332421833337	0.9115186395639037	0.9994495031292484
PF3D7_0700400	0.6292506399375417	1.3562857148789038	0.22382221276985342	0.9994495031292484
PF3D7_0700500	-0.23216963949500458	-0.2702513259408265	0.7960222188474929	0.9994495031292484
PF3D7_0700700	0.10423272164456032	0.18147581627888643	0.8619695353476664	0.9994495031292484
PF3D7_0700800	0.08858451711162169	0.09466336756391375	0.9276644600792255	0.9994495031292484
PF3D7_0700900	0.34866465862624535	1.0000000000000009	0.3559176837495817	0.9994495031292484
PF3D7_0701100	-0.5703491296957848	-0.47241902189709406	0.6533210528644953	0.9994495031292484
PF3D7_0701200	-0.38036152034230225	-0.6815504392992869	0.5209475203735187	0.9994495031292484
PF3D7_0701600	0.8259373308819487	1.0045376953919447	0.35389717291041106	0.9994495031292484
PF3D7_0701800	-1.2116770468949254	-2.0019710825153	0.09217421857841206	0.9994495031292484
PF3D7_0701900	-0.6968425736132738	-0.6385472199999973	0.5467027184251019	0.9994495031292484
PF3D7_0702000	0.10470833082032283	0.09598668978365724	0.9266568537070021	0.9994495031292484
PF3D7_0702100	-1.0007235294745433	-1.1399526613183113	0.29775914378384544	0.9994495031292484
PF3D7_0702200	-0.39710357078732866	-0.7752394425121324	0.4676420794223973	0.9994495031292484
PF3D7_0702300	0.42751814041827324	0.35560982833928473	0.734300935956433	0.9994495031292484
PF3D7_0702400	-0.23986026632518634	-0.5363887989927608	0.6109838778133504	0.9994495031292484
PF3D7_0702500	-0.498936766333152	-0.7219777090330134	0.49746829167389983	0.9994495031292484
PF3D7_0702600	0.7685392847404706	0.9290694825366488	0.3887022291234257	0.9994495031292484
PF3D7_0702900	-0.5572034683858027	-0.716467055848042	0.5006263882706348	0.9994495031292484
PF3D7_0703000	0.11897226613127135	0.384022727118588	0.714202176635194	0.9994495031292484
PF3D7_0703100	-0.29288049154936785	-0.4543093554959388	0.6655781807602452	0.9994495031292484
PF3D7_0703200	-0.007587514397735736	-0.018604712787210376	0.9857596918147407	0.9994495031292484
PF3D7_0703300	-0.4995375853430896	-0.7917743935699237	0.4586417319541719	0.9994495031292484
PF3D7_0703400	-0.19303471219806576	-0.5002975910583225	0.6346825493142043	0.9994495031292484
PF3D7_0703500	0.03787697233892405	0.045355322939275904	0.9652959435216044	0.9994495031292484
PF3D7_0703600	-0.3662373020190137	-0.9461724730214194	0.38058963230079373	0.9994495031292484
PF3D7_0703700	0.6600775452433294	1.663028377702285	0.14736672128040082	0.9994495031292484
PF3D7_0703800	-8.641941163115305e-05	-0.00012324570187362553	0.999905659661972	0.9999056596619719
PF3D7_0703900	0.48910824486427107	0.9450301661217279	0.3811273479351577	0.9994495031292484
PF3D7_0704000	0.6841377073437754	1.9565655132169866	0.09816141122806289	0.9994495031292484
PF3D7_0704100	0.6352237657440343	0.7883815634574548	0.460478459546224	0.9994495031292484
PF3D7_0704200	0.05701008146975574	0.13269189880664156	0.8987752908895186	0.9994495031292484
PF3D7_0704300	0.4026008516137412	0.5351764167774448	0.6117718796308318	0.9994495031292484
PF3D7_0704400	0.5174767434700813	1.180376387260142	0.2825208902012253	0.9994495031292484
PF3D7_0704500	0.20604779252609556	0.3131741639049476	0.7647489104087217	0.9994495031292484
PF3D7_0704600	0.3036306302986696	0.46422564650393205	0.6588522019322476	0.9994495031292484
PF3D7_0704700	0.5939253972713505	1.8548171590596676	0.11303289251569727	0.9994495031292484
PF3D7_0704800	-0.09746501936885114	-0.3136538478134508	0.7644020160138754	0.9994495031292484
PF3D7_0704900	-0.12718831018488844	-0.28670027489346367	0.7839846550987569	0.9994495031292484
PF3D7_0705000	-0.1584751881987136	-0.41641256830872897	0.6915936714281405	0.9994495031292484
PF3D7_0705100	0.29034818716610156	0.835224238808158	0.4355809945782244	0.9994495031292484
PF3D7_0705200	0.6975197642174956	1.3748112583559422	0.21832249626744443	0.9994495031292484
PF3D7_0705300	0.6257648298471806	1.7768275266571134	0.12592841985945166	0.9994495031292484
PF3D7_0705400	0.18134489919804236	0.2906404566723949	0.781110726085114	0.9994495031292484
PF3D7_0705500	0.1606410779382381	0.2216958264258884	0.8319035260266168	0.9994495031292484
PF3D7_0705600	-0.4878089331961658	-1.1416179860374733	0.2971178835234474	0.9994495031292484
PF3D7_0705700	-0.33811984235815695	-0.5006349081354676	0.6344587803525104	0.9994495031292484
PF3D7_0705800	-0.44248472086461726	-0.7929295470330672	0.45801757062417847	0.9994495031292484
PF3D7_0705900	-0.2520647520161652	-0.38283519512469477	0.7150373462391304	0.9994495031292484
PF3D7_0706000	0.9227526313165602	2.4711897929640743	0.0483796038002894	0.9994495031292484
PF3D7_0706100	-0.40057751179400664	-1.8221332827732157	0.11827025266088911	0.9994495031292484
PF3D7_0706200	-0.1825826264038822	-0.2911152760194706	0.7807646522001501	0.9994495031292484
PF3D7_0706300	1.1699015575649392	0.9682559925324931	0.3703100458933959	0.9994495031292484
PF3D7_0706400	-0.8310178716811493	-1.294013317837978	0.24323463989769337	0.9994495031292484
PF3D7_0706500	0.12474873594819581	0.24011803207800586	0.818232129009848	0.9994495031292484
PF3D7_0706600	0.7966848854891658	0.7120014607955393	0.5031954249136388	0.9994495031292484
PF3D7_0706700	-1.6743966361009697	-1.592739534879321	0.16232601369441266	0.9994495031292484
PF3D7_0707200	0.25936266444934036	0.5959865290204106	0.5729649768415847	0.9994495031292484
PF3D7_0707300	0.6374872151751837	0.7781045716354927	0.46607368912580793	0.9994495031292484
PF3D7_0707400	0.25050155915205646	0.5841343527300005	0.58041197883543	0.9994495031292484
PF3D7_0707500	0.3834722771193787	0.767735447675019	0.47176733720986785	0.9994495031292484
PF3D7_0707600	-0.1046952498996616	-0.23444959864508488	0.8224315626499352	0.9994495031292484
PF3D7_0707700	-0.44551974949513024	-3.0736134364175474	0.021840780197511594	0.9994495031292484
PF3D7_0707800	-0.27959130584698616	-0.7866940718117499	0.46139392957437075	0.9994495031292484
PF3D7_0707900	-0.07217916569632674	-0.09710249320202788	0.9258073724342284	0.9994495031292484
PF3D7_0708000	-0.3609469518178296	-0.8378036921997832	0.4342389209702301	0.9994495031292484
PF3D7_0708100	-0.8076082305206798	-1.1699730069697514	0.2863776289760737	0.9994495031292484
PF3D7_0708200	-0.9055388822402713	-0.9698596816844867	0.3695721074978968	0.9994495031292484
PF3D7_0708300	-0.5625190055582818	-0.7236956670383532	0.4964864987371367	0.9994495031292484
PF3D7_0708400	1.3518440815672548	1.686153117421032	0.14274160947448997	0.9994495031292484
PF3D7_0708500	-0.27308728509409746	-0.4399643833673995	0.6753685181412994	0.9994495031292484
PF3D7_0708600	-1.0271705871476893	-1.7450889708446697	0.131581219687853	0.9994495031292484
PF3D7_0708700	-0.5239158066744793	-1.2690670650559757	0.25142261827120593	0.9994495031292484
PF3D7_0708800	0.8529323050172233	1.1797582438667689	0.2827487997330412	0.9994495031292484
PF3D7_0708900	0.32471950209986133	0.5602082109457143	0.5956187799639177	0.9994495031292484
PF3D7_0709000	-0.3382103406345817	-0.49058226047904474	0.6411455720590287	0.9994495031292484
PF3D7_0709050	0.2196551075527626	0.29381576198032555	0.778797441541353	0.9994495031292484
PF3D7_0709100	-0.006713315909900645	-0.011837970322240758	0.9909386885104084	0.9994495031292484
PF3D7_0709200	-0.23587114557116437	-0.6935420483788585	0.5139082493351723	0.9994495031292484
PF3D7_0709300	0.2673419893908683	0.4026848093279596	0.7011350906142839	0.9994495031292484
PF3D7_0709400	-0.09658640952983957	-0.19532594707477777	0.8515844521142928	0.9994495031292484
PF3D7_0709500	0.47909920763108227	0.766531705855622	0.4724314423507221	0.9994495031292484
PF3D7_0709600	-0.1857489023774362	-0.41488863554002414	0.692649860303611	0.9994495031292484
PF3D7_0709700	0.492253535252089	1.7181065815218706	0.13658124461258042	0.9994495031292484
PF3D7_0709800	-0.4431019775653636	-0.5186669595301633	0.622558751477	0.9994495031292484
PF3D7_0709900	0.1039875040556652	0.17302459828864009	0.8683214549449272	0.9994495031292484
PF3D7_0710000	0.46734236896057335	1.138591889540525	0.29828399843703035	0.9994495031292484
PF3D7_0710100	0.32705694365055304	0.4936121588765966	0.6391262252523511	0.9994495031292484
PF3D7_0710200	1.4680850005947261	2.27877765924142	0.06290517220545894	0.9994495031292484
PF3D7_0710300	-0.6571397858957272	-0.7761282675325093	0.46715513499887484	0.9994495031292484
PF3D7_0710400	0.15219135966363606	0.23017958532447658	0.8255992547308887	0.9994495031292484
PF3D7_0710500	0.22006705734681997	0.5979041051560318	0.5717655278125204	0.9994495031292484
PF3D7_0710600	-0.2797946941256515	-0.4588435327396992	0.6624984757760416	0.9994495031292484
PF3D7_0710700	-0.015651230177988567	-0.04811329531209231	0.9631874989734923	0.9994495031292484
PF3D7_0710800	0.5011244166011813	1.530940487905054	0.1766626781767871	0.9994495031292484
PF3D7_0710900	0.23215282733047568	0.6432954048085262	0.5438200521878875	0.9994495031292484
PF3D7_0711000	0.14774168694631856	0.3227602798122903	0.7578279432544976	0.9994495031292484
PF3D7_0711100	0.7331421772940563	0.8514810480112757	0.4271732487700578	0.9994495031292484
PF3D7_0711200	0.12332362752011601	0.5773155461460511	0.5847223236842627	0.9994495031292484
PF3D7_0711300	0.04461602903629257	0.0936583142232751	0.9284298279545806	0.9994495031292484
PF3D7_0711400	0.04909427608530186	0.11031762223596643	0.915754943266355	0.9994495031292484
PF3D7_0711500	0.22545478813769415	0.6886643926564174	0.51676393903994	0.9994495031292484
PF3D7_0711700	-0.6651766336390835	-0.629415016827194	0.5522738210382887	0.9994495031292484
PF3D7_0711800	0.4255354694826918	0.9999999999999982	0.355917683749583	0.9994495031292484
PF3D7_0711900	-0.24613925504051803	-0.25866158174805093	0.8045410824497913	0.9994495031292484
PF3D7_0712000	-0.7591396882419449	-0.8992726047438593	0.40315280044970214	0.9994495031292484
PF3D7_0712200	0.46111610677958165	1.0000000000000016	0.35591768374958144	0.9994495031292484
PF3D7_0712300	-1.4306930612113782	-2.2772088077151342	0.06304076390509704	0.9994495031292484
PF3D7_0712400	0.13247752806614807	0.13459458949475758	0.8973339200517141	0.9994495031292484
PF3D7_0712600	-1.1662579976391314	-1.5422919501198442	0.17394266113503382	0.9994495031292484
PF3D7_0712800	-0.4134810930986482	-0.4298255300638572	0.6823305792373018	0.9994495031292484
PF3D7_0712900	-0.8428365021637786	-0.9102668500007522	0.39777399874234765	0.9994495031292484
PF3D7_0713000	0.46111610677958165	1.0000000000000016	0.35591768374958144	0.9994495031292484
PF3D7_0713100	0.15684312731225228	0.14585842304257696	0.888810067845758	0.9994495031292484
PF3D7_0713200	0.46111610677958165	1.0000000000000016	0.35591768374958144	0.9994495031292484
PF3D7_0713300	-1.0204565273205275	-1.6636926362829718	0.14723187037100283	0.9994495031292484
PF3D7_0713400	-0.00491909804192834	-0.007997370915484876	0.9938783642467965	0.9994495031292484
PF3D7_0713500	0.45506525919928137	1.3584032185829087	0.22318730459374575	0.9994495031292484
PF3D7_0713600	0.4207672006064375	1.106182397334809	0.31101642286755987	0.9994495031292484
PF3D7_0713700	-0.2155869228646862	-0.22933589038443647	0.8262255745843906	0.9994495031292484
PF3D7_0713800	0.21665543166727352	0.3573989399491675	0.7330283088748648	0.9994495031292484
PF3D7_0713900	0.1466629925142785	0.3224355344897904	0.7580620046575286	0.9994495031292484
PF3D7_0714000	-0.20682015817677957	-0.49501659356182315	0.6381913535481883	0.9994495031292484
PF3D7_0714100	-0.3294936857493937	-0.5058213187960324	0.6310235640029127	0.9994495031292484
PF3D7_0714200	-0.33522541613731704	-0.6527310512084263	0.5381200892697411	0.9994495031292484
PF3D7_0714300	0.024307973702737753	0.06962902975241476	0.9467515669943806	0.9994495031292484
PF3D7_0714400	0.18807561057700858	0.5051876108958019	0.6314427614147675	0.9994495031292484
PF3D7_0714500	-0.25869247554415187	-1.1321305234895849	0.3007868354768596	0.9994495031292484
PF3D7_0714600	-0.091161905031697	-0.23105663775134913	0.8249483209358037	0.9994495031292484
PF3D7_0714700	-0.4891523578817514	-0.9999999999999987	0.3559176837495826	0.9994495031292484
PF3D7_0714900	0.5486558753034835	1.000000000000001	0.3559176837495817	0.9994495031292484
PF3D7_0715000	-0.1083619065791988	-0.4672459697130896	0.6568104765727052	0.9994495031292484
PF3D7_0715100	-0.11477717217397318	-0.2925659401519131	0.7797076713502377	0.9994495031292484
PF3D7_0715200	0.030123419031287978	0.042130037630957025	0.9677620333968349	0.9994495031292484
PF3D7_0715300	-0.21395027462212746	-0.7510493576552132	0.481031063632791	0.9994495031292484
PF3D7_0715400	-0.5508057777026336	-2.5143721345018615	0.04563276563751161	0.9994495031292484
PF3D7_0715500	-1.0726473985840228	-2.1190374458432464	0.07838762613401944	0.9994495031292484
PF3D7_0715600	-0.7178848129351055	-1.3387389562954461	0.22914638847055646	0.9994495031292484
PF3D7_0715700	-0.7835643881816946	-1.26385383939549	0.25316414503198603	0.9994495031292484
PF3D7_0715800	0.2643800041818704	0.5120751032767542	0.6268947697818034	0.9994495031292484
PF3D7_0715900	0.3776496918255821	0.8713057045782955	0.4170830357705456	0.9994495031292484
PF3D7_0716000	0.21193285454411342	0.37177327060760434	0.7228376346155947	0.9994495031292484
PF3D7_0716100	0.6134576514777751	1.8050301821601105	0.12110578332241133	0.9994495031292484
PF3D7_0716200	0.09367351809022492	0.41875155251393664	0.6899740751363436	0.9994495031292484
PF3D7_0716300	0.9908315293903265	1.6965446365619967	0.14070922635746647	0.9994495031292484
PF3D7_0716400	-0.6877697734209308	-2.439007051120554	0.05053984144532606	0.9994495031292484
PF3D7_0716500	0.03199755692615107	0.10771819204058371	0.9177309833113588	0.9994495031292484
PF3D7_0716600	-0.8686461472966452	-2.7823804450933944	0.03189661195887926	0.9994495031292484
PF3D7_0716700	0.09524400091697281	0.16186393555560882	0.8767262411383678	0.9994495031292484
PF3D7_0716800	0.1047299565691169	0.4592730131939468	0.6622071371617363	0.9994495031292484
PF3D7_0716900	0.6977071203667297	1.6040409366268027	0.1598265496543833	0.9994495031292484
PF3D7_0717000	-0.4402091658789426	-0.5083438614812356	0.6293563948206473	0.9994495031292484
PF3D7_0717100	0.0194905571180322	0.04392899711369232	0.9663864783740995	0.9994495031292484
PF3D7_0717200	-0.4796061133007068	-1.2943570074982724	0.24312350155017193	0.9994495031292484
PF3D7_0717300	-0.4314011501340068	-1.34546707948807	0.22709155365815162	0.9994495031292484
PF3D7_0717400	-0.26087016871624474	-0.4860328398226087	0.6441839639978537	0.9994495031292484
PF3D7_0717500	-0.13444688918909675	-0.22290511841646296	0.8310040518135695	0.9994495031292484
PF3D7_0717600	-0.02627551388814129	-0.06704067712278299	0.9487274735733202	0.9994495031292484
PF3D7_0717700	0.32428600588303724	0.8232360828671088	0.44185805113183246	0.9994495031292484
PF3D7_0717800	0.18568256657321197	0.37283480945168396	0.7220874888319154	0.9994495031292484
PF3D7_0717900	-0.10006444732958096	-0.3559443889270344	0.7340628865647264	0.9994495031292484
PF3D7_0718000	-0.10718605612591496	-0.13090677123753297	0.9001279876139218	0.9994495031292484
PF3D7_0718100	0.6248883451190792	0.9675826942970904	0.37062020927731487	0.9994495031292484
PF3D7_0718300	-0.8429607944421597	-0.7680158155032432	0.4716127516560399	0.9994495031292484
PF3D7_0718400	-0.5558322651366475	-0.9516459715753429	0.3780212842953935	0.9994495031292484
PF3D7_0718500	-0.08960385798831881	-0.13940396758662318	0.8936925345673223	0.9994495031292484
PF3D7_0718600	0.28419226735253167	0.6403607119030312	0.5456006005222293	0.9994495031292484
PF3D7_0718700	0.617157662841894	0.8328798091492681	0.4368034112360538	0.9994495031292484
PF3D7_0718800	-0.16932694333820636	-0.26634201646084354	0.7988923242797972	0.9994495031292484
PF3D7_0718900	-0.7275574948858329	-0.7468396857914141	0.4833878872334293	0.9994495031292484
PF3D7_0719000	0.35920845255200745	0.482344454525499	0.6466528462560888	0.9994495031292484
PF3D7_0719100	-0.33490014283704106	-0.48526442863835384	0.644697904403176	0.9994495031292484
PF3D7_0719200	-0.7995438954781036	-1.8034439110840224	0.12137214421508137	0.9994495031292484
PF3D7_0719300	-0.1287837186769169	-0.2874311010665213	0.7834513140532471	0.9994495031292484
PF3D7_0719400	0.8729320613629223	1.224322052069888	0.2667179553168322	0.9994495031292484
PF3D7_0719500	-0.009323800557853217	-0.08036599792225403	0.9385597425852591	0.9994495031292484
PF3D7_0719600	-0.19321299485721424	-0.3666383186077743	0.7264710473368781	0.9994495031292484
PF3D7_0719700	-0.27137009643563126	-0.5588706941846124	0.5964756375627487	0.9994495031292484
PF3D7_0719800	-0.44569264423243404	-0.8054330628024211	0.45130021666892794	0.9994495031292484
PF3D7_0719900	0.21476855111582696	0.3153308249906805	0.7631897428862319	0.9994495031292484
PF3D7_0720000	-0.31268677568596626	-0.47856981851664215	0.6491845742319059	0.9994495031292484
PF3D7_0720100	0.07386060201681613	0.2805841454372999	0.7884530881415865	0.9994495031292484
PF3D7_0720200	-0.22519985953647306	-0.5435839238899943	0.6063190840456751	0.9994495031292484
PF3D7_0720300	1.0912784751680686	1.6941641078159462	0.14117232321629378	0.9994495031292484
PF3D7_0720400	0.4339338722178663	0.591063008392905	0.5760515659922284	0.9994495031292484
PF3D7_0720500	0.006126932438527795	0.00744210578497828	0.994303385790591	0.9994495031292484
PF3D7_0720600	-1.0033132151573037	-1.1480242783708114	0.29466191143084874	0.9994495031292484
PF3D7_0720700	-0.08731614698750456	-0.1552948712400603	0.881681550708526	0.9994495031292484
PF3D7_0720800	-0.2603200757560584	-0.33641020951398426	0.7480154423956309	0.9994495031292484
PF3D7_0720900	-0.2730131823192154	-1.4603198916726385	0.19449968854192287	0.9994495031292484
PF3D7_0721000	0.19321702665012636	0.3962174243145139	0.7056511419453362	0.9994495031292484
PF3D7_0721100	0.6195960240689261	0.6755368052970082	0.524501204201794	0.9994495031292484
PF3D7_0721200	-0.47662601393839354	-1.2897619744651136	0.24461312197991783	0.9994495031292484
PF3D7_0721300	0.3179935916097484	0.5363275562972122	0.6110236695404505	0.9994495031292484
PF3D7_0721400	-0.5271785387212802	-0.6470779371791823	0.5415305063857481	0.9994495031292484
PF3D7_0721500	0.8600235150484391	1.5159507974864972	0.1803157586231054	0.9994495031292484
PF3D7_0721600	-0.21903683194623766	-0.35168184338192376	0.7370982229667541	0.9994495031292484
PF3D7_0721700	-0.8100710705310867	-1.3347289414542376	0.2303790205255063	0.9994495031292484
PF3D7_0721800	-0.20123706967065186	-0.32739439475910787	0.7544909641395541	0.9994495031292484
PF3D7_0721900	-0.09556112837217227	-0.12384635832253005	0.9054816367840106	0.9994495031292484
PF3D7_0722000	0.12306355278571733	0.23403206271203372	0.8227411493572734	0.9994495031292484
PF3D7_0722100	-0.7428960395424453	-2.998057060268544	0.024068478494528173	0.9994495031292484
PF3D7_0722200	0.3111727418231383	0.696658647663859	0.5120890458288108	0.9994495031292484
PF3D7_0722300	-0.12575886258385593	-0.25365071259574695	0.8082334542451399	0.9994495031292484
PF3D7_0722400	0.4836954431373848	1.6507388118845645	0.1498831837136272	0.9994495031292484
PF3D7_0722500	-0.19331916402846538	-0.7778109599111351	0.46623424393021073	0.9994495031292484
PF3D7_0722600	-0.008511092367545804	-0.019866002787792315	0.9847944262041236	0.9994495031292484
PF3D7_0722700	-0.6764011847792063	-0.9996582246807317	0.3560702388712038	0.9994495031292484
PF3D7_0722800	-1.2952134322005484	-2.1021197893897745	0.08024217166121353	0.9994495031292484
PF3D7_0722900	-0.35016935274452476	-0.7166955290535137	0.5004951856643247	0.9994495031292484
PF3D7_0723000	1.529390127468539	3.0947059143399516	0.021259671001008867	0.9994495031292484
PF3D7_0723100	1.4228092348697765	1.1188628485783545	0.30598155771877317	0.9994495031292484
PF3D7_0723200	-0.5663092221929267	-0.5597193793585578	0.5959318592403894	0.9994495031292484
PF3D7_0723300	-0.19216505995413663	-0.6165208993075859	0.5601996880546072	0.9994495031292484
PF3D7_0723400	0.3799267148978009	0.5473259511312238	0.6039010183312752	0.9994495031292484
PF3D7_0723500	1.1639174308433016	1.6272265590850712	0.15481319612656042	0.9994495031292484
PF3D7_0723600	-0.6864173805159534	-1.0829777124457662	0.3204087171396368	0.9994495031292484
PF3D7_0723700	-0.3502265950876964	-0.5433986891974577	0.6064389235076295	0.9994495031292484
PF3D7_0723800	0.001687680917190294	0.002823806944056478	0.9978384764310602	0.999657757528891
PF3D7_0723900	-0.10643436084936042	-0.15783916472398446	0.8797615772330392	0.9994495031292484
PF3D7_0724000	0.07346276571584327	0.18620482289706206	0.8584201185418892	0.9994495031292484
PF3D7_0724100	0.45519190228199496	0.9523098901620354	0.3777106716151811	0.9994495031292484
PF3D7_0724200	-0.44370649973912313	-1.3666206271700265	0.22073879910602773	0.9994495031292484
PF3D7_0724300	-0.5741725610430823	-1.3698943878654797	0.2197701209235268	0.9994495031292484
PF3D7_0724400	-0.7259866465234578	-1.3534367372767164	0.2246790174062356	0.9994495031292484
PF3D7_0724500	-1.5674366413593375	-2.832909037936079	0.02984350921437939	0.9994495031292484
PF3D7_0724600	0.1579626618495661	0.296902921350808	0.7765507516708868	0.9994495031292484
PF3D7_0724700	-0.5344249097202342	-1.1223661922047492	0.30460262156869783	0.9994495031292484
PF3D7_0724800	-0.2316036117236652	-1.011442514802424	0.35084024967047217	0.9994495031292484
PF3D7_0724900	0.10966937504165529	0.14112014947081997	0.8923938220892438	0.9994495031292484
PF3D7_0725000	0.9174157074171619	1.1395165085575167	0.29792728451644857	0.9994495031292484
PF3D7_0725100	0.45260044637843166	1.4578623073767925	0.19514958412094538	0.9994495031292484
PF3D7_0725200	-0.013232007566097173	-0.016743432249640203	0.9871841781121006	0.9994495031292484
PF3D7_0725300	-0.548402715705819	-0.6909431858748253	0.5154284939327467	0.9994495031292484
PF3D7_0725400	-0.8135425932494861	-1.0498811888792394	0.33420884210910506	0.9994495031292484
PF3D7_0725600	-2.146726294117276	-1.5975299020984084	0.16126204424388046	0.9994495031292484
PF3D7_0725700	0.7161316391300907	1.000000000000002	0.35591768374958144	0.9994495031292484
PF3D7_0726000	-2.045375624687463	-1.328174540315521	0.2324065848580379	0.9994495031292484
PF3D7_0726100	-0.16756178928356774	-0.284313845339551	0.7857271137432817	0.9994495031292484
PF3D7_0726200	-0.9502451768854806	-1.4900295149866796	0.1868003741022411	0.9994495031292484
PF3D7_0726300	0.026589731202676176	0.04403275400120003	0.9663071456030927	0.9994495031292484
PF3D7_0726400	0.09296050981930044	0.1818565135360695	0.8616836660757012	0.9994495031292484
PF3D7_0726500	0.1733217882247676	0.3196694260554507	0.760056824552599	0.9994495031292484
PF3D7_0726600	-0.3957512682054723	-1.0868880486130872	0.31880970364846584	0.9994495031292484
PF3D7_0726700	-0.5624500901659932	-0.7961867407332404	0.45626086891257356	0.9994495031292484
PF3D7_0726800	0.9577287501702311	1.1124395828042246	0.3085233764748197	0.9994495031292484
PF3D7_0726900	0.3119024885723491	0.6690199986719187	0.5283699405141551	0.9994495031292484
PF3D7_0727000	-0.0193418853287482	-0.03323834144378668	0.9745626591234915	0.9994495031292484
PF3D7_0727100	-0.5380942696147267	-1.5393803116931797	0.17463655871529732	0.9994495031292484
PF3D7_0727200	0.013457861970654864	0.09304975128698456	0.9288933014480201	0.9994495031292484
PF3D7_0727300	0.12669033072614055	0.6553482279821123	0.5365458259165822	0.9994495031292484
PF3D7_0727400	-0.26133263087049613	-0.3123653113223163	0.7653339861117016	0.9994495031292484
PF3D7_0727500	0.05405746453792857	0.18162986818812485	0.8618538535081501	0.9994495031292484
PF3D7_0727600	-0.09507055191631636	-0.38375709121465507	0.714388955915882	0.9994495031292484
PF3D7_0727700	0.29212697381185276	1.0749181760531392	0.3237253224759772	0.9994495031292484
PF3D7_0727800	0.3191727368599456	0.47653064992914246	0.6505544297095049	0.9994495031292484
PF3D7_0727900	-0.24323325951210803	-0.5122509419730606	0.6267788925062114	0.9994495031292484
PF3D7_0728000	-0.05001046755177588	-0.24464185875231897	0.8148854006228654	0.9994495031292484
PF3D7_0728100	0.5032554966972701	0.7032651427757393	0.5082468285261161	0.9994495031292484
PF3D7_0728200	0.12620577833541893	0.21438276755856453	0.8373488928723707	0.9994495031292484
PF3D7_0728300	0.24476425537156937	0.4729236299212366	0.6529811868593971	0.9994495031292484
PF3D7_0728400	0.7216060068958297	0.8701368627802023	0.41767298157088617	0.9994495031292484
PF3D7_0728500	0.11687827053800898	0.07833550953514204	0.9401083158278962	0.9994495031292484
PF3D7_0728600	0.72692756257703	1.0509653246299204	0.33374921133447955	0.9994495031292484
PF3D7_0728700	0.38462968658985663	0.9147305737873633	0.3956058484031936	0.9994495031292484
PF3D7_0728800	-0.30008024147190043	-2.28248061371745	0.06258633531895066	0.9994495031292484
PF3D7_0728900	-0.9089854316137741	-2.34375167816561	0.05754793165425913	0.9994495031292484
PF3D7_0729000	-0.4065618760976348	-0.8776800438596912	0.4138766791321493	0.9994495031292484
PF3D7_0729100	0.06928260899392637	0.14495471785050418	0.8894933584837305	0.9994495031292484
PF3D7_0729200	-0.13005337388030896	-0.2678818688799997	0.7977613937254062	0.9994495031292484
PF3D7_0729300	0.6230132363065258	1.4558478062034694	0.19568380682199613	0.9994495031292484
PF3D7_0729400	0.07361626549219409	0.24810319854283705	0.8123275839172512	0.9994495031292484
PF3D7_0729500	-0.35922741157138227	-1.4997740013766345	0.18433749510499842	0.9994495031292484
PF3D7_0729600	-0.7394239079064872	-1.627613213523002	0.15473087978595507	0.9994495031292484
PF3D7_0729700	1.302336379983465	1.2916842629274445	0.24398897122989355	0.9994495031292484
PF3D7_0729800	-0.16658296507031847	-0.2698723597104657	0.7963002930614473	0.9994495031292484
PF3D7_0729900	0.4771678387153414	0.8001728338766712	0.45411758241446754	0.9994495031292484
PF3D7_0730000	0.1237016762547999	0.21924281647001376	0.8337289363405245	0.9994495031292484
PF3D7_0730100	-0.28051518000044007	-0.6435428426693968	0.5436700931537777	0.9994495031292484
PF3D7_0730200	-0.3276051568611533	-1.4034111853056173	0.21007256620871856	0.9994495031292484
PF3D7_0730300	0.007530106042474978	0.014232738920929655	0.9891057578586868	0.9994495031292484
PF3D7_0730400	-0.6399075854224794	-0.6003899575950685	0.5702128731250283	0.9994495031292484
PF3D7_0730500	0.7160727735701697	1.199218472409151	0.27564905666606104	0.9994495031292484
PF3D7_0730600	0.829278015196262	1.689798646492664	0.14202539818273557	0.9994495031292484
PF3D7_0730800	0.2081756181657516	0.508596894002745	0.6291892952874477	0.9994495031292484
PF3D7_0730900	0.16039337141374693	0.19298987707520798	0.8533338600531084	0.9994495031292484
PF3D7_0731000	0.712877702901858	1.3404601463356456	0.22861913465995112	0.9994495031292484
PF3D7_0731100	0.015141676957831576	0.022265491035888218	0.982958176520808	0.9994495031292484
PF3D7_0731200	0.07532189235644539	0.09757037926245228	0.9254511941669904	0.9994495031292484
PF3D7_0731300	-0.08752741317205204	-0.15723159751114604	0.8802199784215046	0.9994495031292484
PF3D7_0731400	0.2843352574229538	0.9817087066736921	0.36415558917125684	0.9994495031292484
PF3D7_0731500	-0.6659175605259916	-0.5369390981299714	0.6106263926638593	0.9994495031292484
PF3D7_0731600	0.9767887988990755	1.5404259814333896	0.17438705667013454	0.9994495031292484
PF3D7_0731700	0.08174714747010559	0.16571974303189094	0.8738204838707697	0.9994495031292484
PF3D7_0731800	-0.13638815122327022	-0.24863043789973638	0.8119381930198464	0.9994495031292484
PF3D7_0731900	0.6218432685286959	0.9282802906495677	0.389079769435209	0.9994495031292484
PF3D7_0732000	-0.9500657252771667	-1.4847891716387642	0.18813750070085025	0.9994495031292484
PF3D7_0732200	0.6904812865369445	0.8216651339848703	0.4426854466431528	0.9994495031292484
PF3D7_0732300	0.9702883561150637	1.3371398447251588	0.22963722487091487	0.9994495031292484
PF3D7_0732400	-0.7614422557204464	-0.5471870947218462	0.6039906480756418	0.9994495031292484
PF3D7_0732500	-1.866110651844822	-2.5622773889164283	0.04277731593758175	0.9994495031292484
PF3D7_0732700	0.8883176315539151	0.9067499379869584	0.3994886308489837	0.9994495031292484
PF3D7_0732800	0.07033169758725584	0.1458440973890429	0.8888208986437653	0.9994495031292484
PF3D7_0732900	-0.1881193354240442	-0.7114440635525927	0.5035167112847017	0.9994495031292484
PF3D7_0733000	-1.1106882965524316	-1.606616876881372	0.1592619992745857	0.9994495031292484
PF3D7_0800100	-1.0311305544102343	-1.1898899504199956	0.2790330554334057	0.9994495031292484
PF3D7_0800200	-0.8184190195255352	-3.121220051435122	0.020552959432851393	0.9994495031292484
PF3D7_0800300	-1.0762367409041598	-1.5253496244756777	0.17801700525326625	0.9994495031292484
PF3D7_0800400	0.024132945508974265	0.042706026830602595	0.9673215959675807	0.9994495031292484
PF3D7_0800500	-0.07984051409074529	-0.0969974259410409	0.9258873574824124	0.9994495031292484
PF3D7_0800600	-0.08110804628463637	-0.06719029840043535	0.9486132440739725	0.9994495031292484
PF3D7_0800650	1.6184003789406953	1.651033327541521	0.1498223967597567	0.9994495031292484
PF3D7_0800700	-0.6825086315520288	-0.8637837191178436	0.4208904604102996	0.9994495031292484
PF3D7_0800750	0.4384838523106042	0.5985139042612474	0.5713844138395794	0.9994495031292484
PF3D7_0800800	-0.5024464733714051	-0.8271742429873127	0.43978880806742593	0.9994495031292484
PF3D7_0801000	0.36422871216724834	0.49027089721951755	0.6413532785603828	0.9994495031292484
PF3D7_0801100	-1.7126111645090285	-1.5616948899278797	0.16938456507002791	0.9994495031292484
PF3D7_0801200	-0.40817752507871696	-0.7890821269652958	0.46009877935629484	0.9994495031292484
PF3D7_0801300	-0.03473815765263983	-0.044897719348569225	0.9656458075194438	0.9994495031292484
PF3D7_0801400	-0.4557214649816892	-0.6701118597229069	0.5277204696103748	0.9994495031292484
PF3D7_0801500	-0.16102821810537865	-0.8441663883914791	0.4309413882121217	0.9994495031292484
PF3D7_0801600	-0.5778903084757533	-0.755975918005631	0.47828295853465297	0.9994495031292484
PF3D7_0801700	0.49171353069795826	1.1008991265519685	0.31313449490882656	0.9994495031292484
PF3D7_0801800	0.18800209635305323	0.32857868138796037	0.7536390987925375	0.9994495031292484
PF3D7_0801900	0.31423793555108687	0.46191429798861366	0.6604168436391711	0.9994495031292484
PF3D7_0802000	0.720966349581654	0.8522892086228956	0.426758419289862	0.9994495031292484
PF3D7_0802100	-0.007808053988034867	-0.015372295109313375	0.9882335783996391	0.9994495031292484
PF3D7_0802200	-0.015482636306412452	-0.01683912291669714	0.9871109422493023	0.9994495031292484
PF3D7_0802300	0.1367653370255298	0.2941886835291384	0.7785259217666414	0.9994495031292484
PF3D7_0802400	-0.3287561766434845	-1.018429830415417	0.3477683898617104	0.9994495031292484
PF3D7_0802500	-0.16725006191164946	-0.3689002166965771	0.7248695950693422	0.9994495031292484
PF3D7_0802600	0.3922454574305635	0.4776310621486789	0.6498150178248957	0.9994495031292484
PF3D7_0802700	-0.032945526056711395	-0.07809017573813593	0.9402954418050513	0.9994495031292484
PF3D7_0802800	0.009428431605218446	0.01948941198674215	0.9850826283821997	0.9994495031292484
PF3D7_0802900	-0.02420895110057639	-0.03301615044730399	0.9747326298421517	0.9994495031292484
PF3D7_0803000	-0.37553563421755426	-0.9962329514543977	0.3576020270988667	0.9994495031292484
PF3D7_0803100	0.4554034210828631	0.802717277850839	0.4527532193552787	0.9994495031292484
PF3D7_0803200	0.1341719421906335	0.4036153957607019	0.7004863739381599	0.9994495031292484
PF3D7_0803300	-0.2786220449719045	-2.014558215554366	0.09058068942424785	0.9994495031292484
PF3D7_0803400	-0.19912685501646946	-0.24108454981281774	0.8175167433215829	0.9994495031292484
PF3D7_0803500	-0.1741623149044632	-0.33323487285358955	0.7502935620024584	0.9994495031292484
PF3D7_0803600	0.06649821369767724	0.12084852176392054	0.9077564510283477	0.9994495031292484
PF3D7_0803700	-0.4549924662464459	-1.736877964815102	0.13308357934375833	0.9994495031292484
PF3D7_0803800	0.3564974916702584	0.9821325278292168	0.36396301621552074	0.9994495031292484
PF3D7_0803900	-0.7007963932042047	-1.9796308323907807	0.09507256278850773	0.9994495031292484
PF3D7_0804000	-0.24544468799413469	-0.6408749967318115	0.5452883070846635	0.9994495031292484
PF3D7_0804300	-0.5739081372507095	-1.116324013855999	0.30698412379157836	0.9994495031292484
PF3D7_0804400	-0.09869147850713382	-0.3650227829527799	0.7276157955128189	0.9994495031292484
PF3D7_0804500	0.7755500575428452	1.2484583266932205	0.2583692076705804	0.9994495031292484
PF3D7_0804600	0.1911331037327991	0.8741909178003087	0.41562945345795177	0.9994495031292484
PF3D7_0804700	0.7410886047364125	1.1115998095468398	0.3088569938371514	0.9994495031292484
PF3D7_0804800	0.06822762345311345	0.11675506053921057	0.9108641904465016	0.9994495031292484
PF3D7_0804900	-0.2675268139148027	-1.3615622615334857	0.2222431274511218	0.9994495031292484
PF3D7_0805000	-0.4135965703606611	-0.8136572367798602	0.44692050048514487	0.9994495031292484
PF3D7_0805100	-0.34613214810462384	-0.5411021898928998	0.6079257802003603	0.9994495031292484
PF3D7_0805200	-0.7707105802332828	-1.3694132630329428	0.21991223993072623	0.9994495031292484
PF3D7_0805300	-0.12774461370272489	-0.25563520574185933	0.8067704820464535	0.9994495031292484
PF3D7_0805400	-0.6537454805458706	-0.8458407557854949	0.43007669097116347	0.9994495031292484
PF3D7_0805500	0.10109440280307236	0.4184591251049116	0.6901764641855865	0.9994495031292484
PF3D7_0805600	-0.578107181780254	-0.8765231601326848	0.41445722956017667	0.9994495031292484
PF3D7_0805700	0.3593153727135184	1.794091501817095	0.12295433526786936	0.9994495031292484
PF3D7_0805800	0.06200868439076241	0.058192330425078376	0.9554850841976529	0.9994495031292484
PF3D7_0805900	-0.3065152528861579	-0.7360204420768264	0.4894814619690109	0.9994495031292484
PF3D7_0806000	0.10060768034853154	0.3018963707044281	0.7729217721435365	0.9994495031292484
PF3D7_0806100	0.28333347233088435	0.6001847254821344	0.5703409639456114	0.9994495031292484
PF3D7_0806200	0.6099299487196426	1.3014148876858924	0.24085115857393322	0.9994495031292484
PF3D7_0806300	0.2102635416485665	0.2783011202894239	0.7901233368076536	0.9994495031292484
PF3D7_0806400	0.49174093922259465	0.6605450509407269	0.5334285847429225	0.9994495031292484
PF3D7_0806500	-0.18826434874376458	-0.6110434458032709	0.5635876668825552	0.9994495031292484
PF3D7_0806600	-0.056540697993387914	-0.18682400962429005	0.8579556463856338	0.9994495031292484
PF3D7_0806700	-0.2919036446245564	-0.8259617626420359	0.4404251357111305	0.9994495031292484
PF3D7_0806800	0.035261302947886555	0.08697246177876497	0.9335233296880893	0.9994495031292484
PF3D7_0806900	-0.3048029948762794	-0.8250297395175266	0.44091472929648523	0.9994495031292484
PF3D7_0807000	-0.8517955427093028	-1.4397872518703458	0.19999146472227017	0.9994495031292484
PF3D7_0807100	0.299223485638132	0.5399610884513786	0.6086653456587416	0.9994495031292484
PF3D7_0807200	0.3092791557390261	0.5200133976784552	0.6216751136510632	0.9994495031292484
PF3D7_0807300	-1.0446919871794185	-1.655261455964527	0.1489523359573317	0.9994495031292484
PF3D7_0807400	-0.006782130827925125	-0.01018475353894112	0.992204079325347	0.9994495031292484
PF3D7_0807500	-0.02660952243902517	-0.05223809737347683	0.9600347402889073	0.9994495031292484
PF3D7_0807600	-0.2324371557172757	-0.32419714369727526	0.7567926561792213	0.9994495031292484
PF3D7_0807700	-0.41522827144302904	-0.5290477289584067	0.6157639915327093	0.9994495031292484
PF3D7_0807800	0.11723117590897901	0.29363308660075005	0.7789304578162471	0.9994495031292484
PF3D7_0807900	0.057154233542789167	0.1819041136968001	0.8616479242662888	0.9994495031292484
PF3D7_0808000	-0.7620429738013147	-4.169736215857392	0.005880264923883444	0.9994495031292484
PF3D7_0808100	0.10089940596157564	0.37290702289865657	0.7220364708494194	0.9994495031292484
PF3D7_0808200	-0.8685663922016955	-0.9314006890868607	0.3875886547953171	0.9994495031292484
PF3D7_0808300	0.11941802368158538	0.2914459579522489	0.7805236659191954	0.9994495031292484
PF3D7_0808400	0.07912940790591505	0.08928296146329841	0.9317627115565548	0.9994495031292484
PF3D7_0808500	1.306492091387411	1.304995301753899	0.23970565095179147	0.9994495031292484
PF3D7_0808600	-1.2336123056614197	-2.0382603163996196	0.08765530644495953	0.9994495031292484
PF3D7_0808700	-1.1894795233680615	-1.9131268327391315	0.104254945209246	0.9994495031292484
PF3D7_0808800	0.49974487724834177	0.6721977305088095	0.5264811662157839	0.9994495031292484
PF3D7_0808900	-0.3136475548335581	-0.32487645601420156	0.75630339138798	0.9994495031292484
PF3D7_0809000	0.11716568934720403	0.1504297143384239	0.8853553361211537	0.9994495031292484
PF3D7_0809100	-1.2458072312994481	-2.0557453458998727	0.08555883424700825	0.9994495031292484
PF3D7_0809200	0.7010434746068464	1.5440864393363698	0.17351629569000238	0.9994495031292484
PF3D7_0809300	-0.46355109681449075	-0.8784206691106766	0.41350533644171905	0.9994495031292484
PF3D7_0809400	0.12948750015844882	0.5285593030824158	0.6160827661443828	0.9994495031292484
PF3D7_0809500	-0.49163673246725126	-0.7469416363378919	0.4833307156248232	0.9994495031292484
PF3D7_0809600	-0.17096989338891602	-0.4108890691756269	0.6954254294491906	0.9994495031292484
PF3D7_0809700	-0.6387353988917406	-2.9785410948348687	0.02468316953993951	0.9994495031292484
PF3D7_0809800	0.2937341786326354	0.28348334526246644	0.7863338257106114	0.9994495031292484
PF3D7_0809900	0.1396152097840006	0.45795863785679825	0.663098949343349	0.9994495031292484
PF3D7_0810000	-0.4369396915580481	-0.5452368232613786	0.605250318345628	0.9994495031292484
PF3D7_0810100	-0.3166093198907438	-0.5466227171001624	0.604355023303351	0.9994495031292484
PF3D7_0810200	0.4215114429197204	0.7725601836678733	0.46911206961462504	0.9994495031292484
PF3D7_0810300	-0.8702387358880112	-2.5595864979445286	0.042932584896945375	0.9994495031292484
PF3D7_0810400	0.046468554998329865	0.10579907936255735	0.9191902725599481	0.9994495031292484
PF3D7_0810500	-0.026900291016861057	-0.07342178797220503	0.9438569906664455	0.9994495031292484
PF3D7_0810600	0.055763239582394625	0.07327733019464015	0.943967221777654	0.9994495031292484
PF3D7_0810700	0.8149756795325236	1.1066128633174106	0.31084437573714185	0.9994495031292484
PF3D7_0810800	0.6241408660748957	1.489675751822613	0.18689036093928857	0.9994495031292484
PF3D7_0810900	0.11671398023159264	0.23165491945987132	0.8245043736288752	0.9994495031292484
PF3D7_0811000	0.08075437321483664	0.2803481987171085	0.7886256485518673	0.9994495031292484
PF3D7_0811100	0.40411770401835384	0.7424000671163387	0.48588203211995473	0.9994495031292484
PF3D7_0811200	0.7674352783716389	1.4564758285962505	0.19551711748202355	0.9994495031292484
PF3D7_0811300	-0.019342191014254644	-0.028051702307914574	0.9785306733139305	0.9994495031292484
PF3D7_0811400	-0.08205854876970108	-0.20776880696712205	0.8422822335645613	0.9994495031292484
PF3D7_0811500	0.19592186273930562	0.31196425570509406	0.7656241487835138	0.9994495031292484
PF3D7_0811600	0.42433210404487226	0.8785906467197202	0.41342014645497177	0.9994495031292484
PF3D7_0811700	1.305763731734058	2.8460521039230713	0.029333094593671772	0.9994495031292484
PF3D7_0811800	-0.28812604749965254	-0.35852032347674034	0.7322311222271448	0.9994495031292484
PF3D7_0811900	-0.41848350132654794	-0.8315110068573524	0.4375182782224285	0.9994495031292484
PF3D7_0812000	0.1374594208133408	0.17894647175239997	0.8638694244904387	0.9994495031292484
PF3D7_0812100	0.7045980110029807	1.2117124345182464	0.2711722502651846	0.9994495031292484
PF3D7_0812200	0.4064592894223973	1.7240357172554541	0.13546691020915275	0.9994495031292484
PF3D7_0812220	-0.7981879689638371	-1.8921149880512034	0.10733689562811469	0.9994495031292484
PF3D7_0812300	0.8018553152660653	1.1067954375772855	0.310771429076408	0.9994495031292484
PF3D7_0812400	0.2588955710924024	0.5366554036989224	0.6108106714725303	0.9994495031292484
PF3D7_0812500	0.16766437771373144	0.28625632660000255	0.7843087017266692	0.9994495031292484
PF3D7_0812600	-0.42725503953670435	-0.6649975681969136	0.5307670432021467	0.9994495031292484
PF3D7_0812700	0.07606822739922807	0.20307400075530385	0.845788863514026	0.9994495031292484
PF3D7_0812800	-0.49357566115395574	-0.5936244586266985	0.5744445346888711	0.9994495031292484
PF3D7_0812900	-0.15040779549626482	-0.20656212179470546	0.8431831523348703	0.9994495031292484
PF3D7_0813000	0.04221515412947306	0.14026617357653168	0.8930400188446501	0.9994495031292484
PF3D7_0813100	0.31195791462574624	0.6679203132395268	0.5290245864152192	0.9994495031292484
PF3D7_0813200	0.08911689570607072	0.6682115751936573	0.528851146468456	0.9994495031292484
PF3D7_0813300	0.3218732386396287	1.6120421541721617	0.15807919744538276	0.9994495031292484
PF3D7_0813400	0.18644112764342805	0.38679147215204324	0.712256654426876	0.9994495031292484
PF3D7_0813500	-0.18056437344756168	-0.5183033116862771	0.6227975238531729	0.9994495031292484
PF3D7_0813600	-0.44702839714575865	-1.2001696036347704	0.27530602026180345	0.9994495031292484
PF3D7_0813700	-0.19906917854243117	-0.397213492798838	0.7049547438424515	0.9994495031292484
PF3D7_0813800	-0.6655148268669574	-0.972656183417412	0.3682880626180941	0.9994495031292484
PF3D7_0813900	-0.6846086019030361	-1.0009572898094303	0.3554906645370543	0.9994495031292484
PF3D7_0814000	0.07457812222771189	0.18584445267264865	0.8586904726107473	0.9994495031292484
PF3D7_0814100	0.2501433853865933	0.31820260024576014	0.7611154699711478	0.9994495031292484
PF3D7_0814200	-0.12746410858382395	-0.3098434393301017	0.7671592456873975	0.9994495031292484
PF3D7_0814300	-0.5324047243210002	-0.9183322311686675	0.3938630206609499	0.9994495031292484
PF3D7_0814400	0.3629600090951841	1.4196663683154105	0.20551142076297724	0.9994495031292484
PF3D7_0814500	0.09237108982458092	0.10739843209530682	0.9179741038829536	0.9994495031292484
PF3D7_0814600	-0.6008434726192288	-0.5366853304171814	0.6107912305617764	0.9994495031292484
PF3D7_0814700	0.19917902191126402	0.32907898406209257	0.7532793417616909	0.9994495031292484
PF3D7_0814900	0.07864350325866737	0.31942308125902347	0.7602345781301222	0.9994495031292484
PF3D7_0815000	0.23719643702065185	1.0292825115139754	0.3430401288028124	0.9994495031292484
PF3D7_0815100	0.4593421954347695	0.9969645497437332	0.35727441501310253	0.9994495031292484
PF3D7_0815200	0.16006986832375	0.5211218228714676	0.620948196588387	0.9994495031292484
PF3D7_0815300	-0.1761652592608611	-0.3696296092092981	0.7243535005377336	0.9994495031292484
PF3D7_0815400	-0.7348915941625994	-0.865795785866941	0.4198694835759794	0.9994495031292484
PF3D7_0815500	0.7531105103108282	1.025003078590916	0.3448983481945261	0.9994495031292484
PF3D7_0815600	-0.3824212197728778	-2.1223093950700567	0.07803403878087967	0.9994495031292484
PF3D7_0815700	0.6008257590871359	0.9279333440589516	0.3892458340081517	0.9994495031292484
PF3D7_0815800	0.1395054414729342	0.2402334802921499	0.8181466678087064	0.9994495031292484
PF3D7_0815900	1.1891309993289934	2.069554089241444	0.08393922081025953	0.9994495031292484
PF3D7_0816000	0.027047547221466562	0.049423677059375164	0.9621858373527823	0.9994495031292484
PF3D7_0816100	-0.3086230363579761	-0.3895541267450558	0.7103177741623268	0.9994495031292484
PF3D7_0816200	-0.025494639273679693	-0.0871843341413064	0.9333618640207112	0.9994495031292484
PF3D7_0816300	-0.28937544428213774	-1.1382455983872524	0.29841768880181413	0.9994495031292484
PF3D7_0816400	-0.49697706286632864	-0.8309210113845598	0.43782667033305145	0.9994495031292484
PF3D7_0816500	0.6400118765411805	0.6434374235282252	0.5437339789482324	0.9994495031292484
PF3D7_0816600	-0.04916464086849822	-0.07065354071705086	0.9459695856867758	0.9994495031292484
PF3D7_0816700	0.24323677090491444	0.29183159955417426	0.78024266122418	0.9994495031292484
PF3D7_0816800	-1.792932723244649	-2.597134301486276	0.04081898557637624	0.9994495031292484
PF3D7_0816900	0.6529139660003273	0.5713915224985391	0.588482314539891	0.9994495031292484
PF3D7_0817000	0.43367483509967153	1.031017392997156	0.34228911461939576	0.9994495031292484
PF3D7_0817100	-0.09329129627965406	-0.20392603750305002	0.8451521725571393	0.9994495031292484
PF3D7_0817200	0.05515658270702521	0.15558534144071756	0.8814623113854383	0.9994495031292484
PF3D7_0817300	-0.05452915554444078	-0.0870874786593039	0.9334356761196445	0.9994495031292484
PF3D7_0817400	-0.049541915287347485	-0.15313450189326677	0.8833125002682518	0.9994495031292484
PF3D7_0817500	-0.3360094858265531	-0.7338791118395693	0.4906936818300054	0.9994495031292484
PF3D7_0817600	-0.5144305435040352	-1.158870038757403	0.29054320258670907	0.9994495031292484
PF3D7_0817700	-0.07980913415419166	-0.15274922778653324	0.8836034253020351	0.9994495031292484
PF3D7_0817800	-0.5366845189662766	-0.8294353271250992	0.4386039420490298	0.9994495031292484
PF3D7_0817900	-0.8456746271906518	-0.9952808587535052	0.35802873538832947	0.9994495031292484
PF3D7_0818000	-0.22294832809167534	-0.7562310975610359	0.47814091202153575	0.9994495031292484
PF3D7_0818100	-0.31988548307433157	-0.2351455111090897	0.8219156484216852	0.9994495031292484
PF3D7_0818200	0.0689317361340057	0.14701163984896695	0.8879382738465444	0.9994495031292484
PF3D7_0818300	0.14567823779348654	0.16451346277686127	0.8747293137371466	0.9994495031292484
PF3D7_0818400	-0.20549769259541714	-0.586128665893287	0.5791548907812258	0.9994495031292484
PF3D7_0818500	0.30166516206710875	0.7101698563757138	0.5042516851570376	0.9994495031292484
PF3D7_0818600	-0.861794144588562	-1.9848177116813075	0.0943915423619042	0.9994495031292484
PF3D7_0818700	-0.2177636203490462	-0.4470994823247571	0.6704900038193047	0.9994495031292484
PF3D7_0818800	-0.05731868745303755	-0.11077645002481161	0.9154062186988283	0.9994495031292484
PF3D7_0818900	0.385303312667277	0.6034269725919933	0.5683194230899146	0.9994495031292484
PF3D7_0819000	-0.06346224743415918	-0.15938060455596859	0.878598811457532	0.9994495031292484
PF3D7_0819100	0.587971972867368	0.9681848667150281	0.3703428012692779	0.9994495031292484
PF3D7_0819200	-0.05718652261623905	-0.12907494518886617	0.9015164528403035	0.9994495031292484
PF3D7_0819300	-1.096914394850754	-1.9424937090133731	0.10009523397412695	0.9994495031292484
PF3D7_0819400	-0.0013395621940761636	-0.0015347001766324757	0.9988252404314775	0.999657757528891
PF3D7_0819500	-0.5900152023102428	-1.6645519761864849	0.14705759249991027	0.9994495031292484
PF3D7_0819600	-0.006420933026627823	-0.017373010076338354	0.9867023397795991	0.9994495031292484
PF3D7_0819700	-0.5637962032290952	-0.8846141593780603	0.4104097499458126	0.9994495031292484
PF3D7_0819800	0.27456036597135847	0.6346867168759589	0.5490535153338323	0.9994495031292484
PF3D7_0819900	-0.7567338746673722	-0.9134240808504682	0.39623951056981427	0.9994495031292484
PF3D7_0820000	-0.5547410424541785	-0.9276827240418882	0.3893658261963404	0.9994495031292484
PF3D7_0820100	-0.36218003708305413	-0.9620171958318243	0.3731918416629547	0.9994495031292484
PF3D7_0820200	0.29017534407389123	1.0526895835915413	0.3330192558333898	0.9994495031292484
PF3D7_0820300	0.059792842635759035	0.24515860544863116	0.8145033820030342	0.9994495031292484
PF3D7_0820400	-0.2374603440638861	-0.394847463570752	0.7066094560417362	0.9994495031292484
PF3D7_0820500	0.08920174726232215	0.3637448009553811	0.7285219035570295	0.9994495031292484
PF3D7_0820600	0.16778758521909015	0.2868426123852057	0.7838807701977502	0.9994495031292484
PF3D7_0820700	-0.22594858797126963	-0.3368131874280157	0.7477265278308962	0.9994495031292484
PF3D7_0820800	-0.20464478386261875	-0.39590962675577884	0.7058664008663706	0.9994495031292484
PF3D7_0820900	0.7166243366252837	1.4070787370209672	0.20903544685737774	0.9994495031292484
PF3D7_0821000	0.025581482664871785	0.10326572392807837	0.9211171581229687	0.9994495031292484
PF3D7_0821100	-0.5781418792620976	-1.1763898859887272	0.2839934816902591	0.9994495031292484
PF3D7_0821200	-0.32568406557600044	-0.5091480044312315	0.6288254320520883	0.9994495031292484
PF3D7_0821300	-0.127924950452741	-0.1657817193816797	0.8737737956329303	0.9994495031292484
PF3D7_0821400	-0.6701079861889747	-1.1844547528219174	0.28102113861165656	0.9994495031292484
PF3D7_0821500	0.3680566260437289	0.5126875927000605	0.6264911911935643	0.9994495031292484
PF3D7_0821600	0.17775431805465633	0.6140311255076305	0.5617381420401338	0.9994495031292484
PF3D7_0821700	-0.14510764711142188	-0.20237833717594117	0.8463087981177384	0.9994495031292484
PF3D7_0821800	-0.23768561785982176	-0.3115628658965969	0.7659145949752082	0.9994495031292484
PF3D7_0821900	-0.4088583287203434	-0.6159891546393385	0.560528040704757	0.9994495031292484
PF3D7_0822000	-0.5379869493186886	-1.101234876350314	0.31299953576537165	0.9994495031292484
PF3D7_0822100	-0.01969639355789496	-0.052792082227757345	0.9596113654671174	0.9994495031292484
PF3D7_0822200	-0.7118843464839688	-1.1649595572840252	0.2882522125670817	0.9994495031292484
PF3D7_0822300	-0.7766391672991552	-1.3498027455732513	0.2257762017894981	0.9994495031292484
PF3D7_0822400	-0.5706602179350576	-1.3025752770417858	0.24047937445916334	0.9994495031292484
PF3D7_0822500	0.36700740230338175	0.9117008713851572	0.39707646966304244	0.9994495031292484
PF3D7_0822600	-0.25181859976421517	-0.5891773808523046	0.5772363079740273	0.9994495031292484
PF3D7_0822700	0.03060191785342105	0.04781964102594187	0.9634119797853589	0.9994495031292484
PF3D7_0822800	-0.09687149980316385	-0.22626207022776113	0.828508617675217	0.9994495031292484
PF3D7_0822900	-0.16338344993629542	-0.14171636794884257	0.8919427219622674	0.9994495031292484
PF3D7_0823000	-0.013024611657654775	-0.036108549100593676	0.9723671550517075	0.9994495031292484
PF3D7_0823100	-0.6294362438256504	-0.9452966011900306	0.38100187680118075	0.9994495031292484
PF3D7_0823200	-0.273059692460796	-0.7313692695578368	0.4921171167015026	0.9994495031292484
PF3D7_0823300	-0.3825334398016805	-0.7157694204034991	0.5010271539753095	0.9994495031292484
PF3D7_0823400	-0.3436139631712032	-0.31396139640122717	0.7641796367257918	0.9994495031292484
PF3D7_0823500	-0.06094386429521016	-0.11492312957145992	0.9122555488196397	0.9994495031292484
PF3D7_0823600	1.3227487270273006	1.6980724195793808	0.14041279453392	0.9994495031292484
PF3D7_0823700	0.31414662370952784	0.31470558998714343	0.7636416343626333	0.9994495031292484
PF3D7_0823800	0.4833423117144732	0.8767155412174729	0.41436064615222984	0.9994495031292484
PF3D7_0823900	-0.41710937545197174	-0.5120113694099343	0.6269367731259845	0.9994495031292484
PF3D7_0824000	-0.4664116244704263	-0.6806808069766798	0.5214604468780947	0.9994495031292484
PF3D7_0824100	0.2101828222386605	0.5092148756401138	0.6287812890025397	0.9994495031292484
PF3D7_0824200	0.12448255395347257	0.5157226795562858	0.6244934180572708	0.9994495031292484
PF3D7_0824300	0.06855771039381675	0.3632620051343191	0.7288643381368938	0.9994495031292484
PF3D7_0824400	0.38832140795024156	1.3741268032985992	0.21852349406959912	0.9994495031292484
PF3D7_0824500	0.03335369210103604	0.04970217958703657	0.9619729584652844	0.9994495031292484
PF3D7_0824600	-0.11500857392709156	-0.18958611234881947	0.8558844648414776	0.9994495031292484
PF3D7_0824700	-0.4799553399923198	-1.2750083566552504	0.24945075368555983	0.9994495031292484
PF3D7_0824800	0.28394858473404777	0.9908401948955763	0.3600243017223029	0.9994495031292484
PF3D7_0824900	0.7841507606531931	2.0194221750062415	0.08997240475713299	0.9994495031292484
PF3D7_0825000	-0.03771531491458883	-0.09467106236463144	0.9276586006632825	0.9994495031292484
PF3D7_0825200	-0.5602245343593907	-0.7851073466322314	0.462255906745452	0.9994495031292484
PF3D7_0825300	0.5087340914783223	0.5390922794852324	0.6092287742688454	0.9994495031292484
PF3D7_0825400	-0.7944748771004733	-1.0295423073062824	0.34292758088946307	0.9994495031292484
PF3D7_0825500	0.4750390907599674	2.5643244485754386	0.04265959591318508	0.9994495031292484
PF3D7_0825600	0.1558564313238599	0.5095803143906429	0.6285400851238152	0.9994495031292484
PF3D7_0825700	0.8803567664046933	1.0838402049699687	0.3200554581312587	0.9994495031292484
PF3D7_0825800	-0.9859353090625991	-1.6302231682103736	0.15417633206763576	0.9994495031292484
PF3D7_0825900	-1.3408827538678927	-0.8778357628885844	0.4137985823157307	0.9994495031292484
PF3D7_0826000	-0.4191576920620226	-1.5458275015269722	0.17310356601563656	0.9994495031292484
PF3D7_0826100	0.43365240296862895	0.9029845439410328	0.40133063687938264	0.9994495031292484
PF3D7_0826200	0.07903838265145278	0.23524010939093604	0.8218455255786669	0.9994495031292484
PF3D7_0826300	-0.002162330524654885	-0.011825542845200347	0.9909482005391039	0.9994495031292484
PF3D7_0826400	-0.20539397297936193	-0.28557801927035337	0.7848039031609729	0.9994495031292484
PF3D7_0826500	0.20722296347915156	0.5147737477555229	0.625117655219835	0.9994495031292484
PF3D7_0826600	-0.023256136988589506	-0.05321256742591761	0.9592900254355341	0.9994495031292484
PF3D7_0826700	-0.08209825430061862	-0.12838734792782217	0.9020377283378151	0.9994495031292484
PF3D7_0826900	0.03547497476517475	0.11182323529632864	0.9146107040275582	0.9994495031292484
PF3D7_0827000	0.0941764687541457	0.1498727512849592	0.8857761122722567	0.9994495031292484
PF3D7_0827100	-0.4962117590877076	-0.9000431347821518	0.4027740378018006	0.9994495031292484
PF3D7_0827200	0.03934183945585046	0.06061766879599033	0.9536323884520447	0.9994495031292484
PF3D7_0827300	-0.0328384691383762	-0.08244900110305356	0.936971424444391	0.9994495031292484
PF3D7_0827400	-1.5537727640154355	-1.3646936452001053	0.22131078253354122	0.9994495031292484
PF3D7_0827500	-0.14658812480067981	-0.5981834700701028	0.571590910537739	0.9994495031292484
PF3D7_0827600	-0.17908107265469572	-0.3726648717619693	0.7222075540645903	0.9994495031292484
PF3D7_0827700	-0.9596385136894414	-1.8608549619055315	0.11209084314185822	0.9994495031292484
PF3D7_0827800	0.275314491226821	0.48463085678376067	0.645121821390497	0.9994495031292484
PF3D7_0827900	0.5197762876470614	1.4026106443987716	0.21029956945168043	0.9994495031292484
PF3D7_0828000	-0.05378120847417133	-0.09980494260093546	0.9237503955849741	0.9994495031292484
PF3D7_0828100	-0.06078766887379501	-0.13158794213075692	0.8996117804860327	0.9994495031292484
PF3D7_0828200	-0.42947917248856193	-0.7846945858413017	0.4624803224508034	0.9994495031292484
PF3D7_0828300	0.34803747867751894	0.8731226192470236	0.41616722490873087	0.9994495031292484
PF3D7_0828400	-0.066140649851192	-0.13827175874745554	0.8945495263337502	0.9994495031292484
PF3D7_0828500	-0.3422898089970816	-1.0607874361508192	0.3296084982094229	0.9994495031292484
PF3D7_0828600	0.1273211893695014	0.2891670132432857	0.78218500040532	0.9994495031292484
PF3D7_0828700	0.3326659404451228	0.7360782241228045	0.4894487795035215	0.9994495031292484
PF3D7_0828800	-0.11100145813533618	-0.1517331381394052	0.8843707819203628	0.9994495031292484
PF3D7_0828900	-0.2830146465010287	-0.4377822554668128	0.6768639862382616	0.9994495031292484
PF3D7_0829000	0.35947039467648595	0.9388365419777549	0.38405313062557744	0.9994495031292484
PF3D7_0829100	-0.2550785630459278	-0.8862439987504002	0.4095980363295458	0.9994495031292484
PF3D7_0829200	-0.11456899652181232	-0.346416019506478	0.7408551708680765	0.9994495031292484
PF3D7_0829300	-0.9428542121306122	-2.001562639498215	0.09222639954701298	0.9994495031292484
PF3D7_0829400	-0.048537038865109294	-0.13247702580692308	0.8989380932353513	0.9994495031292484
PF3D7_0829500	0.3318702731679025	0.5738405585322613	0.5869261908310722	0.9994495031292484
PF3D7_0829600	-0.16729174744438988	-0.2063666081510463	0.8433291485857575	0.9994495031292484
PF3D7_0829700	0.5201028515679186	0.48625843391065726	0.6440331196364684	0.9994495031292484
PF3D7_0829800	-1.011189169432247	-0.9605266468462262	0.3738829433968176	0.9994495031292484
PF3D7_0829900	-2.105333571373973	-2.3385061199049737	0.05796224986117272	0.9994495031292484
PF3D7_0830000	0.34866465862624535	1.0000000000000009	0.3559176837495817	0.9994495031292484
PF3D7_0830100	-0.01410356357384041	-0.033569899626296806	0.9743090278880402	0.9994495031292484
PF3D7_0830200	-2.068249275965103	-2.8715880630051553	0.02836808594790808	0.9994495031292484
PF3D7_0830300	0.6096937541094486	0.9673880748945697	0.37070990117919744	0.9994495031292484
PF3D7_0830400	-0.4313298687404742	-0.7223385092086309	0.49726199005183014	0.9994495031292484
PF3D7_0830500	0.03695158171451737	0.06071160275767666	0.953560639388678	0.9994495031292484
PF3D7_0830600	0.4418899271843969	0.7495608597743091	0.48186350681976253	0.9994495031292484
PF3D7_0830700	-0.4003045381820333	-0.7366567497990069	0.4891216379682638	0.9994495031292484
PF3D7_0830800	-0.12179234201998995	-0.24899563767637806	0.8116685104680866	0.9994495031292484
PF3D7_0830900	-0.10897192564633895	-0.27463652527660803	0.7928068872349151	0.9994495031292484
PF3D7_0831000	1.3359328321458557	1.1313093401744274	0.30110618801997097	0.9994495031292484
PF3D7_0831100	0.25237089163599546	0.2931625418137707	0.7792731258701691	0.9994495031292484
PF3D7_0831200	0.046116185717804715	0.10528431728314039	0.9195817555120043	0.9994495031292484
PF3D7_0831300	0.006960569673635838	0.011414102390214871	0.9912631192241976	0.9994495031292484
PF3D7_0831400	0.5328777758552034	1.114129406310961	0.3078529720167656	0.9994495031292484
PF3D7_0831500	0.5692960884583196	1.1320155107347323	0.3008315459634207	0.9994495031292484
PF3D7_0831600	-0.6177613002781462	-1.8664005303962952	0.11123246574742361	0.9994495031292484
PF3D7_0831700	0.03640847561872302	0.05147125476743094	0.9606208120794013	0.9994495031292484
PF3D7_0831750	0.00019766830994679405	0.0005116485638768382	0.999608350673334	0.9998036748081802
PF3D7_0831800	0.13554220423132304	0.1357520056716002	0.8964573366419883	0.9994495031292484
PF3D7_0831900	0.03585376601949271	0.0526955331448154	0.9596851506568699	0.9994495031292484
PF3D7_0832000	-0.1605915370652376	-0.18162922737948897	0.8618543347013022	0.9994495031292484
PF3D7_0832100	0.731561583065258	0.7435057116709212	0.4852600658814038	0.9994495031292484
PF3D7_0832200	0.10245411516818882	0.1681684142560583	0.8719762681209233	0.9994495031292484
PF3D7_0832300	-0.5371959715091896	-0.7331586659910239	0.49110198950321116	0.9994495031292484
PF3D7_0832400	0.6400302156910694	0.8695492591493608	0.4179697957883122	0.9994495031292484
PF3D7_0832500	-0.9523426341462575	-1.3172762385898527	0.2358133160636509	0.9994495031292484
PF3D7_0832600	-0.7629102576744932	-0.9283694719765448	0.3890370919697268	0.9994495031292484
PF3D7_0832800	0.26938300055212816	0.4723664843328659	0.653356443455487	0.9994495031292484
PF3D7_0832900	-0.2482918385023687	-0.41033970430288724	0.6958070763526171	0.9994495031292484
PF3D7_0833000	-0.6703164506454932	-0.9919438439182611	0.3595275152679038	0.9994495031292484
PF3D7_0833100	-0.6837537422693536	-1.3036826120588771	0.24012506498700803	0.9994495031292484
PF3D7_0833200	-0.37949364536607344	-1.000000000000001	0.3559176837495817	0.9994495031292484
PF3D7_0833400	0.18591640912337454	0.5485757110703633	0.6030946576619185	0.9994495031292484
PF3D7_0833500	-0.9730366556283827	-1.491020492992463	0.1865485137072137	0.9994495031292484
PF3D7_0900100	-1.2809789092788149	-1.6609397344479992	0.14779151188351536	0.9994495031292484
PF3D7_0900200	-0.1443494240202638	-0.2874938512630428	0.7834055263302763	0.9994495031292484
PF3D7_0900300	-0.966384003351356	-0.8135114007419514	0.44699789711690574	0.9994495031292484
PF3D7_0900400	0.08285852853781916	0.15427245854647484	0.8824533323892108	0.9994495031292484
PF3D7_0900500	-0.3354214961166066	-0.5211367593640394	0.6209384042750723	0.9994495031292484
PF3D7_0900600	-0.01116839448685018	-0.011070791413237628	0.9915258925721255	0.9994495031292484
PF3D7_0900700	0.4353310870780082	0.8378755049368365	0.4342016005395474	0.9994495031292484
PF3D7_0900800	0.44982534295332943	1.0000000000000007	0.35591768374958177	0.9994495031292484
PF3D7_0900900	0.3736829463911677	0.5119076376225191	0.6270051400868215	0.9994495031292484
PF3D7_0901300	-0.16125386459797322	-0.193339110158574	0.8530722721857604	0.9994495031292484
PF3D7_0901400	-0.4197831398892561	-0.6559616547030087	0.5361772670458375	0.9994495031292484
PF3D7_0901500	0.18783118274396726	0.20006316154152012	0.8480397552784016	0.9994495031292484
PF3D7_0901600	1.1420259008601512	0.9210070300974255	0.39257250529729776	0.9994495031292484
PF3D7_0901700	0.16288667354979308	0.20746508644994813	0.8425089686413761	0.9994495031292484
PF3D7_0901800	0.5588970703042345	0.9654314542260228	0.3716125725738808	0.9994495031292484
PF3D7_0901900	0.4466351071280296	0.6685821327243056	0.5286305407642123	0.9994495031292484
PF3D7_0902000	-0.3859808827618807	-1.4104487746723138	0.2080865893300753	0.9994495031292484
PF3D7_0902100	-0.5912975360609142	-1.4461221679759664	0.19828200642417484	0.9994495031292484
PF3D7_0902200	-0.2431930183194234	-0.9432151360106173	0.3819829462358351	0.9994495031292484
PF3D7_0902300	-0.4639482973681462	-0.9452891571863208	0.3810053819385014	0.9994495031292484
PF3D7_0902400	-0.1612306627698117	-0.33783223228410575	0.7469961251833848	0.9994495031292484
PF3D7_0902500	0.32657864811379433	1.1799360218013881	0.2826832368634461	0.9994495031292484
PF3D7_0902600	-0.6476256366700518	-1.945244935429999	0.09971416036717749	0.9994495031292484
PF3D7_0902700	0.1513620057628056	0.6953623855346319	0.5128451756618966	0.9994495031292484
PF3D7_0902800	0.4291214873411426	0.9786582742533768	0.36554400077060883	0.9994495031292484
PF3D7_0902900	0.9275816570202716	1.0643595427332988	0.32811306828220377	0.9994495031292484
PF3D7_0903000	-0.06328655604594842	-0.10814778816508365	0.9174043672139468	0.9994495031292484
PF3D7_0903100	-0.5324605850124511	-0.6430947372768494	0.5439416853250927	0.9994495031292484
PF3D7_0903200	0.11532732369690359	0.17606752822287525	0.8660331249618092	0.9994495031292484
PF3D7_0903300	0.30572433730690557	0.5106552088961652	0.6278309038900344	0.9994495031292484
PF3D7_0903400	0.9883641096576544	1.5225754540732332	0.178692632248533	0.9994495031292484
PF3D7_0903500	-0.27707012376742424	-0.43103597094343815	0.6814975828634936	0.9994495031292484
PF3D7_0903600	0.13463540811406316	0.1510024165046638	0.8849227120649704	0.9994495031292484
PF3D7_0903700	-0.44458873618794625	-0.6984864276167735	0.5110241251631482	0.9994495031292484
PF3D7_0903800	0.6272299532466835	0.9548172885516325	0.3765393859243349	0.9994495031292484
PF3D7_0903900	-0.23478671781818386	-0.3778518219316674	0.7185467653605639	0.9994495031292484
PF3D7_0904000	-0.09796893069227307	-0.3994034037131087	0.7034247765138486	0.9994495031292484
PF3D7_0904100	0.3915937359501414	0.6628548290312141	0.5320468235041085	0.9994495031292484
PF3D7_0904200	-0.3344557525651018	-0.5514457160751677	0.6012452197726756	0.9994495031292484
PF3D7_0904300	-0.6749472981022189	-0.9689932630954506	0.3699706467890042	0.9994495031292484
PF3D7_0904400	-0.010867504409205546	-0.01028128605091778	0.9921301915269558	0.9994495031292484
PF3D7_0904500	0.28456053960463507	0.39287627187728935	0.7079893770157275	0.9994495031292484
PF3D7_0904600	-0.14318673355683156	-0.3316923563837511	0.7514012264036227	0.9994495031292484
PF3D7_0904700	-0.2096361540749653	-0.2560033977044965	0.8064991442116106	0.9994495031292484
PF3D7_0904800	0.4581967084524525	0.606655094276591	0.5663110066135952	0.9994495031292484
PF3D7_0904900	0.5435273940060996	0.8411016999747847	0.4325273957316539	0.9994495031292484
PF3D7_0905000	-0.09296086725348791	-0.09828814068720222	0.9249048351203396	0.9994495031292484
PF3D7_0905100	-0.21773841589144222	-0.533878765227136	0.6126159342387132	0.9994495031292484
PF3D7_0905200	-0.2536064980745099	-0.7414647309065315	0.48640861970415816	0.9994495031292484
PF3D7_0905300	-0.47036274064951406	-0.581620723900063	0.5819987143730228	0.9994495031292484
PF3D7_0905400	0.45368475690649357	0.6888759571381864	0.5166398600031598	0.9994495031292484
PF3D7_0905500	-0.3109543005392262	-0.2378561285103401	0.8199070668244385	0.9994495031292484
PF3D7_0905600	0.722741540804616	0.8167227176111095	0.44529585281316103	0.9994495031292484
PF3D7_0905700	-0.62511843487084	-1.0168914402753964	0.348442856337336	0.9994495031292484
PF3D7_0905800	-0.5405727616939218	-1.5385772193778522	0.1748284087553581	0.9994495031292484
PF3D7_0905900	0.09817520043335061	0.3198307743425107	0.7599404101121452	0.9994495031292484
PF3D7_0906000	-0.13951474126776667	-0.3173326964294868	0.7617435696460327	0.9994495031292484
PF3D7_0906100	-0.28728634733393044	-0.37354464813199884	0.7215860638517283	0.9994495031292484
PF3D7_0906200	-0.1872060409093268	-0.29559243497194393	0.7775041744040161	0.9994495031292484
PF3D7_0906300	0.0684407646766172	0.2694151133673345	0.7966358505440008	0.9994495031292484
PF3D7_0906400	0.5527126521520944	0.891185396172772	0.40714444459580823	0.9994495031292484
PF3D7_0906500	-0.09144346181068293	-0.3488946439573432	0.7390857911846287	0.9994495031292484
PF3D7_0906600	-0.0003574902016672087	-0.0009259364874909494	0.999291227640478	0.9998036748081802
PF3D7_0906700	-0.14821166134494623	-0.39684212695889726	0.7052143465057477	0.9994495031292484
PF3D7_0906800	0.05093818685625701	0.0957342970257144	0.9268490196092728	0.9994495031292484
PF3D7_0906890	1.0474859019264566	2.8888168764157176	0.027736377439719396	0.9994495031292484
PF3D7_0906910	-0.013324875246200536	-0.05541597055091451	0.9576062958967524	0.9994495031292484
PF3D7_0907000	0.020666472870195535	0.02281323261733624	0.9825390234467208	0.9994495031292484
PF3D7_0907100	0.5130154626580156	1.556504517751375	0.17059269843315739	0.9994495031292484
PF3D7_0907200	-0.068602196668634	-0.12764948556469555	0.9025971699445348	0.9994495031292484
PF3D7_0907300	0.30476888094985316	0.48661301995985085	0.643796061839256	0.9994495031292484
PF3D7_0907400	-0.12016324545071992	-0.325093509219616	0.7561470880646971	0.9994495031292484
PF3D7_0907500	-0.37727088418809435	-0.6364035765787283	0.5480072791782513	0.9994495031292484
PF3D7_0907600	0.6727322950140012	1.0684717558220893	0.32639842329518765	0.9994495031292484
PF3D7_0907700	-0.10311779523778254	-0.29238298895105724	0.7798409446143262	0.9994495031292484
PF3D7_0907800	-0.24395848411020357	-0.5583438397689535	0.5968133531030142	0.9994495031292484
PF3D7_0907900	-0.2604684043809566	-0.5212735962719023	0.6208486984274885	0.9994495031292484
PF3D7_0908000	-0.13495949117880554	-0.40990701280155467	0.6961077383462244	0.9994495031292484
PF3D7_0908100	0.032690841168894855	0.06062478881446245	0.9536269499906461	0.9994495031292484
PF3D7_0908200	-0.23749160322632226	-0.39584697472085395	0.7059102203631734	0.9994495031292484
PF3D7_0908300	0.05674649818471803	0.0970763129641387	0.9258273026982448	0.9994495031292484
PF3D7_0908400	0.15295010854320876	0.1844138146158156	0.8597639612852017	0.9994495031292484
PF3D7_0908500	0.2765271366424099	0.5186223778849689	0.622588021228736	0.9994495031292484
PF3D7_0908600	0.08180864746667839	0.3370242720206106	0.7475752088837164	0.9994495031292484
PF3D7_0908700	0.030228934999289154	0.05169088973010398	0.9604529497537273	0.9994495031292484
PF3D7_0908800	-0.2458945646127566	-1.699882483787886	0.14006237580074218	0.9994495031292484
PF3D7_0908900	-0.45570090249779227	-2.0096803279907345	0.09119489607620204	0.9994495031292484
PF3D7_0909000	-0.2538758891586479	-0.49785029006946924	0.6363073021387133	0.9994495031292484
PF3D7_0909100	0.10897483564620064	0.22969826774310498	0.8259565452993373	0.9994495031292484
PF3D7_0909200	1.0426993116041388	1.9681052733160849	0.09660361014443283	0.9994495031292484
PF3D7_0909300	-0.5374911781381863	-1.0464115643055507	0.33568329468226754	0.9994495031292484
PF3D7_0909400	0.3055813185293296	0.584250752279377	0.580338563490707	0.9994495031292484
PF3D7_0909500	0.25719998493072865	0.5802161747277821	0.582886457142549	0.9994495031292484
PF3D7_0909600	0.01289175712808674	0.03298319731688899	0.9747578383110738	0.9994495031292484
PF3D7_0909700	0.14981618383042425	0.29408186339295866	0.7786036927467838	0.9994495031292484
PF3D7_0909800	-0.9147358737596951	-1.279531155727197	0.24795883800658666	0.9994495031292484
PF3D7_0909900	-0.08951783651882265	-0.19529235882956533	0.8516095987440743	0.9994495031292484
PF3D7_0910000	-0.18409436055638864	-0.17229157308868065	0.8688729111340456	0.9994495031292484
PF3D7_0910100	0.27500695780144296	0.778181668233032	0.4660315370709466	0.9994495031292484
PF3D7_0910200	0.13482623135577118	0.2344855065753782	0.822404939946886	0.9994495031292484
PF3D7_0910300	0.18905152117259846	0.40819087468776794	0.6973008175282871	0.9994495031292484
PF3D7_0910400	0.27695775845087356	0.4773863370503644	0.6499794208737562	0.9994495031292484
PF3D7_0910500	0.20220725755292293	0.5468444141240429	0.6042118756797091	0.9994495031292484
PF3D7_0910600	-0.6271037456845636	-0.894357032491586	0.4055754591055858	0.9994495031292484
PF3D7_0910700	-0.5472587663286369	-0.5957165324635151	0.573133981807918	0.9994495031292484
PF3D7_0910800	0.2688231969113826	0.7506040194053034	0.48128001531249265	0.9994495031292484
PF3D7_0910900	0.18141964713402953	0.7222477498157333	0.49731387985560105	0.9994495031292484
PF3D7_0911000	-0.11023477953668398	-0.3374156467227354	0.7472946790624195	0.9994495031292484
PF3D7_0911100	-1.1071237232372881	-0.8988768505934074	0.40334744274221956	0.9994495031292484
PF3D7_0911200	0.11217800616160072	0.29973917302407305	0.7744887459287616	0.9994495031292484
PF3D7_0911300	-0.7928678383343831	-1.076211350217567	0.3231912655258979	0.9994495031292484
PF3D7_0911400	0.47705215123549316	1.2078563017066317	0.2725472176284177	0.9994495031292484
PF3D7_0911500	-0.9256707191531227	-1.0147410030788981	0.3493874198696034	0.9994495031292484
PF3D7_0911600	-0.24642330456504677	-0.7524850594342724	0.4802290863708748	0.9994495031292484
PF3D7_0911700	-0.19062039094048844	-0.45145739054029443	0.6675189661923777	0.9994495031292484
PF3D7_0911800	-0.3858722265253631	-1.5694054778275333	0.1676047492638172	0.9994495031292484
PF3D7_0911900	-0.056285702269149335	-0.1440984483152275	0.8901408790962917	0.9994495031292484
PF3D7_0912000	0.42627696997040815	1.122745804880701	0.3044535173512698	0.9994495031292484
PF3D7_0912100	-0.2027425339671549	-1.2451940530077652	0.25948480251693595	0.9994495031292484
PF3D7_0912200	0.8303333272120559	1.405091948829887	0.20959669332146563	0.9994495031292484
PF3D7_0912400	0.38390220468699565	0.8581348534433875	0.42376669660298694	0.9994495031292484
PF3D7_0912500	-0.13517621612569986	-0.4890163194303419	0.6421905518228259	0.9994495031292484
PF3D7_0912600	-0.6095020698550113	-1.3262990243326864	0.23298970061879506	0.9994495031292484
PF3D7_0912700	-0.6888198720561014	-0.8471194137476775	0.42941720982368026	0.9994495031292484
PF3D7_0912800	0.048048121978672205	0.3311925286290911	0.7517602867537799	0.9994495031292484
PF3D7_0912900	0.2582569965888618	0.7546138508211474	0.47904165128281406	0.9994495031292484
PF3D7_0913000	-0.8962385590149768	-1.4470796205397247	0.19802481654354764	0.9994495031292484
PF3D7_0913100	-0.16616251857869174	-0.4555218731657754	0.6647539104615843	0.9994495031292484
PF3D7_0913200	0.6146260278839208	1.1157019405970292	0.30723019480112984	0.9994495031292484
PF3D7_0913300	-0.24148808220352977	-0.6507139892444799	0.5393353773829581	0.9994495031292484
PF3D7_0913400	-0.025382185850169634	-0.05417940908699558	0.9585511848937361	0.9994495031292484
PF3D7_0913500	0.3223802149596698	0.5061565770983415	0.6308018516230793	0.9994495031292484
PF3D7_0913600	0.726458116446778	1.4903346496455558	0.18672278935086728	0.9994495031292484
PF3D7_0913700	-0.17833320868751232	-0.3132855566185233	0.7646683488828658	0.9994495031292484
PF3D7_0913800	-0.4662430119918684	-0.34526336772859834	0.7416785905317849	0.9994495031292484
PF3D7_0913900	0.17784148725854113	0.5810236783828503	0.5823759781497018	0.9994495031292484
PF3D7_0914000	0.05009175140592607	0.07355562821750268	0.9437548626707816	0.9994495031292484
PF3D7_0914100	-0.4032956418722827	-0.5504710971004131	0.6018729028529065	0.9994495031292484
PF3D7_0914200	-0.8319798007784637	-1.65466001352869	0.14907580306369136	0.9994495031292484
PF3D7_0914300	0.2907785223712638	0.8055778508250728	0.45122284583243377	0.9994495031292484
PF3D7_0914400	-0.4607562593172535	-0.9113953999988943	0.3972249771542122	0.9994495031292484
PF3D7_0914500	0.08578056097170807	0.18983728415822054	0.8556961840598855	0.9994495031292484
PF3D7_0914600	-0.37671710899876354	-0.7144789173804277	0.501769067221745	0.9994495031292484
PF3D7_0914700	-0.3974410580326406	-0.6466881272224496	0.5417661743596673	0.9994495031292484
PF3D7_0914800	-0.6717154717932634	-1.3531063881080736	0.22477855822395906	0.9994495031292484
PF3D7_0914900	0.5446517578263645	1.9536462290594292	0.09855948538344045	0.9994495031292484
PF3D7_0915000	0.17460505667953014	1.0652205643597745	0.3277534427203521	0.9994495031292484
PF3D7_0915100	-0.2683100191578726	-0.3467827075765601	0.7405932987515027	0.9994495031292484
PF3D7_0915200	-0.28763143491723814	-0.8031432051834044	0.4525251182428802	0.9994495031292484
PF3D7_0915300	-0.3811012248714512	-0.8777163280903364	0.41385848073668074	0.9994495031292484
PF3D7_0915400	0.45906346465147346	0.7455060289289981	0.48413620039460137	0.9994495031292484
PF3D7_0915500	1.3856525869402065	1.7484670538822957	0.1309679542482453	0.9994495031292484
PF3D7_0915600	-0.9204878186393396	-2.033740294530105	0.08820569516786231	0.9994495031292484
PF3D7_0915700	-0.22470421924099054	-0.34764028991286927	0.7399810007866969	0.9994495031292484
PF3D7_0915800	0.7079443033346342	1.106580486499083	0.31085731322880866	0.9994495031292484
PF3D7_0915900	-0.2897848787234491	-0.7283260293148331	0.4938468212465623	0.9994495031292484
PF3D7_0916000	-0.3207913042229092	-1.2382568625437846	0.26186964792302847	0.9994495031292484
PF3D7_0916100	-0.5318950661875437	-0.604505255292148	0.5676480762655043	0.9994495031292484
PF3D7_0916200	-0.1153226623076545	-0.26344651815435366	0.8010203430282108	0.9994495031292484
PF3D7_0916300	-0.5398760068391152	-0.6229372469852585	0.5562469121341618	0.9994495031292484
PF3D7_0916400	0.40594583363493597	0.7929694510486138	0.45799602016401586	0.9994495031292484
PF3D7_0916500	-0.3812417891177522	-0.6521330218102729	0.5384802228909635	0.9994495031292484
PF3D7_0916600	-0.021209973888997546	-0.015347830553181473	0.9882523025973452	0.9994495031292484
PF3D7_0916700	-0.003688451929876521	-0.007024452042359831	0.9946230755803371	0.9994721830400533
PF3D7_0916800	0.002211845200188195	0.0026160764280269266	0.9979974862970975	0.999657757528891
PF3D7_0916900	-0.3514077474639817	-0.5655794173196046	0.5921849822784784	0.9994495031292484
PF3D7_0917000	0.3362156661020995	0.5551849451917485	0.5988405247208681	0.9994495031292484
PF3D7_0917100	-0.5710248881875511	-1.1191965595777527	0.3058499820510122	0.9994495031292484
PF3D7_0917200	0.6006403175337498	0.8812267411683666	0.4121006624736949	0.9994495031292484
PF3D7_0917300	-0.2732464802405567	-0.829685797871588	0.4384728319015541	0.9994495031292484
PF3D7_0917400	0.5182887583544602	1.4380539808400143	0.20046154434094654	0.9994495031292484
PF3D7_0917500	0.4043511979709896	1.3617354787615532	0.22219146071747284	0.9994495031292484
PF3D7_0917600	-0.3457121074666083	-0.5737644240865452	0.5869745304815401	0.9994495031292484
PF3D7_0917700	0.7763280707974335	0.9529726427414367	0.37740080289513495	0.9994495031292484
PF3D7_0917800	-0.7957238098753892	-1.234497936154098	0.2631698575856808	0.9994495031292484
PF3D7_0917900	0.780255199223093	0.9796184460409345	0.36510652604804295	0.9994495031292484
PF3D7_0918000	0.37727404575752127	0.6475064210708011	0.5412715320392198	0.9994495031292484
PF3D7_0918100	-0.2554022941987158	-0.6480673958769118	0.5409325990145275	0.9994495031292484
PF3D7_0918200	-0.6859629880189408	-1.368660684855478	0.22013471025898715	0.9994495031292484
PF3D7_0918300	-0.28818207929023537	-0.3297911477318709	0.7527673570747713	0.9994495031292484
PF3D7_0918400	-0.752042721729805	-0.8634784599351396	0.4210455181429387	0.9994495031292484
PF3D7_0918500	-0.7645149235125775	-1.0667353978081946	0.3271215226460989	0.9994495031292484
PF3D7_0918600	0.3737930919166823	0.5966412941269547	0.5725552495214	0.9994495031292484
PF3D7_0918700	-1.20920841310863	-1.419216208081743	0.20563650286408378	0.9994495031292484
PF3D7_0918800	-0.35482273956572524	-0.6657492771387401	0.5303185437551619	0.9994495031292484
PF3D7_0918900	-0.09860396784412258	-0.1613728452155678	0.8770964817611643	0.9994495031292484
PF3D7_0919000	-0.09616853985885865	-0.2094333456426718	0.8410399080844231	0.9994495031292484
PF3D7_0919100	0.5488161309514891	1.3417463789506359	0.22822583415421643	0.9994495031292484
PF3D7_0919200	-0.03157225520026699	-0.029727344809569418	0.9772486511530782	0.9994495031292484
PF3D7_0919300	-0.9266714674639392	-1.222282102977882	0.2674342240508465	0.9994495031292484
PF3D7_0919400	0.9896609690407823	1.0726568997298016	0.32466093436221083	0.9994495031292484
PF3D7_0919500	0.37867769955437647	0.6588661294476607	0.5344343937278764	0.9994495031292484
PF3D7_0919600	-0.3983573562058213	-0.5218299296363406	0.6204840578332058	0.9994495031292484
PF3D7_0919700	-0.16141016711593723	-0.29709724297261686	0.7764094124470323	0.9994495031292484
PF3D7_0919800	0.05686102794873397	0.2166675142654693	0.8356465733579539	0.9994495031292484
PF3D7_0919900	0.6998916769437441	0.9942759848789205	0.3584795385050622	0.9994495031292484
PF3D7_0920000	1.1994538414485707	4.422254759730088	0.004460103630461169	0.9994495031292484
PF3D7_0920100	-0.36484842008978235	-0.7448336239028805	0.4845137874142794	0.9994495031292484
PF3D7_0920200	-1.009675632263376	-2.0310888958201354	0.08853017734206428	0.9994495031292484
PF3D7_0920300	0.31360327612741173	0.4612790241748461	0.6608472153798441	0.9994495031292484
PF3D7_0920400	0.2470870559206028	0.612814123115451	0.5624910794361488	0.9994495031292484
PF3D7_0920500	-0.6784545245290003	-1.7600772440433134	0.12888144070936394	0.9994495031292484
PF3D7_0920600	0.02309524120756444	0.0694917443962064	0.9468563581283415	0.9994495031292484
PF3D7_0920700	0.18786075801051438	0.556509478351089	0.5979900446234705	0.9994495031292484
PF3D7_0920800	-0.015275025133816676	-0.07118828241805057	0.9455614580614142	0.9994495031292484
PF3D7_0920900	-0.40664544161580973	-1.8010000424346808	0.12178363964864533	0.9994495031292484
PF3D7_0921000	-0.4776016802897588	-0.7497765428072124	0.48174282454676143	0.9994495031292484
PF3D7_0921100	0.4832881768899626	0.5964690846851133	0.5726629946207982	0.9994495031292484
PF3D7_0921200	0.10556750073565598	0.3433595517568167	0.7430394398361517	0.9994495031292484
PF3D7_0921300	0.7937810924587333	1.4231887100823009	0.2045351056667798	0.9994495031292484
PF3D7_0921400	0.838145020167561	1.1595399771006094	0.290290403223555	0.9994495031292484
PF3D7_0921500	0.001705279095523203	0.0019108071739939608	0.9985373439843115	0.999657757528891
PF3D7_0921600	0.37024863680314474	0.8425117991942861	0.43179712431176337	0.9994495031292484
PF3D7_0921700	-0.4089605562449099	-1.1103501345847917	0.3093540112194671	0.9994495031292484
PF3D7_0921800	-0.11149775825308413	-0.24354840799650537	0.8156939467229202	0.9994495031292484
PF3D7_0921900	0.2447852318769087	1.2511479458941805	0.25745316440905247	0.9994495031292484
PF3D7_0922000	-1.0361680283399688	-2.4405867564685644	0.05043147078556232	0.9994495031292484
PF3D7_0922100	0.5983934414294452	1.001889840285408	0.3550750739760706	0.9994495031292484
PF3D7_0922200	0.36870543037888304	0.6401613212206498	0.5457217083989314	0.9994495031292484
PF3D7_0922300	-0.8118395217970914	-1.121293387018631	0.30502432912194066	0.9994495031292484
PF3D7_0922400	0.8649811604610909	1.3224638229241976	0.2341861818047789	0.9994495031292484
PF3D7_0922500	0.25062634626815716	0.5653801409620954	0.5923121734518135	0.9994495031292484
PF3D7_0922600	-0.06376044009006417	-0.14861805229905323	0.8867241654571859	0.9994495031292484
PF3D7_0922700	-0.3903885000519529	-2.9323916127106067	0.02620546267078933	0.9994495031292484
PF3D7_0922800	0.49056742003111226	0.992748467730871	0.35916567267979793	0.9994495031292484
PF3D7_0922900	-0.06405035494237307	-0.11649696991266066	0.9110601903971842	0.9994495031292484
PF3D7_0923000	0.2971694064228594	0.5597839564037164	0.5958904944890311	0.9994495031292484
PF3D7_0923100	0.5750899999587563	0.6552116097152615	0.5366279308360111	0.9994495031292484
PF3D7_0923200	-0.2614757500575393	-0.7427256463388051	0.4856988249817852	0.9994495031292484
PF3D7_0923300	0.2705692037673394	0.33571596742830506	0.7485132836526383	0.9994495031292484
PF3D7_0923400	-0.06745067385823693	-0.20284147281942996	0.8459626439822271	0.9994495031292484
PF3D7_0923500	-0.15894349619696985	-0.773573430788208	0.46855576581874736	0.9994495031292484
PF3D7_0923600	0.43458120809671597	0.8673980253524955	0.4190577821987599	0.9994495031292484
PF3D7_0923700	0.03384927497406208	0.066188894581638	0.9493777987752438	0.9994495031292484
PF3D7_0923800	-0.2589578223673546	-1.4355327257863972	0.20114715002196784	0.9994495031292484
PF3D7_0923900	-0.1698972757169779	-0.409471389387616	0.6964104987639186	0.9994495031292484
PF3D7_0924000	-0.1267439406363528	-0.4350452259444156	0.6787420265771715	0.9994495031292484
PF3D7_0924100	-0.16205992688592333	-0.4745609634769969	0.6518790306219719	0.9994495031292484
PF3D7_0924200	-0.07310947908522586	-0.2356863009869425	0.8215148015849495	0.9994495031292484
PF3D7_0924300	0.13939219539018188	0.39785669821687436	0.7045052151834965	0.9994495031292484
PF3D7_0924400	-0.18121857834723673	-0.3082774753784985	0.7682934713917533	0.9994495031292484
PF3D7_0924500	0.4523677305863566	0.9734522324226842	0.3679231906509579	0.9994495031292484
PF3D7_0924600	0.8745048691569633	1.265878391662628	0.25248656710908046	0.9994495031292484
PF3D7_0924700	0.09612107392406796	0.30417372633311845	0.7712687886716385	0.9994495031292484
PF3D7_0924800	-0.2486674963720239	-0.41882963287843133	0.6899200404565462	0.9994495031292484
PF3D7_0924900	0.7464002411670794	0.7495428305072301	0.4818735957740534	0.9994495031292484
PF3D7_0925000	-0.17952094487234174	-0.41294287225769344	0.6939995073128289	0.9994495031292484
PF3D7_0925100	0.831733135231538	1.319939155988678	0.23497680894601253	0.9994495031292484
PF3D7_0925200	0.10675906853593038	0.23217145264576572	0.8241211439883953	0.9994495031292484
PF3D7_0925300	-0.22926101372426014	-0.8891837801849766	0.4081369845571005	0.9994495031292484
PF3D7_0925400	-0.14626903067178995	-0.31211597557943305	0.7655143749541932	0.9994495031292484
PF3D7_0925500	-0.5253742842440398	-0.8686480021168397	0.41842535008858917	0.9994495031292484
PF3D7_0925600	-0.6594435088752519	-0.6994339710314064	0.5104726341655557	0.9994495031292484
PF3D7_0925700	-0.5169166176193336	-1.2074909970239804	0.27267778510139884	0.9994495031292484
PF3D7_0925800	-0.18165445600112665	-0.37850886093534053	0.7180836285257073	0.9994495031292484
PF3D7_0925900	0.6373368313343242	1.3469324032999381	0.22664623440170406	0.9994495031292484
PF3D7_0926000	-0.5822237945167029	-0.9869648263007527	0.36177304226101875	0.9994495031292484
PF3D7_0926100	-0.20683353705669108	-0.4393456415532697	0.6757923932599004	0.9994495031292484
PF3D7_0926200	-0.2154702874861604	-0.22041342693212523	0.8328576826519871	0.9994495031292484
PF3D7_0926300	-0.5209485959257787	-1.4989579008133422	0.1845425925854671	0.9994495031292484
PF3D7_0926400	0.6171303262425559	0.9749866654517418	0.36722068109962225	0.9994495031292484
PF3D7_0926500	0.2250502471512946	0.3199441770339701	0.7598585930331525	0.9994495031292484
PF3D7_0926600	-0.018810387531310147	-0.026843911859822062	0.9794547890340267	0.9994495031292484
PF3D7_0926700	0.9692353456689942	1.4154870272919164	0.20667538534096877	0.9994495031292484
PF3D7_0926800	0.018599876401967707	0.08143337028953401	0.9377458174825236	0.9994495031292484
PF3D7_0926900	0.02740840846247039	0.1171165444778481	0.9105896828003468	0.9994495031292484
PF3D7_0927000	-0.13705049979638614	-0.18205553057241664	0.8615342313848793	0.9994495031292484
PF3D7_0927100	0.2497706245755183	0.3554574932305254	0.7344093374510473	0.9994495031292484
PF3D7_0927200	-0.19710593522314984	-0.17682642741179525	0.865462641846351	0.9994495031292484
PF3D7_0927300	0.2858727601056438	0.9489644545404144	0.37927785067220166	0.9994495031292484
PF3D7_0927400	0.40564771724249143	0.5074672929299575	0.6299354556623742	0.9994495031292484
PF3D7_0927500	0.025121440222855822	0.024854578759166066	0.9809769613014236	0.9994495031292484
PF3D7_0927600	0.24138624856382176	0.7310287228346735	0.4923104706786249	0.9994495031292484
PF3D7_0927700	0.04588522822321183	0.17995269943812317	0.863113487391421	0.9994495031292484
PF3D7_0927800	-0.8209180044217131	-1.3300542566785003	0.23182347569127643	0.9994495031292484
PF3D7_0927900	-0.17551841984624555	-0.3446225426851435	0.7421365388540387	0.9994495031292484
PF3D7_0928000	-0.4518799009520395	-0.7312744403972736	0.49217095316392245	0.9994495031292484
PF3D7_0928100	0.03882306972211132	0.04806621823664313	0.9632234862812947	0.9994495031292484
PF3D7_0928200	0.35130393056256937	1.669895528444222	0.14597835202327789	0.9994495031292484
PF3D7_0928300	-0.4013475593405011	-0.5600632409793111	0.5957116181693307	0.9994495031292484
PF3D7_0928400	-0.5465122426862098	-0.6597314735312014	0.5339158317032572	0.9994495031292484
PF3D7_0928500	-0.09018134256461324	-0.16943781395553542	0.8710205664560875	0.9994495031292484
PF3D7_0928600	0.08386862331698973	0.10521677372069432	0.91963312506606	0.9994495031292484
PF3D7_0928700	0.3541878762524727	0.8795048076051856	0.4129622095620617	0.9994495031292484
PF3D7_0928800	0.1487767875398127	0.30227498706357486	0.7726468685142439	0.9994495031292484
PF3D7_0928900	-0.2585248879994599	-0.40159599216166203	0.7018944613748916	0.9994495031292484
PF3D7_0929000	-0.33937249403875797	-0.6805737685164048	0.521523603037192	0.9994495031292484
PF3D7_0929100	-0.3660957647006106	-1.6587363130633297	0.14824092461881141	0.9994495031292484
PF3D7_0929200	-0.26737389051316446	-0.6383577294984719	0.5468179584858484	0.9994495031292484
PF3D7_0929300	0.12832746045004237	0.7620569946601625	0.4749058537395251	0.9994495031292484
PF3D7_0929400	0.5763367286832501	0.9362444579309065	0.3852827465345752	0.9994495031292484
PF3D7_0929500	0.9763657816538837	1.3921298434750426	0.21329225642058985	0.9994495031292484
PF3D7_0929600	-0.03071314808697377	-0.06407589680852774	0.9509912292387335	0.9994495031292484
PF3D7_0929700	-0.3418689068076855	-0.5630756258754505	0.5937842178030621	0.9994495031292484
PF3D7_0929800	-0.38508905321900055	-0.32916046092578405	0.7532207599031167	0.9994495031292484
PF3D7_0929900	0.757196459235606	0.7298410329952043	0.4929852150252788	0.9994495031292484
PF3D7_0930000	0.10559643218454624	0.19636794154925508	0.8508044335972631	0.9994495031292484
PF3D7_0930100	0.08614527405536096	0.3634212275225401	0.728751398236966	0.9994495031292484
PF3D7_0930200	0.06292544236503585	0.2062964709533361	0.8433815239235734	0.9994495031292484
PF3D7_0930300	0.8214460168383338	1.0193963415524936	0.3473451858650005	0.9994495031292484
PF3D7_0930400	-0.2057486522587653	-0.5381563796370172	0.6098360403969838	0.9994495031292484
PF3D7_0930500	0.15130960329973328	0.4567362627891725	0.6639288820283563	0.9994495031292484
PF3D7_0930600	-0.4862359928414434	-1.9478129717596708	0.09935977471068173	0.9994495031292484
PF3D7_0930700	-0.5686558067438132	-1.1941728454587812	0.2774749864041329	0.9994495031292484
PF3D7_0930800	0.18472712149883694	0.6329686218851939	0.5501017527281523	0.9994495031292484
PF3D7_0930900	-0.44699497366564644	-0.9645150361744302	0.37203594736558937	0.9994495031292484
PF3D7_0931000	0.11521930660213965	0.22622394042945448	0.8285369497121076	0.9994495031292484
PF3D7_0931100	0.406267683517569	1.5257782015636767	0.17791284285303502	0.9994495031292484
PF3D7_0931200	-0.3538609791048685	-0.3405118126946819	0.7450769053741981	0.9994495031292484
PF3D7_0931300	0.1869289820029588	0.27077329158383734	0.795639269641524	0.9994495031292484
PF3D7_0931400	-0.2222331188002651	-0.3634929847318453	0.7287005017275276	0.9994495031292484
PF3D7_0931500	-0.26755110277774696	-0.2987262635539554	0.7752249189115903	0.9994495031292484
PF3D7_0931600	0.46111610677958165	1.0000000000000016	0.35591768374958144	0.9994495031292484
PF3D7_0931700	-0.3262887030800096	-0.8422338768060627	0.4319409850100363	0.9994495031292484
PF3D7_0931800	0.34777716066260456	0.4973159007265375	0.6366623764414978	0.9994495031292484
PF3D7_0931900	0.5043527824353694	1.470843857269216	0.19173929342374926	0.9994495031292484
PF3D7_0932000	-0.7019933741303968	-0.870676235246481	0.4174006685478377	0.9994495031292484
PF3D7_0932100	0.18611007981785668	0.26560963709090285	0.7994304015085613	0.9994495031292484
PF3D7_0932200	-0.7146693481788171	-0.879925955858018	0.41275136884575825	0.9994495031292484
PF3D7_0932300	0.4309692162954165	0.9588171886468829	0.37467677629709645	0.9994495031292484
PF3D7_0932400	-0.4649096549665785	-0.7979452028053683	0.45531447311197326	0.9994495031292484
PF3D7_0932500	-0.5535858276275865	-0.8213936604627209	0.44282854130250743	0.9994495031292484
PF3D7_0932600	-0.8244091452426597	-1.2174381404465402	0.26914173606131797	0.9994495031292484
PF3D7_0932700	0.15229994165147823	0.2664939249261205	0.7987807326660271	0.9994495031292484
PF3D7_0932800	0.26201353117175274	0.4112372690974311	0.6951835835849555	0.9994495031292484
PF3D7_0932900	0.13083241167047777	0.12991350737957502	0.9008808019429216	0.9994495031292484
PF3D7_0933000	-0.107388667145762	-0.20093137832447816	0.8473905175027999	0.9994495031292484
PF3D7_0933100	-0.4907508487422461	-0.6410154225455074	0.5452030546831721	0.9994495031292484
PF3D7_0933200	-0.7622929201047521	-1.31691726399923	0.23592628471873672	0.9994495031292484
PF3D7_0933300	-0.36335275940938244	-1.058816212011801	0.3304361208535398	0.9994495031292484
PF3D7_0933400	0.7091296136979338	0.773644447488094	0.46851679280728553	0.9994495031292484
PF3D7_0933500	-0.07738370598528903	-0.11197772268841942	0.9144933089839669	0.9994495031292484
PF3D7_0933600	-0.18802245027157924	-0.626332150686356	0.5541624726403571	0.9994495031292484
PF3D7_0933700	-0.12929375299830595	-0.7210787097348119	0.4979825806597472	0.9994495031292484
PF3D7_0933800	-0.13808141175053706	-0.3767297798393464	0.7193379787031341	0.9994495031292484
PF3D7_0933900	-0.46468655541305526	-1.301585048898347	0.24079660762795757	0.9994495031292484
PF3D7_0934000	0.33101781483021087	1.2091725185902114	0.27207722257286493	0.9994495031292484
PF3D7_0934100	-0.2152257324938789	-0.40728240329663307	0.6979327817934744	0.9994495031292484
PF3D7_0934200	-0.033644297201041305	-0.02416833527930466	0.9815020729677617	0.9994495031292484
PF3D7_0934300	-0.6599430822607052	-0.8397248730979042	0.4332413085576508	0.9994495031292484
PF3D7_0934400	-0.5342900160124647	-0.9904748210810572	0.3601888878081063	0.9994495031292484
PF3D7_0934500	-0.13978424333728118	-0.302061918382903	0.7728015677740899	0.9994495031292484
PF3D7_0934600	-0.660299944144806	-0.6795557172911039	0.5221245352851102	0.9994495031292484
PF3D7_0934700	0.5043873702609609	1.356405462110048	0.22378626453122263	0.9994495031292484
PF3D7_0934800	0.15489514719956252	0.6592634921003483	0.534196232091869	0.9994495031292484
PF3D7_0934900	0.8804820178942775	1.6155773892125311	0.15731297521758011	0.9994495031292484
PF3D7_0935000	-0.5030267082172525	-0.9371420449305212	0.3848566108970348	0.9994495031292484
PF3D7_0935100	1.1615225568525747	1.3138868135929467	0.2368818900714078	0.9994495031292484
PF3D7_0935200	0.23373752970813977	0.47409599078749	0.6521919250082009	0.9994495031292484
PF3D7_0935300	0.2703404641594488	0.22845870081854883	0.8268769079112152	0.9994495031292484
PF3D7_0935400	0.4623158902208876	1.1106071985736077	0.3092517178671786	0.9994495031292484
PF3D7_0935500	0.27977117984039623	0.5984464576271394	0.5714265592989083	0.9994495031292484
PF3D7_0935600	-0.10387805225849914	-0.3891256504696015	0.7106183313112653	0.9994495031292484
PF3D7_0935700	0.01790783498602463	0.01852006804734184	0.9858244714253278	0.9994495031292484
PF3D7_0935800	0.8730297498616236	1.5435411099698662	0.173645760081151	0.9994495031292484
PF3D7_0935900	-0.16538234624778758	-0.2509090770111112	0.8102559908354257	0.9994495031292484
PF3D7_0936000	0.13595336253744988	0.1340587854069453	0.8977397717528852	0.9994495031292484
PF3D7_0936100	-0.007904176602964049	-0.012810012256376012	0.9901946898542864	0.9994495031292484
PF3D7_0936200	0.10640597467371937	0.22596752060723466	0.8287274877191578	0.9994495031292484
PF3D7_0936300	0.10358390855440877	0.208521262819611	0.8417205776044593	0.9994495031292484
PF3D7_0936400	-0.16841396722324986	-0.19174378382503304	0.8542673941010446	0.9994495031292484
PF3D7_0936600	-0.23161460326650213	-0.2294694687159864	0.8261264028967599	0.9994495031292484
PF3D7_0936700	-0.03975216908251419	-0.050943988624425306	0.9610237993815466	0.9994495031292484
PF3D7_0936800	-0.3817943109145802	-1.0670526237563402	0.3269893170444265	0.9994495031292484
PF3D7_0936900	0.6103945598461794	0.476709262210573	0.65043438316937	0.9994495031292484
PF3D7_0937000	-0.3391265551845544	-1.0000000000000013	0.35591768374958144	0.9994495031292484
PF3D7_0937200	-0.6595168556187748	-1.0852499065072134	0.31947876696348027	0.9994495031292484
PF3D7_0937400	0.32823512918693626	0.8369579676753783	0.43467861281253306	0.9994495031292484
PF3D7_0937500	-0.1918441635000227	-0.23821916894875036	0.8196381652405391	0.9994495031292484
PF3D7_0937700	-0.3067329872229464	-0.3687348347981087	0.724986635991715	0.9994495031292484
PF3D7_0937800	-0.883563982057845	-1.4014644665955691	0.21062497237837102	0.9994495031292484
PF3D7_1000100	-0.9046472076918947	-1.5571600367425054	0.17043966886026196	0.9994495031292484
PF3D7_1000200	0.03869432529470429	0.062103056556113756	0.9524978691279309	0.9994495031292484
PF3D7_1000300	-0.19970207912578095	-0.3293300570375843	0.7530988260867048	0.9994495031292484
PF3D7_1000400	0.5836090604670432	1.2410352004485015	0.26091223033379485	0.9994495031292484
PF3D7_1000500	-0.5950471403333255	-0.49351796218054	0.6391889539638144	0.9994495031292484
PF3D7_1000600	-0.6068988378309469	-0.8280090996815959	0.4393510512277988	0.9994495031292484
PF3D7_1000700	-0.41696582574023267	-1.0281549272217707	0.343528963238052	0.9994495031292484
PF3D7_1000800	-0.5856061107657647	-1.522747995906478	0.17865054097259755	0.9994495031292484
PF3D7_1000900	0.34866465862624535	1.0000000000000009	0.3559176837495817	0.9994495031292484
PF3D7_1001000	0.4933109362482479	0.6174439034343217	0.559630012857777	0.9994495031292484
PF3D7_1001100	-0.2321544039835977	-0.29446101683540143	0.7783276607437335	0.9994495031292484
PF3D7_1001200	0.526095682903652	0.5302021314788841	0.615010927540251	0.9994495031292484
PF3D7_1001300	0.4664251363758764	0.3992520499473714	0.7035304700349939	0.9994495031292484
PF3D7_1001400	0.024251535642403392	0.09296740691214962	0.9289560161890464	0.9994495031292484
PF3D7_1001500	-0.5817784273829358	-0.9568698840348422	0.37558266469928314	0.9994495031292484
PF3D7_1001600	0.44726016410960306	0.7354760160604977	0.489789471206043	0.9994495031292484
PF3D7_1001700	0.5748433349757162	0.743803299670506	0.48509275478685476	0.9994495031292484
PF3D7_1001800	0.2490167325244138	0.2850661662544162	0.7851776569611338	0.9994495031292484
PF3D7_1001900	-0.3597007165156134	-0.46603616782526613	0.6576279090973872	0.9994495031292484
PF3D7_1002000	-0.7604633538662694	-0.8681328914732294	0.4186858867846874	0.9994495031292484
PF3D7_1002100	-0.46650038081736184	-0.8627556252497162	0.4214128543158884	0.9994495031292484
PF3D7_1002200	-0.1410822592950633	-0.30339483119158933	0.7718339901568317	0.9994495031292484
PF3D7_1002300	1.3933661154449093	1.664058063046328	0.14715773592122577	0.9994495031292484
PF3D7_1002400	-0.14286269243190328	-0.45973573399216655	0.6618933223909151	0.9994495031292484
PF3D7_1002500	-0.605670266861599	-1.5803301825878513	0.1651133418443449	0.9994495031292484
PF3D7_1002600	-0.19663470162863328	-0.39763590545602673	0.7046595099040389	0.9994495031292484
PF3D7_1002700	0.677637822602302	1.2447657119277742	0.2596315043276388	0.9994495031292484
PF3D7_1002800	0.4031186521287008	0.8796911206770495	0.4128689251323179	0.9994495031292484
PF3D7_1002900	-0.6409185258099727	-0.8123340353222375	0.44762309000262257	0.9994495031292484
PF3D7_1003000	0.6741563043869444	1.893695761058992	0.10710190258310773	0.9994495031292484
PF3D7_1003100	-0.3603216624168328	-0.5138852768167095	0.6257024282536476	0.9994495031292484
PF3D7_1003200	-0.37500561672831284	-1.1514403214831028	0.29335934925454477	0.9994495031292484
PF3D7_1003300	0.47077629452775066	0.6273205519574151	0.5535565140589979	0.9994495031292484
PF3D7_1003400	0.12688518599834817	0.1693134119819267	0.8711142153038837	0.9994495031292484
PF3D7_1003500	-0.3679300051449665	-0.5234737228160559	0.6194073479653817	0.9994495031292484
PF3D7_1003600	-0.10687605441867629	-0.17752615344403536	0.8649367193575919	0.9994495031292484
PF3D7_1003700	0.4495572866424243	0.6932761793686294	0.5140636377996387	0.9994495031292484
PF3D7_1003800	-0.1562362244746575	-0.2521146834606514	0.8093664019829409	0.9994495031292484
PF3D7_1003900	0.05320023301453276	0.04792797329002105	0.9633291659401066	0.9994495031292484
PF3D7_1004000	-0.2247992863456053	-0.3095127030054539	0.7673987450552859	0.9994495031292484
PF3D7_1004100	0.1460421420948701	0.12117235117804628	0.9075106766023979	0.9994495031292484
PF3D7_1004200	0.5540072091573985	0.9452155450793175	0.38104004481498566	0.9994495031292484
PF3D7_1004300	-0.32559142872961366	-0.45351563317107846	0.6661180311979933	0.9994495031292484
PF3D7_1004400	0.004282742149616147	0.005761561956605059	0.9955897513058269	0.999657757528891
PF3D7_1004500	0.5135901985321984	0.4512847564700689	0.6676365357792557	0.9994495031292484
PF3D7_1004600	0.34110165528110975	0.717649479506038	0.49994762127004444	0.9994495031292484
PF3D7_1004700	-0.8128578358551112	-0.9625326880390982	0.3729530636493494	0.9994495031292484
PF3D7_1004800	-0.21746263780544328	-0.8466738253548525	0.42964694222238403	0.9994495031292484
PF3D7_1004900	-0.22444967919953585	-0.5213309091477536	0.620811128083103	0.9994495031292484
PF3D7_1005000	-0.8795157380842208	-1.521594602767511	0.1789320860662511	0.9994495031292484
PF3D7_1005100	0.5068201087681099	1.4272740892749936	0.20340806344363024	0.9994495031292484
PF3D7_1005200	-0.15456249150527993	-0.2558293239520793	0.8066274236049449	0.9994495031292484
PF3D7_1005300	-1.0546223397553485	-1.2170856870114968	0.26926634533373767	0.9994495031292484
PF3D7_1005400	0.2543819757875554	0.27113863078928957	0.7953712692584617	0.9994495031292484
PF3D7_1005500	-0.13368114423671926	-0.1770309913457671	0.8653088813114751	0.9994495031292484
PF3D7_1005600	-0.025034617728937777	-0.05144381891885844	0.9606417808699987	0.9994495031292484
PF3D7_1005700	0.7953208977028112	2.30669584317388	0.06054230500557751	0.9994495031292484
PF3D7_1005800	0.03867698007875822	0.04345287948068994	0.9667505244780756	0.9994495031292484
PF3D7_1005900	-0.5352687374545119	-1.1583092471456076	0.29075495964446996	0.9994495031292484
PF3D7_1006000	0.6906616630930182	0.9737672416954992	0.3677788836430467	0.9994495031292484
PF3D7_1006100	-0.4889845281857821	-0.8680762723366529	0.4187145314228786	0.9994495031292484
PF3D7_1006200	-0.5383984120121451	-0.816074803984948	0.4456388795424018	0.9994495031292484
PF3D7_1006300	-0.698794652048331	-0.5433203248873393	0.6064896261302596	0.9994495031292484
PF3D7_1006400	-0.5727034803178055	-1.7568058416979997	0.12946604472347034	0.9994495031292484
PF3D7_1006500	0.07232944185896774	0.1740125700414839	0.8675783305153979	0.9994495031292484
PF3D7_1006600	-0.4152215133201517	-0.6980593194006772	0.5112728403089999	0.9994495031292484
PF3D7_1006700	-0.4680912388557789	-0.886738432985668	0.40935203076639404	0.9994495031292484
PF3D7_1006800	0.0864924963087332	0.4263625588127979	0.6847164193741263	0.9994495031292484
PF3D7_1006900	-0.4819905843882079	-0.7846862662906028	0.46248484653427424	0.9994495031292484
PF3D7_1007000	0.2678968893459544	0.3750965908047652	0.7204903108705325	0.9994495031292484
PF3D7_1007100	-0.4153989257321861	-0.52941419587228	0.6155248745806636	0.9994495031292484
PF3D7_1007200	-0.16029892016989788	-0.7183823368625815	0.4995272370345605	0.9994495031292484
PF3D7_1007300	0.08777735486510826	0.1162218840918858	0.9112691044407418	0.9994495031292484
PF3D7_1007400	-0.6350151769681147	-1.509398140468182	0.18193482845683717	0.9994495031292484
PF3D7_1007500	0.42272072794039856	0.46242623870862054	0.6600701284723623	0.9994495031292484
PF3D7_1007600	-0.4152160529377538	-1.2987868140233565	0.24169507346129784	0.9994495031292484
PF3D7_1007700	0.03821604410954304	0.05653673539567812	0.9567499553082517	0.9994495031292484
PF3D7_1007800	0.18678384658377042	0.22144660772169064	0.8320889302138986	0.9994495031292484
PF3D7_1007900	0.18722983488582454	0.35224806027287964	0.7366947219310683	0.9994495031292484
PF3D7_1008000	0.16343646666940984	0.3651744125433674	0.7275083198816736	0.9994495031292484
PF3D7_1008100	-0.13919439246067672	-0.3211914087388867	0.7589589728395381	0.9994495031292484
PF3D7_1008200	-0.41520266462063904	-0.6354699985400254	0.5485760369835406	0.9994495031292484
PF3D7_1008300	0.633236436373429	0.37710726934197125	0.7190717475738349	0.9994495031292484
PF3D7_1008400	0.07192291572802227	0.1414823359147676	0.8921197858069811	0.9994495031292484
PF3D7_1008500	0.16890407448128156	0.42769470025770207	0.683798156702613	0.9994495031292484
PF3D7_1008600	0.38123900051139104	0.6789241314121865	0.522497572387296	0.9994495031292484
PF3D7_1008700	0.09351784599364182	0.2359759219658419	0.8213001516244858	0.9994495031292484
PF3D7_1008800	0.02848178592518874	0.06349050598013746	0.9514382639503511	0.9994495031292484
PF3D7_1008900	-0.07649454859550324	-0.20632157677842272	0.8433627759098297	0.9994495031292484
PF3D7_1009000	-0.24843190360496675	-1.0923240980265045	0.3165977762814449	0.9994495031292484
PF3D7_1009100	-1.0385114707526173	-1.5481485055971569	0.17255479692375109	0.9994495031292484
PF3D7_1009200	-0.3861650671046693	-0.7932589488715135	0.4578396962757667	0.9994495031292484
PF3D7_1009300	0.060307362223201544	0.19159995906923832	0.8543751597863778	0.9994495031292484
PF3D7_1009400	0.0020313345598968907	0.003888986856169921	0.9970231233125783	0.999657757528891
PF3D7_1009500	-0.34128350930883333	-2.2320413906340613	0.06707727994135618	0.9994495031292484
PF3D7_1009600	-0.9199121551816829	-3.047296137369072	0.022590193006999704	0.9994495031292484
PF3D7_1009700	-0.4430816801752697	-1.2330980372294822	0.2636555183845576	0.9994495031292484
PF3D7_1009800	-0.02893022426066489	-0.05634185939086675	0.956898849324562	0.9994495031292484
PF3D7_1009900	-0.16882731858053682	-0.6521128400337453	0.5384923790374013	0.9994495031292484
PF3D7_1010000	-0.08727299237450774	-0.15536139622660822	0.8816313383703607	0.9994495031292484
PF3D7_1010100	-0.3156846319028667	-1.055637644597112	0.33177422988347266	0.9994495031292484
PF3D7_1010200	-0.20963282286860893	-0.4208656482010398	0.6885117457611656	0.9994495031292484
PF3D7_1010300	0.18829663639474525	0.21539066368671234	0.8365978098295137	0.9994495031292484
PF3D7_1010400	-0.5217710211904931	-0.8829221863289246	0.41125368690839886	0.9994495031292484
PF3D7_1010500	-0.021314758853450057	-0.037940445904938745	0.9709660221184824	0.9994495031292484
PF3D7_1010600	-0.30631713799940047	-1.1342434525184972	0.2999664429982318	0.9994495031292484
PF3D7_1010700	-0.46629985522273437	-0.7074717789365386	0.5058103229531141	0.9994495031292484
PF3D7_1010800	-0.19129648410013206	-0.3348368144616181	0.749143915239993	0.9994495031292484
PF3D7_1010900	-0.2661110853521137	-1.017010415930774	0.34839065712230477	0.9994495031292484
PF3D7_1011000	-0.7203835249735483	-1.233277213944819	0.2635933138258317	0.9994495031292484
PF3D7_1011100	-0.01028698158288836	-0.028337476391185553	0.9783120245073778	0.9994495031292484
PF3D7_1011200	-0.7465212579308362	-0.9471603398849235	0.38012509137376205	0.9994495031292484
PF3D7_1011300	0.10340180242291322	0.1657097554952088	0.8738280077685006	0.9994495031292484
PF3D7_1011400	-0.21140698677481234	-0.2426127684093702	0.8163859977884231	0.9994495031292484
PF3D7_1011500	-0.25478911114312675	-0.51275674576722	0.6264456340823739	0.9994495031292484
PF3D7_1011600	-0.2663859761751953	-0.3368385658212461	0.7477083343225662	0.9994495031292484
PF3D7_1011700	0.04571723258509962	0.10402334327068631	0.9205408460565093	0.9994495031292484
PF3D7_1011800	0.38527926023223996	0.505887052655732	0.6309800896958525	0.9994495031292484
PF3D7_1011900	-0.11302298545482817	-0.21612063964221662	0.8360539503880036	0.9994495031292484
PF3D7_1012000	-0.3387311332472131	-0.7555911756741168	0.4784971817666228	0.9994495031292484
PF3D7_1012100	-0.5133952225013243	-0.9033066723403363	0.40117280175644854	0.9994495031292484
PF3D7_1012200	0.5755822282167283	1.6591182991680522	0.14816292003982792	0.9994495031292484
PF3D7_1012300	-0.538523926980908	-0.7843760675200964	0.46265355164117583	0.9994495031292484
PF3D7_1012400	-0.3062693570363429	-0.31890134662521774	0.760611096112771	0.9994495031292484
PF3D7_1012500	0.3865343693810783	0.7510876797055118	0.4810096451012671	0.9994495031292484
PF3D7_1012600	0.7008260026928519	1.5994207180595503	0.16084391319947383	0.9994495031292484
PF3D7_1012700	-0.21000537553782883	-0.642651526604442	0.5442103948966974	0.9994495031292484
PF3D7_1012800	1.4706390789452564	2.677886513929452	0.03663922566737082	0.9994495031292484
PF3D7_1012900	0.010708140546290114	0.05087040280194739	0.9610800417238823	0.9994495031292484
PF3D7_1013000	-0.006130021940824122	-0.01702205061314911	0.9869709408117004	0.9994495031292484
PF3D7_1013100	0.1943050227146893	0.6382776567075165	0.5468666599281091	0.9994495031292484
PF3D7_1013200	0.15066649827782846	0.26626769671962774	0.7989469212897007	0.9994495031292484
PF3D7_1013300	0.21236478268970485	0.2907436691543985	0.7810354945987521	0.9994495031292484
PF3D7_1013400	-0.3773144581904122	-0.914239100239639	0.39584412707149763	0.9994495031292484
PF3D7_1013500	0.16518291666342352	0.46275752146080174	0.6598458143499142	0.9994495031292484
PF3D7_1013600	0.5403542459364475	1.2024167660737406	0.27449701754500627	0.9994495031292484
PF3D7_1013700	-0.37069855472711616	-0.6825250161370928	0.5203730865598863	0.9994495031292484
PF3D7_1013800	-0.48723613723481946	-1.4226463061419388	0.20468517022632324	0.9994495031292484
PF3D7_1013900	-0.1652448809514401	-0.34172782276407415	0.7442066116484225	0.9994495031292484
PF3D7_1014000	0.04647300713508492	0.08024604185404859	0.9386512202253721	0.9994495031292484
PF3D7_1014100	1.178066619469348	1.2769481763176047	0.24880990570008024	0.9994495031292484
PF3D7_1014200	0.9583623925872515	1.5268707670748314	0.17764756200168919	0.9994495031292484
PF3D7_1014300	0.9224063087070029	1.227808097587882	0.2654977913204463	0.9994495031292484
PF3D7_1014400	0.1990031678795339	0.3077171863418444	0.768699440964667	0.9994495031292484
PF3D7_1014500	0.04941825330109341	0.10092939789973818	0.9228947026749547	0.9994495031292484
PF3D7_1014600	0.04544320522271439	0.06768739150789205	0.9482337441992812	0.9994495031292484
PF3D7_1014700	-0.6279557876676419	-1.193458413216819	0.2777343675461084	0.9994495031292484
PF3D7_1014800	-0.3143479792960636	-1.2697318310335277	0.25120130732021106	0.9994495031292484
PF3D7_1014900	0.6069333265363135	0.8412876904157772	0.4324310220008852	0.9994495031292484
PF3D7_1015000	0.1812058311366695	0.20846883439049488	0.8417597084763642	0.9994495031292484
PF3D7_1015100	-0.23315695219139299	-0.6578584888547256	0.5350386331522999	0.9994495031292484
PF3D7_1015200	0.19432201492080484	0.4796415735179717	0.6484652013748178	0.9994495031292484
PF3D7_1015300	-0.22588115689076674	-0.4729437723550132	0.652967622323915	0.9994495031292484
PF3D7_1015400	-0.23341689476591196	-0.5763551719265589	0.5853309138593416	0.9994495031292484
PF3D7_1015500	-0.28853812311796745	-0.5204939326943263	0.6213599161740007	0.9994495031292484
PF3D7_1015600	-0.07489496065016914	-0.16382135454502061	0.8752508532677254	0.9994495031292484
PF3D7_1015700	0.16282858500454855	0.48185791493726365	0.6469788888433137	0.9994495031292484
PF3D7_1015800	0.18566890293663066	0.43363477598360933	0.6797108098838527	0.9994495031292484
PF3D7_1015900	0.6577108894628404	1.7949392632802086	0.12281008274048631	0.9994495031292484
PF3D7_1016000	-0.14725762636402556	-0.18286445815387298	0.8609269016636529	0.9994495031292484
PF3D7_1016100	0.41821163406068285	0.5534962915657516	0.599925812519532	0.9994495031292484
PF3D7_1016200	0.28112080098268777	0.4339539104824498	0.6794915500402818	0.9994495031292484
PF3D7_1016300	1.2478832164230809	1.292444778215459	0.2437424285970062	0.9994495031292484
PF3D7_1016400	0.09310929211540317	0.17436305402881483	0.8673147419576566	0.9994495031292484
PF3D7_1016500	0.9498993253013674	1.640161410302609	0.1520820999859911	0.9994495031292484
PF3D7_1016600	0.6533497632916356	0.9156757733007799	0.39514790026630114	0.9994495031292484
PF3D7_1016700	0.17109409841999487	0.44886593802490266	0.6692849178622963	0.9994495031292484
PF3D7_1016800	0.3076166397188996	0.4617415092004661	0.6605338868200878	0.9994495031292484
PF3D7_1016900	-0.44589142345815	-0.7571031773787743	0.47765568639360145	0.9994495031292484
PF3D7_1017000	0.1912033199541118	0.3556459834820504	0.734275208981986	0.9994495031292484
PF3D7_1017100	0.11377630834066535	0.22269702977653408	0.8311588086892971	0.9994495031292484
PF3D7_1017200	-0.10656351157369634	-0.5384008498687333	0.6096773810561942	0.9994495031292484
PF3D7_1017300	0.11812259852254313	0.2789367851507544	0.7896581646735739	0.9994495031292484
PF3D7_1017400	-0.19831925884227616	-0.8380448440141565	0.4341136058367282	0.9994495031292484
PF3D7_1017500	-0.14080993360911856	-0.21513534871652845	0.8367880524356983	0.9994495031292484
PF3D7_1017600	0.33513219244148157	0.741873611296522	0.48617837493259775	0.9994495031292484
PF3D7_1017700	-0.27669052407354805	-0.5478847700557493	0.6035403855724423	0.9994495031292484
PF3D7_1017800	0.6579827369358103	2.118378070808432	0.07845908061364694	0.9994495031292484
PF3D7_1017900	0.40664446105168556	0.5877725915446637	0.5781198829957728	0.9994495031292484
PF3D7_1018000	-0.3983440524988445	-1.8459899015356567	0.11442432077388624	0.9994495031292484
PF3D7_1018100	-0.7520041659265624	-1.0533750473476156	0.33272943072248273	0.9994495031292484
PF3D7_1018200	0.23669948853852732	0.37651204556356593	0.7194915592674811	0.9994495031292484
PF3D7_1018300	-0.6284728150299115	-1.1336483901977976	0.3001972984639173	0.9994495031292484
PF3D7_1018400	0.6814051885903185	0.9149594554966911	0.3954949182507189	0.9994495031292484
PF3D7_1018500	-0.5714667271777671	-0.7708000157747119	0.47007955482443853	0.9994495031292484
PF3D7_1018600	0.21383738455441795	0.3755416784757544	0.7201761896365999	0.9994495031292484
PF3D7_1018700	-0.10655005751788074	-0.2738292767037056	0.7933984479783113	0.9994495031292484
PF3D7_1018800	-0.10488968557750075	-0.2604721379131457	0.8032082853397917	0.9994495031292484
PF3D7_1018900	-0.3440500652384682	-1.874039429174532	0.1100607578191144	0.9994495031292484
PF3D7_1019000	0.09786802459002963	0.18483494023430652	0.8594479326712683	0.9994495031292484
PF3D7_1019100	0.6176207736132712	1.0152632681518716	0.34915782996694533	0.9994495031292484
PF3D7_1019200	0.899231348490352	1.3277656324760798	0.23253360661664696	0.9994495031292484
PF3D7_1019300	-0.20716696826585163	-0.2749274187369317	0.7925937542794407	0.9994495031292484
PF3D7_1019400	-1.1446604391918893	-1.4787137492450064	0.18969885695182348	0.9994495031292484
PF3D7_1019500	-0.09832094170562367	-0.17236623570125956	0.8688167386109553	0.9994495031292484
PF3D7_1019600	0.36926699288834247	0.5511949767769717	0.6014066674399722	0.9994495031292484
PF3D7_1019700	0.33376578704817783	0.56211571186143	0.5943980027762819	0.9994495031292484
PF3D7_1019800	0.4878794137389841	2.501309793336472	0.04644586111264478	0.9994495031292484
PF3D7_1019900	-0.918151767506607	-2.1756234986157517	0.07249750069308607	0.9994495031292484
PF3D7_1020000	-0.3567462896883187	-0.6787412222235738	0.5226056374371901	0.9994495031292484
PF3D7_1020100	0.5303807583147869	0.37009942754524305	0.7240211563049872	0.9994495031292484
PF3D7_1020200	0.5223050608589277	0.9765503184724168	0.3665058818219115	0.9994495031292484
PF3D7_1020300	-0.013066189954526646	-0.0326358555741173	0.9750235495582245	0.9994495031292484
PF3D7_1020400	-0.9004084607091523	-2.1199423542215468	0.07828967233692583	0.9994495031292484
PF3D7_1020500	0.6444354178255008	0.9320682703873939	0.38727021700352715	0.9994495031292484
PF3D7_1020600	0.2335894257957162	0.36659687323999696	0.7265004053462732	0.9994495031292484
PF3D7_1020700	0.5399032163225257	1.0535795283804188	0.33264301273834324	0.9994495031292484
PF3D7_1020800	-0.4291366598857195	-0.7293736791189879	0.49325089767067587	0.9994495031292484
PF3D7_1020900	-0.63320361899943	-0.8266254078737144	0.4400767621182487	0.9994495031292484
PF3D7_1021000	-0.42016604083953635	-0.8283274740027012	0.439184195175477	0.9994495031292484
PF3D7_1021100	0.8332839796772014	1.4803411713119152	0.18927943906005887	0.9994495031292484
PF3D7_1021200	0.27479608691907875	0.5205422121913486	0.6213282530524694	0.9994495031292484
PF3D7_1021300	-0.2698038283995985	-0.8396911854468017	0.43325878709857135	0.9994495031292484
PF3D7_1021400	0.027588905375013642	0.04464345822364836	0.9658402082539084	0.9994495031292484
PF3D7_1021500	0.2749175368203419	1.341008564667041	0.22845136640992286	0.9994495031292484
PF3D7_1021600	-0.05251376253980314	-0.12173179344450603	0.9070861072850863	0.9994495031292484
PF3D7_1021700	-0.6330900542930775	-0.854711285255273	0.4255169458451506	0.9994495031292484
PF3D7_1021800	0.11107005870954066	0.18834185112490553	0.8568173279971399	0.9994495031292484
PF3D7_1021900	0.6674975206601672	0.8372784739301711	0.4345119434621818	0.9994495031292484
PF3D7_1022000	0.22427673908631343	0.424813592298305	0.6857848851662733	0.9994495031292484
PF3D7_1022100	0.02516201597315162	0.07983858712710888	0.9389619499413882	0.9994495031292484
PF3D7_1022200	0.4032176827330574	1.1082989924897062	0.3101712339233057	0.9994495031292484
PF3D7_1022300	0.1064118851357516	0.12129394969811147	0.9074183907659388	0.9994495031292484
PF3D7_1022400	-0.05481132092790113	-0.113873735181071	0.9130527217306121	0.9994495031292484
PF3D7_1022500	-0.07560932268913984	-0.1657383814863847	0.8738064430273034	0.9994495031292484
PF3D7_1022600	0.9389368356584615	1.843146490774638	0.11487612906347748	0.9994495031292484
PF3D7_1022700	-0.052815502926901146	-0.2207028538995901	0.8326423100500753	0.9994495031292484
PF3D7_1022800	-0.667227202420426	-2.317129684079785	0.05968310281374448	0.9994495031292484
PF3D7_1022900	-0.7574532892526887	-1.0725027824545001	0.3247247819238288	0.9994495031292484
PF3D7_1023000	0.13447644851109183	0.19403452574785543	0.8525514424625391	0.9994495031292484
PF3D7_1023100	0.2239376211519454	0.3243296786325279	0.7566971901159032	0.9994495031292484
PF3D7_1023200	0.8917158835478682	1.0479249696456836	0.33503950734635457	0.9994495031292484
PF3D7_1023300	0.14133088788597856	0.2501332770920748	0.8108285998857108	0.9994495031292484
PF3D7_1023400	-0.3934331031078402	-0.8379844607565619	0.43414498166299376	0.9994495031292484
PF3D7_1023500	-0.22609134179443177	-0.17359757435361647	0.8678904605272182	0.9994495031292484
PF3D7_1023600	0.033430436409251967	0.039096094284234384	0.9700821783335198	0.9994495031292484
PF3D7_1023700	-1.6921353753747281	-2.1556435821044646	0.07452352723988509	0.9994495031292484
PF3D7_1023800	-0.5509852085609724	-1.851404790940997	0.11356877854454732	0.9994495031292484
PF3D7_1023900	0.005926323693907432	0.007937050146762239	0.9939245360072035	0.9994495031292484
PF3D7_1024000	-0.2950803925035675	-1.7565748574004993	0.1295074198605254	0.9994495031292484
PF3D7_1024100	0.08928814079800064	0.09481644239954569	0.9275478980041929	0.9994495031292484
PF3D7_1024200	-0.45197191617811544	-2.3141345413643606	0.0599284385289091	0.9994495031292484
PF3D7_1024300	0.35194909183321343	0.4334265411751328	0.6798538951289717	0.9994495031292484
PF3D7_1024400	-0.9592537887802137	-2.3090637069011017	0.06034619375771825	0.9994495031292484
PF3D7_1024500	0.2757393124192201	0.4719642344906249	0.6536274415422172	0.9994495031292484
PF3D7_1024600	0.0005473325350683082	0.0016993026443181528	0.9986992431062467	0.999657757528891
PF3D7_1024700	-0.1882641154227043	-0.5743263586135803	0.5866177993005794	0.9994495031292484
PF3D7_1024800	0.3293752086821083	0.43852499946932794	0.6763547830609198	0.9994495031292484
PF3D7_1024900	-0.12054107490120909	-0.3431007814181212	0.7432244878070056	0.9994495031292484
PF3D7_1025000	0.20345425353988852	0.2919922489103336	0.7801256119099038	0.9994495031292484
PF3D7_1025100	-0.37371799407089434	-1.132332368644458	0.3007083829681011	0.9994495031292484
PF3D7_1025200	0.06963791505548984	0.09635231438406305	0.926378485368254	0.9994495031292484
PF3D7_1025300	-0.017900868148813944	-0.04067814837255938	0.9688722938196253	0.9994495031292484
PF3D7_1025400	-0.49384172915365326	-0.8163787881875051	0.4454779166081997	0.9994495031292484
PF3D7_1025500	-0.017791197016090814	-0.02714204833876333	0.9792266728034973	0.9994495031292484
PF3D7_1025600	-0.1829900474075446	-0.3900581635389526	0.7099642877222547	0.9994495031292484
PF3D7_1025700	-0.05181869486066279	-0.11958337586353746	0.9087167565217114	0.9994495031292484
PF3D7_1025800	-1.023455572590738	-1.3526502726597258	0.22491606032354064	0.9994495031292484
PF3D7_1025900	0.23984980782691678	0.3737421648457943	0.7214465663991254	0.9994495031292484
PF3D7_1026000	0.04061741568603509	0.12297088864227844	0.9061458589490243	0.9994495031292484
PF3D7_1026100	-0.362170834030892	-0.428001654664364	0.6835866528703656	0.9994495031292484
PF3D7_1026200	-0.24418597316757998	-0.9525798087661749	0.37758444775015554	0.9994495031292484
PF3D7_1026300	-0.011832262284167195	-0.021702148363147017	0.9833892743733941	0.9994495031292484
PF3D7_1026400	-0.6682088233706894	-1.4764428136915884	0.19028556478289654	0.9994495031292484
PF3D7_1026500	-0.8951531461855985	-1.1768611332279073	0.2838190638915684	0.9994495031292484
PF3D7_1026600	-0.7398517424056783	-0.6022702180353484	0.569040161443688	0.9994495031292484
PF3D7_1026800	-0.05255412978256903	-0.09857372535156383	0.9246874609186284	0.9994495031292484
PF3D7_1026900	0.25739691225498784	0.3835513033312678	0.7145336685537732	0.9994495031292484
PF3D7_1027000	0.3841028457792495	0.6934964217797895	0.5139349138283751	0.9994495031292484
PF3D7_1027100	0.4692764359819044	1.2010364735729355	0.27499369438643717	0.9994495031292484
PF3D7_1027200	-0.46795655484759524	-1.2957320993182448	0.24267929131392382	0.9994495031292484
PF3D7_1027300	0.6966129202274186	1.0669203406548882	0.32704444139718775	0.9994495031292484
PF3D7_1027400	-0.6387366722538946	-0.8251428287086447	0.44085530228423697	0.9994495031292484
PF3D7_1027500	-0.39845682736764565	-0.3000254421446574	0.7742807347748203	0.9994495031292484
PF3D7_1027600	-0.37232180825724165	-0.8702401034203481	0.41762084821193884	0.9994495031292484
PF3D7_1027700	-0.5828852473173012	-0.8403101557776271	0.43293772218513216	0.9994495031292484
PF3D7_1027800	0.41141483340708135	0.7152615795703452	0.5013190250365316	0.9994495031292484
PF3D7_1027900	-0.7834243967625014	-1.0485052697653052	0.3347929204226717	0.9994495031292484
PF3D7_1028000	-0.16466545948393616	-0.4088288748092618	0.6968571614272834	0.9994495031292484
PF3D7_1028100	0.8992008111939924	1.1955669714633959	0.2769694365963964	0.9994495031292484
PF3D7_1028200	-0.5904676290346565	-0.7336110377759962	0.4908455839526983	0.9994495031292484
PF3D7_1028300	0.3098828307161213	0.5302753106585836	0.6149632070680494	0.9994495031292484
PF3D7_1028400	0.0767524648603521	0.2586896373364591	0.8045204245007451	0.9994495031292484
PF3D7_1028500	-0.43228579030578496	-1.1066460164302414	0.31083112851041944	0.9994495031292484
PF3D7_1028600	-0.6113540430280909	-1.0412057188965713	0.33790549922213564	0.9994495031292484
PF3D7_1028700	0.06491478903120221	0.15554488863523633	0.8814928434172185	0.9994495031292484
PF3D7_1028800	-0.8528641207070221	-1.0179168620746444	0.34799317051951495	0.9994495031292484
PF3D7_1028900	1.0449930012304702	1.418291310886579	0.2058937151076797	0.9994495031292484
PF3D7_1029000	0.8559298242150127	0.8050792319508894	0.451489334362411	0.9994495031292484
PF3D7_1029100	-0.48884567452715677	-1.0094544747677487	0.35171822524058216	0.9994495031292484
PF3D7_1029200	0.44032821492005614	0.5233226788468663	0.6195062410158838	0.9994495031292484
PF3D7_1029300	-0.4209525430950598	-1.09939939899513	0.31373792193276134	0.9994495031292484
PF3D7_1029400	0.09265439294593791	0.3347570389667668	0.7492011501087232	0.9994495031292484
PF3D7_1029500	0.8961896797039647	2.5843914179181264	0.04152363641523212	0.9994495031292484
PF3D7_1029600	-0.03438739194202032	-0.037927214408120274	0.970976141876305	0.9994495031292484
PF3D7_1029700	-0.9245555554363368	-1.4426533009720657	0.19921639330684077	0.9994495031292484
PF3D7_1029800	-0.6486823318253737	-1.5251155062675537	0.1780739300841002	0.9994495031292484
PF3D7_1029900	0.15147129366893922	0.2483862261045866	0.81211854751932	0.9994495031292484
PF3D7_1030000	-0.9061314534131242	-1.2606620112643168	0.25423563646795294	0.9994495031292484
PF3D7_1030100	-0.20509635230723564	-0.2985188620597265	0.7753756879621719	0.9994495031292484
PF3D7_1030200	-0.15924593623809186	-0.31769814713490563	0.7614796777396909	0.9994495031292484
PF3D7_1030300	0.2595858591176252	0.5678891301069987	0.5907119321280407	0.9994495031292484
PF3D7_1030400	0.19569355031698268	0.2988423655032097	0.7751405241075624	0.9994495031292484
PF3D7_1030500	0.8004185344832667	1.1865034917625696	0.28027032882190067	0.9994495031292484
PF3D7_1030600	-0.17434651791749217	-0.4712710443794723	0.6540945835983887	0.9994495031292484
PF3D7_1030700	0.05590855969488993	0.10796204008840027	0.9175455867891176	0.9994495031292484
PF3D7_1030800	-0.49192931600747536	-1.373101540166286	0.21882488794528865	0.9994495031292484
PF3D7_1030900	0.0301943908091171	0.046075319263088575	0.9647454825181158	0.9994495031292484
PF3D7_1031000	0.2974694989878321	0.23243786545634385	0.8239235060379242	0.9994495031292484
PF3D7_1031100	0.1533283222907989	0.22177267060056988	0.8318463608307848	0.9994495031292484
PF3D7_1031200	0.03532739382213119	0.0782173441364955	0.9401984448186591	0.9994495031292484
PF3D7_1031300	0.05873288454641086	0.1136808535467679	0.9131992564445375	0.9994495031292484
PF3D7_1031400	-0.24853506369958261	-0.3734993756181858	0.7216180395098595	0.9994495031292484
PF3D7_1031500	-0.508263554664924	-0.766274728471208	0.4725733013290827	0.9994495031292484
PF3D7_1031600	0.10930899975643509	0.20657306579625703	0.84317498030293	0.9994495031292484
PF3D7_1031700	-0.9839677701648032	-1.2287341954485067	0.26517446176867504	0.9994495031292484
PF3D7_1031800	-0.13200414479764908	-0.4470338582494411	0.6705347936602476	0.9994495031292484
PF3D7_1031900	-0.3125148542597065	-1.8127433126945007	0.1198188121774424	0.9994495031292484
PF3D7_1032000	-0.6376451764481894	-1.8527381367472358	0.11335908756021092	0.9994495031292484
PF3D7_1032100	0.042359788414929725	0.0803269793238362	0.9385894977767831	0.9994495031292484
PF3D7_1032200	-0.5654524705761089	-0.8796556734302559	0.41288667187139527	0.9994495031292484
PF3D7_1032300	0.6834674363241934	1.16198280612964	0.289370192915252	0.9994495031292484
PF3D7_1032400	-0.9856255027404425	-1.7619226687190774	0.12855280151225232	0.9994495031292484
PF3D7_1032500	-0.14169646748649903	-0.22566066262490106	0.8289555216217557	0.9994495031292484
PF3D7_1032600	-0.5251287855816595	-0.6451546905185155	0.5426938751351358	0.9994495031292484
PF3D7_1032700	0.6373502429096201	2.1594076315000863	0.07413743984827924	0.9994495031292484
PF3D7_1032800	0.5789635165857893	1.129435352814522	0.30183603782499635	0.9994495031292484
PF3D7_1032900	0.17017409775456585	0.3840178857992937	0.7142055805673196	0.9994495031292484
PF3D7_1033000	-0.8222726871422621	-1.4810489837381644	0.18909729146119042	0.9994495031292484
PF3D7_1033100	0.19703180206881793	0.31745973619522017	0.7616518302641986	0.9994495031292484
PF3D7_1033200	0.19680460116550452	0.5978702533889052	0.5717866890699177	0.9994495031292484
PF3D7_1033300	-0.6836562973314187	-0.8973923800143179	0.4040781788922325	0.9994495031292484
PF3D7_1033400	-0.20835405577847513	-0.40788667555285146	0.6975123994197572	0.9994495031292484
PF3D7_1033500	0.2169127267579068	1.3491558622585234	0.22597201619312085	0.9994495031292484
PF3D7_1033600	-0.18478054434387428	-0.3159568166099747	0.7627374069838884	0.9994495031292484
PF3D7_1033700	-0.25614885992613917	-0.5004097631583814	0.6346081320381749	0.9994495031292484
PF3D7_1033800	0.1270790566173757	0.3458823010990776	0.7412363965221317	0.9994495031292484
PF3D7_1033900	-0.08772839003060898	-0.2106713368176237	0.8401162605639366	0.9994495031292484
PF3D7_1034000	-0.4089160871868692	-1.2398723697242262	0.26131257013243475	0.9994495031292484
PF3D7_1034100	-2.0876473322699503	-2.944262277372954	0.025804421440007632	0.9994495031292484
PF3D7_1034200	-0.7256614666075328	-2.447042252966166	0.04999114550964388	0.9994495031292484
PF3D7_1034400	-0.6104097049749396	-1.3866637125132673	0.21486840919816558	0.9994495031292484
PF3D7_1034500	-0.057672928701335835	-0.12178621822467253	0.9070448052781266	0.9994495031292484
PF3D7_1034600	0.222223521366987	0.5447106665229093	0.6055904155824232	0.9994495031292484
PF3D7_1034700	-0.6611986852284715	-1.016746259713282	0.34850656117112216	0.9994495031292484
PF3D7_1034800	-0.3296441392588744	-0.9636842929291771	0.3724200681386073	0.9994495031292484
PF3D7_1034900	0.7426171554055657	1.2556190449250737	0.25593667554130506	0.9994495031292484
PF3D7_1035000	0.39805833291615794	1.148380016090515	0.29452603784028036	0.9994495031292484
PF3D7_1035100	-0.09831940008423848	-0.3134733652503732	0.7645325290842614	0.9994495031292484
PF3D7_1035200	0.9879752771952006	1.7050387895693964	0.13906878530369207	0.9994495031292484
PF3D7_1035300	0.15264684341634574	0.1641801330945094	0.8749804863885349	0.9994495031292484
PF3D7_1035400	0.2650735213094258	1.1156111469087586	0.30726612349738014	0.9994495031292484
PF3D7_1035500	-0.3477999668214485	-0.3763832100127283	0.7195824411832823	0.9994495031292484
PF3D7_1035600	0.11167429742153784	0.27931149310515724	0.7893840022473444	0.9994495031292484
PF3D7_1035700	0.1276998650700791	0.3009609765910938	0.7736010925611368	0.9994495031292484
PF3D7_1035800	-0.7018590352065744	-1.5046320624389273	0.18312099655754707	0.9994495031292484
PF3D7_1035900	-0.2510499336221772	-0.6084923594357284	0.5651698568226313	0.9994495031292484
PF3D7_1036000	0.38897620828118995	1.840695552297078	0.1152669928160582	0.9994495031292484
PF3D7_1036300	0.17004836223711414	0.30127893669800837	0.7733701525902597	0.9994495031292484
PF3D7_1036400	-0.11980924721119615	-0.202434210410848	0.846267035675202	0.9994495031292484
PF3D7_1036500	-0.17491108813337106	-0.3081103027063867	0.7684145915539745	0.9994495031292484
PF3D7_1036600	-0.18731652261711695	-0.4965198916586427	0.6371914796871152	0.9994495031292484
PF3D7_1036700	-0.28520891409170035	-0.5471379982071002	0.6040223409557655	0.9994495031292484
PF3D7_1036800	0.005781226220305067	0.015596753246632645	0.9880617874586647	0.9994495031292484
PF3D7_1036900	0.8506736836208472	1.2747247132233248	0.24954458148655034	0.9994495031292484
PF3D7_1037000	0.15544915705909854	0.36636575723847137	0.7266641267191396	0.9994495031292484
PF3D7_1037100	0.1466933154463929	0.5927964474561036	0.5749637276003687	0.9994495031292484
PF3D7_1037200	0.2339982298909138	0.3456584063547107	0.7413963445693623	0.9994495031292484
PF3D7_1037300	0.020958269820484442	0.034089005826950784	0.9739119351391121	0.9994495031292484
PF3D7_1037400	-0.31648212645184404	-0.8440929280461403	0.43097935470802323	0.9994495031292484
PF3D7_1037500	0.2130925747931134	0.7153820269852479	0.5012497900522195	0.9994495031292484
PF3D7_1037600	-0.2438396220254587	-0.6947332318683554	0.5132124361725043	0.9994495031292484
PF3D7_1037700	-0.2298372926840198	-0.25863627023343516	0.8045597200251523	0.9994495031292484
PF3D7_1037800	0.18310116147978062	0.2569186364622753	0.8058247900223278	0.9994495031292484
PF3D7_1037900	0.3388947758430588	0.4992992372373372	0.6353450837432437	0.9994495031292484
PF3D7_1038000	-0.11114920264914478	-0.2298119242512393	0.8258721719360217	0.9994495031292484
PF3D7_1038100	0.21896830859588326	0.7321110030363029	0.4916961573644648	0.9994495031292484
PF3D7_1038200	0.05773320986450067	0.054977203296799546	0.9579415608907481	0.9994495031292484
PF3D7_1038300	-0.3042883877028983	-0.2376792492457758	0.8200380898186418	0.9994495031292484
PF3D7_1038400	0.18869094776605255	0.12083273508203228	0.9077684328164562	0.9994495031292484
PF3D7_1038500	0.2878708998677232	0.40099895947862124	0.7023110084671054	0.9994495031292484
PF3D7_1038600	-0.9369990857941364	-1.199127838036063	0.27568176421705937	0.9994495031292484
PF3D7_1038700	0.18294939376116814	0.3938540185857025	0.7073047589822643	0.9994495031292484
PF3D7_1038800	-0.2726850723231273	-0.3956832889328864	0.7060247097677161	0.9994495031292484
PF3D7_1038900	0.5510664165838078	0.6809779899598252	0.5212851254166626	0.9994495031292484
PF3D7_1039000	0.04420234924787212	0.04516781150790277	0.965439305667222	0.9994495031292484
PF3D7_1039100	1.0033632142228996	1.5319533206362248	0.17641836857126633	0.9994495031292484
PF3D7_1040200	-0.20161006951039645	-0.3106193719762882	0.7665974725591871	0.9994495031292484
PF3D7_1040300	0.3101165239901159	0.3083182867493409	0.7682639037726833	0.9994495031292484
PF3D7_1040500	-1.2671672585906575	-1.8706195351562473	0.11058380014065965	0.9994495031292484
PF3D7_1040600	-0.1945484366162157	-0.318079507421241	0.7612043350077181	0.9994495031292484
PF3D7_1040700	1.169312331560242	1.5664738286100988	0.16827935840580177	0.9994495031292484
PF3D7_1040800	-0.3391265551845544	-1.0000000000000013	0.35591768374958144	0.9994495031292484
PF3D7_1040900	0.12127537257941072	0.2154623976435858	0.8365443609518786	0.9994495031292484
PF3D7_1041000	-0.8503141596969261	-1.3916246482230965	0.21343748605375665	0.9994495031292484
PF3D7_1041200	-0.3316384802144167	-0.28306652566253393	0.7866383903312885	0.9994495031292484
PF3D7_1041300	-1.070830771566425	-1.6213705323435341	0.15606504502540444	0.9994495031292484
PF3D7_1100100	-0.8948810630059654	-1.082058164391366	0.3207856997432256	0.9994495031292484
PF3D7_1100200	-1.672113782798362	-2.4533396732233306	0.04956549842618874	0.9994495031292484
PF3D7_1100300	0.6477072937731686	0.9999999999999984	0.355917683749583	0.9994495031292484
PF3D7_1100400	0.7665995025385665	0.7839983708464389	0.46285902489360997	0.9994495031292484
PF3D7_1100500	-0.48512349913496333	-0.5890777781568917	0.5772989288723901	0.9994495031292484
PF3D7_1100700	-0.40817752507871696	-0.7890821269652958	0.46009877935629484	0.9994495031292484
PF3D7_1100800	0.5197102761251918	1.8915079303754285	0.107427275604299	0.9994495031292484
PF3D7_1101000	-0.7098318998891116	-1.7286329529328455	0.13460899131141238	0.9994495031292484
PF3D7_1101100	0.489426006026834	0.8092904212168197	0.4492421932749855	0.9994495031292484
PF3D7_1101300	-1.8984611936335276	-1.1818540545588554	0.28197671183745665	0.9994495031292484
PF3D7_1101700	0.44314117619585736	0.7116903200582593	0.5033747509778272	0.9994495031292484
PF3D7_1102200	-0.5883136520686669	-1.1235303045862888	0.304145575746659	0.9994495031292484
PF3D7_1102300	-0.7554755151022016	-1.0323453148406554	0.3417151682817356	0.9994495031292484
PF3D7_1102400	0.0651825679956209	0.09339729253306987	0.9286286148684577	0.9994495031292484
PF3D7_1102500	0.7595851182510858	1.1871997762792375	0.28001555089215735	0.9994495031292484
PF3D7_1102600	1.1412362260421585	1.1354777350752498	0.299488077965507	0.9994495031292484
PF3D7_1102700	-0.1356542871513506	-0.1827364916236558	0.861022969932871	0.9994495031292484
PF3D7_1102800	-0.5384104929177198	-0.5411839670492767	0.6078727986550532	0.9994495031292484
PF3D7_1102900	0.8802976606176344	1.0932860147875705	0.316207700567534	0.9994495031292484
PF3D7_1103000	-1.2012466105630422	-1.1384139173613088	0.29835270067855074	0.9994495031292484
PF3D7_1103100	-0.2168317084150717	-0.35795749944741295	0.7326311856792781	0.9994495031292484
PF3D7_1103200	0.4806133565700166	1.0000000000000013	0.35591768374958144	0.9994495031292484
PF3D7_1103300	-0.4891523578817514	-0.9999999999999987	0.3559176837495826	0.9994495031292484
PF3D7_1103400	-0.44654941420927163	-0.9738267630323453	0.3677516216891387	0.9994495031292484
PF3D7_1103500	-0.8859087024707407	-1.2475750067427909	0.25867067507155533	0.9994495031292484
PF3D7_1103600	-0.07041505959580438	-0.17595432661375038	0.8661182289774841	0.9994495031292484
PF3D7_1103700	0.12117917746730353	0.3534110500382602	0.73586623347292	0.9994495031292484
PF3D7_1103800	0.767959088599557	1.0773610815167352	0.32271705778677984	0.9994495031292484
PF3D7_1103900	0.2805778471689077	0.24372258162574803	0.8155651383136131	0.9994495031292484
PF3D7_1104000	0.7702180986422814	1.4725885682715179	0.19128518941101796	0.9994495031292484
PF3D7_1104100	-0.14243633382742926	-0.22333007052218481	0.8306880379745868	0.9994495031292484
PF3D7_1104200	-0.07203089878156957	-0.2114531343575944	0.8395331161931341	0.9994495031292484
PF3D7_1104300	-0.3078044984061687	-0.6640815145916366	0.5313139266109134	0.9994495031292484
PF3D7_1104400	-0.007105322408582589	-0.02639253065713704	0.979800163021506	0.9994495031292484
PF3D7_1104500	-0.8416392405336274	-1.3784440667016837	0.21725848723213387	0.9994495031292484
PF3D7_1104600	0.009887515094612605	0.01757051987689393	0.9865511797515885	0.9994495031292484
PF3D7_1104700	-0.6550333928399135	-0.8413536396121581	0.43239685321666127	0.9994495031292484
PF3D7_1104800	-0.7385233921306396	-2.1101254517463217	0.07935904845966672	0.9994495031292484
PF3D7_1104900	-0.5477957443727791	-0.9385597539384652	0.38418428652333925	0.9994495031292484
PF3D7_1105000	-0.9636059040437552	-1.7310223282400743	0.13416518734490743	0.9994495031292484
PF3D7_1105100	-0.9625295043126444	-1.212242865728901	0.2709835867546891	0.9994495031292484
PF3D7_1105200	-0.773949360341049	-1.4667884783920604	0.19279867338694204	0.9994495031292484
PF3D7_1105300	0.5119613183469699	1.1248648431593784	0.3036223267849873	0.9994495031292484
PF3D7_1105400	0.13817212046199692	0.25383186947158165	0.8080998696872386	0.9994495031292484
PF3D7_1105500	-0.45877721224798634	-0.7740436027733401	0.4682977840088929	0.9994495031292484
PF3D7_1105600	0.2719125494377191	0.8236369805552671	0.44164708377535566	0.9994495031292484
PF3D7_1105700	-0.036741455582179845	-0.06426014860828805	0.9508505290718084	0.9994495031292484
PF3D7_1105800	-0.03371471935266271	-0.13645040467278036	0.8959284729517402	0.9994495031292484
PF3D7_1105900	0.04604182411661809	0.07479555313597036	0.9428087828733874	0.9994495031292484
PF3D7_1106000	-0.07230852013728105	-0.12303931649750442	0.9060939394702238	0.9994495031292484
PF3D7_1106100	-0.3028083366583556	-0.9496691076184851	0.3789473337403319	0.9994495031292484
PF3D7_1106200	-0.516578493678383	-1.3074358124110255	0.2389276232801035	0.9994495031292484
PF3D7_1106300	-0.5955384936787852	-1.5812471254609282	0.16490583658957744	0.9994495031292484
PF3D7_1106400	0.5179437338194943	0.6093153387382966	0.5646591476666991	0.9994495031292484
PF3D7_1106500	-0.25751544442212415	-0.5196881958283861	0.6218884732954324	0.9994495031292484
PF3D7_1106600	-0.06363042365585266	-0.1082253065792245	0.9173454328965174	0.9994495031292484
PF3D7_1106700	-0.09204195266318942	-0.14301425015626382	0.8909608950987251	0.9994495031292484
PF3D7_1106800	0.1393421511953069	0.24079123648051223	0.8177338242000269	0.9994495031292484
PF3D7_1106900	0.3711091555017868	0.7313759013954264	0.4921133518207006	0.9994495031292484
PF3D7_1107000	-0.36718529718557813	-0.49844863282770946	0.6359098596528135	0.9994495031292484
PF3D7_1107100	-0.5051321549433067	-0.9655722043323469	0.3715475811092462	0.9994495031292484
PF3D7_1107200	0.3306117074615909	0.9197337790723255	0.39318640833224894	0.9994495031292484
PF3D7_1107300	0.6156837176754097	0.9786446601408898	0.3655502066251009	0.9994495031292484
PF3D7_1107400	-0.5640207160826083	-2.144745275403377	0.07565307592906981	0.9994495031292484
PF3D7_1107500	-0.3675383047723735	-0.7179042402168232	0.49980145758018735	0.9994495031292484
PF3D7_1107600	0.1430413308340157	0.14956248424321908	0.8860105314817797	0.9994495031292484
PF3D7_1107700	0.17945806338075956	0.33002335254863935	0.7526004514701898	0.9994495031292484
PF3D7_1107800	0.10149514611485481	0.1479444031551799	0.8872332610612577	0.9994495031292484
PF3D7_1107900	0.8581374163188512	1.494342556728301	0.18570650785881088	0.9994495031292484
PF3D7_1108000	-0.045708709814806306	-0.10493029515742375	0.9198510080806337	0.9994495031292484
PF3D7_1108100	-1.939620482783942	-1.6846146329481404	0.14304491203142022	0.9994495031292484
PF3D7_1108200	0.39982800590402817	1.0075132634815473	0.3525772171646727	0.9994495031292484
PF3D7_1108300	0.40522627584730325	0.9021958817168375	0.40171726136998837	0.9994495031292484
PF3D7_1108400	0.2612885563321641	1.4046417639382645	0.2097240570265437	0.9994495031292484
PF3D7_1108500	-0.6195687661712369	-1.261304230639615	0.2540197246021956	0.9994495031292484
PF3D7_1108600	0.7315526656233392	1.3857378241770966	0.2151364355975528	0.9994495031292484
PF3D7_1108700	0.14503401547426695	0.45621223840651226	0.6642848289584515	0.9994495031292484
PF3D7_1108800	0.37988857578926577	0.38424464269830666	0.7140461555035429	0.9994495031292484
PF3D7_1108900	-0.5165894867928295	-0.7684271518278589	0.47138601838673555	0.9994495031292484
PF3D7_1109000	-2.2659493668951325	-1.8630777510978183	0.11174599873757353	0.9994495031292484
PF3D7_1109100	-0.4460031700540877	-0.4170378403419933	0.6911605351414363	0.9994495031292484
PF3D7_1109200	-0.24116939639070076	-0.33127781234408643	0.7516990168260311	0.9994495031292484
PF3D7_1109400	-0.43896340709832077	-1.7414369341401315	0.13224737415968374	0.9994495031292484
PF3D7_1109800	0.34866465862624535	1.0000000000000009	0.3559176837495817	0.9994495031292484
PF3D7_1109900	-0.32947090446241883	-0.507674716690452	0.6297984055642841	0.9994495031292484
PF3D7_1110000	-0.21651751978124376	-0.267716581239134	0.797882762012855	0.9994495031292484
PF3D7_1110100	-0.36958322006682404	-0.7910373504200601	0.4590402920103801	0.9994495031292484
PF3D7_1110200	-0.13884170047807262	-0.19803588204480196	0.8495562284792954	0.9994495031292484
PF3D7_1110300	-0.4002869855018542	-1.0160663711131024	0.34880501897946564	0.9994495031292484
PF3D7_1110400	0.5026742920472	0.7332150173260066	0.4910700444481859	0.9994495031292484
PF3D7_1110500	0.6359227923442446	1.4643399379203734	0.19344092698029594	0.9994495031292484
PF3D7_1110600	-0.6738596949475544	-1.196628603371145	0.2765849907281808	0.9994495031292484
PF3D7_1110700	-0.47318646505892403	-0.5696787257228736	0.5895720631815587	0.9994495031292484
PF3D7_1110800	-0.5164279654476337	-0.8753828575758996	0.41503005531938447	0.9994495031292484
PF3D7_1110900	0.04530305985898386	0.21387107297279437	0.8377302790657479	0.9994495031292484
PF3D7_1111000	-0.25847018841294533	-0.6433469559165307	0.5437888076321548	0.9994495031292484
PF3D7_1111100	0.3226151290733784	2.197218105679773	0.07037137180628689	0.9994495031292484
PF3D7_1111200	-0.23800580669726115	-1.5784468775435478	0.1655403135638635	0.9994495031292484
PF3D7_1111300	-0.18807236054528864	-0.2962991951429957	0.7769899298326226	0.9994495031292484
PF3D7_1111400	-0.6343086303052895	-1.5377089530999852	0.17503605138125675	0.9994495031292484
PF3D7_1111500	-0.9847331422269916	-1.966136177136697	0.0968676559056251	0.9994495031292484
PF3D7_1111600	-0.2692035349025791	-0.8237743602252415	0.4415748062496061	0.9994495031292484
PF3D7_1111700	-0.3422909338854222	-0.734290794040721	0.49046046753857475	0.9994495031292484
PF3D7_1111800	-0.1179607996312762	-0.2800541191455546	0.7888407430153278	0.9994495031292484
PF3D7_1111900	-0.29351155949416907	-0.6129918874976731	0.5623810613436295	0.9994495031292484
PF3D7_1112000	-0.5969590656361975	-0.712826110837205	0.5027203443274393	0.9994495031292484
PF3D7_1112100	0.7328274264224044	1.4567336421971202	0.19544872678307287	0.9994495031292484
PF3D7_1112200	-0.44636257222076475	-0.6847718352094296	0.5190503453073854	0.9994495031292484
PF3D7_1112300	0.25269706824491955	1.81034766231895	0.12021708692254847	0.9994495031292484
PF3D7_1112400	-0.22533483079105585	-0.3059280918290443	0.769996305823316	0.9994495031292484
PF3D7_1112500	0.625480280968271	0.8959846118873384	0.4047720836393323	0.9994495031292484
PF3D7_1112600	-0.42582971229529964	-1.0031366087296338	0.3545200583191965	0.9994495031292484
PF3D7_1112700	-0.4760755378192312	-1.5656535820817539	0.1684685672036764	0.9994495031292484
PF3D7_1112800	1.207731696502933	1.8258207264506465	0.11766755224553545	0.9994495031292484
PF3D7_1112900	0.32951713540201194	1.1232143418915908	0.3042695699048232	0.9994495031292484
PF3D7_1113000	0.6856713441964263	1.3277730284952602	0.2325313085897824	0.9994495031292484
PF3D7_1113100	-0.6402407614793889	-1.9747015894308055	0.09572434585659749	0.9994495031292484
PF3D7_1113200	-0.34965435255028565	-0.40237186514831036	0.701353307725578	0.9994495031292484
PF3D7_1113300	-0.09667213638988194	-0.10659729427739914	0.9185832693480765	0.9994495031292484
PF3D7_1113400	0.012290541541084617	0.037933130542894516	0.9709716170775107	0.9994495031292484
PF3D7_1113500	-0.7395797889128038	-1.802016040861266	0.1216124005290929	0.9994495031292484
PF3D7_1113600	-0.4314367736075977	-1.1724755081601828	0.2854458155989496	0.9994495031292484
PF3D7_1113700	0.35377212132641017	0.5920685957831519	0.5754203489169629	0.9994495031292484
PF3D7_1113800	0.1007775261271574	0.23285624989368775	0.8236131567267024	0.9994495031292484
PF3D7_1113900	0.8634275920075506	1.1565736762486691	0.29141114932168644	0.9994495031292484
PF3D7_1114000	0.19568200458186374	0.21345447561379668	0.8380408212339174	0.9994495031292484
PF3D7_1114100	-0.32996551438557803	-0.656261247288898	0.5359973245731464	0.9994495031292484
PF3D7_1114200	-1.137083257631132	-1.8747411399114715	0.10995374205288466	0.9994495031292484
PF3D7_1114300	-0.5117747557833427	-1.0000000000000002	0.355917683749582	0.9994495031292484
PF3D7_1114400	0.3130524439527973	0.6916729266114229	0.5150013225309331	0.9994495031292484
PF3D7_1114500	0.40856031821327204	1.0118078894734226	0.350679080979979	0.9994495031292484
PF3D7_1114600	-0.9428252768117876	-1.9197986518179502	0.10329496266102163	0.9994495031292484
PF3D7_1114700	-0.8071490120993461	-1.6820381900791015	0.1435542379337031	0.9994495031292484
PF3D7_1114800	-0.5132500157998829	-0.7432580361862882	0.48539934512194016	0.9994495031292484
PF3D7_1114900	0.6529723884209415	1.0078856638551246	0.35241229881304764	0.9994495031292484
PF3D7_1115000	-0.43690042876602775	-0.5999986122443873	0.5704571371825577	0.9994495031292484
PF3D7_1115100	-0.7090596824764601	-1.0564435526910325	0.33143454125581373	0.9994495031292484
PF3D7_1115200	-0.04118817221584011	-0.17583291483899582	0.8662095075131939	0.9994495031292484
PF3D7_1115300	-0.43559142095594905	-0.9853248430850958	0.36251510156104794	0.9994495031292484
PF3D7_1115400	0.020056348712790155	0.04129028260752864	0.9684041849894636	0.9994495031292484
PF3D7_1115500	-0.9959532126241206	-1.9605307770472022	0.097623294393428	0.9994495031292484
PF3D7_1115600	-0.3202232790028118	-0.4535936506932907	0.6660649578403203	0.9994495031292484
PF3D7_1115700	0.3220383490078927	0.7110196532507198	0.5037614353069086	0.9994495031292484
PF3D7_1115800	-0.2679305596895452	-0.5050245502180803	0.6315506502619704	0.9994495031292484
PF3D7_1115900	-0.3393539264607142	-0.466267452476622	0.6574715957507791	0.9994495031292484
PF3D7_1116000	0.2646929355454623	0.3466593236086836	0.7406814097786887	0.9994495031292484
PF3D7_1116100	0.18817602819339277	0.47773344404869716	0.649746245440525	0.9994495031292484
PF3D7_1116200	-0.9951809419084471	-1.5436824091103944	0.17361220610024014	0.9994495031292484
PF3D7_1116300	-0.3580126328092181	-0.5510478161153822	0.6015014337536371	0.9994495031292484
PF3D7_1116400	-0.27875272197219275	-0.7026957433967191	0.5085772258583898	0.9994495031292484
PF3D7_1116500	0.06500365265043662	0.18443961138341483	0.8597446015944551	0.9994495031292484
PF3D7_1116600	-0.3749670774325174	-2.4307005075534933	0.051113727730156794	0.9994495031292484
PF3D7_1116700	-0.025783059951428048	-0.1367359369121112	0.895712270099435	0.9994495031292484
PF3D7_1116800	-0.12085011408420414	-0.5611292753871829	0.5950291291708296	0.9994495031292484
PF3D7_1116900	-1.3141973623538061	-1.8221595493170626	0.11826594871522754	0.9994495031292484
PF3D7_1117000	0.047750070165637426	0.14181656987939403	0.8918669133204604	0.9994495031292484
PF3D7_1117100	0.8991683965633765	3.1610139682959524	0.01953990046495926	0.9994495031292484
PF3D7_1117200	-0.04473205392590188	-0.09887299467899004	0.9244596782152916	0.9994495031292484
PF3D7_1117300	0.08701762934337169	0.08329436105456332	0.9363269162550064	0.9994495031292484
PF3D7_1117400	0.23664698879050805	0.6574156101372755	0.5353043467276184	0.9994495031292484
PF3D7_1117500	-0.04807419767645726	-0.2468157133937358	0.8132786988389131	0.9994495031292484
PF3D7_1117600	-0.028467857307906033	-0.04209437504984434	0.9677893036522545	0.9994495031292484
PF3D7_1117700	0.042087354940699394	0.10812938586826198	0.917418357868497	0.9994495031292484
PF3D7_1117800	0.10517602080561217	0.21955148556092755	0.8334991771095117	0.9994495031292484
PF3D7_1117900	-0.050741615185000054	-0.08448123269522691	0.9354221265900494	0.9994495031292484
PF3D7_1118000	-0.4734547204709988	-0.663163608691865	0.5318622786163192	0.9994495031292484
PF3D7_1118100	-0.9755975246855317	-1.299365509198644	0.24150902015613268	0.9994495031292484
PF3D7_1118200	0.2637207559728585	0.401977538071217	0.7016283178745604	0.9994495031292484
PF3D7_1118300	0.06120841667791299	0.09964616364708509	0.9238712329288044	0.9994495031292484
PF3D7_1118400	0.19992367369407935	0.3419943651860865	0.744015903508168	0.9994495031292484
PF3D7_1118500	-0.14072202317875868	-0.3039305769281332	0.7714452123596942	0.9994495031292484
PF3D7_1118600	-0.2104643269577338	-0.9316326019320683	0.3874780089594421	0.9994495031292484
PF3D7_1118700	-0.21099016561755216	-0.3416052486405845	0.7442943187452407	0.9994495031292484
PF3D7_1118800	0.006743410779557136	0.01996816810744475	0.9847162402660444	0.9994495031292484
PF3D7_1118900	0.19755763075142307	0.22002090762727894	0.833149795224486	0.9994495031292484
PF3D7_1119000	0.23305840332651598	0.771862751188984	0.4694952500808459	0.9994495031292484
PF3D7_1119100	-0.22206600283298944	-0.4582429057422394	0.662906020397972	0.9994495031292484
PF3D7_1119200	0.09492283264821025	0.22719234476984448	0.8278174724427368	0.9994495031292484
PF3D7_1119300	-0.1347771986271872	-0.5643649801363451	0.5929603616685271	0.9994495031292484
PF3D7_1119400	0.32147949107774887	0.6180212471031137	0.5592738591736197	0.9994495031292484
PF3D7_1119500	-0.22940956181138045	-0.3921848939478257	0.7084736603032415	0.9994495031292484
PF3D7_1119600	-0.20644708833887943	-0.36431723682097095	0.7281159785572954	0.9994495031292484
PF3D7_1119700	-0.12882928140207833	-0.1864189446522968	0.8582594917938668	0.9994495031292484
PF3D7_1119800	0.21809299569989882	0.3101893651581375	0.7669087771465797	0.9994495031292484
PF3D7_1119900	0.06061979370828324	0.12233733348184553	0.9066265915887413	0.9994495031292484
PF3D7_1120000	0.479654561562358	0.9119201434775013	0.396969894811616	0.9994495031292484
PF3D7_1120100	0.3822826049454191	1.043778194335632	0.33680590374731684	0.9994495031292484
PF3D7_1120200	-0.3806327471400841	-0.7259379168400946	0.495207048299676	0.9994495031292484
PF3D7_1120300	-0.6365303518359547	-2.2181843513207857	0.06836857769134182	0.9994495031292484
PF3D7_1120400	0.04330510154741242	0.13970851583964464	0.8934620426276922	0.9994495031292484
PF3D7_1120500	0.48215394084279106	1.5697802764054078	0.16751868832266464	0.9994495031292484
PF3D7_1120600	-0.4966713352827034	-0.8266748693371295	0.4400508058553819	0.9994495031292484
PF3D7_1120700	0.12800267568680992	0.31221122833768294	0.7654454598074667	0.9994495031292484
PF3D7_1120800	-0.3373217649242431	-0.2856215947787376	0.784772087336025	0.9994495031292484
PF3D7_1120900	0.46676393360146523	0.45395200438482386	0.6658212060565278	0.9994495031292484
PF3D7_1121000	-0.16447913932296626	-0.24118624132556876	0.8174414856830748	0.9994495031292484
PF3D7_1121100	-0.05748512988226256	-0.1136521296944717	0.913221078652988	0.9994495031292484
PF3D7_1121200	0.39449095150156605	0.6995034235084872	0.5104322268052726	0.9994495031292484
PF3D7_1121300	0.3781479644921342	0.827182260941829	0.43978460234932926	0.9994495031292484
PF3D7_1121400	-0.2924616161383094	-0.8760404380369953	0.41469965055014496	0.9994495031292484
PF3D7_1121500	0.25923032981090277	1.1174622251438215	0.30653431330504805	0.9994495031292484
PF3D7_1121600	0.08065168969835605	0.12566471985232608	0.9041023074476455	0.9994495031292484
PF3D7_1121700	-0.37661996727438035	-1.0486832179682104	0.3347173345248087	0.9994495031292484
PF3D7_1121800	-0.5531295454328802	-0.5401947233565506	0.6085138819601639	0.9994495031292484
PF3D7_1121900	-0.12829448066599536	-0.4094155913123888	0.6964492831306814	0.9994495031292484
PF3D7_1122000	0.3582792093266801	0.5956075944243887	0.5732021803032665	0.9994495031292484
PF3D7_1122100	0.32860036836582324	0.4009077760081087	0.702374636754585	0.9994495031292484
PF3D7_1122200	-0.043283364210355224	-0.07781346751078608	0.9405065033383291	0.9994495031292484
PF3D7_1122300	-0.3512541880514742	-0.3964326296740449	0.7055006553156871	0.9994495031292484
PF3D7_1122400	0.245872699532994	0.5603939417452801	0.5954998508932814	0.9994495031292484
PF3D7_1122500	0.15177161565910222	0.24733301944152994	0.8128965028647133	0.9994495031292484
PF3D7_1122600	0.17248239041969135	0.5042100231231978	0.6320897297114311	0.9994495031292484
PF3D7_1122700	0.5324481210630898	0.5127012910183568	0.6264821667821922	0.9994495031292484
PF3D7_1122800	-0.09797992870338929	-0.1813436367848501	0.8620687955769554	0.9994495031292484
PF3D7_1122900	-0.6631233933042503	-1.8624925097706593	0.11183669098393266	0.9994495031292484
PF3D7_1123000	-0.0062859291201733496	-0.01764563850352135	0.9864936894294907	0.9994495031292484
PF3D7_1123100	0.16403774153521491	0.265636849879825	0.7994104061818195	0.9994495031292484
PF3D7_1123200	-0.5487760266727729	-1.8158263672206492	0.11930817207206225	0.9994495031292484
PF3D7_1123300	0.8194197866910855	2.5834117683123163	0.041578340829920624	0.9994495031292484
PF3D7_1123400	0.009580595701546037	0.027752848637648844	0.978759331639172	0.9994495031292484
PF3D7_1123500	0.17838658140140826	0.3680465662382147	0.7254738117129955	0.9994495031292484
PF3D7_1123600	-0.3850168592984868	-0.8893591610816337	0.40804994569986414	0.9994495031292484
PF3D7_1123700	-0.5112641955415492	-0.8073321461276904	0.45028615242417547	0.9994495031292484
PF3D7_1123800	0.311115542033365	0.6817382247548492	0.5208368039614341	0.9994495031292484
PF3D7_1123900	-0.4397609311751879	-0.922074030353617	0.3920586132683176	0.9994495031292484
PF3D7_1124000	-0.11702100364401054	-0.1797292193343113	0.8632813650284965	0.9994495031292484
PF3D7_1124100	-0.11943717428596319	-0.2384711386448843	0.8194515487976978	0.9994495031292484
PF3D7_1124200	-0.4035208557500928	-0.9517716089729156	0.37796248988274056	0.9994495031292484
PF3D7_1124300	-0.46839674197374553	-2.2090369174607707	0.06923504957356283	0.9994495031292484
PF3D7_1124400	0.020831808920264826	0.026595331322035468	0.9796449896467161	0.9994495031292484
PF3D7_1124500	0.6845837977735092	1.549615223861977	0.17220885842198116	0.9994495031292484
PF3D7_1124600	0.24844258857377957	0.4408978143362623	0.6747293089219006	0.9994495031292484
PF3D7_1124700	-0.16065231255358886	-0.5800394858207024	0.5829981896856787	0.9994495031292484
PF3D7_1124800	0.17850924252073533	0.3534887141159813	0.7358109211308503	0.9994495031292484
PF3D7_1124900	-0.6962877312972872	-1.5168028332120618	0.18010622696242515	0.9994495031292484
PF3D7_1125000	-0.259020356112178	-0.4566240127865927	0.6640051204839473	0.9994495031292484
PF3D7_1125100	0.01931875717073448	0.040777444537184855	0.9687963595268111	0.9994495031292484
PF3D7_1125200	-0.030321480477274794	-0.07063932507393571	0.9459804356506669	0.9994495031292484
PF3D7_1125300	-0.5392937973451846	-0.8916760068496392	0.4069014439133815	0.9994495031292484
PF3D7_1125400	-0.22002572063343837	-0.4048835303729208	0.6996027961950648	0.9994495031292484
PF3D7_1125500	0.061239091657503394	0.10435872643873689	0.92028574091721	0.9994495031292484
PF3D7_1125600	0.2212335953318158	0.3487068398305799	0.7392197950883515	0.9994495031292484
PF3D7_1125700	-0.43035474623330366	-0.5585636210469161	0.5966724591284123	0.9994495031292484
PF3D7_1125800	-0.8321430011413089	-0.6662781850220842	0.530003122379638	0.9994495031292484
PF3D7_1125900	-0.2955907366110798	-0.49744280714863087	0.6365780440572141	0.9994495031292484
PF3D7_1126000	0.4366138160672999	0.924226284539332	0.39102360907490585	0.9994495031292484
PF3D7_1126100	-0.129752206996339	-0.4103251475432365	0.6958171903447675	0.9994495031292484
PF3D7_1126200	-0.4033167170214435	-0.5240856939335371	0.6190067612734214	0.9994495031292484
PF3D7_1126300	-1.1404703102733413	-2.5245085791428297	0.045012170935035234	0.9994495031292484
PF3D7_1126400	-0.849154769289489	-0.9570140584250229	0.3755155359896726	0.9994495031292484
PF3D7_1126500	0.01034141959584122	0.019554201397296037	0.9850330453443994	0.9994495031292484
PF3D7_1126600	-0.7682144267610512	-1.5639104136017135	0.16887133816248653	0.9994495031292484
PF3D7_1126700	-0.02239636408663976	-0.029586238937058723	0.9773566074387083	0.9994495031292484
PF3D7_1126800	0.29697928607433133	0.3987283114146603	0.7038962636831502	0.9994495031292484
PF3D7_1126900	-0.7850630015930359	-1.158987674603586	0.290498799483424	0.9994495031292484
PF3D7_1127000	0.14046666275382405	0.2751086555990771	0.7924609748759328	0.9994495031292484
PF3D7_1127100	-0.11763572304611288	-0.15423379888072297	0.8824825179283619	0.9994495031292484
PF3D7_1127200	0.42467752707298817	0.2980448639657135	0.7757202978049851	0.9994495031292484
PF3D7_1127300	0.7628423651253274	1.2220483992878108	0.2675163888860128	0.9994495031292484
PF3D7_1127400	-0.5397273872504578	-0.7298144333923835	0.493000333836779	0.9994495031292484
PF3D7_1127500	0.3586267013641464	0.872817225676545	0.41632105264080344	0.9994495031292484
PF3D7_1127600	-0.4448004286662851	-1.0656769792485123	0.32756294168990713	0.9994495031292484
PF3D7_1127700	0.9995814124140692	1.092119593749284	0.3166807581248976	0.9994495031292484
PF3D7_1127800	0.13067395189351327	0.4054451144972445	0.699211674738552	0.9994495031292484
PF3D7_1127900	-0.42822192481576393	-0.9408128388373539	0.38311767046352196	0.9994495031292484
PF3D7_1128000	0.1289211640449495	0.6002048185524885	0.5703284225590279	0.9994495031292484
PF3D7_1128100	-0.25094164979847244	-0.625581443374557	0.5546229829234499	0.9994495031292484
PF3D7_1128200	-0.3272729732050723	-0.4363231518278206	0.6778648492032424	0.9994495031292484
PF3D7_1128300	0.13335809673968746	0.26938521706458224	0.7966577920805571	0.9994495031292484
PF3D7_1128400	0.17393953690502548	0.4178334260950808	0.6906096048429751	0.9994495031292484
PF3D7_1128500	-0.46290624517504786	-0.9230021786330598	0.3916120155316886	0.9994495031292484
PF3D7_1128600	0.12617154254899632	0.22609412720683378	0.8286334084920397	0.9994495031292484
PF3D7_1128700	-0.1391587374178273	-0.19374919664778145	0.8527651291200145	0.9994495031292484
PF3D7_1128900	-0.1306819401442723	-0.7515444457534793	0.4807544051516164	0.9994495031292484
PF3D7_1129000	-0.036740911819081415	-0.07042464176262797	0.9461442923322231	0.9994495031292484
PF3D7_1129100	0.5199038943174864	1.4528925817123546	0.19646994658274594	0.9994495031292484
PF3D7_1129200	0.2860909616567518	0.8598685363137588	0.4228824114242932	0.9994495031292484
PF3D7_1129300	0.452984081456355	0.8469276315448757	0.4295160760682076	0.9994495031292484
PF3D7_1129400	0.1522676444826011	0.26808102432847253	0.797615165033968	0.9994495031292484
PF3D7_1129500	-0.20818700594032477	-0.6396784799105616	0.546015051248967	0.9994495031292484
PF3D7_1129600	0.15275744367144758	0.20580166515316314	0.8437510478016091	0.9994495031292484
PF3D7_1129700	0.7166269625006564	0.9371338308654404	0.38486050892798307	0.9994495031292484
PF3D7_1129800	0.41298602230115616	1.8446804168876183	0.11463217428619374	0.9994495031292484
PF3D7_1129850	0.15685600987630116	0.2643925130825933	0.8003248862168719	0.9994495031292484
PF3D7_1129900	-0.2928659737787847	-1.122791765536887	0.30443546908814173	0.9994495031292484
PF3D7_1130000	-0.2106498679225539	-0.3883773264153205	0.7111433842740331	0.9994495031292484
PF3D7_1130100	-0.04484711013632993	-0.07365789703221642	0.943676826327216	0.9994495031292484
PF3D7_1130200	0.1506150498895462	0.6586739199193149	0.5345496199832402	0.9994495031292484
PF3D7_1130300	-0.365816852747616	-0.3601070062983524	0.7311037818531572	0.9994495031292484
PF3D7_1130310	-0.4402586741978217	-0.39228589356829496	0.7084029046836657	0.9994495031292484
PF3D7_1130400	-0.094832178584126	-0.3687088138560184	0.7250050517779235	0.9994495031292484
PF3D7_1130500	0.0993077635427367	0.346470364533626	0.7408163576929638	0.9994495031292484
PF3D7_1130600	-0.24846307287169592	-0.5250471158089882	0.6183777190504998	0.9994495031292484
PF3D7_1130700	0.3545872618366983	0.5548782848980679	0.5990375296953527	0.9994495031292484
PF3D7_1130800	-0.2204076355104203	-0.7324486833123973	0.49150459323093165	0.9994495031292484
PF3D7_1130900	0.7522667060462641	1.2017967446347464	0.2747200268039306	0.9994495031292484
PF3D7_1131000	-0.1697036060178409	-0.4350872037630832	0.6787132039348303	0.9994495031292484
PF3D7_1131100	0.14465325895094147	0.26951851390154336	0.7965599642494079	0.9994495031292484
PF3D7_1131200	-0.026175076598230866	-0.12711347700440426	0.9030036060064437	0.9994495031292484
PF3D7_1131300	0.12209608303369988	0.3719760521348967	0.7226943111456627	0.9994495031292484
PF3D7_1131400	-0.002706318868418425	-0.009339302385719145	0.9928512070557518	0.9994495031292484
PF3D7_1131500	-0.4873362401851557	-1.391949882076471	0.2133439800083571	0.9994495031292484
PF3D7_1131600	-0.1695311443867022	-0.24369092750411972	0.8155885473410882	0.9994495031292484
PF3D7_1131700	-1.9616966987547266	-1.3267865709209092	0.23283799181085257	0.9994495031292484
PF3D7_1131800	-0.22660924638105306	-0.38398217069508545	0.7142306920836567	0.9994495031292484
PF3D7_1131900	-0.04343293300983527	-0.09207814496050082	0.92963332728768	0.9994495031292484
PF3D7_1132000	-0.05063232118769191	-0.12103863668355677	0.9076121595489686	0.9994495031292484
PF3D7_1132100	-0.3708129621210928	-0.35307955678160907	0.7361023424148385	0.9994495031292484
PF3D7_1132200	0.21286705675933063	0.434481379089678	0.6791292305396941	0.9994495031292484
PF3D7_1132300	0.32658618958101837	0.7464060967865642	0.48363108624902373	0.9994495031292484
PF3D7_1132400	0.46462826899028914	0.8762032666429375	0.4146178668604301	0.9994495031292484
PF3D7_1132500	1.7218471184230961	1.4446347094080954	0.1986821774982813	0.9994495031292484
PF3D7_1132600	-0.5322196634572204	-1.0301519764837934	0.34266357912123924	0.9994495031292484
PF3D7_1132700	-0.08069287087415634	-0.1435666842911842	0.8905430518002888	0.9994495031292484
PF3D7_1132800	-0.4969117020818819	-0.5541523352117491	0.5995040431886551	0.9994495031292484
PF3D7_1132900	-0.39066024427171925	-1.8987174308710149	0.10635879519789532	0.9994495031292484
PF3D7_1133000	0.6395153403853208	0.6399116430723865	0.5458733841786898	0.9994495031292484
PF3D7_1133100	-0.4679995343311468	-1.3321242764745924	0.23118285021357463	0.9994495031292484
PF3D7_1133200	0.5586214930291835	0.8714808194787989	0.4169947041493729	0.9994495031292484
PF3D7_1133300	0.06396930484727574	0.22585037013580736	0.8288145430305823	0.9994495031292484
PF3D7_1133400	0.7017657200168019	1.2353209076212393	0.26288471191160623	0.9994495031292484
PF3D7_1133500	0.8938052451833985	0.9772740660693013	0.3661754037628544	0.9994495031292484
PF3D7_1133600	0.6580523930651644	0.7427365638600211	0.4856926823882999	0.9994495031292484
PF3D7_1133700	-0.26775464389234765	-0.44363558494252725	0.6728562121649316	0.9994495031292484
PF3D7_1133800	0.5170794349357994	1.3356511830510625	0.23009500807327005	0.9994495031292484
PF3D7_1133900	0.24087021782649148	0.4754377386201375	0.6512892329675357	0.9994495031292484
PF3D7_1134000	0.3587518613996262	0.530909168313738	0.6145499520098632	0.9994495031292484
PF3D7_1134100	0.45676564274894926	0.598601268710351	0.5713298250956215	0.9994495031292484
PF3D7_1134200	0.9461972193434074	2.096740711691217	0.0808411838780494	0.9994495031292484
PF3D7_1134300	0.266142945977157	0.4671461337272821	0.6568779135497433	0.9994495031292484
PF3D7_1134400	-0.8126192320745055	-1.5840620823645442	0.16427035439371765	0.9994495031292484
PF3D7_1134500	0.19866677551280384	0.8279686799195763	0.4393722380213201	0.9994495031292484
PF3D7_1134600	0.9135490790214524	1.1869964113742264	0.28008994371393325	0.9994495031292484
PF3D7_1134700	-0.5193034891435253	-0.741440527446483	0.4864222512617291	0.9994495031292484
PF3D7_1134800	0.020634214411363084	0.08590729018571372	0.9343351379543234	0.9994495031292484
PF3D7_1134900	0.6716425897449548	1.2752939152955496	0.2493563238029695	0.9994495031292484
PF3D7_1135000	0.8843863987319719	0.8377806756350734	0.434250882967286	0.9994495031292484
PF3D7_1135100	-0.1780965986437548	-0.5514168479113161	0.6012638063333346	0.9994495031292484
PF3D7_1135200	1.211042652482408	1.6171623025016981	0.15697061638451296	0.9994495031292484
PF3D7_1135300	0.09769340245151405	0.12075568319258176	0.9078269141011874	0.9994495031292484
PF3D7_1135400	-0.055710173323288925	-0.07090989237708213	0.9457739297318144	0.9994495031292484
PF3D7_1135500	-0.5664958712424585	-1.4603537809774236	0.1944907407105386	0.9994495031292484
PF3D7_1135600	0.05169126396066669	0.18649304441434703	0.858203906442493	0.9994495031292484
PF3D7_1135700	-0.8826582696681253	-1.0729922252844646	0.3245220516975683	0.9994495031292484
PF3D7_1135800	0.4912447247873984	0.7872077182633923	0.46111513841886986	0.9994495031292484
PF3D7_1135900	-0.16993910365189552	-0.2639937966937515	0.8006179817961132	0.9994495031292484
PF3D7_1136000	0.5081733355139667	0.8862218479033652	0.40960906007814907	0.9994495031292484
PF3D7_1136100	-0.9568968274690158	-0.9260753122571446	0.3901361018330527	0.9994495031292484
PF3D7_1136200	-0.7120379414167715	-1.864792093626963	0.1114807549464141	0.9994495031292484
PF3D7_1136300	1.089802577231571	1.732857040184936	0.13382537493398236	0.9994495031292484
PF3D7_1136400	0.4474967989347085	1.1095919246965307	0.30965588994708265	0.9994495031292484
PF3D7_1136500	-0.34772108608198204	-0.8452590995214729	0.43037693240934655	0.9994495031292484
PF3D7_1136600	0.1838352514629328	0.31129277753960183	0.7661100547398445	0.9994495031292484
PF3D7_1136700	0.04244737445714876	0.1291289804521154	0.9014754903548479	0.9994495031292484
PF3D7_1136800	0.38633087065694904	0.9446502987646418	0.38130629274005773	0.9994495031292484
PF3D7_1136900	-0.8300589389122981	-0.6025293914098038	0.568878630391759	0.9994495031292484
PF3D7_1137000	-1.4709597147583784	-0.7848873344197773	0.462375516566255	0.9994495031292484
PF3D7_1137100	-0.6320535932578648	-2.516147785777418	0.045523402852921176	0.9994495031292484
PF3D7_1137200	0.5360843934654643	1.0904877446796326	0.3173435610629027	0.9994495031292484
PF3D7_1137300	0.4300797080829355	1.295649128513646	0.2427060737929708	0.9994495031292484
PF3D7_1137400	0.011496991412650195	0.058560328029346694	0.9552039539632227	0.9994495031292484
PF3D7_1137500	-0.3962974039446412	-0.6404908085677995	0.5455215902311161	0.9994495031292484
PF3D7_1137600	0.6381766863124888	0.741486048449801	0.48639661373159626	0.9994495031292484
PF3D7_1137700	-0.6749532919965731	-1.0830318660848657	0.3203865274572722	0.9994495031292484
PF3D7_1137800	-0.5886931488517442	-1.9011979166441118	0.10599363322891499	0.9994495031292484
PF3D7_1137900	-0.6601040068897462	-1.99773603888255	0.09271672207195387	0.9994495031292484
PF3D7_1138000	0.09801826919241412	0.16582881522429185	0.8737383176026472	0.9994495031292484
PF3D7_1138100	0.6769566164795111	0.5864112348742049	0.5789769082842083	0.9994495031292484
PF3D7_1138200	-0.26836234689136546	-0.44279979122479945	0.6734277641980135	0.9994495031292484
PF3D7_1138300	0.8965600434014596	1.3959086300312677	0.21220881293068555	0.9994495031292484
PF3D7_1138400	0.07610277285453958	0.13198537239970232	0.8993106234404028	0.9994495031292484
PF3D7_1138500	-0.20900870280459405	-0.3980444488816591	0.70437402310856	0.9994495031292484
PF3D7_1138600	-0.1794039682938719	-0.7243936732027438	0.4960879702512162	0.9994495031292484
PF3D7_1138700	0.6019720637918178	1.3076024428811643	0.23887458410679097	0.9994495031292484
PF3D7_1138800	-0.10434945099490275	-0.30169643283621655	0.7730669564755588	0.9994495031292484
PF3D7_1138900	-1.1862169805875966	-1.4650039653048106	0.19326655650193786	0.9994495031292484
PF3D7_1139000	-0.6328274967036657	-0.9084404903160647	0.3986637192080906	0.9994495031292484
PF3D7_1139100	0.1670451939502573	0.2233008265987546	0.8307097839836686	0.9994495031292484
PF3D7_1139200	-0.3468094795713307	-0.38917311181778186	0.7105850364658877	0.9994495031292484
PF3D7_1139300	0.1680803446994613	0.28633602942114494	0.7842505215703741	0.9994495031292484
PF3D7_1139400	-0.13361753234941803	-0.12275481637225445	0.9063098066262815	0.9994495031292484
PF3D7_1139500	0.4617570777047797	0.6508116290271946	0.5392765089309859	0.9994495031292484
PF3D7_1139600	0.48885646025000185	0.6562953313381521	0.535976855317431	0.9994495031292484
PF3D7_1139700	-0.2168528885986514	-0.42764644797507945	0.6838314073102634	0.9994495031292484
PF3D7_1139800	1.1200466343200588	3.249034567341247	0.017487502804060345	0.9994495031292484
PF3D7_1139900	-0.10151218323458275	-0.13920373788173718	0.8938440810674321	0.9994495031292484
PF3D7_1140000	0.8716517073017733	1.0656815234598929	0.32756104545815223	0.9994495031292484
PF3D7_1140100	-0.3701166925514062	-0.3902124695554566	0.7098560870525366	0.9994495031292484
PF3D7_1140200	0.6103898093492046	1.3514356212116418	0.22528260334328992	0.9994495031292484
PF3D7_1140300	0.4344611535822888	0.6307490789669126	0.5514577780556682	0.9994495031292484
PF3D7_1140400	-0.1465970730875101	-0.20463322042758525	0.8446238220345545	0.9994495031292484
PF3D7_1140500	-0.11762229780635208	-0.29701208572176246	0.7764713501526257	0.9994495031292484
PF3D7_1140600	0.3345611502313822	1.52724330032299	0.17755719386792737	0.9994495031292484
PF3D7_1140700	0.18606256635756221	0.3098084923286372	0.7671845508743285	0.9994495031292484
PF3D7_1140800	0.6216467098998371	1.2809207063815	0.24750205920353846	0.9994495031292484
PF3D7_1140900	-0.28456997623864144	-0.9003558477468744	0.4026203972486084	0.9994495031292484
PF3D7_1141000	0.05084855389308307	0.07024515925964085	0.9462812842719608	0.9994495031292484
PF3D7_1141100	0.9259225097582064	1.4634001881214032	0.1936879500553547	0.9994495031292484
PF3D7_1141200	-0.4302298924323515	-0.6137058405643034	0.5619393295289705	0.9994495031292484
PF3D7_1141300	0.1894075592371622	0.3107986839246811	0.7664676732949435	0.9994495031292484
PF3D7_1141400	-0.05430467003102762	-0.24294007093083358	0.8161438859680878	0.9994495031292484
PF3D7_1141500	-0.33776805447787606	-0.5105718835368032	0.6278858637643319	0.9994495031292484
PF3D7_1141600	0.13351969997898855	0.2016814206182226	0.8468297542468729	0.9994495031292484
PF3D7_1141700	-0.38307378002280457	-1.6470719973777186	0.15064198890013383	0.9994495031292484
PF3D7_1141800	-0.523819408956214	-1.5195893091082957	0.17942257269218628	0.9994495031292484
PF3D7_1141900	-0.37070534470455746	-1.000000000000002	0.35591768374958144	0.9994495031292484
PF3D7_1142000	-0.18842370699430866	-0.3795033559778895	0.7173828737293685	0.9994495031292484
PF3D7_1142100	0.4293277240939561	0.7111533408617013	0.5036843396072345	0.9994495031292484
PF3D7_1142200	-0.731631565073822	-1.0295583818223046	0.3429206181187773	0.9994495031292484
PF3D7_1142300	-0.36221377748206873	-0.632911091150249	0.5501368747481346	0.9994495031292484
PF3D7_1142400	-0.0849136438579168	-0.27128301196383253	0.7952653645849962	0.9994495031292484
PF3D7_1142500	-0.4961357324310837	-0.8229955157050327	0.44198468161491383	0.9994495031292484
PF3D7_1142600	-0.7096617845984591	-0.9002886118161763	0.40265342751470273	0.9994495031292484
PF3D7_1142700	-0.2300688927043186	-0.39685072558371504	0.7052083351595609	0.9994495031292484
PF3D7_1142800	0.6413585171201298	1.7195411120296171	0.13631082093175123	0.9994495031292484
PF3D7_1142900	0.25873170776716936	0.5830325828828767	0.5811071582740693	0.9994495031292484
PF3D7_1143000	0.06083733699136809	0.09245192077312007	0.9293486310433368	0.9994495031292484
PF3D7_1143100	-0.18148273539006024	-0.1731272591151413	0.8682442294926306	0.9994495031292484
PF3D7_1143200	0.5105236376310255	0.5980623868122283	0.5716665897860387	0.9994495031292484
PF3D7_1143300	0.1275631588565239	0.8168810601508294	0.4452120500489308	0.9994495031292484
PF3D7_1143400	-0.39923393285915504	-0.9121996209249473	0.3968340894411592	0.9994495031292484
PF3D7_1143500	0.11620832768033187	0.2759630166215583	0.7918351479092498	0.9994495031292484
PF3D7_1143600	-0.579700961403231	-0.8047307401510508	0.4516756538611312	0.9994495031292484
PF3D7_1143700	-0.009340437139200632	-0.021569804277947687	0.9834905515523733	0.9994495031292484
PF3D7_1143800	-0.6486396780623003	-1.6955672983807193	0.14089917475713476	0.9994495031292484
PF3D7_1143900	-1.0615586524217	-2.702745984365568	0.035446296787511884	0.9994495031292484
PF3D7_1144000	-0.5705403638751283	-0.6038729404390707	0.5680417018839554	0.9994495031292484
PF3D7_1144100	-0.7335511213158613	-1.0135823044471692	0.34989722135063156	0.9994495031292484
PF3D7_1144200	-1.8525152670340679	-2.309521832601571	0.060308327275419696	0.9994495031292484
PF3D7_1144300	-0.31420654974736856	-0.345064960105524	0.7418203648069825	0.9994495031292484
PF3D7_1144400	-0.6632214195814587	-0.9406462941451728	0.3831964345370988	0.9994495031292484
PF3D7_1144500	0.4354971700145543	0.8554020030395159	0.42516339687680743	0.9994495031292484
PF3D7_1144600	0.4363193326895206	0.7801786946211549	0.46494060997540554	0.9994495031292484
PF3D7_1144700	-0.04754382426068531	-0.1260272106279826	0.9038273815092552	0.9994495031292484
PF3D7_1144800	0.18389925017218983	0.5156760185415334	0.6245241051664996	0.9994495031292484
PF3D7_1144900	-0.5009620623098293	-1.1810815857743164	0.2822610756361188	0.9994495031292484
PF3D7_1145000	0.04217840712421453	0.054799043522646036	0.9580776966622673	0.9994495031292484
PF3D7_1145100	0.25693670301792265	0.8639416613101443	0.42081024963661606	0.9994495031292484
PF3D7_1145200	0.29297571097337294	0.4453106959937832	0.6717114193739031	0.9994495031292484
PF3D7_1145300	-0.8646335024097713	-1.2094855193190976	0.2719655594113809	0.9994495031292484
PF3D7_1145400	-0.05281354731861527	-0.08123787905415766	0.9378948832443625	0.9994495031292484
PF3D7_1145500	-0.4203092829179781	-2.1682019589970616	0.07324337490522861	0.9994495031292484
PF3D7_1145600	0.2015320319913465	0.7366900148180673	0.4891028319809565	0.9994495031292484
PF3D7_1145700	0.2315690162652348	0.455706529281261	0.6646284261227545	0.9994495031292484
PF3D7_1145800	0.4758969337909801	0.9110289725469395	0.3974031748552959	0.9994495031292484
PF3D7_1145900	-1.6643846492798298	-2.5972660663182183	0.04081176600237299	0.9994495031292484
PF3D7_1146000	-0.16918225596260217	-0.2622256105083171	0.8019181998581532	0.9994495031292484
PF3D7_1146100	-0.6558102887748202	-0.7440282310616754	0.484966319223039	0.9994495031292484
PF3D7_1146200	1.302529126601635	1.2132985388109017	0.2706084436219609	0.9994495031292484
PF3D7_1146300	0.3298723915805904	0.6385193376041103	0.5467196743562772	0.9994495031292484
PF3D7_1146500	1.7274841539631962	2.6416468820478003	0.038455647153598636	0.9994495031292484
PF3D7_1146600	-0.1382988076714565	-0.41835448325588764	0.6902488936451626	0.9994495031292484
PF3D7_1146700	-0.013103162006031942	-0.020117796953961854	0.9846017313756332	0.9994495031292484
PF3D7_1146800	-0.07510751453893039	-0.09377279845523016	0.9283426417089492	0.9994495031292484
PF3D7_1146900	-0.3684192269688276	-0.530083800023913	0.6150880963802414	0.9994495031292484
PF3D7_1147000	0.34169851619188296	0.8239106463060454	0.4415031125483544	0.9994495031292484
PF3D7_1147100	-0.24026851035863855	-0.3279200188824283	0.7541128323641542	0.9994495031292484
PF3D7_1147200	0.3708056748877085	0.44456406048172675	0.6722215609176294	0.9994495031292484
PF3D7_1147300	0.48833794700914906	0.7442150927759618	0.4848613000855746	0.9994495031292484
PF3D7_1147400	-0.48993479912349125	-0.49470506801295333	0.6383986598899262	0.9994495031292484
PF3D7_1147500	-0.2107002269402979	-0.6049694117685	0.5673592370745019	0.9994495031292484
PF3D7_1147600	-0.1163957791060317	-0.21870410600921458	0.8341299710023883	0.9994495031292484
PF3D7_1147700	0.223697457684275	0.5489240234320412	0.602870031552506	0.9994495031292484
PF3D7_1147800	0.32738108559449264	0.5201252801087812	0.6216017187192919	0.9994495031292484
PF3D7_1147900	-0.12698181103409975	-0.2002308793339647	0.8479143285570858	0.9994495031292484
PF3D7_1148000	0.3201350855800575	0.5653894156427736	0.5923062533932373	0.9994495031292484
PF3D7_1148100	0.11780165298259027	0.08884338403892841	0.932097640597951	0.9994495031292484
PF3D7_1148200	-0.506478174592503	-1.1408621749481516	0.2974087760771881	0.9994495031292484
PF3D7_1148500	1.040789736445044	1.7363756682041869	0.13317602533417988	0.9994495031292484
PF3D7_1148640	-0.3393655307099935	-0.28640706512008357	0.7841986693855182	0.9994495031292484
PF3D7_1148700	-0.2617641079283686	-0.42200633059197934	0.6877233424217333	0.9994495031292484
PF3D7_1148800	-0.2279308170324073	-0.31905861586379564	0.7604975927277111	0.9994495031292484
PF3D7_1148900	-0.6578704673123537	-0.8156372092985755	0.44587066431417677	0.9994495031292484
PF3D7_1149000	-0.32062004359044866	-0.44131874589745	0.6744411541374804	0.9994495031292484
PF3D7_1149100	0.5095015118284393	0.7218471197318499	0.49754297543822446	0.9994495031292484
PF3D7_1149200	-0.18771758612251985	-0.15673933357777126	0.8805914221784343	0.9994495031292484
PF3D7_1149300	0.5957970073419793	0.6002623027790711	0.5702925438494582	0.9994495031292484
PF3D7_1149400	0.10781585564978687	0.2975253413926563	0.7760980695076529	0.9994495031292484
PF3D7_1149600	-0.9157429448017502	-2.083183421241004	0.08237125041834135	0.9994495031292484
PF3D7_1149700	0.3804849064822485	0.4691793965917435	0.6555051888843668	0.9994495031292484
PF3D7_1149800	1.6304295939215043	2.1308932002874146	0.07711415954054578	0.9994495031292484
PF3D7_1149900	0.09514104055532299	0.11801832986702432	0.9099049341547867	0.9994495031292484
PF3D7_1150000	1.0968164584456888	1.3550373588775748	0.2241972810647899	0.9994495031292484
PF3D7_1150200	-0.6805253822945609	-2.059856154564342	0.08507338578912423	0.9994495031292484
PF3D7_1150300	-0.8535070330607832	-1.475615735760457	0.1904996632121812	0.9994495031292484
PF3D7_1150400	-0.21317492307051525	-0.27256230717325336	0.7943272010655287	0.9994495031292484
PF3D7_1200100	-1.3894002689135976	-1.784557212313608	0.12458818010775043	0.9994495031292484
PF3D7_1200200	-0.02213727139374103	-0.049821305148325015	0.9618819035464873	0.9994495031292484
PF3D7_1200300	-0.37949364536607344	-1.000000000000001	0.3559176837495817	0.9994495031292484
PF3D7_1200400	-0.9854649343265767	-2.906230481309429	0.02711329392824217	0.9994495031292484
PF3D7_1200500	-0.21513120215811415	-0.4307541671340369	0.6816914696127108	0.9994495031292484
PF3D7_1200600	-0.9979169607502877	-1.289742117309795	0.24461957681062543	0.9994495031292484
PF3D7_1200700	-0.6970946214606397	-1.9087217437446289	0.10489366112556613	0.9994495031292484
PF3D7_1200800	-0.8714098933724884	-1.59892325621645	0.16095382063769043	0.9994495031292484
PF3D7_1200900	0.1417982371599099	0.20030724146258996	0.8478572232250313	0.9994495031292484
PF3D7_1201000	0.8709715029182935	1.7248864364301888	0.1353077517698528	0.9994495031292484
PF3D7_1201100	-1.0243851500053316	-2.118962676082269	0.07839572535857929	0.9994495031292484
PF3D7_1201200	-0.11100274866971724	-0.14853557666769773	0.8867864914340695	0.9994495031292484
PF3D7_1201300	-0.42562621938185746	-0.2801948110462496	0.7887378361808342	0.9994495031292484
PF3D7_1201400	-0.17658232015099953	-0.3137669978103214	0.7643201977332186	0.9994495031292484
PF3D7_1201500	0.03028640503752023	0.07814372174136759	0.9402545997528753	0.9994495031292484
PF3D7_1201600	0.940417201758067	1.2827598700983136	0.24689862603056817	0.9994495031292484
PF3D7_1201700	0.4799123649835743	0.8683193038099378	0.4185915877466874	0.9994495031292484
PF3D7_1201800	-0.7502902132339405	-2.699666551103426	0.03559179033851316	0.9994495031292484
PF3D7_1201900	-0.5201537718930619	-0.9653579717344642	0.3716465067116491	0.9994495031292484
PF3D7_1202000	-0.7646849329357438	-1.9987568997121936	0.09258565678811628	0.9994495031292484
PF3D7_1202100	0.318162516623299	0.7078014678826515	0.505619694651658	0.9994495031292484
PF3D7_1202200	0.07417066409373789	0.17077996506270113	0.8700103515266291	0.9994495031292484
PF3D7_1202300	-0.38926603395755205	-0.5744851362306955	0.5865170260530455	0.9994495031292484
PF3D7_1202400	-0.8955920750153694	-1.65146575843098	0.1497331875629526	0.9994495031292484
PF3D7_1202500	0.10446218491399249	0.1683393106506658	0.8718475903399069	0.9994495031292484
PF3D7_1202600	0.12743774520797285	0.14961493556775765	0.885970901511	0.9994495031292484
PF3D7_1202700	-0.3763279080921892	-0.9840930920062261	0.3630732364960596	0.9994495031292484
PF3D7_1202800	0.35936777271282716	0.4488482359254835	0.6692969889908718	0.9994495031292484
PF3D7_1202900	-0.5208740099001742	-0.9512666399524011	0.3781988429906672	0.9994495031292484
PF3D7_1203000	0.10011956975640099	0.1626160394028898	0.8761592846855875	0.9994495031292484
PF3D7_1203100	0.13756046677940456	0.3945792629104493	0.7067971366690159	0.9994495031292484
PF3D7_1203200	-0.6934275416856798	-1.0091639351276065	0.35184668317681306	0.9994495031292484
PF3D7_1203300	0.23681982811551486	0.5378276472062481	0.6100494218945482	0.9994495031292484
PF3D7_1203400	0.06446181378802827	0.1854294659209391	0.8590018266718624	0.9994495031292484
PF3D7_1203500	-0.13961692472615023	-0.5235510793831267	0.6193567036614124	0.9994495031292484
PF3D7_1203600	-0.15750707507507683	-0.3862279374351409	0.7126524433405526	0.9994495031292484
PF3D7_1203700	0.2906652326589988	0.595388140513673	0.5733395798646816	0.9994495031292484
PF3D7_1203800	-0.0329851109899807	-0.04573109576982962	0.9650086501273609	0.9994495031292484
PF3D7_1203900	-0.615647931942086	-1.1361867395872551	0.29921358341510346	0.9994495031292484
PF3D7_1204000	-0.23187413557907458	-0.29675174902667883	0.7766607128726428	0.9994495031292484
PF3D7_1204100	0.5248685289935335	1.572239003825548	0.1669551547618092	0.9994495031292484
PF3D7_1204200	-0.15628031561065758	-0.46464450841953125	0.6585688600649041	0.9994495031292484
PF3D7_1204300	-0.0954111862927243	-0.17021611283573326	0.8704347211415302	0.9994495031292484
PF3D7_1204400	0.8508896684127359	0.7686015564075938	0.4712899075699528	0.9994495031292484
PF3D7_1204500	0.1334439268310756	0.19393080963253587	0.8526291152185338	0.9994495031292484
PF3D7_1204600	-0.17452698562515606	-0.37173235700327206	0.7228665533380856	0.9994495031292484
PF3D7_1204700	-0.43443634317487123	-0.6940812667416102	0.5135931955069841	0.9994495031292484
PF3D7_1204900	0.2301494564003521	0.32563092786190795	0.7557601391302496	0.9994495031292484
PF3D7_1205000	-0.4753757884582631	-1.3256240382800342	0.23319988068689224	0.9994495031292484
PF3D7_1205100	-0.26893148620504415	-0.4738989161257215	0.6523245660040353	0.9994495031292484
PF3D7_1205200	0.48981393172871535	0.6597630079881327	0.5338969405914189	0.9994495031292484
PF3D7_1205300	0.9183605606853518	1.406744878372478	0.20912966220827398	0.9994495031292484
PF3D7_1205400	0.16730391287912968	0.4292219525540919	0.6827461301950697	0.9994495031292484
PF3D7_1205500	0.3148959559329511	0.4205319064045571	0.6887424986260858	0.9994495031292484
PF3D7_1205600	-0.066350891882474	-0.14245759446218778	0.891381970273651	0.9994495031292484
PF3D7_1205700	0.3831337741059707	0.47528687736579894	0.6513906961124447	0.9994495031292484
PF3D7_1205800	0.22510347496434327	0.3539970923703511	0.735448897104442	0.9994495031292484
PF3D7_1205900	-0.20267249722026642	-0.8440070497525036	0.4310237422824355	0.9994495031292484
PF3D7_1206000	0.4288375474469602	0.7746108223215793	0.4679866850459299	0.9994495031292484
PF3D7_1206100	0.1935413992578018	0.49672612337514027	0.6370543759898504	0.9994495031292484
PF3D7_1206200	0.6150281750807952	0.8428793639406676	0.4316069160919691	0.9994495031292484
PF3D7_1206300	-0.06429284694264331	-0.1388401009183793	0.8941193170686936	0.9994495031292484
PF3D7_1206400	-0.6433784214959917	-0.9339021060029228	0.3863965120870262	0.9994495031292484
PF3D7_1206500	0.08498690463505604	0.41118275481371164	0.6952214444520948	0.9994495031292484
PF3D7_1206600	-0.12311972880033381	-0.28149364666533255	0.7877880445981625	0.9994495031292484
PF3D7_1206700	-0.0029756107018034644	-0.006160738244782243	0.9952842019471233	0.999657757528891
PF3D7_1206800	0.6753285750326191	0.8802595847529519	0.4125844005109275	0.9994495031292484
PF3D7_1206900	-0.29667225907633665	-0.6138156049446069	0.5618714357513959	0.9994495031292484
PF3D7_1207000	0.4868991863581562	0.8065675009133206	0.45069425776718974	0.9994495031292484
PF3D7_1207100	0.0902186218604659	0.19673514548842927	0.8505295952998563	0.9994495031292484
PF3D7_1207200	1.5450636643806093	3.174508639563797	0.019208837993145853	0.9994495031292484
PF3D7_1207300	1.161026251405741	1.0657081808452609	0.32754992190953425	0.9994495031292484
PF3D7_1207400	0.49244871774427734	0.5321546073580826	0.613738416711626	0.9994495031292484
PF3D7_1207500	-0.33606292126884985	-0.6334088594732761	0.5498330377658617	0.9994495031292484
PF3D7_1207600	-0.4046683188035944	-1.3073493440797284	0.2389551506455918	0.9994495031292484
PF3D7_1207700	-0.8131098810431229	-1.0446763001248927	0.3364226974059661	0.9994495031292484
PF3D7_1207800	-0.4961132227129042	-0.840150141966267	0.43302070594059694	0.9994495031292484
PF3D7_1207900	-0.030675800877830457	-0.06793871121929015	0.9480418827859269	0.9994495031292484
PF3D7_1208000	-0.7967816473826662	-1.0440767250970495	0.3366784864225608	0.9994495031292484
PF3D7_1208100	0.4080137888638164	1.0407411842977052	0.3381043734322494	0.9994495031292484
PF3D7_1208200	0.26070207512816407	0.3292150722456372	0.7531814953762288	0.9994495031292484
PF3D7_1208300	0.2620472502526489	0.5242726888783912	0.6188843858958876	0.9994495031292484
PF3D7_1208400	0.5300162691957038	0.8805785532438666	0.4124248165073232	0.9994495031292484
PF3D7_1208500	0.9841587723690063	0.9236571436156665	0.39129710071381874	0.9994495031292484
PF3D7_1208600	-0.9696993572730602	-1.401174333729243	0.21070741477063024	0.9994495031292484
PF3D7_1208700	0.3458947424941489	0.5174563419306338	0.623353841807701	0.9994495031292484
PF3D7_1208800	0.03289649853821193	0.10054832886129138	0.923184677650513	0.9994495031292484
PF3D7_1208900	-0.15295536623508582	-0.23652911744924934	0.8208902029545757	0.9994495031292484
PF3D7_1209000	-0.13839983665302016	-0.21631288679393498	0.8359107355657214	0.9994495031292484
PF3D7_1209100	0.19035668392421662	0.23302430056147908	0.8234885098979244	0.9994495031292484
PF3D7_1209200	-0.6229811232970371	-1.0946502523052697	0.31565516004667243	0.9994495031292484
PF3D7_1209300	-0.051588239248519734	-0.10402951749715818	0.9205361496122731	0.9994495031292484
PF3D7_1209400	0.060636955765723775	0.07902654171577958	0.9395812602976481	0.9994495031292484
PF3D7_1209500	-0.06571424137402085	-0.26066382001994653	0.8030672255511897	0.9994495031292484
PF3D7_1209600	0.18137799409369113	0.18876930371765324	0.8564968241952232	0.9994495031292484
PF3D7_1209700	0.4332177652721336	0.9104449926925189	0.3976872967149564	0.9994495031292484
PF3D7_1209800	-1.1118730403027544	-1.257983955391115	0.2551377288023831	0.9994495031292484
PF3D7_1209900	-0.2930286605049972	-0.6863595994912812	0.518116927743185	0.9994495031292484
PF3D7_1210000	-0.44082000053910425	-1.38439643861044	0.2155252797344828	0.9994495031292484
PF3D7_1210100	0.30631386119279097	0.4940924717808172	0.6388064197759913	0.9994495031292484
PF3D7_1210200	-0.9586501333409834	-1.38842091304848	0.21436056970571843	0.9994495031292484
PF3D7_1210300	0.6871716421180953	0.46344627711008585	0.6593795765539499	0.9994495031292484
PF3D7_1210400	-0.1461456753743823	-0.5098237294916426	0.6283794494969615	0.9994495031292484
PF3D7_1210500	0.39018199545328747	0.35340553088628573	0.7358701642779928	0.9994495031292484
PF3D7_1210600	0.038546824335946035	0.04763347559213161	0.9635542938234909	0.9994495031292484
PF3D7_1210700	-0.26689996314153586	-0.7574879935126358	0.477441682958495	0.9994495031292484
PF3D7_1210800	-0.37070534470455746	-1.000000000000002	0.35591768374958144	0.9994495031292484
PF3D7_1210900	0.17972099057232271	0.2226928857432559	0.8311618907181151	0.9994495031292484
PF3D7_1211000	0.27033811696114707	0.3619523047815345	0.7297936197713303	0.9994495031292484
PF3D7_1211100	-0.09367481371687744	-0.22253326846110238	0.8312806048807817	0.9994495031292484
PF3D7_1211200	0.3191086067211331	0.7300765895954069	0.4928513419452044	0.9994495031292484
PF3D7_1211300	-0.008998930612013945	-0.013964495328552061	0.9893110652791683	0.9994495031292484
PF3D7_1211400	-0.21543758437788146	-0.5169306802404189	0.6236992509151522	0.9994495031292484
PF3D7_1211500	-0.14560273716754144	-0.6688704663674016	0.5284589268277577	0.9994495031292484
PF3D7_1211600	0.3464920751915714	0.7135281058088648	0.5023161618854199	0.9994495031292484
PF3D7_1211700	0.12441733784831067	0.2731217558438091	0.793917051074924	0.9994495031292484
PF3D7_1211800	0.16939422540600857	0.381582096679214	0.7159190965161566	0.9994495031292484
PF3D7_1211900	-0.36975347203504294	-0.8603495683674397	0.4226372978810083	0.9994495031292484
PF3D7_1212000	0.2608580692718507	0.34236517110149817	0.7437506290869129	0.9994495031292484
PF3D7_1212100	0.3961256743710396	1.416610277120204	0.20636196301035495	0.9994495031292484
PF3D7_1212200	-0.3737766458340695	-0.6696516488735157	0.5279941536488832	0.9994495031292484
PF3D7_1212300	0.0700663292626613	0.1769322650918966	0.86538308811982	0.9994495031292484
PF3D7_1212400	0.5089356605769434	0.8420503405873373	0.4320360079502661	0.9994495031292484
PF3D7_1212500	0.21541928707727703	0.4314062111501487	0.6812428905831511	0.9994495031292484
PF3D7_1212600	-0.7671837921460706	-0.8388322863364193	0.4337045936783648	0.9994495031292484
PF3D7_1212700	0.6391243484266316	0.7924371451493953	0.4582835551845694	0.9994495031292484
PF3D7_1212800	-0.1992212769082553	-0.37938006693606924	0.7174697310064291	0.9994495031292484
PF3D7_1212900	-0.4738693154367511	-1.0687486073383654	0.3262832510447002	0.9994495031292484
PF3D7_1213100	-1.5827120171062852	-0.8964402390347253	0.40454740125915906	0.9994495031292484
PF3D7_1213200	0.415825474691515	0.49412995637004614	0.6387814650886139	0.9994495031292484
PF3D7_1213300	-0.6702495618274604	-1.1487280290279491	0.29439316608391736	0.9994495031292484
PF3D7_1213400	0.019217611997669443	0.04516532607047806	0.965441205921649	0.9994495031292484
PF3D7_1213500	0.3229650059400647	0.21613076766861913	0.8360464053266369	0.9994495031292484
PF3D7_1213600	-0.6649702631828767	-0.9495376999250115	0.3790089533971715	0.9994495031292484
PF3D7_1213700	-0.7150075715138831	-0.9042865779876252	0.4006929616185324	0.9994495031292484
PF3D7_1213800	-0.21343491519957886	-0.46307173264878626	0.6596330953068019	0.9994495031292484
PF3D7_1213900	-0.281830017771475	-1.024387175907813	0.3451664533651161	0.9994495031292484
PF3D7_1214000	-0.13838951608403277	-0.2897516860892587	0.7817586575291946	0.9994495031292484
PF3D7_1214100	0.680473943500407	1.2188258598668458	0.2686515963906531	0.9994495031292484
PF3D7_1214200	-1.0959534620315146	-2.7615487307288316	0.03278678446266169	0.9994495031292484
PF3D7_1214300	-0.18505480977627614	-0.34579758797235655	0.7412969130218685	0.9994495031292484
PF3D7_1214400	-0.4954159983463426	-0.688142875517171	0.5170698836145118	0.9994495031292484
PF3D7_1214500	0.29512372815982435	0.35222529769941224	0.7367109413654045	0.9994495031292484
PF3D7_1214600	-0.8281146999146554	-1.2130113429301839	0.27071045675909094	0.9994495031292484
PF3D7_1214700	0.2880954713407037	0.7262999712913236	0.4950006655723045	0.9994495031292484
PF3D7_1214800	-0.40436892607782254	-0.6242731885712346	0.5554260785962581	0.9994495031292484
PF3D7_1214900	-0.9364666947930471	-1.073650887716667	0.32424939411677145	0.9994495031292484
PF3D7_1215000	0.04356237068780731	0.08766096852568185	0.932998638756333	0.9994495031292484
PF3D7_1215100	0.2375113165722527	0.5765207170961106	0.5852259811270821	0.9994495031292484
PF3D7_1215200	-0.3115463251084239	-0.5679389143667265	0.5906802050693403	0.9994495031292484
PF3D7_1215300	-0.8672686766787967	-0.9701863132459814	0.36942194961233477	0.9994495031292484
PF3D7_1215400	0.1954171140178017	0.33441641174168363	0.7494455525455317	0.9994495031292484
PF3D7_1215500	-0.3391265551845544	-1.0000000000000013	0.35591768374958144	0.9994495031292484
PF3D7_1215600	-0.08701146814829991	-0.12029771329166486	0.9081745197764761	0.9994495031292484
PF3D7_1215800	-1.0556480908225268	-1.6556230207161595	0.14887815950572758	0.9994495031292484
PF3D7_1215900	-0.2685161290533556	-0.3562893267326553	0.7338174873961316	0.9994495031292484
PF3D7_1216000	-0.2194459046072642	-1.1705099125908593	0.28617749210766125	0.9994495031292484
PF3D7_1216100	0.12856900833797463	0.21341980197470253	0.8380666692804029	0.9994495031292484
PF3D7_1216200	0.0794565144121596	0.1812006177333493	0.8621761988845853	0.9994495031292484
PF3D7_1216300	0.472719415851582	0.8917980392918634	0.4068410179462592	0.9994495031292484
PF3D7_1216400	-0.23979115179087726	-0.6890219908962244	0.5165542250461037	0.9994495031292484
PF3D7_1216500	-0.1597396136760187	-0.21276440427632895	0.8385552881198998	0.9994495031292484
PF3D7_1216600	-0.7030460611971715	-0.65425808687301	0.5372012023030123	0.9994495031292484
PF3D7_1216700	-1.012799237322574	-0.8323232799186349	0.4370939599392114	0.9994495031292484
PF3D7_1216800	-0.8160348526866236	-1.830323513669401	0.11693570183218249	0.9994495031292484
PF3D7_1216900	0.06869861455446867	0.1331466111470306	0.8984307878199012	0.9994495031292484
PF3D7_1217000	0.427993646824466	1.258329349941265	0.2550212263154563	0.9994495031292484
PF3D7_1217100	-0.7495554922452548	-1.0012405905162873	0.35536437071958904	0.9994495031292484
PF3D7_1217200	0.1489010443495911	0.21620197884333794	0.8359933557793623	0.9994495031292484
PF3D7_1217300	-0.22179018995385286	-0.34645946897063545	0.7408241392283859	0.9994495031292484
PF3D7_1217400	-0.2577085710603927	-0.3529713571934905	0.7361794153469228	0.9994495031292484
PF3D7_1217500	0.40832048177799246	0.5903927025202441	0.5764725534124673	0.9994495031292484
PF3D7_1217600	1.3557374288529216	1.3167473151612676	0.23597978417201748	0.9994495031292484
PF3D7_1217700	-0.07401025437116215	-0.445951980633527	0.6712734120927373	0.9994495031292484
PF3D7_1217800	0.4583840131784577	1.1190567204729214	0.305905112080262	0.9994495031292484
PF3D7_1217900	0.7759881536646369	1.998884732217751	0.0925692579438667	0.9994495031292484
PF3D7_1218000	-0.5682548920159841	-0.9158260646993628	0.39507512161571223	0.9994495031292484
PF3D7_1218100	-0.3980263817529701	-0.7124271578152256	0.5029501435278354	0.9994495031292484
PF3D7_1218200	0.41629692686395814	0.8315718393292147	0.4374864899353199	0.9994495031292484
PF3D7_1218300	-0.5955462410755855	-2.3875750956330606	0.05420517271825892	0.9994495031292484
PF3D7_1218400	0.010754973330706201	0.030844614203038336	0.9763938774202001	0.9994495031292484
PF3D7_1218500	-0.4292762880970184	-1.0601452007508394	0.32987795550731763	0.9994495031292484
PF3D7_1218600	0.35416878574223076	1.6827294512369877	0.14341741363370175	0.9994495031292484
PF3D7_1218700	0.10356255068714902	0.2123507350020726	0.8388637317275631	0.9994495031292484
PF3D7_1218800	-1.0893737139736712	-1.9401197696819221	0.1004252237583979	0.9994495031292484
PF3D7_1218900	0.5205403036242369	1.4646813973712802	0.1933512431259013	0.9994495031292484
PF3D7_1219000	-0.05619315989692391	-0.08948473400454551	0.931608979295146	0.9994495031292484
PF3D7_1219100	0.7557592458024248	1.2676704447132823	0.25188813464032145	0.9994495031292484
PF3D7_1219200	0.1604897071130194	0.3475283790590552	0.7400608912386677	0.9994495031292484
PF3D7_1219300	-0.3838534872565509	-0.7462658479565577	0.4837097694641129	0.9994495031292484
PF3D7_1219400	-0.13088277259449949	-0.2924963494136985	0.7797583646932263	0.9994495031292484
PF3D7_1219500	0.861823643499201	1.1962207367094866	0.2767326359703978	0.9994495031292484
PF3D7_1219600	-0.24211920448049962	-0.566877380935159	0.5913569258398571	0.9994495031292484
PF3D7_1219700	-1.141871564962838	-1.229019743673784	0.2650748371536145	0.9994495031292484
PF3D7_1219900	-0.6866083108685022	-1.0047690028342693	0.35379442400298977	0.9994495031292484
PF3D7_1220000	0.051753977056717804	0.06291165608563899	0.9518803227151288	0.9994495031292484
PF3D7_1220100	-0.3432201175375476	-1.4210083684962886	0.2051389449130296	0.9994495031292484
PF3D7_1220200	0.046963700317135884	0.0686176123907209	0.9475236181047246	0.9994495031292484
PF3D7_1220300	-0.2422510180330495	-0.4428463287748257	0.6733959335138497	0.9994495031292484
PF3D7_1220400	-0.001674503135277335	-0.002499821386227408	0.9980864751862708	0.999657757528891
PF3D7_1220500	0.050574551308933714	0.06117136337236009	0.9532094698527869	0.9994495031292484
PF3D7_1220600	0.6008040922655844	0.7410003144006826	0.4866702279393338	0.9994495031292484
PF3D7_1220700	-0.5003632401019124	-0.4691173736910981	0.6555470408887047	0.9994495031292484
PF3D7_1220900	-0.4660205330191903	-1.0308146608062192	0.34237680686106026	0.9994495031292484
PF3D7_1221000	0.0313100965694248	0.053727780668108883	0.9588963044885607	0.9994495031292484
PF3D7_1221100	-0.18193183800528664	-0.418297402363418	0.6902884045749211	0.9994495031292484
PF3D7_1221200	-0.3795680378670808	-0.5090660847878684	0.6288795111710981	0.9994495031292484
PF3D7_1221300	-0.5209568073353452	-1.3916707381865725	0.21342423273300176	0.9994495031292484
PF3D7_1221400	0.4734161855558871	0.5378060442232145	0.6100634459454071	0.9994495031292484
PF3D7_1221500	-0.245116559270908	-0.30433126741933725	0.771154488438619	0.9994495031292484
PF3D7_1221600	0.16978008528289845	0.658352529193786	0.5347423235687861	0.9994495031292484
PF3D7_1221700	-0.08293615183478362	-0.16320252355905915	0.8757172327555074	0.9994495031292484
PF3D7_1221800	-0.20928414751147367	-0.33691205949709935	0.7476556484690318	0.9994495031292484
PF3D7_1221900	0.5115964286229402	0.7900857679066764	0.4595552285782617	0.9994495031292484
PF3D7_1222000	-0.6010840660491232	-2.0044344041649924	0.0918601469335933	0.9994495031292484
PF3D7_1222100	0.7458592210233241	1.1505939557353837	0.2936816189858193	0.9994495031292484
PF3D7_1222200	0.3903330769985997	0.49538054711263446	0.6379492040961903	0.9994495031292484
PF3D7_1222300	0.9942037375484554	1.7533730438318549	0.13008227975240477	0.9994495031292484
PF3D7_1222400	0.3326320842797134	0.5571292836556906	0.5975923075899991	0.9994495031292484
PF3D7_1222500	-0.4057661143262796	-1.2023956689340785	0.2745046031942237	0.9994495031292484
PF3D7_1222600	-0.45182869919527757	-0.4320297661153363	0.6808140443699233	0.9994495031292484
PF3D7_1222700	-0.30270357142535703	-1.3698644459817337	0.21977896299940572	0.9994495031292484
PF3D7_1222800	0.5598638221030039	0.4789674947203216	0.648917601489504	0.9994495031292484
PF3D7_1222900	0.01751447372555675	0.033757443371038066	0.9741655644736484	0.9994495031292484
PF3D7_1223000	-0.23063274586648408	-0.21656809865828894	0.8357206257324685	0.9994495031292484
PF3D7_1223100	-0.09983975793743341	-0.31372061957000497	0.7643537332380261	0.9994495031292484
PF3D7_1223200	-0.15534979271225377	-0.4311890997261327	0.6813922383221875	0.9994495031292484
PF3D7_1223300	-0.2622595698245851	-0.46736051840378984	0.6567331058547639	0.9994495031292484
PF3D7_1223400	0.4817632320537205	0.7722769388844091	0.4692676623815043	0.9994495031292484
PF3D7_1223500	0.7844064897704499	1.3213253709977484	0.2345424054710273	0.9994495031292484
PF3D7_1223600	-0.02451912684379771	-0.07282617684460935	0.9443114912188063	0.9994495031292484
PF3D7_1223700	0.056785156950931975	0.07626463059651928	0.9416879890211238	0.9994495031292484
PF3D7_1223800	-0.32349133323098317	-0.6482763671843106	0.5408063758495162	0.9994495031292484
PF3D7_1223900	-0.3090356363658702	-0.6502824269478173	0.5395956214186637	0.9994495031292484
PF3D7_1224000	0.6602022599165777	2.108085578276806	0.07958312422257165	0.9994495031292484
PF3D7_1224100	-0.5191464993371513	-1.3262078006080273	0.23301809633696208	0.9994495031292484
PF3D7_1224200	0.7089234434158215	1.2855907753655083	0.24597234439204577	0.9994495031292484
PF3D7_1224300	-0.14473598286990794	-0.16237583784926557	0.8763403464508258	0.9994495031292484
PF3D7_1224400	0.7328592148454609	2.593769880775939	0.04100378717486081	0.9994495031292484
PF3D7_1224500	0.025932428533011587	0.029669303910761186	0.9772930566107281	0.9994495031292484
PF3D7_1224600	-0.7448223356045917	-1.666762822836915	0.14661013659033686	0.9994495031292484
PF3D7_1224700	0.21899695404356007	0.5036429692381333	0.632465170019981	0.9994495031292484
PF3D7_1224800	0.20763793660908353	0.2805197798788301	0.788500160800178	0.9994495031292484
PF3D7_1224900	-0.770127146605767	-1.2408149542625655	0.2609880156152389	0.9994495031292484
PF3D7_1225000	-0.5582418336056235	-1.1077434117706884	0.310392900119307	0.9994495031292484
PF3D7_1225100	-0.3816875162085721	-1.4128177931632993	0.2074219367893186	0.9994495031292484
PF3D7_1225200	0.314616367620973	0.6269824944249844	0.5537637205331801	0.9994495031292484
PF3D7_1225300	0.16848535246684962	0.7075994600984479	0.505736491189702	0.9994495031292484
PF3D7_1225400	0.07458935740547036	0.14885839911637286	0.8865425429331169	0.9994495031292484
PF3D7_1225500	0.4726665678154678	7.371234755747176	0.00031951740736986523	0.5070907320515556
PF3D7_1225600	-0.28929675359692786	-0.6030534189385978	0.5685521124895743	0.9994495031292484
PF3D7_1225700	0.6130482346366168	0.9272657381014884	0.38956553437155617	0.9994495031292484
PF3D7_1225800	0.3436069092382334	0.8354354116175446	0.4354710089667954	0.9994495031292484
PF3D7_1225900	-0.1330977197862508	-0.34692118923269266	0.7404944112904692	0.9994495031292484
PF3D7_1226000	-0.3340147297003199	-0.6325286277616283	0.5503704009184145	0.9994495031292484
PF3D7_1226100	-0.3544670068761925	-0.8973434473983138	0.4041022832120187	0.9994495031292484
PF3D7_1226200	0.191774743918712	0.2620191586678561	0.8020700575866592	0.9994495031292484
PF3D7_1226300	0.08944366461603981	0.18652934206964009	0.8581766783681006	0.9994495031292484
PF3D7_1226400	-0.6659027971736329	-3.115310265032652	0.02070823327635632	0.9994495031292484
PF3D7_1226500	0.21469581647044847	0.6401577576038048	0.5457238730572073	0.9994495031292484
PF3D7_1226600	0.6881633125261308	0.8910028475837121	0.4072348893122808	0.9994495031292484
PF3D7_1226700	0.03931179050807422	0.1220135152405253	0.9068723170220282	0.9994495031292484
PF3D7_1226800	-0.2285724806618319	-0.6192099650651123	0.5585409978018108	0.9994495031292484
PF3D7_1226900	0.16769479890748998	0.6922278232571543	0.5146766562313383	0.9994495031292484
PF3D7_1227000	-0.05560960424696661	-0.08966001626206425	0.9314754328370016	0.9994495031292484
PF3D7_1227100	-0.12988018169634852	-0.16371201780458774	0.8753332504749225	0.9994495031292484
PF3D7_1227200	-0.4044998586439463	-0.7922964891578139	0.4583595545591558	0.9994495031292484
PF3D7_1227300	0.34751237006718294	0.5096744121211744	0.6284779850689124	0.9994495031292484
PF3D7_1227400	-0.01832645156787499	-0.04960410649636109	0.9620479221710625	0.9994495031292484
PF3D7_1227500	0.5515232361369062	0.785753198203534	0.46190491526163235	0.9994495031292484
PF3D7_1227600	-0.11721611370604804	-0.24492786855447654	0.8146739534347603	0.9994495031292484
PF3D7_1227700	-0.24021972614181217	-0.387652814258292	0.711651895386182	0.9994495031292484
PF3D7_1227800	-0.4093957561679487	-0.6376971217213496	0.5472198311134399	0.9994495031292484
PF3D7_1227900	0.3571258676414797	0.7752375910156295	0.4676430941396903	0.9994495031292484
PF3D7_1228000	-0.021465218037095352	-0.03966893413186588	0.9696440856624909	0.9994495031292484
PF3D7_1228100	0.4687019562287213	1.2195206102575868	0.26840650299602975	0.9994495031292484
PF3D7_1228200	0.5803714891811018	1.1135329299012997	0.3080894731256673	0.9994495031292484
PF3D7_1228300	-0.31705114652668587	-0.5326789665864295	0.6133969203373915	0.9994495031292484
PF3D7_1228400	0.35702643665291117	1.1004773951723466	0.31330408412251887	0.9994495031292484
PF3D7_1228500	-0.6905536086519959	-1.182805850456603	0.2816266712378298	0.9994495031292484
PF3D7_1228600	1.6738418907625081	1.8881350698916943	0.10793081749382792	0.9994495031292484
PF3D7_1228700	-0.713416889839344	-1.7919897719609976	0.12331267851801031	0.9994495031292484
PF3D7_1228800	0.44603289548751673	0.6346019843976014	0.5491051827160546	0.9994495031292484
PF3D7_1228900	-0.8604254118698039	-1.3804867134710637	0.21666228869385706	0.9994495031292484
PF3D7_1229000	0.12441148338714249	0.2715590576733342	0.7950628962983597	0.9994495031292484
PF3D7_1229100	-0.09987112488276675	-0.21339221600644112	0.8380872338618496	0.9994495031292484
PF3D7_1229200	0.46111610677958165	1.0000000000000016	0.35591768374958144	0.9994495031292484
PF3D7_1229300	0.6168502231102563	1.2551210135092747	0.2561052070591212	0.9994495031292484
PF3D7_1229400	-0.7465594628600496	-0.87675709552461	0.4143397863520001	0.9994495031292484
PF3D7_1229500	0.3952702410109399	0.9589306558775259	0.3746240439214446	0.9994495031292484
PF3D7_1229600	-0.0956465839531549	-0.18502777270323945	0.859303233404124	0.9994495031292484
PF3D7_1229700	0.02661528634100452	0.049619508227791154	0.9620361495877949	0.9994495031292484
PF3D7_1229800	-0.525731946172196	-0.8471623684009648	0.42939506842970726	0.9994495031292484
PF3D7_1229900	-0.10538557944870436	-0.40955214442567345	0.6963543689848706	0.9994495031292484
PF3D7_1230000	-0.051894389526933316	-0.13905725722019033	0.893954950004946	0.9994495031292484
PF3D7_1230100	0.10777467138567295	0.16034257750786876	0.877873327205935	0.9994495031292484
PF3D7_1230200	0.5469337643251708	0.7666322348841462	0.4723759554868161	0.9994495031292484
PF3D7_1230300	-0.46296054571751877	-1.0758351369329884	0.32334655970158954	0.9994495031292484
PF3D7_1230400	-0.787741443749888	-0.9740970476268038	0.3676278460059843	0.9994495031292484
PF3D7_1230500	0.29680146522708517	0.5056269355901436	0.6311521324038296	0.9994495031292484
PF3D7_1230600	-0.5005703114410726	-0.9547489873384641	0.37657125400963676	0.9994495031292484
PF3D7_1230700	0.08427502501448522	0.09432451767554459	0.9279224914961741	0.9994495031292484
PF3D7_1230800	-0.24162600507591714	-0.9808406835564438	0.3645502470336445	0.9994495031292484
PF3D7_1230900	-0.39707820679083794	-0.759653242828623	0.47623878579406564	0.9994495031292484
PF3D7_1231000	-0.15265771977592252	-0.48584533041501626	0.6443093570196119	0.9994495031292484
PF3D7_1231100	-0.2588474125066753	-0.6213808774950312	0.5572041260698098	0.9994495031292484
PF3D7_1231200	0.0965185046949269	0.12185655793992257	0.9069914261792605	0.9994495031292484
PF3D7_1231300	0.10918601886455329	0.10365929676517419	0.9208177653462423	0.9994495031292484
PF3D7_1231400	0.14867925768961393	0.22002302532962179	0.833148219153607	0.9994495031292484
PF3D7_1231500	-0.5232701153178569	-0.7656514889133653	0.4729174709708749	0.9994495031292484
PF3D7_1231600	0.1855155796903633	0.5269589395688449	0.6171278973148547	0.9994495031292484
PF3D7_1231700	-0.30540004168978063	-0.45179587979633745	0.6672884736772755	0.9994495031292484
PF3D7_1231800	-0.12167058502345462	-0.21787765197957146	0.8347453181784059	0.9994495031292484
PF3D7_1231900	1.0302889911518478	2.0228585706152304	0.08954514533866843	0.9994495031292484
PF3D7_1232000	-0.590915120262592	-0.9871332810198465	0.36169688813028006	0.9994495031292484
PF3D7_1232100	-0.17757866925473162	-0.4743842663203442	0.6519979264173095	0.9994495031292484
PF3D7_1232200	-0.9404260281533333	-3.1534564138794052	0.019728026457447256	0.9994495031292484
PF3D7_1232300	-0.27590038283634405	-0.4552239818875746	0.664956369626214	0.9994495031292484
PF3D7_1232400	0.2993526152243443	0.4640492241881494	0.6589715625307131	0.9994495031292484
PF3D7_1232500	-0.31519170183136647	-0.94987641400702	0.37885013954561336	0.9994495031292484
PF3D7_1232600	0.08334390913301858	0.1614833254117947	0.8770131860529538	0.9994495031292484
PF3D7_1232700	-0.05270109397214184	-0.19765647767046193	0.8498401143185061	0.9994495031292484
PF3D7_1232800	-0.6269821985738352	-0.6987522476166752	0.5108693723432194	0.9994495031292484
PF3D7_1232900	-0.018954890055145113	-0.050714295179470056	0.9611993570734252	0.9994495031292484
PF3D7_1233000	0.23576913847495348	0.8184772632285419	0.4443678954248337	0.9994495031292484
PF3D7_1233100	0.08091275702035979	0.28826098215889656	0.7828458412079435	0.9994495031292484
PF3D7_1233200	-0.1930019805636726	-0.2911887628967172	0.7807110959258436	0.9994495031292484
PF3D7_1233300	-0.46251700769961634	-0.7747488430712486	0.46791100768869687	0.9994495031292484
PF3D7_1233400	0.36658661395474185	1.1800830235211	0.28262903381486115	0.9994495031292484
PF3D7_1233600	0.0996191181936785	0.18042570187162102	0.8627581951182121	0.9994495031292484
PF3D7_1233700	0.363173034921548	0.9119226929099831	0.39696865581567503	0.9994495031292484
PF3D7_1233800	-0.6723191221446116	-0.9531354518527313	0.3773247121348668	0.9994495031292484
PF3D7_1233900	-0.4090072909353795	-1.3404479997887329	0.22862285169912297	0.9994495031292484
PF3D7_1234000	0.1465147222900072	0.34467228228973046	0.7421009896435331	0.9994495031292484
PF3D7_1234100	0.246494499353071	0.4643085941654233	0.6587960865182079	0.9994495031292484
PF3D7_1234200	0.30195575724822693	0.6576906392121641	0.5351393278517924	0.9994495031292484
PF3D7_1234300	0.20106629067635814	0.41863327631704894	0.6900559307258101	0.9994495031292484
PF3D7_1234400	1.1606821022558567	1.5860036431730602	0.16383339942795178	0.9994495031292484
PF3D7_1234500	0.3388683637934866	0.8759468413473066	0.4147466666869183	0.9994495031292484
PF3D7_1234600	-0.12007895408440696	-0.4061106522230022	0.6987482845800326	0.9994495031292484
PF3D7_1234700	0.2714932746825361	0.4044428231926624	0.699909802311703	0.9994495031292484
PF3D7_1234800	-0.1286066211933528	-0.3016722518205163	0.7730845161358331	0.9994495031292484
PF3D7_1234900	-0.23729015987526764	-0.4090407707834951	0.696709841061212	0.9994495031292484
PF3D7_1235000	-0.6986824633756684	-1.111568224115127	0.30886954768665964	0.9994495031292484
PF3D7_1235100	-0.38135457470462	-0.4462723164538205	0.6710546707549698	0.9994495031292484
PF3D7_1235200	-0.2307026968056589	-0.5665852595496087	0.5915432305213117	0.9994495031292484
PF3D7_1235300	0.2055432805696233	0.3577925515173621	0.7327484505034492	0.9994495031292484
PF3D7_1235400	-0.25946233941383884	-0.7064836188114227	0.5063819704158972	0.9994495031292484
PF3D7_1235500	-0.3415744052119313	-0.8511119269275552	0.427362817798381	0.9994495031292484
PF3D7_1235600	0.13884295358229679	0.3437610168660456	0.7427523873527879	0.9994495031292484
PF3D7_1235700	0.21629231777801347	0.6603378983584041	0.5335526202551732	0.9994495031292484
PF3D7_1235800	0.10560645083645576	0.4350893780826033	0.6787117110284553	0.9994495031292484
PF3D7_1235900	-0.07427790121583894	-0.15152484385185805	0.8845281039510731	0.9994495031292484
PF3D7_1236000	0.21248488923336922	0.38974487076231734	0.7101839940317641	0.9994495031292484
PF3D7_1236100	0.2579815928724381	0.6649842690493999	0.5307749801963901	0.9994495031292484
PF3D7_1236200	-0.29713228952698134	-0.4806744035374048	0.6477723483803574	0.9994495031292484
PF3D7_1236300	0.1800586617732291	0.23196749861555283	0.8242724565386196	0.9994495031292484
PF3D7_1236400	-0.2333442827270844	-0.7179103950036381	0.4997979267537902	0.9994495031292484
PF3D7_1236500	-2.1713358629016253	-2.3372710892842905	0.05806025023403096	0.9994495031292484
PF3D7_1236600	-0.11580885128759555	-0.13718261077464802	0.895374071727213	0.9994495031292484
PF3D7_1236700	-0.27050358440830924	-0.637369838427586	0.5474189984281577	0.9994495031292484
PF3D7_1236800	0.5087103514687666	1.1338560528583046	0.3001167183710632	0.9994495031292484
PF3D7_1236900	0.12504890454638531	0.24483217290396064	0.8147446993728007	0.9994495031292484
PF3D7_1237000	-0.005408715800039687	-0.010923278792274258	0.9916388004354316	0.9994495031292484
PF3D7_1237100	-0.4749819925222697	-0.6726193292712518	0.5262309054863128	0.9994495031292484
PF3D7_1237200	0.30336969545670345	0.45422314773398714	0.6656368043696919	0.9994495031292484
PF3D7_1237300	0.21812921023924195	0.18755163706500885	0.8574099089730057	0.9994495031292484
PF3D7_1237400	-0.2496813241161376	-1.6964619179922316	0.14072529332534012	0.9994495031292484
PF3D7_1237500	0.4297393214926632	0.692272154399387	0.5146507241881192	0.9994495031292484
PF3D7_1237600	-0.032008540870992634	-0.1055618878202592	0.9193706565954486	0.9994495031292484
PF3D7_1237700	0.2744796956442535	0.3682188406048062	0.7253518578812943	0.9994495031292484
PF3D7_1237800	-0.35355896750664373	-0.7687265078377671	0.47122105779099055	0.9994495031292484
PF3D7_1237900	-0.36870817279397133	-0.5082861985070507	0.6293944780963383	0.9994495031292484
PF3D7_1238000	-0.13881997499972304	-0.15385208809239176	0.8827706956535468	0.9994495031292484
PF3D7_1238100	0.012663389197113392	0.05790991265511674	0.9557008408379323	0.9994495031292484
PF3D7_1238200	-0.9282497844025884	-0.9764898542950836	0.3665335016561573	0.9994495031292484
PF3D7_1238300	-0.03358027005093826	-0.08113686349757117	0.9379719105970341	0.9994495031292484
PF3D7_1238400	-0.3595614859899125	-1.2308154333433163	0.2644490873250483	0.9994495031292484
PF3D7_1238500	0.11519903634049969	0.1671987577457105	0.8727064597815459	0.9994495031292484
PF3D7_1238600	0.22098461544968523	0.47094500211714	0.6543143634508012	0.9994495031292484
PF3D7_1238700	0.49067985129764424	1.7574798797736806	0.12934538135453777	0.9994495031292484
PF3D7_1238800	0.6142682491264605	1.513360785891429	0.18095409470025703	0.9994495031292484
PF3D7_1238900	-0.08239742752827396	-0.28756455864534597	0.7833539335268039	0.9994495031292484
PF3D7_1239000	-0.34959756272557774	-1.1345375158254318	0.2998524158734024	0.9994495031292484
PF3D7_1239100	-0.6316143361020428	-1.3248639227786834	0.2334367719762977	0.9994495031292484
PF3D7_1239200	0.28862194610068026	0.35424755426220267	0.7352705666817323	0.9994495031292484
PF3D7_1239300	-0.44809284762051915	-0.6480825182084375	0.540923464175314	0.9994495031292484
PF3D7_1239400	-1.6544544303295492	-1.201333373519999	0.2748867941445632	0.9994495031292484
PF3D7_1239500	-0.7332898047183973	-1.842042252037171	0.11505206492606357	0.9994495031292484
PF3D7_1239600	0.1667750690850744	0.4502288836689764	0.6683558453663019	0.9994495031292484
PF3D7_1239700	0.30211177589753274	0.4931099172390505	0.6394607224079127	0.9994495031292484
PF3D7_1239800	0.7013500298416575	2.434067997760961	0.05088025178317282	0.9994495031292484
PF3D7_1239900	0.2991293870619939	0.639103577516777	0.5463644534751868	0.9994495031292484
PF3D7_1240000	0.05913712809806355	0.21234115256875924	0.8388708770351523	0.9994495031292484
PF3D7_1240100	-0.23774707891254285	-0.40782077987800286	0.6975582362575201	0.9994495031292484
PF3D7_1240200	-0.37070534470455746	-1.000000000000002	0.35591768374958144	0.9994495031292484
PF3D7_1240300	-1.2514491038801958	-1.5377211463968157	0.17503313379341548	0.9994495031292484
PF3D7_1240400	-1.0753702445397686	-1.0932841815811387	0.3162084435885108	0.9994495031292484
PF3D7_1240500	0.3115177743850249	0.7286876870913744	0.49364104815419385	0.9994495031292484
PF3D7_1240600	-1.2170683866312006	-2.0766836898327887	0.08311524753642578	0.9994495031292484
PF3D7_1240800	0.4806133565700166	1.0000000000000013	0.35591768374958144	0.9994495031292484
PF3D7_1240900	-0.9868107170332253	-1.2658129616327927	0.25250844027147135	0.9994495031292484
PF3D7_1241000	-0.8167591333464433	-0.9574472210824067	0.37531390850069335	0.9994495031292484
PF3D7_1241100	-0.0569088252950048	-0.1372942720394459	0.8952895313487463	0.9994495031292484
PF3D7_1241200	0.21878223144134415	0.5081495184633341	0.6294847528595229	0.9994495031292484
PF3D7_1241300	0.1962396346654747	0.5223699708107192	0.620130208700219	0.9994495031292484
PF3D7_1241400	0.5269177137530793	0.847354657272282	0.4292959615514723	0.9994495031292484
PF3D7_1241500	0.35654502895896606	0.6712192525456093	0.5270622865990042	0.9994495031292484
PF3D7_1241600	-0.053023984799241815	-0.12846184179698636	0.9019812510762173	0.9994495031292484
PF3D7_1241700	0.20146740683644385	0.923633638237517	0.3913083990087823	0.9994495031292484
PF3D7_1241800	-0.40780458828969846	-0.788502152732037	0.4604130887015673	0.9994495031292484
PF3D7_1241900	0.23476849649823892	0.7385302266527164	0.48806325811394635	0.9994495031292484
PF3D7_1242000	0.2510850672205291	0.33892799230502396	0.7462110579393073	0.9994495031292484
PF3D7_1242100	0.22582200959148457	0.6556493579955124	0.5363648809008867	0.9994495031292484
PF3D7_1242200	-0.13642224433694775	-0.4933251563423739	0.6393173599758045	0.9994495031292484
PF3D7_1242300	-0.35559393481987117	-0.5108406065678175	0.6277086283772275	0.9994495031292484
PF3D7_1242400	1.0195546191531804	2.464167016566147	0.0488425648552748	0.9994495031292484
PF3D7_1242500	-0.03682194725761246	-0.1706375451699368	0.8701175359101561	0.9994495031292484
PF3D7_1242600	0.6207773047599666	2.074706391365718	0.08334293638565046	0.9994495031292484
PF3D7_1242700	-0.7819171134165223	-1.173214943549108	0.2851709809150863	0.9994495031292484
PF3D7_1242800	0.16540679870756786	0.47014863424226483	0.6548513418478025	0.9994495031292484
PF3D7_1242900	-0.5231167202298237	-0.6660668786768495	0.5301291232999784	0.9994495031292484
PF3D7_1243000	0.21372094944679557	0.3991148564051125	0.7036262814458933	0.9994495031292484
PF3D7_1243100	-0.6184652836734521	-2.023511972997132	0.08946413828615082	0.9994495031292484
PF3D7_1243200	-0.7384806850930882	-0.6139412288277486	0.5617937383818439	0.9994495031292484
PF3D7_1243300	0.09279301268621228	0.08695354349812756	0.9335377472766802	0.9994495031292484
PF3D7_1243400	-0.4726974310930617	-0.7759074927062066	0.46727605366409597	0.9994495031292484
PF3D7_1243500	-0.4542001883021118	-0.9398158141898498	0.38358938115991076	0.9994495031292484
PF3D7_1243600	-0.29198847344010764	-0.6262211319346228	0.5542305605164581	0.9994495031292484
PF3D7_1243700	-0.30654410293647566	-0.5427286059271842	0.6068725526811025	0.9994495031292484
PF3D7_1243800	-0.188179101248538	-0.4381927359023966	0.6765825499132161	0.9994495031292484
PF3D7_1243900	0.660753099899948	0.958360345486358	0.37488914676683593	0.9994495031292484
PF3D7_1244000	-0.5989323163054808	-1.0315551585212333	0.3420565909858243	0.9994495031292484
PF3D7_1244100	0.6329049371561516	1.2798458103929655	0.24785533820980635	0.9994495031292484
PF3D7_1244200	0.2450807598106814	0.49432418593979494	0.6386521685641906	0.9994495031292484
PF3D7_1244300	1.3124531819751226	1.1328406815217187	0.3005108899420017	0.9994495031292484
PF3D7_1244400	-0.0032453626572319437	-0.008141699354031908	0.9937678899965297	0.9994495031292484
PF3D7_1244500	-0.6958534647949003	-1.3725638459202028	0.2189831031324782	0.9994495031292484
PF3D7_1244600	0.2474918112467013	0.785712898465373	0.46192681085950626	0.9994495031292484
PF3D7_1244700	0.038188552087015284	0.11803233630522542	0.9098942993763277	0.9994495031292484
PF3D7_1244800	-0.43011599465664185	-0.8307289448014866	0.43792709815481323	0.9994495031292484
PF3D7_1244900	-1.0132905442976334	-5.176995347898723	0.0020603501237372204	0.9994495031292484
PF3D7_1245000	0.04176111891367675	0.05547029951483501	0.9575647834318295	0.9994495031292484
PF3D7_1245100	0.46179576212618323	0.8355045499592308	0.435435003894188	0.9994495031292484
PF3D7_1245200	0.21566332829511503	0.6959505693983539	0.5125019876133923	0.9994495031292484
PF3D7_1245300	-1.1233395383631986	-1.423251343826111	0.20451778356505457	0.9994495031292484
PF3D7_1245400	-0.3602193518931909	-1.5924578079485747	0.16238879451486934	0.9994495031292484
PF3D7_1245500	0.3381218525692616	0.8350791301039537	0.4356565836262623	0.9994495031292484
PF3D7_1245600	-1.8182250288311403	-1.2580289857971236	0.25512253727900774	0.9994495031292484
PF3D7_1245700	-0.9355063003184151	-1.2752432538309297	0.24937307447285545	0.9994495031292484
PF3D7_1245800	-0.37953389626176665	-0.9860573183939118	0.3621835223791389	0.9994495031292484
PF3D7_1245900	0.1916583764470887	0.2533398994059364	0.8084626634997151	0.9994495031292484
PF3D7_1246000	0.35169903689561344	0.3439488886309938	0.74261807229808	0.9994495031292484
PF3D7_1246100	-0.49325858768193503	-0.7100445426673443	0.5043240058857137	0.9994495031292484
PF3D7_1246200	0.3001829400864013	1.3327031385261212	0.2310039895128915	0.9994495031292484
PF3D7_1246300	-0.7246007590145311	-1.4049132033944325	0.2096472544814367	0.9994495031292484
PF3D7_1246400	-0.3808001770845409	-0.8811353563828275	0.4121463517572406	0.9994495031292484
PF3D7_1246500	0.08448392233378023	0.17365571007708644	0.8678467334292062	0.9994495031292484
PF3D7_1246600	-0.2881066244557708	-1.1116739004456178	0.3088275475673878	0.9994495031292484
PF3D7_1246700	-0.2056229110192218	-0.8224870488068506	0.4422524164763925	0.9994495031292484
PF3D7_1246800	0.35328675659992326	0.6267163813428168	0.5539268637405886	0.9994495031292484
PF3D7_1246900	-0.6439385668780321	-2.9919086738702383	0.02426032291033241	0.9994495031292484
PF3D7_1247000	0.016172491360498722	0.027190511849378082	0.9791895916220044	0.9994495031292484
PF3D7_1247100	-0.4283693410825874	-1.183576606385604	0.2813434845033682	0.9994495031292484
PF3D7_1247200	0.23824616317386754	0.3750243565308961	0.7205412959486706	0.9994495031292484
PF3D7_1247300	0.2673528944154488	0.36018187874787777	0.7310506030206122	0.9994495031292484
PF3D7_1247400	0.20113640922137896	0.5090442175230195	0.6288939472368443	0.9994495031292484
PF3D7_1247500	0.06363475087414397	0.21618219891377902	0.8360080909604577	0.9994495031292484
PF3D7_1247600	-0.67142982375185	-1.4871105485215068	0.18754408179556883	0.9994495031292484
PF3D7_1247700	0.2305709535411155	0.4382814841000366	0.6765217093058635	0.9994495031292484
PF3D7_1247800	-0.4563172588467054	-0.8005058320540577	0.45393885783164056	0.9994495031292484
PF3D7_1247900	-0.02709383265244021	-0.0715855968267311	0.9452582299438743	0.9994495031292484
PF3D7_1248000	-0.028463271899854956	-0.03460319371014333	0.9735186127602888	0.9994495031292484
PF3D7_1248100	0.0810556606314254	0.1877547062960812	0.8572576177552188	0.9994495031292484
PF3D7_1248200	-0.3069927586492064	-0.9275825954617434	0.38941377385110965	0.9994495031292484
PF3D7_1248300	-0.6589379369831948	-0.8835492524938281	0.4109407614858573	0.9994495031292484
PF3D7_1248400	0.06059549465740448	0.06499430985323996	0.9502899210013604	0.9994495031292484
PF3D7_1248500	-0.19126780284974193	-0.3313044297596095	0.7516798946232082	0.9994495031292484
PF3D7_1248600	-0.04254673415412241	-0.14045260499924472	0.8928989399733633	0.9994495031292484
PF3D7_1248700	0.9502468561341108	1.0399357942216634	0.3384493982133912	0.9994495031292484
PF3D7_1248800	-0.2201156243668855	-0.35920645624763176	0.7317435338572857	0.9994495031292484
PF3D7_1248900	0.12640631266703517	0.4431472783755257	0.673190108349111	0.9994495031292484
PF3D7_1249000	0.22094852206763638	0.49197266223190605	0.6402184870469558	0.9994495031292484
PF3D7_1249100	0.4065153822606048	1.4271431873185045	0.2034440869972014	0.9994495031292484
PF3D7_1249200	0.6208357586014662	1.0209727211918558	0.34665582931724814	0.9994495031292484
PF3D7_1249300	-0.26014541011309095	-0.7918145315848102	0.45862003415781816	0.9994495031292484
PF3D7_1249400	-0.017199037527075474	-0.033407283052735146	0.9744334238730544	0.9994495031292484
PF3D7_1249500	-0.4519534213320693	-1.2089448463686066	0.2721584696580983	0.9994495031292484
PF3D7_1249600	0.28056162715540645	0.5290411986445728	0.6157682529829479	0.9994495031292484
PF3D7_1249700	0.1035483198618421	0.145311944284348	0.8892232474429763	0.9994495031292484
PF3D7_1249800	-0.08121730440839912	-0.1241386429976176	0.9052598979236798	0.9994495031292484
PF3D7_1249900	-0.5161738444825542	-0.8310095993690745	0.4377803550766015	0.9994495031292484
PF3D7_1250000	-0.5743259614222942	-1.8470865293114764	0.11425054127755424	0.9994495031292484
PF3D7_1250100	-1.2525370722745328	-1.693343080809057	0.1413323841175952	0.9994495031292484
PF3D7_1250200	-0.8067632434280592	-2.8818285296995647	0.027990762056074165	0.9994495031292484
PF3D7_1250300	0.0954434792769424	0.29741004179175895	0.7761819189115259	0.9994495031292484
PF3D7_1250400	0.3918648321560817	1.005484297355932	0.3534768344272394	0.9994495031292484
PF3D7_1250500	-0.3253678007196529	-0.6441904501602549	0.5432777357762562	0.9994495031292484
PF3D7_1250600	-0.3139178947866131	-0.8878065695156735	0.40882095953907954	0.9994495031292484
PF3D7_1250700	-0.4189777745600424	-0.87496604572034	0.4152395865499075	0.9994495031292484
PF3D7_1250800	-0.20429498654534098	-0.37030923345247013	0.7238727632382838	0.9994495031292484
PF3D7_1250900	0.9010467609517524	0.7309877480482386	0.49233373862139795	0.9994495031292484
PF3D7_1251000	-0.20521006828915683	-0.8286707916592571	0.4390043182457867	0.9994495031292484
PF3D7_1251100	-0.435975238572025	-0.7119046797322944	0.5032512001322096	0.9994495031292484
PF3D7_1251200	-0.36493025009651503	-0.35297227280950244	0.7361787631195045	0.9994495031292484
PF3D7_1251300	-0.4665775918490746	-0.6006866002654004	0.5700277612411377	0.9994495031292484
PF3D7_1251400	0.49787445208886355	0.8870504295272735	0.409196854245668	0.9994495031292484
PF3D7_1251500	0.17969828215338882	0.34774614734249293	0.7399054349990984	0.9994495031292484
PF3D7_1251600	0.13662089404867794	1.0564658917897565	0.33142512942194696	0.9994495031292484
PF3D7_1251700	-0.5338013572208182	-0.9927697022838308	0.3591561273366919	0.9994495031292484
PF3D7_1251800	-0.23249725913481917	-0.6421830381050805	0.5444945207367928	0.9994495031292484
PF3D7_1251900	0.38786498091551774	0.48414834835471066	0.6454447613049138	0.9994495031292484
PF3D7_1252100	0.7202165931024774	1.1150758552564097	0.3074780195240434	0.9994495031292484
PF3D7_1252200	0.1334575495466484	0.31824407006234257	0.7610855323521821	0.9994495031292484
PF3D7_1252300	-0.3824405550452416	-0.8540170219554202	0.425872528432389	0.9994495031292484
PF3D7_1252400	-1.1154928305088598	-0.6724417256858497	0.5263363214672696	0.9994495031292484
PF3D7_1252500	0.33075817892026277	0.31598820681927847	0.7627147274030248	0.9994495031292484
PF3D7_1252600	0.07210349365335836	0.1074628177863513	0.9179251492327625	0.9994495031292484
PF3D7_1252700	-0.33536972756424827	-1.8891087713501336	0.1077852103432135	0.9994495031292484
PF3D7_1252800	0.03180293942787892	0.1136791368779806	0.913200560637192	0.9994495031292484
PF3D7_1252900	-0.2430822023412279	-0.19577788071422697	0.8512461199774296	0.9994495031292484
PF3D7_1253000	0.29099526378752977	0.39997019555531765	0.7030290383619382	0.9994495031292484
PF3D7_1253100	0.6430896477861318	0.7496597005607175	0.48180819932571894	0.9994495031292484
PF3D7_1253200	0.3845894329057456	0.263547583599047	0.800946034293643	0.9994495031292484
PF3D7_1253300	-0.38665973328321684	-0.6458676807123733	0.5422624046140325	0.9994495031292484
PF3D7_1253400	0.6474404256391848	1.1741219027525316	0.2848341894923048	0.9994495031292484
PF3D7_1253500	0.7688781601328856	1.0031280326736487	0.35452387369763194	0.9994495031292484
PF3D7_1254000	0.6324952260902171	1.9692041875581696	0.09645656644414048	0.9994495031292484
PF3D7_1254100	0.7970395421239037	0.6920311461837833	0.5147917152563946	0.9994495031292484
PF3D7_1254200	-1.0878449467175038	-0.8525702820533456	0.4266142137430625	0.9994495031292484
PF3D7_1254400	0.058524347695376254	0.10690627500492386	0.9183483208116956	0.9994495031292484
PF3D7_1254600	-0.2467570057420609	-0.6407672002796467	0.5453537559104578	0.9994495031292484
PF3D7_1254700	-1.4081368519817377	-1.8478502546649955	0.11412967044215794	0.9994495031292484
PF3D7_1254800	-0.4334486051448048	-0.7428290257170619	0.4856406621272574	0.9994495031292484
PF3D7_1255000	0.4806133565700166	1.0000000000000013	0.35591768374958144	0.9994495031292484
PF3D7_1255100	-0.9778017845306987	-2.475653344203067	0.04808775946611508	0.9994495031292484
PF3D7_1255200	-0.6654518591537194	-1.1504970708475082	0.2937185288751096	0.9994495031292484
PF3D7_1300100	-0.9669574322945942	-1.3579760419049414	0.2233152572854564	0.9994495031292484
PF3D7_1300200	-0.33855179613165326	-0.5267012059644673	0.6172963044376258	0.9994495031292484
PF3D7_1300300	-0.6035387226047091	-0.5370051555949669	0.6105834883363521	0.9994495031292484
PF3D7_1300400	-0.20532179041777995	-0.33933610223242916	0.7459187491033565	0.9994495031292484
PF3D7_1300500	-1.5534775198515598	-1.5378626084734293	0.17499928837509993	0.9994495031292484
PF3D7_1300600	-0.426787481325327	-0.8274369268948037	0.4396510356966289	0.9994495031292484
PF3D7_1301000	0.027687206921053528	0.05410196016470707	0.9586103681174908	0.9994495031292484
PF3D7_1301200	-1.416820173558381	-1.8163738378545469	0.11921772040662508	0.9994495031292484
PF3D7_1301300	0.7347323834513976	0.6676267313087921	0.5291994449388975	0.9994495031292484
PF3D7_1301400	0.06252546767941175	0.3025231409730272	0.7724667099344042	0.9994495031292484
PF3D7_1301500	0.12156278181400176	0.21425227835127225	0.8374461470378632	0.9994495031292484
PF3D7_1301600	-1.3413781746344893	-1.0474939570762098	0.3352227532473658	0.9994495031292484
PF3D7_1301700	-0.24782997208085866	-0.42810410364163726	0.6835160684381651	0.9994495031292484
PF3D7_1301800	-1.3036478901896746	-1.1286107718997649	0.30215765330701677	0.9994495031292484
PF3D7_1301900	-0.14454993839323868	-0.22322069455823448	0.830769371634595	0.9994495031292484
PF3D7_1302000	0.049123958642715265	0.12438564249513995	0.9050725215106018	0.9994495031292484
PF3D7_1302100	-0.05671321794479197	-0.10108065672773558	0.9227796056734827	0.9994495031292484
PF3D7_1302200	0.2456021433976221	0.44981714263527955	0.668636447125885	0.9994495031292484
PF3D7_1302300	-0.7726884910800329	-1.104519951374888	0.3116816090658763	0.9994495031292484
PF3D7_1302400	0.3168169512727649	0.37191457325010197	0.7227377623574289	0.9994495031292484
PF3D7_1302500	-0.10523697721320194	-0.14519722984527442	0.8893099851520346	0.9994495031292484
PF3D7_1302600	0.08542645029850761	0.17650520638150557	0.865704100742662	0.9994495031292484
PF3D7_1302700	0.3571298897899813	0.48781885604233094	0.6429902461467312	0.9994495031292484
PF3D7_1302800	0.08636688400686546	0.16812577716931265	0.8720083727193886	0.9994495031292484
PF3D7_1302900	0.2188987698551002	0.7771571545307328	0.46659190195466704	0.9994495031292484
PF3D7_1303000	-0.7561971655939415	-1.7077078571984003	0.1385571610166261	0.9994495031292484
PF3D7_1303100	-0.7491923359845641	-2.3196980318060456	0.05947355967541124	0.9994495031292484
PF3D7_1303200	-0.16755364394212335	-0.21719490122268661	0.8352537659725665	0.9994495031292484
PF3D7_1303300	-0.37297196046430603	-0.43311321030640565	0.6800692229937995	0.9994495031292484
PF3D7_1303400	0.025417748860131647	0.07697426621218793	0.9411466435173698	0.9994495031292484
PF3D7_1303500	-0.08347781393437442	-0.18261017891201836	0.8611177991875506	0.9994495031292484
PF3D7_1303600	0.5270980235946591	0.42138611078502547	0.6881519653288055	0.9994495031292484
PF3D7_1303700	0.5005572465991595	1.1670687311867134	0.2874622982224998	0.9994495031292484
PF3D7_1303800	0.38036893358800755	0.6512395983669741	0.5390185280557469	0.9994495031292484
PF3D7_1303900	0.14509706535912847	0.17492008183246777	0.8668958564402546	0.9994495031292484
PF3D7_1304000	-0.08384942710808273	-0.3225651464750026	0.7579685829637236	0.9994495031292484
PF3D7_1304100	-1.0609640154514022	-3.8009691191607953	0.008957640377641327	0.9994495031292484
PF3D7_1304200	-0.48433277639393546	-0.5555721281356636	0.5985918434725805	0.9994495031292484
PF3D7_1304300	0.42238748703773993	0.2957684989854935	0.7773760571994697	0.9994495031292484
PF3D7_1304400	-0.12693399958600682	-0.4434094207269131	0.6730108494686456	0.9994495031292484
PF3D7_1304500	-0.32339515444637496	-0.4833846314317118	0.6459560854698488	0.9994495031292484
PF3D7_1304600	-0.5078617805865744	-0.7823006160019075	0.4637834269268073	0.9994495031292484
PF3D7_1304700	-0.21198357266147155	-0.2551052916351321	0.807161052204289	0.9994495031292484
PF3D7_1304800	0.7488902156005893	1.4674174452015813	0.19263401447613113	0.9994495031292484
PF3D7_1304900	-0.9797410296837329	-1.6514521023785174	0.14973600398438844	0.9994495031292484
PF3D7_1305000	0.3951901093923479	0.9001490920838013	0.40272197441642565	0.9994495031292484
PF3D7_1305100	-0.03755245467379621	-0.152849738931741	0.8835275262274245	0.9994495031292484
PF3D7_1305200	-0.424699971573521	-0.7129800840035609	0.5026316737069835	0.9994495031292484
PF3D7_1305300	0.6147459580670505	1.1596263537177165	0.29025782286636154	0.9994495031292484
PF3D7_1305400	-0.05674747974651926	-0.17161641515602774	0.869380905216745	0.9994495031292484
PF3D7_1305500	1.0338542074754005	2.183250352809653	0.07173913161769067	0.9994495031292484
PF3D7_1305600	-0.14673661306849353	-0.19304966954103892	0.8532890719410076	0.9994495031292484
PF3D7_1305700	-0.1688926239514356	-0.23133558393553943	0.82474132363814	0.9994495031292484
PF3D7_1305800	-1.0078850599986362	-1.1900504684301645	0.27897452539587014	0.9994495031292484
PF3D7_1305900	-0.16006210198828993	-0.5692660560150983	0.589834795972275	0.9994495031292484
PF3D7_1306000	0.6015223037469444	1.3808773009023743	0.2165484551954318	0.9994495031292484
PF3D7_1306100	-0.003892005196319328	-0.004886545457363875	0.996259535187165	0.999657757528891
PF3D7_1306200	0.5033524845478213	0.7188034982984961	0.49928575646208917	0.9994495031292484
PF3D7_1306300	-0.9778809139499868	-2.5120208049066415	0.04577801209328332	0.9994495031292484
PF3D7_1306400	-0.22961999894294546	-0.43844482497238413	0.6764097392883205	0.9994495031292484
PF3D7_1306500	-0.34249848343848893	-0.48147487767241015	0.6472356322967039	0.9994495031292484
PF3D7_1306600	-0.6185978283011005	-0.9422320102172539	0.3824470098790337	0.9994495031292484
PF3D7_1306700	0.3140542202629568	0.9512146949076996	0.37822316264171185	0.9994495031292484
PF3D7_1306800	-0.48679333046680817	-1.8170912811188524	0.11909928876439277	0.9994495031292484
PF3D7_1306900	-0.3658855765533051	-1.3586360253477379	0.2231175996170423	0.9994495031292484
PF3D7_1307000	-0.4896193487747255	-1.3884013376222295	0.2143662210766658	0.9994495031292484
PF3D7_1307100	0.09026519604559757	0.45334053860763757	0.6662371513359535	0.9994495031292484
PF3D7_1307200	-0.05317087276948438	-0.13870219378760323	0.8942237028951592	0.9994495031292484
PF3D7_1307300	-0.2448015182511787	-0.8128967100136857	0.44732422562719776	0.9994495031292484
PF3D7_1307400	-1.1859397801983815	-0.8984989221448745	0.40353338435414843	0.9994495031292484
PF3D7_1307500	-0.1742394038554272	-0.1514647392347628	0.8845735012784444	0.9994495031292484
PF3D7_1307600	-0.9428282828986901	-2.0776774527359225	0.08300105366166244	0.9994495031292484
PF3D7_1307700	-0.05225006799291124	-0.11709305289423479	0.910607521686756	0.9994495031292484
PF3D7_1307800	-0.3535836076751185	-0.7580596793741297	0.4771238804047341	0.9994495031292484
PF3D7_1307900	0.815676844151762	1.4258738245150808	0.20379371333484433	0.9994495031292484
PF3D7_1308000	0.42804268870316703	1.6492151880268775	0.1501980329555526	0.9994495031292484
PF3D7_1308100	-0.3930409439876731	-2.1057315608961895	0.07984251197047221	0.9994495031292484
PF3D7_1308200	0.6802893398818262	0.9985386564111608	0.3565703354541664	0.9994495031292484
PF3D7_1308300	-0.20444972853418772	-0.30326964293810976	0.7719248467327674	0.9994495031292484
PF3D7_1308400	0.3864778295201577	0.7244729678004594	0.496042710458358	0.9994495031292484
PF3D7_1308500	-0.15626679592439152	-0.6830180613221154	0.5200826340124041	0.9994495031292484
PF3D7_1308600	-0.48430348662934386	-0.7027828379240753	0.5085266795132681	0.9994495031292484
PF3D7_1308700	-0.3548823933129169	-0.5935238079271353	0.5745076313067756	0.9994495031292484
PF3D7_1308800	-1.061658610595766	-2.1760248322379767	0.07245738953928944	0.9994495031292484
PF3D7_1308900	0.05656119709254363	0.12286487145890433	0.9062263002486302	0.9994495031292484
PF3D7_1309000	-0.2843324204707981	-0.6049244830092969	0.5673871918227704	0.9994495031292484
PF3D7_1309100	-0.694650445532596	-1.781616921469838	0.12509633442482168	0.9994495031292484
PF3D7_1309200	-0.38755885149780217	-1.4573121890268101	0.1952953351318399	0.9994495031292484
PF3D7_1309300	-0.007635867437030858	-0.021134192153976054	0.9838239089574518	0.9994495031292484
PF3D7_1309400	-0.24352310244118075	-0.37324442732160223	0.721798119207955	0.9994495031292484
PF3D7_1309500	0.2585986448462779	0.42678821314136645	0.6844229459397684	0.9994495031292484
PF3D7_1309600	-0.14583171514901075	-0.6006016895442184	0.5700807437867109	0.9994495031292484
PF3D7_1309700	-0.3561049864205638	-0.47520500063130655	0.6514457664991709	0.9994495031292484
PF3D7_1309800	-0.5690281443269272	-0.9762360730592974	0.36664944598310456	0.9994495031292484
PF3D7_1309900	1.2038629073382416	3.2448308076653873	0.017579968988657532	0.9994495031292484
PF3D7_1310000	0.925936150590788	1.0697674400407555	0.3258596967529172	0.9994495031292484
PF3D7_1310100	-0.13528270679512508	-0.191162020827096	0.8547033213961767	0.9994495031292484
PF3D7_1310200	-0.5837941344102724	-0.8633780484725547	0.4210965318544008	0.9994495031292484
PF3D7_1310300	-0.25556116453850597	-0.4328485504273383	0.6802511288412371	0.9994495031292484
PF3D7_1310400	-0.2557420751577033	-0.6296709553144565	0.5521172058263178	0.9994495031292484
PF3D7_1310500	0.14764547684796084	0.17215880685415824	0.8689728000719115	0.9994495031292484
PF3D7_1310600	-0.47642026484873345	-1.1741053727987756	0.28484032470399023	0.9994495031292484
PF3D7_1310700	-0.7811546384565965	-1.5154055793982097	0.18044995787862406	0.9994495031292484
PF3D7_1310800	-0.3444395017222944	-0.8095139663697661	0.44912313161244855	0.9994495031292484
PF3D7_1310900	-0.5129449976822726	-1.0832903841206019	0.3202806161021887	0.9994495031292484
PF3D7_1311000	-0.4344473664687774	-0.4888754466662077	0.6422846027375501	0.9994495031292484
PF3D7_1311100	0.6480547166392255	0.8103032834890928	0.44870291722891154	0.9994495031292484
PF3D7_1311200	0.9030546141220498	3.5296329650947884	0.012373223134499026	0.9994495031292484
PF3D7_1311300	-0.39270814977816193	-0.6055006073987722	0.5670287896163143	0.9994495031292484
PF3D7_1311400	-0.29421156641088825	-0.9028614685309423	0.4013909533045735	0.9994495031292484
PF3D7_1311500	-0.2865010233805434	-0.9303376962163763	0.388096121471433	0.9994495031292484
PF3D7_1311600	0.4508542915329394	1.05424866005053	0.3323603517317715	0.9994495031292484
PF3D7_1311700	-0.5190247918135867	-1.0943610073572019	0.3157722424113472	0.9994495031292484
PF3D7_1311800	0.7770048955799557	1.2210066410807952	0.2678829138060753	0.9994495031292484
PF3D7_1311900	0.11117276438700754	0.5107274569843921	0.6277832524963594	0.9994495031292484
PF3D7_1312000	0.05485225457572191	0.14194083707175606	0.8917728996356536	0.9994495031292484
PF3D7_1312100	0.36474553535699017	0.7835888983407434	0.46308185747803343	0.9994495031292484
PF3D7_1312200	0.2949693068577606	0.32039565592526026	0.7595328965828043	0.9994495031292484
PF3D7_1312300	0.105273505267361	0.44388548287275914	0.6726853675748787	0.9994495031292484
PF3D7_1312400	0.2693311084815496	0.7488983089389003	0.4822343575816783	0.9994495031292484
PF3D7_1312450	-0.6882915376286078	-1.0771390559024832	0.3228085877391819	0.9994495031292484
PF3D7_1312500	-0.243842084216942	-0.43907906737328734	0.675975052661117	0.9994495031292484
PF3D7_1312600	0.2855506107053172	0.9302324693605898	0.3881463840124733	0.9994495031292484
PF3D7_1312700	0.7096506575029967	2.0203557233287026	0.08985612949523904	0.9994495031292484
PF3D7_1312800	0.010323007916345694	0.021635481802322692	0.9834402913539124	0.9994495031292484
PF3D7_1312900	0.3068798278581136	0.7935442743738098	0.45768566245637754	0.9994495031292484
PF3D7_1313000	-0.6506722951540898	-1.256595408963982	0.2556065609276439	0.9994495031292484
PF3D7_1313100	-0.46868125282505346	-0.5302948196087386	0.6149504855423179	0.9994495031292484
PF3D7_1313200	0.5546522064232255	0.6790733774961449	0.5224094066941556	0.9994495031292484
PF3D7_1313300	-0.2731984857005743	-0.6376649918136055	0.5472393816670332	0.9994495031292484
PF3D7_1313400	0.18193465196945657	0.5418930558419021	0.6074135056605582	0.9994495031292484
PF3D7_1313500	0.47598303888937427	1.680698478254976	0.14381977222211853	0.9994495031292484
PF3D7_1313600	0.9228922919232906	1.5963690737587855	0.16151926003498196	0.9994495031292484
PF3D7_1313700	-0.4056049168829692	-0.9445383818123602	0.38135902610120403	0.9994495031292484
PF3D7_1313800	0.3296824557297373	0.6206560300542765	0.5576502755859676	0.9994495031292484
PF3D7_1313900	1.2536198573697999	1.2429424744604765	0.26025675366195566	0.9994495031292484
PF3D7_1314000	0.4724014862790257	1.0171591541698506	0.3483254087521577	0.9994495031292484
PF3D7_1314100	0.5984036749708469	0.9625881047627852	0.3729274015316186	0.9994495031292484
PF3D7_1314200	0.12278834677897894	0.34591084896557645	0.7412160032452347	0.9994495031292484
PF3D7_1314300	0.16058830165194612	0.607337825593372	0.5658867896749513	0.9994495031292484
PF3D7_1314400	0.6354767519908862	0.7226481322456227	0.497084996966061	0.9994495031292484
PF3D7_1314500	-0.7092157159556214	-0.8441634254885916	0.43094291948112634	0.9994495031292484
PF3D7_1314600	0.1571440760177386	0.23894897558315253	0.8190976837860868	0.9994495031292484
PF3D7_1314700	-0.42348742833248326	-1.0581162791263377	0.3307303980160499	0.9994495031292484
PF3D7_1314800	0.08543269563933885	0.16591344979778613	0.8736745618716815	0.9994495031292484
PF3D7_1314900	-0.648383564536614	-3.9688709475621717	0.007376481558083901	0.9994495031292484
PF3D7_1315000	0.20046183238550092	0.1742978823018134	0.8673637542564768	0.9994495031292484
PF3D7_1315100	0.4217513812226232	0.3168615466520791	0.7620838386545413	0.9994495031292484
PF3D7_1315200	-0.06476454512071528	-0.1637891861523893	0.8752750954963533	0.9994495031292484
PF3D7_1315300	-0.0009842947602107164	-0.001407712859513366	0.99892244472453	0.999657757528891
PF3D7_1315400	-0.19045723203118506	-0.9189945939156493	0.39354314684011327	0.9994495031292484
PF3D7_1315500	-0.3369855253494285	-0.44831737284197887	0.6696590368273971	0.9994495031292484
PF3D7_1315600	-0.888687978671856	-1.2346497999762298	0.2631172190597057	0.9994495031292484
PF3D7_1315700	0.4247974396193694	0.7807223054567466	0.464643960004429	0.9994495031292484
PF3D7_1315800	0.42929222437016595	1.1119063241196867	0.30873518963455676	0.9994495031292484
PF3D7_1315900	0.6192582912118043	1.6833689814933124	0.14329094094483327	0.9994495031292484
PF3D7_1316000	1.130629153864554	1.1304144652321546	0.30145452370536574	0.9994495031292484
PF3D7_1316100	0.2446779405754986	0.5926599090742896	0.5750493690859306	0.9994495031292484
PF3D7_1316200	0.5382165911439629	0.8541798072019011	0.4257891346130333	0.9994495031292484
PF3D7_1316300	-1.1419051758224785	-2.1982063041962716	0.07027562854258511	0.9994495031292484
PF3D7_1316400	1.0030947964594235	0.8418999855052374	0.43211386330651946	0.9994495031292484
PF3D7_1316500	-0.17995205735164638	-0.2672912384013032	0.7981951134728866	0.9994495031292484
PF3D7_1316600	-0.40233753638596675	-1.1492851712506686	0.29418055425276746	0.9994495031292484
PF3D7_1316700	0.6493852710011591	0.9902985441667297	0.36026831477072313	0.9994495031292484
PF3D7_1316800	-0.3284907217971206	-2.295914710175697	0.0614436404006322	0.9994495031292484
PF3D7_1316900	0.012911378572486396	0.06958560011244634	0.9467847170988442	0.9994495031292484
PF3D7_1317000	-0.16520681925247196	-0.7478265828624978	0.4828346524601459	0.9994495031292484
PF3D7_1317100	0.4134144819340158	0.5880619106176178	0.5779378431418813	0.9994495031292484
PF3D7_1317200	0.29483829113398524	0.501648997994097	0.633786309649576	0.9994495031292484
PF3D7_1317300	-0.5004029068712053	-1.3614506030157807	0.22227643838816724	0.9994495031292484
PF3D7_1317400	0.21792898846673464	0.568624636594427	0.590243301564092	0.9994495031292484
PF3D7_1317500	0.379225628435935	0.3734081645053965	0.7216824631494841	0.9994495031292484
PF3D7_1317600	0.4311139505838443	0.9921354889101811	0.35944130546878006	0.9994495031292484
PF3D7_1317700	0.2379054485419166	0.2516836186793636	0.8096844388461002	0.9994495031292484
PF3D7_1317800	-0.35878285031206386	-0.7931977908516558	0.4578727174060063	0.9994495031292484
PF3D7_1317900	-0.22349032455032453	-0.45290574672615846	0.666532994586574	0.9994495031292484
PF3D7_1318000	-0.3640412810350938	-0.45663118907990513	0.6640002463253198	0.9994495031292484
PF3D7_1318100	-0.5776480308471746	-0.8224399677325117	0.44227721310540247	0.9994495031292484
PF3D7_1318200	-0.9582528041940501	-1.6932925964566305	0.14134223188016845	0.9994495031292484
PF3D7_1318300	-0.27730705205294925	-0.41706707254205194	0.6911402886444105	0.9994495031292484
PF3D7_1318400	0.22377482679828925	0.3603815048531289	0.7309088247838547	0.9994495031292484
PF3D7_1318500	-0.005993061752792556	-0.006932398916471446	0.9946935370748011	0.9994721830400533
PF3D7_1318600	-0.9959864771868738	-2.188617666513124	0.07121033822288586	0.9994495031292484
PF3D7_1318700	0.41090345572997494	0.4101366909404328	0.6959481356052197	0.9994495031292484
PF3D7_1318800	0.09595913481016469	0.24339366154523823	0.8158083932478766	0.9994495031292484
PF3D7_1318900	-0.20433415117604628	-0.20025050010877202	0.8478996555999756	0.9994495031292484
PF3D7_1319000	-0.2178757391454439	-0.42472082574762604	0.6858489001593725	0.9994495031292484
PF3D7_1319100	-0.12198637859636952	-0.23764730463871597	0.8200617534072007	0.9994495031292484
PF3D7_1319200	-0.43749750604820375	-0.7404104054724066	0.4870026654753622	0.9994495031292484
PF3D7_1319300	-0.07227284361671778	-0.16327171595925893	0.8756650834605164	0.9994495031292484
PF3D7_1319400	0.04837562693414897	0.07951504256728929	0.9392086971818069	0.9994495031292484
PF3D7_1319500	0.49050922865978885	0.5801300715976073	0.5829409044907828	0.9994495031292484
PF3D7_1319600	0.8729899678326188	1.4303566992481294	0.20256143759498033	0.9994495031292484
PF3D7_1319700	-0.10553634636857272	-0.23057257896763472	0.8253075625279135	0.9994495031292484
PF3D7_1319800	0.36730964033569485	0.7227563238981822	0.49702316024865467	0.9994495031292484
PF3D7_1319900	0.266428789661851	0.7016935996998318	0.5091590717831658	0.9994495031292484
PF3D7_1320000	0.311872253638066	0.9581573495944882	0.37498354267952194	0.9994495031292484
PF3D7_1320100	-0.42422215873804464	-1.1567283363605767	0.2913526239487216	0.9994495031292484
PF3D7_1320200	0.21572760996402218	0.9447254119904148	0.3812709038429678	0.9994495031292484
PF3D7_1320300	0.6287850505400362	1.6274493390966918	0.15476576251984075	0.9994495031292484
PF3D7_1320400	-0.7177792324689098	-2.1055965639963627	0.07985741336666405	0.9994495031292484
PF3D7_1320500	-0.3551764483596325	-0.8421466135791181	0.4319861622385255	0.9994495031292484
PF3D7_1320600	-0.16504251683756457	-0.3289664164375104	0.7533602808362285	0.9994495031292484
PF3D7_1320700	0.3159277792316638	0.652029698535011	0.5385424597291	0.9994495031292484
PF3D7_1320800	-0.26573747918427804	-1.0545816681018132	0.33221975240623663	0.9994495031292484
PF3D7_1320900	-0.7787563939092593	-1.0192957781691026	0.34738920000141515	0.9994495031292484
PF3D7_1321000	0.5163785988356961	0.601541401159352	0.5694945487403299	0.9994495031292484
PF3D7_1321100	0.007335659315677309	0.01735681482691932	0.9867147345046658	0.9994495031292484
PF3D7_1321200	-0.8433179866329822	-1.0063521600467393	0.35309181093439734	0.9994495031292484
PF3D7_1321300	0.03869892986984005	0.08399303490630064	0.935794282439281	0.9994495031292484
PF3D7_1321400	-0.7153139224409147	-0.9519674006207773	0.3778708796580539	0.9994495031292484
PF3D7_1321500	-0.6452720862623401	-2.458176461124986	0.04924116719813408	0.9994495031292484
PF3D7_1321600	-0.48285657829441836	-0.3785777185032737	0.718035099463392	0.9994495031292484
PF3D7_1321700	-0.22498336626026358	-0.35300292485100115	0.7361569286667151	0.9994495031292484
PF3D7_1321800	0.04735342904701893	0.09477381140249748	0.9275803600817628	0.9994495031292484
PF3D7_1321900	-0.4033121398011836	-0.8291450864403023	0.4387559056289135	0.9994495031292484
PF3D7_1322000	0.4007864023243292	1.503582998034853	0.18338305404894537	0.9994495031292484
PF3D7_1322100	-0.595195566557005	-0.9155172458232723	0.39522467835153	0.9994495031292484
PF3D7_1322200	0.22550552473732247	0.35523943356198534	0.7345645201409301	0.9994495031292484
PF3D7_1322300	0.1267711881065003	0.3157431160028509	0.7628918135846656	0.9994495031292484
PF3D7_1322400	0.04087693551869681	0.10376151313132087	0.9207400111827021	0.9994495031292484
PF3D7_1322500	0.028292573630908112	0.13655809773789918	0.895846927425438	0.9994495031292484
PF3D7_1322600	0.4352773033744413	3.25666243333663	0.017321077052513238	0.9994495031292484
PF3D7_1322700	-0.00769766177889182	-0.028266154059616685	0.9783665937932193	0.9994495031292484
PF3D7_1322800	0.03217994067650213	0.032988992768415736	0.9747534049071993	0.9994495031292484
PF3D7_1322900	-0.6745217590576223	-0.8813776444538552	0.4120252242847363	0.9994495031292484
PF3D7_1323000	-0.9071402793291382	-1.081265783488359	0.32111084209826163	0.9994495031292484
PF3D7_1323100	-0.3732470585796059	-0.4185545224431771	0.6901104365885578	0.9994495031292484
PF3D7_1323200	-0.31605629479020997	-0.5207259572773834	0.6212077557161995	0.9994495031292484
PF3D7_1323300	-0.008861667581847182	-0.04580770040284858	0.9649500835192171	0.9994495031292484
PF3D7_1323400	-0.14230456447448517	-0.2668883546387309	0.7984910098211189	0.9994495031292484
PF3D7_1323500	0.08937883237230285	0.2907777770975811	0.7810106339202083	0.9994495031292484
PF3D7_1323600	-0.15856400302282286	-0.3868070051245317	0.7122457465008549	0.9994495031292484
PF3D7_1323700	0.1362719499411837	0.24488634669729575	0.8147046495031016	0.9994495031292484
PF3D7_1323800	0.09241907194304141	0.16536789390014983	0.8740855506229721	0.9994495031292484
PF3D7_1323900	0.18031977337720845	0.4231555597172261	0.6869294665876586	0.9994495031292484
PF3D7_1324000	-0.19708651955050818	-0.2818047632059924	0.7875605955942375	0.9994495031292484
PF3D7_1324100	0.4188561152643841	1.7431323792551976	0.13193770583614484	0.9994495031292484
PF3D7_1324200	-0.210866494508546	-0.5388360596127559	0.6093949907210781	0.9994495031292484
PF3D7_1324300	0.17444822260151405	0.32192702214074537	0.7584285732883539	0.9994495031292484
PF3D7_1324400	-0.10983872060766395	-0.1489095049621658	0.8865039248275481	0.9994495031292484
PF3D7_1324500	0.2507423610256121	0.31758392931702395	0.7615621506362973	0.9994495031292484
PF3D7_1324600	-0.16016275263892452	-0.31490127588251426	0.7635001905000323	0.9994495031292484
PF3D7_1324700	-0.3322652537573596	-0.7893611084684372	0.4599476431726225	0.9994495031292484
PF3D7_1324800	0.021921018457443254	0.06946501720219903	0.9468767593689471	0.9994495031292484
PF3D7_1324900	0.08377859325338619	0.19786496205344428	0.8496841147360306	0.9994495031292484
PF3D7_1325000	-0.7895564473566041	-0.9912089175702589	0.359858267663885	0.9994495031292484
PF3D7_1325100	0.038964236515726544	0.06973195431453343	0.9466730045260523	0.9994495031292484
PF3D7_1325200	-1.624936031035297	-3.7528036090853716	0.009478433367552991	0.9994495031292484
PF3D7_1325300	1.2004375758515506	1.0408962339091312	0.3380379838080284	0.9994495031292484
PF3D7_1325400	0.7595214888555076	1.2051472274905997	0.2735167837671996	0.9994495031292484
PF3D7_1325500	-0.13899043047850546	-0.3847534450002211	0.713688491478642	0.9994495031292484
PF3D7_1325600	-0.22589035579361533	-0.3040851792541597	0.7713330346868044	0.9994495031292484
PF3D7_1325700	-0.42938166536411687	-0.4956643045085079	0.6377604455472249	0.9994495031292484
PF3D7_1325800	0.7699795892589596	1.0551122964418869	0.3319958162157074	0.9994495031292484
PF3D7_1325900	0.09077957560091558	0.1839372612700217	0.8601216193034726	0.9994495031292484
PF3D7_1326000	-0.21869551459468864	-0.26693790557808406	0.7984546153547973	0.9994495031292484
PF3D7_1326100	-0.2809858710405019	-1.447416789007556	0.19793432005185171	0.9994495031292484
PF3D7_1326200	-0.23469226897782342	-0.5720363663620348	0.5880723450243195	0.9994495031292484
PF3D7_1326300	0.14586206980288294	0.18720210856087977	0.8576720526760344	0.9994495031292484
PF3D7_1326400	-0.17975533192303755	-0.364610210614319	0.7279082627200518	0.9994495031292484
PF3D7_1326500	0.29420761642030097	0.5158550907440135	0.6244063409332185	0.9994495031292484
PF3D7_1326600	0.04064752592601229	0.07828485037173408	0.9401469552711099	0.9994495031292484
PF3D7_1326700	-0.29576019219491606	-1.3044482336640566	0.2398803639130859	0.9994495031292484
PF3D7_1326800	-0.08724820558543801	-0.1457952513760085	0.888857828486609	0.9994495031292484
PF3D7_1326900	0.3937697483919476	0.9974754681016985	0.35704576589680764	0.9994495031292484
PF3D7_1327000	-0.1732705637717445	-0.32807495924021396	0.7540013831740702	0.9994495031292484
PF3D7_1327100	0.6563393009552559	0.8299345117650488	0.4383426696007773	0.9994495031292484
PF3D7_1327200	0.4798789384618887	1.081595146487144	0.32097565958442187	0.9994495031292484
PF3D7_1327300	-0.35380797707954836	-0.3118382255332785	0.7657153398867274	0.9994495031292484
PF3D7_1327400	0.09986626247699709	0.23130199445405572	0.8247662485312516	0.9994495031292484
PF3D7_1327500	0.44765410751697293	0.653665731438718	0.5375575310002474	0.9994495031292484
PF3D7_1327600	-0.3005502387827033	-0.43144199328546323	0.6812182781003436	0.9994495031292484
PF3D7_1327700	-0.3933582095564612	-0.667032266274825	0.52955362458377	0.9994495031292484
PF3D7_1327800	-0.08183847058913098	-0.5924595680630725	0.5751750435621187	0.9994495031292484
PF3D7_1328000	0.07988087628777586	0.20083499663052687	0.847462583631623	0.9994495031292484
PF3D7_1328100	0.1089851326013642	0.5292201524373058	0.6156514800484612	0.9994495031292484
PF3D7_1328200	0.07593856358956498	0.12195295308601842	0.9069182751126459	0.9994495031292484
PF3D7_1328300	0.4383143959291215	1.0948991481479458	0.3155544392962224	0.9994495031292484
PF3D7_1328400	-0.20200408243432302	-0.7785428204779894	0.4658341151496752	0.9994495031292484
PF3D7_1328500	0.17223563780477516	0.25020296136250897	0.8107771614720014	0.9994495031292484
PF3D7_1328600	0.8905046644362729	0.738804136644909	0.4879086497449273	0.9994495031292484
PF3D7_1328700	-0.14846325145426764	-0.1844475430296488	0.8597386491562844	0.9994495031292484
PF3D7_1328800	0.14078498116035465	0.3852273084290686	0.7133554595209598	0.9994495031292484
PF3D7_1328900	0.20663870473545298	0.749651943560302	0.4818125396860684	0.9994495031292484
PF3D7_1329000	-0.25221642121847826	-0.6645778632052642	0.5310175619044215	0.9994495031292484
PF3D7_1329100	-0.058521296348396194	-0.11872052544455475	0.9093717978490106	0.9994495031292484
PF3D7_1329200	-0.10716725908540392	-0.2021232118401458	0.84649949847017	0.9994495031292484
PF3D7_1329300	0.13291737944060236	0.35444687119155993	0.73512866470879	0.9994495031292484
PF3D7_1329400	-0.06590425893211878	-0.11220527378789355	0.9143203971009556	0.9994495031292484
PF3D7_1329500	-0.2966692146090883	-0.6095258633258069	0.564528549416887	0.9994495031292484
PF3D7_1329600	-0.6570907036456318	-1.8135646041334146	0.11968257300993956	0.9994495031292484
PF3D7_1329700	-0.8880928892284748	-1.3547239577813779	0.224291531404825	0.9994495031292484
PF3D7_1329800	-0.9067439410318267	-1.6386007772585622	0.1524091481464128	0.9994495031292484
PF3D7_1329900	-0.3575709433732083	-0.42103387733593073	0.6883954441492813	0.9994495031292484
PF3D7_1330000	-0.4915582767015439	-1.9817473631341902	0.094794072872481	0.9994495031292484
PF3D7_1330100	-0.03659984330129531	-0.0958169307764459	0.926786103621184	0.9994495031292484
PF3D7_1330200	-0.4970258889162429	-1.0281216792310377	0.3435433855634699	0.9994495031292484
PF3D7_1330300	-0.5469715030091871	-1.906880405361095	0.1051618036188849	0.9994495031292484
PF3D7_1330400	0.4361102356606491	0.6123354811170044	0.5627873756199616	0.9994495031292484
PF3D7_1330500	-0.354327026780672	-0.5959875218117776	0.5729643554568087	0.9994495031292484
PF3D7_1330600	0.4607504339028457	1.5012399889731283	0.18396960653920544	0.9994495031292484
PF3D7_1330700	0.5583726157588761	1.1889624844679865	0.279371446076427	0.9994495031292484
PF3D7_1330800	0.2507960942821662	0.5377902000579166	0.6100737316485418	0.9994495031292484
PF3D7_1331000	0.3825457972640246	1.2199089288171272	0.2682695968919838	0.9994495031292484
PF3D7_1331100	-0.3026609840678959	-0.5884353957040914	0.5777028964620972	0.9994495031292484
PF3D7_1331200	-0.04726544910173882	-0.12690784752912332	0.9031595360195612	0.9994495031292484
PF3D7_1331300	-0.289901045718756	-0.38980110792064226	0.7101445537257152	0.9994495031292484
PF3D7_1331400	-0.26089275655042543	-0.5730673601153266	0.5874172222681249	0.9994495031292484
PF3D7_1331500	-0.038597440942573925	-0.08298024165448446	0.9365663968808913	0.9994495031292484
PF3D7_1331600	0.0015141074841110388	0.0017427358314666586	0.9986659965554373	0.999657757528891
PF3D7_1331700	-0.430275282309085	-0.8000518450435603	0.4541825311775196	0.9994495031292484
PF3D7_1331800	-0.3828549187677714	-0.7329101931082909	0.49124286335491074	0.9994495031292484
PF3D7_1332000	-0.5256111319982618	-1.539035362117194	0.17471893912642822	0.9994495031292484
PF3D7_1332100	0.3063779363099374	0.4094785532715348	0.6964055193334373	0.9994495031292484
PF3D7_1332200	-0.7755371972744518	-1.0177084201508835	0.3480845423015162	0.9994495031292484
PF3D7_1332300	-0.30926247431329634	-0.3564146208938503	0.7337283578762477	0.9994495031292484
PF3D7_1332400	0.16298001912524748	0.29199306165094396	0.780125019762171	0.9994495031292484
PF3D7_1332500	0.050607048582353535	0.11815014160620163	0.9098048532293375	0.9994495031292484
PF3D7_1332600	0.3731583604191756	0.6616519235795746	0.532766142084474	0.9994495031292484
PF3D7_1332700	-0.3299773511057949	-1.0971140389349292	0.31465931385613194	0.9994495031292484
PF3D7_1332800	-0.2936749435772711	-1.0117472478635492	0.35070582620397156	0.9994495031292484
PF3D7_1332900	0.5913131525367059	0.8378764314413786	0.4342011190588317	0.9994495031292484
PF3D7_1333000	-0.0571500503914419	-0.11777710044418162	0.9100880975242651	0.9994495031292484
PF3D7_1333100	-0.15428851337275198	-0.20991568003984623	0.8406800122147803	0.9994495031292484
PF3D7_1333200	-0.13965641301280576	-0.3335917432632654	0.7500373899976032	0.9994495031292484
PF3D7_1333300	-0.1519230460710613	-0.3086988722674279	0.7679881921860385	0.9994495031292484
PF3D7_1333400	0.09062465983068886	0.15213140055605925	0.884069995467353	0.9994495031292484
PF3D7_1333500	-0.15483226166001934	-0.45096875297237365	0.6678517715240988	0.9994495031292484
PF3D7_1333600	0.22421660919730454	0.5158923645115382	0.6243818299092126	0.9994495031292484
PF3D7_1333700	-0.16003157354384806	-0.48208381305300463	0.6468274980723054	0.9994495031292484
PF3D7_1333800	0.2470028705365871	0.5618882390382568	0.5945435065058148	0.9994495031292484
PF3D7_1333900	-0.2603358032060101	-1.0917822236093733	0.31681769246863944	0.9994495031292484
PF3D7_1334000	0.24916243215297054	0.8055016666777809	0.4512635554134362	0.9994495031292484
PF3D7_1334100	0.07421019885677464	0.20193749372540662	0.8466383256803132	0.9994495031292484
PF3D7_1334200	0.5136007352722636	1.5205296325138953	0.17919241660076543	0.9994495031292484
PF3D7_1334300	-0.4014012759040521	-1.2403737946898254	0.261139873599482	0.9994495031292484
PF3D7_1334400	1.5010491293837747	2.5849898486414498	0.041490257168624534	0.9994495031292484
PF3D7_1334500	0.797480415737045	1.6934531003764048	0.14131092538227458	0.9994495031292484
PF3D7_1334600	-0.22230249096236812	-1.252274133723101	0.2570704481704728	0.9994495031292484
PF3D7_1334700	0.21832366113022697	0.3639127639967513	0.7284027878086659	0.9994495031292484
PF3D7_1334800	0.3809847179554205	0.7863436879164296	0.4615841753152806	0.9994495031292484
PF3D7_1334900	-0.14918940290229424	-0.17272813317481975	0.868544476429176	0.9994495031292484
PF3D7_1335000	0.7472669659400424	1.205214006804529	0.2734928479575198	0.9994495031292484
PF3D7_1335100	0.31042857263287627	0.7240393986243865	0.4962902172628555	0.9994495031292484
PF3D7_1335200	0.3082473020573563	0.3453760390063544	0.7415980850184836	0.9994495031292484
PF3D7_1335300	-0.4139891450647526	-0.32701728441207734	0.7547623016925645	0.9994495031292484
PF3D7_1335400	-0.4751059967482197	-0.3882615839203647	0.7112246091805345	0.9994495031292484
PF3D7_1335500	0.423376723104705	0.4961998511144318	0.6374042751147571	0.9994495031292484
PF3D7_1335600	0.3427634672108817	0.3707963352443811	0.7235282930104743	0.9994495031292484
PF3D7_1335700	0.5110024739807378	1.2208596754570848	0.267934656243237	0.9994495031292484
PF3D7_1335800	-0.07926971575776207	-0.3561292450812214	0.733931370032934	0.9994495031292484
PF3D7_1335900	0.6073192562047796	1.0617354040291167	0.32921109674878746	0.9994495031292484
PF3D7_1336000	-0.14438589345960706	-0.32864184462551493	0.7535936757090267	0.9994495031292484
PF3D7_1336100	-0.496020172607422	-0.7941105021658484	0.45738009174018923	0.9994495031292484
PF3D7_1336200	-0.24751076610274378	-1.0795641030193643	0.32181002254406876	0.9994495031292484
PF3D7_1336300	0.4868678976233999	0.5863967801208524	0.5789860121496193	0.9994495031292484
PF3D7_1336400	0.24182698049074267	0.38139768523826684	0.7160488993162462	0.9994495031292484
PF3D7_1336600	-0.6930363348239983	-1.4107675125303034	0.20799705077560493	0.9994495031292484
PF3D7_1336700	-0.33403985525603824	-0.9713924261752501	0.36886789537460946	0.9994495031292484
PF3D7_1336800	0.52216725752367	2.3053899498644346	0.060650745423784756	0.9994495031292484
PF3D7_1336900	-0.25810891955386994	-0.8749799435285532	0.41523259885030284	0.9994495031292484
PF3D7_1337000	-0.502999630341456	-0.7390479046805585	0.4877710831243254	0.9994495031292484
PF3D7_1337100	-0.6491408986831592	-1.3007895363228008	0.24105173059593057	0.9994495031292484
PF3D7_1337200	0.23585051330643605	0.4308245534803226	0.6816430398795689	0.9994495031292484
PF3D7_1337300	-0.37479830362382	-0.8410566724096222	0.43255072980433706	0.9994495031292484
PF3D7_1337400	-0.6397501754916057	-1.708724051993196	0.13836285082420374	0.9994495031292484
PF3D7_1337500	0.2210928203746665	0.3634358273838917	0.7287410426113913	0.9994495031292484
PF3D7_1337700	-0.043063797407971276	-0.08816824586126189	0.9326120810698995	0.9994495031292484
PF3D7_1337800	-0.10049107426190719	-0.13886452228810525	0.8941008320820976	0.9994495031292484
PF3D7_1337900	-0.3402105279141956	-0.6835516858088013	0.5197683955201623	0.9994495031292484
PF3D7_1338000	-0.08613001817238652	-0.6081951856132968	0.5653543405046662	0.9994495031292484
PF3D7_1338100	0.23013944986682713	0.572004042356839	0.5880928915319203	0.9994495031292484
PF3D7_1338200	0.09078702987733826	0.1784893878252296	0.8642128649044875	0.9994495031292484
PF3D7_1338300	0.5345127720532648	1.2289423570418079	0.26510183327425013	0.9994495031292484
PF3D7_1338400	-0.3505681600662979	-0.6490726638492474	0.5403255664200994	0.9994495031292484
PF3D7_1338500	0.11120783227074016	0.2770272432116094	0.7910558303377573	0.9994495031292484
PF3D7_1338600	-0.4573780681776479	-0.9528794823698131	0.37744434787600156	0.9994495031292484
PF3D7_1338700	0.19502100590429466	0.5257561437816011	0.6179140407608411	0.9994495031292484
PF3D7_1338800	-0.33489229377518026	-0.46634655352676724	0.6574181397925168	0.9994495031292484
PF3D7_1338900	0.020784627413658403	0.06647643843660622	0.9491582578705247	0.9994495031292484
PF3D7_1339000	0.8136290474657972	1.0765271554250615	0.3230609541945922	0.9994495031292484
PF3D7_1339300	-0.5316539276801892	-1.2038139510747639	0.2739950508383955	0.9994495031292484
PF3D7_1339400	-0.41871308487086345	-0.5314668235667284	0.6141865066115779	0.9994495031292484
PF3D7_1339500	-0.5776458884793628	-0.7148145795815272	0.501576023402232	0.9994495031292484
PF3D7_1339600	0.15901847443925116	0.5103517465125181	0.6280310746725972	0.9994495031292484
PF3D7_1339700	0.24056239439246713	0.3688074571451698	0.724935240086667	0.9994495031292484
PF3D7_1339800	1.0410598561013413	1.2513982635229493	0.25736805497734444	0.9994495031292484
PF3D7_1339900	-0.29477527111775714	-0.7106086739288044	0.5039984904819199	0.9994495031292484
PF3D7_1340000	0.5533303834575755	0.9069146861236129	0.3994081842481243	0.9994495031292484
PF3D7_1340100	0.04562107071754019	0.10603866874937151	0.9190080703164816	0.9994495031292484
PF3D7_1340200	0.7452705432794267	0.7403799811911189	0.4870198149985131	0.9994495031292484
PF3D7_1340300	0.39753845039806884	0.5826245291110783	0.5813647515665622	0.9994495031292484
PF3D7_1340400	-0.031315942698112643	-0.05266663526728907	0.9597072352125553	0.9994495031292484
PF3D7_1340500	-0.02505294893738451	-0.0316098600590206	0.9758084411833754	0.9994495031292484
PF3D7_1340600	-0.10839112804395257	-0.24317145954659183	0.815972736882164	0.9994495031292484
PF3D7_1340700	-0.10012765605334002	-0.13441834046477258	0.8974674183966859	0.9994495031292484
PF3D7_1340800	-0.05745069503156151	-0.14965723690390234	0.8859389406993545	0.9994495031292484
PF3D7_1340900	-0.3404648590740721	-0.8355846716400591	0.4353932817630907	0.9994495031292484
PF3D7_1341100	-0.5193276917510157	-0.5886466170474011	0.5775700495557896	0.9994495031292484
PF3D7_1341200	0.21130132962849438	0.3491407619337593	0.7389101937925057	0.9994495031292484
PF3D7_1341300	-0.5564206970454645	-0.8076900375787123	0.45009523016764286	0.9994495031292484
PF3D7_1341500	0.0061553483271311	0.015977313591633246	0.9877705239763376	0.9994495031292484
PF3D7_1341600	0.39920296545588124	0.7404835707181068	0.4869614254662825	0.9994495031292484
PF3D7_1341700	0.17542547058851	0.21786016459019356	0.8347583400306513	0.9994495031292484
PF3D7_1341800	-0.1013338232687417	-0.26387840121563094	0.8007028154107787	0.9994495031292484
PF3D7_1341900	-0.725541044989534	-1.1360386153351878	0.2992709129014661	0.9994495031292484
PF3D7_1342000	0.2894254666589147	0.48714262819949694	0.6434420787955586	0.9994495031292484
PF3D7_1342100	-0.10263619123017795	-0.2018099883827362	0.8467336414216283	0.9994495031292484
PF3D7_1342200	0.6245798550000283	0.8420740581969356	0.43202372767527697	0.9994495031292484
PF3D7_1342300	-0.10488365876598149	-0.13492837147452857	0.897081109796495	0.9994495031292484
PF3D7_1342400	-0.01983845269745509	-0.08142283823482284	0.9377538483028784	0.9994495031292484
PF3D7_1342500	-0.59273432789892	-0.774389142840793	0.46810825079749674	0.9994495031292484
PF3D7_1342600	-0.5521406204992259	-0.5917359890195236	0.5756290836315165	0.9994495031292484
PF3D7_1342700	-0.6559852673631292	-0.6718381376143093	0.526694681121112	0.9994495031292484
PF3D7_1342800	-0.23720986352840556	-0.861736742506405	0.42193104257393427	0.9994495031292484
PF3D7_1342900	0.3266498045968288	0.9622645671937228	0.373077243337644	0.9994495031292484
PF3D7_1343000	0.8788269271098771	1.9699252614322857	0.09636020332356904	0.9994495031292484
PF3D7_1343100	0.3046869718830343	0.6302607082240036	0.5517564263063504	0.9994495031292484
PF3D7_1343200	0.0024603304153200923	0.023754262274294335	0.981818925451362	0.9994495031292484
PF3D7_1343300	-0.008857796309966052	-0.012868833241513099	0.9901496687463822	0.9994495031292484
PF3D7_1343400	-0.013501372910730315	-0.0216933564213617	0.9833960024539941	0.9994495031292484
PF3D7_1343500	-0.3976219814444722	-0.7731976496922113	0.46876202724698435	0.9994495031292484
PF3D7_1343600	-0.06878911496954888	-0.1992016463173773	0.8486841109419064	0.9994495031292484
PF3D7_1343700	-0.278098180582847	-0.9319504293745402	0.3873264127613787	0.9994495031292484
PF3D7_1343800	0.7326654579560763	0.9069671261634509	0.3993825803366776	0.9994495031292484
PF3D7_1343900	0.472343795102639	1.4131993840793042	0.20731505947587597	0.9994495031292484
PF3D7_1344000	-0.12567716429811407	-0.2686766165082619	0.7971779087834483	0.9994495031292484
PF3D7_1344100	-0.0967605985306572	-0.2364296995260641	0.8209638726079647	0.9994495031292484
PF3D7_1344200	0.7713863233061934	1.0259050205886078	0.34450603196101826	0.9994495031292484
PF3D7_1344300	-0.11666246920209247	-0.15816335946137577	0.8795169976027357	0.9994495031292484
PF3D7_1344400	-0.03536006280660082	-0.10641992051317804	0.9187181481966461	0.9994495031292484
PF3D7_1344500	0.34688033634745363	0.46837840785215107	0.6560457879367592	0.9994495031292484
PF3D7_1344600	-0.5608532023702436	-0.994350422853586	0.3584461289147366	0.9994495031292484
PF3D7_1344700	0.17758293602241937	0.2941019798599123	0.7785890466290166	0.9994495031292484
PF3D7_1344800	0.49290453366053943	1.712971934006089	0.13755345967520546	0.9994495031292484
PF3D7_1344900	-0.13661454669937148	-0.29014840810617987	0.7814694155272962	0.9994495031292484
PF3D7_1345000	-0.9605691934348587	-7.165342808861495	0.0003729979639952597	0.5070907320515556
PF3D7_1345100	-0.4724937090950252	-0.6706095275263302	0.527424613278572	0.9994495031292484
PF3D7_1345200	-0.028093425636937515	-0.10476556557158742	0.9199762976247601	0.9994495031292484
PF3D7_1345300	-0.4129029011514952	-0.6493814635179138	0.5401391839157554	0.9994495031292484
PF3D7_1345400	0.5198915987993572	0.8646495918794123	0.4204508673708458	0.9994495031292484
PF3D7_1345500	0.09983283239961369	0.15268433464859324	0.8836524288371466	0.9994495031292484
PF3D7_1345600	0.25780143896588337	0.9535255173588567	0.37714245908064487	0.9994495031292484
PF3D7_1345700	0.09233957113095766	0.22618701379345457	0.8285643880184899	0.9994495031292484
PF3D7_1345800	-0.19258852272060328	-0.36730895909601374	0.7259960669783965	0.9994495031292484
PF3D7_1345900	-0.08682641320537583	-0.13921458989158636	0.8938358674543004	0.9994495031292484
PF3D7_1346000	0.545778099383178	0.5086443288852437	0.629157972557052	0.9994495031292484
PF3D7_1346100	-0.05513088855418954	-0.1005952550620843	0.9231489683979364	0.9994495031292484
PF3D7_1346200	1.6359722190228898	1.6845394129223623	0.1430597571596274	0.9994495031292484
PF3D7_1346300	-0.02012743428773509	-0.054234764968846126	0.9585088844239202	0.9994495031292484
PF3D7_1346400	-0.003458619071575709	-0.007654551458669917	0.9941407713524708	0.9994495031292484
PF3D7_1346500	0.24285660816986568	0.5338906502677616	0.6126082006823619	0.9994495031292484
PF3D7_1346600	0.009562606529821181	0.008633643677764353	0.9933913390248741	0.9994495031292484
PF3D7_1346700	0.6091059625988886	1.05310889317757	0.33284194052641464	0.9994495031292484
PF3D7_1346800	-0.43396324748249493	-0.49318996711288376	0.6394074022936942	0.9994495031292484
PF3D7_1346900	0.22212772878802542	0.3351409434040616	0.7489257342232569	0.9994495031292484
PF3D7_1347000	0.004543043378507532	0.015526603850929702	0.9881154768193137	0.9994495031292484
PF3D7_1347100	0.007266058299697246	0.014542569728557848	0.9888686216879554	0.9994495031292484
PF3D7_1347200	-0.1709602341634533	-0.21858311808079167	0.8342200461178172	0.9994495031292484
PF3D7_1347300	-0.14023437946105247	-0.1425877407302203	0.8912835192885153	0.9994495031292484
PF3D7_1347400	-0.6409023141052659	-0.62104983576085	0.5574078576463017	0.9994495031292484
PF3D7_1347500	-0.026726204086119282	-0.07025230890743298	0.9462758271882895	0.9994495031292484
PF3D7_1347600	-0.22698418004157297	-0.6206459656933966	0.5576564718317027	0.9994495031292484
PF3D7_1347700	-0.07982466668331037	-0.46714677101340096	0.6568774830659847	0.9994495031292484
PF3D7_1347800	0.7028267770262698	0.715564283601402	0.5011450384033536	0.9994495031292484
PF3D7_1347900	0.5189850569521439	1.082460942084983	0.3206205298684399	0.9994495031292484
PF3D7_1348000	0.0837859513201067	0.2488622033630382	0.8117670420396319	0.9994495031292484
PF3D7_1348100	-0.15934853058374043	-0.3072984106489384	0.769002926485341	0.9994495031292484
PF3D7_1348200	-0.1556389389860047	-0.23361497762814326	0.8230504366973285	0.9994495031292484
PF3D7_1348300	-0.14040120169160789	-0.5068114838625166	0.6303688713718301	0.9994495031292484
PF3D7_1348400	0.8632786882105385	1.8147685068785506	0.11948314089580145	0.9994495031292484
PF3D7_1348500	-0.059964099973379655	-0.15101455298326294	0.884913544536392	0.9994495031292484
PF3D7_1348600	0.5163143130610383	1.2127394852701399	0.2708070523795487	0.9994495031292484
PF3D7_1348700	-0.6216915764695577	-1.2073383944336764	0.27273234444341304	0.9994495031292484
PF3D7_1348800	-0.6542643056675803	-0.7827813093639154	0.4635215645827919	0.9994495031292484
PF3D7_1348900	-0.49958530231538895	-0.7392495241515868	0.48765732239931237	0.9994495031292484
PF3D7_1349000	-0.0774893593508531	-0.12046867174979133	0.908044757260994	0.9994495031292484
PF3D7_1349100	-0.1472848946773804	-0.18632430867719363	0.8583304835183703	0.9994495031292484
PF3D7_1349200	0.5861461931507924	1.0381502621251644	0.33921532974328206	0.9994495031292484
PF3D7_1349300	0.04499040838984138	0.07577498868926304	0.9420615322613011	0.9994495031292484
PF3D7_1349400	-0.6254100304766681	-1.454925072050924	0.19592895684841216	0.9994495031292484
PF3D7_1349500	0.112434839902309	0.22892024902810248	0.826534178947656	0.9994495031292484
PF3D7_1349600	0.3928732731078122	1.3320624305331745	0.23120196713378297	0.9994495031292484
PF3D7_1349700	-0.7466035640074171	-0.9281501570568622	0.3891420509559371	0.9994495031292484
PF3D7_1349800	0.730535308095181	1.1546068273169372	0.2921563016819802	0.9994495031292484
PF3D7_1349900	0.02964882655181217	0.03470999674841934	0.9734369159680014	0.9994495031292484
PF3D7_1350000	0.7302557854637702	0.5995076260784518	0.5707636828368197	0.9994495031292484
PF3D7_1350100	0.5815529567463821	1.075307419313603	0.3235644957934105	0.9994495031292484
PF3D7_1350200	-0.7322444270547187	-0.9591139192373148	0.37453888698697185	0.9994495031292484
PF3D7_1350300	-0.032689231097609114	-0.07095380989771294	0.9457404108620364	0.9994495031292484
PF3D7_1350400	-0.3208273877984132	-0.822092219232965	0.44246039623299566	0.9994495031292484
PF3D7_1350500	-0.1300925772481431	-0.3344293249326233	0.7494362866582474	0.9994495031292484
PF3D7_1350600	1.1960134026195244	1.0781315498108783	0.3223995985748465	0.9994495031292484
PF3D7_1350700	-0.5237507467526692	-0.9388509123732832	0.384046322166212	0.9994495031292484
PF3D7_1350800	0.1669163970043088	0.23227144917169343	0.8240469600552496	0.9994495031292484
PF3D7_1350900	0.48449161292278214	1.0965777853680811	0.3148758414722633	0.9994495031292484
PF3D7_1351000	-0.02475719142686139	-0.05692979603721523	0.9564496451590727	0.9994495031292484
PF3D7_1351100	-0.3016624648043151	-0.5128704375309334	0.6263707394007814	0.9994495031292484
PF3D7_1351200	-0.4081893397700395	-0.9221255603429628	0.3920338083043907	0.9994495031292484
PF3D7_1351300	-0.6657684486681421	-0.8052245854786619	0.45141163804738005	0.9994495031292484
PF3D7_1351400	-0.2345555058715571	-0.3881043317096325	0.7113349711223322	0.9994495031292484
PF3D7_1351600	-0.40641716641062825	-0.7710222815647658	0.46995730837016747	0.9994495031292484
PF3D7_1351700	-0.4729360531933762	-0.5535377682694238	0.5998991421818465	0.9994495031292484
PF3D7_1351800	-0.534729656566375	-0.6189554507206673	0.5586978597510499	0.9994495031292484
PF3D7_1351900	-0.2672013028385599	-1.1836471492081997	0.28131757826455617	0.9994495031292484
PF3D7_1352000	0.39511892856214686	0.8258022252840228	0.44050891300502093	0.9994495031292484
PF3D7_1352100	-0.18774456322245697	-0.42072515953054795	0.6886088767472112	0.9994495031292484
PF3D7_1352200	0.06868182313014394	0.12497274291792927	0.9046271678724478	0.9994495031292484
PF3D7_1352300	0.20857624185196574	0.2659881333009938	0.7991523062314818	0.9994495031292484
PF3D7_1352400	0.589672096085312	1.1855986504599203	0.2806017172132316	0.9994495031292484
PF3D7_1352500	0.39830828993866135	0.5947100239891316	0.5737642719386421	0.9994495031292484
PF3D7_1352600	0.41282123246112495	0.5719599412003141	0.588120924773913	0.9994495031292484
PF3D7_1352700	0.2399797275806873	0.4459275830481489	0.6712900734321017	0.9994495031292484
PF3D7_1352800	-0.3115234114957632	-1.0621278832004606	0.32904667890519557	0.9994495031292484
PF3D7_1352900	0.43042332289103513	0.49544817204872305	0.6379042165431357	0.9994495031292484
PF3D7_1353000	-0.1469714962332594	-0.26692337118400156	0.7984652906048062	0.9994495031292484
PF3D7_1353100	-0.6895839614949753	-1.0817569616594354	0.3209092619931829	0.9994495031292484
PF3D7_1353200	-1.1639624824014487	-2.3365812943485484	0.058115061083989436	0.9994495031292484
PF3D7_1353300	0.29743782447278827	0.5368706670198077	0.6106708404604766	0.9994495031292484
PF3D7_1353400	-0.4666263896164082	-1.079751305622993	0.3217330439357421	0.9994495031292484
PF3D7_1353500	0.0525812136217738	0.0874547345322602	0.9331557998161877	0.9994495031292484
PF3D7_1353600	0.3271542175884114	0.42273341610179294	0.6872210283596276	0.9994495031292484
PF3D7_1353700	-0.2776517801664634	-0.6820610706070931	0.5206464931734347	0.9994495031292484
PF3D7_1353800	-0.6705972469893285	-0.8155049118826538	0.4459407566017365	0.9994495031292484
PF3D7_1353900	-0.07611623020878186	-0.13179925572472148	0.8994516530610174	0.9994495031292484
PF3D7_1354000	0.1972638611938905	0.15513260150425617	0.8818040326726512	0.9994495031292484
PF3D7_1354100	0.6489627607643422	0.9607216003654048	0.3737924951529695	0.9994495031292484
PF3D7_1354200	0.22670733699671636	0.6322728552691357	0.5505266060902936	0.9994495031292484
PF3D7_1354300	0.42772782542496274	0.8915369532511292	0.4069703063866103	0.9994495031292484
PF3D7_1354400	-0.5302668730057174	-1.2293752824297204	0.26495083915493367	0.9994495031292484
PF3D7_1354500	0.4804468462071253	3.147498163777288	0.019877735696931863	0.9994495031292484
PF3D7_1354600	0.7817568379926508	1.1097792774320334	0.30958127320782375	0.9994495031292484
PF3D7_1354700	0.4110943067417391	0.3473213187663509	0.7402087159430113	0.9994495031292484
PF3D7_1354800	0.14763689713147618	0.4415923993739573	0.6742538531328737	0.9994495031292484
PF3D7_1354900	0.6613421188468013	2.2208693204808205	0.06811638137132839	0.9994495031292484
PF3D7_1355100	0.26770651677377255	0.5370598024938548	0.6105479964526797	0.9994495031292484
PF3D7_1355200	0.020290188720106926	0.02755477406165382	0.9789108832849581	0.9994495031292484
PF3D7_1355300	0.23421069398333405	0.3237444931282219	0.7571187397625814	0.9994495031292484
PF3D7_1355500	0.35939154654507705	0.6774436558671069	0.5233726732364719	0.9994495031292484
PF3D7_1355600	-0.06882102094247153	-0.08773173376799699	0.9329447127131494	0.9994495031292484
PF3D7_1355700	0.08028735150383158	0.16504031195229918	0.87433235171128	0.9994495031292484
PF3D7_1355800	-0.6735527488842622	-1.4330934948081386	0.201812504924835	0.9994495031292484
PF3D7_1355900	-0.36902671610958704	-1.5572352775270126	0.17042211235406074	0.9994495031292484
PF3D7_1356000	-1.2568630143373518	-1.002530541117861	0.3547897708417432	0.9994495031292484
PF3D7_1356100	0.48376655603852387	0.9781948446404773	0.36575529722016215	0.9994495031292484
PF3D7_1356200	-0.23411920129682748	-0.3812326403510953	0.716165079281323	0.9994495031292484
PF3D7_1356300	-0.7510557997386221	-0.9188493605688631	0.3936132671167508	0.9994495031292484
PF3D7_1356400	0.11679034985299826	0.34958726843970106	0.7385916695706634	0.9994495031292484
PF3D7_1356500	0.3172464258926208	0.4773764215529551	0.6499860824274784	0.9994495031292484
PF3D7_1356600	-0.1616233156030801	-0.5881286500905709	0.5778958554466027	0.9994495031292484
PF3D7_1356700	-0.5336172987408196	-1.3096354647306907	0.23822830925553948	0.9994495031292484
PF3D7_1356800	0.20716091373995252	0.20751175002473335	0.8424741320215223	0.9994495031292484
PF3D7_1356900	-0.9948704927148015	-1.9832954504720648	0.09459089878417906	0.9994495031292484
PF3D7_1357000	0.22462920457331367	0.5383702284057196	0.6096972528822674	0.9994495031292484
PF3D7_1357100	0.29702429434181343	0.5575532582167982	0.5973203253921101	0.9994495031292484
PF3D7_1357200	-0.6914360580391355	-3.923542548679654	0.007770246171550757	0.9994495031292484
PF3D7_1357300	0.8475178904057473	1.000000000000002	0.35591768374958144	0.9994495031292484
PF3D7_1357400	0.4137117886246233	0.9565175919136651	0.37574673407218395	0.9994495031292484
PF3D7_1357500	-0.14345200758794785	-0.272329452701445	0.7944979354931261	0.9994495031292484
PF3D7_1357600	1.0180286463136554	0.9807033792917145	0.3646127051394509	0.9994495031292484
PF3D7_1357700	-0.3976518717223765	-1.2892710342418932	0.24477275287512185	0.9994495031292484
PF3D7_1357800	0.5501856973935556	1.745462436483679	0.13151328215479982	0.9994495031292484
PF3D7_1357900	0.20540701517133247	1.5337337043388406	0.17598968466497694	0.9994495031292484
PF3D7_1358000	0.25148210443552327	0.5076980834512856	0.6297829675690243	0.9994495031292484
PF3D7_1358100	0.11410413417222857	0.3250514584502423	0.7561773684777029	0.9994495031292484
PF3D7_1358200	-0.1072511479111056	-0.6043550932242828	0.5677415394633354	0.9994495031292484
PF3D7_1358300	-0.17502510312077155	-0.18041743899899307	0.8627644014120878	0.9994495031292484
PF3D7_1358400	-0.0023257519528118134	-0.002276349331133585	0.9982575347751469	0.999657757528891
PF3D7_1358500	-0.15553893456377124	-0.3240715879895067	0.7568830993828058	0.9994495031292484
PF3D7_1358600	0.5570921651426565	0.7249439358761479	0.4957739486526386	0.9994495031292484
PF3D7_1358700	0.45820726400998835	0.5878854122691842	0.5780488920187947	0.9994495031292484
PF3D7_1358800	-0.1535974326759365	-0.32050388195690493	0.7594548304513515	0.9994495031292484
PF3D7_1358900	-0.2832073498047671	-0.8906916371719663	0.40738911519575327	0.9994495031292484
PF3D7_1359000	1.0631042387222893	2.2700942485091837	0.06365947508312826	0.9994495031292484
PF3D7_1359100	0.19082501281952532	0.4232129353132553	0.6868898435595074	0.9994495031292484
PF3D7_1359200	-0.6979007624859829	-1.8240833910109666	0.1179511349404236	0.9994495031292484
PF3D7_1359300	0.011643518689167227	0.031491953034405475	0.9758986425586924	0.9994495031292484
PF3D7_1359400	-0.3594834960524447	-0.48415523948547395	0.645440148517168	0.9994495031292484
PF3D7_1359500	2.5006279203185637	3.8292404855830773	0.00866682639801042	0.9994495031292484
PF3D7_1359600	0.017428995596921255	0.03111234415921296	0.9761890540483275	0.9994495031292484
PF3D7_1359700	0.5171825799299372	1.5572833457783177	0.17041089711700255	0.9994495031292484
PF3D7_1359800	-0.03032685790977254	-0.06949673170634423	0.9468525512497226	0.9994495031292484
PF3D7_1359900	-0.21066468329280882	-0.6197651345877503	0.5581989305023334	0.9994495031292484
PF3D7_1360000	-0.7434356213850615	-1.1261687807062346	0.30311180639159496	0.9994495031292484
PF3D7_1360100	-0.7024970084217141	-1.446931146755453	0.1980646792282967	0.9994495031292484
PF3D7_1360200	-0.8505362218317433	-1.1139351437466058	0.3079299798615816	0.9994495031292484
PF3D7_1360300	0.31972011738861633	0.4292746300494042	0.6827098579446129	0.9994495031292484
PF3D7_1360400	0.15415343970187	0.2320008485669522	0.8242477137978719	0.9994495031292484
PF3D7_1360500	0.060884097961690954	0.10014257820190252	0.9234934483614681	0.9994495031292484
PF3D7_1360700	0.1650041021567358	0.34277096837432847	0.7434603660221678	0.9994495031292484
PF3D7_1360800	0.3509988098426935	0.4803869201592101	0.6479651619773825	0.9994495031292484
PF3D7_1360900	-0.033554239251838563	-0.12239272065589325	0.9065845628563056	0.9994495031292484
PF3D7_1361000	0.41604784928600025	2.1111388734284735	0.07924796616761508	0.9994495031292484
PF3D7_1361100	-0.17989471754999567	-0.5484494818876241	0.6031760744423089	0.9994495031292484
PF3D7_1361200	-0.012080829483186001	-0.020846221982045	0.9840442835573519	0.9994495031292484
PF3D7_1361300	0.30395658320196867	0.16947519349627027	0.8709924278733866	0.9994495031292484
PF3D7_1361400	0.5161813721622547	0.7032412822462139	0.5082606708767112	0.9994495031292484
PF3D7_1361500	-0.4337108871825876	-1.0936120608929418	0.3160755731370697	0.9994495031292484
PF3D7_1361600	-0.10106340158936862	-0.11837842880498504	0.9096315255090149	0.9994495031292484
PF3D7_1361700	-0.6981726999651848	-0.9865629180285493	0.36195478619153065	0.9994495031292484
PF3D7_1361800	0.021749561143256532	0.040446018085467744	0.9690498111254751	0.9994495031292484
PF3D7_1361900	0.2591933464340581	0.6278329370097477	0.5532425482835706	0.9994495031292484
PF3D7_1362000	-0.420674254275938	-0.5896872156281471	0.576915834822293	0.9994495031292484
PF3D7_1362100	-0.45527811715902394	-0.6199960643255882	0.5580566813061001	0.9994495031292484
PF3D7_1362200	-0.0673403125640623	-0.16059715684544326	0.8776813546509044	0.9994495031292484
PF3D7_1362300	-0.44301465140750695	-0.539200039857144	0.6091588749619175	0.9994495031292484
PF3D7_1362400	-0.29640268048622914	-0.4892426367588606	0.6420394707545412	0.9994495031292484
PF3D7_1362500	-0.47418744895520915	-2.0886665885911793	0.08174889673921827	0.9994495031292484
PF3D7_1362600	-0.7484707832468627	-3.3198092867405578	0.01600815790111778	0.9994495031292484
PF3D7_1362700	0.12497193844374116	0.1917145352100382	0.8542893093609489	0.9994495031292484
PF3D7_1362800	0.2714760679081119	0.7143040340249065	0.5018696647039593	0.9994495031292484
PF3D7_1362900	0.20764547608493533	0.5981613588241185	0.5716047300200614	0.9994495031292484
PF3D7_1363000	0.7317559194896819	1.6029856977774783	0.16005836937328097	0.9994495031292484
PF3D7_1363100	0.08595593513274706	0.22455025761237796	0.8297808440683625	0.9994495031292484
PF3D7_1363200	0.3542911742478006	1.9613329514609028	0.09751479441637756	0.9994495031292484
PF3D7_1363300	-0.13895592249818728	-0.29687953690412	0.7765677609072016	0.9994495031292484
PF3D7_1363400	0.7821463034824508	2.0080952076064706	0.09139539456507295	0.9994495031292484
PF3D7_1363500	-0.15818966366216292	-0.4542804270273066	0.6655978526125637	0.9994495031292484
PF3D7_1363600	0.056309746919629707	0.06150431496941459	0.9529551654362545	0.9994495031292484
PF3D7_1363700	-0.3360361683400854	-0.9270355896905872	0.3896757937098971	0.9994495031292484
PF3D7_1363800	-0.07782005392593161	-0.204844468512925	0.8444660115289241	0.9994495031292484
PF3D7_1363900	-0.1372144858565147	-0.15146338401558057	0.8845745248880224	0.9994495031292484
PF3D7_1364000	-0.932233897498661	-1.9066065656080617	0.10520173963083623	0.9994495031292484
PF3D7_1364100	1.1203224780133492	1.5270880228029833	0.17759485543025447	0.9994495031292484
PF3D7_1364200	0.3602407115634623	0.9076116006087704	0.39906801695502886	0.9994495031292484
PF3D7_1364300	-0.4519659822928904	-0.7364772762245868	0.48922310974896843	0.9994495031292484
PF3D7_1364400	-0.05463493078685327	-0.14227692389234728	0.8915186445992634	0.9994495031292484
PF3D7_1364500	0.48907214537116755	0.8747202964518948	0.4153631617109414	0.9994495031292484
PF3D7_1364600	-0.2515579416133486	-0.6842678081907138	0.5193468833834317	0.9994495031292484
PF3D7_1364700	1.6274104094904915	6.042933296815425	0.0009290862801713227	0.9994495031292484
PF3D7_1364800	-0.6868461928802836	-1.3844433471480193	0.215511670994405	0.9994495031292484
PF3D7_1364900	0.4125069672447886	0.8361164944075107	0.4351164172412215	0.9994495031292484
PF3D7_1365000	-0.03619995639747879	-0.12308859539652084	0.9060565495332598	0.9994495031292484
PF3D7_1365100	-0.710338495587777	-1.01051772078491	0.35124844653228027	0.9994495031292484
PF3D7_1365200	0.26748188709315374	0.2971006898123251	0.7764069054836147	0.9994495031292484
PF3D7_1365300	0.25783214520117254	0.9149774513334213	0.3954861973699281	0.9994495031292484
PF3D7_1365400	-0.11636833716340561	-0.21669093521638177	0.8356291279048372	0.9994495031292484
PF3D7_1365500	-0.44175501534999284	-1.429041493672351	0.20292225627850277	0.9994495031292484
PF3D7_1365600	-0.34742138943565576	-1.4950368605342614	0.18553097897384585	0.9994495031292484
PF3D7_1365700	0.08564877571445172	0.18839554640169756	0.85677706565279	0.9994495031292484
PF3D7_1365800	-0.512702400983415	-1.243291391261213	0.26013699660478523	0.9994495031292484
PF3D7_1365900	-0.6048599616315131	-0.9851116220806073	0.3626116682755477	0.9994495031292484
PF3D7_1366000	-0.06269560832297556	-0.08466629536318558	0.9352810569738095	0.9994495031292484
PF3D7_1366100	-0.9862779431122105	-1.9058593956701146	0.10531078185547421	0.9994495031292484
PF3D7_1366200	-0.20063302830189614	-0.4744175600660537	0.6519755229000164	0.9994495031292484
PF3D7_1366300	-0.05927387438582376	-0.10932111605654231	0.9165123921902563	0.9994495031292484
PF3D7_1366400	0.4604628936508295	0.9405037698755543	0.38326384858163454	0.9994495031292484
PF3D7_1366500	-0.46719229201263224	-0.6677722640670799	0.5291127604169841	0.9994495031292484
PF3D7_1366600	-0.03802369145470976	-0.09075286695813184	0.9306428520481071	0.9994495031292484
PF3D7_1366700	-0.24641481717540395	-0.38897524661726657	0.7107238464843988	0.9994495031292484
PF3D7_1366800	-0.5842205988899807	-0.8886219812950933	0.4084158909600605	0.9994495031292484
PF3D7_1366900	0.24159550090793697	0.5388792900912746	0.609366944201365	0.9994495031292484
PF3D7_1367000	-0.48904351143162916	-0.7901848175827884	0.4595016100428436	0.9994495031292484
PF3D7_1367100	-0.2402694272734107	-0.5627724818986372	0.5939780134118368	0.9994495031292484
PF3D7_1367200	-0.5263152737553658	-0.6289562486283415	0.552554621970756	0.9994495031292484
PF3D7_1367300	0.3186050593038427	0.5522798630289829	0.6007083021672318	0.9994495031292484
PF3D7_1367400	-0.2532501507616447	-0.5666748086951355	0.5914861156151763	0.9994495031292484
PF3D7_1367500	0.36131861219233563	0.8774778895105863	0.41397808083577226	0.9994495031292484
PF3D7_1367600	-0.4027856797922564	-0.6889655187825318	0.5165873394834171	0.9994495031292484
PF3D7_1367700	0.3485845595442639	0.5283092940068577	0.6162459718463661	0.9994495031292484
PF3D7_1367800	-1.6220374422632622	-1.4171361033581482	0.20621539056277685	0.9994495031292484
PF3D7_1367900	0.6211115524764106	0.46772526765670147	0.6564867708422656	0.9994495031292484
PF3D7_1368000	0.21768616287997125	0.27990238448748206	0.788951732131208	0.9994495031292484
PF3D7_1368100	0.15719828689719412	0.9279844289489474	0.38922137900862075	0.9994495031292484
PF3D7_1368200	-0.18707608805877748	-0.9331880906423116	0.38673651350209826	0.9994495031292484
PF3D7_1368300	-0.1410839961653587	-0.24754988422396143	0.8127362956526243	0.9994495031292484
PF3D7_1368400	0.19352963782836785	0.5812481211262724	0.5822341393072614	0.9994495031292484
PF3D7_1368500	1.0213646067261501	1.56964241346505	0.16755033942932562	0.9994495031292484
PF3D7_1368600	-0.006902355401017002	-0.01878789816092619	0.9856194983113831	0.9994495031292484
PF3D7_1368700	0.10389134100481114	0.26651077668640094	0.7987683537220873	0.9994495031292484
PF3D7_1368800	0.00695877151090027	0.012845043458232166	0.9901678772499727	0.9994495031292484
PF3D7_1368900	0.21926764057497714	0.5321749292360577	0.6137251798225888	0.9994495031292484
PF3D7_1369000	0.6314572124263045	0.9413478932408436	0.38286471178644166	0.9994495031292484
PF3D7_1369100	-0.39645367462581854	-1.1041771994098015	0.3118189000428494	0.9994495031292484
PF3D7_1369200	0.07933541896107878	0.15882693403634054	0.8790164278323687	0.9994495031292484
PF3D7_1369300	0.8316822631672772	0.7085772294143378	0.5051713332086367	0.9994495031292484
PF3D7_1369400	0.7221937517013094	1.0391169822310362	0.33880046582507195	0.9994495031292484
PF3D7_1369500	0.868073405411855	1.822315398299887	0.1182404150182445	0.9994495031292484
PF3D7_1369600	-0.20204756048133168	-0.7278561659747166	0.49411424704240503	0.9994495031292484
PF3D7_1369700	-0.36125731511322506	-0.48950540468752746	0.641864080159392	0.9994495031292484
PF3D7_1369800	0.543257793502466	0.5736596105961037	0.5870410829905615	0.9994495031292484
PF3D7_1370000	0.4034947834043798	0.8420421569111363	0.43204024527452617	0.9994495031292484
PF3D7_1370300	0.006117644548954325	0.009078407943167931	0.9930509028828343	0.9994495031292484
PF3D7_1370500	-0.32420759014121736	-0.9120080106902205	0.3969271940218393	0.9994495031292484
PF3D7_1370800	-0.7774370415006574	-0.6792802625052549	0.5222872073686322	0.9994495031292484
PF3D7_1370900	-0.45481096353376393	-1.0064040253094968	0.35306881176253607	0.9994495031292484
PF3D7_1371000	0.027361910788114032	0.07062040353694733	0.9459948773661427	0.9994495031292484
PF3D7_1371300	0.16021358847831046	0.21145884892686997	0.8395288540947997	0.9994495031292484
PF3D7_1371500	-0.40899052072276715	-0.4055334434187042	0.6991501662869628	0.9994495031292484
PF3D7_1371600	-0.5541035036315222	-0.5546437762579396	0.5991882080454565	0.9994495031292484
PF3D7_1371700	0.299868251904659	0.7241427407993458	0.4962312158982055	0.9994495031292484
PF3D7_1371800	-0.06432786906570208	-0.21860985500378968	0.8342001403290585	0.9994495031292484
PF3D7_1371900	-0.1621442585780245	-0.1821720631925779	0.8614467341729668	0.9994495031292484
PF3D7_1372000	-0.2905737198615016	-0.4579149586602278	0.6631285963602718	0.9994495031292484
PF3D7_1372100	1.196483719781386	0.8548241864229608	0.4254591417075893	0.9994495031292484
PF3D7_1372200	-0.020630149183381803	-0.03270649051869272	0.9749695145944465	0.9994495031292484
PF3D7_1372300	-0.845968509608943	-1.1757030184494857	0.2842478689919776	0.9994495031292484
PF3D7_1372400	0.5114919544125797	0.9411888689795492	0.38293988046226624	0.9994495031292484
PF3D7_1372500	-0.4271805552247947	-0.6796602738691161	0.5220627971758374	0.9994495031292484
PF3D7_1372600	-1.4792767794014685	-2.3465363092153995	0.05732924608140302	0.9994495031292484
PF3D7_1372700	-0.5363867880348859	-0.5955156297063362	0.5732597567825897	0.9994495031292484
PF3D7_1372800	-0.9244254298071517	-0.7085499281733139	0.5051871078124053	0.9994495031292484
PF3D7_1373000	0.3154824258652235	0.4649557150242362	0.6583583825366497	0.9994495031292484
PF3D7_1373100	0.2956030233954926	0.6398722272737153	0.5458973311121953	0.9994495031292484
PF3D7_1373400	-0.4006852771619291	-0.5838313454539722	0.5806031169603769	0.9994495031292484
PF3D7_1373500	-0.8817850992504817	-1.2581842654895912	0.2550701579887004	0.9994495031292484
PF3D7_1400100	-1.025056520667785	-1.3354098656970008	0.23016929350245097	0.9994495031292484
PF3D7_1400200	0.9862069148509356	1.524251999852276	0.17828403573925977	0.9994495031292484
PF3D7_1400300	0.14251645184749953	0.2199206219759454	0.8332244324158826	0.9994495031292484
PF3D7_1400400	-0.5812771035295479	-0.3602758382827486	0.7309838697307385	0.9994495031292484
PF3D7_1400500	-0.25951005156260987	-0.4401228492004581	0.6752599805443901	0.9994495031292484
PF3D7_1400600	0.7090565393854446	0.7913925315798946	0.4588481952251052	0.9994495031292484
PF3D7_1400700	-0.6352688828429767	-0.9918347206761126	0.3595766107301924	0.9994495031292484
PF3D7_1400800	-1.5603287996575739	-2.446316052153681	0.05004047669183442	0.9994495031292484
PF3D7_1401000	-0.361370538909564	-0.9448755134862346	0.38120019256083243	0.9994495031292484
PF3D7_1401100	0.692230963778864	2.4778941236079817	0.0479419488245825	0.9994495031292484
PF3D7_1401200	-0.3380436821065866	-1.543299961060709	0.17370303927279032	0.9994495031292484
PF3D7_1401300	-1.1051969116888567	-2.6780992357847824	0.036628837786024174	0.9994495031292484
PF3D7_1401400	-0.9766709743605723	-1.639829540692273	0.15215159055348795	0.9994495031292484
PF3D7_1401500	-0.19627411821417515	-0.4007545515814759	0.7024815634872428	0.9994495031292484
PF3D7_1401600	0.19451044301852918	0.6722425718709835	0.5264545447568816	0.9994495031292484
PF3D7_1401700	0.39631180693876417	0.28039340093875065	0.7885925887400838	0.9994495031292484
PF3D7_1401800	-0.17015156110538746	-0.4214482646468266	0.6881090061713934	0.9994495031292484
PF3D7_1401900	-0.4332143073395897	-0.9789800502110665	0.36539734669578927	0.9994495031292484
PF3D7_1402000	0.020196897273579557	0.033261122476511994	0.9745452322690554	0.9994495031292484
PF3D7_1402100	-0.4708187797413826	-1.0131585975850657	0.35008379188730265	0.9994495031292484
PF3D7_1402200	-0.2495298375476955	-0.5758810274429775	0.5856315171017898	0.9994495031292484
PF3D7_1402300	0.6331797004944386	1.2493560106442103	0.2580631532659207	0.9994495031292484
PF3D7_1402400	-0.2627557886531702	-1.2757699556395585	0.24919897468306393	0.9994495031292484
PF3D7_1402500	-0.05119751208942264	-0.0586228952192839	0.9551561567209063	0.9994495031292484
PF3D7_1402700	-0.6027935467762502	-1.0422272581717833	0.337468497206088	0.9994495031292484
PF3D7_1402800	0.15167938485595697	0.28779448422984644	0.7831861728923939	0.9994495031292484
PF3D7_1402900	-0.09165651912884384	-0.2130720274513136	0.8383259358838255	0.9994495031292484
PF3D7_1403000	0.16255602066355282	0.1411488827657501	0.8923720814054736	0.9994495031292484
PF3D7_1403100	0.21547142996996718	0.3343452738943722	0.7494965984789048	0.9994495031292484
PF3D7_1403200	-0.9157226310602987	-1.095123719080009	0.31546358501600313	0.9994495031292484
PF3D7_1403300	-0.48021419169989865	-0.5539728051608966	0.5996194458444408	0.9994495031292484
PF3D7_1403400	-0.2070997216814309	-0.47603886930496925	0.6508850181851309	0.9994495031292484
PF3D7_1403500	-0.037185402145556344	-0.07476543127927109	0.9428317650599194	0.9994495031292484
PF3D7_1403600	-0.7651121497952117	-1.0793312754448259	0.3219057835668117	0.9994495031292484
PF3D7_1403700	-0.27036769386023485	-0.36282852471632115	0.7291718529973097	0.9994495031292484
PF3D7_1403800	0.033092250180145055	0.04353623952718154	0.9666867856006081	0.9994495031292484
PF3D7_1403900	-0.19146244310622335	-0.2708299999177179	0.7955976683370743	0.9994495031292484
PF3D7_1404000	0.410618418790553	0.4623398677300875	0.6601286172955243	0.9994495031292484
PF3D7_1404100	-0.5663511542674856	-0.8140779491980334	0.44669727830254125	0.9994495031292484
PF3D7_1404200	-0.49395360399111266	-0.923744908750811	0.39125491699183046	0.9994495031292484
PF3D7_1404300	0.1760939003200764	0.2538898580228543	0.8080571105945351	0.9994495031292484
PF3D7_1404400	-0.977183121682536	-1.557746742890446	0.17030281352789253	0.9994495031292484
PF3D7_1404500	-0.16095216286625125	-0.7047340955749681	0.5073951184669576	0.9994495031292484
PF3D7_1404600	-0.1534913531167291	-0.5551128946245638	0.598886808165054	0.9994495031292484
PF3D7_1404700	0.38486963483211156	0.3423718447323496	0.7437458551266509	0.9994495031292484
PF3D7_1404800	0.4216588411325238	0.741950191494587	0.48613526012873	0.9994495031292484
PF3D7_1404900	0.5348138522906158	1.3187483962231612	0.2353505361021189	0.9994495031292484
PF3D7_1405000	-0.004155569643768509	-0.021474045761639145	0.9835638315952886	0.9994495031292484
PF3D7_1405100	-0.45241677426367793	-0.7422067866305987	0.4859908156374121	0.9994495031292484
PF3D7_1405200	-0.22913858728986405	-0.22355476683557224	0.8305209575305106	0.9994495031292484
PF3D7_1405300	-0.05901646625789295	-0.1654816683266808	0.8739998363065136	0.9994495031292484
PF3D7_1405400	0.18598580502688472	0.30924760207696717	0.767590735543811	0.9994495031292484
PF3D7_1405500	-0.10010258418895449	-0.3534406653064267	0.7358451412796143	0.9994495031292484
PF3D7_1405600	0.09231464582148405	0.1028702532934445	0.9214180088373782	0.9994495031292484
PF3D7_1405700	0.19939899102115177	0.46912595215373903	0.6555412522055375	0.9994495031292484
PF3D7_1405800	0.01736204609290749	0.025107719997658096	0.9807832609286761	0.9994495031292484
PF3D7_1405900	0.4600323897814338	1.1071378060475825	0.31063467590932153	0.9994495031292484
PF3D7_1406000	-0.7189286849134564	-0.9322377336021948	0.3871894147923018	0.9994495031292484
PF3D7_1406100	0.10914587594942977	0.2812704849207014	0.7879512063254279	0.9994495031292484
PF3D7_1406200	0.5991168758730057	0.9952849321716213	0.3580269089036672	0.9994495031292484
PF3D7_1406300	0.8457198556380603	2.672024710670432	0.03692671702197801	0.9994495031292484
PF3D7_1406400	0.33418044812952263	1.2437341025129989	0.25998511627584603	0.9994495031292484
PF3D7_1406500	0.5310993758692012	1.1088650754807228	0.3099455134296727	0.9994495031292484
PF3D7_1406600	0.033979529825893785	0.059857480478713865	0.9542130563922595	0.9994495031292484
PF3D7_1406700	-0.31972083377611143	-0.5178707780808095	0.6230815922887298	0.9994495031292484
PF3D7_1406800	-0.13794740775067182	-0.22744077812818328	0.8276329280338194	0.9994495031292484
PF3D7_1406900	0.008749599521863648	0.022673712839432664	0.9826457888107334	0.9994495031292484
PF3D7_1407000	-0.4409202555966923	-0.7265784645472482	0.49484195501894346	0.9994495031292484
PF3D7_1407100	-0.27380835500956885	-1.278308133790638	0.24836149119453002	0.9994495031292484
PF3D7_1407200	-0.49670914411894035	-1.6921580139429497	0.14156372531872563	0.9994495031292484
PF3D7_1407300	-0.9154200958410585	-1.297709960021506	0.24204162635984453	0.9994495031292484
PF3D7_1407400	-0.1905304645559843	-0.2762600586973373	0.7916176017701183	0.9994495031292484
PF3D7_1407500	0.11789794061210782	0.1825468837001816	0.8611653190156073	0.9994495031292484
PF3D7_1407600	0.42936839585713094	1.2083480139597498	0.27237155481364145	0.9994495031292484
PF3D7_1407700	0.3985824595216505	0.7527750965080565	0.4800671848901119	0.9994495031292484
PF3D7_1407800	0.3021313972853746	0.4832004003970131	0.6460794636805418	0.9994495031292484
PF3D7_1407900	0.5552571265430488	1.0348296052826091	0.34064351482464705	0.9994495031292484
PF3D7_1408000	-0.4132441552600152	-0.6198475047003088	0.5581481892078037	0.9994495031292484
PF3D7_1408100	0.2791367348242338	0.4511109734675073	0.667754898266697	0.9994495031292484
PF3D7_1408200	-0.03184402855301286	-0.07886952083304231	0.9397010183914526	0.9994495031292484
PF3D7_1408300	0.8043300456839604	0.6830677291996361	0.5200533805719714	0.9994495031292484
PF3D7_1408400	0.3282850676420303	0.6535441897347233	0.537630662440229	0.9994495031292484
PF3D7_1408500	0.44817695762479104	0.7672576661711276	0.47203085159122005	0.9994495031292484
PF3D7_1408600	0.061794905088859015	0.2257603473809141	0.8288814413620951	0.9994495031292484
PF3D7_1408700	0.5698615668681005	1.2865466628492215	0.24566027036761412	0.9994495031292484
PF3D7_1408800	-0.9109765493367347	-1.167946880442398	0.28713396396897833	0.9994495031292484
PF3D7_1408900	-0.21398199995379857	-0.3417962230948395	0.7441576700753274	0.9994495031292484
PF3D7_1409000	-0.03973312124751535	-0.12547547075586624	0.9042458465077607	0.9994495031292484
PF3D7_1409100	-0.2807926772152164	-0.4748534004829655	0.6516822805502454	0.9994495031292484
PF3D7_1409200	0.15889567664030946	0.34870081349606596	0.7392240952258237	0.9994495031292484
PF3D7_1409300	0.3096961208217151	0.8338703150265517	0.4362866435003794	0.9994495031292484
PF3D7_1409400	-0.5597861548398079	-0.9808812793467879	0.3645317821027402	0.9994495031292484
PF3D7_1409500	0.644357191089423	2.7838855835662195	0.03183330765399688	0.9994495031292484
PF3D7_1409600	-0.1824193506081521	-0.5474472683295404	0.6038227160816353	0.9994495031292484
PF3D7_1409700	-0.021892269047831855	-0.051396921437250526	0.9606776239627005	0.9994495031292484
PF3D7_1409800	0.21482966606613937	0.40345671037725145	0.700596974795118	0.9994495031292484
PF3D7_1409900	0.0464428855932206	0.23022580169238205	0.8255649499094004	0.9994495031292484
PF3D7_1410000	0.12028138056403799	0.18049127646633903	0.862708942022108	0.9994495031292484
PF3D7_1410100	-0.539744549686316	-1.1730924245006564	0.28521650338194	0.9994495031292484
PF3D7_1410200	0.08137959309146017	0.12368804549925635	0.905601743133233	0.9994495031292484
PF3D7_1410300	0.3744463463513601	0.523914768302992	0.6191186320906994	0.9994495031292484
PF3D7_1410400	0.9909530972260828	1.6028304947018772	0.1600924921279616	0.9994495031292484
PF3D7_1410500	-0.18188007898869435	-0.26401655388030404	0.8006012520781909	0.9994495031292484
PF3D7_1410600	0.14842259011235787	0.5515900517520734	0.6011522952082691	0.9994495031292484
PF3D7_1410700	0.6742347779847705	0.7662894965868505	0.47256514809635186	0.9994495031292484
PF3D7_1410800	-0.4789209472061852	-0.8351885372408588	0.4355995911099868	0.9994495031292484
PF3D7_1410900	0.059504575981034154	0.16900121349195996	0.8713492460058682	0.9994495031292484
PF3D7_1411000	-0.09265708042268761	-0.1634942747794976	0.8754973487907387	0.9994495031292484
PF3D7_1411100	0.7122761705492415	0.6472208145461145	0.5414441430399088	0.9994495031292484
PF3D7_1411200	0.24307822433932205	0.7343734000693022	0.4904136810497822	0.9994495031292484
PF3D7_1411300	-0.42270838154286844	-1.7291126022982406	0.13451978637467504	0.9994495031292484
PF3D7_1411400	-0.2731644890361115	-0.47770350265144934	0.6497663574059951	0.9994495031292484
PF3D7_1411500	0.3940074927905664	1.1620447760595607	0.2893468812524032	0.9994495031292484
PF3D7_1411600	0.22824049230025586	1.3222989848996645	0.23423772993493408	0.9994495031292484
PF3D7_1411700	-0.1003443960701151	-0.4873821875021106	0.6432819942274366	0.9994495031292484
PF3D7_1411800	0.14371022465779487	0.27414643365886615	0.7931660138357615	0.9994495031292484
PF3D7_1411900	-0.0584961131808926	-0.11539716135949171	0.9118954869958527	0.9994495031292484
PF3D7_1412000	0.358762340635073	0.4989839087161786	0.6355544211423542	0.9994495031292484
PF3D7_1412100	0.48547608113989504	0.8397181478340139	0.4332447978603197	0.9994495031292484
PF3D7_1412200	-0.05888873539432476	-0.11526365960040383	0.9119968890337813	0.9994495031292484
PF3D7_1412300	0.0021677262826039043	0.0026297348316412996	0.9979870313016935	0.999657757528891
PF3D7_1412400	0.20533697260544942	0.4052465090643687	0.6993499841315636	0.9994495031292484
PF3D7_1412500	0.050730646406482505	0.13631591335470325	0.8960303121560674	0.9994495031292484
PF3D7_1412600	0.0843778016137553	0.714291120408984	0.5018770934895025	0.9994495031292484
PF3D7_1412700	0.5110346830731578	0.7126269823928392	0.5028350346550864	0.9994495031292484
PF3D7_1412800	0.15193584824480458	0.6539175528875014	0.5374060305926447	0.9994495031292484
PF3D7_1412900	-0.05473023672897145	-0.1653867140658225	0.8740713719327476	0.9994495031292484
PF3D7_1413000	1.0446116283494573	0.8291987501530735	0.4387278056152252	0.9994495031292484
PF3D7_1413100	-0.16674732716792795	-0.32682402091715324	0.7549013730578874	0.9994495031292484
PF3D7_1413200	0.43886459806498695	0.6354235716557483	0.5486043309709149	0.9994495031292484
PF3D7_1413300	0.091985274268491	0.061356656407232035	0.953067944518896	0.9994495031292484
PF3D7_1413400	-0.1645438481829886	-1.0383344501330563	0.3391362544591056	0.9994495031292484
PF3D7_1413500	-0.31744438453588475	-0.7219944912864519	0.49745869448423086	0.9994495031292484
PF3D7_1413600	0.7118114467999167	0.6407780682402489	0.5453471571832533	0.9994495031292484
PF3D7_1413700	-0.39585861250725	-0.8574521833527019	0.42411527587848813	0.9994495031292484
PF3D7_1413800	-1.155192626405809	-2.008297874200854	0.09136973486534422	0.9994495031292484
PF3D7_1413900	-0.5179991205537041	-0.8165384680498429	0.44539338118909905	0.9994495031292484
PF3D7_1414000	-0.48444986090083436	-1.447711062390151	0.1978553678666691	0.9994495031292484
PF3D7_1414100	0.10508758886120512	0.11532734623433	0.9119485152537055	0.9994495031292484
PF3D7_1414200	0.50576354389876	1.4728973763234308	0.1912049185834606	0.9994495031292484
PF3D7_1414300	0.13710034593257478	0.3076576428271516	0.7687425892378907	0.9994495031292484
PF3D7_1414400	-0.02876371142732365	-0.16805254842611744	0.8720635126495327	0.9994495031292484
PF3D7_1414500	0.0959348980841836	0.1360033117142961	0.896267028032004	0.9994495031292484
PF3D7_1414600	-0.21778623115154927	-0.7744696114015309	0.4680641204684709	0.9994495031292484
PF3D7_1414700	0.3211317588648065	0.6466010719366229	0.5418188143534487	0.9994495031292484
PF3D7_1414800	-0.7462901218092208	-1.3874620609113797	0.21463754706354585	0.9994495031292484
PF3D7_1414900	-0.5110907741116271	-0.8080331268979182	0.44991225882929475	0.9994495031292484
PF3D7_1415000	0.40268376956590535	1.027323124513007	0.34388992985385397	0.9994495031292484
PF3D7_1415100	-0.11617371288462022	-0.22512505987059944	0.8293535852871728	0.9994495031292484
PF3D7_1415200	-0.8895520163137285	-1.1190396590707514	0.30591183892043144	0.9994495031292484
PF3D7_1415300	-0.12481648173088651	-0.26644486592632793	0.7988167707265943	0.9994495031292484
PF3D7_1415400	0.1357273479880982	0.24255196074033386	0.8164309808104662	0.9994495031292484
PF3D7_1415500	0.5975545817389616	1.650208582440655	0.14999268091550577	0.9994495031292484
PF3D7_1415600	-0.2289154246121712	-0.6544796712761899	0.5370679478584712	0.9994495031292484
PF3D7_1415700	0.04233248003265572	0.1515300403030702	0.8845241790672294	0.9994495031292484
PF3D7_1415800	0.28719204655479413	0.838258115832903	0.43400280064949437	0.9994495031292484
PF3D7_1415900	-0.4417870266128893	-0.6206441117551197	0.5576576132358968	0.9994495031292484
PF3D7_1416000	-1.1086486221499818	-3.3082984363832164	0.016239109497389347	0.9994495031292484
PF3D7_1416100	0.9543005921256633	3.51489435938634	0.012596340230914091	0.9994495031292484
PF3D7_1416200	0.2082536179333513	0.27619847269787257	0.7916627041166684	0.9994495031292484
PF3D7_1416300	-0.1461777047939967	-0.36850414155658373	0.7251499114124604	0.9994495031292484
PF3D7_1416400	-0.6586101209842933	-0.8752146345223496	0.4151146114951411	0.9994495031292484
PF3D7_1416500	-0.6414054782777903	-1.522348627455564	0.17874798036103534	0.9994495031292484
PF3D7_1416600	1.1909248799930676	1.4675553698372117	0.19259792425398226	0.9994495031292484
PF3D7_1416700	-0.931540010827	-0.8610515091660687	0.42227980759878075	0.9994495031292484
PF3D7_1416800	-0.5644670111347084	-1.7694822419134832	0.1272151143971925	0.9994495031292484
PF3D7_1416900	-0.511057355896158	-0.6666537988507913	0.5297791932961684	0.9994495031292484
PF3D7_1417000	0.1973987468282915	0.254187837817438	0.8078374003135225	0.9994495031292484
PF3D7_1417100	0.12460408133179125	0.3280444495410804	0.7540233284036869	0.9994495031292484
PF3D7_1417200	0.060185202676402046	0.14807732031521975	0.8871328071462141	0.9994495031292484
PF3D7_1417300	0.1904702516916164	0.4117649480904349	0.6948171535704042	0.9994495031292484
PF3D7_1417400	-0.32487029880534174	-0.5511525347418952	0.6014339977487793	0.9994495031292484
PF3D7_1417500	-0.45565023194082743	-0.7922821731438604	0.4583672903025544	0.9994495031292484
PF3D7_1417600	-0.011434736369776963	-0.022049234413420833	0.983123666114851	0.9994495031292484
PF3D7_1417700	0.037780610819978	0.09044875450586638	0.9308745284176334	0.9994495031292484
PF3D7_1417800	0.4567327143957246	0.6371005361079314	0.5475829156366087	0.9994495031292484
PF3D7_1417900	-0.17459874281822124	-0.36521661929429045	0.7274784047841881	0.9994495031292484
PF3D7_1418000	-0.4311026699374512	-2.2769955564429294	0.0630592180652232	0.9994495031292484
PF3D7_1418100	0.40369149647576824	0.5808133793461815	0.582508897275657	0.9994495031292484
PF3D7_1418200	0.021233602220337485	0.035782340761299804	0.9726166681832396	0.9994495031292484
PF3D7_1418300	-0.4280368072681667	-1.06677831179639	0.32710363544677307	0.9994495031292484
PF3D7_1418400	-0.8330775036214747	-1.2855270983790503	0.2459931458467281	0.9994495031292484
PF3D7_1418700	-0.06361688839905973	-0.09090591375795444	0.9305262620491747	0.9994495031292484
PF3D7_1418800	-1.4589358909294334	-0.7628462526499052	0.4744687589811385	0.9994495031292484
PF3D7_1418900	0.5682224757242105	1.392236616535742	0.2132615736524588	0.9994495031292484
PF3D7_1419000	0.20099797848324882	0.3420795335520117	0.7439549706820885	0.9994495031292484
PF3D7_1419100	0.5689456878977085	1.2032747575334248	0.2741886729494957	0.9994495031292484
PF3D7_1419200	0.2511825388794631	0.5978426709139867	0.5718039316455258	0.9994495031292484
PF3D7_1419300	0.16527570752212875	0.2078502187654134	0.842221460405844	0.9994495031292484
PF3D7_1419400	-0.4107823853809387	-0.9239339161410831	0.39116408372186257	0.9994495031292484
PF3D7_1419500	0.38094599271717583	0.5708020598739454	0.5888572208267158	0.9994495031292484
PF3D7_1419600	-0.0755661009487089	-0.27896428045755595	0.7896380460703691	0.9994495031292484
PF3D7_1419700	0.7281196062483567	1.1694891803100196	0.28655808246736486	0.9994495031292484
PF3D7_1419800	0.1155054725041718	0.27952655770299467	0.789226660938265	0.9994495031292484
PF3D7_1419900	-0.4755583538156644	-2.0526609814700407	0.08592491760170097	0.9994495031292484
PF3D7_1420000	-0.6577728601656163	-0.9454144988733445	0.3809463659865182	0.9994495031292484
PF3D7_1420100	0.4367846381085898	0.7454872535385355	0.4841467409167224	0.9994495031292484
PF3D7_1420200	0.5565021373985408	1.6193442993424718	0.15650044588874432	0.9994495031292484
PF3D7_1420300	0.09185674599548681	0.1156416663041453	0.9117097765590219	0.9994495031292484
PF3D7_1420400	0.5156247201612651	0.8691394487689935	0.4181768949409917	0.9994495031292484
PF3D7_1420500	0.3210990084443216	0.3198270449862572	0.7599431008030642	0.9994495031292484
PF3D7_1420600	0.22061214317187544	0.684485144200829	0.5192190028467428	0.9994495031292484
PF3D7_1420700	-0.008785330982976894	-0.02077410216682315	0.9840994748472933	0.9994495031292484
PF3D7_1420800	-0.19067324039347547	-0.4587680238691138	0.6625497040053642	0.9994495031292484
PF3D7_1420900	-0.26969232718237585	-0.5913489900251504	0.5758720103967935	0.9994495031292484
PF3D7_1421000	-1.2564912850285088	-2.0286503010697627	0.08882968463439803	0.9994495031292484
PF3D7_1421100	0.2068530772018328	0.986813027379218	0.36184167761222336	0.9994495031292484
PF3D7_1421150	-0.8494922014565546	-1.5691177756263077	0.16767083961898058	0.9994495031292484
PF3D7_1421200	-0.37583439591861445	-0.5845349160459812	0.5801593593077805	0.9994495031292484
PF3D7_1421300	-0.1073891806914492	-0.16935817343295836	0.8710805189643519	0.9994495031292484
PF3D7_1421400	-0.5838888884807214	-1.2852743076164326	0.2460757407430667	0.9994495031292484
PF3D7_1421500	0.16920483250978838	0.2454188987836082	0.814310974455312	0.9994495031292484
PF3D7_1421600	-0.22730021283349092	-0.6865645724855945	0.517996507999817	0.9994495031292484
PF3D7_1421800	0.12483049931700167	0.22865327500656957	0.826732419073859	0.9994495031292484
PF3D7_1421900	-0.1539326927311336	-0.24942054854716736	0.8113547697737525	0.9994495031292484
PF3D7_1422000	-0.12722055548546438	-0.21851887269071935	0.8342678777206338	0.9994495031292484
PF3D7_1422100	-0.2428898158660704	-1.0025683940752714	0.35477292070334576	0.9994495031292484
PF3D7_1422200	-0.13675754217040498	-0.23150071917226075	0.8246187891862459	0.9994495031292484
PF3D7_1422300	-0.7756468312170252	-1.6146828824567412	0.15750651346744338	0.9994495031292484
PF3D7_1422400	0.17029544553010012	0.40621676396332906	0.6986744159013126	0.9994495031292484
PF3D7_1422500	-0.35342326269528074	-1.1531629312864937	0.2927043594447725	0.9994495031292484
PF3D7_1422600	-0.403941328324956	-0.9394978034335736	0.3837399324895624	0.9994495031292484
PF3D7_1422700	0.4598088469498001	1.1232729341311243	0.3042465731779286	0.9994495031292484
PF3D7_1422800	-0.052542802114089245	-0.09655256153694072	0.9262260320100769	0.9994495031292484
PF3D7_1422900	0.4779161004275131	0.7858194329530793	0.4618689302825981	0.9994495031292484
PF3D7_1423000	0.2143453009774296	1.315225009658017	0.23645948546559598	0.9994495031292484
PF3D7_1423100	-0.28948615979304404	-0.6407542924427787	0.5453615932596974	0.9994495031292484
PF3D7_1423200	-0.6479139221882994	-1.1062753085609354	0.3109792817160757	0.9994495031292484
PF3D7_1423300	-1.0356234535474615	-3.968212012110111	0.007382043646869264	0.9994495031292484
PF3D7_1423400	0.3200997439361477	0.605549784041974	0.5669982035997505	0.9994495031292484
PF3D7_1423500	0.5128311228454514	0.7011115376475532	0.5094972203735096	0.9994495031292484
PF3D7_1423600	-0.4152579928944175	-1.1965869027655538	0.27660008297839767	0.9994495031292484
PF3D7_1423700	0.7655737888377557	1.3865329495885579	0.2149062440516411	0.9994495031292484
PF3D7_1423800	-0.00117539834161738	-0.0026617493965329767	0.9979625253554096	0.999657757528891
PF3D7_1423900	0.14013865507438975	0.3008468146464	0.7736840165709982	0.9994495031292484
PF3D7_1424000	0.5884074447403597	0.580271374905807	0.5828515528689017	0.9994495031292484
PF3D7_1424100	0.06817760656734277	0.1738576553443222	0.8676948431899093	0.9994495031292484
PF3D7_1424400	-0.1485372965129364	-0.2511771039290384	0.8100581931200151	0.9994495031292484
PF3D7_1424500	0.27888396686178685	0.7138029920852016	0.5021579519510815	0.9994495031292484
PF3D7_1424600	-0.5774010635317147	-0.7318695688613395	0.4918331527232307	0.9994495031292484
PF3D7_1424700	-0.18116409276374165	-0.28503068620728583	0.7852035667311708	0.9994495031292484
PF3D7_1424800	0.4255354694826918	0.9999999999999982	0.355917683749583	0.9994495031292484
PF3D7_1424900	0.4255354694826918	0.9999999999999982	0.355917683749583	0.9994495031292484
PF3D7_1425000	0.16916222993740998	0.2358495111559487	0.8213938377649075	0.9994495031292484
PF3D7_1425200	-0.42202049422630483	-0.987913030993058	0.36134454838502333	0.9994495031292484
PF3D7_1425300	-0.4083248642060059	-1.4328940730568427	0.20186699114337084	0.9994495031292484
PF3D7_1425400	-0.39824672678734213	-0.5922230545493328	0.5753234303132636	0.9994495031292484
PF3D7_1425500	-0.09802996797270914	-0.08101601699967512	0.9380640605960852	0.9994495031292484
PF3D7_1425600	-0.2405413427946194	-0.2705191413040288	0.7958257236458531	0.9994495031292484
PF3D7_1425700	0.11090958148897849	0.2258576324423734	0.8288091462837364	0.9994495031292484
PF3D7_1425800	0.36732146853569114	1.2451318752788165	0.2595060931618362	0.9994495031292484
PF3D7_1425900	-0.13916765776513026	-0.21872605573020334	0.8341136298027818	0.9994495031292484
PF3D7_1426000	-0.337889635318639	-0.726152087163873	0.4950849572703443	0.9994495031292484
PF3D7_1426100	0.0764897104404648	0.19449408507624602	0.8522073013749225	0.9994495031292484
PF3D7_1426200	0.16156416559948567	0.5428901230784269	0.6067680144747181	0.9994495031292484
PF3D7_1426300	-0.16075172066803228	-0.4944214170941376	0.6385874480625398	0.9994495031292484
PF3D7_1426400	0.44474979721412344	0.3921517373235379	0.7084968889816421	0.9994495031292484
PF3D7_1426500	0.20903030288900554	0.3191645243169171	0.760421160813244	0.9994495031292484
PF3D7_1426600	0.05277041994402904	0.14305382406760167	0.8909309613950351	0.9994495031292484
PF3D7_1426700	0.004314134787311714	0.011908527790675654	0.9908846836406322	0.9994495031292484
PF3D7_1426800	-0.09644585997409043	-0.22684166257730007	0.8280779911287068	0.9994495031292484
PF3D7_1426900	-0.8945746499530772	-1.0708943224988807	0.32539174998349946	0.9994495031292484
PF3D7_1427000	-0.09945562064808683	-0.2920361172869134	0.7800936504555884	0.9994495031292484
PF3D7_1427100	-0.42826421530967607	-0.9230771672531272	0.3915759502649482	0.9994495031292484
PF3D7_1427200	0.12443580312992905	0.26897082740666545	0.7969619424914729	0.9994495031292484
PF3D7_1427300	0.5072116394515471	1.2660772688020598	0.25242009301504575	0.9994495031292484
PF3D7_1427400	0.7391882835146091	0.8165591257236777	0.4453824457455278	0.9994495031292484
PF3D7_1427500	0.42046018879199276	0.6938053714815088	0.513754379339669	0.9994495031292484
PF3D7_1427600	0.6180631991903938	1.2366693263893835	0.2624180901143505	0.9994495031292484
PF3D7_1427700	-0.3226712856302537	-0.3502614429737475	0.738110841597584	0.9994495031292484
PF3D7_1427800	0.038192729484775444	0.049401196959906225	0.9622030206084863	0.9994495031292484
PF3D7_1427900	0.18911663549883256	0.4279998533057733	0.6835878939865612	0.9994495031292484
PF3D7_1428000	-0.20763598950711226	-0.16964209769198058	0.8708667882051768	0.9994495031292484
PF3D7_1428100	0.17899972500709568	0.4291481779186725	0.6827969309067876	0.9994495031292484
PF3D7_1428200	0.4110562268119416	0.8574473597004306	0.42411773964608673	0.9994495031292484
PF3D7_1428300	0.12919459243248466	0.33766056423458385	0.747119148496411	0.9994495031292484
PF3D7_1428400	0.073071538377556	0.1261186624100667	0.903758023521509	0.9994495031292484
PF3D7_1428500	-0.5055287097533941	-1.8532779833974955	0.11327429688795004	0.9994495031292484
PF3D7_1428600	-0.5031916047783932	-1.0266051448808122	0.34420174833298517	0.9994495031292484
PF3D7_1428700	-0.010842136325530459	-0.03946106728767743	0.9698030553597208	0.9994495031292484
PF3D7_1428800	-0.237780210599488	-0.5584875309327971	0.5967212356287029	0.9994495031292484
PF3D7_1428900	0.56730534061606	1.022207390887068	0.3461166733143815	0.9994495031292484
PF3D7_1429000	-0.35093549061038515	-0.4784706289302885	0.6492511722696339	0.9994495031292484
PF3D7_1429100	-0.5074003084586671	-0.8733830562891702	0.416036075464813	0.9994495031292484
PF3D7_1429200	0.19932436431217246	0.23532187722754438	0.8217849150098065	0.9994495031292484
PF3D7_1429300	-0.5548851213595304	-1.182323889517858	0.28180387473134716	0.9994495031292484
PF3D7_1429400	-0.15234053842855863	-0.3354852066735603	0.7486787917139446	0.9994495031292484
PF3D7_1429500	0.0016033004969833982	0.002607572647605677	0.9980039956221065	0.999657757528891
PF3D7_1429600	-0.26229848811748446	-0.33885416384119466	0.7462639425403219	0.9994495031292484
PF3D7_1429700	-0.19748105449440032	-0.4330962066179095	0.6800809092484423	0.9994495031292484
PF3D7_1429800	0.47447401278503293	0.9664156772894147	0.3711582937041673	0.9994495031292484
PF3D7_1429900	-0.052183180339134216	-0.11534137774665533	0.911937857542518	0.9994495031292484
PF3D7_1430000	0.20348343928118948	0.6033458714920192	0.568369936677503	0.9994495031292484
PF3D7_1430100	0.18666278773937328	0.4164321116489118	0.6915801314959134	0.9994495031292484
PF3D7_1430200	-0.5453528764170974	-0.933967021696495	0.38636561183725987	0.9994495031292484
PF3D7_1430300	0.027523109784005996	0.03716352696312364	0.9715602378433679	0.9994495031292484
PF3D7_1430400	-0.31837668226415156	-0.8155031036567519	0.44594171467010313	0.9994495031292484
PF3D7_1430500	-0.9531096694499895	-0.9962443508535774	0.3575969205771754	0.9994495031292484
PF3D7_1430600	0.06745509314312073	0.32457594607194695	0.756519814038156	0.9994495031292484
PF3D7_1430700	-0.010426734382227713	-0.019352914241867004	0.9851870897170663	0.9994495031292484
PF3D7_1430800	-1.083038612124347	-1.177865064785542	0.2834477948469501	0.9994495031292484
PF3D7_1430900	-0.8645834951769914	-1.2940138582412344	0.24323446511300886	0.9994495031292484
PF3D7_1431000	-0.5494737430979376	-1.4047231506059126	0.20970102634463977	0.9994495031292484
PF3D7_1431100	-0.48519815913333997	-0.4982612529069874	0.6360343103956496	0.9994495031292484
PF3D7_1431200	0.21614240951516722	0.5760099946922155	0.5855497440643146	0.9994495031292484
PF3D7_1431300	0.049763130815791916	0.08541225996345071	0.9347124490667282	0.9994495031292484
PF3D7_1431400	-0.0010854898547576538	-0.0020026049067276477	0.9984670761397954	0.999657757528891
PF3D7_1431500	-0.3816045443500029	-0.5033115006719364	0.6326846874079323	0.9994495031292484
PF3D7_1431600	0.14725208360350733	0.5543081328116294	0.599403906176479	0.9994495031292484
PF3D7_1431700	-0.3699310217351897	-0.5859458097544772	0.5792700842153804	0.9994495031292484
PF3D7_1431800	0.018011395378514313	0.05775518667392948	0.9558190474611561	0.9994495031292484
PF3D7_1431900	0.22597256685454511	0.5761420790167585	0.5854660015733937	0.9994495031292484
PF3D7_1432000	0.46749145910194145	1.5352758042854304	0.17561916717752632	0.9994495031292484
PF3D7_1432100	-0.6775047266566709	-0.9252487533811954	0.39053264685578226	0.9994495031292484
PF3D7_1432200	0.04928674935535659	0.061898312734318624	0.9526542425387083	0.9994495031292484
PF3D7_1432300	0.24869563120867386	0.8965032224589753	0.4045163498128346	0.9994495031292484
PF3D7_1432400	-0.3851579029933706	-1.1591934487718638	0.29042114135695857	0.9994495031292484
PF3D7_1432500	-0.30934411782953836	-1.2238014944817974	0.2669005753624525	0.9994495031292484
PF3D7_1432600	0.09411830994669769	0.35436060350496074	0.7351900808402465	0.9994495031292484
PF3D7_1432700	-0.42986960763697235	-0.5988189165072006	0.5711938438598095	0.9994495031292484
PF3D7_1432800	-0.02261944481544584	-0.05588109203952585	0.9572509038365964	0.9994495031292484
PF3D7_1432900	-0.4769624671670805	-1.2341917160606328	0.2632760264868528	0.9994495031292484
PF3D7_1433000	-0.6297301152568909	-1.1286881936021507	0.3021274438708989	0.9994495031292484
PF3D7_1433100	-1.0199553519027664	-1.7076732156504792	0.13856378961673205	0.9994495031292484
PF3D7_1433200	-0.4110874878051543	-0.3381876330741929	0.7467414585427009	0.9994495031292484
PF3D7_1433300	-0.8948351270821797	-2.001019071155065	0.09229588986234438	0.9994495031292484
PF3D7_1433400	0.46087031612274487	0.8818554402948201	0.4117864373139493	0.9994495031292484
PF3D7_1433500	0.15899281357746842	0.3074128548463795	0.7689199846529691	0.9994495031292484
PF3D7_1433600	-0.6603519948730429	-0.7807483906872493	0.4646297285721144	0.9994495031292484
PF3D7_1433700	0.3343848321144289	1.156906355543782	0.2912852715665883	0.9994495031292484
PF3D7_1433800	0.40132834716230004	1.0302123989809355	0.34263742364204025	0.9994495031292484
PF3D7_1433900	-0.03763900592890283	-0.10445417116858759	0.9202131439401215	0.9994495031292484
PF3D7_1434000	-0.4003325270258742	-1.2036187133315408	0.2740651462455866	0.9994495031292484
PF3D7_1434100	0.6126475170063126	1.0644036833570725	0.32809462406347084	0.9994495031292484
PF3D7_1434200	-0.4491606593959299	-0.7713762087121842	0.46976269390455805	0.9994495031292484
PF3D7_1434300	0.5610380772968746	0.8908264615701414	0.4073222951459265	0.9994495031292484
PF3D7_1434400	0.07387169509999553	0.16743561251961106	0.872528085571632	0.9994495031292484
PF3D7_1434500	0.45129035361707376	0.7357671240482031	0.48962476032132807	0.9994495031292484
PF3D7_1434600	-0.35075559214197227	-0.5503148364105196	0.6019735741081109	0.9994495031292484
PF3D7_1434700	-0.3901195886710831	-0.8413845492698311	0.43238083936699134	0.9994495031292484
PF3D7_1434800	-0.360723644880868	-0.45386997165218945	0.6658770006843191	0.9994495031292484
PF3D7_1434900	0.9947686984294598	1.8700731595102786	0.11066759213103888	0.9994495031292484
PF3D7_1435000	-0.37306162367799034	-0.7616878696837805	0.4751103728847844	0.9994495031292484
PF3D7_1435100	0.15193938768995105	0.5168911516357816	0.6237252291608845	0.9994495031292484
PF3D7_1435200	0.3344470255544711	1.4507460332985231	0.19704279417657944	0.9994495031292484
PF3D7_1435300	-0.45782887309318665	-0.6577785016671023	0.5350866167668462	0.9994495031292484
PF3D7_1435400	0.3767410941689415	0.40927515633470124	0.6965469017308428	0.9994495031292484
PF3D7_1435500	0.7168510505291693	1.3134945314077775	0.237005842433109	0.9994495031292484
PF3D7_1435600	0.5203019497701241	0.9233202563566033	0.3914590557472304	0.9994495031292484
PF3D7_1435700	-0.23382595202446854	-0.2862307437207967	0.7843273766205594	0.9994495031292484
PF3D7_1435800	-0.7850669836057368	-1.346663936040709	0.22672776406158107	0.9994495031292484
PF3D7_1435900	0.4276726664534734	0.636600172433428	0.5478875553877074	0.9994495031292484
PF3D7_1436000	0.6603737030324646	1.4675838763756102	0.19259046583699427	0.9994495031292484
PF3D7_1436100	0.49252348413775415	1.618873451599412	0.15660178876335087	0.9994495031292484
PF3D7_1436200	0.5057664537457776	0.9861680725264438	0.3621334067767221	0.9994495031292484
PF3D7_1436300	-0.3040701724774891	-0.3879458047623076	0.7114462354525166	0.9994495031292484
PF3D7_1436400	-0.5868723703227093	-0.9994812343077787	0.35614926093414095	0.9994495031292484
PF3D7_1436500	0.18772452949605173	0.413523243301511	0.6935968133904538	0.9994495031292484
PF3D7_1436600	-0.9228306432085102	-2.396262519221703	0.05356700222618	0.9994495031292484
PF3D7_1436700	0.24129719276007003	0.6478860011835579	0.5410421804239696	0.9994495031292484
PF3D7_1436800	0.41778804757600263	1.1097720653646173	0.30958414527097944	0.9994495031292484
PF3D7_1436900	0.7724876881412972	1.156132194931646	0.2915782664733426	0.9994495031292484
PF3D7_1437000	-0.14365447717583493	-0.8879835809103604	0.408733000649102	0.9994495031292484
PF3D7_1437100	0.061341792171362014	0.12057841938170692	0.9079614572081836	0.9994495031292484
PF3D7_1437200	0.12214203569544915	0.24949693629299435	0.8112983715574619	0.9994495031292484
PF3D7_1437300	0.08603887547757397	0.11935413301579499	0.9088907808193756	0.9994495031292484
PF3D7_1437400	0.33102272860197157	0.968554683708314	0.3701725153210688	0.9994495031292484
PF3D7_1437500	0.21581787105255004	0.2872786371230356	0.7835625682908143	0.9994495031292484
PF3D7_1437600	-0.8991000484385544	-1.3150458078923783	0.23651601188100282	0.9994495031292484
PF3D7_1437700	0.6509685054858901	0.9131978261652897	0.3963493250841174	0.9994495031292484
PF3D7_1437800	-0.0750859774178458	-0.12485980612767573	0.9047128347832765	0.9994495031292484
PF3D7_1437900	0.4755358482514861	1.2450812965081473	0.2595234132658299	0.9994495031292484
PF3D7_1438000	0.5062476577770851	1.7309454632529955	0.13417944207315238	0.9994495031292484
PF3D7_1438100	0.19324643368514535	0.3337079411908038	0.7499539872675103	0.9994495031292484
PF3D7_1438200	1.1671476257663422	2.3615825569721123	0.0561625413218978	0.9994495031292484
PF3D7_1438400	0.16264023953293746	0.40896876533013127	0.69675990112201	0.9994495031292484
PF3D7_1438500	0.15447265907633698	0.3757796961789293	0.720008232870679	0.9994495031292484
PF3D7_1438600	0.8257473341693209	0.7734555485307086	0.46862046303347316	0.9994495031292484
PF3D7_1438700	0.04997070594972295	0.4340189826384209	0.6794468467391175	0.9994495031292484
PF3D7_1438800	-0.5201300079349672	-0.9405777783610315	0.38322884138738555	0.9994495031292484
PF3D7_1438900	-0.011582852807126457	-0.017630936119244905	0.9865049415559057	0.9994495031292484
PF3D7_1439000	0.0942856453365178	0.13887307390979958	0.8940943592186456	0.9994495031292484
PF3D7_1439100	0.32288737931357414	0.447681207575643	0.6700930287298281	0.9994495031292484
PF3D7_1439200	0.7458882908547534	2.0136706187007207	0.09069214019794486	0.9994495031292484
PF3D7_1439300	0.4866140401901278	1.3255168994256368	0.23323325765567987	0.9994495031292484
PF3D7_1439400	-0.19181521872588142	-0.3540055771969406	0.7354428555594416	0.9994495031292484
PF3D7_1439500	-0.009210631360135233	-0.03239623468217559	0.9752068580130717	0.9994495031292484
PF3D7_1439600	0.08490972531480373	0.11950041224818991	0.9087797357517742	0.9994495031292484
PF3D7_1439700	0.19429114067405526	0.4604901948684616	0.661381812401491	0.9994495031292484
PF3D7_1439800	-0.33558360426228323	-0.6067600868030936	0.56624575665256	0.9994495031292484
PF3D7_1439900	-0.1618938776407076	-0.18516567457303637	0.8591997570994352	0.9994495031292484
PF3D7_1440000	0.37817883162396143	1.101587871000924	0.31285769703529354	0.9994495031292484
PF3D7_1440100	0.645802111934719	1.4439348866292192	0.198870708517336	0.9994495031292484
PF3D7_1440200	-0.6785733949276976	-1.266100806140043	0.25241222674939945	0.9994495031292484
PF3D7_1440400	0.6613023383019968	1.1174681509174234	0.30653197293963297	0.9994495031292484
PF3D7_1440500	0.8609545134679348	2.4912856312787084	0.047080209050559645	0.9994495031292484
PF3D7_1440600	-0.5251328072032595	-1.102368949614361	0.31254403771626454	0.9994495031292484
PF3D7_1440700	0.1642896326757393	0.516828164170889	0.6237666258223422	0.9994495031292484
PF3D7_1440800	-0.14297318070572415	-0.21907677261460662	0.8338525392796041	0.9994495031292484
PF3D7_1440900	-0.26567940224970327	-0.3624808274927223	0.7294185524096519	0.9994495031292484
PF3D7_1441000	-0.390816306045049	-1.457020302660402	0.19537270980889315	0.9994495031292484
PF3D7_1441100	0.2863756509901626	0.8556458928394007	0.4250386119663475	0.9994495031292484
PF3D7_1441200	0.3646267932085194	0.5542788070356754	0.5994227542290744	0.9994495031292484
PF3D7_1441300	0.1338109269340877	0.24328559003179867	0.8158883231338784	0.9994495031292484
PF3D7_1441400	0.4062392593938687	1.3883016163668362	0.21439501243018766	0.9994495031292484
PF3D7_1441500	-0.15042006214931972	-0.8378258834615472	0.4342273881215761	0.9994495031292484
PF3D7_1441600	0.5811792916425429	1.7853185144517927	0.1244569392620184	0.9994495031292484
PF3D7_1441700	-0.246806903962292	-0.41291726828471625	0.6940172753054644	0.9994495031292484
PF3D7_1441800	-0.2931258912230275	-0.827157588137095	0.43979754425486145	0.9994495031292484
PF3D7_1441900	0.973732241901795	1.2297826257478155	0.26480883582374554	0.9994495031292484
PF3D7_1442000	0.06954041651657399	0.08595939659645706	0.9342954236309304	0.9994495031292484
PF3D7_1442100	-0.7970399646184377	-1.079713745798894	0.3217484874967281	0.9994495031292484
PF3D7_1442200	0.11441054068693805	0.23414453534052132	0.8226577518193204	0.9994495031292484
PF3D7_1442300	0.13440673008830975	0.2057177909162389	0.8438136898983799	0.9994495031292484
PF3D7_1442400	0.24941820829797132	0.5404353011303207	0.6083579394771941	0.9994495031292484
PF3D7_1442500	0.1850639571238691	0.5663488570842499	0.5916940246491453	0.9994495031292484
PF3D7_1442600	-0.33952227365577864	-0.3936584253646149	0.7074416893467463	0.9994495031292484
PF3D7_1442700	0.4875342757506068	0.9603388293792815	0.37397009708454637	0.9994495031292484
PF3D7_1442800	0.383238124346274	0.38504699789898306	0.713482173889888	0.9994495031292484
PF3D7_1442900	0.1471506361176982	0.2760801027592541	0.7917493945151132	0.9994495031292484
PF3D7_1443000	0.20549537328894601	0.5812392154319228	0.5822397669607939	0.9994495031292484
PF3D7_1443100	0.22906380359494571	0.6743759299637588	0.5251890172875477	0.9994495031292484
PF3D7_1443200	-0.5143260344673274	-3.318196440809471	0.016040299426381518	0.9994495031292484
PF3D7_1443300	-0.7141527744818456	-0.9718583229514887	0.36865405066654483	0.9994495031292484
PF3D7_1443400	-0.6316895304648315	-1.413803417488024	0.20714598279572613	0.9994495031292484
PF3D7_1443500	0.042996264762199796	0.13164867211145068	0.8995657605049975	0.9994495031292484
PF3D7_1443600	0.5900565186105607	1.4616831147575926	0.1941400557973423	0.9994495031292484
PF3D7_1443700	0.05071904887867385	0.11649449312989042	0.9110620713561721	0.9994495031292484
PF3D7_1443800	-0.1147895754976601	-0.7027556617134993	0.5085424511924546	0.9994495031292484
PF3D7_1443900	-0.06384046322314527	-0.12174373897723727	0.9070770420034381	0.9994495031292484
PF3D7_1444000	-0.192274105313741	-0.14786996400972924	0.8872895204406839	0.9994495031292484
PF3D7_1444100	-0.018612323556630155	-0.04899634475468028	0.9625124838467645	0.9994495031292484
PF3D7_1444200	-0.0517436940876287	-0.08634537508428783	0.9340012460522669	0.9994495031292484
PF3D7_1444300	-0.3877569001883722	-0.4093868480461468	0.696469262516576	0.9994495031292484
PF3D7_1444400	0.485966323606185	0.7075357102807183	0.505773353689696	0.9994495031292484
PF3D7_1444500	0.06456356473782618	0.12073055719606726	0.9078459845109943	0.9994495031292484
PF3D7_1444600	-0.11935023617079983	-0.08627918617455202	0.934051691818345	0.9994495031292484
PF3D7_1444700	-0.27288008876184183	-0.6286031655451059	0.552770795998172	0.9994495031292484
PF3D7_1444800	0.5357654937994035	1.493824536075319	0.18583757100683146	0.9994495031292484
PF3D7_1444900	0.10997055581560529	0.10145533830570846	0.9224945089907894	0.9994495031292484
PF3D7_1445000	0.6069599799901989	1.045167922339257	0.33621308088421936	0.9994495031292484
PF3D7_1445100	0.45394131826423645	2.071299243796432	0.08373676618662995	0.9994495031292484
PF3D7_1445200	-0.3267745848999637	-1.319690973687725	0.23505465866734773	0.9994495031292484
PF3D7_1445300	-0.6389070391687329	-1.9021985509073156	0.10584668047602479	0.9994495031292484
PF3D7_1445400	-0.679688275672585	-1.2463628510334137	0.2590848717341775	0.9994495031292484
PF3D7_1445500	-0.2198714086233441	-0.33202854116458225	0.7511597603102019	0.9994495031292484
PF3D7_1445600	-0.010219869447550324	-0.0234588713341318	0.9820449635496139	0.9994495031292484
PF3D7_1445700	0.3079010641427576	0.7133559498937141	0.5024152626790392	0.9994495031292484
PF3D7_1445800	1.2473468080037182	3.0093614236529826	0.023720035700381323	0.9994495031292484
PF3D7_1445900	-0.07166899411473586	-0.13019213160816398	0.9006696156859394	0.9994495031292484
PF3D7_1446000	-1.0763035478336793	-1.1456265625857596	0.2955791013996301	0.9994495031292484
PF3D7_1446100	1.4658605282092543	1.266340042393647	0.2523322853507377	0.9994495031292484
PF3D7_1446200	0.625929987791111	0.9743888759565853	0.3674942413128285	0.9994495031292484
PF3D7_1446300	0.38081847474608355	1.395321765985747	0.21237674723240957	0.9994495031292484
PF3D7_1446400	0.10378418718374016	0.5095619056748186	0.6285522343956909	0.9994495031292484
PF3D7_1446500	0.33611933428047563	0.4970165960679876	0.6368612952378047	0.9994495031292484
PF3D7_1446600	-0.37809041872669463	-0.5438156846297892	0.6061691629804126	0.9994495031292484
PF3D7_1446700	-0.19902893202369487	-0.36275988885086746	0.7292205489554086	0.9994495031292484
PF3D7_1446800	-0.6774844654812742	-2.2658629713653022	0.06403042947396417	0.9994495031292484
PF3D7_1446900	-0.17402939314055732	-0.3985715430461888	0.704005771987821	0.9994495031292484
PF3D7_1447000	0.13396380501768623	0.4735475075670266	0.6525611159134096	0.9994495031292484
PF3D7_1447100	-0.4041195882797564	-0.8011960495721562	0.4535685687454012	0.9994495031292484
PF3D7_1447200	-0.6272914006867321	-1.1376363219965013	0.29865303092670026	0.9994495031292484
PF3D7_1447300	-1.064676833125	-1.5012632685411693	0.18396377008386838	0.9994495031292484
PF3D7_1447400	0.4727178851047394	0.7628484611206061	0.47446753631227767	0.9994495031292484
PF3D7_1447500	-0.020926017729874426	-0.022417644633259824	0.9828417420902015	0.9994495031292484
PF3D7_1447600	0.1283611626762939	0.30488449733378226	0.7707531553688117	0.9994495031292484
PF3D7_1447700	-0.46221047264044385	-0.6719357884670446	0.5266366935914542	0.9994495031292484
PF3D7_1447800	0.58363745534688	1.2228379969430272	0.26723887261104357	0.9994495031292484
PF3D7_1447900	0.3096303543858683	0.8464341140050468	0.4297705677867393	0.9994495031292484
PF3D7_1448000	0.215957693901736	0.3511685910772103	0.7374640594200046	0.9994495031292484
PF3D7_1448100	-0.04596411896547135	-0.0449098485492944	0.965636533946402	0.9994495031292484
PF3D7_1448200	-0.18876045092872304	-0.24460231682679714	0.8149146353331466	0.9994495031292484
PF3D7_1448300	0.019494769184565424	0.03598140361974988	0.972464406810265	0.9994495031292484
PF3D7_1448400	-0.1907188156198909	-0.5020371940937022	0.6335289875310842	0.9994495031292484
PF3D7_1448500	0.29682207992889836	0.559106047207944	0.5963248110669285	0.9994495031292484
PF3D7_1448600	-0.030658882108405176	-0.08180002810502615	0.9374662414309904	0.9994495031292484
PF3D7_1448700	0.4373272785431969	0.4947564415122812	0.638364470653622	0.9994495031292484
PF3D7_1448800	-0.43254089485488817	-0.545314812258642	0.6051999170372799	0.9994495031292484
PF3D7_1448900	-0.32754612777304565	-0.49310586065748113	0.6394634245036389	0.9994495031292484
PF3D7_1449000	-0.5034758748234655	-0.4895843259119287	0.6418114072852048	0.9994495031292484
PF3D7_1449100	-0.3444563845991395	-1.0256379351467557	0.34462216813998203	0.9994495031292484
PF3D7_1449200	-0.35638824645881895	-0.525734321587477	0.6179283088015729	0.9994495031292484
PF3D7_1449300	-0.3465117500577855	-0.9358037239408261	0.3854921215418678	0.9994495031292484
PF3D7_1449400	0.05088492642788601	0.10077765353391734	0.9230101711918905	0.9994495031292484
PF3D7_1449500	0.37104772301391664	0.9929644305619626	0.3590686026044334	0.9994495031292484
PF3D7_1449600	0.31042601896828237	0.7701132843638819	0.4704573984052872	0.9994495031292484
PF3D7_1449700	0.21144989965833774	0.5876842199153252	0.5781754933240444	0.9994495031292484
PF3D7_1449800	-0.3518374328447384	-0.5632621941226339	0.5936649656104545	0.9994495031292484
PF3D7_1449900	-0.2487610184827306	-0.41584868284123505	0.6919843939061873	0.9994495031292484
PF3D7_1450000	-0.26263824174120637	-0.6802787065984574	0.5216977249275965	0.9994495031292484
PF3D7_1450100	0.02877729633013904	0.13202450216246284	0.89928097343613	0.9994495031292484
PF3D7_1450200	1.298358761364919	1.761857377251418	0.12856441481546277	0.9994495031292484
PF3D7_1450300	-0.138872642647786	-0.33641865812122335	0.7480093847156474	0.9994495031292484
PF3D7_1450400	0.180004608630516	0.29563512297217925	0.7774731107519413	0.9994495031292484
PF3D7_1450500	0.14957987940130807	0.22683111876647719	0.8280858244035232	0.9994495031292484
PF3D7_1450600	-0.3661767962011852	-1.373478769991103	0.21871395088951037	0.9994495031292484
PF3D7_1450700	-0.06209750460670028	-0.13495084516022363	0.8970640884476726	0.9994495031292484
PF3D7_1450800	0.01599313652889259	0.05328956541987245	0.9592311835147208	0.9994495031292484
PF3D7_1450900	-0.11042929785068974	-0.3029063327479075	0.7721885450266464	0.9994495031292484
PF3D7_1451000	0.41261204315302386	1.3810421354752649	0.21650043181996187	0.9994495031292484
PF3D7_1451100	0.8757407639359241	1.1261804346600894	0.3031072468645845	0.9994495031292484
PF3D7_1451200	-0.01661409836204613	-0.02643513107165336	0.9797675671400092	0.9994495031292484
PF3D7_1451300	-0.7034615467961848	-1.4053788288699147	0.2095155677645752	0.9994495031292484
PF3D7_1451400	0.1327642321030319	0.33006106769561183	0.7525733437284476	0.9994495031292484
PF3D7_1451500	-0.2795681496919154	-0.3851242415830251	0.7134278891742671	0.9994495031292484
PF3D7_1451600	-0.2810702894628288	-0.41887609650587976	0.6898878867515033	0.9994495031292484
PF3D7_1451700	-0.4009798024078212	-0.567410950118649	0.5910167224857608	0.9994495031292484
PF3D7_1451800	0.2137854488781358	0.33978185630419955	0.7455995305839856	0.9994495031292484
PF3D7_1451900	-0.11435552278854048	-0.17840417694846583	0.8642768936350543	0.9994495031292484
PF3D7_1452000	0.4771671426591656	1.155600203336746	0.2917797532929274	0.9994495031292484
PF3D7_1452100	-1.7044908150693143	-1.9894681210424663	0.09378514249898566	0.9994495031292484
PF3D7_1452200	0.1930303758455678	0.3605508288748783	0.7307885767892343	0.9994495031292484
PF3D7_1452300	0.9261232095035404	1.4249341620754652	0.20405288424154686	0.9994495031292484
PF3D7_1452400	-0.2604988101717865	-0.7688531693080365	0.47115127292703096	0.9994495031292484
PF3D7_1452500	-0.1260566491324734	-0.6661319008306846	0.5300903488615201	0.9994495031292484
PF3D7_1452600	0.010816950299802267	0.022984791847717487	0.982407740928201	0.9994495031292484
PF3D7_1452700	-0.7023847518180905	-1.293826869193004	0.24329495034830498	0.9994495031292484
PF3D7_1452800	0.2959420969378273	0.393688183016153	0.7074208559183568	0.9994495031292484
PF3D7_1452900	-0.07290599858360249	-0.09465200139061132	0.9276731151710852	0.9994495031292484
PF3D7_1453000	0.19015235239849648	0.41153339725204463	0.6949779356224017	0.9994495031292484
PF3D7_1453100	0.5147227511096436	1.1311223625759173	0.30117894220819497	0.9994495031292484
PF3D7_1453200	-0.1256194318161542	-0.2540783281475024	0.8079181431555644	0.9994495031292484
PF3D7_1453300	-0.23881422932020197	-0.20974035503619418	0.8408108268376917	0.9994495031292484
PF3D7_1453400	0.04181748286861705	0.0731157634913616	0.9440905097741978	0.9994495031292484
PF3D7_1453500	-1.5112713537913771	-1.5499159745054452	0.17213800461114165	0.9994495031292484
PF3D7_1453600	-0.45804919012798423	-0.9899705214010497	0.36041615248640957	0.9994495031292484
PF3D7_1453700	0.42001453570000175	0.9481975279793279	0.3796378318113336	0.9994495031292484
PF3D7_1453800	0.15716142531630303	0.6356513464668386	0.5484655266594145	0.9994495031292484
PF3D7_1453900	0.045238133028950155	0.06079826379944081	0.9534944459829766	0.9994495031292484
PF3D7_1454000	-0.18118628128783035	-1.0899207118140308	0.3175741400450073	0.9994495031292484
PF3D7_1454100	1.0900247135272845	1.0359784464247779	0.3401488581062053	0.9994495031292484
PF3D7_1454200	-0.7456047350570992	-1.1467894330958142	0.29513397114234585	0.9994495031292484
PF3D7_1454300	0.08378915935180917	0.11473714506258095	0.912396823903228	0.9994495031292484
PF3D7_1454400	0.4110721201805277	1.0176572315244101	0.3481069840962122	0.9994495031292484
PF3D7_1454500	-0.42050991805663257	-0.5218608064760393	0.6204638235178341	0.9994495031292484
PF3D7_1454600	-0.5040712697105275	-1.1711535834608706	0.28593771484425806	0.9994495031292484
PF3D7_1454700	0.6059213743293514	1.7916793834475933	0.12336568649098818	0.9994495031292484
PF3D7_1454800	0.7967330562783721	0.7037960703096603	0.5079388831525216	0.9994495031292484
PF3D7_1454900	0.205091996138769	0.29928435943014053	0.7748192683995787	0.9994495031292484
PF3D7_1455000	-0.945778284968315	-2.569264431908963	0.042376925418482286	0.9994495031292484
PF3D7_1455100	-0.39795063537279035	-0.49462926888769393	0.6384491062410345	0.9994495031292484
PF3D7_1455200	-0.4457485732569667	-1.1010603543968867	0.3130696811664718	0.9994495031292484
PF3D7_1455300	-0.7640106697392207	-0.9379840218446173	0.3844572079866232	0.9994495031292484
PF3D7_1455400	0.9204105387890043	0.9213190087268298	0.3924221957418057	0.9994495031292484
PF3D7_1455500	-0.0496101455373663	-0.2660138159553388	0.7991334373968637	0.9994495031292484
PF3D7_1455600	0.07380888779397625	0.18785603428595313	0.8571816296228235	0.9994495031292484
PF3D7_1455700	0.34561680395794986	0.8658642788363213	0.41983476083433763	0.9994495031292484
PF3D7_1455800	0.8675039233559039	0.9061618768088848	0.3997758819974713	0.9994495031292484
PF3D7_1455900	0.26886779206311373	0.5051383317208654	0.6314753658567132	0.9994495031292484
PF3D7_1456000	-0.09826921250273533	-0.22156518884375395	0.8320007112945373	0.9994495031292484
PF3D7_1456100	2.3617906829159425	2.962738415771562	0.02519337404219352	0.9994495031292484
PF3D7_1456200	0.042442656150638663	0.07723734897313243	0.9409459595825727	0.9994495031292484
PF3D7_1456300	-1.2034563085641663	-1.634292492930806	0.15331550355388915	0.9994495031292484
PF3D7_1456400	-0.5072889552387319	-0.5831688447834968	0.5810211548943749	0.9994495031292484
PF3D7_1456500	0.4977705886834887	0.8553220428417049	0.4252043139770934	0.9994495031292484
PF3D7_1456600	0.07599509690759541	0.09187819165787506	0.9297856317045898	0.9994495031292484
PF3D7_1456700	-0.29060918685562587	-0.5069404586424593	0.6302836208744909	0.9994495031292484
PF3D7_1456800	-0.03823836558032829	-0.10439909019757675	0.9202550394139182	0.9994495031292484
PF3D7_1456900	0.3479623474129185	0.7781886094839778	0.4660277421193928	0.9994495031292484
PF3D7_1457000	0.6218604215807223	1.3929395366290966	0.21305967986798857	0.9994495031292484
PF3D7_1457100	0.5259369303927958	2.387216341415046	0.05423169713965147	0.9994495031292484
PF3D7_1457200	-0.6989816021409151	-0.9256169955891292	0.390355942883569	0.9994495031292484
PF3D7_1457300	0.8660827930848329	1.5084316124258228	0.1821747926613495	0.9994495031292484
PF3D7_1457400	0.6618312252364225	1.5140114419298958	0.18079353473754312	0.9994495031292484
PF3D7_1457500	-0.4146111615282596	-1.239306431131494	0.2615076057193195	0.9994495031292484
PF3D7_1457600	-0.15790644985127747	-0.4065800516019149	0.6984215440476834	0.9994495031292484
PF3D7_1457700	0.18649624382673147	0.7203349058894862	0.49840835793023763	0.9994495031292484
PF3D7_1457800	-0.21854419859776894	-0.8731165707006104	0.41617027116909616	0.9994495031292484
PF3D7_1457900	0.5070284458094555	0.796861570716517	0.4558975132053149	0.9994495031292484
PF3D7_1458000	0.2139964013558301	0.706812082703523	0.5061919073885166	0.9994495031292484
PF3D7_1458100	-0.06725891939563745	-0.12449142632258749	0.904992274836121	0.9994495031292484
PF3D7_1458200	-0.023308299753125514	-0.043908583835695354	0.9664020864662679	0.9994495031292484
PF3D7_1458300	0.3934541863094578	0.8792751482667166	0.41307721861912566	0.9994495031292484
PF3D7_1458400	0.4407161941997815	0.6513729217323992	0.5389381764348478	0.9994495031292484
PF3D7_1458500	0.25938403487167877	0.6591854017652297	0.5342430306348642	0.9994495031292484
PF3D7_1458600	0.48366526973932056	1.1760964945508119	0.28410211789680945	0.9994495031292484
PF3D7_1458700	0.2634424301416767	0.5110680829838118	0.6275586183161634	0.9994495031292484
PF3D7_1458800	0.5803295530124448	1.655768649506896	0.14884829322191878	0.9994495031292484
PF3D7_1458900	-0.24390453979205112	-0.44239259237002765	0.6737063110675984	0.9994495031292484
PF3D7_1459000	0.16971215701051995	0.3727796978786471	0.7221264255879529	0.9994495031292484
PF3D7_1459100	0.7269226371066706	1.5645895058458155	0.16871432103047856	0.9994495031292484
PF3D7_1459200	-0.07925278621198602	-0.23681139177873325	0.8206810458320953	0.9994495031292484
PF3D7_1459300	-0.17504232721664456	-0.3298868562962344	0.7526985613100974	0.9994495031292484
PF3D7_1459400	0.11961928066125031	0.18112442716242075	0.8622334171911135	0.9994495031292484
PF3D7_1459500	-0.4210818986539025	-0.4917679473895461	0.6403549411714593	0.9994495031292484
PF3D7_1459600	0.18985972529010725	0.41313422681808815	0.6938667227005383	0.9994495031292484
PF3D7_1459700	-0.5117130910412226	-1.5209289366297347	0.1790947656416817	0.9994495031292484
PF3D7_1459800	0.3460458466461503	0.36875256131668105	0.7249740905284727	0.9994495031292484
PF3D7_1459900	0.3148220916663547	0.18501713549472312	0.8593112152870508	0.9994495031292484
PF3D7_1460000	0.43981771520066065	0.8337955098354128	0.4363256553698806	0.9994495031292484
PF3D7_1460100	-1.1801770635455016	-1.9584392999754032	0.09790675326842528	0.9994495031292484
PF3D7_1460200	0.3583713005642043	0.7146081697976914	0.5016947265339782	0.9994495031292484
PF3D7_1460300	-0.47612296993661063	-0.675006361677431	0.5248154170045287	0.9994495031292484
PF3D7_1460400	-0.07246068125193773	-0.14246899304337665	0.8913733475708694	0.9994495031292484
PF3D7_1460500	0.4616703338818665	0.8870622765123506	0.409190962829019	0.9994495031292484
PF3D7_1460600	1.4428027646744321	1.0441631513661067	0.33664160573628715	0.9994495031292484
PF3D7_1460700	-0.4116610154626533	-0.5594135028946884	0.5961278105755382	0.9994495031292484
PF3D7_1460800	0.1031240023735681	0.36909200201998194	0.7247338786190991	0.9994495031292484
PF3D7_1460900	-0.6866009355699157	-1.7631699326614043	0.12833114953018543	0.9994495031292484
PF3D7_1461000	0.8664906845191825	1.2354312373894698	0.2628465050056879	0.9994495031292484
PF3D7_1461100	-0.225529579066025	-0.6538990797163956	0.537417143468285	0.9994495031292484
PF3D7_1461200	-0.46733047611448475	-0.4631300979164879	0.659593586217933	0.9994495031292484
PF3D7_1461300	-0.5148001593990148	-0.5889137633980172	0.5774020549076756	0.9994495031292484
PF3D7_1461400	-0.024173609444579372	-0.1248694036205866	0.9047055546601043	0.9994495031292484
PF3D7_1461500	0.3653328803637432	0.4863530485940802	0.6439698606892934	0.9994495031292484
PF3D7_1461600	-0.17972751654063346	-0.36196146510107124	0.7297871184314642	0.9994495031292484
PF3D7_1461700	-0.5628271435386615	-0.8588736795232191	0.423389682451916	0.9994495031292484
PF3D7_1461800	1.0100021712023461	1.2618792280211195	0.25382654932516735	0.9994495031292484
PF3D7_1461900	0.7003348524182971	0.8890061983120787	0.40822512998263505	0.9994495031292484
PF3D7_1462000	0.4775125498743829	0.736586009576745	0.4891616317600943	0.9994495031292484
PF3D7_1462100	-0.049530142805498056	-0.19176889771880898	0.8542485769986531	0.9994495031292484
PF3D7_1462200	0.16180425838787083	0.17781927425030886	0.8647164287549159	0.9994495031292484
PF3D7_1462300	0.559210173109353	1.3320176359028146	0.23121581428559576	0.9994495031292484
PF3D7_1462400	-0.6075384731944334	-0.9321749837099473	0.38721933322067814	0.9994495031292484
PF3D7_1462500	-0.07147378629489984	-0.09413872363739147	0.9280639762161137	0.9994495031292484
PF3D7_1462600	0.866055634470503	1.5405781609253404	0.1743507738767847	0.9994495031292484
PF3D7_1462700	-0.11076610194163264	-0.26119904228868707	0.802673395959929	0.9994495031292484
PF3D7_1462800	0.5132368955779277	1.406865184532881	0.20909570717687956	0.9994495031292484
PF3D7_1462900	0.9981536539232478	1.220000372742728	0.26823736611877297	0.9994495031292484
PF3D7_1463000	0.33609905966015163	0.34140983293405003	0.7444341558421366	0.9994495031292484
PF3D7_1463100	0.08412848833819087	0.1547520790721298	0.8820912668498851	0.9994495031292484
PF3D7_1463200	0.28710041799372016	1.03538906354049	0.3404025560396044	0.9994495031292484
PF3D7_1463300	0.5744585279989751	1.1097870235430027	0.30957818849717306	0.9994495031292484
PF3D7_1463400	0.40514879014132604	1.1201184685221517	0.3054867379703276	0.9994495031292484
PF3D7_1463500	0.049121060239409584	0.057889639771605994	0.9557163287231422	0.9994495031292484
PF3D7_1463600	-1.1632396415550068	-0.9293625859807654	0.3885620836871053	0.9994495031292484
PF3D7_1463700	0.5428758406334439	1.5549818233971435	0.17094866949452606	0.9994495031292484
PF3D7_1463800	-0.22936523170732653	-0.2509909699045017	0.8101955541290775	0.9994495031292484
PF3D7_1463900	0.24346807746811724	0.4628941236865414	0.6597533312003181	0.9994495031292484
PF3D7_1464000	0.28599671486360967	0.6677135678390423	0.5291477208914427	0.9994495031292484
PF3D7_1464100	0.38121259356783554	0.7413941505797853	0.4864483717670597	0.9994495031292484
PF3D7_1464200	-0.10375455783823949	-0.2006047261124485	0.8476347671120052	0.9994495031292484
PF3D7_1464300	-0.5320631703314536	-0.6251562374137528	0.5548839243341215	0.9994495031292484
PF3D7_1464400	-0.5484792109534922	-0.9166017824614472	0.3946996431032964	0.9994495031292484
PF3D7_1464500	0.539778725456361	1.3482681256838052	0.22624098705242293	0.9994495031292484
PF3D7_1464600	0.11370190529316994	0.21721894076660586	0.8352358621237831	0.9994495031292484
PF3D7_1464700	-0.20423030839580653	-0.512461330851214	0.6266402620744097	0.9994495031292484
PF3D7_1464800	0.13981335894145006	0.23134167094812236	0.8247368068273354	0.9994495031292484
PF3D7_1464900	-0.471583853488139	-0.8624059812141442	0.42159062469332254	0.9994495031292484
PF3D7_1465000	0.14504806363114897	0.24426591366589984	0.8151633630054798	0.9994495031292484
PF3D7_1465100	0.22469598477722613	0.4762976380185637	0.6507110558801079	0.9994495031292484
PF3D7_1465200	0.41867957090563446	1.8461747130642325	0.11439501587076703	0.9994495031292484
PF3D7_1465300	0.04727062351135284	0.14584123403452018	0.8888230634636514	0.9994495031292484
PF3D7_1465400	-0.32848810568416204	-0.6163538761967472	0.5603028122075492	0.9994495031292484
PF3D7_1465500	-0.8377526586971793	-0.926692114877028	0.3898403900349533	0.9994495031292484
PF3D7_1465600	-1.6049325487970452	-1.7310496454558773	0.13416012168129574	0.9994495031292484
PF3D7_1465700	0.2141075933478338	0.34990584758292415	0.73836443959958	0.9994495031292484
PF3D7_1465800	-0.21343697809009748	-0.5040686383967315	0.6321833277874438	0.9994495031292484
PF3D7_1465900	-0.5220236050705958	-0.6939167215202425	0.5136893222863141	0.9994495031292484
PF3D7_1466000	-1.3468541533457832	-2.5322643654657004	0.04454336009962058	0.9994495031292484
PF3D7_1466100	-0.295831422105613	-0.8902277273165617	0.40761909580506606	0.9994495031292484
PF3D7_1466200	-0.2117717093852049	-0.3235466200307805	0.7572613021852724	0.9994495031292484
PF3D7_1466300	0.0824697478709395	0.10746955991593743	0.9179200229831019	0.9994495031292484
PF3D7_1466400	0.5652462585023612	2.141139466235708	0.07603065361613105	0.9994495031292484
PF3D7_1466500	0.33620343450116624	0.30386922715435405	0.7714897287299127	0.9994495031292484
PF3D7_1466600	-1.0867052978740999	-0.9545811261467919	0.37664958388623976	0.9994495031292484
PF3D7_1466700	-0.3123974509385842	-0.4187311589322925	0.6899881886259112	0.9994495031292484
PF3D7_1466800	0.1540650730671667	0.40454375841219664	0.699839483173937	0.9994495031292484
PF3D7_1466900	-0.006112220646323688	-0.013550591489895705	0.9896278594259789	0.9994495031292484
PF3D7_1467000	1.4634919282849275	2.8224214992417265	0.03025765431418872	0.9994495031292484
PF3D7_1467100	-0.3581173943164553	-0.6967316233266782	0.5120464998901149	0.9994495031292484
PF3D7_1467200	-0.41601523652008304	-0.9964900402003524	0.35748687467715756	0.9994495031292484
PF3D7_1467300	-0.25583060382741946	-0.7808355017788543	0.4645822052202858	0.9994495031292484
PF3D7_1467400	-0.40317687429169213	-1.0578698484043645	0.33083405744524863	0.9994495031292484
PF3D7_1467500	-0.519707679086097	-2.0515199247948464	0.08606075273640033	0.9994495031292484
PF3D7_1467600	0.3739117328291099	0.4724167058833256	0.6533226129673197	0.9994495031292484
PF3D7_1467700	-0.7536917541556648	-1.109190190965048	0.3098159385630223	0.9994495031292484
PF3D7_1467800	-0.8308687506030498	-0.9669942902507247	0.37089143210272574	0.9994495031292484
PF3D7_1467900	0.27619865481981926	0.5996744300628317	0.5706595281552738	0.9994495031292484
PF3D7_1468000	0.16702444303397354	0.2967636368792432	0.7766520655648141	0.9994495031292484
PF3D7_1468100	0.34256111448811505	0.49281598247921676	0.6396565285276414	0.9994495031292484
PF3D7_1468200	-0.27538011089276365	-0.5849255422146682	0.57991306961963	0.9994495031292484
PF3D7_1468300	-0.004003470875927037	-0.005552886772924974	0.9957494819865638	0.999657757528891
PF3D7_1468400	-0.15452460376632254	-0.34073680654263383	0.7449158470026999	0.9994495031292484
PF3D7_1468500	-0.22023358507962892	-0.2619252370112972	0.8021391457424951	0.9994495031292484
PF3D7_1468600	0.8601002116136467	1.4403534330701147	0.19983813122844601	0.9994495031292484
PF3D7_1468700	0.21521967844500778	0.6626529082524536	0.5321675254461282	0.9994495031292484
PF3D7_1468800	0.19912190769859972	0.4694121512025182	0.6553481422331179	0.9994495031292484
PF3D7_1468900	0.4415407875400687	1.6430619120791978	0.1514760558438323	0.9994495031292484
PF3D7_1469000	0.45400291772922213	0.7108105056651048	0.5038820634940985	0.9994495031292484
PF3D7_1469100	0.3450423330837883	0.7620980648350246	0.47488310198504247	0.9994495031292484
PF3D7_1469200	0.38044379875797807	0.8837031548358246	0.4108639868014047	0.9994495031292484
PF3D7_1469300	0.260030061308834	0.5105976590991619	0.6278688623982429	0.9994495031292484
PF3D7_1469400	-0.12856169714612212	-0.19768132558313586	0.8498215213403595	0.9994495031292484
PF3D7_1469500	0.03961317650696268	0.05039426715927967	0.9614439626316472	0.9994495031292484
PF3D7_1469600	-0.5643022448168353	-1.1082116195673275	0.31020608530905436	0.9994495031292484
PF3D7_1469700	0.5687360290009401	1.807345921567087	0.12071796670938015	0.9994495031292484
PF3D7_1469800	0.015563402282386311	0.05035966620492276	0.9614704092975108	0.9994495031292484
PF3D7_1469900	-0.09286774654812903	-0.7079620008016629	0.5055268908066779	0.9994495031292484
PF3D7_1470000	0.5503127382892532	0.7123824037404003	0.5029759265120644	0.9994495031292484
PF3D7_1470100	0.12991741603206572	0.25136750394685337	0.8099176916141863	0.9994495031292484
PF3D7_1470200	-0.7096170499424659	-1.5007781990107094	0.18408541834850542	0.9994495031292484
PF3D7_1470300	0.08130763347973378	0.17929362550211725	0.8636086043940747	0.9994495031292484
PF3D7_1470400	-0.2821132588599492	-0.40678055300421634	0.6982820001728813	0.9994495031292484
PF3D7_1470500	-0.025223724837971934	-0.07819302781532265	0.9402169918700826	0.9994495031292484
PF3D7_1470600	-0.37087955371876924	-1.282485615049212	0.24698852699781917	0.9994495031292484
PF3D7_1470700	0.5186426336893001	1.5103712005776029	0.18169354135068394	0.9994495031292484
PF3D7_1470800	-0.703869795572514	-2.2729664537294667	0.06340894117249588	0.9994495031292484
PF3D7_1470900	-0.05887997764795349	-0.09420273511646302	0.9280152302670474	0.9994495031292484
PF3D7_1471000	0.2851832177001803	0.9163362091196512	0.39482816050653163	0.9994495031292484
PF3D7_1471100	0.02447168210619495	0.07220000468569338	0.9447893371416947	0.9994495031292484
PF3D7_1471200	0.16455371864244459	0.6976727632134968	0.5114980100469024	0.9994495031292484
PF3D7_1471300	-0.4016776746087438	-3.009474911500936	0.023716565453116147	0.9994495031292484
PF3D7_1471400	-0.12547695371501402	-0.3055344526160846	0.7702817535593486	0.9994495031292484
PF3D7_1471500	0.7424322793426424	0.8510622302616615	0.4273883451857129	0.9994495031292484
PF3D7_1471600	0.5928132192337465	0.8471693028582616	0.4293914940749314	0.9994495031292484
PF3D7_1471700	-0.626250969408271	-0.89221389895772	0.40663515044203086	0.9994495031292484
PF3D7_1471800	0.39979053862691744	0.6717386983177512	0.5267537349157132	0.9994495031292484
PF3D7_1471900	0.040642511957162245	0.0916160578724645	0.92998530392791	0.9994495031292484
PF3D7_1472000	-0.4654779760377703	-0.6471244571090067	0.5415023860929391	0.9994495031292484
PF3D7_1472100	0.11829857090894498	0.41860062971294076	0.690078525320462	0.9994495031292484
PF3D7_1472200	0.15628894086743586	0.24590920078480769	0.8139485842050779	0.9994495031292484
PF3D7_1472300	0.09932662950115391	0.18528950826727753	0.8591068396291518	0.9994495031292484
PF3D7_1472400	0.1030784451156873	0.2502438557383554	0.8107469752016601	0.9994495031292484
PF3D7_1472500	-0.5306809109022674	-0.770502788138119	0.470243065132638	0.9994495031292484
PF3D7_1472600	-0.37499639947010105	-1.2024156379969593	0.27449742314966674	0.9994495031292484
PF3D7_1472700	-0.6026849550013997	-0.9380505203372974	0.3844256772150509	0.9994495031292484
PF3D7_1472800	-0.6532929792908098	-1.7320614992017325	0.1339726162978097	0.9994495031292484
PF3D7_1472900	0.11844406779885054	0.5111001344627136	0.6275374834312486	0.9994495031292484
PF3D7_1473100	-0.15128529746726602	-0.4538754435997072	0.665873278861959	0.9994495031292484
PF3D7_1473200	0.16645551472813133	0.39103247420568615	0.7092812173462852	0.9994495031292484
PF3D7_1473300	-0.598277481762922	-1.061392671230388	0.32935472983118835	0.9994495031292484
PF3D7_1473400	0.3098714166447865	0.47765925498404627	0.6497960796422377	0.9994495031292484
PF3D7_1473500	0.2512889423516369	0.74938039172773	0.4819645010591499	0.9994495031292484
PF3D7_1473600	0.17392788119861866	0.2720630989336501	0.7946932476986013	0.9994495031292484
PF3D7_1473700	0.843444498087359	1.3661617392945482	0.22087488865669985	0.9994495031292484
PF3D7_1473900	0.9052284238316949	1.8538959408748628	0.11317731501694767	0.9994495031292484
PF3D7_1474000	0.04086943366427036	0.04659006516198337	0.9643519552891777	0.9994495031292484
PF3D7_1474100	-0.6666497981920337	-0.9138882069275358	0.39601431602130044	0.9994495031292484
PF3D7_1474200	-0.5852919844770567	-0.6493599950943625	0.5401521403146994	0.9994495031292484
PF3D7_1474300	0.34752561558449124	1.3931676060755878	0.21299421084659165	0.9994495031292484
PF3D7_1474400	-0.30198686954071313	-0.4453448928614591	0.6716880588194281	0.9994495031292484
PF3D7_1474500	-0.29832977979992764	-1.4371997030056627	0.20069360693306093	0.9994495031292484
PF3D7_1474600	0.21200920263341297	0.46963721492583915	0.6551963032202588	0.9994495031292484
PF3D7_1474700	0.2075349804575434	0.5019803860273866	0.6335666401786195	0.9994495031292484
PF3D7_1474800	-0.10321524476422361	-0.16678441231573277	0.8730185210856586	0.9994495031292484
PF3D7_1474900	-0.049790408919049775	-0.14180314371023087	0.891877070932825	0.9994495031292484
PF3D7_1475000	0.8001245897680821	1.2086675326937502	0.272257460130723	0.9994495031292484
PF3D7_1475100	0.1160451937662446	0.30028488463239045	0.7740922343404848	0.9994495031292484
PF3D7_1475200	-0.44648407131427986	-1.017749824706272	0.3480663908284505	0.9994495031292484
PF3D7_1475300	-0.37013630134898784	-0.760698422263929	0.4756588926181802	0.9994495031292484
PF3D7_1475400	-0.48901722827058175	-0.6180673626946376	0.5592454172434668	0.9994495031292484
PF3D7_1475500	0.23438508483839102	0.6782947266196594	0.5228694937094742	0.9994495031292484
PF3D7_1475600	0.1715481736857871	1.2794205564843586	0.24799522664230064	0.9994495031292484
PF3D7_1475700	1.3025055387475846	2.356585909482666	0.056547211326084534	0.9994495031292484
PF3D7_1475800	-0.19043925764236555	-0.3786662311932731	0.7179727200883965	0.9994495031292484
PF3D7_1475900	1.6256875614581252	1.9171294787535347	0.10367795407143349	0.9994495031292484
PF3D7_1476000	0.10447270840840861	0.10477471642103182	0.9199693376325009	0.9994495031292484
PF3D7_1476100	0.5510200745295799	0.5169240584887016	0.6237036026968747	0.9994495031292484
PF3D7_1476200	0.19060813242940838	0.5140007440897483	0.6256264132247366	0.9994495031292484
PF3D7_1476300	0.4657156239516507	1.364185189289242	0.2214619302793262	0.9994495031292484
PF3D7_1476400	-0.41730729807753186	-1.232259475760068	0.26394681080666205	0.9994495031292484
PF3D7_1476500	0.008005279543173266	0.02820525481325447	0.978413188394857	0.9994495031292484
PF3D7_1476600	0.11873989465077785	0.11309194311370899	0.9136466825636353	0.9994495031292484
PF3D7_1476700	-1.1817150062710635	-1.195484436463343	0.27699934403957394	0.9994495031292484
PF3D7_1476800	0.25171056932290364	0.3593100161500478	0.7316699527204578	0.9994495031292484
PF3D7_1476900	0.050578248556728544	0.0776952783689221	0.9405966547181122	0.9994495031292484
PF3D7_1477000	-0.3521317345779594	-0.7571302075114977	0.47764065226369457	0.9994495031292484
PF3D7_1477100	-0.37659873555871404	-0.5972446914187916	0.572177822287731	0.9994495031292484
PF3D7_1477200	-0.2704068553766172	-0.36936410009258874	0.7245413478380012	0.9994495031292484
PF3D7_1477300	1.3957000675947402	2.240685066395615	0.06628459740266794	0.9994495031292484
PF3D7_1477400	-0.549666472419984	-0.4333553482987005	0.679902817536131	0.9994495031292484
PF3D7_1477500	0.14339366194230366	0.6972515619245306	0.5117434352388557	0.9994495031292484
PF3D7_1477600	-0.026314416530055455	-0.03741148821193604	0.9713705859118642	0.9994495031292484
PF3D7_1477700	0.20814693237718698	0.28654205342868394	0.7841001386305976	0.9994495031292484
PF3D7_1477800	-1.3910933275845938	-0.9869507183743107	0.36177942067558	0.9994495031292484
PF3D7_1477900	-1.6445042748443182	-1.9103880489182432	0.10465159655113863	0.9994495031292484
PF3D7_1478000	-0.6601040068897462	-1.99773603888255	0.09271672207195387	0.9994495031292484
PF3D7_1478100	-0.07597313602196426	-0.06859840850160237	0.9475382777285117	0.9994495031292484
PF3D7_1478400	0.15931060873188543	0.3312676634529602	0.7517063079361871	0.9994495031292484
PF3D7_1478600	-0.30965560396889447	-0.6735230783130658	0.5256947000819676	0.9994495031292484
PF3D7_1478700	0.1414868013854622	0.22361928025969896	0.8304729882144078	0.9994495031292484
PF3D7_1478800	0.6127775053674919	0.7680527402856282	0.47159239518611173	0.9994495031292484
PF3D7_1478900	-0.38654072489388946	-0.9791796096871692	0.3653064179060251	0.9994495031292484
PF3D7_1479000	-0.41873883568406844	-0.542119469505459	0.6072668936916139	0.9994495031292484
PF3D7_1479100	-0.19225577179772566	-0.3038937085148001	0.7714719645516147	0.9994495031292484
PF3D7_1479500	1.0456595822984522	1.1507729494498873	0.2936134387338387	0.9994495031292484
PF3D7_1479600	0.26938300055212816	0.4723664843328659	0.653356443455487	0.9994495031292484
PF3D7_1479700	1.1123818871398201	1.3479907033855762	0.2263251009833787	0.9994495031292484
PF3D7_1479800	0.14367109794283034	0.12463905279784708	0.9048802887554259	0.9994495031292484
PF3D7_1479900	0.6822720186690249	0.8298529092517336	0.4383853724831718	0.9994495031292484
PF3D7_1480000	-0.8989523290172682	-1.541947597104106	0.17402459123195804	0.9994495031292484
PF3D7_API01500	-0.37949364536607344	-1.000000000000001	0.3559176837495817	0.9994495031292484
PF3D7_API01600	0.4806133565700166	1.0000000000000013	0.35591768374958144	0.9994495031292484
PF3D7_API02900	0.45333288174995734	0.44285180445816363	0.6733921883128429	0.9994495031292484
PF3D7_API03600	-0.420311220217144	-0.546878037314745	0.6041901671947643	0.9994495031292484
PF3D7_API04400	0.027361910788114032	0.07062040353694733	0.9459948773661427	0.9994495031292484
PF3D7_API04500	-0.37949364536607344	-1.000000000000001	0.3559176837495817	0.9994495031292484
PF3D7_API04700	-0.37070534470455746	-1.000000000000002	0.35591768374958144	0.9994495031292484
PF3D7_API04900	-2.802255347657471	-1.726996149204308	0.13491383722134498	0.9994495031292484
PF3D7_API05700	-0.7978155774282947	-0.4974317838840368	0.6365853690463813	0.9994495031292484
mal_mito_1	-0.36901546809787544	-0.2879190735152637	0.7830952741315211	0.9994495031292484
mal_mito_2	-0.8643359236070866	-0.6971858266565621	0.511781744825057	0.9994495031292484
mal_mito_3	-1.5114920708321038	-1.216305372513426	0.2695424020997848	0.9994495031292484
mal_rna_10	-0.7472257365927135	-0.6917159498628083	0.5149761450991728	0.9994495031292484
mal_rna_11	-0.45267448520499987	-0.31177360259877657	0.7657621004182509	0.9994495031292484
mal_rna_12	0.8753482171014798	0.7003375342322491	0.5099471077228364	0.9994495031292484
mal_rna_13	-0.4706415797328874	-0.6212994513227258	0.5572542335663326	0.9994495031292484
mal_rna_14	-1.1701486734344355	-0.9809354795494927	0.3645071303788003	0.9994495031292484
mal_rna_15	-1.0805613479196203	-1.3989950323445777	0.21132761424449095	0.9994495031292484
mal_rna_17	-0.2687284390662353	-0.15952063554982007	0.8784931972311025	0.9994495031292484
mal_rna_18	0.0977694193706726	0.11513942168490858	0.9120912562971755	0.9994495031292484
mal_rna_19	-0.02714711898180745	-0.015114837340924066	0.9884306267392937	0.9994495031292484
mal_rna_9	-0.8514584582372743	-0.8733280571652257	0.41606376904762	0.9994495031292484
malmito_SSUB	0.20564882517986757	0.11783947501322221	0.9100407364839607	0.9994495031292484
malmito_rna_1	-0.37949364536607344	-1.000000000000001	0.3559176837495817	0.9994495031292484
malmito_rna_10	-0.7185942437789818	-0.5790123135625868	0.583647991807617	0.9994495031292484
malmito_rna_23	0.24157772143502115	0.2913382572251725	0.7806021504852039	0.9994495031292484
malmito_rna_27	1.1866253748784865	1.6517860397479844	0.14966714741774315	0.9994495031292484
malmito_rna_LSUC	-1.6519848887659208	-1.907335965334019	0.10509539960053739	0.9994495031292484
malmito_rna_LSUF	0.3872541108527965	0.33587525852646566	0.7483990441911703	0.9994495031292484
malmito_rna_LSUG	-0.2908477340504244	-0.1289658323111627	0.9015991689990055	0.9994495031292484
malmito_rna_RNA11	-0.37070534470455746	-1.000000000000002	0.35591768374958144	0.9994495031292484
malmito_rna_RNA18	0.8234648449337282	1.2070029920835845	0.27285229255282295	0.9994495031292484
malmito_rna_RNA22	-0.5122122286296458	-0.9999999999999991	0.3559176837495825	0.9994495031292484
malmito_rna_RNA6	0.09891451476898591	0.12298049296775283	0.9061385716583372	0.9994495031292484
malmito_rna_RNA7	-1.4640835727664947	-1.064858777619321	0.32790451189591463	0.9994495031292484
