GENE	MRA1250_2hDHA	MRA1250_2hDMSO	MRA1250_4hDHA	MRA1250_4hDMSO	MRA1250_6hDHA	MRA1250_6hDMSO	MRA1250_Ctrl	MRA1251_2hDHA	MRA1251_2hDMSO	MRA1251_4hDHA	MRA1251_4hDMSO	MRA1251_6hDHA	MRA1251_6hDMSO	MRA1251_Ctrl
PF3D7_0100100	1281.0	1284.0	1795.0	1947.0	1225.0	838.0	666.0	2754.0	1549.0	1958.0	1716.0	1507.0	1050.0	3526.0
PF3D7_0100200	18.0	29.0	38.0	31.0	23.0	0.0	18.0	87.0	29.0	55.0	26.0	39.0	34.0	71.0
PF3D7_0100300	135.0	95.0	178.0	128.0	114.0	96.0	94.0	367.0	190.0	215.0	191.0	188.0	106.0	291.0
PF3D7_0100400	120.0	143.0	158.0	152.0	91.0	85.0	36.0	381.0	141.0	216.0	183.0	102.0	142.0	326.0
PF3D7_0100600	67.0	57.0	87.0	86.0	54.0	44.0	20.0	207.0	66.0	99.0	57.0	62.0	38.0	172.0
PF3D7_0100800	39.0	34.0	34.0	30.0	25.0	20.0	0.0	57.0	33.0	51.0	18.0	34.0	14.0	44.0
PF3D7_0100900	32.0	36.0	50.0	54.0	30.0	19.0	28.0	93.0	56.0	64.0	48.0	69.0	36.0	90.0
PF3D7_0101000	18.0	20.0	40.0	34.0	27.0	14.0	17.0	56.0	21.0	43.0	19.0	23.0	12.0	35.0
PF3D7_0101300	0.0	0.0	13.0	15.0	15.0	0.0	15.0	63.0	81.0	19.0	24.0	0.0	10.0	15.0
PF3D7_0101600	128.0	87.0	171.0	142.0	95.0	73.0	52.0	437.0	144.0	165.0	120.0	135.0	92.0	281.0
PF3D7_0101800	0.0	0.0	0.0	0.0	0.0	0.0	0.0	775.0	373.0	316.0	289.0	171.0	117.0	456.0
PF3D7_0101900	38.0	34.0	38.0	45.0	30.0	22.0	21.0	62.0	31.0	75.0	37.0	29.0	17.0	56.0
PF3D7_0102000	53.0	15.0	0.0	94.0	22.0	17.0	21.0	0.0	0.0	68.0	25.0	38.0	0.0	10.0
PF3D7_0102100	0.0	0.0	0.0	21.0	14.0	0.0	0.0	31.0	25.0	29.0	22.0	24.0	11.0	22.0
PF3D7_0102200	88422.0	80809.0	91814.0	76162.0	56704.0	60805.0	91733.0	11887.0	9136.0	7892.0	12479.0	6265.0	5533.0	31264.0
PF3D7_0102300	33.0	42.0	52.0	23.0	16.0	13.0	56.0	77.0	111.0	41.0	206.0	33.0	157.0	25.0
PF3D7_0102400	201.0	122.0	162.0	107.0	69.0	49.0	151.0	252.0	71.0	93.0	113.0	66.0	126.0	85.0
PF3D7_0102500	1763.0	1311.0	1153.0	992.0	706.0	542.0	1219.0	2903.0	889.0	2098.0	888.0	1392.0	463.0	1425.0
PF3D7_0102600	926.0	507.0	640.0	825.0	656.0	318.0	548.0	5501.0	1216.0	5374.0	1455.0	4238.0	822.0	1691.0
PF3D7_0102700	735.0	613.0	779.0	483.0	507.0	347.0	560.0	234.0	194.0	179.0	278.0	147.0	158.0	321.0
PF3D7_0102800	97.0	91.0	121.0	78.0	41.0	52.0	96.0	170.0	98.0	75.0	173.0	89.0	149.0	97.0
PF3D7_0102900	1004.0	935.0	969.0	869.0	654.0	693.0	900.0	3487.0	2691.0	2272.0	4561.0	1621.0	3239.0	2691.0
PF3D7_0103000	73.0	86.0	88.0	95.0	66.0	37.0	104.0	102.0	75.0	55.0	147.0	31.0	93.0	95.0
PF3D7_0103100	613.0	310.0	524.0	345.0	349.0	160.0	301.0	692.0	252.0	453.0	454.0	302.0	366.0	354.0
PF3D7_0103200	929.0	989.0	533.0	777.0	357.0	437.0	920.0	2248.0	2329.0	1467.0	4069.0	874.0	3927.0	2253.0
PF3D7_0103300	982.0	933.0	1119.0	894.0	713.0	662.0	619.0	1887.0	1024.0	1218.0	1458.0	1007.0	1081.0	1500.0
PF3D7_0103400	1973.0	1534.0	1624.0	1359.0	900.0	802.0	1414.0	3520.0	2416.0	2223.0	4584.0	1489.0	3396.0	2319.0
PF3D7_0103500	376.0	356.0	278.0	342.0	185.0	184.0	373.0	307.0	321.0	243.0	578.0	143.0	595.0	352.0
PF3D7_0103600	485.0	379.0	531.0	362.0	248.0	189.0	403.0	854.0	650.0	619.0	1038.0	391.0	823.0	614.0
PF3D7_0103700	66.0	81.0	116.0	104.0	55.0	55.0	98.0	146.0	115.0	99.0	164.0	87.0	119.0	96.0
PF3D7_0103800	141.0	76.0	143.0	126.0	92.0	44.0	143.0	55.0	39.0	60.0	60.0	42.0	27.0	55.0
PF3D7_0103900	304.0	237.0	305.0	232.0	142.0	124.0	271.0	491.0	329.0	373.0	658.0	233.0	574.0	297.0
PF3D7_0104000	14.0	35.0	35.0	67.0	26.0	23.0	44.0	36.0	21.0	24.0	25.0	31.0	19.0	39.0
PF3D7_0104100	364.0	238.0	277.0	224.0	156.0	122.0	237.0	152.0	118.0	129.0	159.0	113.0	135.0	265.0
PF3D7_0104200	1509.0	1434.0	953.0	1160.0	674.0	516.0	1623.0	2447.0	1472.0	1745.0	2101.0	1104.0	1646.0	1793.0
PF3D7_0104300	8316.0	7475.0	9978.0	5876.0	6431.0	4799.0	5725.0	10330.0	5898.0	8156.0	7752.0	6110.0	5234.0	8846.0
PF3D7_0104400	452.0	340.0	461.0	366.0	238.0	225.0	388.0	558.0	403.0	413.0	690.0	251.0	532.0	503.0
PF3D7_0104500	143.0	148.0	170.0	127.0	88.0	77.0	142.0	642.0	566.0	295.0	640.0	173.0	480.0	329.0
PF3D7_0104600	176.0	144.0	190.0	178.0	91.0	115.0	136.0	318.0	224.0	177.0	365.0	161.0	236.0	243.0
PF3D7_0104700	63.0	74.0	67.0	77.0	49.0	50.0	27.0	66.0	42.0	48.0	44.0	56.0	40.0	77.0
PF3D7_0104800	294.0	274.0	229.0	206.0	228.0	112.0	450.0	406.0	970.0	175.0	674.0	101.0	659.0	449.0
PF3D7_0104900	0.0	0.0	17.0	0.0	0.0	0.0	14.0	10.0	10.0	0.0	11.0	28.0	0.0	0.0
PF3D7_0105000	50.0	26.0	53.0	24.0	39.0	12.0	58.0	72.0	33.0	42.0	32.0	54.0	23.0	23.0
PF3D7_0105100	46.0	44.0	61.0	28.0	26.0	19.0	42.0	62.0	41.0	21.0	84.0	24.0	72.0	37.0
PF3D7_0105200	562.0	410.0	508.0	384.0	194.0	181.0	518.0	1137.0	904.0	795.0	1860.0	499.0	1350.0	802.0
PF3D7_0105300	334.0	323.0	284.0	158.0	119.0	78.0	314.0	155.0	155.0	104.0	182.0	35.0	190.0	176.0
PF3D7_0105400	66.0	66.0	89.0	40.0	28.0	25.0	65.0	30.0	43.0	26.0	27.0	14.0	13.0	75.0
PF3D7_0105500	63.0	33.0	59.0	38.0	29.0	34.0	51.0	131.0	89.0	106.0	124.0	61.0	106.0	64.0
PF3D7_0105600	776.0	620.0	749.0	516.0	460.0	391.0	484.0	1771.0	845.0	1245.0	1367.0	905.0	1180.0	1196.0
PF3D7_0105700	3268.0	2105.0	3019.0	1960.0	1691.0	986.0	2374.0	3070.0	1621.0	2216.0	3650.0	1422.0	2999.0	2000.0
PF3D7_0105800	793.0	659.0	842.0	485.0	403.0	311.0	741.0	683.0	552.0	440.0	1220.0	291.0	1104.0	826.0
PF3D7_0105900	198.0	162.0	209.0	126.0	88.0	77.0	159.0	207.0	148.0	118.0	242.0	77.0	210.0	192.0
PF3D7_0106000	737.0	570.0	621.0	321.0	285.0	203.0	452.0	486.0	338.0	273.0	558.0	193.0	558.0	623.0
PF3D7_0106100	501.0	405.0	475.0	370.0	246.0	218.0	442.0	1519.0	766.0	854.0	1106.0	555.0	897.0	819.0
PF3D7_0106200	89.0	79.0	96.0	52.0	51.0	26.0	73.0	63.0	27.0	24.0	31.0	31.0	21.0	81.0
PF3D7_0106300	5692.0	4548.0	5393.0	3508.0	4161.0	2586.0	3829.0	7951.0	4516.0	6152.0	8035.0	4169.0	5972.0	6718.0
PF3D7_0106400	530.0	552.0	592.0	527.0	397.0	423.0	559.0	1321.0	909.0	717.0	1177.0	491.0	680.0	1279.0
PF3D7_0106500	470.0	325.0	397.0	297.0	243.0	177.0	274.0	417.0	234.0	345.0	270.0	225.0	208.0	427.0
PF3D7_0106600	66.0	86.0	124.0	71.0	51.0	61.0	30.0	93.0	49.0	85.0	72.0	53.0	43.0	113.0
PF3D7_0106700	3222.0	2782.0	3571.0	2327.0	2492.0	1793.0	2213.0	6779.0	3403.0	5247.0	5571.0	3903.0	3687.0	5024.0
PF3D7_0106800	248.0	170.0	249.0	203.0	145.0	98.0	174.0	554.0	242.0	344.0	490.0	191.0	358.0	198.0
PF3D7_0106900	419.0	306.0	412.0	236.0	214.0	169.0	248.0	437.0	180.0	315.0	308.0	204.0	312.0	385.0
PF3D7_0107000	321.0	249.0	318.0	259.0	144.0	140.0	465.0	217.0	209.0	160.0	529.0	88.0	477.0	304.0
PF3D7_0107100	167.0	124.0	135.0	97.0	76.0	87.0	91.0	175.0	139.0	105.0	285.0	88.0	247.0	207.0
PF3D7_0107200	57.0	43.0	62.0	49.0	29.0	13.0	55.0	86.0	68.0	75.0	160.0	34.0	149.0	66.0
PF3D7_0107300	82.0	67.0	75.0	66.0	54.0	39.0	73.0	79.0	38.0	40.0	53.0	38.0	39.0	82.0
PF3D7_0107400	110.0	111.0	139.0	84.0	72.0	48.0	142.0	106.0	101.0	66.0	126.0	55.0	120.0	80.0
PF3D7_0107500	9197.0	9085.0	9255.0	7177.0	5635.0	6171.0	6811.0	18483.0	9680.0	11498.0	13400.0	7744.0	8705.0	20559.0
PF3D7_0107600	287.0	294.0	260.0	298.0	150.0	224.0	209.0	247.0	185.0	164.0	170.0	127.0	128.0	338.0
PF3D7_0107700	126.0	118.0	105.0	94.0	42.0	70.0	118.0	100.0	90.0	56.0	115.0	26.0	107.0	96.0
PF3D7_0107800	639.0	571.0	591.0	436.0	276.0	260.0	612.0	1279.0	811.0	685.0	1217.0	470.0	931.0	684.0
PF3D7_0107900	173.0	127.0	172.0	113.0	84.0	51.0	170.0	550.0	250.0	231.0	264.0	191.0	206.0	199.0
PF3D7_0108000	591.0	670.0	503.0	470.0	209.0	328.0	669.0	1467.0	1177.0	887.0	2247.0	469.0	1922.0	1344.0
PF3D7_0108100	135.0	125.0	145.0	98.0	71.0	68.0	118.0	175.0	105.0	100.0	124.0	59.0	137.0	120.0
PF3D7_0108300	9407.0	8298.0	10291.0	6213.0	6217.0	4934.0	7378.0	19332.0	12664.0	13549.0	19116.0	9735.0	13471.0	16378.0
PF3D7_0108400	316.0	275.0	264.0	210.0	173.0	148.0	294.0	322.0	193.0	202.0	229.0	137.0	184.0	247.0
PF3D7_0108500	5456.0	4978.0	7096.0	5760.0	4815.0	4131.0	5874.0	2822.0	1681.0	3121.0	2627.0	2465.0	885.0	4008.0
PF3D7_0108600	208.0	264.0	286.0	264.0	167.0	137.0	241.0	209.0	197.0	211.0	342.0	176.0	242.0	250.0
PF3D7_0108700	2706.0	1568.0	2600.0	1466.0	1676.0	1021.0	1677.0	5284.0	2185.0	4347.0	3778.0	2909.0	2900.0	3608.0
PF3D7_0108800	223.0	128.0	230.0	131.0	145.0	64.0	176.0	425.0	170.0	264.0	212.0	183.0	188.0	254.0
PF3D7_0108900	23.0	32.0	29.0	20.0	12.0	0.0	38.0	18.0	22.0	0.0	12.0	0.0	0.0	33.0
PF3D7_0109000	360.0	396.0	227.0	214.0	70.0	86.0	400.0	127.0	173.0	120.0	143.0	66.0	67.0	303.0
PF3D7_0109100	188.0	187.0	106.0	180.0	68.0	93.0	204.0	122.0	64.0	81.0	84.0	63.0	62.0	174.0
PF3D7_0109200	142.0	99.0	160.0	75.0	92.0	49.0	97.0	407.0	198.0	338.0	316.0	238.0	267.0	178.0
PF3D7_0109300	131.0	138.0	114.0	147.0	49.0	62.0	187.0	78.0	72.0	43.0	84.0	37.0	56.0	89.0
PF3D7_0109400	460.0	414.0	395.0	378.0	226.0	194.0	756.0	600.0	624.0	329.0	1148.0	232.0	804.0	580.0
PF3D7_0109500	235.0	200.0	338.0	349.0	210.0	196.0	402.0	559.0	315.0	300.0	335.0	339.0	202.0	333.0
PF3D7_0109600	115.0	101.0	155.0	105.0	71.0	69.0	157.0	205.0	114.0	97.0	177.0	65.0	92.0	162.0
PF3D7_0109700	786.0	594.0	1162.0	803.0	792.0	619.0	591.0	1167.0	576.0	939.0	900.0	910.0	500.0	881.0
PF3D7_0109800	1898.0	1403.0	2171.0	1293.0	1370.0	966.0	1260.0	2733.0	1394.0	1979.0	2226.0	1503.0	1550.0	2163.0
PF3D7_0109850	95.0	99.0	83.0	105.0	58.0	49.0	115.0	79.0	55.0	56.0	106.0	45.0	102.0	80.0
PF3D7_0109950	116.0	97.0	91.0	100.0	59.0	46.0	123.0	147.0	90.0	82.0	150.0	70.0	169.0	93.0
PF3D7_0110000	588.0	498.0	414.0	528.0	196.0	217.0	923.0	240.0	217.0	160.0	407.0	116.0	255.0	442.0
PF3D7_0110100	456.0	316.0	416.0	350.0	275.0	257.0	240.0	802.0	401.0	614.0	731.0	472.0	563.0	594.0
PF3D7_0110200	115.0	109.0	109.0	127.0	62.0	89.0	109.0	220.0	190.0	103.0	290.0	79.0	172.0	203.0
PF3D7_0110300	0.0	0.0	0.0	0.0	0.0	0.0	0.0	0.0	0.0	0.0	0.0	0.0	0.0	10.0
PF3D7_0110400	742.0	578.0	760.0	435.0	515.0	429.0	532.0	1425.0	713.0	905.0	1100.0	657.0	926.0	915.0
PF3D7_0110500	2346.0	1565.0	2191.0	1538.0	1284.0	834.0	1720.0	4754.0	2482.0	3450.0	4486.0	2143.0	3483.0	2420.0
PF3D7_0110600	5066.0	4070.0	6059.0	3762.0	3510.0	2713.0	3680.0	7149.0	3961.0	4648.0	5775.0	3649.0	3987.0	6371.0
PF3D7_0110700	690.0	706.0	687.0	645.0	366.0	386.0	927.0	932.0	1183.0	552.0	2734.0	388.0	1802.0	1052.0
PF3D7_0110800	937.0	870.0	991.0	824.0	561.0	613.0	934.0	1629.0	1023.0	1174.0	1641.0	727.0	1057.0	1691.0
PF3D7_0110900	99.0	83.0	108.0	156.0	75.0	73.0	90.0	323.0	290.0	183.0	315.0	164.0	237.0	282.0
PF3D7_0111000	912.0	786.0	826.0	640.0	441.0	363.0	998.0	693.0	370.0	575.0	750.0	397.0	670.0	788.0
PF3D7_0111200	33.0	30.0	46.0	19.0	0.0	0.0	27.0	65.0	49.0	16.0	52.0	11.0	46.0	23.0
PF3D7_0111300	422.0	363.0	363.0	370.0	159.0	189.0	375.0	528.0	266.0	327.0	642.0	244.0	679.0	430.0
PF3D7_0111400	356.0	317.0	427.0	234.0	169.0	143.0	395.0	571.0	361.0	320.0	520.0	215.0	512.0	325.0
PF3D7_0111500	267.0	248.0	313.0	155.0	138.0	100.0	269.0	553.0	445.0	345.0	763.0	213.0	541.0	331.0
PF3D7_0111600	105.0	67.0	106.0	62.0	60.0	34.0	84.0	200.0	90.0	117.0	138.0	98.0	83.0	81.0
PF3D7_0111700	0.0	11.0	17.0	0.0	12.0	0.0	0.0	53.0	17.0	24.0	15.0	17.0	0.0	0.0
PF3D7_0111800	686.0	437.0	576.0	315.0	272.0	174.0	653.0	2055.0	907.0	1459.0	1400.0	927.0	1101.0	898.0
PF3D7_0111900	168.0	94.0	204.0	137.0	88.0	55.0	167.0	416.0	209.0	264.0	296.0	136.0	165.0	163.0
PF3D7_0112000	280.0	211.0	257.0	203.0	149.0	134.0	217.0	592.0	373.0	418.0	527.0	266.0	395.0	376.0
PF3D7_0112100	13.0	0.0	15.0	0.0	0.0	0.0	14.0	17.0	29.0	0.0	0.0	0.0	0.0	14.0
PF3D7_0112200	791.0	817.0	503.0	416.0	270.0	312.0	674.0	3752.0	3713.0	1800.0	6260.0	1038.0	5423.0	2992.0
PF3D7_0112300	517.0	687.0	808.0	1107.0	313.0	560.0	1044.0	659.0	657.0	415.0	661.0	380.0	580.0	554.0
PF3D7_0112700	49778.0	80675.0	79680.0	77355.0	25561.0	74002.0	91415.0	76831.0	84378.0	51478.0	73696.0	62660.0	113265.0	78906.0
PF3D7_0112800	149.0	147.0	142.0	187.0	127.0	104.0	192.0	50.0	92.0	116.0	137.0	69.0	52.0	74.0
PF3D7_0112900	170.0	142.0	119.0	366.0	174.0	134.0	155.0	415.0	330.0	443.0	602.0	318.0	355.0	484.0
PF3D7_0113000	7839.0	7672.0	7201.0	7076.0	4020.0	5201.0	7240.0	76394.0	60627.0	76729.0	130821.0	46336.0	60454.0	100401.0
PF3D7_0113100	975.0	731.0	907.0	841.0	482.0	445.0	686.0	1083.0	587.0	653.0	716.0	448.0	451.0	1104.0
PF3D7_0113200	697.0	423.0	549.0	310.0	319.0	181.0	360.0	3539.0	1811.0	2761.0	2796.0	1519.0	1708.0	1795.0
PF3D7_0113300	2346.0	2447.0	2562.0	2115.0	1541.0	1703.0	1851.0	1339.0	729.0	1101.0	885.0	849.0	495.0	1514.0
PF3D7_0113400	236.0	135.0	256.0	159.0	142.0	99.0	210.0	564.0	123.0	423.0	144.0	299.0	101.0	184.0
PF3D7_0113600	2660.0	2397.0	2300.0	2038.0	1170.0	1476.0	2419.0	1124.0	814.0	750.0	705.0	560.0	493.0	1672.0
PF3D7_0113700	2088.0	1415.0	2500.0	1119.0	1932.0	948.0	965.0	4059.0	976.0	3273.0	1077.0	2655.0	713.0	1412.0
PF3D7_0113800	878.0	959.0	808.0	691.0	398.0	451.0	488.0	821.0	563.0	646.0	652.0	511.0	391.0	1129.0
PF3D7_0113900	979.0	1252.0	921.0	989.0	699.0	728.0	804.0	572.0	427.0	338.0	521.0	280.0	444.0	1202.0
PF3D7_0114000	2147.0	1379.0	1705.0	1502.0	1098.0	673.0	2832.0	986.0	704.0	1081.0	1044.0	792.0	526.0	1594.0
PF3D7_0114100	0.0	0.0	0.0	0.0	0.0	0.0	0.0	37.0	16.0	12.0	14.0	0.0	0.0	11.0
PF3D7_0114200	11.0	0.0	0.0	17.0	15.0	0.0	0.0	29.0	23.0	31.0	25.0	22.0	22.0	14.0
PF3D7_0114300	23.0	34.0	37.0	36.0	13.0	16.0	19.0	76.0	71.0	48.0	88.0	25.0	51.0	66.0
PF3D7_0114400	33.0	26.0	51.0	24.0	21.0	11.0	15.0	80.0	23.0	59.0	28.0	41.0	17.0	35.0
PF3D7_0114500	63.0	19.0	92.0	28.0	35.0	12.0	12.0	768.0	191.0	641.0	169.0	492.0	90.0	165.0
PF3D7_0114600	32.0	17.0	26.0	22.0	10.0	0.0	14.0	233.0	85.0	118.0	82.0	65.0	51.0	118.0
PF3D7_0114700	84.0	124.0	142.0	108.0	123.0	69.0	103.0	280.0	457.0	135.0	125.0	85.0	58.0	257.0
PF3D7_0114800	28.0	18.0	36.0	10.0	28.0	0.0	16.0	15.0	0.0	0.0	0.0	0.0	0.0	0.0
PF3D7_0114900	12.0	10.0	12.0	10.0	0.0	0.0	0.0	16.0	13.0	21.0	0.0	31.0	15.0	0.0
PF3D7_0115000	237.0	224.0	290.0	270.0	154.0	136.0	229.0	340.0	204.0	256.0	206.0	133.0	122.0	440.0
PF3D7_0115100	13.0	0.0	19.0	11.0	11.0	0.0	0.0	16.0	0.0	0.0	0.0	0.0	0.0	16.0
PF3D7_0115200	147.0	55.0	172.0	70.0	82.0	35.0	57.0	338.0	91.0	170.0	69.0	121.0	34.0	189.0
PF3D7_0115300	62.0	72.0	87.0	96.0	65.0	42.0	36.0	172.0	62.0	69.0	62.0	67.0	29.0	149.0
PF3D7_0115400	0.0	0.0	0.0	10.0	0.0	0.0	0.0	59.0	50.0	44.0	38.0	30.0	14.0	49.0
PF3D7_0115500	0.0	0.0	0.0	13.0	0.0	0.0	0.0	16.0	12.0	13.0	0.0	11.0	0.0	17.0
PF3D7_0115600	81.0	66.0	135.0	140.0	88.0	43.0	26.0	579.0	284.0	332.0	266.0	155.0	158.0	355.0
PF3D7_0115700	1104.0	1009.0	1461.0	1763.0	1064.0	747.0	587.0	2133.0	1270.0	1647.0	1434.0	1259.0	832.0	2825.0
PF3D7_0200100	792.0	737.0	1135.0	1360.0	700.0	1035.0	566.0	2293.0	1775.0	1412.0	1742.0	1394.0	1239.0	4049.0
PF3D7_0200200	37.0	38.0	54.0	61.0	35.0	16.0	21.0	222.0	125.0	166.0	129.0	69.0	71.0	160.0
PF3D7_0200300	26.0	29.0	37.0	29.0	21.0	17.0	21.0	29.0	25.0	24.0	27.0	23.0	17.0	66.0
PF3D7_0200400	0.0	0.0	11.0	22.0	25.0	0.0	0.0	983.0	382.0	552.0	319.0	310.0	148.0	500.0
PF3D7_0200500	85.0	58.0	129.0	98.0	70.0	52.0	49.0	257.0	77.0	167.0	86.0	99.0	63.0	178.0
PF3D7_0200600	63.0	72.0	108.0	116.0	66.0	49.0	33.0	327.0	101.0	157.0	92.0	129.0	71.0	180.0
PF3D7_0200700	15.0	11.0	29.0	27.0	14.0	0.0	15.0	44.0	28.0	37.0	20.0	16.0	12.0	41.0
PF3D7_0200900	0.0	0.0	0.0	0.0	17.0	0.0	12.0	288.0	124.0	199.0	92.0	100.0	51.0	159.0
PF3D7_0201000	36.0	42.0	56.0	48.0	27.0	33.0	15.0	226.0	64.0	193.0	69.0	131.0	33.0	125.0
PF3D7_0201200	32.0	36.0	50.0	51.0	39.0	24.0	16.0	94.0	48.0	46.0	44.0	45.0	26.0	78.0
PF3D7_0201300	27.0	32.0	23.0	32.0	15.0	0.0	10.0	117.0	59.0	105.0	85.0	64.0	25.0	100.0
PF3D7_0201400	0.0	32.0	0.0	0.0	0.0	0.0	0.0	0.0	0.0	0.0	0.0	0.0	0.0	0.0
PF3D7_0201500	568.0	396.0	702.0	332.0	640.0	218.0	362.0	13.0	15.0	13.0	22.0	21.0	0.0	10.0
PF3D7_0201600	1073.0	919.0	1294.0	940.0	1068.0	600.0	660.0	0.0	17.0	75.0	37.0	81.0	18.0	14.0
PF3D7_0201700	4552.0	5369.0	4027.0	3372.0	2699.0	3246.0	3518.0	0.0	18.0	19.0	14.0	18.0	0.0	10.0
PF3D7_0201800	2177.0	1990.0	2800.0	1654.0	2786.0	1406.0	888.0	15.0	29.0	220.0	93.0	156.0	43.0	12.0
PF3D7_0201900	4198.0	2294.0	4732.0	1468.0	3856.0	1097.0	1893.0	17.0	29.0	26.0	24.0	25.0	0.0	13.0
PF3D7_0202000	19012.0	16358.0	19104.0	15330.0	15867.0	15566.0	13685.0	30.0	34.0	50.0	27.0	39.0	16.0	19.0
PF3D7_0202100	563.0	672.0	546.0	587.0	381.0	401.0	646.0	0.0	12.0	14.0	0.0	83.0	0.0	0.0
PF3D7_0202200	1039.0	1197.0	1141.0	951.0	817.0	728.0	954.0	0.0	12.0	13.0	13.0	11.0	0.0	11.0
PF3D7_0202300	135.0	146.0	131.0	79.0	84.0	77.0	78.0	0.0	0.0	0.0	14.0	0.0	0.0	0.0
PF3D7_0202400	1258.0	821.0	1475.0	560.0	957.0	434.0	640.0	246.0	141.0	248.0	198.0	149.0	171.0	463.0
PF3D7_0202500	4204.0	6089.0	3548.0	5602.0	2094.0	5361.0	6003.0	3374.0	3580.0	1876.0	3406.0	1672.0	1438.0	8265.0
PF3D7_0202600	802.0	470.0	788.0	434.0	474.0	278.0	584.0	1587.0	944.0	983.0	1133.0	597.0	924.0	894.0
PF3D7_0202700	142.0	100.0	146.0	63.0	66.0	43.0	100.0	149.0	84.0	103.0	122.0	63.0	122.0	96.0
PF3D7_0202800	69.0	56.0	69.0	54.0	38.0	22.0	52.0	31.0	40.0	34.0	42.0	22.0	49.0	49.0
PF3D7_0202900	34.0	37.0	42.0	54.0	21.0	33.0	51.0	38.0	21.0	36.0	42.0	35.0	42.0	52.0
PF3D7_0203000	1427.0	801.0	1366.0	715.0	753.0	389.0	789.0	1165.0	412.0	858.0	730.0	543.0	547.0	1102.0
PF3D7_0203100	766.0	776.0	760.0	652.0	421.0	425.0	576.0	774.0	432.0	602.0	617.0	434.0	443.0	973.0
PF3D7_0203200	467.0	310.0	455.0	339.0	203.0	286.0	278.0	553.0	230.0	346.0	345.0	275.0	227.0	499.0
PF3D7_0203300	205.0	135.0	165.0	144.0	99.0	101.0	150.0	150.0	121.0	187.0	258.0	61.0	188.0	142.0
PF3D7_0203400	176.0	144.0	199.0	190.0	100.0	101.0	289.0	162.0	131.0	99.0	331.0	74.0	237.0	158.0
PF3D7_0203500	10.0	0.0	19.0	15.0	0.0	0.0	11.0	27.0	30.0	0.0	16.0	0.0	0.0	14.0
PF3D7_0203600	192.0	77.0	192.0	82.0	111.0	63.0	135.0	114.0	66.0	118.0	154.0	106.0	124.0	77.0
PF3D7_0203700	1985.0	1502.0	2469.0	1357.0	2008.0	1130.0	1408.0	3155.0	1505.0	2556.0	2250.0	2000.0	1259.0	2115.0
PF3D7_0203800	88.0	74.0	90.0	117.0	66.0	72.0	104.0	73.0	69.0	55.0	71.0	67.0	80.0	72.0
PF3D7_0203900	235.0	208.0	200.0	144.0	150.0	99.0	188.0	418.0	298.0	270.0	556.0	184.0	460.0	227.0
PF3D7_0204000	157.0	129.0	148.0	147.0	85.0	90.0	120.0	229.0	103.0	152.0	163.0	107.0	146.0	185.0
PF3D7_0204100	2709.0	2070.0	2194.0	1321.0	1234.0	662.0	1897.0	1509.0	816.0	996.0	1287.0	692.0	946.0	1772.0
PF3D7_0204200	625.0	462.0	664.0	394.0	356.0	301.0	583.0	1245.0	746.0	997.0	1138.0	597.0	627.0	1182.0
PF3D7_0204300	541.0	541.0	515.0	575.0	322.0	436.0	440.0	947.0	760.0	566.0	1161.0	402.0	814.0	1166.0
PF3D7_0204400	20.0	27.0	23.0	32.0	20.0	18.0	40.0	62.0	50.0	25.0	59.0	15.0	47.0	37.0
PF3D7_0204500	228.0	194.0	191.0	204.0	110.0	203.0	170.0	372.0	371.0	250.0	640.0	198.0	494.0	467.0
PF3D7_0204600	319.0	323.0	287.0	240.0	147.0	145.0	348.0	638.0	471.0	400.0	577.0	288.0	415.0	445.0
PF3D7_0204700	1816.0	2117.0	1589.0	1595.0	980.0	1071.0	1978.0	2739.0	2159.0	1567.0	3412.0	1151.0	2913.0	3110.0
PF3D7_0204800	213.0	229.0	174.0	147.0	99.0	83.0	214.0	320.0	244.0	184.0	391.0	96.0	355.0	220.0
PF3D7_0204900	184.0	122.0	170.0	140.0	109.0	62.0	189.0	265.0	176.0	232.0	335.0	121.0	337.0	170.0
PF3D7_0205000	313.0	272.0	282.0	287.0	137.0	131.0	288.0	135.0	117.0	138.0	151.0	78.0	126.0	249.0
PF3D7_0205100	373.0	281.0	406.0	392.0	217.0	198.0	481.0	193.0	168.0	151.0	183.0	92.0	172.0	269.0
PF3D7_0205200	30.0	28.0	42.0	43.0	29.0	24.0	15.0	37.0	14.0	27.0	28.0	10.0	21.0	30.0
PF3D7_0205300	43.0	57.0	65.0	53.0	36.0	39.0	65.0	60.0	44.0	37.0	46.0	38.0	26.0	59.0
PF3D7_0205400	778.0	594.0	756.0	489.0	488.0	284.0	454.0	930.0	514.0	615.0	917.0	480.0	756.0	655.0
PF3D7_0205500	53.0	56.0	71.0	38.0	16.0	18.0	63.0	97.0	78.0	41.0	63.0	41.0	55.0	32.0
PF3D7_0205600	335.0	288.0	280.0	203.0	182.0	115.0	244.0	532.0	240.0	414.0	476.0	262.0	362.0	314.0
PF3D7_0205700	306.0	293.0	360.0	302.0	150.0	189.0	341.0	294.0	170.0	177.0	203.0	127.0	133.0	299.0
PF3D7_0205800	61.0	34.0	69.0	33.0	38.0	19.0	95.0	75.0	34.0	43.0	61.0	17.0	51.0	72.0
PF3D7_0205900	2055.0	2028.0	1704.0	1560.0	1113.0	1115.0	1840.0	3553.0	2810.0	2490.0	5187.0	1483.0	4094.0	3979.0
PF3D7_0206000	1273.0	1136.0	1258.0	906.0	752.0	739.0	950.0	1839.0	1021.0	1276.0	1376.0	971.0	1021.0	1326.0
PF3D7_0206100	169.0	149.0	184.0	171.0	98.0	120.0	198.0	236.0	186.0	161.0	230.0	103.0	173.0	167.0
PF3D7_0206200	536.0	513.0	401.0	305.0	205.0	168.0	481.0	377.0	248.0	278.0	191.0	210.0	192.0	380.0
PF3D7_0206300	8735.0	8445.0	8825.0	6340.0	5202.0	4766.0	6163.0	8093.0	4846.0	6243.0	6378.0	4940.0	4303.0	9359.0
PF3D7_0206500	3623.0	2415.0	3951.0	1809.0	2213.0	1681.0	1590.0	5936.0	2340.0	4689.0	3795.0	3433.0	2952.0	3615.0
PF3D7_0206600	51.0	65.0	73.0	69.0	40.0	28.0	65.0	77.0	90.0	52.0	43.0	57.0	25.0	64.0
PF3D7_0206700	533.0	687.0	474.0	426.0	223.0	369.0	412.0	806.0	586.0	616.0	906.0	384.0	632.0	975.0
PF3D7_0206800	412.0	602.0	327.0	459.0	299.0	169.0	466.0	182.0	350.0	230.0	310.0	196.0	138.0	475.0
PF3D7_0206900	264.0	181.0	189.0	183.0	95.0	84.0	211.0	250.0	244.0	171.0	368.0	108.0	237.0	338.0
PF3D7_0207000	597.0	543.0	739.0	423.0	344.0	281.0	620.0	404.0	342.0	334.0	618.0	187.0	426.0	571.0
PF3D7_0207100	1096.0	930.0	1150.0	758.0	525.0	455.0	821.0	1065.0	692.0	712.0	1359.0	584.0	1067.0	1366.0
PF3D7_0207200	91.0	64.0	73.0	108.0	52.0	34.0	70.0	121.0	70.0	103.0	106.0	68.0	98.0	77.0
PF3D7_0207300	24.0	31.0	46.0	37.0	27.0	10.0	32.0	28.0	30.0	26.0	20.0	31.0	11.0	23.0
PF3D7_0207400	1131.0	734.0	904.0	389.0	719.0	252.0	773.0	490.0	349.0	378.0	877.0	182.0	730.0	833.0
PF3D7_0207500	1945.0	1536.0	1703.0	796.0	1028.0	689.0	1693.0	675.0	479.0	544.0	1525.0	292.0	1968.0	1783.0
PF3D7_0207600	17533.0	12705.0	16014.0	6801.0	10739.0	4772.0	13068.0	4538.0	4186.0	5104.0	8439.0	2047.0	4650.0	13078.0
PF3D7_0207700	1907.0	1740.0	1507.0	991.0	859.0	518.0	1402.0	447.0	408.0	560.0	999.0	242.0	828.0	1272.0
PF3D7_0207800	821.0	766.0	689.0	449.0	440.0	280.0	578.0	314.0	268.0	281.0	502.0	193.0	330.0	780.0
PF3D7_0207900	342.0	270.0	487.0	243.0	352.0	147.0	201.0	300.0	249.0	315.0	205.0	231.0	133.0	307.0
PF3D7_0208000	642.0	493.0	660.0	368.0	492.0	223.0	416.0	285.0	146.0	258.0	219.0	137.0	192.0	392.0
PF3D7_0208100	1237.0	947.0	1032.0	834.0	608.0	528.0	833.0	1198.0	760.0	858.0	2084.0	599.0	2085.0	1162.0
PF3D7_0208200	858.0	682.0	1108.0	646.0	651.0	577.0	709.0	1129.0	745.0	883.0	1095.0	637.0	682.0	987.0
PF3D7_0208300	496.0	415.0	526.0	390.0	316.0	230.0	362.0	666.0	447.0	358.0	694.0	314.0	493.0	535.0
PF3D7_0208400	1683.0	1322.0	1648.0	1310.0	834.0	872.0	1604.0	2826.0	1776.0	1725.0	2495.0	1280.0	1832.0	2517.0
PF3D7_0208500	106.0	100.0	122.0	84.0	55.0	41.0	161.0	136.0	108.0	66.0	119.0	46.0	83.0	67.0
PF3D7_0208600	428.0	389.0	429.0	273.0	202.0	196.0	401.0	735.0	508.0	485.0	1167.0	290.0	907.0	711.0
PF3D7_0208700	215.0	173.0	241.0	208.0	134.0	125.0	222.0	536.0	356.0	246.0	542.0	192.0	350.0	445.0
PF3D7_0208800	216.0	206.0	249.0	201.0	138.0	117.0	213.0	395.0	235.0	179.0	278.0	135.0	244.0	276.0
PF3D7_0208900	193.0	251.0	185.0	232.0	112.0	151.0	179.0	219.0	176.0	218.0	175.0	203.0	135.0	306.0
PF3D7_0209000	2504.0	1902.0	1550.0	1826.0	850.0	814.0	2429.0	705.0	458.0	693.0	889.0	520.0	587.0	1521.0
PF3D7_0209100	1043.0	868.0	1057.0	728.0	681.0	591.0	715.0	1205.0	531.0	922.0	1049.0	625.0	870.0	1008.0
PF3D7_0209200	237.0	261.0	257.0	186.0	168.0	155.0	243.0	507.0	377.0	212.0	386.0	169.0	321.0	368.0
PF3D7_0209300	100.0	107.0	112.0	84.0	45.0	52.0	100.0	248.0	219.0	105.0	343.0	70.0	233.0	204.0
PF3D7_0209400	183.0	166.0	172.0	150.0	144.0	94.0	162.0	349.0	241.0	265.0	450.0	164.0	374.0	229.0
PF3D7_0209500	48.0	60.0	66.0	53.0	29.0	40.0	49.0	43.0	44.0	33.0	44.0	23.0	15.0	72.0
PF3D7_0209600	350.0	383.0	275.0	288.0	117.0	173.0	269.0	247.0	235.0	181.0	219.0	90.0	139.0	553.0
PF3D7_0209700	1704.0	1526.0	1884.0	1342.0	1356.0	948.0	1297.0	2471.0	1083.0	1619.0	1466.0	1309.0	918.0	2317.0
PF3D7_0209800	4915.0	5266.0	5009.0	4228.0	3294.0	3436.0	4353.0	8818.0	8466.0	5622.0	13145.0	3648.0	9430.0	10250.0
PF3D7_0209900	49.0	71.0	42.0	44.0	24.0	22.0	85.0	49.0	51.0	31.0	26.0	16.0	21.0	66.0
PF3D7_0210000	446.0	400.0	379.0	408.0	310.0	342.0	522.0	1253.0	784.0	573.0	826.0	460.0	606.0	1327.0
PF3D7_0210100	1078.0	1323.0	1612.0	1340.0	754.0	1058.0	1545.0	3987.0	4065.0	1577.0	4355.0	1008.0	2297.0	3601.0
PF3D7_0210200	1265.0	1180.0	1131.0	881.0	593.0	613.0	992.0	1334.0	1328.0	890.0	3214.0	603.0	2858.0	1569.0
PF3D7_0210300	123.0	86.0	95.0	55.0	53.0	36.0	98.0	194.0	104.0	97.0	154.0	46.0	196.0	107.0
PF3D7_0210400	50.0	72.0	77.0	53.0	32.0	46.0	77.0	106.0	108.0	55.0	157.0	33.0	110.0	65.0
PF3D7_0210500	304.0	238.0	251.0	167.0	149.0	115.0	283.0	431.0	409.0	245.0	449.0	194.0	322.0	390.0
PF3D7_0210600	427.0	391.0	375.0	230.0	186.0	125.0	289.0	352.0	221.0	198.0	140.0	140.0	68.0	314.0
PF3D7_0210700	105.0	79.0	90.0	61.0	60.0	20.0	90.0	153.0	64.0	86.0	75.0	56.0	56.0	92.0
PF3D7_0210800	1454.0	1327.0	1358.0	957.0	1143.0	750.0	831.0	1254.0	627.0	864.0	684.0	894.0	504.0	885.0
PF3D7_0210900	1606.0	1498.0	1791.0	1308.0	1075.0	978.0	1376.0	2183.0	1709.0	1375.0	2731.0	1033.0	1805.0	2230.0
PF3D7_0211000	22.0	27.0	18.0	19.0	16.0	0.0	26.0	20.0	23.0	0.0	13.0	0.0	10.0	25.0
PF3D7_0211100	127.0	127.0	119.0	97.0	65.0	57.0	115.0	274.0	217.0	109.0	235.0	115.0	158.0	201.0
PF3D7_0211200	119.0	100.0	128.0	65.0	58.0	47.0	87.0	177.0	127.0	98.0	251.0	79.0	213.0	120.0
PF3D7_0211300	112.0	85.0	77.0	82.0	47.0	29.0	101.0	114.0	62.0	142.0	91.0	33.0	84.0	80.0
PF3D7_0211400	154.0	103.0	112.0	123.0	93.0	60.0	150.0	74.0	54.0	158.0	120.0	131.0	62.0	70.0
PF3D7_0211500	205.0	180.0	222.0	195.0	141.0	103.0	188.0	188.0	125.0	148.0	124.0	97.0	115.0	236.0
PF3D7_0211600	51.0	69.0	43.0	103.0	40.0	24.0	60.0	43.0	23.0	67.0	57.0	104.0	53.0	51.0
PF3D7_0211700	471.0	410.0	448.0	418.0	258.0	195.0	345.0	880.0	484.0	573.0	919.0	386.0	753.0	669.0
PF3D7_0211800	2181.0	1852.0	2134.0	1561.0	1253.0	1200.0	1719.0	5865.0	4688.0	4079.0	9006.0	2574.0	6560.0	5756.0
PF3D7_0211900	429.0	356.0	410.0	261.0	179.0	152.0	385.0	408.0	260.0	247.0	486.0	166.0	469.0	381.0
PF3D7_0212000	160.0	150.0	166.0	139.0	87.0	71.0	170.0	160.0	113.0	107.0	171.0	103.0	202.0	123.0
PF3D7_0212100	3920.0	2667.0	3469.0	2049.0	2415.0	1576.0	2497.0	5040.0	2832.0	3692.0	5735.0	2665.0	4770.0	4071.0
PF3D7_0212200	168.0	141.0	205.0	130.0	108.0	75.0	123.0	424.0	217.0	279.0	345.0	162.0	214.0	228.0
PF3D7_0212300	1847.0	1436.0	1879.0	1199.0	1389.0	936.0	1522.0	4312.0	2474.0	2917.0	4698.0	1975.0	3172.0	3699.0
PF3D7_0212400	2435.0	2268.0	2763.0	1869.0	1705.0	1296.0	1927.0	3395.0	2526.0	1991.0	3548.0	1747.0	2949.0	2831.0
PF3D7_0212500	4378.0	3801.0	5214.0	3117.0	3366.0	2337.0	3298.0	7098.0	5124.0	4829.0	7774.0	3702.0	5742.0	5921.0
PF3D7_0212600	272.0	161.0	198.0	167.0	142.0	65.0	199.0	200.0	154.0	126.0	113.0	84.0	56.0	256.0
PF3D7_0212700	128.0	79.0	118.0	82.0	76.0	42.0	103.0	231.0	118.0	202.0	161.0	169.0	121.0	104.0
PF3D7_0212800	629.0	534.0	471.0	420.0	259.0	236.0	573.0	494.0	345.0	325.0	763.0	238.0	662.0	518.0
PF3D7_0212900	319.0	280.0	287.0	199.0	163.0	114.0	291.0	279.0	198.0	154.0	419.0	121.0	449.0	351.0
PF3D7_0213000	107.0	119.0	105.0	99.0	73.0	58.0	139.0	129.0	149.0	56.0	257.0	43.0	249.0	176.0
PF3D7_0213100	1229.0	905.0	1228.0	791.0	761.0	451.0	962.0	3404.0	2098.0	2067.0	3109.0	1273.0	1974.0	1813.0
PF3D7_0213200	77.0	102.0	126.0	106.0	51.0	56.0	104.0	142.0	190.0	51.0	206.0	40.0	163.0	106.0
PF3D7_0213300	22.0	29.0	48.0	27.0	12.0	23.0	44.0	48.0	61.0	13.0	75.0	15.0	49.0	30.0
PF3D7_0213400	105.0	101.0	112.0	105.0	56.0	53.0	125.0	157.0	120.0	102.0	230.0	53.0	181.0	142.0
PF3D7_0213500	272.0	189.0	212.0	167.0	121.0	114.0	151.0	349.0	186.0	213.0	376.0	140.0	320.0	274.0
PF3D7_0213600	331.0	323.0	305.0	331.0	155.0	212.0	342.0	330.0	224.0	237.0	224.0	203.0	162.0	399.0
PF3D7_0213700	129.0	108.0	136.0	78.0	58.0	26.0	129.0	377.0	321.0	161.0	292.0	117.0	215.0	147.0
PF3D7_0213800	120.0	116.0	99.0	93.0	55.0	50.0	98.0	124.0	78.0	81.0	91.0	70.0	63.0	162.0
PF3D7_0213900	1361.0	974.0	1679.0	976.0	945.0	608.0	941.0	2764.0	1191.0	2144.0	1997.0	1515.0	1295.0	1727.0
PF3D7_0214000	1877.0	1996.0	1983.0	1747.0	1342.0	1299.0	1839.0	3945.0	3303.0	2840.0	5946.0	1939.0	3848.0	4270.0
PF3D7_0214100	5212.0	3939.0	5479.0	2922.0	3770.0	2196.0	3323.0	6436.0	2921.0	5622.0	5208.0	4216.0	4264.0	4893.0
PF3D7_0214200	249.0	198.0	230.0	164.0	123.0	61.0	272.0	362.0	162.0	231.0	237.0	158.0	239.0	140.0
PF3D7_0214300	2731.0	2026.0	2690.0	1983.0	1521.0	996.0	2601.0	3607.0	1203.0	3096.0	1527.0	2038.0	1184.0	2151.0
PF3D7_0214400	2034.0	1474.0	2592.0	1614.0	1605.0	1153.0	1625.0	2317.0	1241.0	1810.0	1853.0	1316.0	948.0	2388.0
PF3D7_0214500	43.0	43.0	60.0	57.0	16.0	23.0	57.0	62.0	56.0	47.0	57.0	26.0	49.0	65.0
PF3D7_0214600	895.0	721.0	966.0	751.0	533.0	373.0	427.0	892.0	486.0	602.0	455.0	445.0	327.0	1098.0
PF3D7_0214700	99.0	82.0	87.0	49.0	28.0	24.0	101.0	54.0	38.0	102.0	44.0	31.0	28.0	63.0
PF3D7_0214800	2981.0	2082.0	3128.0	1658.0	2596.0	1479.0	1814.0	6767.0	2451.0	4526.0	3412.0	3198.0	2189.0	3864.0
PF3D7_0214900	1410.0	1294.0	1450.0	746.0	557.0	370.0	835.0	847.0	560.0	747.0	593.0	356.0	250.0	1492.0
PF3D7_0215000	2969.0	2542.0	2150.0	2360.0	1226.0	1296.0	3392.0	2648.0	1772.0	1624.0	2644.0	1194.0	2107.0	3085.0
PF3D7_0215100	239.0	173.0	228.0	136.0	131.0	96.0	217.0	436.0	248.0	325.0	343.0	178.0	330.0	311.0
PF3D7_0215200	73.0	73.0	90.0	56.0	46.0	45.0	101.0	89.0	54.0	74.0	47.0	64.0	33.0	83.0
PF3D7_0215300	515.0	599.0	477.0	400.0	444.0	304.0	506.0	872.0	410.0	907.0	364.0	771.0	303.0	904.0
PF3D7_0215400	1060.0	957.0	1187.0	746.0	661.0	580.0	805.0	1979.0	1062.0	1334.0	1772.0	1019.0	1476.0	1657.0
PF3D7_0215500	684.0	569.0	878.0	521.0	492.0	357.0	495.0	1420.0	620.0	888.0	943.0	643.0	581.0	958.0
PF3D7_0215600	264.0	181.0	300.0	160.0	148.0	93.0	195.0	504.0	268.0	275.0	265.0	189.0	203.0	211.0
PF3D7_0215700	3971.0	3120.0	3902.0	2601.0	2767.0	2082.0	2718.0	5930.0	3611.0	4526.0	6415.0	3175.0	4812.0	5302.0
PF3D7_0215800	399.0	320.0	426.0	291.0	266.0	173.0	238.0	673.0	317.0	440.0	767.0	301.0	783.0	334.0
PF3D7_0215900	17.0	21.0	34.0	21.0	19.0	15.0	35.0	16.0	15.0	22.0	20.0	13.0	23.0	20.0
PF3D7_0216000	949.0	756.0	832.0	696.0	481.0	429.0	604.0	541.0	307.0	532.0	426.0	335.0	340.0	851.0
PF3D7_0216100	182.0	233.0	238.0	168.0	127.0	111.0	220.0	231.0	205.0	109.0	240.0	109.0	234.0	235.0
PF3D7_0216200	137.0	145.0	167.0	146.0	89.0	108.0	101.0	264.0	177.0	160.0	171.0	124.0	114.0	226.0
PF3D7_0216300	419.0	373.0	447.0	389.0	201.0	215.0	319.0	824.0	507.0	690.0	861.0	395.0	568.0	654.0
PF3D7_0216400	328.0	259.0	326.0	204.0	184.0	109.0	257.0	452.0	211.0	276.0	407.0	180.0	409.0	224.0
PF3D7_0216500	475.0	584.0	566.0	437.0	277.0	280.0	302.0	616.0	346.0	346.0	455.0	214.0	400.0	686.0
PF3D7_0216600	1498.0	1326.0	1669.0	823.0	855.0	530.0	1250.0	2291.0	1103.0	1380.0	1131.0	1071.0	859.0	1262.0
PF3D7_0216700	2011.0	1185.0	1894.0	967.0	1042.0	551.0	1140.0	1550.0	695.0	1398.0	1471.0	811.0	1346.0	1424.0
PF3D7_0216800	247.0	246.0	160.0	231.0	155.0	109.0	168.0	170.0	149.0	194.0	173.0	152.0	117.0	254.0
PF3D7_0216900	140.0	89.0	121.0	117.0	68.0	59.0	109.0	112.0	67.0	102.0	94.0	78.0	74.0	172.0
PF3D7_0217000	119.0	141.0	102.0	116.0	45.0	54.0	143.0	67.0	56.0	68.0	70.0	65.0	49.0	71.0
PF3D7_0217100	909.0	603.0	829.0	892.0	531.0	403.0	840.0	1050.0	522.0	950.0	1407.0	606.0	1194.0	726.0
PF3D7_0217200	383.0	387.0	379.0	293.0	177.0	174.0	392.0	376.0	351.0	329.0	511.0	269.0	442.0	394.0
PF3D7_0217300	65.0	68.0	91.0	80.0	43.0	36.0	106.0	93.0	74.0	44.0	62.0	37.0	43.0	65.0
PF3D7_0217400	91.0	94.0	117.0	91.0	61.0	59.0	101.0	168.0	134.0	69.0	233.0	34.0	132.0	130.0
PF3D7_0217500	883.0	714.0	687.0	420.0	290.0	242.0	750.0	376.0	350.0	239.0	338.0	155.0	196.0	955.0
PF3D7_0217600	1161.0	914.0	1406.0	710.0	766.0	452.0	838.0	2425.0	1097.0	1511.0	1473.0	1050.0	1196.0	1325.0
PF3D7_0217700	143.0	140.0	176.0	137.0	99.0	83.0	188.0	337.0	214.0	167.0	237.0	121.0	127.0	392.0
PF3D7_0217800	1119.0	1206.0	1335.0	1374.0	877.0	1139.0	1692.0	4048.0	4540.0	1519.0	5589.0	1109.0	2838.0	4314.0
PF3D7_0217900	314.0	293.0	273.0	170.0	154.0	112.0	265.0	249.0	253.0	139.0	619.0	98.0	765.0	244.0
PF3D7_0218000	485.0	349.0	479.0	261.0	298.0	205.0	346.0	655.0	498.0	438.0	1172.0	288.0	1022.0	478.0
PF3D7_0218100	110.0	92.0	115.0	83.0	54.0	48.0	68.0	87.0	38.0	50.0	68.0	24.0	70.0	76.0
PF3D7_0218200	390.0	258.0	440.0	191.0	192.0	90.0	360.0	823.0	380.0	587.0	373.0	451.0	310.0	265.0
PF3D7_0218300	186.0	152.0	180.0	200.0	117.0	93.0	158.0	245.0	267.0	177.0	520.0	154.0	398.0	358.0
PF3D7_0218400	921.0	667.0	999.0	634.0	705.0	474.0	545.0	1779.0	798.0	1328.0	1268.0	1081.0	832.0	1398.0
PF3D7_0218500	252.0	204.0	328.0	249.0	163.0	155.0	271.0	440.0	365.0	241.0	352.0	194.0	256.0	308.0
PF3D7_0218600	1751.0	1657.0	1778.0	1320.0	1030.0	866.0	1632.0	5758.0	4043.0	3506.0	5692.0	2400.0	4102.0	4680.0
PF3D7_0218700	1633.0	1153.0	1911.0	1130.0	1420.0	841.0	1066.0	2025.0	1055.0	1708.0	1643.0	1231.0	942.0	1641.0
PF3D7_0218800	1068.0	959.0	1158.0	1439.0	985.0	824.0	1422.0	1264.0	1205.0	703.0	1264.0	612.0	826.0	1226.0
PF3D7_0218900	0.0	0.0	0.0	0.0	0.0	0.0	11.0	0.0	0.0	0.0	0.0	0.0	0.0	0.0
PF3D7_0219000	21.0	33.0	43.0	23.0	0.0	0.0	68.0	29.0	45.0	0.0	18.0	10.0	15.0	10.0
PF3D7_0219100	164.0	214.0	155.0	179.0	110.0	129.0	211.0	219.0	127.0	210.0	158.0	110.0	83.0	283.0
PF3D7_0219200	237.0	312.0	433.0	269.0	167.0	175.0	510.0	860.0	852.0	292.0	570.0	238.0	324.0	331.0
PF3D7_0219300	31.0	20.0	30.0	27.0	18.0	18.0	41.0	41.0	41.0	30.0	58.0	22.0	30.0	41.0
PF3D7_0219400	220.0	239.0	273.0	202.0	143.0	145.0	268.0	495.0	387.0	196.0	296.0	130.0	200.0	268.0
PF3D7_0219500	177.0	138.0	173.0	137.0	76.0	69.0	202.0	278.0	147.0	204.0	274.0	118.0	196.0	191.0
PF3D7_0219600	934.0	733.0	1002.0	621.0	609.0	435.0	852.0	1334.0	2191.0	746.0	2525.0	503.0	1976.0	991.0
PF3D7_0219700	2099.0	1988.0	1862.0	1261.0	1339.0	944.0	1632.0	554.0	313.0	469.0	363.0	403.0	217.0	652.0
PF3D7_0219800	561.0	633.0	475.0	429.0	248.0	285.0	562.0	342.0	343.0	226.0	339.0	173.0	192.0	473.0
PF3D7_0219900	249.0	263.0	335.0	193.0	264.0	152.0	203.0	454.0	164.0	272.0	145.0	236.0	84.0	223.0
PF3D7_0220000	17692.0	16941.0	19010.0	12233.0	12354.0	10458.0	14649.0	19415.0	10047.0	16096.0	16647.0	11659.0	11496.0	18000.0
PF3D7_0220100	2500.0	2345.0	2613.0	1905.0	1792.0	1512.0	1720.0	3655.0	1674.0	2727.0	2040.0	2063.0	1302.0	3018.0
PF3D7_0220200	1432.0	1588.0	1627.0	1467.0	985.0	1072.0	1504.0	7654.0	5823.0	4211.0	7055.0	2967.0	4139.0	6702.0
PF3D7_0220300	252.0	86.0	290.0	59.0	231.0	37.0	79.0	2168.0	568.0	1603.0	466.0	1247.0	268.0	713.0
PF3D7_0220400	198.0	219.0	198.0	217.0	124.0	169.0	174.0	356.0	228.0	167.0	236.0	145.0	104.0	471.0
PF3D7_0220500	238.0	186.0	227.0	186.0	169.0	116.0	140.0	898.0	464.0	725.0	432.0	421.0	236.0	952.0
PF3D7_0220600	593.0	450.0	698.0	338.0	553.0	225.0	401.0	2939.0	927.0	2042.0	978.0	1467.0	541.0	1313.0
PF3D7_0220700	1212.0	1046.0	1484.0	811.0	1103.0	612.0	812.0	1636.0	926.0	963.0	935.0	854.0	553.0	1063.0
PF3D7_0220800	1128.0	1333.0	953.0	708.0	422.0	377.0	794.0	569.0	584.0	261.0	633.0	197.0	285.0	1241.0
PF3D7_0220900	29.0	34.0	19.0	26.0	16.0	10.0	34.0	12.0	17.0	11.0	0.0	13.0	10.0	22.0
PF3D7_0221100	18.0	15.0	31.0	41.0	12.0	16.0	28.0	38.0	41.0	20.0	40.0	17.0	16.0	53.0
PF3D7_0221200	37.0	36.0	27.0	19.0	18.0	16.0	29.0	427.0	281.0	145.0	164.0	71.0	125.0	88.0
PF3D7_0221300	0.0	0.0	0.0	0.0	0.0	0.0	0.0	19.0	24.0	14.0	11.0	0.0	0.0	28.0
PF3D7_0221400	28.0	19.0	20.0	0.0	0.0	0.0	0.0	391.0	193.0	173.0	148.0	114.0	86.0	183.0
PF3D7_0221500	24.0	10.0	24.0	17.0	12.0	0.0	21.0	368.0	265.0	213.0	266.0	108.0	151.0	189.0
PF3D7_0221650	0.0	0.0	0.0	0.0	0.0	0.0	0.0	0.0	0.0	0.0	0.0	0.0	0.0	12.0
PF3D7_0221700	501.0	379.0	465.0	335.0	289.0	300.0	255.0	870.0	424.0	602.0	469.0	460.0	255.0	557.0
PF3D7_0221800	86.0	67.0	63.0	74.0	28.0	65.0	99.0	144.0	114.0	57.0	103.0	48.0	76.0	188.0
PF3D7_0222100	46.0	17.0	0.0	127.0	38.0	0.0	18.0	0.0	0.0	45.0	24.0	80.0	19.0	22.0
PF3D7_0222400	14.0	22.0	32.0	17.0	14.0	0.0	12.0	102.0	39.0	39.0	48.0	33.0	28.0	93.0
PF3D7_0222500	64.0	52.0	74.0	93.0	45.0	26.0	24.0	477.0	266.0	278.0	275.0	144.0	96.0	297.0
PF3D7_0222600	128.0	104.0	205.0	146.0	104.0	85.0	72.0	432.0	127.0	223.0	133.0	167.0	62.0	258.0
PF3D7_0222700	18.0	39.0	40.0	42.0	30.0	20.0	0.0	52.0	17.0	32.0	18.0	31.0	14.0	48.0
PF3D7_0222800	14.0	16.0	16.0	19.0	18.0	0.0	0.0	232.0	93.0	109.0	86.0	69.0	51.0	148.0
PF3D7_0222900	69.0	50.0	83.0	66.0	60.0	43.0	43.0	345.0	127.0	242.0	140.0	166.0	93.0	242.0
PF3D7_0223100	46.0	50.0	100.0	56.0	65.0	26.0	29.0	319.0	103.0	147.0	83.0	94.0	72.0	215.0
PF3D7_0223200	41.0	25.0	45.0	55.0	30.0	21.0	11.0	76.0	19.0	30.0	19.0	30.0	18.0	51.0
PF3D7_0223300	16.0	14.0	20.0	26.0	18.0	19.0	19.0	24.0	15.0	20.0	23.0	17.0	21.0	35.0
PF3D7_0223400	0.0	0.0	11.0	10.0	0.0	0.0	10.0	42.0	0.0	33.0	0.0	23.0	16.0	37.0
PF3D7_0223500	1014.0	973.0	1601.0	1533.0	1043.0	670.0	609.0	2271.0	1318.0	1599.0	1499.0	1208.0	884.0	2753.0
PF3D7_0300100	1104.0	1203.0	1717.0	1850.0	1189.0	904.0	666.0	2408.0	1736.0	1995.0	1839.0	1592.0	1029.0	3695.0
PF3D7_0300200	37.0	30.0	69.0	28.0	40.0	15.0	28.0	223.0	145.0	111.0	79.0	67.0	80.0	132.0
PF3D7_0300300	0.0	0.0	0.0	0.0	0.0	0.0	0.0	11.0	10.0	0.0	0.0	0.0	0.0	0.0
PF3D7_0300400	15.0	0.0	0.0	19.0	23.0	0.0	0.0	1171.0	508.0	501.0	365.0	211.0	176.0	693.0
PF3D7_0300500	49.0	44.0	78.0	72.0	66.0	31.0	30.0	1702.0	445.0	700.0	434.0	368.0	238.0	1148.0
PF3D7_0300700	44.0	38.0	72.0	73.0	42.0	37.0	41.0	218.0	94.0	102.0	86.0	54.0	50.0	179.0
PF3D7_0300900	23.0	16.0	32.0	24.0	13.0	19.0	0.0	61.0	18.0	31.0	26.0	21.0	13.0	37.0
PF3D7_0301000	143.0	134.0	130.0	252.0	100.0	111.0	64.0	86.0	88.0	148.0	126.0	122.0	81.0	217.0
PF3D7_0301100	0.0	24.0	21.0	22.0	0.0	0.0	0.0	10.0	0.0	0.0	12.0	0.0	0.0	22.0
PF3D7_0301200	389.0	475.0	454.0	340.0	316.0	324.0	334.0	171.0	120.0	130.0	108.0	87.0	48.0	249.0
PF3D7_0301300	184.0	151.0	165.0	170.0	97.0	132.0	156.0	755.0	405.0	464.0	472.0	266.0	290.0	614.0
PF3D7_0301400	340.0	185.0	270.0	153.0	175.0	97.0	174.0	1251.0	493.0	676.0	671.0	488.0	469.0	538.0
PF3D7_0301500	422.0	384.0	396.0	234.0	294.0	191.0	214.0	572.0	232.0	356.0	241.0	308.0	189.0	215.0
PF3D7_0301600	3797.0	4230.0	3933.0	3450.0	2797.0	2933.0	3105.0	4223.0	3463.0	2861.0	4464.0	2353.0	2511.0	5001.0
PF3D7_0301700	2286.0	1035.0	2638.0	731.0	2628.0	523.0	788.0	11834.0	3278.0	9685.0	4061.0	7395.0	2240.0	4410.0
PF3D7_0301800	1122.0	1362.0	1406.0	1151.0	833.0	937.0	1660.0	380.0	293.0	245.0	270.0	187.0	111.0	564.0
PF3D7_0301900	113.0	100.0	107.0	74.0	52.0	40.0	109.0	152.0	123.0	74.0	165.0	46.0	138.0	94.0
PF3D7_0302000	910.0	754.0	1112.0	451.0	539.0	327.0	615.0	1660.0	771.0	1135.0	899.0	868.0	661.0	843.0
PF3D7_0302100	2049.0	1830.0	2160.0	1367.0	1260.0	1065.0	1295.0	4077.0	2410.0	3003.0	4176.0	2281.0	3271.0	3247.0
PF3D7_0302200	871.0	1565.0	650.0	998.0	340.0	250.0	891.0	439.0	638.0	150.0	611.0	90.0	120.0	1667.0
PF3D7_0302300	329.0	427.0	470.0	413.0	221.0	271.0	153.0	435.0	255.0	363.0	306.0	287.0	275.0	740.0
PF3D7_0302500	2502.0	4456.0	1797.0	2232.0	843.0	705.0	2304.0	1236.0	1604.0	495.0	1615.0	219.0	395.0	4291.0
PF3D7_0302600	280.0	281.0	266.0	224.0	152.0	134.0	233.0	578.0	408.0	346.0	843.0	245.0	735.0	414.0
PF3D7_0302700	77.0	57.0	75.0	38.0	30.0	23.0	54.0	142.0	106.0	58.0	113.0	50.0	96.0	60.0
PF3D7_0302800	359.0	364.0	366.0	237.0	181.0	131.0	364.0	512.0	296.0	249.0	240.0	236.0	174.0	312.0
PF3D7_0302900	2327.0	2035.0	2090.0	1417.0	1281.0	964.0	1784.0	3523.0	2082.0	2554.0	3853.0	1648.0	3226.0	3000.0
PF3D7_0303000	539.0	436.0	557.0	329.0	390.0	258.0	290.0	813.0	422.0	661.0	858.0	504.0	686.0	493.0
PF3D7_0303100	813.0	509.0	741.0	380.0	436.0	172.0	533.0	1852.0	514.0	1229.0	736.0	842.0	561.0	627.0
PF3D7_0303200	2173.0	1429.0	2037.0	1160.0	1143.0	684.0	1548.0	1992.0	904.0	1705.0	1800.0	1132.0	1565.0	2049.0
PF3D7_0303300	427.0	457.0	507.0	280.0	250.0	168.0	419.0	748.0	524.0	317.0	377.0	240.0	271.0	373.0
PF3D7_0303400	393.0	332.0	323.0	182.0	179.0	151.0	299.0	132.0	103.0	128.0	140.0	79.0	132.0	187.0
PF3D7_0303500	890.0	823.0	832.0	667.0	411.0	432.0	832.0	926.0	765.0	578.0	1493.0	327.0	1363.0	822.0
PF3D7_0303600	39.0	32.0	39.0	36.0	25.0	36.0	52.0	72.0	90.0	46.0	133.0	60.0	142.0	67.0
PF3D7_0303700	650.0	462.0	571.0	407.0	301.0	228.0	521.0	1113.0	853.0	625.0	1530.0	392.0	1231.0	751.0
PF3D7_0303800	242.0	177.0	253.0	140.0	146.0	74.0	231.0	520.0	396.0	273.0	379.0	166.0	311.0	305.0
PF3D7_0303900	17.0	20.0	30.0	24.0	12.0	12.0	30.0	12.0	0.0	12.0	13.0	0.0	10.0	0.0
PF3D7_0304000	137.0	76.0	269.0	122.0	145.0	51.0	69.0	87.0	49.0	207.0	50.0	75.0	42.0	99.0
PF3D7_0304100	313.0	201.0	257.0	141.0	100.0	59.0	179.0	137.0	59.0	79.0	88.0	42.0	41.0	182.0
PF3D7_0304200	2249.0	1535.0	2372.0	1149.0	1727.0	788.0	1041.0	3150.0	1182.0	2254.0	1482.0	1718.0	1183.0	1739.0
PF3D7_0304300	281.0	299.0	307.0	234.0	154.0	184.0	235.0	266.0	193.0	194.0	348.0	151.0	271.0	316.0
PF3D7_0304400	513.0	445.0	679.0	466.0	354.0	295.0	644.0	1183.0	934.0	799.0	1270.0	570.0	660.0	877.0
PF3D7_0304500	136.0	113.0	101.0	143.0	88.0	48.0	89.0	247.0	183.0	142.0	307.0	87.0	353.0	155.0
PF3D7_0304600	182.0	136.0	204.0	148.0	125.0	92.0	134.0	186.0	112.0	170.0	149.0	107.0	135.0	201.0
PF3D7_0304700	106.0	113.0	150.0	140.0	78.0	69.0	88.0	124.0	56.0	87.0	83.0	69.0	55.0	189.0
PF3D7_0304800	248.0	214.0	318.0	181.0	135.0	118.0	164.0	283.0	189.0	170.0	295.0	139.0	260.0	304.0
PF3D7_0304900	243.0	203.0	280.0	176.0	182.0	102.0	217.0	358.0	227.0	245.0	230.0	149.0	149.0	272.0
PF3D7_0305000	171.0	166.0	196.0	128.0	106.0	81.0	155.0	348.0	175.0	206.0	372.0	167.0	328.0	330.0
PF3D7_0305100	1350.0	1331.0	1367.0	1182.0	723.0	608.0	1244.0	2130.0	1635.0	1322.0	2831.0	946.0	2344.0	1722.0
PF3D7_0305200	1855.0	1282.0	1896.0	1109.0	1181.0	778.0	949.0	2901.0	1457.0	2494.0	2160.0	1757.0	1389.0	2102.0
PF3D7_0305300	4022.0	3229.0	4458.0	2543.0	2791.0	1979.0	2298.0	3805.0	1835.0	2877.0	2380.0	2384.0	1675.0	2850.0
PF3D7_0305400	94.0	92.0	96.0	64.0	52.0	35.0	77.0	90.0	59.0	58.0	64.0	30.0	57.0	57.0
PF3D7_0305500	4885.0	4859.0	5039.0	3470.0	2670.0	2939.0	3417.0	10627.0	7976.0	5731.0	10504.0	4554.0	8349.0	10578.0
PF3D7_0305600	561.0	474.0	609.0	393.0	300.0	236.0	545.0	441.0	371.0	397.0	1008.0	212.0	852.0	542.0
PF3D7_0305700	807.0	827.0	882.0	692.0	472.0	519.0	583.0	1620.0	1022.0	841.0	1557.0	599.0	1263.0	1337.0
PF3D7_0305800	321.0	329.0	304.0	343.0	143.0	231.0	252.0	342.0	194.0	269.0	213.0	177.0	199.0	493.0
PF3D7_0305900	20.0	26.0	18.0	16.0	0.0	10.0	18.0	10.0	0.0	0.0	16.0	0.0	10.0	23.0
PF3D7_0306000	51.0	59.0	34.0	43.0	26.0	16.0	124.0	53.0	98.0	16.0	56.0	11.0	38.0	43.0
PF3D7_0306100	815.0	533.0	950.0	558.0	588.0	388.0	576.0	1561.0	752.0	1156.0	1017.0	835.0	677.0	998.0
PF3D7_0306200	366.0	270.0	316.0	256.0	185.0	168.0	359.0	1099.0	627.0	667.0	1099.0	442.0	724.0	593.0
PF3D7_0306300	435.0	420.0	454.0	494.0	233.0	286.0	742.0	1267.0	1487.0	649.0	2071.0	372.0	1090.0	1058.0
PF3D7_0306400	634.0	327.0	519.0	269.0	371.0	159.0	415.0	514.0	238.0	428.0	510.0	279.0	518.0	406.0
PF3D7_0306500	234.0	210.0	196.0	166.0	108.0	82.0	226.0	196.0	136.0	138.0	278.0	106.0	253.0	185.0
PF3D7_0306600	105.0	128.0	120.0	117.0	57.0	55.0	210.0	128.0	88.0	38.0	104.0	34.0	84.0	64.0
PF3D7_0306700	146.0	215.0	246.0	169.0	81.0	112.0	239.0	340.0	266.0	157.0	282.0	118.0	158.0	166.0
PF3D7_0306800	1869.0	2004.0	1537.0	1718.0	899.0	1486.0	1751.0	5233.0	4776.0	3552.0	9207.0	2221.0	6255.0	5854.0
PF3D7_0306900	2083.0	2291.0	2292.0	2282.0	1275.0	1870.0	3053.0	6633.0	5811.0	3385.0	9272.0	1910.0	5004.0	7116.0
PF3D7_0307100	755.0	904.0	1036.0	732.0	491.0	532.0	1136.0	2570.0	2348.0	943.0	2426.0	670.0	1489.0	1845.0
PF3D7_0307200	4461.0	3632.0	4636.0	3328.0	3070.0	2648.0	4185.0	10737.0	8837.0	6350.0	13122.0	4028.0	8100.0	10600.0
PF3D7_0307300	205.0	193.0	136.0	172.0	73.0	126.0	92.0	156.0	168.0	107.0	160.0	85.0	121.0	366.0
PF3D7_0307400	216.0	196.0	215.0	148.0	102.0	84.0	204.0	249.0	210.0	169.0	487.0	73.0	386.0	267.0
PF3D7_0307500	395.0	293.0	443.0	195.0	254.0	129.0	316.0	483.0	278.0	350.0	495.0	210.0	530.0	314.0
PF3D7_0307600	439.0	400.0	351.0	313.0	191.0	157.0	438.0	385.0	300.0	299.0	583.0	192.0	530.0	372.0
PF3D7_0307700	2448.0	1718.0	2161.0	1271.0	1202.0	728.0	1682.0	3912.0	2512.0	2822.0	4911.0	1654.0	3887.0	2671.0
PF3D7_0307800	546.0	439.0	582.0	381.0	389.0	261.0	477.0	940.0	514.0	754.0	681.0	570.0	557.0	664.0
PF3D7_0307900	681.0	720.0	739.0	628.0	394.0	369.0	426.0	863.0	578.0	622.0	989.0	424.0	769.0	1064.0
PF3D7_0308000	230.0	199.0	237.0	161.0	89.0	111.0	168.0	422.0	343.0	241.0	690.0	178.0	599.0	324.0
PF3D7_0308100	881.0	731.0	892.0	461.0	450.0	300.0	468.0	416.0	308.0	336.0	392.0	229.0	269.0	763.0
PF3D7_0308200	2188.0	2247.0	1915.0	1807.0	1399.0	1227.0	2233.0	4635.0	3959.0	2973.0	7077.0	2192.0	5315.0	4691.0
PF3D7_0308300	196.0	178.0	153.0	116.0	58.0	69.0	152.0	143.0	132.0	101.0	118.0	61.0	96.0	301.0
PF3D7_0308400	41.0	40.0	115.0	118.0	63.0	84.0	192.0	26.0	20.0	21.0	20.0	23.0	13.0	75.0
PF3D7_0308500	291.0	369.0	248.0	271.0	161.0	244.0	426.0	804.0	1056.0	313.0	1649.0	183.0	1133.0	782.0
PF3D7_0308600	825.0	713.0	865.0	629.0	575.0	535.0	697.0	1501.0	963.0	1049.0	1483.0	856.0	1205.0	1222.0
PF3D7_0308700	222.0	160.0	242.0	330.0	146.0	123.0	187.0	122.0	107.0	182.0	141.0	106.0	77.0	253.0
PF3D7_0308800	37.0	45.0	49.0	21.0	10.0	14.0	46.0	40.0	42.0	27.0	36.0	10.0	30.0	18.0
PF3D7_0308900	2575.0	2225.0	2585.0	2099.0	1594.0	1588.0	1751.0	3810.0	2476.0	2760.0	4390.0	2101.0	3059.0	4337.0
PF3D7_0309000	302.0	322.0	308.0	300.0	163.0	185.0	221.0	460.0	372.0	324.0	647.0	226.0	525.0	410.0
PF3D7_0309100	47.0	33.0	65.0	29.0	16.0	17.0	74.0	48.0	21.0	22.0	14.0	12.0	14.0	27.0
PF3D7_0309200	1878.0	1462.0	1784.0	1325.0	895.0	750.0	1586.0	1922.0	1104.0	1294.0	1962.0	861.0	1376.0	2136.0
PF3D7_0309300	1602.0	1056.0	1357.0	873.0	979.0	488.0	1089.0	2205.0	909.0	1934.0	981.0	1494.0	838.0	1204.0
PF3D7_0309500	2616.0	2708.0	2493.0	2196.0	1464.0	1888.0	2426.0	3155.0	2692.0	2234.0	4862.0	1560.0	3839.0	4621.0
PF3D7_0309600	2974.0	3530.0	4132.0	3673.0	2300.0	2749.0	4324.0	10395.0	9178.0	4915.0	13157.0	3265.0	7077.0	9975.0
PF3D7_0309700	415.0	361.0	470.0	429.0	238.0	342.0	432.0	440.0	266.0	270.0	476.0	226.0	332.0	702.0
PF3D7_0309800	295.0	234.0	265.0	195.0	143.0	157.0	219.0	336.0	217.0	213.0	278.0	170.0	295.0	343.0
PF3D7_0309900	454.0	352.0	380.0	289.0	235.0	212.0	263.0	555.0	314.0	279.0	481.0	198.0	472.0	385.0
PF3D7_0310000	175.0	98.0	178.0	109.0	110.0	48.0	127.0	263.0	121.0	126.0	169.0	81.0	132.0	100.0
PF3D7_0310100	83.0	114.0	115.0	104.0	80.0	71.0	48.0	113.0	74.0	113.0	75.0	63.0	52.0	111.0
PF3D7_0310200	5501.0	4846.0	6643.0	3799.0	3519.0	2893.0	3524.0	11007.0	6688.0	7066.0	9469.0	4888.0	6285.0	8061.0
PF3D7_0310300	1861.0	1599.0	2199.0	1548.0	1645.0	1143.0	1358.0	3159.0	2001.0	2442.0	3240.0	1774.0	2253.0	3198.0
PF3D7_0310400	2341.0	1638.0	2001.0	929.0	1222.0	661.0	1743.0	966.0	612.0	768.0	1655.0	410.0	1641.0	2068.0
PF3D7_0310500	1580.0	1449.0	1478.0	1333.0	898.0	1005.0	1423.0	3553.0	2462.0	2363.0	3994.0	1628.0	3006.0	2851.0
PF3D7_0310600	638.0	585.0	648.0	416.0	378.0	270.0	477.0	968.0	728.0	520.0	864.0	399.0	713.0	626.0
PF3D7_0310700	219.0	255.0	258.0	203.0	175.0	152.0	278.0	529.0	362.0	294.0	336.0	196.0	296.0	461.0
PF3D7_0310800	171.0	193.0	237.0	134.0	114.0	87.0	285.0	440.0	277.0	241.0	276.0	162.0	161.0	261.0
PF3D7_0310900	282.0	170.0	287.0	178.0	119.0	77.0	220.0	288.0	172.0	231.0	383.0	127.0	306.0	252.0
PF3D7_0311000	26.0	16.0	14.0	18.0	0.0	10.0	47.0	12.0	14.0	20.0	12.0	18.0	0.0	14.0
PF3D7_0311100	883.0	635.0	882.0	646.0	528.0	499.0	717.0	1417.0	852.0	1035.0	1506.0	673.0	954.0	1256.0
PF3D7_0311200	599.0	503.0	622.0	443.0	397.0	291.0	426.0	1211.0	683.0	705.0	1043.0	484.0	848.0	878.0
PF3D7_0311300	1546.0	1024.0	1398.0	815.0	797.0	451.0	1221.0	1638.0	741.0	1076.0	1460.0	554.0	1280.0	1089.0
PF3D7_0311400	902.0	934.0	980.0	942.0	510.0	499.0	459.0	871.0	442.0	630.0	555.0	419.0	406.0	1080.0
PF3D7_0311500	102.0	146.0	112.0	51.0	34.0	16.0	136.0	89.0	72.0	52.0	47.0	32.0	28.0	38.0
PF3D7_0311600	315.0	313.0	304.0	235.0	145.0	120.0	320.0	479.0	281.0	312.0	532.0	210.0	424.0	338.0
PF3D7_0311700	161.0	122.0	178.0	170.0	102.0	71.0	210.0	97.0	72.0	97.0	78.0	93.0	66.0	98.0
PF3D7_0311800	540.0	338.0	449.0	336.0	293.0	189.0	474.0	420.0	288.0	306.0	494.0	233.0	534.0	352.0
PF3D7_0311900	111.0	89.0	114.0	71.0	64.0	48.0	99.0	193.0	137.0	94.0	230.0	61.0	159.0	129.0
PF3D7_0312000	66.0	66.0	99.0	131.0	78.0	36.0	85.0	99.0	104.0	75.0	200.0	59.0	122.0	97.0
PF3D7_0312100	409.0	383.0	424.0	270.0	218.0	183.0	300.0	364.0	227.0	231.0	414.0	173.0	419.0	368.0
PF3D7_0312200	521.0	404.0	517.0	420.0	329.0	218.0	421.0	567.0	260.0	434.0	408.0	293.0	279.0	487.0
PF3D7_0312300	196.0	202.0	195.0	149.0	120.0	102.0	145.0	343.0	212.0	204.0	380.0	123.0	331.0	291.0
PF3D7_0312400	1569.0	1188.0	1394.0	1180.0	703.0	662.0	1650.0	1744.0	1116.0	1176.0	2144.0	730.0	1726.0	1383.0
PF3D7_0312500	185.0	250.0	157.0	179.0	77.0	85.0	276.0	474.0	499.0	244.0	685.0	159.0	554.0	494.0
PF3D7_0312600	10.0	0.0	12.0	10.0	10.0	0.0	0.0	0.0	10.0	0.0	0.0	0.0	0.0	13.0
PF3D7_0312700	0.0	0.0	0.0	20.0	10.0	0.0	18.0	15.0	60.0	0.0	0.0	0.0	0.0	15.0
PF3D7_0312800	1299.0	1058.0	1388.0	1130.0	881.0	800.0	1268.0	3093.0	2615.0	1895.0	3925.0	1335.0	2465.0	2943.0
PF3D7_0312900	78.0	100.0	65.0	83.0	38.0	67.0	68.0	142.0	102.0	97.0	112.0	54.0	55.0	165.0
PF3D7_0313000	471.0	377.0	460.0	320.0	262.0	269.0	270.0	581.0	338.0	337.0	429.0	260.0	359.0	546.0
PF3D7_0313100	854.0	689.0	856.0	600.0	463.0	332.0	781.0	2096.0	1326.0	1538.0	2495.0	1002.0	1965.0	1791.0
PF3D7_0313200	219.0	156.0	220.0	159.0	114.0	108.0	202.0	210.0	152.0	130.0	262.0	120.0	199.0	224.0
PF3D7_0313300	43.0	37.0	53.0	35.0	27.0	16.0	45.0	55.0	43.0	31.0	58.0	34.0	33.0	37.0
PF3D7_0313400	602.0	542.0	606.0	559.0	366.0	429.0	323.0	1016.0	540.0	733.0	839.0	488.0	580.0	997.0
PF3D7_0313500	320.0	273.0	334.0	297.0	262.0	180.0	224.0	600.0	464.0	392.0	739.0	276.0	576.0	530.0
PF3D7_0313600	521.0	319.0	437.0	350.0	243.0	216.0	488.0	408.0	238.0	353.0	507.0	178.0	365.0	405.0
PF3D7_0313700	262.0	158.0	220.0	155.0	127.0	108.0	207.0	368.0	178.0	220.0	498.0	141.0	433.0	231.0
PF3D7_0313800	587.0	356.0	563.0	329.0	247.0	178.0	441.0	1049.0	479.0	599.0	845.0	404.0	649.0	450.0
PF3D7_0313900	72.0	64.0	92.0	46.0	47.0	32.0	89.0	67.0	60.0	46.0	26.0	26.0	29.0	54.0
PF3D7_0314000	173.0	128.0	178.0	112.0	110.0	50.0	195.0	203.0	134.0	131.0	232.0	73.0	154.0	128.0
PF3D7_0314100	175.0	174.0	182.0	173.0	125.0	104.0	171.0	316.0	131.0	163.0	152.0	135.0	108.0	160.0
PF3D7_0314200	229.0	224.0	229.0	167.0	94.0	91.0	226.0	243.0	232.0	158.0	368.0	106.0	359.0	240.0
PF3D7_0314300	99.0	111.0	113.0	100.0	54.0	34.0	142.0	162.0	191.0	72.0	224.0	49.0	192.0	131.0
PF3D7_0314400	261.0	198.0	183.0	165.0	139.0	96.0	227.0	682.0	255.0	491.0	381.0	373.0	294.0	331.0
PF3D7_0314500	306.0	263.0	398.0	200.0	206.0	141.0	280.0	689.0	365.0	472.0	349.0	335.0	246.0	279.0
PF3D7_0314600	428.0	428.0	434.0	384.0	266.0	296.0	341.0	1059.0	488.0	722.0	715.0	521.0	450.0	1070.0
PF3D7_0314700	2008.0	1549.0	1697.0	1443.0	1001.0	694.0	2263.0	1754.0	600.0	1950.0	923.0	1385.0	785.0	1009.0
PF3D7_0314800	113.0	102.0	146.0	69.0	61.0	43.0	67.0	68.0	40.0	63.0	30.0	44.0	36.0	112.0
PF3D7_0314900	209.0	201.0	162.0	133.0	84.0	89.0	167.0	109.0	75.0	93.0	178.0	71.0	205.0	160.0
PF3D7_0315000	46.0	32.0	41.0	29.0	22.0	11.0	50.0	54.0	50.0	23.0	73.0	24.0	54.0	42.0
PF3D7_0315100	849.0	901.0	886.0	459.0	421.0	344.0	685.0	1521.0	889.0	740.0	1038.0	647.0	825.0	679.0
PF3D7_0315200	677.0	702.0	624.0	627.0	505.0	373.0	311.0	554.0	319.0	687.0	461.0	401.0	341.0	879.0
PF3D7_0315300	369.0	392.0	415.0	354.0	225.0	217.0	297.0	388.0	212.0	286.0	230.0	187.0	196.0	414.0
PF3D7_0315400	340.0	282.0	337.0	179.0	134.0	117.0	335.0	575.0	370.0	301.0	599.0	194.0	492.0	286.0
PF3D7_0315500	224.0	169.0	239.0	132.0	120.0	71.0	230.0	243.0	117.0	148.0	180.0	84.0	172.0	122.0
PF3D7_0315600	636.0	467.0	610.0	532.0	269.0	245.0	700.0	398.0	263.0	315.0	500.0	242.0	300.0	420.0
PF3D7_0315700	283.0	327.0	234.0	245.0	130.0	124.0	246.0	200.0	109.0	105.0	112.0	86.0	93.0	204.0
PF3D7_0315800	320.0	355.0	427.0	191.0	184.0	123.0	289.0	610.0	334.0	312.0	369.0	276.0	243.0	197.0
PF3D7_0315900	48.0	26.0	25.0	47.0	36.0	17.0	54.0	19.0	0.0	34.0	16.0	28.0	16.0	33.0
PF3D7_0316000	150.0	114.0	138.0	120.0	94.0	38.0	125.0	248.0	97.0	177.0	115.0	123.0	91.0	124.0
PF3D7_0316100	185.0	137.0	184.0	131.0	92.0	72.0	200.0	209.0	141.0	95.0	214.0	98.0	168.0	135.0
PF3D7_0316200	727.0	705.0	723.0	754.0	347.0	356.0	662.0	795.0	575.0	493.0	1020.0	373.0	915.0	740.0
PF3D7_0316300	1346.0	1092.0	1270.0	776.0	787.0	453.0	1154.0	1602.0	1121.0	1039.0	2455.0	667.0	2215.0	1163.0
PF3D7_0316400	688.0	640.0	647.0	617.0	373.0	306.0	731.0	815.0	559.0	605.0	1180.0	411.0	935.0	849.0
PF3D7_0316500	476.0	420.0	401.0	332.0	234.0	212.0	435.0	439.0	368.0	366.0	645.0	253.0	508.0	472.0
PF3D7_0316600	1428.0	1626.0	1275.0	1235.0	835.0	1002.0	1359.0	4236.0	4136.0	2065.0	6038.0	1505.0	4953.0	8203.0
PF3D7_0316700	263.0	235.0	227.0	176.0	139.0	131.0	306.0	294.0	294.0	175.0	479.0	120.0	382.0	672.0
PF3D7_0316800	1987.0	1842.0	2688.0	1624.0	1653.0	1178.0	2041.0	6088.0	4311.0	3277.0	5683.0	2135.0	3212.0	4831.0
PF3D7_0316900	779.0	775.0	845.0	470.0	399.0	410.0	678.0	1118.0	760.0	709.0	892.0	551.0	677.0	977.0
PF3D7_0317000	548.0	454.0	464.0	340.0	221.0	252.0	529.0	1329.0	878.0	702.0	1178.0	477.0	972.0	817.0
PF3D7_0317100	173.0	180.0	192.0	199.0	119.0	97.0	222.0	238.0	148.0	205.0	134.0	178.0	98.0	227.0
PF3D7_0317200	3133.0	2286.0	2852.0	1569.0	1428.0	871.0	2240.0	3064.0	1750.0	1858.0	4358.0	1273.0	3776.0	2292.0
PF3D7_0317300	6981.0	6095.0	8833.0	4809.0	6079.0	3672.0	4838.0	9156.0	6350.0	6792.0	9095.0	5792.0	6729.0	8525.0
PF3D7_0317400	282.0	201.0	263.0	125.0	112.0	63.0	154.0	555.0	229.0	360.0	367.0	193.0	343.0	232.0
PF3D7_0317500	1508.0	1381.0	1380.0	1005.0	772.0	607.0	1269.0	1863.0	1480.0	1131.0	2301.0	807.0	1924.0	2431.0
PF3D7_0317600	1715.0	1773.0	2519.0	1585.0	1354.0	1164.0	2227.0	5504.0	4785.0	2518.0	4984.0	1748.0	2671.0	3748.0
PF3D7_0317700	3324.0	3118.0	3093.0	2522.0	1688.0	1848.0	2955.0	4358.0	2907.0	2564.0	4550.0	1918.0	3751.0	4682.0
PF3D7_0317800	150.0	177.0	159.0	151.0	78.0	94.0	225.0	343.0	413.0	219.0	684.0	167.0	589.0	423.0
PF3D7_0317900	113.0	106.0	145.0	127.0	70.0	98.0	117.0	294.0	189.0	208.0	341.0	138.0	289.0	187.0
PF3D7_0318000	24.0	28.0	33.0	28.0	16.0	19.0	18.0	33.0	20.0	18.0	17.0	13.0	20.0	59.0
PF3D7_0318100	166.0	107.0	154.0	112.0	102.0	64.0	142.0	648.0	372.0	453.0	662.0	222.0	451.0	337.0
PF3D7_0318200	7461.0	6025.0	7329.0	4574.0	4983.0	3561.0	5183.0	12046.0	6800.0	8858.0	12018.0	6759.0	9916.0	10695.0
PF3D7_0318300	1329.0	1129.0	1600.0	889.0	1090.0	684.0	1084.0	1979.0	953.0	1448.0	1139.0	1073.0	936.0	1601.0
PF3D7_0318400	64.0	91.0	95.0	114.0	61.0	66.0	100.0	91.0	66.0	66.0	64.0	79.0	44.0	55.0
PF3D7_0318500	1224.0	1497.0	1158.0	1105.0	674.0	574.0	826.0	1013.0	573.0	766.0	664.0	532.0	489.0	1590.0
PF3D7_0318600	904.0	873.0	855.0	776.0	726.0	612.0	671.0	1252.0	644.0	883.0	951.0	669.0	693.0	1315.0
PF3D7_0318700	99.0	115.0	89.0	95.0	46.0	47.0	98.0	100.0	56.0	77.0	44.0	59.0	42.0	99.0
PF3D7_0318800	80.0	47.0	97.0	33.0	46.0	28.0	66.0	141.0	19.0	113.0	29.0	70.0	24.0	40.0
PF3D7_0318900	941.0	731.0	1110.0	579.0	741.0	450.0	567.0	1959.0	939.0	1707.0	1594.0	1056.0	1162.0	1329.0
PF3D7_0319000	1432.0	1151.0	1190.0	829.0	758.0	519.0	1050.0	1931.0	689.0	1179.0	1297.0	773.0	1247.0	1301.0
PF3D7_0319100	132.0	111.0	114.0	119.0	51.0	65.0	175.0	202.0	198.0	92.0	228.0	71.0	158.0	190.0
PF3D7_0319200	583.0	554.0	547.0	555.0	280.0	447.0	452.0	704.0	571.0	539.0	989.0	356.0	687.0	823.0
PF3D7_0319300	102.0	97.0	108.0	57.0	39.0	37.0	83.0	185.0	144.0	96.0	147.0	75.0	111.0	105.0
PF3D7_0319400	824.0	767.0	857.0	649.0	533.0	368.0	744.0	840.0	374.0	644.0	907.0	486.0	951.0	773.0
PF3D7_0319500	653.0	574.0	729.0	558.0	485.0	425.0	709.0	1135.0	764.0	856.0	1255.0	576.0	927.0	1031.0
PF3D7_0319600	645.0	812.0	861.0	778.0	434.0	596.0	819.0	1964.0	2049.0	885.0	2456.0	663.0	1356.0	1592.0
PF3D7_0319700	3871.0	4209.0	4694.0	2983.0	2741.0	2244.0	2898.0	7901.0	5397.0	4402.0	5792.0	3353.0	3502.0	5976.0
PF3D7_0319800	64.0	66.0	52.0	57.0	24.0	26.0	57.0	36.0	26.0	24.0	40.0	18.0	19.0	74.0
PF3D7_0319900	376.0	294.0	467.0	231.0	262.0	146.0	275.0	573.0	214.0	364.0	270.0	296.0	232.0	280.0
PF3D7_0320000	315.0	218.0	291.0	205.0	176.0	112.0	393.0	357.0	332.0	204.0	592.0	129.0	444.0	278.0
PF3D7_0320100	248.0	163.0	283.0	135.0	204.0	96.0	231.0	389.0	209.0	230.0	250.0	198.0	232.0	198.0
PF3D7_0320200	91.0	82.0	110.0	99.0	65.0	52.0	69.0	110.0	58.0	90.0	101.0	54.0	64.0	105.0
PF3D7_0320300	1612.0	1498.0	1444.0	1308.0	910.0	974.0	1650.0	3672.0	3203.0	2363.0	5457.0	1538.0	3638.0	3493.0
PF3D7_0320400	322.0	419.0	308.0	402.0	294.0	173.0	312.0	349.0	553.0	450.0	285.0	384.0	174.0	510.0
PF3D7_0320500	528.0	337.0	462.0	196.0	216.0	95.0	291.0	1616.0	443.0	1201.0	621.0	842.0	512.0	651.0
PF3D7_0320600	112.0	77.0	102.0	82.0	45.0	43.0	122.0	67.0	55.0	41.0	113.0	23.0	113.0	55.0
PF3D7_0320700	383.0	309.0	394.0	204.0	195.0	165.0	348.0	626.0	370.0	437.0	959.0	230.0	992.0	396.0
PF3D7_0320800	651.0	465.0	479.0	308.0	235.0	160.0	548.0	859.0	608.0	427.0	951.0	328.0	941.0	571.0
PF3D7_0320900	5214.0	4729.0	5320.0	3775.0	3402.0	2577.0	5484.0	5503.0	4840.0	3560.0	8896.0	2343.0	5792.0	7444.0
PF3D7_0321000	631.0	451.0	802.0	484.0	381.0	273.0	475.0	1591.0	676.0	1241.0	1083.0	873.0	696.0	1031.0
PF3D7_0321100	720.0	584.0	926.0	608.0	418.0	302.0	436.0	627.0	294.0	536.0	353.0	369.0	278.0	602.0
PF3D7_0321200	73.0	60.0	52.0	78.0	52.0	23.0	58.0	124.0	103.0	204.0	140.0	131.0	131.0	57.0
PF3D7_0321300	129.0	107.0	218.0	103.0	128.0	63.0	87.0	261.0	105.0	116.0	109.0	110.0	68.0	114.0
PF3D7_0321400	202.0	179.0	206.0	115.0	72.0	76.0	112.0	145.0	101.0	79.0	88.0	77.0	41.0	263.0
PF3D7_0321500	471.0	525.0	268.0	361.0	214.0	240.0	558.0	694.0	851.0	450.0	1659.0	296.0	1517.0	809.0
PF3D7_0321600	550.0	489.0	479.0	493.0	305.0	266.0	618.0	990.0	832.0	715.0	1589.0	486.0	1199.0	986.0
PF3D7_0321700	947.0	559.0	992.0	389.0	502.0	296.0	483.0	751.0	375.0	640.0	586.0	373.0	554.0	644.0
PF3D7_0321800	3023.0	2737.0	3653.0	2335.0	2153.0	1576.0	2290.0	4470.0	2747.0	2753.0	4162.0	2259.0	3119.0	3730.0
PF3D7_0321900	1593.0	1433.0	1790.0	1209.0	1144.0	1035.0	1003.0	2006.0	996.0	1340.0	1568.0	1009.0	1349.0	1536.0
PF3D7_0322000	1386.0	1916.0	1565.0	1825.0	766.0	1340.0	2511.0	4022.0	6835.0	1871.0	10049.0	966.0	5119.0	5223.0
PF3D7_0322100	844.0	586.0	927.0	574.0	676.0	463.0	586.0	1488.0	776.0	1057.0	1320.0	745.0	841.0	1130.0
PF3D7_0322200	63.0	56.0	101.0	85.0	68.0	62.0	80.0	55.0	60.0	91.0	63.0	69.0	44.0	76.0
PF3D7_0322300	434.0	353.0	402.0	257.0	186.0	142.0	306.0	710.0	277.0	433.0	533.0	332.0	558.0	403.0
PF3D7_0322400	763.0	592.0	964.0	646.0	684.0	428.0	536.0	2187.0	841.0	1525.0	1255.0	1082.0	845.0	1199.0
PF3D7_0322500	124.0	112.0	109.0	64.0	74.0	52.0	101.0	244.0	131.0	119.0	179.0	72.0	132.0	141.0
PF3D7_0322600	265.0	304.0	284.0	348.0	157.0	186.0	204.0	276.0	176.0	240.0	198.0	205.0	145.0	344.0
PF3D7_0322700	1258.0	1449.0	1200.0	1134.0	696.0	796.0	1147.0	1445.0	1472.0	1004.0	2329.0	831.0	1892.0	2178.0
PF3D7_0322800	0.0	12.0	14.0	14.0	0.0	0.0	19.0	14.0	0.0	0.0	0.0	12.0	0.0	12.0
PF3D7_0322900	2769.0	2480.0	2885.0	2296.0	1715.0	2027.0	2698.0	8468.0	7357.0	5646.0	12832.0	3446.0	8003.0	8372.0
PF3D7_0323000	90.0	78.0	130.0	92.0	64.0	49.0	153.0	363.0	279.0	147.0	282.0	103.0	179.0	145.0
PF3D7_0323100	720.0	659.0	734.0	547.0	345.0	345.0	642.0	2090.0	1392.0	964.0	1994.0	580.0	1415.0	1618.0
PF3D7_0323200	116.0	118.0	113.0	113.0	57.0	75.0	108.0	200.0	171.0	100.0	274.0	58.0	227.0	248.0
PF3D7_0323300	90.0	59.0	72.0	104.0	59.0	39.0	79.0	80.0	54.0	64.0	116.0	56.0	95.0	78.0
PF3D7_0323400	460.0	546.0	315.0	294.0	141.0	160.0	519.0	256.0	276.0	224.0	260.0	139.0	150.0	556.0
PF3D7_0323500	474.0	363.0	601.0	341.0	375.0	293.0	295.0	1046.0	463.0	803.0	769.0	576.0	551.0	537.0
PF3D7_0323600	364.0	211.0	388.0	272.0	186.0	198.0	261.0	939.0	530.0	560.0	677.0	363.0	472.0	630.0
PF3D7_0323700	999.0	670.0	1436.0	780.0	1138.0	534.0	681.0	1781.0	794.0	1698.0	1338.0	1189.0	787.0	1340.0
PF3D7_0323800	1130.0	1029.0	1323.0	861.0	664.0	614.0	1167.0	2601.0	1434.0	1270.0	1715.0	1080.0	1189.0	1549.0
PF3D7_0324100	19.0	12.0	19.0	0.0	0.0	0.0	0.0	1095.0	777.0	471.0	494.0	294.0	178.0	465.0
PF3D7_0324400	115.0	69.0	174.0	61.0	83.0	50.0	62.0	142.0	89.0	82.0	49.0	158.0	52.0	105.0
PF3D7_0324500	0.0	0.0	0.0	0.0	0.0	0.0	0.0	11.0	0.0	11.0	0.0	0.0	0.0	0.0
PF3D7_0324800	176.0	143.0	251.0	217.0	145.0	94.0	88.0	695.0	355.0	432.0	280.0	223.0	158.0	460.0
PF3D7_0324900	1271.0	1171.0	1724.0	2210.0	1208.0	1220.0	756.0	2888.0	1976.0	2327.0	2264.0	1776.0	1209.0	4662.0
PF3D7_0400100	1785.0	1796.0	2504.0	2488.0	1630.0	1256.0	870.0	3886.0	2333.0	2802.0	2569.0	1997.0	1466.0	4986.0
PF3D7_0400200	320.0	237.0	373.0	435.0	236.0	318.0	335.0	1064.0	841.0	640.0	893.0	542.0	580.0	1469.0
PF3D7_0400300	218.0	145.0	276.0	248.0	144.0	129.0	152.0	1618.0	431.0	644.0	413.0	446.0	222.0	1068.0
PF3D7_0400400	2254.0	2533.0	2952.0	3191.0	1920.0	1675.0	1008.0	4150.0	2703.0	3770.0	3144.0	3073.0	1847.0	5656.0
PF3D7_0400500	188.0	184.0	262.0	179.0	179.0	100.0	67.0	4203.0	1157.0	2019.0	1276.0	1010.0	610.0	2705.0
PF3D7_0400700	77.0	90.0	138.0	136.0	83.0	75.0	32.0	285.0	126.0	163.0	138.0	109.0	105.0	238.0
PF3D7_0400800	0.0	0.0	0.0	0.0	0.0	0.0	0.0	18.0	0.0	12.0	15.0	0.0	0.0	23.0
PF3D7_0400900	51.0	43.0	87.0	72.0	58.0	29.0	17.0	240.0	80.0	174.0	80.0	111.0	75.0	202.0
PF3D7_0401000	50.0	57.0	89.0	82.0	51.0	36.0	29.0	305.0	115.0	157.0	116.0	82.0	33.0	191.0
PF3D7_0401200	15.0	0.0	32.0	18.0	28.0	12.0	16.0	141.0	41.0	99.0	71.0	67.0	28.0	173.0
PF3D7_0401300	168.0	168.0	271.0	191.0	140.0	112.0	67.0	375.0	171.0	307.0	208.0	134.0	96.0	336.0
PF3D7_0401400	57.0	81.0	91.0	78.0	70.0	50.0	33.0	321.0	115.0	151.0	106.0	115.0	60.0	188.0
PF3D7_0401500	374.0	222.0	277.0	192.0	233.0	104.0	270.0	7170.0	3747.0	3619.0	2859.0	2029.0	1497.0	3774.0
PF3D7_0401600	1035.0	771.0	1123.0	620.0	939.0	468.0	532.0	5595.0	2413.0	3324.0	3190.0	2028.0	1874.0	3022.0
PF3D7_0401700	209.0	92.0	163.0	66.0	98.0	32.0	107.0	2173.0	804.0	1346.0	1033.0	752.0	622.0	781.0
PF3D7_0401800	1850.0	934.0	2314.0	493.0	1496.0	318.0	469.0	23642.0	7625.0	21626.0	8161.0	16846.0	4646.0	10848.0
PF3D7_0401900	404.0	305.0	426.0	344.0	331.0	263.0	203.0	2959.0	1441.0	2252.0	1777.0	1974.0	896.0	4019.0
PF3D7_0402000	1726.0	938.0	1602.0	599.0	943.0	342.0	934.0	21068.0	11634.0	13144.0	18612.0	6828.0	9685.0	12056.0
PF3D7_0402100	1484.0	1505.0	1441.0	999.0	1076.0	855.0	1196.0	2447.0	1348.0	2111.0	1690.0	1491.0	1018.0	2878.0
PF3D7_0402200	1425.0	1302.0	1420.0	910.0	762.0	650.0	930.0	532.0	384.0	523.0	329.0	337.0	225.0	826.0
PF3D7_0402300	849.0	1263.0	434.0	509.0	228.0	321.0	827.0	941.0	683.0	786.0	646.0	406.0	509.0	1074.0
PF3D7_0402400	2112.0	2429.0	2496.0	2378.0	1577.0	1842.0	2450.0	4271.0	4131.0	1767.0	4364.0	1178.0	2345.0	5072.0
PF3D7_0402500	24.0	23.0	38.0	26.0	16.0	19.0	16.0	77.0	57.0	76.0	47.0	43.0	30.0	49.0
PF3D7_0402600	0.0	12.0	11.0	13.0	0.0	0.0	0.0	133.0	116.0	109.0	71.0	62.0	29.0	94.0
PF3D7_0402700	19.0	26.0	37.0	28.0	16.0	24.0	14.0	44.0	29.0	62.0	25.0	25.0	20.0	49.0
PF3D7_0402800	494.0	661.0	585.0	667.0	433.0	383.0	207.0	611.0	374.0	556.0	409.0	411.0	325.0	952.0
PF3D7_0402900	16.0	27.0	25.0	19.0	0.0	12.0	30.0	0.0	10.0	14.0	15.0	0.0	0.0	0.0
PF3D7_0403100	253.0	181.0	217.0	156.0	170.0	99.0	112.0	352.0	134.0	312.0	268.0	219.0	240.0	209.0
PF3D7_0403200	2902.0	2031.0	3358.0	2291.0	2307.0	1675.0	1907.0	4593.0	2020.0	3596.0	3385.0	2528.0	1906.0	3318.0
PF3D7_0403300	90.0	59.0	108.0	55.0	55.0	35.0	99.0	115.0	84.0	35.0	74.0	28.0	54.0	66.0
PF3D7_0403400	2007.0	2048.0	2447.0	1811.0	1347.0	1255.0	1553.0	2314.0	1502.0	1370.0	1940.0	1175.0	1509.0	1524.0
PF3D7_0403500	143.0	104.0	111.0	115.0	104.0	85.0	124.0	356.0	198.0	207.0	244.0	143.0	201.0	189.0
PF3D7_0403600	910.0	629.0	692.0	397.0	406.0	294.0	584.0	955.0	522.0	530.0	1272.0	297.0	1286.0	618.0
PF3D7_0403700	1864.0	1281.0	2446.0	1264.0	1777.0	1063.0	1286.0	4447.0	2151.0	3526.0	3336.0	2591.0	2378.0	2832.0
PF3D7_0403800	955.0	901.0	798.0	482.0	530.0	369.0	854.0	1199.0	599.0	823.0	494.0	586.0	442.0	857.0
PF3D7_0403900	642.0	525.0	641.0	393.0	350.0	195.0	446.0	396.0	287.0	339.0	359.0	241.0	319.0	504.0
PF3D7_0404000	77.0	86.0	97.0	58.0	35.0	26.0	74.0	61.0	53.0	43.0	37.0	33.0	23.0	78.0
PF3D7_0404100	410.0	347.0	524.0	321.0	276.0	184.0	176.0	388.0	156.0	317.0	174.0	248.0	169.0	435.0
PF3D7_0404200	40.0	28.0	45.0	36.0	20.0	16.0	56.0	61.0	31.0	32.0	56.0	19.0	32.0	26.0
PF3D7_0404300	1642.0	1115.0	1908.0	1090.0	1137.0	854.0	1333.0	3581.0	1740.0	2934.0	3403.0	1852.0	2082.0	2625.0
PF3D7_0404400	62.0	38.0	45.0	43.0	30.0	16.0	29.0	63.0	39.0	60.0	62.0	33.0	25.0	89.0
PF3D7_0404500	133.0	249.0	148.0	131.0	95.0	82.0	160.0	503.0	309.0	276.0	393.0	208.0	286.0	694.0
PF3D7_0404600	2931.0	2121.0	3183.0	1415.0	1538.0	774.0	1489.0	11524.0	5588.0	7102.0	8504.0	4990.0	6377.0	8506.0
PF3D7_0404700	1495.0	1222.0	1449.0	624.0	615.0	323.0	756.0	628.0	511.0	366.0	407.0	201.0	157.0	1254.0
PF3D7_0404800	198.0	192.0	285.0	157.0	156.0	97.0	154.0	216.0	118.0	164.0	104.0	110.0	91.0	270.0
PF3D7_0404900	709.0	740.0	524.0	447.0	297.0	271.0	688.0	524.0	395.0	359.0	520.0	284.0	459.0	894.0
PF3D7_0405000	658.0	497.0	675.0	442.0	449.0	343.0	535.0	1386.0	728.0	900.0	1083.0	673.0	692.0	1034.0
PF3D7_0405100	1236.0	1125.0	1153.0	718.0	761.0	518.0	1039.0	2059.0	1180.0	1312.0	1714.0	1066.0	1474.0	1212.0
PF3D7_0405200	361.0	238.0	367.0	139.0	162.0	90.0	293.0	196.0	141.0	129.0	200.0	78.0	144.0	297.0
PF3D7_0405300	353.0	430.0	393.0	393.0	200.0	227.0	261.0	419.0	214.0	377.0	292.0	240.0	223.0	605.0
PF3D7_0405400	8803.0	7255.0	9179.0	6129.0	6074.0	4733.0	5728.0	12761.0	7930.0	9992.0	15307.0	7673.0	12404.0	12412.0
PF3D7_0405500	90.0	89.0	127.0	90.0	61.0	72.0	66.0	170.0	120.0	135.0	162.0	86.0	128.0	145.0
PF3D7_0405600	170.0	180.0	168.0	143.0	85.0	82.0	193.0	414.0	291.0	206.0	371.0	148.0	339.0	207.0
PF3D7_0405700	1733.0	1213.0	1450.0	919.0	789.0	427.0	1448.0	5023.0	2143.0	2971.0	3073.0	2066.0	2283.0	2022.0
PF3D7_0405800	76.0	70.0	101.0	47.0	45.0	23.0	83.0	55.0	52.0	24.0	69.0	21.0	67.0	27.0
PF3D7_0405900	669.0	770.0	738.0	415.0	295.0	197.0	521.0	320.0	302.0	184.0	276.0	114.0	123.0	830.0
PF3D7_0406000	557.0	385.0	687.0	296.0	349.0	184.0	275.0	1102.0	557.0	784.0	722.0	589.0	455.0	562.0
PF3D7_0406100	3277.0	2697.0	2432.0	2044.0	1585.0	1403.0	2643.0	6808.0	4140.0	5233.0	8500.0	3231.0	6715.0	5711.0
PF3D7_0406200	18477.0	18331.0	17415.0	19086.0	8775.0	9797.0	33579.0	12488.0	11014.0	5846.0	11210.0	5177.0	6799.0	18212.0
PF3D7_0406400	409.0	394.0	396.0	279.0	294.0	203.0	289.0	782.0	542.0	584.0	1001.0	446.0	877.0	543.0
PF3D7_0406500	8823.0	6792.0	10168.0	6255.0	6335.0	4792.0	6845.0	8284.0	4126.0	7020.0	5782.0	5367.0	3650.0	8448.0
PF3D7_0406600	27.0	18.0	30.0	12.0	14.0	0.0	20.0	43.0	11.0	18.0	12.0	14.0	12.0	12.0
PF3D7_0406700	369.0	266.0	387.0	256.0	219.0	156.0	336.0	248.0	176.0	231.0	332.0	127.0	336.0	248.0
PF3D7_0406800	59.0	50.0	96.0	79.0	56.0	41.0	80.0	144.0	91.0	64.0	197.0	96.0	181.0	81.0
PF3D7_0406900	566.0	498.0	607.0	455.0	257.0	340.0	260.0	606.0	343.0	434.0	336.0	335.0	270.0	838.0
PF3D7_0407000	374.0	326.0	478.0	253.0	320.0	202.0	273.0	497.0	206.0	342.0	278.0	286.0	224.0	265.0
PF3D7_0407100	355.0	289.0	283.0	760.0	255.0	240.0	302.0	305.0	178.0	352.0	385.0	262.0	285.0	337.0
PF3D7_0407200	182.0	149.0	282.0	221.0	161.0	125.0	174.0	354.0	206.0	215.0	304.0	147.0	202.0	315.0
PF3D7_0407300	763.0	385.0	820.0	384.0	600.0	319.0	422.0	1272.0	527.0	949.0	773.0	692.0	466.0	800.0
PF3D7_0407400	104.0	96.0	124.0	103.0	56.0	62.0	116.0	262.0	218.0	113.0	279.0	58.0	190.0	243.0
PF3D7_0407500	99.0	129.0	97.0	79.0	49.0	53.0	84.0	210.0	134.0	141.0	227.0	84.0	155.0	194.0
PF3D7_0407600	139.0	117.0	184.0	120.0	112.0	53.0	84.0	118.0	78.0	76.0	62.0	59.0	49.0	135.0
PF3D7_0407700	990.0	765.0	1013.0	575.0	510.0	357.0	653.0	581.0	365.0	490.0	423.0	302.0	360.0	940.0
PF3D7_0407800	2379.0	1915.0	2369.0	1025.0	1221.0	454.0	1226.0	970.0	649.0	851.0	811.0	438.0	440.0	1957.0
PF3D7_0407900	463.0	398.0	411.0	346.0	215.0	175.0	436.0	749.0	415.0	484.0	638.0	375.0	455.0	657.0
PF3D7_0408000	136.0	78.0	102.0	59.0	58.0	26.0	101.0	154.0	48.0	93.0	59.0	78.0	31.0	93.0
PF3D7_0408100	631.0	468.0	631.0	447.0	344.0	285.0	573.0	518.0	316.0	452.0	396.0	309.0	233.0	589.0
PF3D7_0408200	171.0	138.0	141.0	116.0	69.0	82.0	190.0	123.0	58.0	110.0	105.0	72.0	57.0	158.0
PF3D7_0408300	476.0	379.0	559.0	319.0	355.0	168.0	401.0	1098.0	637.0	697.0	631.0	568.0	454.0	530.0
PF3D7_0408400	149.0	106.0	139.0	119.0	73.0	67.0	138.0	230.0	82.0	192.0	253.0	80.0	234.0	118.0
PF3D7_0408500	595.0	419.0	640.0	348.0	334.0	223.0	461.0	585.0	321.0	421.0	798.0	281.0	668.0	392.0
PF3D7_0408600	247.0	175.0	206.0	139.0	141.0	60.0	215.0	165.0	85.0	179.0	109.0	142.0	105.0	132.0
PF3D7_0408700	86.0	98.0	103.0	112.0	70.0	42.0	57.0	83.0	59.0	76.0	53.0	66.0	40.0	80.0
PF3D7_0408800	11.0	14.0	14.0	13.0	0.0	0.0	15.0	18.0	11.0	14.0	0.0	10.0	0.0	17.0
PF3D7_0408900	241.0	192.0	247.0	260.0	168.0	89.0	192.0	465.0	379.0	294.0	797.0	157.0	628.0	311.0
PF3D7_0409000	297.0	297.0	299.0	203.0	133.0	127.0	206.0	224.0	150.0	165.0	181.0	138.0	169.0	260.0
PF3D7_0409100	1270.0	994.0	1481.0	1052.0	955.0	749.0	893.0	1539.0	893.0	1282.0	1341.0	892.0	964.0	1439.0
PF3D7_0409200	975.0	658.0	1020.0	698.0	812.0	491.0	733.0	1289.0	704.0	1027.0	1141.0	732.0	680.0	1175.0
PF3D7_0409300	636.0	601.0	639.0	515.0	317.0	359.0	487.0	1132.0	768.0	651.0	1273.0	473.0	1028.0	1108.0
PF3D7_0409400	793.0	666.0	697.0	625.0	434.0	413.0	535.0	1755.0	1223.0	1274.0	2430.0	705.0	1508.0	1574.0
PF3D7_0409500	423.0	343.0	313.0	300.0	172.0	187.0	387.0	303.0	259.0	174.0	862.0	153.0	1024.0	398.0
PF3D7_0409600	1290.0	964.0	1076.0	630.0	577.0	379.0	917.0	2242.0	1411.0	1764.0	2872.0	1094.0	2319.0	1600.0
PF3D7_0409700	166.0	95.0	172.0	107.0	88.0	44.0	134.0	296.0	145.0	145.0	212.0	91.0	170.0	176.0
PF3D7_0409800	1008.0	984.0	1144.0	787.0	619.0	536.0	813.0	1469.0	960.0	981.0	1271.0	707.0	884.0	1511.0
PF3D7_0409900	53.0	39.0	42.0	73.0	31.0	42.0	71.0	53.0	27.0	54.0	49.0	38.0	23.0	60.0
PF3D7_0410000	2038.0	1355.0	2511.0	1079.0	2360.0	704.0	817.0	4531.0	1752.0	3879.0	2477.0	3552.0	1675.0	2917.0
PF3D7_0410200	0.0	0.0	0.0	0.0	0.0	0.0	0.0	0.0	10.0	0.0	0.0	0.0	0.0	0.0
PF3D7_0410300	1088.0	888.0	1117.0	901.0	808.0	595.0	578.0	1421.0	675.0	1123.0	1272.0	783.0	919.0	1203.0
PF3D7_0410400	295.0	199.0	261.0	157.0	157.0	123.0	144.0	434.0	188.0	357.0	336.0	218.0	238.0	283.0
PF3D7_0410500	15.0	10.0	21.0	13.0	11.0	0.0	17.0	16.0	0.0	10.0	0.0	0.0	0.0	23.0
PF3D7_0410600	296.0	279.0	285.0	218.0	147.0	139.0	247.0	895.0	652.0	587.0	888.0	437.0	612.0	464.0
PF3D7_0410700	883.0	612.0	822.0	532.0	483.0	245.0	704.0	779.0	473.0	678.0	839.0	416.0	642.0	802.0
PF3D7_0410800	2221.0	1533.0	1786.0	1093.0	994.0	685.0	1422.0	2761.0	1601.0	2206.0	2636.0	1343.0	2278.0	2113.0
PF3D7_0410900	1806.0	1573.0	1445.0	1124.0	919.0	971.0	1202.0	2732.0	1765.0	2214.0	3118.0	1554.0	1763.0	3479.0
PF3D7_0411000	4631.0	4473.0	4587.0	2712.0	3456.0	2551.0	2454.0	11040.0	4878.0	8768.0	6696.0	7616.0	5031.0	9413.0
PF3D7_0411100	28.0	25.0	30.0	21.0	0.0	0.0	24.0	45.0	34.0	21.0	73.0	13.0	77.0	46.0
PF3D7_0411200	450.0	382.0	446.0	340.0	254.0	176.0	305.0	986.0	476.0	712.0	634.0	497.0	449.0	643.0
PF3D7_0411300	159.0	104.0	152.0	113.0	61.0	72.0	109.0	373.0	159.0	214.0	203.0	152.0	206.0	152.0
PF3D7_0411400	418.0	434.0	414.0	395.0	253.0	238.0	373.0	719.0	825.0	424.0	890.0	311.0	679.0	696.0
PF3D7_0411500	0.0	0.0	25.0	13.0	0.0	0.0	14.0	0.0	0.0	0.0	0.0	0.0	0.0	0.0
PF3D7_0411600	20.0	11.0	42.0	28.0	19.0	13.0	28.0	10.0	0.0	0.0	0.0	0.0	0.0	13.0
PF3D7_0411700	0.0	0.0	12.0	10.0	0.0	0.0	0.0	0.0	0.0	0.0	0.0	0.0	0.0	0.0
PF3D7_0411800	448.0	401.0	446.0	312.0	225.0	215.0	341.0	390.0	291.0	210.0	528.0	170.0	454.0	476.0
PF3D7_0411900	1474.0	1212.0	1398.0	921.0	741.0	578.0	1166.0	1277.0	1076.0	808.0	2573.0	568.0	2328.0	1100.0
PF3D7_0412000	882.0	578.0	813.0	393.0	422.0	283.0	556.0	1568.0	701.0	1203.0	1521.0	753.0	1288.0	722.0
PF3D7_0412100	119.0	105.0	165.0	100.0	52.0	35.0	104.0	231.0	112.0	122.0	171.0	80.0	146.0	122.0
PF3D7_0412200	136.0	128.0	132.0	165.0	78.0	47.0	98.0	207.0	129.0	128.0	171.0	94.0	156.0	70.0
PF3D7_0412300	108.0	81.0	144.0	72.0	103.0	55.0	73.0	178.0	67.0	131.0	122.0	102.0	107.0	75.0
PF3D7_0412400	1059.0	1117.0	1613.0	1804.0	1161.0	840.0	590.0	2028.0	1248.0	1574.0	1266.0	1146.0	741.0	2718.0
PF3D7_0412600	0.0	0.0	0.0	10.0	0.0	0.0	0.0	13.0	0.0	0.0	0.0	0.0	0.0	14.0
PF3D7_0412700	1190.0	1235.0	1704.0	1757.0	1151.0	906.0	615.0	2454.0	1580.0	1708.0	1514.0	1336.0	870.0	3340.0
PF3D7_0412900	12.0	12.0	32.0	29.0	15.0	11.0	10.0	40.0	18.0	24.0	0.0	12.0	0.0	35.0
PF3D7_0413100	324.0	353.0	509.0	541.0	329.0	272.0	150.0	702.0	347.0	442.0	377.0	304.0	214.0	919.0
PF3D7_0413200	51.0	64.0	69.0	96.0	48.0	41.0	35.0	130.0	52.0	76.0	56.0	72.0	40.0	84.0
PF3D7_0413300	24.0	11.0	27.0	22.0	17.0	0.0	0.0	38.0	11.0	27.0	20.0	22.0	15.0	18.0
PF3D7_0413400	136.0	207.0	149.0	171.0	107.0	123.0	40.0	222.0	135.0	181.0	112.0	113.0	116.0	336.0
PF3D7_0413500	215.0	168.0	191.0	119.0	84.0	76.0	201.0	130.0	118.0	80.0	225.0	53.0	183.0	161.0
PF3D7_0413600	1263.0	1056.0	1000.0	783.0	527.0	561.0	1208.0	1932.0	1329.0	1453.0	2734.0	908.0	2264.0	1886.0
PF3D7_0413700	464.0	366.0	355.0	234.0	178.0	153.0	441.0	681.0	560.0	371.0	923.0	226.0	926.0	395.0
PF3D7_0413800	54.0	33.0	42.0	24.0	16.0	20.0	38.0	53.0	26.0	33.0	43.0	18.0	35.0	39.0
PF3D7_0413900	945.0	757.0	1004.0	763.0	532.0	544.0	728.0	1751.0	977.0	1436.0	1769.0	959.0	1379.0	1558.0
PF3D7_0414000	1207.0	827.0	1112.0	891.0	604.0	463.0	1150.0	1557.0	1236.0	1089.0	2636.0	659.0	1948.0	1265.0
PF3D7_0414100	306.0	268.0	305.0	224.0	131.0	128.0	270.0	713.0	441.0	379.0	676.0	282.0	537.0	458.0
PF3D7_0414200	28.0	51.0	25.0	28.0	18.0	24.0	73.0	45.0	187.0	0.0	34.0	0.0	23.0	28.0
PF3D7_0414300	96.0	117.0	122.0	98.0	44.0	75.0	117.0	237.0	204.0	80.0	235.0	76.0	205.0	225.0
PF3D7_0414400	50.0	63.0	57.0	42.0	32.0	40.0	33.0	77.0	43.0	51.0	24.0	46.0	37.0	107.0
PF3D7_0414500	135.0	121.0	126.0	107.0	33.0	43.0	350.0	69.0	54.0	32.0	69.0	21.0	42.0	115.0
PF3D7_0414600	270.0	169.0	256.0	148.0	131.0	66.0	206.0	219.0	83.0	173.0	205.0	114.0	135.0	196.0
PF3D7_0414700	460.0	264.0	337.0	559.0	297.0	158.0	386.0	540.0	232.0	652.0	501.0	499.0	307.0	264.0
PF3D7_0414800	61.0	69.0	64.0	43.0	19.0	30.0	43.0	43.0	54.0	42.0	23.0	24.0	26.0	102.0
PF3D7_0414900	261.0	225.0	214.0	118.0	64.0	53.0	252.0	152.0	137.0	136.0	113.0	76.0	41.0	265.0
PF3D7_0415000	417.0	258.0	396.0	249.0	374.0	154.0	226.0	840.0	223.0	763.0	503.0	560.0	402.0	457.0
PF3D7_0415100	162.0	123.0	172.0	100.0	107.0	73.0	105.0	314.0	152.0	211.0	158.0	131.0	161.0	201.0
PF3D7_0415200	988.0	827.0	727.0	646.0	437.0	413.0	592.0	1231.0	868.0	833.0	1796.0	541.0	1736.0	1080.0
PF3D7_0415300	2391.0	2064.0	2869.0	2044.0	1702.0	1448.0	1959.0	4113.0	2615.0	3348.0	5011.0	2170.0	2913.0	4011.0
PF3D7_0415400	846.0	602.0	1075.0	533.0	678.0	422.0	596.0	1173.0	679.0	720.0	977.0	576.0	685.0	988.0
PF3D7_0415500	470.0	388.0	553.0	341.0	310.0	276.0	373.0	877.0	551.0	565.0	838.0	403.0	464.0	751.0
PF3D7_0415600	53.0	46.0	41.0	36.0	14.0	32.0	29.0	96.0	56.0	64.0	108.0	51.0	101.0	68.0
PF3D7_0415700	135.0	98.0	109.0	56.0	40.0	42.0	96.0	157.0	82.0	99.0	172.0	59.0	175.0	104.0
PF3D7_0415800	145.0	152.0	167.0	123.0	70.0	62.0	119.0	190.0	128.0	181.0	115.0	126.0	89.0	181.0
PF3D7_0415900	2855.0	2825.0	3186.0	2147.0	1575.0	1563.0	3558.0	9574.0	8088.0	5044.0	9746.0	3657.0	6323.0	6569.0
PF3D7_0416000	1105.0	960.0	931.0	823.0	411.0	415.0	1401.0	1320.0	1059.0	650.0	1649.0	498.0	1280.0	1444.0
PF3D7_0416100	1457.0	1366.0	1164.0	1779.0	1954.0	1024.0	1719.0	1379.0	1018.0	1449.0	1818.0	1423.0	1482.0	1606.0
PF3D7_0416200	306.0	254.0	396.0	255.0	195.0	213.0	247.0	426.0	312.0	284.0	323.0	248.0	252.0	394.0
PF3D7_0416300	930.0	699.0	936.0	553.0	600.0	356.0	480.0	1302.0	601.0	990.0	1192.0	616.0	1021.0	1137.0
PF3D7_0416400	2302.0	1484.0	2270.0	1161.0	1294.0	716.0	1405.0	3591.0	1742.0	2753.0	4142.0	1580.0	3160.0	2742.0
PF3D7_0416500	391.0	350.0	325.0	238.0	146.0	112.0	413.0	176.0	122.0	119.0	170.0	97.0	167.0	176.0
PF3D7_0416600	105.0	115.0	115.0	107.0	38.0	48.0	182.0	86.0	71.0	63.0	152.0	39.0	197.0	77.0
PF3D7_0416700	67.0	67.0	87.0	70.0	24.0	33.0	152.0	114.0	132.0	52.0	179.0	23.0	118.0	104.0
PF3D7_0416800	1197.0	1151.0	1205.0	856.0	612.0	706.0	1137.0	2560.0	1977.0	1375.0	3181.0	943.0	2380.0	3142.0
PF3D7_0416900	1017.0	981.0	1042.0	921.0	519.0	646.0	788.0	1688.0	1288.0	1002.0	2043.0	770.0	1608.0	1625.0
PF3D7_0417000	38.0	39.0	25.0	35.0	24.0	16.0	40.0	36.0	44.0	130.0	78.0	135.0	17.0	39.0
PF3D7_0417100	32.0	45.0	42.0	66.0	50.0	26.0	59.0	19.0	20.0	40.0	25.0	49.0	19.0	35.0
PF3D7_0417200	550.0	455.0	497.0	354.0	257.0	206.0	449.0	591.0	738.0	400.0	1922.0	219.0	1746.0	551.0
PF3D7_0417300	690.0	562.0	702.0	486.0	454.0	319.0	543.0	1515.0	977.0	1027.0	1454.0	710.0	942.0	1439.0
PF3D7_0417400	4331.0	4321.0	5029.0	3751.0	3171.0	2960.0	3070.0	8180.0	5526.0	5037.0	6970.0	4010.0	5315.0	9388.0
PF3D7_0417500	383.0	384.0	283.0	309.0	156.0	159.0	383.0	459.0	430.0	278.0	784.0	155.0	725.0	420.0
PF3D7_0417600	211.0	209.0	265.0	209.0	143.0	149.0	167.0	172.0	105.0	153.0	154.0	138.0	119.0	221.0
PF3D7_0417700	77.0	66.0	99.0	71.0	40.0	39.0	92.0	51.0	39.0	35.0	47.0	33.0	28.0	51.0
PF3D7_0417800	541.0	442.0	523.0	401.0	295.0	259.0	396.0	896.0	425.0	712.0	852.0	508.0	774.0	732.0
PF3D7_0417900	234.0	217.0	277.0	243.0	118.0	161.0	184.0	304.0	140.0	234.0	145.0	114.0	117.0	297.0
PF3D7_0418000	830.0	823.0	876.0	758.0	397.0	437.0	772.0	639.0	431.0	529.0	528.0	425.0	416.0	768.0
PF3D7_0418100	1274.0	912.0	1335.0	844.0	815.0	552.0	756.0	2290.0	997.0	1503.0	1492.0	1206.0	1021.0	1288.0
PF3D7_0418200	1429.0	1365.0	1742.0	1055.0	1144.0	862.0	981.0	2825.0	1829.0	1615.0	2355.0	1320.0	1877.0	2032.0
PF3D7_0418300	12001.0	6890.0	11749.0	5055.0	6890.0	3926.0	6548.0	18161.0	7292.0	12829.0	12177.0	8517.0	7839.0	11544.0
PF3D7_0418400	156.0	95.0	207.0	70.0	136.0	59.0	97.0	415.0	194.0	137.0	211.0	141.0	148.0	132.0
PF3D7_0418500	215.0	192.0	199.0	108.0	130.0	84.0	126.0	403.0	198.0	198.0	289.0	135.0	292.0	160.0
PF3D7_0418600	1104.0	1020.0	1118.0	736.0	552.0	380.0	690.0	1386.0	531.0	1026.0	532.0	793.0	370.0	1119.0
PF3D7_0418700	1370.0	849.0	1630.0	953.0	1008.0	700.0	908.0	2258.0	1154.0	1578.0	1759.0	1196.0	1025.0	1745.0
PF3D7_0418800	31.0	36.0	59.0	48.0	17.0	38.0	45.0	23.0	31.0	25.0	28.0	32.0	25.0	42.0
PF3D7_0418900	178.0	152.0	209.0	152.0	111.0	83.0	181.0	201.0	90.0	139.0	148.0	103.0	175.0	116.0
PF3D7_0419000	76.0	52.0	79.0	75.0	42.0	42.0	89.0	64.0	41.0	58.0	66.0	50.0	29.0	61.0
PF3D7_0419100	105.0	91.0	85.0	81.0	82.0	52.0	142.0	110.0	86.0	57.0	128.0	52.0	131.0	62.0
PF3D7_0419200	45.0	48.0	55.0	39.0	22.0	34.0	60.0	63.0	55.0	28.0	33.0	24.0	27.0	49.0
PF3D7_0419300	293.0	287.0	340.0	259.0	128.0	129.0	331.0	287.0	227.0	146.0	474.0	109.0	408.0	222.0
PF3D7_0419400	551.0	747.0	482.0	420.0	262.0	244.0	737.0	278.0	281.0	223.0	349.0	170.0	249.0	569.0
PF3D7_0419500	295.0	233.0	308.0	197.0	142.0	129.0	205.0	245.0	152.0	212.0	231.0	132.0	198.0	287.0
PF3D7_0419600	2309.0	1734.0	2830.0	1738.0	1752.0	1348.0	2304.0	3371.0	2409.0	3072.0	5037.0	1863.0	3115.0	3423.0
PF3D7_0419700	327.0	290.0	371.0	216.0	167.0	100.0	272.0	202.0	177.0	99.0	158.0	88.0	104.0	320.0
PF3D7_0419800	678.0	432.0	754.0	440.0	450.0	316.0	430.0	1092.0	619.0	724.0	780.0	550.0	544.0	830.0
PF3D7_0419900	4336.0	4238.0	5802.0	3400.0	3382.0	2564.0	2907.0	6759.0	3982.0	3783.0	4564.0	3665.0	3400.0	5156.0
PF3D7_0420000	4442.0	3885.0	6126.0	3455.0	3636.0	2598.0	3388.0	6628.0	4880.0	5098.0	6798.0	3827.0	4349.0	6004.0
PF3D7_0420100	1459.0	1117.0	1941.0	835.0	1272.0	637.0	946.0	2504.0	1236.0	2002.0	1657.0	1428.0	1151.0	1398.0
PF3D7_0420200	186.0	179.0	175.0	115.0	105.0	90.0	149.0	391.0	144.0	200.0	259.0	149.0	191.0	226.0
PF3D7_0420300	7101.0	5028.0	5650.0	3428.0	2931.0	2369.0	5526.0	21153.0	10971.0	13727.0	14111.0	9273.0	9786.0	13260.0
PF3D7_0420400	98.0	84.0	101.0	109.0	58.0	65.0	112.0	161.0	129.0	93.0	247.0	78.0	189.0	174.0
PF3D7_0420500	20.0	39.0	22.0	22.0	11.0	0.0	44.0	11.0	16.0	10.0	13.0	0.0	0.0	20.0
PF3D7_0420600	555.0	340.0	466.0	284.0	264.0	179.0	348.0	594.0	316.0	457.0	714.0	292.0	545.0	468.0
PF3D7_0420700	498.0	528.0	647.0	741.0	414.0	343.0	207.0	944.0	505.0	750.0	562.0	589.0	426.0	1195.0
PF3D7_0421100	310.0	318.0	533.0	512.0	314.0	232.0	158.0	707.0	394.0	500.0	406.0	348.0	253.0	1004.0
PF3D7_0421200	59.0	50.0	65.0	56.0	39.0	39.0	27.0	92.0	46.0	38.0	44.0	22.0	21.0	81.0
PF3D7_0421300	1046.0	1057.0	1719.0	1678.0	1075.0	801.0	592.0	2302.0	1385.0	1569.0	1351.0	1124.0	742.0	2943.0
PF3D7_0421500	103.0	171.0	82.0	109.0	52.0	56.0	22.0	281.0	247.0	255.0	215.0	140.0	139.0	426.0
PF3D7_0421600	16.0	23.0	24.0	21.0	16.0	0.0	0.0	23.0	13.0	32.0	20.0	23.0	19.0	45.0
PF3D7_0421700	103.0	114.0	128.0	113.0	57.0	80.0	114.0	84.0	72.0	71.0	61.0	46.0	45.0	138.0
PF3D7_0421800	0.0	0.0	10.0	0.0	0.0	0.0	0.0	0.0	0.0	0.0	0.0	0.0	0.0	0.0
PF3D7_0421900	10.0	0.0	13.0	0.0	0.0	0.0	13.0	0.0	0.0	0.0	0.0	0.0	0.0	0.0
PF3D7_0422000	451.0	425.0	308.0	425.0	197.0	183.0	834.0	662.0	528.0	383.0	662.0	283.0	390.0	645.0
PF3D7_0422100	203.0	216.0	257.0	182.0	115.0	115.0	202.0	631.0	553.0	311.0	586.0	240.0	435.0	331.0
PF3D7_0422200	2566.0	2515.0	2379.0	2361.0	1220.0	1595.0	2326.0	4121.0	3143.0	2482.0	4384.0	1857.0	3198.0	4396.0
PF3D7_0422300	1777.0	1756.0	1160.0	1657.0	648.0	650.0	2740.0	752.0	741.0	501.0	972.0	379.0	846.0	1057.0
PF3D7_0422400	2342.0	2184.0	3412.0	2295.0	2023.0	1721.0	2926.0	7541.0	5625.0	4003.0	7659.0	2746.0	4206.0	5966.0
PF3D7_0422500	4714.0	4670.0	5093.0	4146.0	2985.0	3298.0	3819.0	7435.0	5528.0	4750.0	9735.0	3823.0	7280.0	8010.0
PF3D7_0422600	48.0	33.0	33.0	25.0	16.0	15.0	33.0	45.0	26.0	14.0	40.0	10.0	30.0	23.0
PF3D7_0422700	726.0	628.0	752.0	464.0	527.0	346.0	553.0	1387.0	806.0	793.0	1143.0	657.0	987.0	688.0
PF3D7_0422800	146.0	130.0	175.0	96.0	78.0	45.0	161.0	119.0	103.0	71.0	199.0	48.0	197.0	118.0
PF3D7_0422900	77.0	34.0	102.0	28.0	50.0	21.0	48.0	219.0	56.0	119.0	88.0	67.0	59.0	62.0
PF3D7_0423000	94.0	79.0	98.0	50.0	47.0	24.0	60.0	89.0	85.0	38.0	74.0	39.0	71.0	56.0
PF3D7_0423100	648.0	512.0	649.0	450.0	397.0	373.0	465.0	946.0	523.0	589.0	847.0	519.0	732.0	739.0
PF3D7_0423200	258.0	172.0	336.0	174.0	211.0	109.0	162.0	443.0	160.0	222.0	224.0	195.0	164.0	199.0
PF3D7_0423300	317.0	289.0	439.0	157.0	148.0	77.0	184.0	187.0	125.0	94.0	111.0	68.0	51.0	223.0
PF3D7_0423400	204.0	167.0	262.0	92.0	85.0	48.0	116.0	119.0	100.0	42.0	53.0	27.0	25.0	142.0
PF3D7_0423500	1466.0	1559.0	1190.0	774.0	609.0	290.0	1143.0	638.0	539.0	401.0	696.0	246.0	543.0	1148.0
PF3D7_0423600	2540.0	1807.0	2830.0	1740.0	1793.0	1175.0	1684.0	3751.0	2062.0	3297.0	3564.0	2379.0	2444.0	3346.0
PF3D7_0423700	13821.0	15964.0	11746.0	16193.0	5336.0	6092.0	29550.0	8331.0	11080.0	4390.0	10930.0	3999.0	6658.0	11541.0
PF3D7_0423800	234.0	199.0	190.0	153.0	129.0	63.0	314.0	152.0	87.0	134.0	102.0	133.0	82.0	186.0
PF3D7_0423900	50.0	49.0	102.0	43.0	59.0	39.0	80.0	48.0	33.0	27.0	20.0	32.0	0.0	41.0
PF3D7_0424000	152.0	140.0	152.0	103.0	80.0	73.0	108.0	574.0	226.0	394.0	360.0	243.0	240.0	281.0
PF3D7_0424100	230.0	249.0	224.0	135.0	115.0	57.0	241.0	221.0	160.0	163.0	137.0	126.0	53.0	264.0
PF3D7_0424200	189.0	224.0	144.0	170.0	65.0	78.0	328.0	132.0	136.0	139.0	112.0	119.0	77.0	192.0
PF3D7_0424300	338.0	291.0	234.0	251.0	173.0	142.0	252.0	496.0	202.0	496.0	218.0	313.0	151.0	369.0
PF3D7_0424400	1957.0	1824.0	1717.0	1476.0	909.0	965.0	1413.0	926.0	574.0	861.0	590.0	666.0	419.0	1287.0
PF3D7_0424500	1867.0	1791.0	2014.0	1062.0	1480.0	1033.0	1150.0	2827.0	1207.0	2214.0	1363.0	1913.0	936.0	2775.0
PF3D7_0424600	4580.0	6083.0	3453.0	4067.0	1824.0	3452.0	4256.0	5416.0	4658.0	3602.0	6776.0	2187.0	3946.0	6349.0
PF3D7_0424700	4743.0	4050.0	5714.0	2466.0	6178.0	2874.0	1585.0	14443.0	4996.0	13783.0	7694.0	12441.0	4628.0	11897.0
PF3D7_0424800	188.0	184.0	162.0	202.0	68.0	142.0	105.0	192.0	121.0	89.0	131.0	76.0	64.0	256.0
PF3D7_0424900	111.0	76.0	102.0	89.0	61.0	105.0	82.0	82.0	61.0	45.0	54.0	51.0	25.0	103.0
PF3D7_0425000	14.0	28.0	50.0	33.0	13.0	25.0	10.0	34.0	22.0	19.0	15.0	12.0	12.0	38.0
PF3D7_0425050	0.0	35.0	30.0	21.0	13.0	19.0	0.0	17.0	0.0	0.0	0.0	0.0	0.0	19.0
PF3D7_0425100	25.0	21.0	42.0	19.0	25.0	20.0	19.0	18.0	14.0	11.0	0.0	13.0	0.0	15.0
PF3D7_0425200	20.0	24.0	30.0	21.0	15.0	14.0	15.0	28.0	15.0	12.0	0.0	15.0	0.0	18.0
PF3D7_0425300	31.0	32.0	46.0	69.0	36.0	19.0	74.0	106.0	60.0	45.0	70.0	57.0	32.0	110.0
PF3D7_0425500	0.0	0.0	0.0	14.0	0.0	0.0	0.0	0.0	0.0	10.0	0.0	0.0	0.0	0.0
PF3D7_0425600	0.0	0.0	0.0	0.0	0.0	0.0	0.0	31.0	10.0	25.0	10.0	13.0	0.0	18.0
PF3D7_0425700	15.0	14.0	14.0	22.0	18.0	11.0	12.0	41.0	42.0	30.0	17.0	21.0	0.0	42.0
PF3D7_0425800	2347.0	2479.0	3212.0	3999.0	2733.0	2551.0	1682.0	5046.0	3995.0	4034.0	4171.0	3343.0	2159.0	8601.0
PF3D7_0425900	17.0	12.0	22.0	40.0	20.0	0.0	0.0	29.0	16.0	14.0	11.0	14.0	16.0	18.0
PF3D7_0426000	788.0	832.0	1250.0	1147.0	763.0	593.0	402.0	1648.0	918.0	1127.0	1046.0	875.0	639.0	2092.0
PF3D7_0500100	858.0	888.0	1260.0	1315.0	902.0	664.0	478.0	1953.0	1229.0	1511.0	1420.0	1120.0	743.0	2830.0
PF3D7_0500300	117.0	64.0	165.0	103.0	67.0	53.0	49.0	197.0	54.0	87.0	67.0	63.0	29.0	102.0
PF3D7_0500400	75.0	90.0	112.0	92.0	70.0	48.0	46.0	265.0	100.0	159.0	85.0	78.0	67.0	224.0
PF3D7_0500500	18.0	13.0	31.0	16.0	17.0	0.0	11.0	85.0	26.0	36.0	0.0	39.0	12.0	38.0
PF3D7_0500600	14.0	11.0	14.0	11.0	0.0	0.0	0.0	19.0	10.0	16.0	10.0	13.0	0.0	11.0
PF3D7_0500800	6072.0	3573.0	6089.0	2321.0	3827.0	1293.0	2976.0	79320.0	37434.0	70029.0	64738.0	38824.0	30885.0	44933.0
PF3D7_0500900	109.0	133.0	96.0	86.0	56.0	59.0	85.0	227.0	167.0	151.0	164.0	119.0	116.0	346.0
PF3D7_0501000	1046.0	975.0	1056.0	611.0	791.0	455.0	687.0	6545.0	4645.0	4497.0	6424.0	2773.0	3826.0	5693.0
PF3D7_0501100	2963.0	3432.0	3121.0	2689.0	2164.0	2164.0	3513.0	1990.0	1537.0	1101.0	1808.0	867.0	873.0	3237.0
PF3D7_0501200	1037.0	665.0	922.0	423.0	630.0	278.0	619.0	8508.0	4151.0	6425.0	4920.0	3608.0	2747.0	4855.0
PF3D7_0501300	11431.0	12705.0	12347.0	13939.0	8816.0	15057.0	7448.0	14591.0	10964.0	12876.0	16424.0	10476.0	9341.0	26797.0
PF3D7_0501400	16440.0	14000.0	19999.0	11818.0	12287.0	10882.0	10628.0	9751.0	4975.0	8356.0	6147.0	7058.0	3251.0	11747.0
PF3D7_0501500	215.0	306.0	204.0	110.0	48.0	41.0	183.0	89.0	99.0	32.0	62.0	12.0	20.0	182.0
PF3D7_0501600	1056.0	1345.0	742.0	474.0	244.0	133.0	491.0	310.0	309.0	163.0	250.0	67.0	126.0	924.0
PF3D7_0501700	46.0	59.0	60.0	61.0	26.0	30.0	39.0	62.0	43.0	51.0	35.0	30.0	26.0	89.0
PF3D7_0501800	1070.0	645.0	1106.0	510.0	685.0	306.0	630.0	1852.0	861.0	1306.0	1947.0	827.0	1640.0	915.0
PF3D7_0501900	188.0	101.0	185.0	102.0	128.0	80.0	110.0	318.0	135.0	218.0	240.0	146.0	191.0	143.0
PF3D7_0502000	651.0	600.0	694.0	505.0	435.0	345.0	457.0	924.0	578.0	664.0	889.0	496.0	667.0	798.0
PF3D7_0502100	105.0	77.0	82.0	59.0	43.0	47.0	124.0	133.0	129.0	94.0	198.0	46.0	183.0	135.0
PF3D7_0502200	238.0	161.0	232.0	115.0	144.0	105.0	135.0	681.0	270.0	375.0	416.0	297.0	344.0	339.0
PF3D7_0502300	49.0	56.0	57.0	56.0	46.0	55.0	30.0	46.0	39.0	34.0	27.0	26.0	24.0	68.0
PF3D7_0502400	2135.0	1608.0	2802.0	1394.0	2179.0	1019.0	1811.0	2484.0	1075.0	1911.0	932.0	1753.0	613.0	2443.0
PF3D7_0502500	73.0	104.0	52.0	79.0	41.0	32.0	64.0	63.0	74.0	46.0	79.0	33.0	53.0	117.0
PF3D7_0502600	272.0	241.0	334.0	262.0	170.0	148.0	246.0	484.0	296.0	315.0	420.0	221.0	343.0	372.0
PF3D7_0502700	125.0	106.0	141.0	96.0	78.0	47.0	122.0	322.0	182.0	148.0	236.0	126.0	180.0	123.0
PF3D7_0502800	39.0	27.0	56.0	51.0	18.0	28.0	29.0	63.0	59.0	51.0	66.0	35.0	30.0	55.0
PF3D7_0502900	55.0	61.0	64.0	39.0	27.0	16.0	85.0	140.0	119.0	60.0	139.0	38.0	111.0	53.0
PF3D7_0503000	289.0	256.0	324.0	202.0	158.0	95.0	316.0	409.0	263.0	243.0	519.0	137.0	417.0	322.0
PF3D7_0503100	211.0	157.0	192.0	133.0	118.0	100.0	112.0	439.0	244.0	276.0	388.0	187.0	353.0	325.0
PF3D7_0503200	377.0	348.0	415.0	261.0	218.0	173.0	264.0	401.0	320.0	275.0	549.0	176.0	451.0	364.0
PF3D7_0503300	1437.0	1274.0	1573.0	940.0	793.0	677.0	1352.0	2399.0	1982.0	1610.0	2848.0	1102.0	1807.0	2111.0
PF3D7_0503400	1096.0	1605.0	906.0	908.0	441.0	542.0	1641.0	956.0	1410.0	443.0	2256.0	287.0	2027.0	1391.0
PF3D7_0503500	271.0	163.0	233.0	189.0	127.0	88.0	166.0	657.0	169.0	444.0	263.0	285.0	185.0	265.0
PF3D7_0503600	481.0	459.0	395.0	356.0	200.0	242.0	444.0	551.0	355.0	333.0	397.0	202.0	268.0	712.0
PF3D7_0503800	615.0	461.0	809.0	581.0	452.0	404.0	624.0	1632.0	1256.0	953.0	1702.0	560.0	923.0	1317.0
PF3D7_0503900	138.0	90.0	143.0	110.0	96.0	55.0	82.0	278.0	133.0	168.0	154.0	111.0	168.0	184.0
PF3D7_0504000	947.0	888.0	844.0	764.0	472.0	515.0	831.0	2262.0	1786.0	1286.0	3434.0	869.0	2952.0	1901.0
PF3D7_0504100	102.0	71.0	113.0	93.0	62.0	35.0	77.0	243.0	90.0	128.0	84.0	82.0	53.0	100.0
PF3D7_0504200	179.0	142.0	181.0	136.0	100.0	72.0	178.0	250.0	134.0	182.0	239.0	99.0	178.0	139.0
PF3D7_0504300	39.0	28.0	32.0	44.0	19.0	18.0	63.0	31.0	18.0	18.0	19.0	22.0	11.0	23.0
PF3D7_0504400	620.0	575.0	531.0	470.0	337.0	239.0	585.0	930.0	523.0	622.0	1128.0	395.0	1066.0	667.0
PF3D7_0504500	61.0	44.0	43.0	54.0	33.0	38.0	90.0	40.0	19.0	26.0	28.0	22.0	13.0	40.0
PF3D7_0504600	180.0	218.0	179.0	155.0	105.0	75.0	217.0	159.0	103.0	117.0	144.0	92.0	148.0	160.0
PF3D7_0504700	1066.0	757.0	1093.0	786.0	584.0	381.0	935.0	1709.0	506.0	1524.0	696.0	1053.0	567.0	962.0
PF3D7_0504800	2704.0	2286.0	2466.0	1941.0	1256.0	1187.0	1939.0	2477.0	1611.0	1461.0	3656.0	1209.0	3645.0	2745.0
PF3D7_0504900	227.0	196.0	214.0	135.0	111.0	84.0	247.0	152.0	94.0	73.0	171.0	52.0	176.0	154.0
PF3D7_0505000	1119.0	1120.0	1112.0	975.0	810.0	641.0	932.0	2842.0	1798.0	1809.0	2402.0	1398.0	1642.0	2102.0
PF3D7_0505100	1912.0	1540.0	1885.0	1274.0	1058.0	887.0	1102.0	3706.0	1992.0	2526.0	3471.0	1704.0	2730.0	2808.0
PF3D7_0505200	247.0	181.0	172.0	138.0	72.0	69.0	184.0	366.0	202.0	196.0	374.0	135.0	416.0	287.0
PF3D7_0505300	52.0	34.0	66.0	36.0	84.0	33.0	38.0	58.0	28.0	31.0	40.0	35.0	40.0	45.0
PF3D7_0505400	504.0	426.0	509.0	371.0	277.0	204.0	410.0	629.0	335.0	412.0	561.0	266.0	436.0	570.0
PF3D7_0505500	1131.0	931.0	914.0	680.0	528.0	450.0	921.0	1451.0	1041.0	1028.0	3192.0	626.0	3311.0	1309.0
PF3D7_0505600	231.0	161.0	261.0	157.0	135.0	104.0	179.0	574.0	197.0	452.0	410.0	318.0	283.0	317.0
PF3D7_0505700	1711.0	1551.0	1420.0	1276.0	835.0	886.0	1673.0	1798.0	1211.0	1390.0	2567.0	1055.0	2018.0	2467.0
PF3D7_0505800	204.0	271.0	232.0	188.0	99.0	136.0	440.0	525.0	663.0	243.0	620.0	171.0	395.0	355.0
PF3D7_0505900	139.0	142.0	179.0	142.0	78.0	67.0	249.0	239.0	246.0	130.0	330.0	114.0	197.0	202.0
PF3D7_0506000	99.0	88.0	117.0	72.0	56.0	62.0	101.0	238.0	132.0	133.0	190.0	101.0	168.0	180.0
PF3D7_0506100	428.0	403.0	584.0	349.0	271.0	217.0	425.0	707.0	642.0	419.0	631.0	321.0	409.0	449.0
PF3D7_0506200	221.0	202.0	237.0	173.0	141.0	121.0	162.0	236.0	133.0	154.0	175.0	121.0	118.0	191.0
PF3D7_0506300	164.0	144.0	146.0	131.0	74.0	95.0	113.0	278.0	207.0	217.0	548.0	114.0	439.0	247.0
PF3D7_0506400	21.0	27.0	26.0	17.0	13.0	11.0	18.0	19.0	16.0	17.0	15.0	11.0	0.0	12.0
PF3D7_0506500	3007.0	2222.0	2848.0	2242.0	1473.0	1289.0	2377.0	3961.0	2297.0	3058.0	3816.0	2129.0	3066.0	3758.0
PF3D7_0506600	0.0	0.0	0.0	0.0	0.0	0.0	0.0	0.0	0.0	0.0	0.0	0.0	0.0	12.0
PF3D7_0506700	835.0	468.0	686.0	359.0	418.0	265.0	419.0	2094.0	693.0	1603.0	1223.0	1051.0	935.0	1013.0
PF3D7_0506800	1043.0	787.0	1199.0	783.0	744.0	617.0	791.0	1835.0	1071.0	1478.0	1752.0	1070.0	1323.0	1636.0
PF3D7_0506900	989.0	1026.0	674.0	685.0	339.0	335.0	782.0	595.0	428.0	340.0	566.0	218.0	271.0	1092.0
PF3D7_0507000	80.0	100.0	135.0	71.0	41.0	23.0	137.0	256.0	211.0	85.0	153.0	68.0	79.0	109.0
PF3D7_0507100	9658.0	7986.0	10072.0	7780.0	6698.0	6186.0	7837.0	25065.0	18345.0	19003.0	34566.0	11014.0	21008.0	27106.0
PF3D7_0507200	549.0	482.0	474.0	357.0	271.0	198.0	388.0	281.0	197.0	166.0	221.0	145.0	133.0	549.0
PF3D7_0507300	223.0	235.0	244.0	230.0	155.0	155.0	158.0	238.0	139.0	179.0	151.0	127.0	119.0	379.0
PF3D7_0507400	62.0	56.0	29.0	37.0	20.0	20.0	49.0	45.0	18.0	32.0	20.0	17.0	26.0	22.0
PF3D7_0507500	1323.0	921.0	849.0	284.0	366.0	279.0	576.0	411.0	381.0	283.0	527.0	216.0	175.0	729.0
PF3D7_0507600	869.0	625.0	868.0	407.0	375.0	272.0	615.0	1593.0	765.0	1004.0	1247.0	697.0	1027.0	742.0
PF3D7_0507700	553.0	477.0	499.0	395.0	283.0	286.0	420.0	899.0	600.0	688.0	1081.0	377.0	806.0	942.0
PF3D7_0507800	4012.0	3083.0	4679.0	2507.0	2995.0	1995.0	2563.0	8555.0	3481.0	6907.0	5603.0	4704.0	3982.0	6293.0
PF3D7_0507900	52.0	51.0	55.0	38.0	53.0	24.0	50.0	79.0	40.0	36.0	53.0	32.0	22.0	64.0
PF3D7_0508000	343.0	383.0	301.0	192.0	138.0	106.0	359.0	118.0	138.0	83.0	176.0	39.0	85.0	298.0
PF3D7_0508100	1584.0	1324.0	1101.0	987.0	655.0	548.0	1126.0	568.0	515.0	632.0	745.0	347.0	390.0	1618.0
PF3D7_0508200	212.0	262.0	216.0	169.0	115.0	95.0	282.0	154.0	114.0	114.0	140.0	55.0	145.0	152.0
PF3D7_0508300	783.0	797.0	472.0	544.0	280.0	363.0	873.0	1152.0	983.0	571.0	1625.0	351.0	1561.0	1250.0
PF3D7_0508400	60.0	81.0	105.0	84.0	52.0	43.0	50.0	98.0	68.0	89.0	83.0	42.0	47.0	170.0
PF3D7_0508500	714.0	738.0	701.0	515.0	382.0	277.0	518.0	630.0	343.0	416.0	362.0	333.0	342.0	793.0
PF3D7_0508600	486.0	381.0	534.0	381.0	293.0	289.0	306.0	624.0	303.0	402.0	402.0	277.0	302.0	631.0
PF3D7_0508700	2228.0	1588.0	2598.0	1723.0	1621.0	1156.0	1499.0	3629.0	1496.0	3048.0	2661.0	2065.0	1798.0	2264.0
PF3D7_0508800	379.0	192.0	411.0	144.0	228.0	83.0	262.0	733.0	353.0	454.0	620.0	352.0	601.0	385.0
PF3D7_0508900	3603.0	1834.0	4139.0	1294.0	1701.0	702.0	1685.0	1748.0	867.0	1476.0	1195.0	821.0	742.0	2229.0
PF3D7_0509000	350.0	240.0	315.0	203.0	169.0	119.0	300.0	721.0	343.0	509.0	624.0	271.0	472.0	347.0
PF3D7_0509100	1934.0	1324.0	1815.0	1011.0	1054.0	698.0	1067.0	1744.0	935.0	1331.0	2707.0	949.0	2797.0	1883.0
PF3D7_0509200	40.0	37.0	26.0	37.0	26.0	15.0	33.0	27.0	31.0	71.0	38.0	64.0	18.0	45.0
PF3D7_0509300	114.0	111.0	172.0	139.0	73.0	63.0	181.0	206.0	174.0	149.0	217.0	118.0	121.0	218.0
PF3D7_0509400	6260.0	5388.0	7528.0	4456.0	4963.0	3614.0	3532.0	10215.0	6430.0	6830.0	9932.0	5339.0	6513.0	9538.0
PF3D7_0509500	121.0	149.0	102.0	101.0	71.0	50.0	85.0	97.0	92.0	82.0	170.0	65.0	123.0	123.0
PF3D7_0509600	446.0	495.0	478.0	404.0	242.0	230.0	515.0	1066.0	666.0	663.0	1035.0	506.0	845.0	925.0
PF3D7_0509700	32.0	30.0	31.0	40.0	25.0	15.0	51.0	21.0	19.0	18.0	29.0	14.0	25.0	32.0
PF3D7_0509800	1764.0	1424.0	1902.0	1415.0	1100.0	1024.0	1289.0	3350.0	1740.0	2142.0	2506.0	1562.0	1863.0	2594.0
PF3D7_0509900	60.0	62.0	58.0	37.0	28.0	31.0	43.0	81.0	38.0	65.0	64.0	50.0	73.0	85.0
PF3D7_0510000	172.0	183.0	237.0	224.0	114.0	102.0	175.0	203.0	116.0	151.0	189.0	103.0	161.0	212.0
PF3D7_0510100	3732.0	2237.0	3438.0	1496.0	1452.0	850.0	2076.0	5823.0	3950.0	3018.0	7545.0	1992.0	5917.0	3042.0
PF3D7_0510200	488.0	408.0	453.0	298.0	283.0	219.0	401.0	676.0	466.0	468.0	796.0	326.0	497.0	707.0
PF3D7_0510300	51.0	41.0	52.0	42.0	16.0	18.0	66.0	36.0	13.0	34.0	24.0	25.0	17.0	37.0
PF3D7_0510400	156.0	134.0	155.0	105.0	88.0	89.0	65.0	297.0	128.0	196.0	163.0	141.0	120.0	151.0
PF3D7_0510500	1122.0	796.0	1306.0	637.0	1034.0	351.0	628.0	2600.0	1110.0	2055.0	1831.0	1510.0	1460.0	1435.0
PF3D7_0510700	27.0	25.0	22.0	26.0	16.0	16.0	14.0	19.0	15.0	16.0	19.0	14.0	14.0	36.0
PF3D7_0510800	92.0	103.0	98.0	63.0	36.0	40.0	117.0	65.0	65.0	41.0	52.0	34.0	25.0	105.0
PF3D7_0510900	36.0	38.0	30.0	79.0	35.0	30.0	48.0	51.0	65.0	30.0	57.0	34.0	38.0	71.0
PF3D7_0511000	652.0	898.0	693.0	716.0	402.0	460.0	761.0	1806.0	2466.0	1053.0	3949.0	692.0	2989.0	1925.0
PF3D7_0511100	74.0	75.0	51.0	53.0	39.0	46.0	110.0	67.0	69.0	35.0	63.0	20.0	39.0	145.0
PF3D7_0511200	476.0	502.0	338.0	328.0	131.0	287.0	578.0	362.0	331.0	187.0	608.0	107.0	679.0	669.0
PF3D7_0511300	544.0	440.0	468.0	430.0	271.0	253.0	461.0	817.0	794.0	485.0	1281.0	337.0	1070.0	682.0
PF3D7_0511400	39.0	37.0	59.0	40.0	35.0	22.0	22.0	43.0	31.0	38.0	21.0	20.0	17.0	56.0
PF3D7_0511500	32402.0	30303.0	38778.0	24014.0	21764.0	20250.0	23278.0	43119.0	32993.0	27986.0	49839.0	21713.0	33250.0	45047.0
PF3D7_0511600	63.0	56.0	77.0	41.0	23.0	11.0	42.0	43.0	35.0	30.0	35.0	18.0	14.0	49.0
PF3D7_0511700	163.0	152.0	167.0	113.0	67.0	95.0	125.0	274.0	184.0	148.0	228.0	88.0	176.0	212.0
PF3D7_0511800	2317.0	1941.0	2176.0	1488.0	1297.0	1121.0	1922.0	3598.0	2683.0	2412.0	5758.0	1614.0	5053.0	3087.0
PF3D7_0511900	163.0	136.0	119.0	122.0	71.0	68.0	127.0	181.0	161.0	105.0	180.0	81.0	136.0	204.0
PF3D7_0512000	395.0	337.0	397.0	437.0	233.0	165.0	497.0	627.0	554.0	457.0	977.0	319.0	640.0	722.0
PF3D7_0512100	35.0	28.0	37.0	29.0	15.0	14.0	52.0	55.0	46.0	30.0	53.0	14.0	37.0	44.0
PF3D7_0512200	295.0	192.0	243.0	180.0	135.0	97.0	192.0	892.0	479.0	748.0	869.0	473.0	596.0	554.0
PF3D7_0512300	147.0	106.0	199.0	105.0	105.0	80.0	96.0	282.0	135.0	203.0	147.0	126.0	113.0	155.0
PF3D7_0512400	68.0	39.0	63.0	53.0	45.0	31.0	49.0	55.0	39.0	42.0	27.0	39.0	25.0	83.0
PF3D7_0512450	25.0	38.0	35.0	34.0	15.0	21.0	21.0	20.0	21.0	23.0	16.0	19.0	0.0	27.0
PF3D7_0512500	278.0	265.0	261.0	188.0	110.0	109.0	346.0	361.0	288.0	188.0	497.0	139.0	450.0	430.0
PF3D7_0512600	654.0	482.0	758.0	498.0	471.0	365.0	667.0	1278.0	700.0	817.0	1084.0	635.0	777.0	800.0
PF3D7_0512700	214.0	206.0	204.0	171.0	106.0	129.0	264.0	727.0	722.0	382.0	1014.0	261.0	764.0	676.0
PF3D7_0512800	476.0	429.0	471.0	333.0	234.0	168.0	439.0	864.0	624.0	461.0	840.0	353.0	689.0	617.0
PF3D7_0512900	45.0	34.0	43.0	46.0	27.0	24.0	43.0	114.0	55.0	92.0	88.0	47.0	128.0	61.0
PF3D7_0513000	184.0	109.0	148.0	111.0	90.0	72.0	155.0	179.0	121.0	108.0	230.0	82.0	194.0	179.0
PF3D7_0513100	225.0	167.0	230.0	133.0	110.0	90.0	232.0	241.0	131.0	235.0	225.0	136.0	173.0	233.0
PF3D7_0513200	1580.0	1645.0	1958.0	1510.0	1083.0	1143.0	1480.0	2401.0	1867.0	1809.0	2841.0	1384.0	2043.0	2825.0
PF3D7_0513300	557.0	1184.0	477.0	553.0	191.0	338.0	1061.0	1586.0	4498.0	596.0	5651.0	417.0	4983.0	1505.0
PF3D7_0513400	126.0	100.0	108.0	59.0	66.0	27.0	112.0	190.0	121.0	90.0	175.0	75.0	152.0	65.0
PF3D7_0513500	140.0	101.0	133.0	114.0	96.0	80.0	109.0	363.0	214.0	226.0	254.0	137.0	168.0	219.0
PF3D7_0513600	2474.0	1780.0	2196.0	1463.0	1187.0	743.0	2374.0	3461.0	2068.0	2742.0	4392.0	1683.0	3226.0	2706.0
PF3D7_0513700	249.0	300.0	150.0	268.0	96.0	169.0	276.0	95.0	94.0	113.0	158.0	99.0	116.0	136.0
PF3D7_0513800	152.0	164.0	162.0	107.0	62.0	71.0	179.0	286.0	293.0	135.0	611.0	69.0	523.0	241.0
PF3D7_0513900	67.0	40.0	58.0	52.0	44.0	15.0	48.0	121.0	89.0	54.0	89.0	52.0	90.0	45.0
PF3D7_0514000	117.0	103.0	126.0	151.0	90.0	73.0	87.0	117.0	74.0	126.0	95.0	96.0	93.0	186.0
PF3D7_0514100	673.0	491.0	660.0	474.0	405.0	268.0	542.0	587.0	399.0	550.0	753.0	377.0	638.0	545.0
PF3D7_0514200	483.0	404.0	360.0	389.0	230.0	218.0	353.0	581.0	373.0	423.0	554.0	266.0	480.0	466.0
PF3D7_0514300	628.0	531.0	599.0	371.0	286.0	183.0	500.0	1284.0	686.0	752.0	941.0	511.0	729.0	642.0
PF3D7_0514500	17.0	14.0	26.0	21.0	14.0	0.0	37.0	25.0	23.0	15.0	15.0	0.0	0.0	18.0
PF3D7_0514600	117.0	107.0	142.0	121.0	91.0	75.0	99.0	371.0	225.0	275.0	301.0	151.0	170.0	235.0
PF3D7_0514700	188.0	246.0	209.0	309.0	159.0	172.0	140.0	219.0	170.0	296.0	210.0	294.0	137.0	314.0
PF3D7_0514800	243.0	222.0	319.0	246.0	187.0	148.0	217.0	562.0	330.0	447.0	493.0	308.0	374.0	399.0
PF3D7_0514900	364.0	293.0	449.0	255.0	290.0	179.0	267.0	575.0	281.0	390.0	327.0	329.0	267.0	357.0
PF3D7_0515000	2032.0	1501.0	2027.0	1250.0	1512.0	876.0	1351.0	3298.0	1648.0	2728.0	3150.0	1918.0	2148.0	2276.0
PF3D7_0515100	148.0	141.0	175.0	134.0	87.0	65.0	167.0	145.0	113.0	83.0	91.0	51.0	125.0	80.0
PF3D7_0515200	25.0	25.0	19.0	19.0	18.0	14.0	40.0	11.0	20.0	26.0	24.0	13.0	0.0	18.0
PF3D7_0515300	1310.0	1239.0	1234.0	1066.0	689.0	775.0	1123.0	2248.0	1360.0	1515.0	2457.0	1193.0	2069.0	2027.0
PF3D7_0515400	442.0	353.0	351.0	270.0	186.0	149.0	341.0	216.0	171.0	195.0	137.0	143.0	84.0	404.0
PF3D7_0515500	79.0	70.0	63.0	74.0	29.0	34.0	61.0	47.0	35.0	56.0	49.0	35.0	33.0	60.0
PF3D7_0515600	328.0	320.0	332.0	289.0	183.0	136.0	348.0	248.0	143.0	193.0	195.0	173.0	143.0	314.0
PF3D7_0515700	1677.0	1927.0	1075.0	1097.0	549.0	495.0	1451.0	838.0	715.0	584.0	948.0	291.0	660.0	1391.0
PF3D7_0515800	37.0	42.0	52.0	33.0	23.0	20.0	39.0	91.0	64.0	46.0	76.0	35.0	67.0	46.0
PF3D7_0515900	354.0	299.0	317.0	219.0	186.0	98.0	312.0	759.0	418.0	400.0	797.0	267.0	690.0	607.0
PF3D7_0516000	371.0	315.0	334.0	325.0	195.0	169.0	377.0	948.0	591.0	662.0	992.0	398.0	650.0	763.0
PF3D7_0516100	662.0	675.0	572.0	544.0	331.0	352.0	568.0	577.0	458.0	387.0	646.0	299.0	678.0	704.0
PF3D7_0516200	1825.0	2013.0	2189.0	1941.0	1246.0	1632.0	2535.0	4847.0	4329.0	2774.0	6191.0	1850.0	3549.0	5919.0
PF3D7_0516300	297.0	305.0	294.0	186.0	185.0	196.0	223.0	795.0	475.0	517.0	549.0	452.0	356.0	690.0
PF3D7_0516400	272.0	205.0	251.0	204.0	135.0	108.0	160.0	363.0	242.0	328.0	425.0	175.0	346.0	240.0
PF3D7_0516500	39.0	32.0	26.0	41.0	37.0	25.0	37.0	24.0	15.0	44.0	22.0	19.0	31.0	42.0
PF3D7_0516600	1117.0	1009.0	1036.0	860.0	627.0	512.0	827.0	2092.0	1014.0	1496.0	1788.0	1046.0	1461.0	2042.0
PF3D7_0516700	2256.0	1782.0	2611.0	1655.0	1728.0	1244.0	1328.0	3203.0	1327.0	2234.0	2010.0	1735.0	1401.0	2168.0
PF3D7_0516800	3799.0	2091.0	3547.0	1602.0	1708.0	979.0	2117.0	2303.0	988.0	1521.0	1781.0	1045.0	1664.0	2214.0
PF3D7_0516900	6006.0	5943.0	5696.0	5667.0	3611.0	4649.0	6108.0	20758.0	16355.0	12783.0	27189.0	7873.0	17631.0	22898.0
PF3D7_0517000	1421.0	1593.0	1635.0	1395.0	811.0	1076.0	1699.0	4313.0	4240.0	2465.0	5339.0	1451.0	3174.0	4340.0
PF3D7_0517100	299.0	417.0	280.0	250.0	70.0	216.0	295.0	298.0	337.0	137.0	285.0	96.0	174.0	420.0
PF3D7_0517200	932.0	1248.0	760.0	1027.0	426.0	831.0	907.0	728.0	707.0	556.0	861.0	362.0	441.0	1821.0
PF3D7_0517300	4240.0	4720.0	5436.0	3982.0	3182.0	3312.0	4247.0	7090.0	5787.0	4384.0	7950.0	3281.0	4806.0	6828.0
PF3D7_0517400	2567.0	2376.0	2086.0	1804.0	1221.0	1357.0	2153.0	5081.0	3597.0	3605.0	7280.0	2353.0	5599.0	4726.0
PF3D7_0517500	441.0	468.0	363.0	386.0	212.0	263.0	385.0	392.0	189.0	275.0	284.0	236.0	221.0	467.0
PF3D7_0517600	130.0	156.0	130.0	138.0	86.0	100.0	150.0	128.0	83.0	87.0	75.0	62.0	68.0	196.0
PF3D7_0517700	3360.0	3361.0	3579.0	3019.0	2578.0	2390.0	2919.0	6237.0	5090.0	3961.0	8211.0	2670.0	5605.0	7272.0
PF3D7_0517800	20.0	44.0	39.0	23.0	29.0	15.0	81.0	65.0	167.0	11.0	12.0	11.0	0.0	45.0
PF3D7_0517900	239.0	182.0	265.0	158.0	135.0	91.0	196.0	292.0	114.0	289.0	150.0	223.0	102.0	196.0
PF3D7_0518000	310.0	240.0	392.0	221.0	286.0	193.0	238.0	569.0	215.0	434.0	339.0	335.0	196.0	340.0
PF3D7_0518100	741.0	563.0	712.0	514.0	361.0	275.0	600.0	1740.0	915.0	1167.0	1418.0	822.0	1054.0	1122.0
PF3D7_0518200	43.0	51.0	51.0	38.0	28.0	11.0	61.0	48.0	27.0	42.0	18.0	27.0	12.0	33.0
PF3D7_0518300	515.0	527.0	453.0	390.0	264.0	257.0	630.0	1158.0	903.0	777.0	1261.0	521.0	1047.0	816.0
PF3D7_0518400	31.0	37.0	26.0	34.0	27.0	15.0	32.0	30.0	22.0	29.0	30.0	25.0	31.0	39.0
PF3D7_0518500	2194.0	1605.0	2436.0	1391.0	1660.0	1016.0	1397.0	4064.0	1601.0	3950.0	3448.0	2553.0	2534.0	2679.0
PF3D7_0518600	777.0	622.0	691.0	481.0	458.0	297.0	594.0	553.0	322.0	414.0	649.0	305.0	590.0	645.0
PF3D7_0518700	616.0	521.0	637.0	485.0	386.0	279.0	628.0	551.0	356.0	413.0	408.0	345.0	270.0	618.0
PF3D7_0518800	44.0	40.0	22.0	32.0	16.0	11.0	47.0	11.0	14.0	0.0	21.0	15.0	13.0	26.0
PF3D7_0518900	14.0	10.0	14.0	15.0	16.0	10.0	17.0	23.0	34.0	0.0	31.0	0.0	0.0	26.0
PF3D7_0519000	191.0	112.0	124.0	99.0	82.0	50.0	129.0	344.0	238.0	202.0	314.0	151.0	184.0	233.0
PF3D7_0519100	77.0	72.0	69.0	62.0	46.0	34.0	96.0	96.0	67.0	59.0	107.0	47.0	80.0	92.0
PF3D7_0519200	776.0	940.0	744.0	669.0	404.0	420.0	1223.0	1549.0	1367.0	724.0	1735.0	580.0	1213.0	1574.0
PF3D7_0519300	255.0	243.0	252.0	249.0	153.0	129.0	224.0	346.0	188.0	220.0	347.0	172.0	273.0	336.0
PF3D7_0519400	1860.0	1827.0	2555.0	2426.0	1380.0	1874.0	2513.0	5729.0	4803.0	3705.0	7445.0	2215.0	3838.0	5674.0
PF3D7_0519500	1933.0	1600.0	1695.0	1464.0	905.0	820.0	1666.0	4504.0	3001.0	2665.0	5221.0	1894.0	3642.0	5290.0
PF3D7_0519600	542.0	507.0	527.0	453.0	361.0	292.0	404.0	1097.0	669.0	786.0	891.0	596.0	659.0	961.0
PF3D7_0519700	1392.0	1343.0	1752.0	1368.0	1138.0	960.0	1496.0	1966.0	1543.0	1270.0	1822.0	979.0	1030.0	2263.0
PF3D7_0519800	3150.0	3169.0	3212.0	2393.0	2295.0	1968.0	2264.0	7491.0	3810.0	4951.0	5748.0	3589.0	3535.0	5714.0
PF3D7_0519900	157.0	157.0	174.0	171.0	84.0	121.0	154.0	275.0	257.0	165.0	330.0	147.0	238.0	316.0
PF3D7_0520000	3085.0	3076.0	3399.0	2650.0	1761.0	2195.0	3386.0	9901.0	8002.0	6310.0	12966.0	3667.0	7347.0	7834.0
PF3D7_0520100	672.0	556.0	592.0	548.0	345.0	420.0	525.0	1643.0	865.0	961.0	1202.0	673.0	791.0	1132.0
PF3D7_0520200	256.0	248.0	248.0	244.0	163.0	192.0	182.0	510.0	473.0	361.0	777.0	200.0	528.0	486.0
PF3D7_0520300	77.0	88.0	83.0	52.0	36.0	38.0	60.0	140.0	116.0	76.0	156.0	73.0	141.0	76.0
PF3D7_0520400	141.0	126.0	147.0	158.0	80.0	74.0	174.0	291.0	220.0	172.0	347.0	112.0	307.0	190.0
PF3D7_0520500	247.0	213.0	198.0	167.0	108.0	113.0	159.0	276.0	213.0	194.0	339.0	155.0	298.0	231.0
PF3D7_0520600	511.0	553.0	551.0	471.0	315.0	353.0	515.0	989.0	678.0	654.0	797.0	478.0	465.0	655.0
PF3D7_0520700	435.0	333.0	435.0	354.0	233.0	263.0	295.0	714.0	467.0	498.0	715.0	359.0	525.0	666.0
PF3D7_0520800	1304.0	1074.0	1321.0	1028.0	742.0	633.0	1074.0	2684.0	1692.0	2100.0	2958.0	1267.0	2191.0	2383.0
PF3D7_0520900	4005.0	4201.0	3159.0	3301.0	1887.0	2452.0	3832.0	6516.0	5929.0	4686.0	13618.0	3114.0	11757.0	6726.0
PF3D7_0521000	570.0	508.0	638.0	605.0	360.0	402.0	612.0	1235.0	858.0	1009.0	1663.0	644.0	1015.0	1304.0
PF3D7_0521100	50.0	59.0	45.0	71.0	47.0	44.0	68.0	55.0	57.0	71.0	51.0	54.0	28.0	70.0
PF3D7_0521200	109.0	105.0	111.0	84.0	54.0	65.0	56.0	164.0	83.0	93.0	118.0	60.0	127.0	140.0
PF3D7_0521300	774.0	755.0	781.0	681.0	411.0	441.0	781.0	789.0	665.0	618.0	647.0	416.0	491.0	932.0
PF3D7_0521400	213.0	212.0	206.0	175.0	117.0	84.0	219.0	423.0	329.0	262.0	569.0	168.0	549.0	311.0
PF3D7_0521500	189.0	165.0	210.0	173.0	142.0	107.0	118.0	469.0	276.0	291.0	476.0	210.0	300.0	343.0
PF3D7_0521600	54.0	71.0	71.0	54.0	14.0	41.0	87.0	54.0	42.0	22.0	40.0	20.0	16.0	39.0
PF3D7_0521700	519.0	401.0	549.0	372.0	382.0	213.0	368.0	957.0	401.0	709.0	681.0	525.0	588.0	420.0
PF3D7_0521800	126.0	94.0	99.0	85.0	89.0	44.0	117.0	96.0	51.0	62.0	70.0	43.0	66.0	68.0
PF3D7_0521900	441.0	513.0	518.0	541.0	294.0	318.0	309.0	418.0	274.0	409.0	272.0	256.0	271.0	685.0
PF3D7_0522000	423.0	401.0	631.0	277.0	322.0	127.0	431.0	728.0	557.0	324.0	436.0	260.0	292.0	228.0
PF3D7_0522100	467.0	327.0	468.0	209.0	269.0	120.0	272.0	556.0	162.0	517.0	186.0	339.0	121.0	326.0
PF3D7_0522200	210.0	233.0	259.0	175.0	111.0	97.0	228.0	472.0	302.0	194.0	296.0	193.0	233.0	257.0
PF3D7_0522300	603.0	438.0	677.0	444.0	496.0	312.0	424.0	1214.0	591.0	1001.0	936.0	647.0	511.0	673.0
PF3D7_0522400	3326.0	3169.0	2961.0	2249.0	1399.0	1115.0	2498.0	2675.0	1314.0	1675.0	1572.0	1175.0	958.0	2852.0
PF3D7_0522500	107.0	91.0	99.0	90.0	49.0	23.0	105.0	132.0	93.0	78.0	187.0	48.0	133.0	69.0
PF3D7_0522600	272.0	291.0	199.0	193.0	95.0	89.0	239.0	90.0	102.0	72.0	129.0	47.0	100.0	298.0
PF3D7_0522700	101.0	52.0	112.0	46.0	50.0	15.0	56.0	113.0	38.0	52.0	59.0	27.0	53.0	49.0
PF3D7_0522800	102.0	91.0	143.0	79.0	76.0	47.0	112.0	271.0	160.0	130.0	147.0	116.0	83.0	110.0
PF3D7_0522900	673.0	593.0	480.0	466.0	294.0	267.0	699.0	320.0	177.0	285.0	298.0	234.0	219.0	536.0
PF3D7_0523000	15291.0	12575.0	15233.0	8865.0	11424.0	7131.0	9020.0	21346.0	10265.0	16523.0	15987.0	12289.0	11493.0	17715.0
PF3D7_0523100	620.0	431.0	487.0	386.0	350.0	225.0	436.0	1738.0	728.0	1512.0	1475.0	1180.0	1301.0	843.0
PF3D7_0523200	318.0	286.0	297.0	262.0	140.0	184.0	232.0	453.0	389.0	220.0	531.0	190.0	432.0	443.0
PF3D7_0523300	143.0	123.0	205.0	133.0	110.0	64.0	182.0	233.0	110.0	149.0	165.0	109.0	111.0	151.0
PF3D7_0523400	1229.0	781.0	1213.0	660.0	713.0	422.0	807.0	2501.0	1013.0	1855.0	1825.0	1155.0	1335.0	1393.0
PF3D7_0523500	47.0	53.0	43.0	34.0	35.0	31.0	41.0	41.0	33.0	15.0	37.0	21.0	31.0	50.0
PF3D7_0523600	83.0	54.0	69.0	56.0	35.0	38.0	67.0	104.0	63.0	52.0	107.0	36.0	89.0	54.0
PF3D7_0523700	320.0	368.0	299.0	196.0	129.0	167.0	264.0	426.0	275.0	388.0	359.0	222.0	285.0	305.0
PF3D7_0523800	1227.0	1071.0	1165.0	714.0	805.0	525.0	807.0	1557.0	438.0	975.0	623.0	786.0	580.0	844.0
PF3D7_0523900	475.0	586.0	411.0	433.0	224.0	314.0	477.0	496.0	462.0	270.0	472.0	225.0	323.0	683.0
PF3D7_0524000	10937.0	10116.0	10467.0	7851.0	7202.0	6461.0	7897.0	16982.0	12755.0	11940.0	20573.0	9452.0	16667.0	17639.0
PF3D7_0524100	1600.0	1381.0	1926.0	1315.0	1255.0	961.0	1232.0	1425.0	845.0	1079.0	1119.0	810.0	895.0	1359.0
PF3D7_0524200	36.0	36.0	50.0	39.0	28.0	17.0	49.0	56.0	38.0	31.0	24.0	40.0	17.0	45.0
PF3D7_0524300	490.0	307.0	567.0	322.0	330.0	201.0	330.0	1054.0	418.0	872.0	616.0	552.0	368.0	599.0
PF3D7_0524400	1215.0	946.0	1218.0	744.0	861.0	494.0	783.0	2240.0	934.0	1719.0	1522.0	1133.0	1027.0	1427.0
PF3D7_0524500	115.0	97.0	101.0	70.0	75.0	44.0	110.0	128.0	96.0	100.0	90.0	85.0	70.0	76.0
PF3D7_0524600	350.0	244.0	329.0	140.0	198.0	111.0	247.0	342.0	180.0	250.0	330.0	160.0	256.0	292.0
PF3D7_0524700	53.0	58.0	71.0	49.0	35.0	21.0	103.0	177.0	156.0	113.0	158.0	77.0	87.0	93.0
PF3D7_0524800	308.0	273.0	244.0	194.0	141.0	120.0	232.0	512.0	279.0	413.0	387.0	324.0	314.0	433.0
PF3D7_0524900	1262.0	975.0	1372.0	881.0	1003.0	644.0	787.0	3451.0	1373.0	2473.0	2050.0	1775.0	1392.0	2290.0
PF3D7_0525000	1849.0	1095.0	1451.0	748.0	770.0	463.0	1029.0	9728.0	2678.0	6878.0	3428.0	4420.0	2494.0	3716.0
PF3D7_0525100	4705.0	3395.0	5495.0	2617.0	3841.0	1949.0	3156.0	5173.0	3486.0	4569.0	5837.0	3385.0	4618.0	3526.0
PF3D7_0525200	1460.0	1262.0	1536.0	996.0	759.0	628.0	1253.0	1412.0	1081.0	1056.0	2113.0	688.0	1759.0	1363.0
PF3D7_0525300	128.0	103.0	117.0	59.0	41.0	25.0	110.0	151.0	60.0	93.0	51.0	61.0	33.0	57.0
PF3D7_0525400	144.0	107.0	132.0	75.0	54.0	39.0	145.0	84.0	75.0	62.0	156.0	53.0	142.0	107.0
PF3D7_0525500	454.0	390.0	495.0	434.0	296.0	278.0	291.0	1035.0	597.0	666.0	842.0	456.0	542.0	904.0
PF3D7_0525600	176.0	163.0	182.0	154.0	94.0	80.0	200.0	273.0	215.0	179.0	372.0	138.0	322.0	192.0
PF3D7_0525700	107.0	50.0	72.0	53.0	45.0	15.0	98.0	134.0	83.0	69.0	143.0	54.0	99.0	65.0
PF3D7_0525800	1359.0	1282.0	867.0	702.0	316.0	306.0	1216.0	709.0	719.0	544.0	525.0	230.0	269.0	1551.0
PF3D7_0525900	91.0	104.0	91.0	78.0	34.0	35.0	110.0	64.0	46.0	32.0	38.0	27.0	33.0	81.0
PF3D7_0526000	164.0	149.0	166.0	98.0	79.0	65.0	131.0	315.0	187.0	177.0	236.0	119.0	195.0	193.0
PF3D7_0526100	82.0	83.0	87.0	63.0	45.0	26.0	70.0	113.0	101.0	79.0	154.0	42.0	127.0	79.0
PF3D7_0526200	427.0	328.0	368.0	206.0	197.0	121.0	387.0	536.0	355.0	341.0	611.0	185.0	539.0	511.0
PF3D7_0526300	267.0	244.0	321.0	230.0	244.0	192.0	229.0	557.0	230.0	283.0	313.0	220.0	220.0	376.0
PF3D7_0526400	83.0	79.0	62.0	62.0	28.0	38.0	77.0	31.0	36.0	39.0	87.0	16.0	72.0	67.0
PF3D7_0526500	2330.0	1983.0	2867.0	1763.0	1999.0	1378.0	1524.0	3317.0	1744.0	2514.0	2879.0	1987.0	1951.0	2807.0
PF3D7_0526600	4808.0	1937.0	5155.0	1506.0	3022.0	904.0	2087.0	9476.0	1491.0	9718.0	2782.0	7087.0	2443.0	2692.0
PF3D7_0526700	378.0	369.0	427.0	249.0	189.0	161.0	415.0	693.0	491.0	462.0	840.0	321.0	624.0	478.0
PF3D7_0526800	964.0	877.0	993.0	903.0	657.0	727.0	820.0	2255.0	1617.0	1486.0	2463.0	1069.0	1602.0	2470.0
PF3D7_0526900	676.0	639.0	763.0	696.0	532.0	562.0	655.0	1377.0	921.0	824.0	1296.0	582.0	946.0	1479.0
PF3D7_0527000	2384.0	2177.0	1838.0	1630.0	951.0	948.0	1944.0	1930.0	1666.0	1564.0	5006.0	876.0	4757.0	2294.0
PF3D7_0527100	339.0	422.0	324.0	353.0	176.0	205.0	387.0	585.0	493.0	314.0	652.0	295.0	571.0	480.0
PF3D7_0527200	909.0	752.0	842.0	652.0	492.0	454.0	805.0	1774.0	1214.0	1186.0	2363.0	782.0	1625.0	1784.0
PF3D7_0527300	558.0	592.0	586.0	435.0	319.0	305.0	555.0	873.0	561.0	466.0	595.0	373.0	504.0	632.0
PF3D7_0527400	1817.0	1845.0	1912.0	1444.0	1274.0	1109.0	1411.0	1687.0	950.0	956.0	863.0	867.0	633.0	1379.0
PF3D7_0527500	4507.0	4338.0	4637.0	3988.0	2724.0	2802.0	4873.0	7061.0	7683.0	5119.0	14244.0	3273.0	8756.0	8673.0
PF3D7_0527600	479.0	578.0	342.0	361.0	191.0	270.0	606.0	409.0	815.0	229.0	732.0	182.0	511.0	726.0
PF3D7_0527800	17.0	12.0	32.0	24.0	13.0	16.0	15.0	0.0	0.0	10.0	17.0	0.0	0.0	14.0
PF3D7_0527900	1645.0	1364.0	1845.0	1328.0	1214.0	1026.0	1255.0	1977.0	1203.0	1570.0	1732.0	1145.0	1221.0	2123.0
PF3D7_0528000	274.0	279.0	320.0	170.0	143.0	151.0	279.0	435.0	379.0	221.0	533.0	173.0	416.0	309.0
PF3D7_0528100	2870.0	2347.0	2514.0	1581.0	1790.0	1161.0	1772.0	3728.0	1593.0	3418.0	2950.0	2225.0	2539.0	3173.0
PF3D7_0528200	2510.0	2099.0	2487.0	1572.0	1723.0	1236.0	1752.0	4126.0	2422.0	2908.0	4040.0	2037.0	3094.0	3280.0
PF3D7_0528300	121.0	110.0	96.0	82.0	53.0	32.0	80.0	69.0	45.0	48.0	42.0	36.0	28.0	113.0
PF3D7_0528400	249.0	239.0	225.0	148.0	101.0	66.0	199.0	106.0	100.0	77.0	81.0	37.0	43.0	243.0
PF3D7_0528500	263.0	187.0	192.0	648.0	189.0	143.0	276.0	124.0	85.0	245.0	196.0	245.0	144.0	170.0
PF3D7_0528600	197.0	161.0	268.0	161.0	167.0	118.0	181.0	234.0	112.0	230.0	157.0	176.0	89.0	190.0
PF3D7_0528700	288.0	232.0	277.0	187.0	187.0	151.0	321.0	442.0	269.0	250.0	311.0	237.0	200.0	260.0
PF3D7_0528800	509.0	393.0	665.0	358.0	437.0	240.0	294.0	851.0	443.0	665.0	550.0	493.0	310.0	525.0
PF3D7_0528900	40.0	37.0	51.0	54.0	37.0	27.0	60.0	26.0	21.0	34.0	32.0	30.0	15.0	31.0
PF3D7_0529000	1523.0	1418.0	1353.0	1006.0	903.0	731.0	1226.0	2090.0	1290.0	1278.0	1930.0	951.0	1503.0	2073.0
PF3D7_0529100	31.0	31.0	41.0	16.0	19.0	12.0	46.0	47.0	44.0	29.0	75.0	25.0	53.0	23.0
PF3D7_0529200	81.0	92.0	72.0	77.0	54.0	53.0	85.0	80.0	50.0	49.0	94.0	65.0	64.0	64.0
PF3D7_0529300	80.0	66.0	108.0	67.0	58.0	48.0	72.0	217.0	100.0	137.0	137.0	89.0	113.0	132.0
PF3D7_0529400	3311.0	1980.0	3364.0	1504.0	1804.0	811.0	2276.0	3993.0	2017.0	2918.0	4066.0	1614.0	3171.0	2839.0
PF3D7_0529500	118.0	119.0	166.0	119.0	102.0	84.0	108.0	430.0	204.0	221.0	269.0	177.0	173.0	243.0
PF3D7_0529700	153.0	147.0	118.0	151.0	74.0	77.0	121.0	176.0	114.0	111.0	207.0	91.0	161.0	154.0
PF3D7_0529800	1824.0	1274.0	1965.0	1141.0	1138.0	606.0	1101.0	2139.0	1081.0	1518.0	2357.0	936.0	1937.0	1522.0
PF3D7_0529900	1483.0	1369.0	1321.0	1030.0	874.0	722.0	1395.0	1705.0	1135.0	1403.0	1727.0	1049.0	1379.0	1818.0
PF3D7_0530000	231.0	228.0	220.0	225.0	90.0	126.0	323.0	227.0	195.0	102.0	343.0	85.0	298.0	180.0
PF3D7_0530100	272.0	200.0	332.0	173.0	237.0	169.0	236.0	496.0	205.0	340.0	209.0	271.0	126.0	259.0
PF3D7_0530200	358.0	306.0	243.0	201.0	133.0	111.0	369.0	296.0	277.0	210.0	709.0	131.0	817.0	363.0
PF3D7_0530300	760.0	568.0	664.0	487.0	364.0	237.0	559.0	508.0	259.0	344.0	420.0	256.0	373.0	606.0
PF3D7_0530400	193.0	227.0	174.0	181.0	121.0	102.0	177.0	342.0	273.0	212.0	442.0	147.0	321.0	273.0
PF3D7_0530500	36.0	69.0	60.0	71.0	17.0	30.0	43.0	61.0	40.0	46.0	29.0	24.0	24.0	65.0
PF3D7_0530600	297.0	212.0	396.0	235.0	223.0	172.0	187.0	559.0	311.0	497.0	504.0	322.0	389.0	335.0
PF3D7_0530700	437.0	437.0	523.0	479.0	289.0	347.0	395.0	720.0	631.0	484.0	954.0	339.0	716.0	711.0
PF3D7_0530750	25.0	24.0	25.0	29.0	0.0	14.0	28.0	0.0	23.0	10.0	17.0	0.0	26.0	16.0
PF3D7_0530800	75.0	71.0	65.0	68.0	50.0	32.0	105.0	56.0	53.0	39.0	44.0	30.0	47.0	47.0
PF3D7_0530900	1057.0	790.0	951.0	769.0	574.0	398.0	615.0	413.0	387.0	562.0	498.0	375.0	348.0	796.0
PF3D7_0531000	603.0	398.0	627.0	393.0	469.0	292.0	400.0	834.0	395.0	478.0	509.0	347.0	366.0	651.0
PF3D7_0531100	466.0	405.0	516.0	284.0	235.0	223.0	230.0	264.0	221.0	247.0	292.0	196.0	154.0	481.0
PF3D7_0531200	60.0	54.0	59.0	46.0	34.0	25.0	34.0	83.0	61.0	51.0	132.0	41.0	94.0	68.0
PF3D7_0531300	92.0	87.0	104.0	73.0	51.0	37.0	75.0	74.0	61.0	41.0	174.0	27.0	106.0	70.0
PF3D7_0531400	333.0	330.0	362.0	302.0	202.0	249.0	234.0	342.0	368.0	292.0	532.0	274.0	407.0	450.0
PF3D7_0531500	64.0	105.0	128.0	27.0	40.0	18.0	146.0	329.0	303.0	112.0	69.0	164.0	44.0	54.0
PF3D7_0531600	195723.0	312009.0	245894.0	247437.0	94785.0	217661.0	273663.0	359452.0	295490.0	251453.0	375848.0	228159.0	443363.0	306886.0
PF3D7_0532000	381607.0	630374.0	752566.0	677660.0	330028.0	717038.0	756366.0	931685.0	1073794.0	497270.0	980465.0	558728.0	898852.0	931791.0
PF3D7_0532100	2024.0	3031.0	1610.0	1904.0	656.0	1470.0	2921.0	14727.0	14514.0	8007.0	22108.0	4982.0	13660.0	12346.0
PF3D7_0532200	278.0	305.0	189.0	215.0	96.0	231.0	201.0	342.0	355.0	209.0	371.0	121.0	200.0	591.0
PF3D7_0532300	2655.0	2263.0	3352.0	2094.0	2902.0	1832.0	1597.0	19121.0	12130.0	13950.0	14238.0	9359.0	7254.0	28181.0
PF3D7_0532400	1094.0	930.0	1026.0	777.0	647.0	468.0	728.0	7977.0	6280.0	6401.0	9542.0	4412.0	5444.0	10393.0
PF3D7_0532500	133.0	41.0	69.0	241.0	110.0	64.0	79.0	364.0	83.0	329.0	125.0	232.0	46.0	93.0
PF3D7_0532600	32.0	27.0	26.0	11.0	15.0	0.0	0.0	238.0	58.0	187.0	51.0	114.0	43.0	41.0
PF3D7_0532700	19.0	29.0	26.0	24.0	11.0	12.0	0.0	25.0	17.0	23.0	18.0	17.0	18.0	36.0
PF3D7_0532800	0.0	0.0	0.0	13.0	0.0	0.0	0.0	10.0	0.0	0.0	0.0	0.0	0.0	0.0
PF3D7_0532900	59.0	70.0	75.0	95.0	54.0	49.0	22.0	74.0	58.0	78.0	60.0	57.0	27.0	94.0
PF3D7_0533000	29.0	35.0	49.0	44.0	36.0	20.0	10.0	68.0	22.0	83.0	46.0	53.0	29.0	91.0
PF3D7_0533100	3633.0	2673.0	3884.0	3222.0	2465.0	2287.0	1662.0	11725.0	4736.0	9064.0	6105.0	5991.0	3578.0	8081.0
PF3D7_0600100	45.0	44.0	81.0	138.0	45.0	39.0	20.0	103.0	62.0	68.0	47.0	84.0	30.0	146.0
PF3D7_0600200	1260.0	1305.0	1746.0	1826.0	1122.0	1180.0	627.0	3013.0	2082.0	2188.0	2376.0	1949.0	1202.0	4626.0
PF3D7_0600300	221.0	188.0	351.0	270.0	178.0	134.0	111.0	1633.0	516.0	860.0	519.0	432.0	291.0	1124.0
PF3D7_0600400	20.0	13.0	22.0	40.0	11.0	16.0	15.0	21.0	22.0	25.0	20.0	20.0	18.0	28.0
PF3D7_0600500	123.0	136.0	200.0	155.0	120.0	81.0	55.0	522.0	222.0	328.0	274.0	184.0	150.0	453.0
PF3D7_0600600	39.0	24.0	50.0	48.0	37.0	21.0	37.0	89.0	69.0	54.0	67.0	46.0	42.0	111.0
PF3D7_0600700	17.0	24.0	26.0	35.0	15.0	0.0	21.0	47.0	15.0	33.0	20.0	53.0	0.0	32.0
PF3D7_0600800	45.0	38.0	70.0	58.0	54.0	32.0	72.0	166.0	178.0	106.0	30.0	45.0	18.0	101.0
PF3D7_0600900	39.0	53.0	92.0	78.0	57.0	43.0	18.0	102.0	40.0	83.0	53.0	46.0	25.0	112.0
PF3D7_0601200	0.0	0.0	0.0	0.0	0.0	0.0	0.0	281.0	241.0	83.0	66.0	59.0	30.0	75.0
PF3D7_0601400	0.0	0.0	0.0	11.0	0.0	0.0	0.0	0.0	0.0	0.0	12.0	0.0	0.0	10.0
PF3D7_0601500	46.0	29.0	57.0	54.0	27.0	41.0	45.0	44.0	39.0	23.0	37.0	12.0	12.0	79.0
PF3D7_0601600	91.0	49.0	93.0	65.0	54.0	20.0	101.0	108.0	67.0	40.0	39.0	46.0	36.0	69.0
PF3D7_0601700	386.0	354.0	281.0	311.0	175.0	159.0	528.0	626.0	368.0	401.0	427.0	377.0	409.0	637.0
PF3D7_0601900	953.0	648.0	1177.0	560.0	880.0	295.0	472.0	6752.0	2618.0	5071.0	3057.0	3453.0	1809.0	3787.0
PF3D7_0602000	1052.0	766.0	909.0	611.0	504.0	322.0	1019.0	1278.0	494.0	917.0	793.0	657.0	640.0	624.0
PF3D7_0602100	2416.0	1871.0	2538.0	1676.0	1798.0	1370.0	1717.0	4243.0	2134.0	3236.0	3433.0	2494.0	2228.0	2852.0
PF3D7_0602200	275.0	201.0	385.0	223.0	169.0	149.0	229.0	836.0	581.0	644.0	949.0	452.0	535.0	449.0
PF3D7_0602300	12.0	19.0	16.0	13.0	0.0	0.0	12.0	12.0	11.0	0.0	0.0	0.0	15.0	16.0
PF3D7_0602400	676.0	533.0	607.0	483.0	292.0	280.0	553.0	2061.0	1381.0	1287.0	2799.0	771.0	2336.0	1473.0
PF3D7_0602500	123.0	88.0	90.0	100.0	32.0	42.0	88.0	249.0	242.0	129.0	359.0	99.0	300.0	209.0
PF3D7_0602600	1898.0	1730.0	2076.0	1337.0	1240.0	888.0	1363.0	2592.0	1441.0	1655.0	2026.0	1182.0	1607.0	1969.0
PF3D7_0602700	64.0	73.0	97.0	74.0	40.0	47.0	48.0	102.0	45.0	58.0	57.0	38.0	30.0	103.0
PF3D7_0602800	168.0	141.0	190.0	159.0	150.0	118.0	112.0	254.0	132.0	177.0	140.0	94.0	83.0	144.0
PF3D7_0602900	639.0	653.0	620.0	473.0	425.0	376.0	532.0	537.0	306.0	285.0	434.0	263.0	275.0	580.0
PF3D7_0603000	691.0	576.0	814.0	463.0	625.0	344.0	575.0	1111.0	826.0	676.0	611.0	517.0	487.0	621.0
PF3D7_0603100	239.0	160.0	164.0	119.0	94.0	61.0	163.0	200.0	100.0	130.0	268.0	91.0	248.0	148.0
PF3D7_0603200	155.0	153.0	167.0	113.0	82.0	74.0	121.0	295.0	268.0	193.0	564.0	120.0	501.0	214.0
PF3D7_0603300	211.0	229.0	295.0	206.0	203.0	136.0	183.0	817.0	665.0	483.0	1207.0	352.0	754.0	716.0
PF3D7_0603400	2069.0	1466.0	2429.0	1195.0	1586.0	861.0	1132.0	3664.0	1675.0	2736.0	3066.0	2000.0	2044.0	2504.0
PF3D7_0603500	125.0	97.0	96.0	64.0	64.0	48.0	99.0	109.0	59.0	83.0	120.0	65.0	126.0	108.0
PF3D7_0603600	1534.0	1285.0	1284.0	1175.0	681.0	561.0	1664.0	1165.0	833.0	696.0	960.0	564.0	689.0	1391.0
PF3D7_0603700	110.0	101.0	91.0	82.0	65.0	54.0	134.0	125.0	80.0	115.0	136.0	45.0	137.0	124.0
PF3D7_0603800	824.0	588.0	781.0	771.0	488.0	328.0	638.0	468.0	368.0	438.0	508.0	390.0	381.0	697.0
PF3D7_0603900	95.0	110.0	114.0	91.0	79.0	79.0	94.0	93.0	50.0	52.0	80.0	55.0	45.0	116.0
PF3D7_0604000	377.0	324.0	414.0	285.0	239.0	120.0	349.0	734.0	429.0	471.0	571.0	314.0	438.0	357.0
PF3D7_0604100	3938.0	1933.0	4591.0	1176.0	2358.0	582.0	1505.0	1094.0	808.0	1172.0	912.0	697.0	401.0	1972.0
PF3D7_0604200	20.0	16.0	25.0	24.0	20.0	0.0	25.0	29.0	44.0	22.0	45.0	14.0	25.0	18.0
PF3D7_0604300	419.0	325.0	434.0	250.0	231.0	164.0	311.0	575.0	366.0	348.0	566.0	211.0	481.0	422.0
PF3D7_0604400	10.0	14.0	10.0	12.0	0.0	0.0	16.0	0.0	0.0	11.0	15.0	0.0	0.0	0.0
PF3D7_0604500	15145.0	11576.0	17923.0	8999.0	10925.0	7393.0	9435.0	22570.0	11944.0	17942.0	20942.0	13932.0	14453.0	17868.0
PF3D7_0604600	286.0	264.0	288.0	280.0	141.0	196.0	217.0	345.0	277.0	246.0	473.0	176.0	391.0	424.0
PF3D7_0604700	262.0	221.0	221.0	206.0	125.0	128.0	263.0	265.0	215.0	190.0	429.0	116.0	441.0	228.0
PF3D7_0604800	285.0	199.0	217.0	193.0	104.0	116.0	243.0	472.0	309.0	284.0	456.0	176.0	300.0	337.0
PF3D7_0604900	68.0	77.0	89.0	73.0	42.0	29.0	80.0	92.0	90.0	40.0	124.0	29.0	101.0	82.0
PF3D7_0605000	75.0	64.0	83.0	76.0	64.0	25.0	57.0	165.0	85.0	91.0	161.0	57.0	125.0	77.0
PF3D7_0605100	911.0	1138.0	839.0	744.0	454.0	484.0	1130.0	1082.0	942.0	835.0	1269.0	724.0	885.0	1676.0
PF3D7_0605200	156.0	93.0	133.0	81.0	68.0	43.0	104.0	121.0	84.0	75.0	188.0	53.0	156.0	81.0
PF3D7_0605300	242.0	238.0	246.0	248.0	174.0	128.0	264.0	187.0	120.0	163.0	253.0	152.0	218.0	164.0
PF3D7_0605400	21.0	21.0	24.0	22.0	14.0	15.0	26.0	24.0	18.0	0.0	25.0	0.0	22.0	18.0
PF3D7_0605500	354.0	235.0	261.0	529.0	305.0	178.0	241.0	190.0	133.0	302.0	273.0	288.0	228.0	283.0
PF3D7_0605600	423.0	413.0	469.0	454.0	311.0	273.0	337.0	386.0	225.0	326.0	226.0	258.0	216.0	468.0
PF3D7_0605700	26.0	14.0	42.0	15.0	10.0	0.0	18.0	0.0	0.0	13.0	10.0	20.0	0.0	20.0
PF3D7_0605800	1836.0	1616.0	1657.0	1160.0	932.0	793.0	1445.0	1893.0	1463.0	1317.0	2901.0	858.0	2502.0	1928.0
PF3D7_0605900	1140.0	1372.0	1227.0	589.0	678.0	413.0	1170.0	319.0	154.0	226.0	206.0	246.0	115.0	338.0
PF3D7_0606000	6135.0	4913.0	6891.0	3571.0	5497.0	2770.0	3039.0	7260.0	2447.0	6929.0	3832.0	5450.0	2457.0	5354.0
PF3D7_0606100	2833.0	2461.0	2787.0	2066.0	1841.0	1680.0	2248.0	4046.0	2315.0	2916.0	3381.0	2043.0	2300.0	3980.0
PF3D7_0606200	286.0	251.0	267.0	181.0	152.0	101.0	251.0	492.0	250.0	262.0	233.0	199.0	188.0	289.0
PF3D7_0606300	0.0	0.0	13.0	0.0	0.0	0.0	16.0	0.0	0.0	0.0	0.0	0.0	0.0	0.0
PF3D7_0606400	20.0	26.0	25.0	30.0	14.0	18.0	34.0	12.0	18.0	13.0	15.0	0.0	0.0	24.0
PF3D7_0606500	1371.0	1137.0	1470.0	933.0	979.0	673.0	952.0	1663.0	835.0	1246.0	1177.0	1054.0	808.0	1279.0
PF3D7_0606600	7530.0	6261.0	8366.0	4917.0	5381.0	3723.0	5028.0	9440.0	5240.0	6821.0	8477.0	5307.0	5982.0	7112.0
PF3D7_0606700	4095.0	3622.0	4204.0	2627.0	2944.0	2255.0	3043.0	6515.0	3683.0	4505.0	5819.0	3529.0	5037.0	5507.0
PF3D7_0606800	322.0	342.0	347.0	233.0	190.0	143.0	315.0	297.0	189.0	206.0	347.0	141.0	292.0	363.0
PF3D7_0606900	235.0	237.0	252.0	132.0	124.0	78.0	270.0	425.0	270.0	242.0	417.0	176.0	275.0	274.0
PF3D7_0607000	5713.0	4797.0	6816.0	5137.0	4267.0	4018.0	5115.0	11020.0	7205.0	9056.0	12573.0	6357.0	7276.0	12123.0
PF3D7_0607100	55.0	50.0	78.0	45.0	25.0	27.0	83.0	46.0	50.0	40.0	35.0	36.0	15.0	40.0
PF3D7_0607200	208.0	155.0	180.0	135.0	119.0	91.0	186.0	184.0	92.0	161.0	198.0	106.0	191.0	132.0
PF3D7_0607300	182.0	167.0	226.0	135.0	94.0	80.0	162.0	334.0	124.0	206.0	245.0	142.0	198.0	167.0
PF3D7_0607400	741.0	568.0	675.0	474.0	471.0	343.0	554.0	1543.0	684.0	1021.0	979.0	744.0	975.0	876.0
PF3D7_0607500	217.0	247.0	205.0	158.0	135.0	94.0	232.0	338.0	237.0	167.0	391.0	140.0	356.0	311.0
PF3D7_0607600	850.0	578.0	971.0	469.0	473.0	255.0	586.0	573.0	359.0	403.0	677.0	318.0	565.0	525.0
PF3D7_0607700	1729.0	1100.0	1718.0	695.0	826.0	418.0	844.0	607.0	411.0	501.0	565.0	289.0	311.0	1063.0
PF3D7_0607800	195.0	164.0	154.0	145.0	119.0	89.0	140.0	287.0	217.0	172.0	342.0	122.0	256.0	207.0
PF3D7_0607900	379.0	323.0	358.0	296.0	182.0	153.0	330.0	540.0	501.0	271.0	986.0	213.0	784.0	419.0
PF3D7_0608000	150.0	136.0	166.0	147.0	110.0	112.0	162.0	305.0	294.0	246.0	394.0	137.0	327.0	249.0
PF3D7_0608100	1022.0	899.0	938.0	773.0	512.0	582.0	773.0	1862.0	966.0	1502.0	2068.0	950.0	1789.0	1588.0
PF3D7_0608200	110.0	51.0	92.0	74.0	46.0	27.0	63.0	256.0	116.0	162.0	174.0	88.0	128.0	104.0
PF3D7_0608300	298.0	292.0	302.0	213.0	161.0	137.0	297.0	466.0	385.0	252.0	550.0	192.0	364.0	376.0
PF3D7_0608310	138.0	102.0	100.0	85.0	64.0	51.0	113.0	364.0	211.0	239.0	325.0	158.0	264.0	205.0
PF3D7_0608400	77.0	49.0	77.0	52.0	33.0	27.0	97.0	96.0	43.0	45.0	81.0	34.0	74.0	64.0
PF3D7_0608500	765.0	853.0	688.0	629.0	331.0	470.0	840.0	1691.0	1484.0	870.0	2141.0	594.0	1882.0	1328.0
PF3D7_0608600	149.0	128.0	160.0	96.0	72.0	38.0	219.0	137.0	98.0	93.0	169.0	73.0	96.0	162.0
PF3D7_0608700	2190.0	2112.0	2129.0	1754.0	1288.0	1333.0	2072.0	5384.0	4083.0	4172.0	7318.0	2612.0	5094.0	4995.0
PF3D7_0608800	5184.0	4877.0	3290.0	3530.0	1818.0	2009.0	5112.0	25718.0	20112.0	17642.0	37387.0	9837.0	26425.0	21372.0
PF3D7_0608900	451.0	439.0	453.0	349.0	205.0	156.0	509.0	1222.0	1086.0	591.0	1086.0	388.0	840.0	880.0
PF3D7_0609000	6004.0	6296.0	6394.0	4870.0	3569.0	3527.0	5145.0	9542.0	8012.0	5770.0	12822.0	4636.0	10035.0	9466.0
PF3D7_0609100	488.0	635.0	564.0	493.0	270.0	349.0	678.0	596.0	538.0	264.0	511.0	222.0	391.0	571.0
PF3D7_0609200	120.0	116.0	117.0	111.0	66.0	50.0	88.0	207.0	119.0	108.0	114.0	70.0	107.0	146.0
PF3D7_0609300	449.0	391.0	472.0	275.0	215.0	153.0	303.0	596.0	291.0	421.0	567.0	268.0	524.0	355.0
PF3D7_0609400	641.0	600.0	613.0	1079.0	651.0	429.0	628.0	896.0	633.0	1038.0	1037.0	763.0	781.0	881.0
PF3D7_0609500	84.0	78.0	105.0	94.0	52.0	61.0	96.0	83.0	57.0	60.0	52.0	50.0	45.0	84.0
PF3D7_0609600	144.0	185.0	149.0	132.0	79.0	77.0	89.0	142.0	81.0	117.0	89.0	106.0	87.0	182.0
PF3D7_0609700	5055.0	4361.0	6575.0	3943.0	4457.0	3066.0	3297.0	5449.0	2152.0	3971.0	2776.0	3055.0	1554.0	4753.0
PF3D7_0609800	223.0	205.0	175.0	139.0	85.0	58.0	216.0	122.0	97.0	82.0	89.0	76.0	91.0	147.0
PF3D7_0609900	734.0	595.0	906.0	478.0	589.0	386.0	476.0	1176.0	396.0	832.0	662.0	665.0	525.0	508.0
PF3D7_0610000	89.0	84.0	88.0	81.0	48.0	42.0	106.0	127.0	87.0	115.0	225.0	66.0	162.0	107.0
PF3D7_0610100	1056.0	777.0	1132.0	673.0	710.0	472.0	793.0	1493.0	780.0	1116.0	1386.0	828.0	860.0	1307.0
PF3D7_0610200	1222.0	1009.0	1525.0	1063.0	924.0	739.0	951.0	2183.0	1437.0	1826.0	2382.0	1322.0	1438.0	2019.0
PF3D7_0610400	13512.0	12970.0	19441.0	11103.0	8586.0	6292.0	15527.0	13615.0	13310.0	8048.0	30908.0	5094.0	20707.0	14351.0
PF3D7_0610500	1079.0	1605.0	1443.0	1009.0	784.0	455.0	1128.0	1201.0	1039.0	810.0	2393.0	555.0	1892.0	1105.0
PF3D7_0610600	507.0	335.0	464.0	295.0	230.0	143.0	312.0	1547.0	629.0	954.0	1016.0	623.0	695.0	709.0
PF3D7_0610700	134.0	165.0	186.0	160.0	130.0	94.0	212.0	205.0	197.0	122.0	205.0	110.0	182.0	183.0
PF3D7_0610800	3076.0	3032.0	3134.0	2572.0	2151.0	2013.0	2666.0	4135.0	3491.0	2886.0	5648.0	2138.0	3877.0	4643.0
PF3D7_0610900	3012.0	2307.0	3648.0	2027.0	2766.0	1434.0	2095.0	4772.0	2300.0	3897.0	3850.0	2880.0	2730.0	3495.0
PF3D7_0611000	55.0	34.0	76.0	39.0	26.0	25.0	48.0	57.0	23.0	31.0	40.0	27.0	42.0	41.0
PF3D7_0611100	27.0	21.0	18.0	24.0	19.0	0.0	36.0	13.0	34.0	37.0	17.0	19.0	0.0	12.0
PF3D7_0611200	124.0	105.0	118.0	86.0	63.0	43.0	122.0	217.0	153.0	119.0	244.0	99.0	174.0	110.0
PF3D7_0611300	147.0	118.0	93.0	86.0	45.0	32.0	145.0	150.0	114.0	89.0	186.0	65.0	171.0	60.0
PF3D7_0611400	749.0	571.0	921.0	546.0	675.0	338.0	507.0	1151.0	555.0	884.0	819.0	698.0	621.0	724.0
PF3D7_0611500	27.0	22.0	20.0	20.0	13.0	10.0	26.0	19.0	19.0	17.0	20.0	17.0	15.0	26.0
PF3D7_0611600	512.0	436.0	468.0	321.0	253.0	184.0	426.0	250.0	170.0	221.0	316.0	184.0	178.0	582.0
PF3D7_0611700	536.0	573.0	637.0	553.0	343.0	352.0	559.0	1303.0	1082.0	457.0	1173.0	358.0	916.0	1031.0
PF3D7_0611800	4641.0	3974.0	3872.0	2667.0	1825.0	1715.0	3851.0	5879.0	4397.0	4037.0	6515.0	2718.0	4771.0	6013.0
PF3D7_0611900	248.0	171.0	192.0	190.0	123.0	93.0	304.0	405.0	241.0	237.0	290.0	270.0	186.0	269.0
PF3D7_0612000	85.0	88.0	82.0	79.0	33.0	50.0	118.0	86.0	81.0	64.0	76.0	46.0	89.0	89.0
PF3D7_0612100	1356.0	1315.0	1449.0	806.0	906.0	695.0	1073.0	3234.0	1861.0	2158.0	2713.0	1710.0	2111.0	1905.0
PF3D7_0612200	2459.0	1485.0	2624.0	1205.0	1656.0	602.0	1526.0	1373.0	516.0	1228.0	1030.0	699.0	896.0	1688.0
PF3D7_0612300	19.0	10.0	16.0	0.0	11.0	0.0	30.0	27.0	18.0	17.0	15.0	0.0	19.0	0.0
PF3D7_0612400	77.0	64.0	70.0	45.0	36.0	32.0	63.0	80.0	51.0	38.0	54.0	26.0	54.0	61.0
PF3D7_0612500	37.0	38.0	49.0	37.0	33.0	21.0	60.0	62.0	22.0	38.0	23.0	23.0	16.0	71.0
PF3D7_0612600	267.0	239.0	331.0	186.0	145.0	138.0	300.0	662.0	304.0	363.0	362.0	248.0	220.0	326.0
PF3D7_0612700	450.0	484.0	337.0	250.0	121.0	150.0	407.0	195.0	182.0	110.0	241.0	65.0	202.0	525.0
PF3D7_0612800	279.0	230.0	321.0	191.0	162.0	135.0	258.0	546.0	295.0	261.0	343.0	203.0	257.0	338.0
PF3D7_0612900	3195.0	2120.0	3663.0	2030.0	2563.0	1468.0	1888.0	5542.0	2828.0	4640.0	4575.0	3245.0	2868.0	4797.0
PF3D7_0613000	122.0	110.0	132.0	79.0	51.0	51.0	135.0	185.0	193.0	80.0	378.0	55.0	278.0	100.0
PF3D7_0613100	125.0	102.0	157.0	109.0	70.0	48.0	143.0	207.0	148.0	88.0	147.0	65.0	109.0	128.0
PF3D7_0613200	13.0	21.0	27.0	21.0	0.0	0.0	26.0	17.0	29.0	12.0	20.0	12.0	18.0	0.0
PF3D7_0613300	547.0	636.0	536.0	305.0	226.0	172.0	278.0	271.0	248.0	194.0	191.0	108.0	128.0	670.0
PF3D7_0613400	317.0	173.0	284.0	165.0	159.0	82.0	240.0	223.0	195.0	141.0	429.0	79.0	332.0	222.0
PF3D7_0613500	488.0	350.0	450.0	286.0	200.0	150.0	419.0	762.0	327.0	511.0	572.0	361.0	470.0	481.0
PF3D7_0613600	675.0	406.0	577.0	273.0	340.0	165.0	410.0	774.0	271.0	602.0	378.0	423.0	307.0	416.0
PF3D7_0613700	667.0	479.0	638.0	375.0	383.0	239.0	424.0	1360.0	636.0	961.0	1184.0	622.0	921.0	839.0
PF3D7_0613800	8706.0	4590.0	8727.0	3229.0	3631.0	1780.0	4151.0	4331.0	2099.0	3222.0	4181.0	2103.0	3685.0	4310.0
PF3D7_0613900	1590.0	1679.0	1625.0	970.0	560.0	662.0	1256.0	1069.0	868.0	810.0	893.0	457.0	419.0	2347.0
PF3D7_0614000	310.0	318.0	274.0	262.0	131.0	181.0	339.0	396.0	262.0	213.0	609.0	153.0	574.0	373.0
PF3D7_0614100	397.0	390.0	302.0	305.0	156.0	179.0	257.0	337.0	215.0	204.0	262.0	144.0	142.0	378.0
PF3D7_0614200	367.0	357.0	373.0	359.0	247.0	248.0	282.0	702.0	486.0	423.0	643.0	309.0	484.0	561.0
PF3D7_0614300	2395.0	2525.0	2029.0	1714.0	1052.0	1386.0	2124.0	5522.0	3714.0	3298.0	6755.0	2264.0	5463.0	6626.0
PF3D7_0614400	679.0	664.0	641.0	510.0	451.0	450.0	616.0	1156.0	877.0	682.0	1095.0	487.0	670.0	1561.0
PF3D7_0614500	1623.0	2025.0	2348.0	1533.0	939.0	1084.0	2270.0	5797.0	6240.0	2698.0	5590.0	1937.0	3090.0	3510.0
PF3D7_0614600	86.0	120.0	117.0	102.0	45.0	58.0	126.0	80.0	56.0	46.0	54.0	43.0	49.0	104.0
PF3D7_0614700	277.0	227.0	296.0	204.0	134.0	111.0	218.0	164.0	104.0	109.0	145.0	66.0	85.0	280.0
PF3D7_0614800	230.0	158.0	218.0	194.0	118.0	80.0	231.0	548.0	357.0	362.0	600.0	276.0	348.0	417.0
PF3D7_0614900	469.0	399.0	460.0	278.0	269.0	199.0	389.0	413.0	233.0	251.0	419.0	144.0	400.0	421.0
PF3D7_0615000	117.0	98.0	218.0	137.0	142.0	83.0	118.0	223.0	91.0	173.0	141.0	171.0	51.0	112.0
PF3D7_0615100	111.0	132.0	105.0	110.0	48.0	49.0	105.0	89.0	58.0	78.0	73.0	56.0	49.0	102.0
PF3D7_0615200	59.0	46.0	80.0	82.0	51.0	54.0	74.0	41.0	22.0	43.0	72.0	50.0	29.0	64.0
PF3D7_0615300	275.0	283.0	256.0	230.0	128.0	120.0	206.0	283.0	167.0	154.0	266.0	108.0	252.0	276.0
PF3D7_0615400	4104.0	3720.0	4411.0	3448.0	2383.0	2479.0	3579.0	5012.0	3797.0	4059.0	6366.0	2877.0	4768.0	6020.0
PF3D7_0615500	709.0	566.0	691.0	385.0	347.0	271.0	553.0	562.0	305.0	373.0	720.0	258.0	671.0	693.0
PF3D7_0615600	1478.0	1497.0	1652.0	1194.0	1183.0	862.0	1058.0	2766.0	1673.0	1887.0	2623.0	1330.0	2212.0	2313.0
PF3D7_0615700	187.0	172.0	191.0	186.0	109.0	111.0	197.0	295.0	233.0	183.0	266.0	164.0	213.0	241.0
PF3D7_0615800	354.0	260.0	278.0	192.0	171.0	106.0	280.0	397.0	297.0	275.0	538.0	185.0	460.0	284.0
PF3D7_0615900	822.0	711.0	797.0	650.0	428.0	338.0	731.0	1276.0	729.0	868.0	1252.0	553.0	1080.0	912.0
PF3D7_0616000	312.0	192.0	268.0	125.0	165.0	90.0	210.0	825.0	223.0	684.0	448.0	382.0	359.0	319.0
PF3D7_0616100	94.0	66.0	121.0	71.0	101.0	59.0	67.0	255.0	122.0	145.0	125.0	106.0	75.0	143.0
PF3D7_0616200	710.0	593.0	852.0	502.0	454.0	242.0	737.0	801.0	588.0	567.0	1070.0	346.0	824.0	697.0
PF3D7_0616300	174.0	106.0	158.0	96.0	87.0	56.0	99.0	245.0	132.0	185.0	173.0	117.0	166.0	143.0
PF3D7_0616400	409.0	417.0	398.0	347.0	233.0	243.0	474.0	467.0	444.0	277.0	541.0	233.0	476.0	469.0
PF3D7_0616500	180.0	162.0	172.0	186.0	116.0	101.0	72.0	163.0	99.0	151.0	131.0	109.0	126.0	282.0
PF3D7_0616600	288.0	249.0	267.0	227.0	128.0	97.0	313.0	284.0	201.0	166.0	435.0	121.0	330.0	284.0
PF3D7_0616700	247.0	203.0	225.0	213.0	114.0	99.0	290.0	246.0	122.0	205.0	140.0	155.0	98.0	197.0
PF3D7_0616800	417.0	308.0	441.0	251.0	269.0	163.0	332.0	1090.0	399.0	654.0	589.0	459.0	472.0	547.0
PF3D7_0616900	752.0	631.0	882.0	623.0	499.0	468.0	551.0	1244.0	785.0	736.0	1081.0	526.0	713.0	825.0
PF3D7_0617000	439.0	358.0	396.0	294.0	244.0	217.0	364.0	1454.0	910.0	1032.0	1366.0	615.0	808.0	973.0
PF3D7_0617100	2246.0	2224.0	2188.0	1509.0	1191.0	1162.0	1778.0	2776.0	1693.0	1846.0	2341.0	1277.0	1660.0	2666.0
PF3D7_0617200	2775.0	2252.0	3144.0	2276.0	2139.0	1872.0	2257.0	6008.0	3701.0	5927.0	7917.0	3753.0	4352.0	5833.0
PF3D7_0617300	62.0	58.0	75.0	45.0	45.0	30.0	79.0	39.0	34.0	30.0	30.0	27.0	24.0	62.0
PF3D7_0617400	1033.0	998.0	1370.0	1654.0	1083.0	966.0	602.0	2014.0	1298.0	1761.0	1643.0	1172.0	806.0	3185.0
PF3D7_0617500	0.0	0.0	0.0	0.0	0.0	0.0	0.0	12.0	13.0	0.0	0.0	0.0	11.0	0.0
PF3D7_0617600	25.0	20.0	35.0	59.0	35.0	23.0	29.0	63.0	44.0	78.0	45.0	128.0	32.0	45.0
PF3D7_0617700	20.0	33.0	21.0	25.0	19.0	16.0	10.0	105.0	44.0	57.0	51.0	30.0	29.0	53.0
PF3D7_0617800	18999.0	17693.0	25232.0	13106.0	11125.0	8120.0	22952.0	19410.0	19889.0	10497.0	35604.0	6352.0	24364.0	19560.0
PF3D7_0617900	13990.0	13140.0	11956.0	8962.0	6267.0	5607.0	13938.0	12909.0	12351.0	8352.0	23074.0	5468.0	17459.0	15524.0
PF3D7_0618000	642.0	644.0	631.0	298.0	239.0	157.0	315.0	325.0	263.0	169.0	189.0	91.0	94.0	632.0
PF3D7_0618100	284.0	239.0	243.0	194.0	148.0	100.0	269.0	433.0	205.0	258.0	330.0	163.0	264.0	322.0
PF3D7_0618200	324.0	289.0	396.0	339.0	199.0	265.0	308.0	981.0	764.0	627.0	977.0	380.0	540.0	745.0
PF3D7_0618300	1840.0	1917.0	2455.0	2227.0	1470.0	1685.0	2677.0	6936.0	6293.0	3194.0	8676.0	1872.0	4474.0	6544.0
PF3D7_0618400	41.0	67.0	57.0	76.0	30.0	31.0	59.0	42.0	29.0	26.0	38.0	30.0	37.0	57.0
PF3D7_0618500	303.0	161.0	282.0	142.0	166.0	78.0	306.0	211.0	151.0	164.0	179.0	121.0	162.0	150.0
PF3D7_0618600	92.0	95.0	69.0	65.0	29.0	32.0	96.0	118.0	124.0	71.0	198.0	47.0	227.0	104.0
PF3D7_0618700	212.0	160.0	216.0	160.0	102.0	110.0	245.0	456.0	359.0	278.0	537.0	152.0	396.0	383.0
PF3D7_0618800	203.0	174.0	187.0	125.0	108.0	88.0	135.0	325.0	259.0	147.0	356.0	103.0	291.0	217.0
PF3D7_0618900	234.0	202.0	232.0	183.0	110.0	106.0	164.0	172.0	118.0	144.0	250.0	103.0	244.0	205.0
PF3D7_0619000	1693.0	1360.0	1892.0	1304.0	1005.0	988.0	1286.0	3386.0	1972.0	2708.0	3804.0	1864.0	2826.0	2847.0
PF3D7_0619100	111.0	92.0	138.0	75.0	69.0	54.0	106.0	213.0	119.0	134.0	115.0	125.0	96.0	127.0
PF3D7_0619200	1881.0	1660.0	2243.0	1609.0	1638.0	1329.0	1362.0	2247.0	1210.0	1786.0	1854.0	1376.0	1287.0	2495.0
PF3D7_0619300	1047.0	940.0	1179.0	971.0	660.0	513.0	884.0	1427.0	974.0	951.0	1450.0	861.0	1177.0	1388.0
PF3D7_0619400	4798.0	3852.0	3935.0	3035.0	2522.0	1990.0	3996.0	7943.0	5491.0	5904.0	10784.0	3855.0	8203.0	6760.0
PF3D7_0619500	431.0	334.0	454.0	305.0	257.0	243.0	249.0	1467.0	826.0	1118.0	1418.0	756.0	1098.0	955.0
PF3D7_0619600	117.0	110.0	127.0	94.0	67.0	49.0	87.0	253.0	167.0	145.0	250.0	112.0	228.0	160.0
PF3D7_0619700	243.0	192.0	271.0	162.0	142.0	112.0	208.0	163.0	116.0	83.0	162.0	92.0	146.0	199.0
PF3D7_0619800	774.0	696.0	917.0	543.0	506.0	439.0	492.0	1385.0	776.0	772.0	1132.0	504.0	876.0	1014.0
PF3D7_0619900	236.0	162.0	291.0	154.0	184.0	100.0	141.0	481.0	214.0	305.0	354.0	210.0	205.0	245.0
PF3D7_0620000	74.0	91.0	114.0	70.0	45.0	32.0	56.0	88.0	36.0	88.0	61.0	57.0	39.0	72.0
PF3D7_0620100	44.0	38.0	45.0	27.0	18.0	19.0	62.0	51.0	48.0	30.0	47.0	18.0	22.0	21.0
PF3D7_0620200	16.0	32.0	33.0	18.0	20.0	0.0	20.0	24.0	19.0	17.0	40.0	0.0	11.0	27.0
PF3D7_0620300	279.0	140.0	212.0	85.0	76.0	37.0	94.0	283.0	126.0	194.0	194.0	95.0	143.0	206.0
PF3D7_0620400	240.0	116.0	233.0	130.0	112.0	53.0	124.0	131.0	219.0	124.0	96.0	90.0	46.0	200.0
PF3D7_0620500	720.0	510.0	754.0	549.0	467.0	439.0	427.0	1303.0	739.0	995.0	1148.0	660.0	859.0	932.0
PF3D7_0620600	92.0	85.0	97.0	57.0	57.0	58.0	58.0	162.0	56.0	93.0	75.0	76.0	52.0	130.0
PF3D7_0620700	208.0	128.0	167.0	115.0	90.0	66.0	142.0	124.0	58.0	81.0	72.0	51.0	87.0	112.0
PF3D7_0620900	0.0	0.0	0.0	0.0	0.0	0.0	0.0	0.0	0.0	15.0	0.0	0.0	0.0	0.0
PF3D7_0621000	347.0	252.0	379.0	230.0	222.0	139.0	297.0	761.0	379.0	608.0	541.0	392.0	413.0	480.0
PF3D7_0621100	910.0	957.0	773.0	532.0	381.0	342.0	695.0	558.0	369.0	405.0	505.0	286.0	382.0	1066.0
PF3D7_0621200	1974.0	1831.0	2046.0	1413.0	1234.0	983.0	1840.0	12209.0	8908.0	9184.0	12764.0	6100.0	7078.0	9241.0
PF3D7_0621300	1603.0	1244.0	1840.0	1053.0	1309.0	736.0	1161.0	2979.0	1581.0	2043.0	2301.0	1525.0	1446.0	2416.0
PF3D7_0621350	17.0	0.0	10.0	29.0	10.0	0.0	12.0	0.0	0.0	29.0	10.0	11.0	0.0	0.0
PF3D7_0621400	305.0	281.0	301.0	205.0	132.0	107.0	172.0	273.0	175.0	165.0	163.0	125.0	103.0	347.0
PF3D7_0621500	156.0	166.0	186.0	128.0	110.0	90.0	116.0	254.0	203.0	152.0	279.0	88.0	194.0	219.0
PF3D7_0621600	0.0	10.0	28.0	14.0	16.0	0.0	10.0	12.0	0.0	0.0	12.0	0.0	0.0	0.0
PF3D7_0621700	441.0	487.0	464.0	381.0	286.0	231.0	441.0	768.0	654.0	540.0	981.0	447.0	745.0	913.0
PF3D7_0621800	1318.0	1348.0	1779.0	1340.0	1065.0	1031.0	1617.0	4887.0	3531.0	2771.0	4603.0	1789.0	2159.0	4269.0
PF3D7_0621900	1938.0	1466.0	2308.0	1207.0	1512.0	882.0	1278.0	3486.0	1692.0	2399.0	2496.0	1777.0	1742.0	2328.0
PF3D7_0622000	44.0	59.0	59.0	32.0	13.0	21.0	92.0	67.0	114.0	35.0	78.0	30.0	46.0	82.0
PF3D7_0622100	275.0	273.0	299.0	181.0	186.0	176.0	213.0	420.0	187.0	319.0	178.0	240.0	109.0	417.0
PF3D7_0622200	1593.0	1166.0	2023.0	1072.0	1444.0	854.0	938.0	3810.0	1546.0	2833.0	2468.0	2150.0	1592.0	2461.0
PF3D7_0622300	251.0	257.0	229.0	218.0	146.0	118.0	202.0	304.0	192.0	181.0	287.0	167.0	246.0	271.0
PF3D7_0622400	84.0	91.0	99.0	51.0	36.0	22.0	134.0	86.0	118.0	49.0	115.0	31.0	104.0	50.0
PF3D7_0622500	113.0	87.0	112.0	60.0	75.0	55.0	74.0	288.0	102.0	218.0	186.0	129.0	146.0	116.0
PF3D7_0622600	55.0	70.0	62.0	61.0	32.0	28.0	86.0	53.0	57.0	24.0	107.0	22.0	72.0	73.0
PF3D7_0622700	47.0	60.0	40.0	45.0	28.0	36.0	82.0	68.0	69.0	37.0	108.0	30.0	71.0	102.0
PF3D7_0622800	4929.0	4353.0	5040.0	3948.0	3359.0	3351.0	3468.0	11263.0	6532.0	8354.0	11555.0	5897.0	8653.0	11141.0
PF3D7_0622900	6339.0	4695.0	7625.0	4038.0	5257.0	3503.0	2451.0	9637.0	3276.0	7651.0	4493.0	6183.0	2899.0	3524.0
PF3D7_0623000	312.0	257.0	322.0	241.0	227.0	132.0	215.0	602.0	457.0	398.0	846.0	265.0	715.0	399.0
PF3D7_0623100	3258.0	2561.0	3323.0	2024.0	2139.0	1533.0	2419.0	5263.0	3071.0	3564.0	4915.0	2546.0	3418.0	4675.0
PF3D7_0623200	208.0	248.0	222.0	175.0	92.0	119.0	205.0	396.0	309.0	195.0	363.0	121.0	235.0	353.0
PF3D7_0623300	135.0	121.0	159.0	99.0	51.0	57.0	118.0	140.0	114.0	74.0	252.0	61.0	237.0	94.0
PF3D7_0623400	154.0	100.0	153.0	84.0	68.0	40.0	66.0	184.0	39.0	127.0	46.0	90.0	74.0	88.0
PF3D7_0623500	270.0	239.0	272.0	195.0	169.0	153.0	250.0	309.0	170.0	147.0	286.0	115.0	269.0	255.0
PF3D7_0623600	1105.0	959.0	1008.0	705.0	666.0	546.0	792.0	1414.0	755.0	1017.0	1371.0	789.0	1002.0	1160.0
PF3D7_0623700	437.0	468.0	415.0	434.0	188.0	266.0	391.0	578.0	520.0	302.0	799.0	229.0	618.0	820.0
PF3D7_0623800	8462.0	9607.0	9330.0	7488.0	5976.0	6504.0	5536.0	12305.0	7479.0	9001.0	9170.0	7149.0	6064.0	15637.0
PF3D7_0623900	451.0	475.0	364.0	389.0	186.0	352.0	390.0	596.0	508.0	297.0	868.0	181.0	560.0	821.0
PF3D7_0624000	1842.0	1974.0	1726.0	1384.0	1211.0	974.0	1719.0	4535.0	3100.0	3136.0	4912.0	2189.0	3937.0	4476.0
PF3D7_0624100	226.0	275.0	197.0	220.0	125.0	175.0	153.0	274.0	215.0	148.0	306.0	97.0	274.0	445.0
PF3D7_0624200	280.0	186.0	245.0	118.0	135.0	88.0	206.0	390.0	191.0	235.0	416.0	171.0	354.0	213.0
PF3D7_0624300	105.0	100.0	98.0	96.0	49.0	78.0	102.0	107.0	61.0	38.0	53.0	46.0	46.0	128.0
PF3D7_0624400	862.0	667.0	805.0	436.0	421.0	245.0	685.0	1602.0	756.0	990.0	1147.0	689.0	976.0	772.0
PF3D7_0624500	109.0	121.0	120.0	105.0	63.0	50.0	213.0	87.0	96.0	45.0	124.0	41.0	125.0	103.0
PF3D7_0624600	13130.0	10131.0	15933.0	7361.0	10399.0	5776.0	9092.0	24696.0	12714.0	18176.0	20394.0	14689.0	14904.0	17717.0
PF3D7_0624700	25.0	43.0	39.0	37.0	22.0	19.0	40.0	38.0	23.0	15.0	38.0	21.0	44.0	30.0
PF3D7_0624800	72.0	73.0	87.0	67.0	43.0	39.0	61.0	38.0	30.0	34.0	25.0	27.0	29.0	38.0
PF3D7_0624900	159.0	125.0	206.0	153.0	94.0	94.0	209.0	125.0	84.0	207.0	120.0	88.0	98.0	120.0
PF3D7_0625000	103.0	84.0	93.0	76.0	73.0	37.0	89.0	72.0	54.0	112.0	59.0	72.0	37.0	61.0
PF3D7_0625100	22.0	23.0	34.0	20.0	14.0	13.0	13.0	20.0	10.0	13.0	0.0	14.0	12.0	31.0
PF3D7_0625200	131.0	89.0	154.0	128.0	75.0	78.0	114.0	177.0	72.0	118.0	117.0	103.0	101.0	118.0
PF3D7_0625300	507.0	450.0	519.0	318.0	232.0	216.0	398.0	610.0	426.0	399.0	816.0	245.0	697.0	498.0
PF3D7_0625400	1198.0	1148.0	1187.0	919.0	954.0	820.0	760.0	2338.0	1359.0	1908.0	1760.0	1441.0	1148.0	3220.0
PF3D7_0625500	206.0	197.0	182.0	227.0	108.0	109.0	219.0	250.0	228.0	160.0	275.0	154.0	193.0	359.0
PF3D7_0625600	1947.0	1775.0	1616.0	1097.0	1144.0	832.0	952.0	2266.0	1160.0	1797.0	1670.0	1486.0	1274.0	2037.0
PF3D7_0625700	79.0	89.0	65.0	52.0	19.0	24.0	80.0	106.0	109.0	45.0	90.0	16.0	66.0	55.0
PF3D7_0625800	328.0	226.0	298.0	250.0	175.0	172.0	181.0	523.0	244.0	373.0	362.0	260.0	258.0	366.0
PF3D7_0625900	29.0	40.0	36.0	36.0	21.0	30.0	24.0	54.0	39.0	46.0	36.0	25.0	46.0	57.0
PF3D7_0626000	1032.0	1017.0	1050.0	597.0	840.0	501.0	639.0	2574.0	1601.0	1863.0	2423.0	1461.0	1930.0	2303.0
PF3D7_0626100	196.0	262.0	162.0	146.0	103.0	99.0	293.0	290.0	211.0	196.0	348.0	120.0	331.0	362.0
PF3D7_0626200	252.0	209.0	238.0	133.0	154.0	78.0	137.0	372.0	167.0	221.0	232.0	189.0	240.0	174.0
PF3D7_0626300	69.0	95.0	80.0	58.0	48.0	58.0	74.0	74.0	51.0	92.0	93.0	98.0	87.0	71.0
PF3D7_0626400	781.0	636.0	773.0	456.0	385.0	337.0	565.0	638.0	293.0	436.0	575.0	307.0	525.0	696.0
PF3D7_0626500	155.0	213.0	208.0	187.0	99.0	139.0	101.0	182.0	167.0	138.0	92.0	110.0	90.0	297.0
PF3D7_0626600	48.0	63.0	33.0	42.0	22.0	18.0	89.0	68.0	65.0	12.0	62.0	15.0	40.0	93.0
PF3D7_0626700	629.0	832.0	544.0	577.0	266.0	490.0	800.0	736.0	810.0	382.0	1002.0	296.0	818.0	858.0
PF3D7_0626800	4361.0	5606.0	3654.0	4239.0	2139.0	3420.0	4824.0	11991.0	10820.0	8435.0	20550.0	6004.0	17795.0	14320.0
PF3D7_0626900	111.0	117.0	123.0	103.0	47.0	64.0	114.0	157.0	131.0	76.0	190.0	48.0	122.0	142.0
PF3D7_0627000	65.0	101.0	58.0	72.0	27.0	57.0	109.0	53.0	60.0	43.0	40.0	38.0	30.0	110.0
PF3D7_0627100	5929.0	5603.0	5796.0	3963.0	3558.0	2997.0	4343.0	8458.0	4809.0	5861.0	7365.0	4371.0	5171.0	8007.0
PF3D7_0627200	31.0	37.0	50.0	34.0	39.0	21.0	66.0	47.0	47.0	28.0	34.0	13.0	41.0	35.0
PF3D7_0627300	1994.0	1536.0	2014.0	1419.0	1360.0	972.0	1861.0	2556.0	1561.0	2095.0	2789.0	1409.0	1812.0	2732.0
PF3D7_0627400	86.0	108.0	67.0	69.0	36.0	56.0	76.0	143.0	116.0	71.0	199.0	47.0	132.0	107.0
PF3D7_0627500	589.0	821.0	513.0	715.0	282.0	544.0	979.0	1508.0	1914.0	738.0	3022.0	470.0	2330.0	1456.0
PF3D7_0627600	255.0	195.0	221.0	191.0	114.0	87.0	264.0	270.0	137.0	224.0	159.0	181.0	132.0	212.0
PF3D7_0627700	4904.0	4326.0	4479.0	2624.0	3251.0	1961.0	3331.0	6559.0	3442.0	4513.0	5368.0	3808.0	4926.0	4496.0
PF3D7_0627800	3280.0	2965.0	2996.0	2039.0	2060.0	1429.0	2150.0	5072.0	3347.0	3976.0	5783.0	3029.0	4738.0	4124.0
PF3D7_0627900	512.0	482.0	459.0	354.0	266.0	238.0	496.0	622.0	371.0	363.0	493.0	299.0	328.0	672.0
PF3D7_0628000	35.0	59.0	43.0	48.0	20.0	37.0	55.0	86.0	106.0	40.0	113.0	31.0	82.0	106.0
PF3D7_0628100	6519.0	6956.0	4787.0	3795.0	1952.0	2088.0	3504.0	3091.0	2739.0	2368.0	2767.0	1409.0	1689.0	6974.0
PF3D7_0628200	7955.0	6446.0	9030.0	4881.0	5172.0	3381.0	5946.0	12228.0	6748.0	8369.0	10814.0	6221.0	7989.0	8992.0
PF3D7_0628300	3365.0	4236.0	2194.0	1870.0	1176.0	1320.0	3233.0	1570.0	1790.0	1327.0	3304.0	742.0	3520.0	2476.0
PF3D7_0628400	59.0	64.0	57.0	70.0	32.0	35.0	87.0	37.0	23.0	41.0	36.0	36.0	28.0	48.0
PF3D7_0628500	99.0	56.0	60.0	213.0	55.0	55.0	77.0	94.0	41.0	137.0	103.0	82.0	87.0	55.0
PF3D7_0628600	569.0	475.0	515.0	379.0	393.0	270.0	416.0	1007.0	540.0	694.0	741.0	456.0	547.0	709.0
PF3D7_0628700	247.0	164.0	254.0	175.0	156.0	113.0	245.0	416.0	217.0	263.0	325.0	231.0	263.0	338.0
PF3D7_0628800	263.0	225.0	216.0	153.0	105.0	81.0	216.0	456.0	316.0	309.0	700.0	232.0	538.0	303.0
PF3D7_0628900	300.0	242.0	273.0	215.0	153.0	119.0	277.0	628.0	373.0	333.0	582.0	245.0	445.0	305.0
PF3D7_0629000	55.0	24.0	57.0	26.0	22.0	19.0	33.0	77.0	57.0	37.0	76.0	23.0	59.0	63.0
PF3D7_0629100	688.0	569.0	513.0	421.0	316.0	351.0	524.0	716.0	663.0	516.0	1463.0	334.0	1123.0	733.0
PF3D7_0629200	2229.0	1018.0	1460.0	6223.0	2178.0	1561.0	1814.0	2807.0	1451.0	3979.0	2987.0	2868.0	1619.0	2167.0
PF3D7_0629300	184.0	208.0	143.0	137.0	80.0	62.0	147.0	196.0	163.0	195.0	169.0	111.0	94.0	267.0
PF3D7_0629400	845.0	657.0	747.0	489.0	450.0	207.0	851.0	3025.0	1588.0	1757.0	2267.0	1173.0	1648.0	1347.0
PF3D7_0629500	928.0	1002.0	902.0	715.0	532.0	578.0	948.0	1807.0	1462.0	1065.0	1717.0	730.0	1230.0	1656.0
PF3D7_0629600	313.0	299.0	286.0	213.0	155.0	157.0	196.0	434.0	317.0	196.0	245.0	159.0	184.0	368.0
PF3D7_0629700	10798.0	8589.0	12050.0	7158.0	6964.0	5700.0	7475.0	14883.0	9312.0	9214.0	15243.0	6745.0	12315.0	11808.0
PF3D7_0629800	1106.0	934.0	1160.0	861.0	843.0	587.0	859.0	1773.0	882.0	1453.0	1427.0	1059.0	1035.0	1592.0
PF3D7_0629900	508.0	517.0	544.0	441.0	342.0	307.0	473.0	711.0	432.0	422.0	559.0	316.0	405.0	711.0
PF3D7_0630000	14.0	0.0	15.0	23.0	11.0	12.0	13.0	15.0	16.0	18.0	0.0	34.0	0.0	16.0
PF3D7_0630100	209.0	101.0	177.0	75.0	125.0	60.0	88.0	476.0	136.0	359.0	168.0	218.0	102.0	126.0
PF3D7_0630200	0.0	0.0	14.0	0.0	0.0	0.0	19.0	0.0	0.0	10.0	0.0	0.0	0.0	0.0
PF3D7_0630300	919.0	815.0	742.0	624.0	420.0	450.0	622.0	928.0	840.0	690.0	2105.0	432.0	2083.0	861.0
PF3D7_0630400	99.0	88.0	101.0	66.0	42.0	29.0	97.0	39.0	43.0	45.0	48.0	36.0	27.0	89.0
PF3D7_0630500	426.0	349.0	465.0	290.0	294.0	178.0	236.0	978.0	647.0	495.0	800.0	350.0	556.0	563.0
PF3D7_0630600	1179.0	876.0	1225.0	722.0	695.0	431.0	939.0	1704.0	1011.0	1059.0	1531.0	761.0	1397.0	1084.0
PF3D7_0630700	215.0	120.0	247.0	144.0	111.0	82.0	84.0	603.0	167.0	385.0	267.0	253.0	227.0	248.0
PF3D7_0630800	84.0	81.0	83.0	107.0	40.0	42.0	81.0	74.0	61.0	49.0	40.0	70.0	29.0	94.0
PF3D7_0630900	902.0	603.0	990.0	549.0	659.0	430.0	604.0	1411.0	741.0	1141.0	1044.0	776.0	701.0	1170.0
PF3D7_0631000	29.0	38.0	34.0	30.0	0.0	11.0	33.0	33.0	34.0	21.0	23.0	12.0	0.0	18.0
PF3D7_0631100	11.0	23.0	17.0	26.0	16.0	10.0	38.0	19.0	29.0	0.0	24.0	0.0	0.0	32.0
PF3D7_0631200	0.0	0.0	0.0	11.0	0.0	0.0	0.0	0.0	0.0	16.0	0.0	11.0	0.0	10.0
PF3D7_0631800	56.0	52.0	97.0	67.0	43.0	33.0	28.0	104.0	55.0	64.0	83.0	34.0	19.0	91.0
PF3D7_0631900	16.0	24.0	32.0	39.0	20.0	13.0	26.0	119.0	54.0	80.0	76.0	33.0	40.0	115.0
PF3D7_0632000	18.0	17.0	33.0	42.0	30.0	17.0	0.0	170.0	114.0	92.0	62.0	54.0	40.0	103.0
PF3D7_0632100	14.0	23.0	25.0	20.0	12.0	11.0	0.0	41.0	20.0	0.0	16.0	0.0	16.0	30.0
PF3D7_0632200	107.0	49.0	127.0	70.0	73.0	23.0	35.0	1036.0	267.0	472.0	316.0	275.0	112.0	551.0
PF3D7_0632300	66.0	71.0	79.0	79.0	45.0	44.0	0.0	160.0	52.0	123.0	82.0	51.0	69.0	149.0
PF3D7_0632400	82.0	79.0	164.0	107.0	91.0	58.0	65.0	1387.0	377.0	621.0	390.0	316.0	207.0	1022.0
PF3D7_0632500	1655.0	1793.0	2478.0	2660.0	1547.0	1510.0	1090.0	4427.0	3032.0	3058.0	3282.0	2588.0	1923.0	6211.0
PF3D7_0632600	29.0	27.0	56.0	35.0	28.0	20.0	11.0	64.0	22.0	32.0	26.0	24.0	13.0	47.0
PF3D7_0632700	174.0	167.0	275.0	245.0	148.0	102.0	62.0	1002.0	531.0	580.0	455.0	292.0	255.0	661.0
PF3D7_0632800	1092.0	1079.0	1752.0	1705.0	1113.0	873.0	620.0	2492.0	1607.0	1684.0	1620.0	1288.0	948.0	3381.0
PF3D7_0700100	1574.0	1498.0	2096.0	2528.0	1602.0	1099.0	910.0	2904.0	1844.0	2322.0	2095.0	1770.0	1168.0	3865.0
PF3D7_0700200	18.0	24.0	19.0	42.0	31.0	24.0	27.0	128.0	64.0	91.0	57.0	43.0	28.0	133.0
PF3D7_0700300	0.0	0.0	0.0	0.0	0.0	0.0	0.0	28.0	13.0	0.0	0.0	11.0	0.0	11.0
PF3D7_0700400	0.0	0.0	0.0	22.0	0.0	0.0	0.0	216.0	68.0	67.0	67.0	37.0	20.0	123.0
PF3D7_0700500	63.0	76.0	82.0	90.0	52.0	53.0	27.0	194.0	137.0	103.0	80.0	104.0	62.0	130.0
PF3D7_0700800	0.0	0.0	17.0	0.0	0.0	0.0	0.0	2288.0	1561.0	811.0	1101.0	624.0	430.0	1403.0
PF3D7_0700900	0.0	0.0	11.0	0.0	0.0	0.0	0.0	11.0	0.0	13.0	0.0	0.0	0.0	10.0
PF3D7_0701100	13.0	16.0	17.0	15.0	15.0	0.0	12.0	74.0	33.0	45.0	21.0	28.0	13.0	52.0
PF3D7_0701200	18.0	23.0	28.0	34.0	23.0	18.0	0.0	45.0	11.0	41.0	14.0	15.0	10.0	56.0
PF3D7_0701400	20.0	15.0	25.0	18.0	28.0	22.0	11.0	22.0	0.0	0.0	11.0	12.0	0.0	24.0
PF3D7_0701600	28.0	40.0	64.0	26.0	30.0	14.0	28.0	2861.0	2384.0	1589.0	1861.0	966.0	789.0	1420.0
PF3D7_0701800	11.0	17.0	18.0	20.0	0.0	0.0	0.0	28.0	15.0	18.0	21.0	20.0	11.0	24.0
PF3D7_0701900	3766.0	2912.0	4832.0	2169.0	3741.0	1735.0	2821.0	902.0	557.0	1082.0	747.0	1004.0	266.0	1495.0
PF3D7_0702000	1717.0	1963.0	2311.0	1643.0	1130.0	1213.0	2076.0	437.0	375.0	258.0	271.0	261.0	147.0	818.0
PF3D7_0702100	1480.0	1119.0	1707.0	676.0	1087.0	534.0	1169.0	298.0	234.0	351.0	233.0	278.0	114.0	565.0
PF3D7_0702200	858.0	1014.0	589.0	509.0	424.0	448.0	564.0	1294.0	714.0	842.0	873.0	667.0	594.0	1630.0
PF3D7_0702300	4466.0	4267.0	4737.0	3252.0	3132.0	2855.0	3463.0	2124.0	1277.0	1857.0	1502.0	1626.0	828.0	2865.0
PF3D7_0702400	3612.0	3071.0	3265.0	1840.0	2750.0	1435.0	1867.0	12320.0	6133.0	9694.0	7890.0	7976.0	5354.0	9084.0
PF3D7_0702500	1818.0	1370.0	2052.0	961.0	1662.0	585.0	1225.0	8425.0	3087.0	5510.0	3427.0	4169.0	2035.0	4692.0
PF3D7_0702600	61.0	86.0	84.0	66.0	95.0	61.0	301.0	169.0	945.0	13.0	45.0	21.0	18.0	212.0
PF3D7_0702700	0.0	0.0	0.0	22.0	0.0	0.0	0.0	0.0	0.0	0.0	0.0	0.0	0.0	0.0
PF3D7_0702800	0.0	0.0	0.0	0.0	0.0	0.0	0.0	17.0	0.0	13.0	14.0	0.0	0.0	0.0
PF3D7_0702900	110.0	88.0	116.0	87.0	74.0	48.0	108.0	160.0	116.0	72.0	121.0	63.0	93.0	92.0
PF3D7_0703000	379.0	379.0	308.0	314.0	127.0	171.0	262.0	329.0	283.0	238.0	528.0	150.0	429.0	290.0
PF3D7_0703100	34.0	36.0	61.0	17.0	19.0	17.0	46.0	76.0	46.0	45.0	38.0	39.0	35.0	25.0
PF3D7_0703200	1390.0	1230.0	1047.0	989.0	595.0	639.0	1099.0	2012.0	1353.0	1130.0	2196.0	766.0	1873.0	1772.0
PF3D7_0703300	64.0	54.0	62.0	50.0	42.0	26.0	52.0	165.0	104.0	88.0	183.0	63.0	155.0	79.0
PF3D7_0703400	434.0	601.0	283.0	422.0	184.0	320.0	410.0	496.0	509.0	323.0	731.0	281.0	500.0	1035.0
PF3D7_0703500	11661.0	10831.0	11492.0	7202.0	7446.0	6075.0	7342.0	24773.0	14740.0	17900.0	23682.0	13206.0	17815.0	23866.0
PF3D7_0703600	278.0	293.0	356.0	188.0	149.0	101.0	323.0	236.0	169.0	155.0	266.0	118.0	179.0	250.0
PF3D7_0703700	1627.0	1284.0	1656.0	1044.0	1415.0	796.0	1013.0	3363.0	1787.0	2720.0	3137.0	1764.0	2187.0	2309.0
PF3D7_0703800	220.0	219.0	216.0	146.0	157.0	117.0	178.0	235.0	137.0	230.0	170.0	174.0	98.0	271.0
PF3D7_0703900	3319.0	2724.0	4221.0	2323.0	2654.0	1852.0	2326.0	6308.0	4296.0	3821.0	5292.0	3242.0	3595.0	4891.0
PF3D7_0704000	1269.0	1262.0	1519.0	1109.0	866.0	712.0	993.0	2428.0	1613.0	1435.0	2446.0	1160.0	2059.0	1634.0
PF3D7_0704100	2403.0	1661.0	2172.0	1240.0	993.0	679.0	1367.0	1053.0	814.0	675.0	883.0	470.0	591.0	1866.0
PF3D7_0704200	405.0	351.0	476.0	367.0	333.0	253.0	365.0	1403.0	637.0	896.0	1037.0	627.0	705.0	695.0
PF3D7_0704300	2164.0	1283.0	2367.0	952.0	1335.0	564.0	1317.0	1148.0	650.0	1116.0	1706.0	616.0	1784.0	1300.0
PF3D7_0704400	566.0	425.0	644.0	460.0	453.0	187.0	346.0	1015.0	413.0	851.0	835.0	565.0	602.0	584.0
PF3D7_0704500	1131.0	687.0	1187.0	431.0	602.0	260.0	543.0	504.0	345.0	346.0	354.0	241.0	166.0	715.0
PF3D7_0704600	9709.0	8209.0	10569.0	6839.0	6255.0	5024.0	7546.0	15038.0	9527.0	10958.0	16481.0	8104.0	11983.0	14077.0
PF3D7_0704700	548.0	395.0	667.0	409.0	333.0	253.0	319.0	836.0	410.0	570.0	578.0	378.0	467.0	517.0
PF3D7_0704800	688.0	492.0	660.0	338.0	349.0	186.0	403.0	795.0	311.0	612.0	414.0	386.0	339.0	554.0
PF3D7_0704900	127.0	86.0	117.0	94.0	66.0	50.0	104.0	233.0	112.0	159.0	181.0	95.0	171.0	136.0
PF3D7_0705000	1788.0	1560.0	2229.0	1579.0	1444.0	1284.0	1294.0	3118.0	1684.0	2374.0	2466.0	1857.0	1756.0	2646.0
PF3D7_0705100	453.0	297.0	475.0	268.0	252.0	133.0	249.0	226.0	130.0	220.0	194.0	125.0	130.0	293.0
PF3D7_0705200	142.0	109.0	125.0	99.0	53.0	65.0	83.0	189.0	171.0	115.0	204.0	98.0	154.0	117.0
PF3D7_0705300	520.0	376.0	498.0	282.0	230.0	175.0	357.0	503.0	368.0	327.0	738.0	207.0	571.0	478.0
PF3D7_0705400	1379.0	1056.0	1163.0	805.0	671.0	499.0	1015.0	1105.0	1095.0	804.0	3159.0	488.0	2894.0	1275.0
PF3D7_0705500	11574.0	9764.0	12822.0	7014.0	7044.0	5397.0	7340.0	12846.0	6527.0	8809.0	9457.0	6992.0	7535.0	9381.0
PF3D7_0705600	477.0	470.0	386.0	343.0	206.0	205.0	301.0	777.0	598.0	479.0	1005.0	358.0	688.0	820.0
PF3D7_0705700	356.0	571.0	471.0	286.0	179.0	179.0	544.0	933.0	1192.0	304.0	770.0	189.0	575.0	485.0
PF3D7_0705800	24.0	41.0	40.0	27.0	12.0	25.0	61.0	33.0	28.0	10.0	28.0	21.0	17.0	28.0
PF3D7_0705900	185.0	228.0	155.0	210.0	93.0	124.0	405.0	226.0	266.0	86.0	385.0	49.0	353.0	262.0
PF3D7_0706000	3231.0	2884.0	3409.0	1967.0	2519.0	1499.0	2433.0	4468.0	3031.0	3528.0	4886.0	2760.0	3898.0	3770.0
PF3D7_0706100	594.0	501.0	638.0	421.0	302.0	241.0	503.0	899.0	664.0	478.0	1039.0	293.0	934.0	752.0
PF3D7_0706200	34.0	24.0	40.0	23.0	17.0	20.0	58.0	67.0	63.0	28.0	72.0	11.0	61.0	39.0
PF3D7_0706300	43.0	67.0	54.0	36.0	11.0	18.0	44.0	40.0	35.0	28.0	35.0	16.0	12.0	76.0
PF3D7_0706400	1035.0	882.0	1435.0	1270.0	882.0	1036.0	1292.0	2917.0	2540.0	1614.0	3569.0	1162.0	1668.0	2686.0
PF3D7_0706500	6633.0	6503.0	8037.0	4459.0	4216.0	3465.0	5289.0	11928.0	8167.0	6879.0	10137.0	5601.0	7232.0	8320.0
PF3D7_0706600	137.0	139.0	81.0	108.0	53.0	88.0	102.0	177.0	138.0	101.0	168.0	90.0	132.0	192.0
PF3D7_0706700	185.0	197.0	175.0	170.0	123.0	134.0	133.0	167.0	107.0	133.0	137.0	89.0	114.0	292.0
PF3D7_0706800	0.0	0.0	0.0	0.0	0.0	0.0	0.0	0.0	0.0	16.0	0.0	0.0	0.0	0.0
PF3D7_0706900	0.0	0.0	0.0	0.0	0.0	0.0	0.0	0.0	0.0	0.0	0.0	24.0	0.0	0.0
PF3D7_0707000	0.0	0.0	0.0	0.0	40.0	0.0	28.0	19.0	91.0	0.0	0.0	0.0	0.0	18.0
PF3D7_0707200	962.0	640.0	1021.0	467.0	463.0	335.0	643.0	919.0	645.0	528.0	1068.0	326.0	1047.0	695.0
PF3D7_0707300	5951.0	5834.0	5530.0	2625.0	2176.0	1093.0	3389.0	1358.0	1773.0	940.0	1735.0	343.0	541.0	5006.0
PF3D7_0707400	570.0	459.0	569.0	339.0	335.0	200.0	394.0	1527.0	946.0	1273.0	1729.0	728.0	1169.0	1108.0
PF3D7_0707500	1402.0	1867.0	1617.0	984.0	1114.0	662.0	1077.0	1108.0	715.0	722.0	801.0	561.0	619.0	927.0
PF3D7_0707600	282.0	222.0	292.0	210.0	206.0	127.0	154.0	390.0	222.0	323.0	325.0	241.0	236.0	274.0
PF3D7_0707700	2020.0	1857.0	1928.0	1507.0	1190.0	1034.0	1817.0	3357.0	1967.0	2317.0	3380.0	1673.0	2501.0	3296.0
PF3D7_0707800	514.0	369.0	422.0	309.0	240.0	204.0	384.0	692.0	372.0	428.0	780.0	294.0	614.0	513.0
PF3D7_0707900	819.0	588.0	1006.0	615.0	564.0	404.0	623.0	1385.0	748.0	1128.0	977.0	806.0	598.0	846.0
PF3D7_0708000	609.0	469.0	455.0	373.0	318.0	251.0	566.0	729.0	525.0	499.0	983.0	405.0	781.0	617.0
PF3D7_0708100	161.0	162.0	232.0	81.0	75.0	37.0	209.0	409.0	321.0	162.0	158.0	162.0	108.0	112.0
PF3D7_0708200	340.0	321.0	382.0	288.0	209.0	200.0	230.0	428.0	253.0	336.0	311.0	317.0	179.0	506.0
PF3D7_0708300	171.0	126.0	205.0	128.0	106.0	98.0	79.0	441.0	192.0	372.0	204.0	268.0	174.0	190.0
PF3D7_0708400	29718.0	26493.0	34196.0	22159.0	20646.0	16551.0	22538.0	81831.0	64124.0	65456.0	119439.0	44217.0	70993.0	64050.0
PF3D7_0708500	1742.0	1045.0	2128.0	1053.0	1474.0	700.0	732.0	4302.0	1333.0	4209.0	2444.0	2967.0	1594.0	1629.0
PF3D7_0708600	17.0	25.0	38.0	27.0	20.0	19.0	36.0	33.0	19.0	29.0	21.0	15.0	15.0	47.0
PF3D7_0708700	264.0	230.0	248.0	125.0	117.0	103.0	322.0	325.0	210.0	230.0	304.0	164.0	213.0	292.0
PF3D7_0708800	8198.0	7109.0	8802.0	5402.0	5874.0	3965.0	5936.0	16774.0	12200.0	14610.0	22426.0	10136.0	14238.0	14389.0
PF3D7_0708900	343.0	368.0	310.0	249.0	173.0	199.0	319.0	392.0	269.0	178.0	332.0	157.0	272.0	571.0
PF3D7_0709000	1923.0	2401.0	1736.0	1627.0	1133.0	1323.0	1454.0	2886.0	1944.0	1880.0	2932.0	1314.0	2521.0	3076.0
PF3D7_0709050	439.0	300.0	558.0	485.0	352.0	246.0	605.0	336.0	320.0	258.0	339.0	174.0	136.0	376.0
PF3D7_0709100	811.0	732.0	690.0	559.0	334.0	338.0	706.0	747.0	625.0	515.0	1301.0	274.0	1182.0	833.0
PF3D7_0709200	53.0	43.0	59.0	60.0	46.0	30.0	48.0	64.0	37.0	49.0	53.0	25.0	44.0	49.0
PF3D7_0709300	1479.0	1572.0	1530.0	1295.0	1084.0	914.0	1157.0	2455.0	1809.0	1502.0	2743.0	1362.0	2378.0	2295.0
PF3D7_0709400	778.0	636.0	709.0	476.0	415.0	290.0	508.0	852.0	595.0	674.0	1307.0	447.0	1296.0	618.0
PF3D7_0709500	114.0	84.0	100.0	127.0	98.0	41.0	109.0	131.0	83.0	106.0	126.0	96.0	100.0	69.0
PF3D7_0709600	991.0	896.0	1274.0	881.0	744.0	665.0	581.0	1736.0	942.0	1318.0	1531.0	941.0	1030.0	1258.0
PF3D7_0709700	967.0	869.0	774.0	565.0	515.0	403.0	611.0	709.0	473.0	492.0	896.0	377.0	823.0	754.0
PF3D7_0709800	51.0	60.0	67.0	90.0	52.0	34.0	92.0	63.0	69.0	63.0	75.0	60.0	63.0	65.0
PF3D7_0709900	539.0	582.0	647.0	623.0	357.0	375.0	323.0	607.0	323.0	475.0	333.0	337.0	280.0	812.0
PF3D7_0710000	887.0	804.0	915.0	755.0	554.0	378.0	690.0	754.0	486.0	594.0	883.0	452.0	846.0	747.0
PF3D7_0710100	759.0	606.0	935.0	520.0	637.0	345.0	537.0	649.0	362.0	433.0	487.0	320.0	370.0	511.0
PF3D7_0710200	4149.0	2497.0	3990.0	2183.0	2117.0	1288.0	2752.0	5476.0	2622.0	4925.0	5171.0	3073.0	4144.0	3660.0
PF3D7_0710300	81.0	86.0	76.0	82.0	32.0	63.0	75.0	224.0	238.0	93.0	247.0	64.0	228.0	154.0
PF3D7_0710400	112.0	94.0	118.0	122.0	59.0	37.0	101.0	350.0	169.0	129.0	178.0	102.0	137.0	129.0
PF3D7_0710500	161.0	107.0	117.0	114.0	59.0	59.0	120.0	193.0	184.0	87.0	278.0	59.0	261.0	136.0
PF3D7_0710600	1020.0	898.0	1438.0	1075.0	781.0	813.0	1342.0	2884.0	2519.0	1983.0	3542.0	1172.0	1816.0	2751.0
PF3D7_0710700	654.0	481.0	878.0	592.0	516.0	434.0	541.0	965.0	543.0	799.0	780.0	603.0	416.0	1009.0
PF3D7_0710800	569.0	474.0	591.0	478.0	413.0	357.0	302.0	1025.0	501.0	655.0	705.0	491.0	578.0	787.0
PF3D7_0710900	278.0	278.0	288.0	265.0	161.0	211.0	211.0	439.0	308.0	240.0	373.0	169.0	329.0	450.0
PF3D7_0711000	1499.0	1404.0	1278.0	1105.0	631.0	756.0	1220.0	2957.0	2541.0	1785.0	4635.0	1136.0	3130.0	2741.0
PF3D7_0711100	397.0	326.0	358.0	178.0	233.0	112.0	177.0	323.0	137.0	227.0	174.0	198.0	164.0	278.0
PF3D7_0711200	307.0	311.0	210.0	216.0	146.0	121.0	247.0	378.0	303.0	264.0	358.0	226.0	269.0	384.0
PF3D7_0711300	74.0	55.0	98.0	50.0	73.0	27.0	64.0	169.0	82.0	90.0	88.0	83.0	74.0	72.0
PF3D7_0711400	684.0	375.0	678.0	390.0	437.0	195.0	446.0	1447.0	520.0	1255.0	989.0	811.0	710.0	796.0
PF3D7_0711500	965.0	663.0	1180.0	605.0	977.0	376.0	695.0	2669.0	1454.0	2026.0	2460.0	1519.0	1747.0	1708.0
PF3D7_0711700	1370.0	1583.0	2034.0	2289.0	1348.0	1346.0	773.0	3125.0	2228.0	2184.0	2017.0	1707.0	1261.0	4842.0
PF3D7_0711900	0.0	22.0	18.0	20.0	28.0	15.0	0.0	30.0	12.0	13.0	0.0	0.0	0.0	40.0
PF3D7_0712000	1207.0	1265.0	1780.0	1869.0	1154.0	892.0	627.0	2398.0	1440.0	1651.0	1391.0	1238.0	805.0	3031.0
PF3D7_0712200	48.0	31.0	44.0	39.0	26.0	25.0	18.0	110.0	70.0	58.0	27.0	31.0	23.0	89.0
PF3D7_0712300	1191.0	1371.0	1813.0	1777.0	1126.0	812.0	549.0	2584.0	1555.0	1690.0	1625.0	1294.0	972.0	3632.0
PF3D7_0712400	1153.0	1169.0	1685.0	1926.0	1078.0	1498.0	750.0	3306.0	2548.0	2434.0	2836.0	1879.0	1586.0	5790.0
PF3D7_0712500	103.0	103.0	107.0	98.0	68.0	79.0	62.0	196.0	185.0	125.0	86.0	71.0	63.0	134.0
PF3D7_0712600	1371.0	1523.0	2031.0	1980.0	1354.0	993.0	773.0	2951.0	1825.0	2043.0	2088.0	1461.0	1155.0	3779.0
PF3D7_0712800	856.0	898.0	1319.0	1306.0	746.0	605.0	439.0	1726.0	1178.0	1198.0	1055.0	986.0	631.0	2337.0
PF3D7_0712900	1300.0	1300.0	1753.0	1764.0	1065.0	868.0	604.0	2474.0	1405.0	1846.0	1459.0	1393.0	866.0	3239.0
PF3D7_0713000	38.0	57.0	39.0	52.0	37.0	34.0	18.0	61.0	45.0	60.0	37.0	38.0	24.0	64.0
PF3D7_0713100	36.0	40.0	74.0	21.0	37.0	22.0	12.0	5454.0	3539.0	2577.0	2715.0	1555.0	1444.0	2657.0
PF3D7_0713200	14.0	21.0	10.0	10.0	0.0	10.0	10.0	25.0	23.0	24.0	20.0	12.0	0.0	23.0
PF3D7_0713300	29.0	33.0	44.0	32.0	14.0	15.0	25.0	72.0	21.0	48.0	29.0	58.0	30.0	63.0
PF3D7_0713400	536.0	469.0	609.0	419.0	436.0	296.0	409.0	847.0	472.0	513.0	665.0	398.0	497.0	559.0
PF3D7_0713500	434.0	603.0	517.0	445.0	257.0	295.0	505.0	568.0	461.0	351.0	538.0	278.0	383.0	615.0
PF3D7_0713600	282.0	209.0	246.0	168.0	127.0	116.0	264.0	305.0	205.0	219.0	311.0	132.0	275.0	299.0
PF3D7_0713700	224.0	223.0	247.0	159.0	119.0	87.0	237.0	484.0	245.0	234.0	319.0	182.0	296.0	268.0
PF3D7_0713800	127.0	144.0	140.0	155.0	64.0	80.0	119.0	129.0	119.0	76.0	103.0	71.0	89.0	184.0
PF3D7_0713900	5148.0	5015.0	5430.0	3794.0	3049.0	3120.0	3451.0	12204.0	7708.0	8043.0	10072.0	6050.0	6965.0	9520.0
PF3D7_0714000	730.0	953.0	936.0	577.0	360.0	322.0	1183.0	808.0	955.0	473.0	1026.0	321.0	676.0	668.0
PF3D7_0714100	170.0	199.0	156.0	165.0	92.0	96.0	101.0	125.0	71.0	129.0	112.0	80.0	76.0	219.0
PF3D7_0714200	2318.0	1851.0	2656.0	1387.0	1483.0	980.0	1574.0	3093.0	1554.0	2362.0	2382.0	2045.0	1779.0	2184.0
PF3D7_0714300	1125.0	978.0	1290.0	837.0	791.0	596.0	812.0	1637.0	969.0	1002.0	1085.0	756.0	1032.0	1154.0
PF3D7_0714400	147.0	132.0	144.0	140.0	55.0	65.0	150.0	152.0	112.0	78.0	139.0	50.0	109.0	138.0
PF3D7_0714500	609.0	619.0	893.0	516.0	481.0	362.0	577.0	1223.0	797.0	629.0	956.0	481.0	626.0	827.0
PF3D7_0714600	1031.0	911.0	1266.0	911.0	812.0	677.0	789.0	1785.0	843.0	1185.0	1155.0	926.0	747.0	1401.0
PF3D7_0714900	13.0	0.0	41.0	0.0	16.0	0.0	16.0	22.0	10.0	17.0	0.0	0.0	0.0	18.0
PF3D7_0715000	464.0	508.0	502.0	410.0	341.0	369.0	413.0	561.0	489.0	319.0	647.0	213.0	465.0	624.0
PF3D7_0715100	28.0	10.0	25.0	18.0	10.0	12.0	33.0	17.0	10.0	15.0	10.0	16.0	0.0	14.0
PF3D7_0715200	2496.0	1704.0	2217.0	1364.0	1232.0	678.0	1872.0	1621.0	850.0	1168.0	2207.0	821.0	1958.0	1433.0
PF3D7_0715300	212.0	157.0	187.0	108.0	130.0	74.0	174.0	95.0	57.0	158.0	126.0	74.0	131.0	144.0
PF3D7_0715400	63.0	81.0	77.0	68.0	34.0	35.0	94.0	69.0	53.0	54.0	100.0	33.0	90.0	45.0
PF3D7_0715500	42.0	57.0	60.0	45.0	20.0	16.0	98.0	56.0	66.0	34.0	92.0	34.0	84.0	27.0
PF3D7_0715600	521.0	458.0	451.0	369.0	302.0	245.0	487.0	686.0	512.0	504.0	1371.0	304.0	1216.0	593.0
PF3D7_0715700	18.0	10.0	16.0	16.0	0.0	0.0	29.0	21.0	22.0	0.0	22.0	0.0	18.0	12.0
PF3D7_0715800	538.0	442.0	413.0	527.0	307.0	222.0	523.0	633.0	432.0	491.0	888.0	308.0	734.0	507.0
PF3D7_0715900	616.0	536.0	528.0	455.0	345.0	193.0	502.0	779.0	537.0	514.0	949.0	415.0	1017.0	426.0
PF3D7_0716000	3103.0	2354.0	3138.0	2320.0	1875.0	1795.0	2350.0	4438.0	2783.0	3366.0	5275.0	2523.0	3558.0	4073.0
PF3D7_0716100	1399.0	1022.0	1846.0	1119.0	1131.0	749.0	886.0	2625.0	1355.0	2048.0	1915.0	1500.0	1091.0	1971.0
PF3D7_0716200	6280.0	4482.0	8060.0	3820.0	5139.0	2969.0	3740.0	6858.0	3170.0	5477.0	4445.0	4497.0	2887.0	5532.0
PF3D7_0716300	2890.0	2525.0	2324.0	1750.0	1170.0	1169.0	3081.0	4112.0	4104.0	2717.0	9232.0	1545.0	7653.0	4363.0
PF3D7_0716400	238.0	214.0	269.0	200.0	121.0	86.0	328.0	243.0	192.0	147.0	377.0	105.0	268.0	207.0
PF3D7_0716500	154.0	151.0	165.0	137.0	117.0	69.0	164.0	314.0	179.0	205.0	357.0	118.0	268.0	204.0
PF3D7_0716600	164.0	145.0	146.0	125.0	92.0	97.0	186.0	216.0	160.0	144.0	268.0	87.0	203.0	195.0
PF3D7_0716700	325.0	289.0	279.0	256.0	153.0	130.0	200.0	558.0	281.0	325.0	480.0	211.0	399.0	393.0
PF3D7_0716800	2073.0	1915.0	2184.0	1597.0	1346.0	1304.0	1744.0	4483.0	3234.0	2813.0	5619.0	2016.0	4269.0	4096.0
PF3D7_0716900	371.0	395.0	358.0	357.0	190.0	222.0	473.0	848.0	710.0	440.0	952.0	277.0	745.0	837.0
PF3D7_0717000	114.0	98.0	92.0	193.0	91.0	69.0	134.0	78.0	60.0	249.0	180.0	206.0	95.0	78.0
PF3D7_0717100	871.0	541.0	474.0	1638.0	815.0	492.0	735.0	654.0	552.0	1256.0	1280.0	959.0	997.0	691.0
PF3D7_0717200	542.0	330.0	583.0	344.0	290.0	183.0	386.0	601.0	312.0	518.0	502.0	351.0	336.0	397.0
PF3D7_0717300	547.0	505.0	582.0	526.0	349.0	287.0	692.0	884.0	619.0	521.0	659.0	402.0	381.0	755.0
PF3D7_0717400	835.0	660.0	871.0	670.0	670.0	548.0	647.0	2998.0	1631.0	2376.0	2398.0	1519.0	1390.0	2138.0
PF3D7_0717500	920.0	856.0	830.0	520.0	398.0	360.0	806.0	1003.0	610.0	788.0	738.0	464.0	593.0	1326.0
PF3D7_0717600	966.0	726.0	820.0	454.0	434.0	315.0	700.0	636.0	361.0	440.0	746.0	309.0	709.0	727.0
PF3D7_0717700	1310.0	1221.0	1406.0	1136.0	908.0	1028.0	1331.0	2858.0	2162.0	1874.0	3388.0	1319.0	2280.0	3512.0
PF3D7_0717800	365.0	486.0	443.0	432.0	293.0	258.0	200.0	817.0	344.0	589.0	465.0	389.0	367.0	753.0
PF3D7_0717900	299.0	214.0	282.0	218.0	155.0	139.0	270.0	753.0	407.0	562.0	682.0	306.0	467.0	550.0
PF3D7_0718000	682.0	792.0	698.0	695.0	401.0	429.0	491.0	729.0	549.0	556.0	547.0	422.0	458.0	847.0
PF3D7_0718100	1165.0	975.0	880.0	818.0	574.0	491.0	857.0	1110.0	601.0	839.0	1337.0	456.0	1421.0	966.0
PF3D7_0718300	127.0	175.0	121.0	171.0	96.0	81.0	86.0	150.0	79.0	166.0	128.0	146.0	90.0	173.0
PF3D7_0718400	187.0	144.0	246.0	97.0	109.0	49.0	194.0	612.0	137.0	262.0	157.0	228.0	107.0	146.0
PF3D7_0718500	598.0	533.0	487.0	562.0	265.0	268.0	626.0	748.0	579.0	424.0	942.0	286.0	754.0	655.0
PF3D7_0718600	226.0	266.0	230.0	196.0	143.0	132.0	125.0	297.0	162.0	202.0	211.0	149.0	138.0	308.0
PF3D7_0718700	54.0	54.0	40.0	44.0	14.0	22.0	56.0	94.0	90.0	49.0	134.0	27.0	131.0	51.0
PF3D7_0718800	11.0	13.0	0.0	17.0	0.0	0.0	10.0	0.0	0.0	12.0	0.0	11.0	0.0	0.0
PF3D7_0718900	0.0	0.0	0.0	25.0	0.0	0.0	0.0	0.0	0.0	0.0	0.0	0.0	0.0	0.0
PF3D7_0719000	56.0	61.0	79.0	49.0	40.0	28.0	72.0	114.0	64.0	82.0	83.0	41.0	32.0	56.0
PF3D7_0719100	100.0	117.0	99.0	78.0	50.0	36.0	137.0	107.0	86.0	43.0	121.0	29.0	184.0	65.0
PF3D7_0719200	111.0	78.0	80.0	110.0	65.0	50.0	128.0	42.0	36.0	45.0	46.0	32.0	34.0	66.0
PF3D7_0719300	1798.0	1448.0	1883.0	1382.0	1250.0	988.0	1126.0	3671.0	1771.0	2576.0	2907.0	1923.0	2245.0	2551.0
PF3D7_0719400	1332.0	1079.0	1200.0	967.0	574.0	491.0	1496.0	1325.0	717.0	877.0	1231.0	622.0	916.0	1407.0
PF3D7_0719500	435.0	376.0	403.0	303.0	216.0	219.0	361.0	465.0	363.0	279.0	800.0	215.0	577.0	490.0
PF3D7_0719600	1509.0	1412.0	1882.0	1722.0	1239.0	1285.0	2101.0	6111.0	4803.0	3298.0	6104.0	2074.0	3126.0	5801.0
PF3D7_0719700	1169.0	1312.0	1333.0	1201.0	762.0	813.0	1557.0	3182.0	2978.0	1386.0	3280.0	1138.0	2160.0	2658.0
PF3D7_0719800	163.0	169.0	171.0	157.0	105.0	95.0	110.0	295.0	157.0	240.0	246.0	164.0	197.0	251.0
PF3D7_0719900	2809.0	2724.0	2543.0	2493.0	1463.0	1874.0	1981.0	3747.0	2923.0	2503.0	5375.0	1806.0	4393.0	4170.0
PF3D7_0720000	188.0	158.0	198.0	120.0	90.0	91.0	238.0	440.0	248.0	236.0	343.0	165.0	238.0	269.0
PF3D7_0720100	490.0	270.0	551.0	307.0	382.0	245.0	344.0	628.0	293.0	472.0	397.0	374.0	212.0	450.0
PF3D7_0720200	158.0	133.0	226.0	97.0	115.0	64.0	194.0	420.0	307.0	209.0	302.0	163.0	146.0	195.0
PF3D7_0720400	604.0	455.0	607.0	490.0	333.0	283.0	406.0	1536.0	1013.0	1199.0	1863.0	713.0	1429.0	936.0
PF3D7_0720500	71.0	86.0	112.0	88.0	42.0	17.0	105.0	115.0	86.0	68.0	90.0	45.0	93.0	67.0
PF3D7_0720600	499.0	430.0	472.0	378.0	258.0	306.0	575.0	678.0	497.0	424.0	884.0	266.0	712.0	606.0
PF3D7_0720700	4936.0	4189.0	5597.0	3186.0	3160.0	2441.0	3793.0	6418.0	2923.0	4605.0	3820.0	3454.0	2836.0	5223.0
PF3D7_0720800	164.0	120.0	157.0	115.0	71.0	63.0	202.0	285.0	337.0	154.0	581.0	71.0	499.0	261.0
PF3D7_0720900	218.0	214.0	190.0	174.0	117.0	116.0	241.0	289.0	247.0	131.0	492.0	82.0	408.0	293.0
PF3D7_0721000	1598.0	1793.0	1829.0	1568.0	835.0	976.0	1527.0	2763.0	2031.0	1591.0	3165.0	1110.0	2594.0	2520.0
PF3D7_0721100	590.0	789.0	438.0	486.0	179.0	255.0	1060.0	1129.0	1746.0	556.0	2647.0	366.0	2283.0	1093.0
PF3D7_0721200	230.0	250.0	315.0	242.0	170.0	110.0	210.0	276.0	200.0	189.0	262.0	146.0	224.0	197.0
PF3D7_0721300	1840.0	1472.0	2216.0	1248.0	1549.0	928.0	1254.0	3247.0	1545.0	2736.0	2242.0	2128.0	1433.0	2105.0
PF3D7_0721400	243.0	210.0	205.0	153.0	119.0	95.0	224.0	461.0	321.0	208.0	503.0	146.0	546.0	258.0
PF3D7_0721500	196.0	151.0	193.0	143.0	122.0	91.0	153.0	174.0	77.0	116.0	128.0	80.0	135.0	184.0
PF3D7_0721600	2629.0	3016.0	3125.0	2857.0	1837.0	2433.0	3461.0	8017.0	8558.0	4171.0	11531.0	2723.0	6827.0	10148.0
PF3D7_0721700	224.0	203.0	128.0	130.0	64.0	84.0	264.0	92.0	98.0	98.0	138.0	63.0	92.0	212.0
PF3D7_0721800	544.0	463.0	508.0	359.0	308.0	246.0	475.0	1272.0	795.0	593.0	1049.0	435.0	919.0	765.0
PF3D7_0721900	202.0	241.0	272.0	159.0	106.0	92.0	228.0	353.0	280.0	124.0	293.0	104.0	188.0	322.0
PF3D7_0722000	500.0	406.0	467.0	373.0	244.0	226.0	499.0	630.0	491.0	346.0	691.0	238.0	443.0	789.0
PF3D7_0722100	165.0	150.0	164.0	139.0	110.0	122.0	138.0	267.0	174.0	210.0	222.0	166.0	188.0	208.0
PF3D7_0722200	2001.0	1924.0	2023.0	1015.0	760.0	445.0	1181.0	815.0	654.0	458.0	687.0	170.0	235.0	1954.0
PF3D7_0722300	873.0	802.0	852.0	590.0	479.0	463.0	592.0	1171.0	695.0	695.0	950.0	565.0	699.0	1028.0
PF3D7_0722400	1301.0	1361.0	1482.0	1151.0	920.0	949.0	1209.0	2670.0	2529.0	1750.0	4332.0	1132.0	3167.0	2754.0
PF3D7_0722500	655.0	636.0	748.0	672.0	479.0	453.0	554.0	1295.0	728.0	1037.0	1248.0	715.0	753.0	1608.0
PF3D7_0722600	1363.0	1074.0	1744.0	1205.0	1182.0	873.0	950.0	2042.0	976.0	1615.0	1593.0	1176.0	1013.0	1782.0
PF3D7_0722700	117.0	126.0	154.0	74.0	75.0	48.0	115.0	193.0	130.0	59.0	111.0	54.0	82.0	100.0
PF3D7_0722800	165.0	135.0	142.0	133.0	92.0	93.0	72.0	111.0	75.0	113.0	86.0	75.0	79.0	174.0
PF3D7_0722900	26.0	27.0	42.0	35.0	30.0	0.0	44.0	26.0	24.0	21.0	34.0	15.0	0.0	25.0
PF3D7_0723000	161.0	158.0	172.0	140.0	88.0	86.0	101.0	336.0	158.0	207.0	203.0	132.0	216.0	200.0
PF3D7_0723100	24.0	50.0	57.0	34.0	53.0	23.0	105.0	122.0	247.0	15.0	14.0	21.0	11.0	86.0
PF3D7_0723200	20.0	12.0	0.0	31.0	14.0	15.0	18.0	10.0	0.0	19.0	11.0	14.0	0.0	13.0
PF3D7_0723300	533.0	408.0	618.0	330.0	347.0	206.0	326.0	554.0	251.0	381.0	362.0	230.0	248.0	592.0
PF3D7_0723400	5783.0	4413.0	7064.0	4035.0	4823.0	3085.0	3917.0	7854.0	4332.0	6148.0	7073.0	4867.0	4567.0	7220.0
PF3D7_0723500	66.0	49.0	72.0	50.0	59.0	26.0	53.0	108.0	44.0	48.0	49.0	61.0	30.0	54.0
PF3D7_0723600	132.0	123.0	181.0	135.0	115.0	68.0	118.0	299.0	215.0	144.0	226.0	114.0	171.0	183.0
PF3D7_0723700	670.0	475.0	646.0	466.0	478.0	272.0	500.0	1428.0	635.0	1113.0	952.0	781.0	727.0	967.0
PF3D7_0723800	3757.0	2497.0	3450.0	1783.0	1700.0	990.0	2439.0	3012.0	2171.0	1971.0	4334.0	1082.0	3785.0	2811.0
PF3D7_0723900	1347.0	960.0	1530.0	956.0	972.0	674.0	829.0	2825.0	1547.0	2697.0	3029.0	1873.0	2100.0	2216.0
PF3D7_0724000	302.0	251.0	367.0	257.0	154.0	136.0	237.0	311.0	208.0	253.0	274.0	153.0	244.0	400.0
PF3D7_0724100	2791.0	1910.0	2844.0	1607.0	1575.0	1164.0	1908.0	6061.0	3180.0	4440.0	6545.0	2593.0	3974.0	4426.0
PF3D7_0724200	264.0	181.0	280.0	199.0	154.0	133.0	119.0	652.0	364.0	455.0	559.0	327.0	399.0	364.0
PF3D7_0724300	143.0	97.0	145.0	84.0	78.0	58.0	91.0	225.0	119.0	111.0	185.0	88.0	143.0	159.0
PF3D7_0724400	105.0	109.0	180.0	80.0	112.0	69.0	135.0	173.0	111.0	72.0	106.0	61.0	57.0	91.0
PF3D7_0724500	55.0	64.0	67.0	62.0	40.0	40.0	53.0	77.0	29.0	31.0	38.0	31.0	23.0	79.0
PF3D7_0724600	589.0	520.0	663.0	390.0	341.0	260.0	477.0	797.0	575.0	530.0	820.0	363.0	725.0	640.0
PF3D7_0724700	2587.0	2621.0	2892.0	1980.0	1995.0	1603.0	2008.0	4356.0	2999.0	2703.0	4569.0	2205.0	3724.0	3938.0
PF3D7_0724800	150.0	156.0	177.0	120.0	103.0	61.0	207.0	213.0	162.0	114.0	225.0	89.0	201.0	121.0
PF3D7_0724900	715.0	716.0	639.0	608.0	416.0	391.0	405.0	515.0	330.0	454.0	411.0	316.0	332.0	939.0
PF3D7_0725000	684.0	667.0	660.0	531.0	418.0	272.0	475.0	736.0	628.0	611.0	1213.0	433.0	1099.0	907.0
PF3D7_0725100	941.0	966.0	1133.0	700.0	701.0	549.0	611.0	1260.0	881.0	907.0	1168.0	758.0	939.0	1136.0
PF3D7_0725200	225.0	280.0	231.0	187.0	122.0	107.0	216.0	238.0	261.0	117.0	268.0	78.0	260.0	264.0
PF3D7_0725300	481.0	467.0	687.0	350.0	448.0	233.0	273.0	947.0	757.0	704.0	1037.0	558.0	619.0	904.0
PF3D7_0725400	199.0	215.0	139.0	112.0	52.0	56.0	255.0	101.0	198.0	51.0	76.0	31.0	41.0	208.0
PF3D7_0725600	27798.0	33279.0	55618.0	44939.0	18198.0	27883.0	54743.0	58219.0	42169.0	38620.0	51246.0	37574.0	49625.0	45181.0
PF3D7_0726000	407273.0	695879.0	853332.0	756452.0	351259.0	800979.0	866995.0	1046596.0	1086587.0	527965.0	1019796.0	606730.0	875424.0	1009132.0
PF3D7_0726050	66.0	83.0	77.0	95.0	29.0	80.0	98.0	66.0	83.0	35.0	57.0	38.0	38.0	176.0
PF3D7_0726100	2697.0	2957.0	2753.0	2507.0	1626.0	2146.0	2458.0	1700.0	1178.0	1196.0	1256.0	994.0	718.0	3112.0
PF3D7_0726200	574.0	451.0	702.0	691.0	354.0	463.0	722.0	2679.0	1014.0	2064.0	1102.0	1723.0	596.0	1318.0
PF3D7_0726300	1056.0	917.0	1032.0	754.0	700.0	660.0	655.0	1006.0	695.0	742.0	1175.0	476.0	1027.0	1155.0
PF3D7_0726400	1782.0	1757.0	1949.0	1384.0	1085.0	925.0	1451.0	2347.0	1834.0	1424.0	2723.0	1061.0	2342.0	1915.0
PF3D7_0726500	6455.0	6366.0	5696.0	4803.0	2848.0	3463.0	6387.0	7806.0	5755.0	4734.0	9786.0	3536.0	7920.0	8021.0
PF3D7_0726600	243.0	222.0	179.0	185.0	135.0	123.0	211.0	277.0	163.0	207.0	380.0	133.0	322.0	245.0
PF3D7_0726700	96.0	85.0	94.0	74.0	41.0	30.0	112.0	142.0	79.0	64.0	114.0	42.0	96.0	95.0
PF3D7_0726800	16.0	17.0	21.0	10.0	0.0	0.0	16.0	40.0	27.0	22.0	40.0	24.0	31.0	16.0
PF3D7_0726900	529.0	289.0	442.0	260.0	270.0	188.0	403.0	1440.0	602.0	892.0	1097.0	577.0	805.0	683.0
PF3D7_0727000	403.0	353.0	388.0	274.0	205.0	182.0	294.0	623.0	386.0	479.0	704.0	335.0	573.0	487.0
PF3D7_0727100	407.0	324.0	475.0	254.0	252.0	171.0	364.0	688.0	368.0	463.0	716.0	267.0	490.0	490.0
PF3D7_0727200	673.0	547.0	666.0	501.0	423.0	393.0	355.0	1221.0	623.0	993.0	1033.0	614.0	635.0	829.0
PF3D7_0727300	313.0	283.0	415.0	311.0	197.0	174.0	303.0	491.0	321.0	366.0	441.0	257.0	309.0	348.0
PF3D7_0727400	710.0	758.0	557.0	533.0	335.0	393.0	626.0	1324.0	1098.0	726.0	2054.0	478.0	1942.0	1187.0
PF3D7_0727500	239.0	192.0	240.0	153.0	124.0	84.0	159.0	486.0	193.0	294.0	366.0	153.0	370.0	248.0
PF3D7_0727600	199.0	163.0	190.0	131.0	85.0	92.0	143.0	453.0	267.0	316.0	380.0	204.0	271.0	291.0
PF3D7_0727700	223.0	149.0	204.0	155.0	123.0	86.0	137.0	295.0	216.0	202.0	298.0	139.0	219.0	190.0
PF3D7_0727800	1656.0	1502.0	1381.0	1266.0	764.0	936.0	1516.0	3568.0	2613.0	2127.0	4516.0	1358.0	3888.0	3692.0
PF3D7_0727900	1332.0	1235.0	1555.0	960.0	1000.0	793.0	945.0	2385.0	1139.0	1456.0	1345.0	1340.0	1138.0	1472.0
PF3D7_0728000	2367.0	1843.0	2318.0	1422.0	1540.0	1034.0	1914.0	3719.0	2605.0	2821.0	4789.0	1905.0	3439.0	3135.0
PF3D7_0728100	1036.0	1135.0	1092.0	848.0	523.0	521.0	978.0	925.0	867.0	663.0	1632.0	501.0	1713.0	1162.0
PF3D7_0728200	111.0	106.0	139.0	136.0	96.0	69.0	67.0	93.0	62.0	80.0	112.0	67.0	80.0	150.0
PF3D7_0728300	197.0	135.0	147.0	134.0	127.0	86.0	150.0	323.0	147.0	170.0	287.0	91.0	200.0	175.0
PF3D7_0728400	74.0	72.0	91.0	82.0	49.0	36.0	82.0	83.0	61.0	54.0	131.0	26.0	112.0	62.0
PF3D7_0728500	50.0	41.0	38.0	48.0	37.0	34.0	68.0	35.0	30.0	49.0	33.0	33.0	19.0	34.0
PF3D7_0728600	1834.0	1339.0	1965.0	1283.0	1161.0	745.0	1308.0	1489.0	648.0	1190.0	1280.0	718.0	1138.0	1523.0
PF3D7_0728700	240.0	244.0	262.0	230.0	161.0	160.0	210.0	290.0	137.0	187.0	167.0	137.0	116.0	253.0
PF3D7_0728800	309.0	256.0	299.0	216.0	140.0	155.0	306.0	464.0	423.0	323.0	841.0	212.0	589.0	466.0
PF3D7_0728900	544.0	476.0	647.0	499.0	296.0	379.0	523.0	714.0	480.0	488.0	854.0	274.0	566.0	682.0
PF3D7_0729000	129.0	126.0	178.0	98.0	83.0	82.0	157.0	247.0	150.0	146.0	147.0	74.0	111.0	120.0
PF3D7_0729100	3019.0	1817.0	3090.0	1513.0	1771.0	773.0	2320.0	5669.0	2113.0	3959.0	3720.0	2708.0	2992.0	1995.0
PF3D7_0729200	72.0	57.0	57.0	40.0	36.0	21.0	55.0	117.0	70.0	66.0	153.0	33.0	157.0	70.0
PF3D7_0729300	1221.0	965.0	1687.0	837.0	1193.0	645.0	755.0	2182.0	1280.0	1831.0	1803.0	1457.0	1184.0	1565.0
PF3D7_0729400	1079.0	828.0	1276.0	706.0	882.0	575.0	870.0	1952.0	976.0	1505.0	1609.0	1052.0	1051.0	1304.0
PF3D7_0729500	858.0	665.0	970.0	615.0	593.0	428.0	674.0	1729.0	941.0	1126.0	1142.0	785.0	752.0	1052.0
PF3D7_0729600	131.0	69.0	142.0	63.0	51.0	22.0	127.0	202.0	93.0	102.0	159.0	57.0	116.0	96.0
PF3D7_0729700	69.0	114.0	76.0	56.0	44.0	42.0	79.0	40.0	51.0	28.0	60.0	31.0	40.0	83.0
PF3D7_0729800	16.0	37.0	32.0	39.0	16.0	10.0	27.0	23.0	17.0	22.0	22.0	26.0	10.0	21.0
PF3D7_0729900	1025.0	783.0	1071.0	740.0	695.0	335.0	650.0	510.0	373.0	672.0	435.0	506.0	342.0	758.0
PF3D7_0730000	84.0	64.0	98.0	58.0	44.0	27.0	90.0	189.0	80.0	91.0	85.0	78.0	47.0	45.0
PF3D7_0730100	283.0	210.0	224.0	200.0	132.0	131.0	251.0	569.0	311.0	375.0	517.0	219.0	368.0	349.0
PF3D7_0730200	980.0	728.0	1038.0	502.0	694.0	423.0	459.0	1485.0	542.0	1222.0	831.0	901.0	720.0	749.0
PF3D7_0730300	12305.0	9658.0	13580.0	6742.0	9300.0	5982.0	5197.0	23382.0	12205.0	14325.0	16860.0	10442.0	10552.0	12370.0
PF3D7_0730400	63.0	62.0	56.0	81.0	22.0	34.0	97.0	34.0	47.0	27.0	37.0	19.0	13.0	78.0
PF3D7_0730500	1783.0	1355.0	1496.0	1081.0	777.0	683.0	1169.0	1586.0	865.0	1110.0	1447.0	656.0	1299.0	1422.0
PF3D7_0730700	21.0	20.0	32.0	31.0	51.0	18.0	147.0	94.0	495.0	0.0	0.0	10.0	0.0	73.0
PF3D7_0730800	5084.0	5001.0	6993.0	4715.0	5236.0	4290.0	4669.0	10711.0	4686.0	9866.0	4874.0	7316.0	2096.0	8792.0
PF3D7_0730900	10044.0	7159.0	13217.0	5150.0	10915.0	4043.0	5388.0	39968.0	16654.0	30720.0	17540.0	23037.0	9605.0	27157.0
PF3D7_0731000	153.0	239.0	177.0	83.0	40.0	80.0	208.0	110.0	98.0	40.0	46.0	32.0	36.0	87.0
PF3D7_0731100	13761.0	13811.0	15987.0	13408.0	11223.0	12361.0	9443.0	14980.0	7992.0	10723.0	9253.0	9698.0	5603.0	17379.0
PF3D7_0731200	777.0	658.0	916.0	434.0	717.0	380.0	419.0	825.0	287.0	550.0	259.0	468.0	159.0	473.0
PF3D7_0731300	1822.0	1126.0	2260.0	720.0	2423.0	590.0	534.0	10303.0	4008.0	8138.0	5076.0	5782.0	2900.0	5969.0
PF3D7_0731400	228.0	142.0	183.0	181.0	154.0	122.0	103.0	835.0	374.0	482.0	493.0	430.0	337.0	460.0
PF3D7_0731500	6082.0	5976.0	2542.0	2471.0	1442.0	2010.0	6970.0	4829.0	3651.0	4053.0	3003.0	1918.0	1788.0	6060.0
PF3D7_0731600	2170.0	1441.0	1649.0	857.0	985.0	625.0	1181.0	9325.0	4503.0	6450.0	8964.0	3428.0	7161.0	6021.0
PF3D7_0731700	39.0	50.0	63.0	68.0	45.0	27.0	47.0	190.0	117.0	90.0	142.0	71.0	78.0	165.0
PF3D7_0731800	586.0	524.0	684.0	373.0	446.0	249.0	535.0	351.0	195.0	294.0	200.0	226.0	117.0	261.0
PF3D7_0731900	46.0	72.0	60.0	73.0	41.0	40.0	27.0	98.0	52.0	77.0	53.0	55.0	30.0	88.0
PF3D7_0732000	0.0	0.0	11.0	11.0	0.0	0.0	10.0	15.0	0.0	0.0	0.0	0.0	0.0	14.0
PF3D7_0732200	98.0	64.0	124.0	133.0	93.0	48.0	38.0	632.0	168.0	377.0	238.0	248.0	129.0	416.0
PF3D7_0732300	12.0	17.0	16.0	26.0	18.0	10.0	0.0	36.0	57.0	24.0	26.0	22.0	18.0	57.0
PF3D7_0732400	153.0	163.0	245.0	147.0	128.0	87.0	71.0	415.0	213.0	217.0	141.0	114.0	77.0	275.0
PF3D7_0732500	96.0	116.0	146.0	131.0	93.0	56.0	48.0	360.0	133.0	185.0	128.0	105.0	88.0	302.0
PF3D7_0732700	66.0	66.0	118.0	80.0	79.0	33.0	36.0	599.0	177.0	277.0	178.0	154.0	69.0	343.0
PF3D7_0732800	90.0	79.0	123.0	88.0	72.0	44.0	53.0	332.0	150.0	130.0	91.0	95.0	80.0	190.0
PF3D7_0732900	21.0	18.0	18.0	30.0	21.0	19.0	0.0	30.0	15.0	17.0	10.0	12.0	13.0	33.0
PF3D7_0733000	1179.0	1319.0	1918.0	1829.0	1181.0	895.0	577.0	2479.0	1480.0	1705.0	1596.0	1344.0	943.0	3403.0
PF3D7_0800100	1401.0	1381.0	1895.0	2306.0	1303.0	1323.0	857.0	3006.0	2046.0	2242.0	2260.0	1780.0	1374.0	4726.0
PF3D7_0800200	1125.0	1172.0	1528.0	1903.0	1043.0	1355.0	607.0	3203.0	2342.0	2319.0	2485.0	1924.0	1524.0	5625.0
PF3D7_0800300	1628.0	1801.0	2397.0	2601.0	1532.0	1249.0	846.0	3102.0	2031.0	2483.0	2186.0	1934.0	1284.0	4379.0
PF3D7_0800400	19.0	32.0	40.0	28.0	27.0	14.0	10.0	70.0	45.0	39.0	33.0	21.0	0.0	27.0
PF3D7_0800500	57.0	58.0	121.0	73.0	50.0	45.0	26.0	224.0	98.0	116.0	83.0	107.0	46.0	163.0
PF3D7_0800700	1083.0	684.0	883.0	3186.0	1371.0	793.0	1249.0	692.0	557.0	2040.0	1053.0	1784.0	610.0	711.0
PF3D7_0800750	21.0	16.0	16.0	11.0	0.0	0.0	0.0	13.0	0.0	11.0	0.0	10.0	0.0	25.0
PF3D7_0800800	22.0	16.0	21.0	13.0	0.0	0.0	12.0	190.0	75.0	107.0	49.0	80.0	27.0	92.0
PF3D7_0800900	85.0	77.0	60.0	53.0	45.0	49.0	40.0	118.0	29.0	113.0	28.0	92.0	18.0	57.0
PF3D7_0801000	8027.0	7453.0	8572.0	5854.0	7000.0	4384.0	5230.0	18975.0	9519.0	13624.0	12138.0	8776.0	6676.0	13984.0
PF3D7_0801100	2022.0	2651.0	3433.0	4270.0	2086.0	3112.0	3818.0	3131.0	3374.0	2191.0	3742.0	2545.0	2972.0	3460.0
PF3D7_0801200	29.0	21.0	28.0	27.0	10.0	11.0	25.0	26.0	25.0	16.0	16.0	15.0	20.0	14.0
PF3D7_0801300	38.0	64.0	44.0	51.0	44.0	35.0	12.0	48.0	30.0	54.0	36.0	34.0	37.0	70.0
PF3D7_0801400	47.0	45.0	54.0	54.0	23.0	21.0	109.0	15.0	12.0	21.0	11.0	0.0	11.0	25.0
PF3D7_0801500	588.0	439.0	836.0	377.0	525.0	282.0	382.0	1342.0	701.0	813.0	788.0	686.0	418.0	696.0
PF3D7_0801600	22.0	18.0	24.0	11.0	0.0	0.0	17.0	19.0	16.0	11.0	21.0	18.0	26.0	0.0
PF3D7_0801700	969.0	821.0	1050.0	698.0	499.0	450.0	839.0	2537.0	1266.0	2072.0	2261.0	1311.0	1730.0	1654.0
PF3D7_0801800	5397.0	4271.0	6496.0	3733.0	4591.0	2839.0	3611.0	13789.0	6824.0	9818.0	10423.0	6660.0	6459.0	9351.0
PF3D7_0801900	4186.0	4341.0	3532.0	3129.0	2021.0	2296.0	3598.0	4937.0	3431.0	3849.0	3893.0	2929.0	2513.0	7053.0
PF3D7_0802000	3242.0	2833.0	2483.0	1843.0	1540.0	1172.0	2742.0	15227.0	11690.0	10331.0	20806.0	6144.0	14328.0	15447.0
PF3D7_0802100	3285.0	2044.0	3255.0	1343.0	1418.0	697.0	1830.0	1879.0	760.0	1302.0	1386.0	816.0	1229.0	2160.0
PF3D7_0802200	907.0	1527.0	634.0	1050.0	277.0	527.0	1241.0	3307.0	4742.0	1612.0	10645.0	872.0	8032.0	2986.0
PF3D7_0802300	1285.0	1126.0	1450.0	1078.0	1131.0	787.0	749.0	2792.0	1502.0	2094.0	2295.0	1555.0	1471.0	2000.0
PF3D7_0802400	833.0	653.0	1081.0	543.0	666.0	389.0	581.0	1713.0	783.0	1321.0	1237.0	904.0	817.0	1127.0
PF3D7_0802500	750.0	537.0	686.0	449.0	419.0	289.0	388.0	1046.0	557.0	685.0	655.0	538.0	590.0	557.0
PF3D7_0802600	1455.0	1271.0	1479.0	875.0	752.0	516.0	660.0	1068.0	647.0	925.0	834.0	598.0	498.0	1319.0
PF3D7_0802700	36.0	25.0	33.0	49.0	21.0	21.0	19.0	34.0	21.0	32.0	24.0	24.0	21.0	51.0
PF3D7_0802800	663.0	618.0	640.0	447.0	281.0	241.0	507.0	317.0	245.0	262.0	274.0	199.0	215.0	615.0
PF3D7_0802900	45.0	36.0	35.0	44.0	14.0	26.0	73.0	56.0	51.0	42.0	42.0	23.0	31.0	33.0
PF3D7_0803000	1113.0	843.0	1383.0	799.0	875.0	558.0	877.0	1816.0	827.0	1324.0	1367.0	890.0	1005.0	1427.0
PF3D7_0803100	2602.0	1909.0	3322.0	1889.0	2275.0	1238.0	1622.0	4498.0	1928.0	3665.0	3332.0	2508.0	2124.0	3385.0
PF3D7_0803200	708.0	404.0	706.0	288.0	346.0	180.0	345.0	322.0	186.0	270.0	230.0	152.0	191.0	450.0
PF3D7_0803300	157.0	93.0	214.0	59.0	105.0	44.0	99.0	214.0	104.0	180.0	164.0	93.0	153.0	91.0
PF3D7_0803400	1567.0	1220.0	1391.0	1134.0	857.0	667.0	1230.0	1210.0	949.0	981.0	2298.0	664.0	2019.0	1379.0
PF3D7_0803500	851.0	774.0	655.0	575.0	409.0	373.0	553.0	1555.0	895.0	1141.0	1278.0	726.0	931.0	1166.0
PF3D7_0803600	1364.0	1193.0	1457.0	912.0	819.0	769.0	846.0	1843.0	938.0	1235.0	1509.0	893.0	1173.0	1535.0
PF3D7_0803700	458.0	404.0	278.0	337.0	187.0	132.0	420.0	550.0	445.0	341.0	807.0	200.0	855.0	479.0
PF3D7_0803800	1076.0	1052.0	969.0	877.0	607.0	673.0	1026.0	2070.0	1824.0	1150.0	2847.0	795.0	2190.0	2303.0
PF3D7_0803900	15.0	11.0	19.0	32.0	10.0	0.0	21.0	0.0	11.0	12.0	12.0	12.0	10.0	11.0
PF3D7_0804000	1793.0	1563.0	2019.0	1463.0	1293.0	1193.0	1554.0	3005.0	2141.0	2164.0	3222.0	1466.0	2086.0	3505.0
PF3D7_0804300	786.0	632.0	1090.0	577.0	885.0	398.0	531.0	1253.0	446.0	940.0	696.0	830.0	425.0	803.0
PF3D7_0804400	414.0	369.0	375.0	292.0	233.0	197.0	338.0	467.0	265.0	298.0	521.0	235.0	478.0	446.0
PF3D7_0804500	3587.0	4032.0	3023.0	3336.0	1595.0	2114.0	3542.0	4815.0	4963.0	2639.0	8816.0	1944.0	6916.0	6216.0
PF3D7_0804600	636.0	491.0	640.0	389.0	436.0	316.0	428.0	986.0	528.0	717.0	740.0	531.0	533.0	765.0
PF3D7_0804700	1355.0	1239.0	1304.0	1086.0	802.0	841.0	853.0	1177.0	623.0	907.0	851.0	639.0	600.0	1537.0
PF3D7_0804800	416.0	335.0	427.0	340.0	242.0	252.0	343.0	580.0	466.0	331.0	573.0	279.0	537.0	555.0
PF3D7_0804900	810.0	564.0	790.0	389.0	637.0	210.0	456.0	1989.0	707.0	1202.0	1104.0	948.0	895.0	985.0
PF3D7_0805000	57.0	76.0	62.0	53.0	26.0	19.0	92.0	48.0	37.0	31.0	48.0	32.0	48.0	47.0
PF3D7_0805100	312.0	211.0	219.0	191.0	132.0	89.0	239.0	133.0	66.0	134.0	127.0	96.0	77.0	205.0
PF3D7_0805200	82.0	163.0	114.0	46.0	45.0	27.0	209.0	27.0	70.0	22.0	42.0	13.0	11.0	49.0
PF3D7_0805300	313.0	260.0	203.0	255.0	129.0	107.0	181.0	308.0	162.0	176.0	186.0	120.0	151.0	329.0
PF3D7_0805400	261.0	194.0	227.0	180.0	172.0	114.0	148.0	402.0	279.0	229.0	329.0	154.0	276.0	317.0
PF3D7_0805500	649.0	713.0	611.0	519.0	443.0	484.0	455.0	687.0	557.0	523.0	602.0	416.0	396.0	941.0
PF3D7_0805600	788.0	779.0	625.0	509.0	407.0	367.0	587.0	1323.0	922.0	940.0	1219.0	592.0	906.0	1165.0
PF3D7_0805700	1941.0	1232.0	1451.0	755.0	768.0	466.0	1078.0	1312.0	699.0	847.0	1555.0	600.0	1639.0	1216.0
PF3D7_0805800	67.0	75.0	53.0	115.0	54.0	62.0	31.0	51.0	35.0	52.0	33.0	39.0	29.0	56.0
PF3D7_0805900	81.0	42.0	76.0	50.0	55.0	33.0	63.0	117.0	44.0	90.0	62.0	52.0	45.0	59.0
PF3D7_0806000	515.0	401.0	591.0	385.0	399.0	295.0	418.0	1200.0	605.0	783.0	787.0	629.0	499.0	806.0
PF3D7_0806100	417.0	296.0	496.0	306.0	280.0	193.0	282.0	697.0	276.0	485.0	461.0	410.0	322.0	495.0
PF3D7_0806200	246.0	300.0	185.0	193.0	83.0	89.0	187.0	115.0	80.0	58.0	130.0	46.0	102.0	205.0
PF3D7_0806300	434.0	433.0	353.0	362.0	278.0	230.0	368.0	265.0	205.0	268.0	273.0	199.0	174.0	432.0
PF3D7_0806400	30.0	46.0	43.0	50.0	30.0	26.0	42.0	29.0	25.0	25.0	33.0	31.0	22.0	57.0
PF3D7_0806500	1399.0	888.0	1541.0	856.0	1012.0	615.0	805.0	2506.0	944.0	1920.0	1646.0	1261.0	1113.0	1452.0
PF3D7_0806600	589.0	575.0	603.0	583.0	312.0	404.0	504.0	473.0	307.0	297.0	306.0	246.0	240.0	486.0
PF3D7_0806700	1705.0	1646.0	1900.0	1571.0	1212.0	1139.0	1290.0	2221.0	1384.0	1631.0	2102.0	1255.0	1770.0	1993.0
PF3D7_0806800	6206.0	5321.0	6656.0	4018.0	4620.0	3082.0	4791.0	10109.0	5491.0	7217.0	8177.0	5279.0	5899.0	9601.0
PF3D7_0806900	294.0	236.0	288.0	225.0	167.0	142.0	159.0	561.0	252.0	371.0	440.0	275.0	363.0	461.0
PF3D7_0807000	231.0	269.0	316.0	278.0	220.0	222.0	234.0	554.0	360.0	397.0	505.0	323.0	423.0	459.0
PF3D7_0807100	1219.0	1257.0	1447.0	1043.0	994.0	693.0	954.0	1542.0	1020.0	1123.0	1474.0	932.0	1244.0	1319.0
PF3D7_0807200	336.0	289.0	280.0	254.0	217.0	177.0	241.0	682.0	551.0	683.0	885.0	801.0	816.0	559.0
PF3D7_0807300	673.0	614.0	703.0	406.0	493.0	300.0	579.0	1571.0	916.0	1021.0	1564.0	762.0	1271.0	1208.0
PF3D7_0807400	83.0	98.0	79.0	31.0	22.0	25.0	74.0	98.0	86.0	39.0	85.0	29.0	89.0	76.0
PF3D7_0807500	846.0	837.0	824.0	651.0	447.0	479.0	903.0	2002.0	1452.0	1355.0	2901.0	817.0	2221.0	1913.0
PF3D7_0807600	3474.0	2754.0	3954.0	2422.0	2603.0	1946.0	2267.0	6727.0	3929.0	5002.0	6059.0	3362.0	4280.0	5860.0
PF3D7_0807700	678.0	499.0	783.0	458.0	482.0	306.0	421.0	980.0	478.0	638.0	517.0	487.0	323.0	744.0
PF3D7_0807800	1933.0	1443.0	1872.0	1095.0	1157.0	732.0	1219.0	2916.0	1517.0	2114.0	2797.0	1492.0	2099.0	2358.0
PF3D7_0807900	1209.0	881.0	1528.0	820.0	946.0	673.0	871.0	2732.0	1680.0	1913.0	2741.0	1138.0	1709.0	2238.0
PF3D7_0808000	275.0	232.0	271.0	221.0	107.0	108.0	247.0	552.0	353.0	271.0	548.0	173.0	417.0	408.0
PF3D7_0808100	546.0	477.0	578.0	385.0	346.0	275.0	419.0	999.0	647.0	671.0	1099.0	484.0	964.0	766.0
PF3D7_0808200	430.0	343.0	294.0	237.0	161.0	136.0	372.0	350.0	211.0	264.0	171.0	214.0	88.0	343.0
PF3D7_0808300	579.0	489.0	618.0	571.0	395.0	350.0	592.0	700.0	429.0	557.0	655.0	404.0	426.0	614.0
PF3D7_0808400	384.0	365.0	485.0	292.0	267.0	187.0	316.0	583.0	308.0	427.0	492.0	261.0	381.0	417.0
PF3D7_0808450	17.0	12.0	15.0	28.0	0.0	0.0	28.0	24.0	14.0	0.0	33.0	13.0	34.0	27.0
PF3D7_0808600	1473.0	1545.0	2114.0	2249.0	1427.0	1094.0	783.0	3077.0	1955.0	2298.0	1872.0	1709.0	1161.0	4080.0
PF3D7_0808700	1271.0	1300.0	1823.0	1962.0	1187.0	874.0	582.0	2535.0	1457.0	1784.0	1560.0	1387.0	956.0	3321.0
PF3D7_0808800	38.0	45.0	51.0	58.0	30.0	33.0	22.0	74.0	40.0	47.0	31.0	42.0	23.0	55.0
PF3D7_0808900	94.0	80.0	96.0	60.0	52.0	57.0	43.0	160.0	131.0	187.0	116.0	67.0	87.0	201.0
PF3D7_0809100	1121.0	1220.0	1698.0	1697.0	1071.0	780.0	627.0	2301.0	1362.0	1744.0	1541.0	1337.0	947.0	3200.0
PF3D7_0809200	1103.0	842.0	1145.0	619.0	760.0	426.0	780.0	2109.0	1078.0	1257.0	1554.0	1003.0	1220.0	1434.0
PF3D7_0809250	87.0	90.0	80.0	130.0	140.0	44.0	127.0	75.0	107.0	123.0	121.0	82.0	96.0	77.0
PF3D7_0809400	375.0	316.0	352.0	254.0	173.0	156.0	296.0	425.0	325.0	326.0	521.0	180.0	430.0	398.0
PF3D7_0809500	96.0	71.0	200.0	52.0	97.0	34.0	89.0	247.0	163.0	123.0	111.0	97.0	84.0	58.0
PF3D7_0809600	1038.0	1155.0	954.0	934.0	549.0	534.0	834.0	1322.0	1290.0	759.0	2200.0	688.0	2060.0	1225.0
PF3D7_0809700	67.0	67.0	103.0	80.0	83.0	48.0	80.0	79.0	37.0	84.0	62.0	37.0	29.0	106.0
PF3D7_0809800	73.0	73.0	70.0	60.0	42.0	29.0	57.0	134.0	87.0	78.0	88.0	59.0	40.0	94.0
PF3D7_0809900	1492.0	1231.0	2008.0	957.0	1162.0	687.0	1148.0	2148.0	902.0	1481.0	1057.0	1108.0	826.0	921.0
PF3D7_0810000	109.0	146.0	160.0	112.0	63.0	79.0	125.0	250.0	269.0	121.0	345.0	64.0	254.0	182.0
PF3D7_0810100	79.0	64.0	103.0	37.0	34.0	26.0	79.0	197.0	74.0	68.0	73.0	43.0	52.0	49.0
PF3D7_0810200	396.0	265.0	356.0	228.0	226.0	116.0	302.0	826.0	312.0	622.0	500.0	367.0	462.0	355.0
PF3D7_0810300	1799.0	1360.0	1516.0	928.0	648.0	440.0	1367.0	1168.0	757.0	849.0	1079.0	524.0	676.0	1578.0
PF3D7_0810400	204.0	142.0	170.0	130.0	107.0	71.0	136.0	492.0	211.0	242.0	321.0	165.0	255.0	248.0
PF3D7_0810500	392.0	351.0	511.0	358.0	302.0	242.0	263.0	1368.0	813.0	860.0	1246.0	568.0	817.0	771.0
PF3D7_0810600	4760.0	4267.0	5212.0	3059.0	2778.0	2257.0	4220.0	12297.0	7785.0	6923.0	11115.0	4818.0	8196.0	7560.0
PF3D7_0810700	73.0	75.0	83.0	73.0	37.0	24.0	94.0	192.0	221.0	65.0	181.0	42.0	203.0	338.0
PF3D7_0810800	481.0	523.0	468.0	540.0	367.0	277.0	373.0	1650.0	1561.0	1246.0	2283.0	802.0	1625.0	2235.0
PF3D7_0810900	153.0	151.0	180.0	120.0	80.0	60.0	119.0	106.0	60.0	80.0	79.0	57.0	76.0	97.0
PF3D7_0811000	441.0	357.0	411.0	302.0	199.0	160.0	291.0	331.0	214.0	244.0	440.0	185.0	406.0	359.0
PF3D7_0811100	132.0	74.0	119.0	77.0	46.0	39.0	78.0	169.0	73.0	85.0	93.0	65.0	81.0	47.0
PF3D7_0811200	1005.0	1189.0	1164.0	837.0	561.0	592.0	1037.0	2006.0	1511.0	1113.0	1738.0	917.0	1440.0	1404.0
PF3D7_0811300	12477.0	10810.0	12953.0	8047.0	7306.0	7186.0	8043.0	12666.0	8234.0	9231.0	12255.0	7850.0	9629.0	11781.0
PF3D7_0811400	1538.0	1228.0	1878.0	953.0	1227.0	741.0	1166.0	3835.0	2726.0	2531.0	4104.0	1846.0	2851.0	2674.0
PF3D7_0811500	606.0	544.0	719.0	437.0	394.0	381.0	398.0	938.0	616.0	820.0	953.0	573.0	665.0	865.0
PF3D7_0811600	2202.0	2505.0	1738.0	1657.0	1338.0	883.0	2011.0	2024.0	1077.0	1566.0	1732.0	1334.0	1731.0	2242.0
PF3D7_0811700	529.0	250.0	238.0	1209.0	526.0	289.0	412.0	149.0	122.0	718.0	346.0	570.0	133.0	227.0
PF3D7_0811800	126.0	145.0	128.0	93.0	99.0	80.0	132.0	248.0	191.0	142.0	325.0	82.0	263.0	241.0
PF3D7_0811900	567.0	367.0	512.0	322.0	306.0	159.0	404.0	771.0	388.0	522.0	785.0	374.0	616.0	504.0
PF3D7_0812000	246.0	196.0	166.0	213.0	116.0	93.0	195.0	399.0	233.0	331.0	395.0	192.0	221.0	285.0
PF3D7_0812100	2134.0	1895.0	1986.0	1360.0	1115.0	957.0	1683.0	3646.0	2084.0	2129.0	3682.0	1511.0	3194.0	2970.0
PF3D7_0812200	56.0	59.0	72.0	54.0	50.0	25.0	47.0	88.0	44.0	47.0	74.0	49.0	72.0	36.0
PF3D7_0812220	109.0	79.0	105.0	74.0	58.0	37.0	84.0	182.0	97.0	108.0	194.0	76.0	165.0	92.0
PF3D7_0812300	116.0	101.0	115.0	69.0	77.0	44.0	74.0	127.0	56.0	89.0	83.0	85.0	51.0	136.0
PF3D7_0812400	2900.0	2193.0	2570.0	1848.0	1717.0	1282.0	2321.0	4534.0	3149.0	3341.0	5704.0	2198.0	4360.0	3956.0
PF3D7_0812500	3838.0	3036.0	4389.0	2787.0	2984.0	1976.0	2693.0	4208.0	2278.0	3926.0	3879.0	2908.0	2504.0	4046.0
PF3D7_0812600	436.0	424.0	367.0	361.0	219.0	190.0	494.0	375.0	277.0	208.0	359.0	149.0	276.0	314.0
PF3D7_0812700	332.0	233.0	305.0	203.0	176.0	149.0	181.0	629.0	315.0	400.0	586.0	294.0	437.0	476.0
PF3D7_0812800	15.0	0.0	18.0	10.0	0.0	15.0	16.0	13.0	14.0	0.0	19.0	0.0	0.0	12.0
PF3D7_0812900	264.0	316.0	204.0	286.0	137.0	189.0	187.0	235.0	179.0	150.0	174.0	121.0	132.0	355.0
PF3D7_0813000	1736.0	1339.0	1863.0	931.0	1258.0	742.0	982.0	2661.0	876.0	2261.0	1263.0	1650.0	885.0	1422.0
PF3D7_0813100	467.0	409.0	544.0	351.0	218.0	169.0	356.0	285.0	186.0	273.0	241.0	197.0	124.0	421.0
PF3D7_0813200	316.0	233.0	350.0	218.0	191.0	130.0	293.0	466.0	324.0	301.0	453.0	204.0	330.0	352.0
PF3D7_0813300	3358.0	3248.0	4605.0	3506.0	2967.0	2437.0	4376.0	12769.0	11963.0	9578.0	18321.0	5404.0	7673.0	12253.0
PF3D7_0813400	5711.0	5160.0	6651.0	4363.0	4048.0	3452.0	4129.0	9603.0	6465.0	6827.0	9892.0	4817.0	6098.0	9277.0
PF3D7_0813500	342.0	241.0	317.0	204.0	126.0	137.0	314.0	430.0	271.0	278.0	472.0	194.0	328.0	316.0
PF3D7_0813600	576.0	546.0	765.0	496.0	390.0	347.0	454.0	1336.0	806.0	992.0	1107.0	720.0	761.0	979.0
PF3D7_0813700	755.0	756.0	655.0	676.0	333.0	504.0	649.0	1553.0	1136.0	937.0	1781.0	587.0	1105.0	1535.0
PF3D7_0813800	66.0	70.0	49.0	59.0	30.0	34.0	60.0	68.0	35.0	55.0	44.0	22.0	33.0	81.0
PF3D7_0813900	1316.0	1322.0	1648.0	1416.0	917.0	1104.0	1782.0	3367.0	3227.0	1781.0	4249.0	1186.0	2232.0	3619.0
PF3D7_0814000	4049.0	3748.0	4004.0	3137.0	2588.0	2650.0	3350.0	11130.0	9252.0	7435.0	14503.0	4682.0	10375.0	10038.0
PF3D7_0814100	139.0	179.0	148.0	135.0	53.0	100.0	225.0	217.0	211.0	111.0	170.0	106.0	103.0	214.0
PF3D7_0814200	13655.0	14195.0	15419.0	12533.0	8864.0	8988.0	17153.0	30623.0	29388.0	17944.0	44221.0	13748.0	28508.0	28396.0
PF3D7_0814300	1520.0	1350.0	1585.0	956.0	943.0	820.0	909.0	1757.0	999.0	1393.0	1296.0	1034.0	1023.0	1359.0
PF3D7_0814400	464.0	459.0	384.0	243.0	196.0	183.0	289.0	256.0	136.0	173.0	176.0	112.0	131.0	331.0
PF3D7_0814500	1304.0	1358.0	1674.0	725.0	1305.0	601.0	636.0	978.0	364.0	853.0	390.0	753.0	245.0	634.0
PF3D7_0814600	90.0	122.0	80.0	83.0	55.0	57.0	25.0	65.0	41.0	72.0	73.0	65.0	49.0	101.0
PF3D7_0814700	134.0	156.0	112.0	106.0	70.0	75.0	60.0	92.0	56.0	67.0	75.0	46.0	41.0	156.0
PF3D7_0814900	365.0	408.0	343.0	339.0	181.0	210.0	457.0	771.0	756.0	430.0	1431.0	329.0	970.0	805.0
PF3D7_0815000	175.0	198.0	160.0	117.0	89.0	73.0	186.0	397.0	360.0	248.0	626.0	144.0	539.0	289.0
PF3D7_0815100	238.0	192.0	242.0	182.0	144.0	118.0	157.0	594.0	245.0	368.0	435.0	209.0	350.0	343.0
PF3D7_0815200	3087.0	3010.0	2979.0	2158.0	1972.0	1726.0	2494.0	5676.0	3619.0	3535.0	5655.0	2646.0	4570.0	5349.0
PF3D7_0815300	298.0	263.0	279.0	316.0	185.0	158.0	217.0	456.0	300.0	261.0	449.0	179.0	364.0	421.0
PF3D7_0815400	51.0	31.0	46.0	36.0	41.0	21.0	67.0	69.0	27.0	39.0	46.0	24.0	52.0	26.0
PF3D7_0815500	392.0	268.0	457.0	227.0	258.0	168.0	319.0	266.0	178.0	205.0	310.0	141.0	284.0	339.0
PF3D7_0815600	2109.0	1635.0	2528.0	1615.0	1568.0	1261.0	1554.0	3652.0	2490.0	2629.0	4388.0	1851.0	2906.0	2852.0
PF3D7_0815700	63.0	76.0	65.0	49.0	37.0	23.0	60.0	103.0	56.0	58.0	92.0	39.0	81.0	60.0
PF3D7_0815800	3750.0	2205.0	3849.0	1610.0	2002.0	848.0	2420.0	7061.0	1902.0	5360.0	2712.0	3741.0	1946.0	2896.0
PF3D7_0815900	97.0	112.0	113.0	124.0	89.0	63.0	84.0	80.0	61.0	77.0	44.0	97.0	51.0	152.0
PF3D7_0816000	615.0	467.0	805.0	481.0	510.0	297.0	536.0	1131.0	468.0	696.0	465.0	522.0	260.0	582.0
PF3D7_0816100	306.0	240.0	348.0	198.0	180.0	167.0	227.0	236.0	135.0	148.0	132.0	98.0	82.0	171.0
PF3D7_0816200	138.0	84.0	119.0	84.0	81.0	33.0	122.0	86.0	51.0	71.0	104.0	56.0	110.0	85.0
PF3D7_0816300	174.0	189.0	154.0	186.0	88.0	91.0	107.0	224.0	134.0	158.0	171.0	104.0	161.0	203.0
PF3D7_0816400	187.0	194.0	166.0	195.0	109.0	83.0	173.0	111.0	117.0	89.0	160.0	75.0	153.0	117.0
PF3D7_0816500	11.0	10.0	0.0	11.0	0.0	0.0	12.0	0.0	0.0	20.0	0.0	0.0	0.0	0.0
PF3D7_0816600	1455.0	1047.0	1280.0	896.0	785.0	498.0	1343.0	3631.0	2346.0	2733.0	4674.0	1613.0	3330.0	2438.0
PF3D7_0816700	150.0	101.0	144.0	106.0	78.0	64.0	179.0	183.0	165.0	122.0	245.0	116.0	152.0	159.0
PF3D7_0816800	126.0	68.0	72.0	89.0	68.0	32.0	115.0	44.0	55.0	44.0	64.0	49.0	36.0	43.0
PF3D7_0816900	74.0	92.0	80.0	66.0	50.0	33.0	48.0	80.0	39.0	61.0	50.0	51.0	46.0	72.0
PF3D7_0817000	71.0	53.0	67.0	49.0	45.0	18.0	44.0	52.0	33.0	30.0	68.0	19.0	68.0	67.0
PF3D7_0817100	258.0	280.0	316.0	279.0	177.0	148.0	245.0	563.0	276.0	346.0	387.0	197.0	268.0	360.0
PF3D7_0817200	916.0	812.0	982.0	623.0	586.0	344.0	724.0	817.0	407.0	629.0	697.0	396.0	520.0	730.0
PF3D7_0817300	5098.0	2866.0	3922.0	1836.0	2437.0	975.0	2910.0	26518.0	8079.0	17175.0	10731.0	13533.0	7746.0	10751.0
PF3D7_0817400	154.0	169.0	203.0	155.0	78.0	77.0	221.0	238.0	194.0	149.0	237.0	115.0	180.0	142.0
PF3D7_0817500	1089.0	1087.0	1148.0	1128.0	680.0	762.0	1287.0	2096.0	1684.0	1449.0	2389.0	1142.0	1524.0	2077.0
PF3D7_0817600	809.0	699.0	815.0	449.0	394.0	248.0	408.0	410.0	279.0	273.0	299.0	190.0	196.0	940.0
PF3D7_0817700	1819.0	1889.0	1471.0	976.0	620.0	431.0	1298.0	710.0	735.0	451.0	724.0	302.0	298.0	1654.0
PF3D7_0817800	70.0	72.0	82.0	52.0	30.0	24.0	74.0	63.0	42.0	21.0	58.0	23.0	46.0	48.0
PF3D7_0817900	343.0	322.0	368.0	302.0	200.0	176.0	511.0	356.0	278.0	214.0	498.0	142.0	336.0	302.0
PF3D7_0818000	1163.0	1156.0	1017.0	789.0	592.0	541.0	1074.0	1566.0	987.0	1052.0	1578.0	849.0	1027.0	1846.0
PF3D7_0818100	440.0	183.0	177.0	189.0	127.0	84.0	188.0	315.0	161.0	202.0	130.0	163.0	53.0	310.0
PF3D7_0818200	5775.0	6432.0	4760.0	4717.0	2710.0	3422.0	7442.0	8323.0	8203.0	5623.0	14285.0	3628.0	10336.0	9224.0
PF3D7_0818300	100.0	124.0	114.0	112.0	49.0	79.0	129.0	112.0	91.0	89.0	77.0	53.0	50.0	182.0
PF3D7_0818400	441.0	421.0	484.0	407.0	358.0	294.0	406.0	901.0	532.0	592.0	590.0	465.0	394.0	689.0
PF3D7_0818500	1266.0	1211.0	1358.0	761.0	794.0	580.0	1175.0	1883.0	1171.0	1138.0	1229.0	988.0	839.0	1341.0
PF3D7_0818600	189.0	172.0	138.0	120.0	65.0	65.0	163.0	214.0	119.0	125.0	131.0	108.0	107.0	189.0
PF3D7_0818700	3317.0	2895.0	3442.0	2553.0	1996.0	2042.0	2549.0	4902.0	2793.0	3296.0	4103.0	2701.0	2998.0	5072.0
PF3D7_0818800	1217.0	1026.0	1178.0	747.0	875.0	613.0	634.0	1489.0	756.0	1113.0	1115.0	954.0	614.0	1378.0
PF3D7_0818900	74202.0	42541.0	90854.0	35202.0	60657.0	24892.0	33849.0	235681.0	98624.0	242071.0	186783.0	155900.0	116416.0	105485.0
PF3D7_0819000	1794.0	1535.0	2180.0	1391.0	1460.0	1093.0	1613.0	2263.0	1554.0	1788.0	2644.0	1319.0	1511.0	2489.0
PF3D7_0819100	490.0	419.0	536.0	323.0	369.0	258.0	305.0	742.0	366.0	492.0	542.0	455.0	414.0	529.0
PF3D7_0819200	323.0	334.0	314.0	339.0	213.0	229.0	194.0	289.0	226.0	297.0	269.0	247.0	207.0	390.0
PF3D7_0819300	139.0	149.0	122.0	87.0	52.0	60.0	100.0	199.0	143.0	118.0	244.0	90.0	159.0	157.0
PF3D7_0819400	83.0	105.0	106.0	97.0	53.0	74.0	45.0	100.0	48.0	88.0	70.0	63.0	58.0	164.0
PF3D7_0819500	288.0	220.0	265.0	194.0	158.0	83.0	348.0	766.0	415.0	482.0	537.0	314.0	278.0	552.0
PF3D7_0819600	526.0	523.0	388.0	377.0	207.0	201.0	456.0	691.0	627.0	478.0	1029.0	293.0	772.0	817.0
PF3D7_0819700	175.0	127.0	140.0	95.0	52.0	66.0	110.0	138.0	71.0	91.0	122.0	57.0	112.0	135.0
PF3D7_0819800	306.0	310.0	343.0	256.0	172.0	202.0	294.0	342.0	216.0	175.0	220.0	133.0	205.0	351.0
PF3D7_0819900	126.0	112.0	257.0	115.0	84.0	49.0	145.0	254.0	180.0	111.0	163.0	94.0	115.0	85.0
PF3D7_0820000	3542.0	3045.0	4055.0	2539.0	2734.0	1996.0	2546.0	6326.0	3250.0	4783.0	5156.0	3317.0	3707.0	4549.0
PF3D7_0820100	166.0	101.0	140.0	102.0	66.0	67.0	125.0	228.0	146.0	133.0	202.0	119.0	150.0	161.0
PF3D7_0820200	698.0	603.0	697.0	437.0	424.0	308.0	479.0	1435.0	652.0	959.0	1018.0	588.0	875.0	890.0
PF3D7_0820300	3397.0	2898.0	3523.0	2360.0	2430.0	1742.0	2282.0	3680.0	1822.0	2744.0	2186.0	2253.0	1493.0	3554.0
PF3D7_0820400	72.0	88.0	62.0	71.0	20.0	33.0	64.0	69.0	78.0	45.0	103.0	30.0	80.0	65.0
PF3D7_0820500	1272.0	1191.0	1513.0	893.0	942.0	653.0	886.0	1706.0	866.0	998.0	1165.0	802.0	815.0	1406.0
PF3D7_0820600	100.0	55.0	70.0	61.0	57.0	28.0	80.0	45.0	24.0	26.0	38.0	32.0	22.0	42.0
PF3D7_0820700	769.0	643.0	611.0	516.0	417.0	320.0	963.0	873.0	557.0	559.0	1394.0	409.0	1428.0	842.0
PF3D7_0820800	205.0	207.0	203.0	174.0	100.0	113.0	213.0	369.0	210.0	202.0	353.0	149.0	301.0	283.0
PF3D7_0820900	894.0	831.0	944.0	767.0	474.0	582.0	574.0	788.0	550.0	544.0	765.0	420.0	584.0	1000.0
PF3D7_0821000	713.0	516.0	630.0	306.0	358.0	179.0	521.0	1017.0	612.0	562.0	1179.0	346.0	1092.0	552.0
PF3D7_0821100	2334.0	2501.0	2577.0	1888.0	1774.0	1641.0	1645.0	2109.0	1269.0	1415.0	1627.0	1247.0	1315.0	2140.0
PF3D7_0821200	279.0	236.0	394.0	198.0	197.0	123.0	172.0	511.0	217.0	318.0	291.0	235.0	200.0	221.0
PF3D7_0821300	1466.0	1511.0	1285.0	1013.0	861.0	863.0	875.0	2004.0	1166.0	1450.0	1837.0	1000.0	1161.0	1949.0
PF3D7_0821400	1008.0	963.0	1088.0	865.0	648.0	623.0	1037.0	930.0	637.0	615.0	973.0	429.0	619.0	1164.0
PF3D7_0821500	259.0	222.0	264.0	217.0	177.0	164.0	168.0	358.0	273.0	227.0	259.0	193.0	158.0	344.0
PF3D7_0821600	489.0	487.0	530.0	495.0	316.0	331.0	403.0	854.0	577.0	607.0	692.0	478.0	561.0	784.0
PF3D7_0821700	1853.0	2025.0	1965.0	1861.0	1191.0	1688.0	1851.0	5298.0	4704.0	2376.0	5921.0	1611.0	3622.0	5862.0
PF3D7_0821800	924.0	850.0	955.0	814.0	661.0	599.0	1067.0	2066.0	1422.0	963.0	1853.0	701.0	1218.0	2348.0
PF3D7_0821900	41.0	48.0	56.0	51.0	32.0	20.0	72.0	84.0	78.0	53.0	107.0	26.0	82.0	47.0
PF3D7_0822000	335.0	296.0	358.0	337.0	191.0	193.0	268.0	480.0	341.0	354.0	618.0	216.0	516.0	461.0
PF3D7_0822100	290.0	294.0	248.0	237.0	144.0	148.0	231.0	482.0	336.0	238.0	425.0	196.0	353.0	459.0
PF3D7_0822200	266.0	277.0	265.0	227.0	163.0	149.0	261.0	309.0	259.0	161.0	295.0	124.0	202.0	361.0
PF3D7_0822300	138.0	127.0	149.0	83.0	74.0	43.0	128.0	273.0	159.0	97.0	152.0	95.0	101.0	105.0
PF3D7_0822400	205.0	161.0	154.0	145.0	107.0	103.0	267.0	118.0	99.0	103.0	131.0	75.0	54.0	189.0
PF3D7_0822500	46.0	71.0	34.0	34.0	25.0	33.0	97.0	38.0	36.0	17.0	26.0	26.0	14.0	45.0
PF3D7_0822600	3128.0	3188.0	3164.0	2131.0	2089.0	1659.0	2288.0	3369.0	1949.0	2550.0	3160.0	2311.0	3064.0	3378.0
PF3D7_0822700	282.0	318.0	294.0	213.0	139.0	150.0	215.0	451.0	268.0	282.0	722.0	163.0	708.0	242.0
PF3D7_0822800	547.0	347.0	531.0	297.0	348.0	197.0	337.0	959.0	464.0	601.0	624.0	476.0	573.0	534.0
PF3D7_0822900	1137.0	927.0	1222.0	603.0	358.0	291.0	711.0	646.0	580.0	455.0	387.0	340.0	187.0	1182.0
PF3D7_0823000	454.0	417.0	509.0	331.0	289.0	252.0	312.0	742.0	453.0	465.0	632.0	325.0	501.0	557.0
PF3D7_0823100	212.0	226.0	263.0	231.0	121.0	178.0	225.0	522.0	452.0	267.0	557.0	229.0	386.0	469.0
PF3D7_0823200	3347.0	3157.0	3061.0	2520.0	2046.0	2050.0	2669.0	7086.0	5776.0	4605.0	8798.0	3131.0	5987.0	6356.0
PF3D7_0823300	4909.0	3672.0	5089.0	2561.0	2974.0	1955.0	3298.0	15748.0	6284.0	11902.0	8041.0	8566.0	5743.0	7452.0
PF3D7_0823400	34.0	42.0	43.0	35.0	24.0	28.0	32.0	97.0	36.0	54.0	40.0	41.0	25.0	73.0
PF3D7_0823500	214.0	227.0	172.0	182.0	95.0	133.0	264.0	139.0	84.0	116.0	129.0	111.0	119.0	211.0
PF3D7_0823600	121.0	154.0	125.0	107.0	69.0	96.0	73.0	174.0	128.0	112.0	133.0	86.0	80.0	228.0
PF3D7_0823700	57.0	50.0	72.0	26.0	18.0	11.0	68.0	140.0	102.0	40.0	60.0	42.0	69.0	61.0
PF3D7_0823800	916.0	755.0	756.0	496.0	563.0	296.0	753.0	1901.0	1072.0	1332.0	1768.0	995.0	1498.0	1707.0
PF3D7_0823900	144.0	124.0	140.0	130.0	80.0	45.0	171.0	410.0	297.0	295.0	552.0	163.0	439.0	271.0
PF3D7_0824000	163.0	214.0	242.0	177.0	131.0	133.0	131.0	220.0	122.0	208.0	144.0	150.0	150.0	276.0
PF3D7_0824100	139.0	87.0	130.0	109.0	81.0	58.0	86.0	346.0	106.0	233.0	204.0	237.0	174.0	138.0
PF3D7_0824200	270.0	246.0	296.0	155.0	143.0	132.0	264.0	455.0	424.0	308.0	766.0	190.0	664.0	238.0
PF3D7_0824300	259.0	225.0	245.0	203.0	122.0	127.0	191.0	278.0	189.0	195.0	337.0	118.0	280.0	280.0
PF3D7_0824400	645.0	531.0	441.0	354.0	199.0	259.0	603.0	2530.0	1804.0	1036.0	2681.0	522.0	2154.0	1557.0
PF3D7_0824500	288.0	132.0	271.0	153.0	142.0	72.0	212.0	1356.0	482.0	862.0	694.0	561.0	439.0	598.0
PF3D7_0824600	347.0	250.0	481.0	211.0	371.0	203.0	236.0	640.0	254.0	535.0	317.0	381.0	229.0	311.0
PF3D7_0824700	80.0	65.0	81.0	54.0	48.0	29.0	85.0	53.0	51.0	38.0	119.0	28.0	116.0	54.0
PF3D7_0824800	1604.0	1277.0	1934.0	1145.0	1126.0	718.0	1140.0	2236.0	1259.0	1469.0	1827.0	1095.0	1309.0	1732.0
PF3D7_0824900	852.0	707.0	1174.0	590.0	815.0	406.0	440.0	1486.0	666.0	1193.0	1047.0	943.0	669.0	999.0
PF3D7_0825000	1768.0	1224.0	1737.0	1029.0	873.0	687.0	1038.0	2120.0	1192.0	1479.0	2310.0	859.0	1878.0	1787.0
PF3D7_0825100	0.0	0.0	12.0	0.0	0.0	0.0	11.0	0.0	0.0	0.0	0.0	0.0	0.0	0.0
PF3D7_0825200	84.0	57.0	89.0	57.0	44.0	24.0	53.0	97.0	60.0	52.0	87.0	38.0	93.0	40.0
PF3D7_0825300	72.0	78.0	63.0	67.0	39.0	33.0	94.0	124.0	67.0	53.0	116.0	47.0	100.0	63.0
PF3D7_0825400	135.0	126.0	115.0	84.0	56.0	48.0	129.0	180.0	95.0	76.0	183.0	46.0	196.0	92.0
PF3D7_0825500	1748.0	1486.0	2146.0	1352.0	1276.0	906.0	1289.0	2165.0	1310.0	1783.0	1897.0	1455.0	1092.0	2218.0
PF3D7_0825600	86.0	88.0	88.0	87.0	36.0	39.0	75.0	76.0	64.0	50.0	101.0	18.0	101.0	71.0
PF3D7_0825700	31.0	33.0	41.0	40.0	14.0	10.0	52.0	20.0	0.0	12.0	20.0	16.0	14.0	32.0
PF3D7_0825800	132.0	145.0	149.0	134.0	95.0	88.0	119.0	107.0	59.0	78.0	69.0	62.0	48.0	129.0
PF3D7_0825900	113.0	128.0	123.0	107.0	58.0	60.0	160.0	126.0	60.0	70.0	65.0	58.0	43.0	89.0
PF3D7_0826000	359.0	234.0	339.0	196.0	171.0	137.0	235.0	990.0	526.0	746.0	857.0	519.0	537.0	616.0
PF3D7_0826100	14527.0	14713.0	15201.0	11279.0	10411.0	9050.0	11970.0	23648.0	18309.0	16375.0	29392.0	13204.0	22347.0	24451.0
PF3D7_0826200	154.0	148.0	131.0	99.0	76.0	59.0	126.0	109.0	65.0	66.0	48.0	45.0	42.0	141.0
PF3D7_0826300	290.0	158.0	297.0	193.0	150.0	119.0	240.0	456.0	149.0	328.0	283.0	237.0	243.0	215.0
PF3D7_0826400	92.0	83.0	89.0	41.0	46.0	23.0	67.0	56.0	39.0	46.0	82.0	36.0	55.0	50.0
PF3D7_0826500	2003.0	1690.0	1801.0	1147.0	1080.0	854.0	1603.0	2891.0	1576.0	2238.0	3030.0	1484.0	2542.0	2287.0
PF3D7_0826600	235.0	205.0	193.0	143.0	89.0	106.0	153.0	509.0	279.0	379.0	382.0	215.0	231.0	403.0
PF3D7_0826700	2944.0	3282.0	2595.0	2870.0	1677.0	2577.0	3105.0	9808.0	9207.0	5944.0	15367.0	3661.0	11045.0	12305.0
PF3D7_0826900	491.0	439.0	444.0	299.0	203.0	234.0	389.0	445.0	365.0	311.0	554.0	221.0	485.0	806.0
PF3D7_0827000	1985.0	1620.0	2434.0	1441.0	1570.0	975.0	1255.0	3638.0	2368.0	2875.0	3698.0	2186.0	2471.0	3399.0
PF3D7_0827100	706.0	603.0	685.0	511.0	371.0	367.0	610.0	1302.0	1013.0	845.0	1475.0	556.0	1035.0	1292.0
PF3D7_0827200	102.0	75.0	115.0	63.0	50.0	46.0	61.0	114.0	76.0	71.0	62.0	49.0	49.0	108.0
PF3D7_0827300	951.0	688.0	1100.0	732.0	754.0	483.0	641.0	1350.0	821.0	1078.0	1213.0	718.0	790.0	1084.0
PF3D7_0827400	35.0	34.0	46.0	35.0	20.0	22.0	29.0	33.0	16.0	24.0	22.0	19.0	12.0	42.0
PF3D7_0827500	322.0	247.0	314.0	207.0	178.0	114.0	263.0	441.0	231.0	245.0	419.0	153.0	462.0	288.0
PF3D7_0827600	944.0	854.0	898.0	729.0	517.0	441.0	697.0	1573.0	849.0	1134.0	1533.0	735.0	1377.0	1286.0
PF3D7_0827700	72.0	91.0	83.0	97.0	71.0	73.0	45.0	76.0	56.0	79.0	49.0	44.0	45.0	145.0
PF3D7_0827800	2863.0	2485.0	2952.0	2324.0	1803.0	1739.0	2094.0	3296.0	1990.0	2483.0	3792.0	1837.0	3192.0	3644.0
PF3D7_0827900	7607.0	6516.0	7619.0	5931.0	4757.0	4326.0	6478.0	11554.0	9002.0	9391.0	18737.0	5879.0	13082.0	14308.0
PF3D7_0828000	18.0	25.0	11.0	0.0	13.0	0.0	29.0	17.0	17.0	0.0	12.0	0.0	11.0	20.0
PF3D7_0828100	264.0	259.0	301.0	294.0	144.0	170.0	243.0	423.0	328.0	278.0	484.0	182.0	424.0	380.0
PF3D7_0828200	619.0	618.0	583.0	525.0	295.0	319.0	597.0	1008.0	932.0	686.0	1669.0	435.0	1219.0	1228.0
PF3D7_0828300	552.0	454.0	540.0	368.0	261.0	321.0	353.0	1126.0	665.0	894.0	1191.0	555.0	991.0	805.0
PF3D7_0828400	111.0	95.0	96.0	89.0	70.0	72.0	73.0	147.0	125.0	145.0	175.0	68.0	185.0	150.0
PF3D7_0828500	217.0	163.0	202.0	121.0	84.0	65.0	142.0	180.0	115.0	121.0	321.0	62.0	323.0	122.0
PF3D7_0828600	92.0	124.0	61.0	84.0	32.0	26.0	91.0	61.0	46.0	58.0	63.0	38.0	32.0	98.0
PF3D7_0828700	279.0	214.0	292.0	179.0	134.0	106.0	239.0	139.0	83.0	128.0	107.0	82.0	78.0	279.0
PF3D7_0828800	385.0	520.0	270.0	272.0	135.0	94.0	610.0	307.0	264.0	246.0	169.0	135.0	104.0	333.0
PF3D7_0828900	89.0	60.0	95.0	42.0	39.0	32.0	79.0	52.0	28.0	33.0	49.0	44.0	41.0	61.0
PF3D7_0829000	1014.0	908.0	1120.0	655.0	621.0	444.0	776.0	2204.0	1102.0	1425.0	1573.0	1026.0	1290.0	1133.0
PF3D7_0829100	387.0	341.0	414.0	334.0	217.0	220.0	417.0	645.0	422.0	399.0	715.0	277.0	365.0	665.0
PF3D7_0829200	302.0	210.0	292.0	172.0	180.0	115.0	252.0	1028.0	740.0	705.0	1197.0	458.0	727.0	750.0
PF3D7_0829300	180.0	194.0	290.0	196.0	122.0	120.0	276.0	451.0	410.0	245.0	434.0	151.0	302.0	316.0
PF3D7_0829400	381.0	245.0	451.0	181.0	230.0	117.0	284.0	304.0	140.0	316.0	179.0	194.0	164.0	231.0
PF3D7_0829500	372.0	350.0	505.0	312.0	240.0	204.0	230.0	302.0	183.0	261.0	184.0	174.0	154.0	408.0
PF3D7_0829600	153.0	111.0	214.0	114.0	135.0	66.0	125.0	86.0	39.0	54.0	75.0	45.0	64.0	103.0
PF3D7_0829700	91.0	30.0	24.0	39.0	26.0	29.0	34.0	40.0	26.0	52.0	68.0	20.0	50.0	31.0
PF3D7_0829800	1484.0	1610.0	804.0	827.0	283.0	545.0	1044.0	302.0	183.0	264.0	382.0	260.0	403.0	310.0
PF3D7_0829900	4365.0	3911.0	2397.0	2485.0	777.0	1606.0	3985.0	745.0	558.0	620.0	1037.0	696.0	906.0	986.0
PF3D7_0830000	0.0	0.0	0.0	20.0	0.0	0.0	23.0	10.0	14.0	0.0	0.0	10.0	0.0	11.0
PF3D7_0830100	964.0	547.0	997.0	545.0	594.0	338.0	884.0	1023.0	377.0	788.0	626.0	666.0	556.0	810.0
PF3D7_0830200	7577.0	10733.0	16700.0	18003.0	8453.0	15969.0	17641.0	12715.0	16389.0	7333.0	13260.0	9441.0	11712.0	16431.0
PF3D7_0830300	82.0	170.0	47.0	72.0	18.0	73.0	78.0	49.0	73.0	46.0	93.0	33.0	61.0	190.0
PF3D7_0830400	1157.0	1270.0	1437.0	1010.0	613.0	654.0	1441.0	1712.0	1700.0	773.0	1556.0	609.0	955.0	1447.0
PF3D7_0830500	8399.0	7093.0	12245.0	6555.0	9573.0	5561.0	5837.0	5470.0	2259.0	4875.0	2468.0	4322.0	1138.0	4709.0
PF3D7_0830600	4758.0	4964.0	5202.0	4284.0	3405.0	3752.0	4097.0	2339.0	1882.0	1531.0	1874.0	1350.0	1026.0	3885.0
PF3D7_0830700	380.0	358.0	427.0	251.0	246.0	168.0	228.0	2878.0	1326.0	1794.0	1336.0	1037.0	612.0	1086.0
PF3D7_0830800	1340.0	1139.0	1144.0	1169.0	680.0	771.0	1772.0	1825.0	1384.0	1419.0	1674.0	996.0	1062.0	2929.0
PF3D7_0830900	252.0	222.0	342.0	176.0	175.0	109.0	280.0	1666.0	694.0	858.0	591.0	626.0	261.0	1014.0
PF3D7_0831000	131.0	88.0	141.0	66.0	111.0	39.0	93.0	711.0	242.0	556.0	241.0	305.0	131.0	383.0
PF3D7_0831100	502.0	441.0	415.0	489.0	262.0	276.0	475.0	752.0	440.0	436.0	466.0	272.0	385.0	1103.0
PF3D7_0831200	2653.0	2549.0	2529.0	1935.0	1900.0	1466.0	1892.0	1215.0	750.0	1066.0	1045.0	917.0	799.0	1617.0
PF3D7_0831300	1765.0	1648.0	1221.0	1736.0	574.0	706.0	2487.0	974.0	990.0	659.0	1368.0	397.0	1154.0	1496.0
PF3D7_0831400	648.0	498.0	454.0	261.0	246.0	207.0	518.0	7018.0	5337.0	5659.0	6667.0	2720.0	2972.0	5839.0
PF3D7_0831500	479.0	375.0	510.0	328.0	325.0	259.0	280.0	3260.0	1366.0	2339.0	1451.0	1375.0	727.0	1990.0
PF3D7_0831600	1014.0	1228.0	777.0	532.0	331.0	241.0	750.0	524.0	378.0	353.0	387.0	310.0	195.0	1079.0
PF3D7_0831700	11153.0	15134.0	10492.0	18056.0	6108.0	19817.0	12746.0	36991.0	41431.0	23782.0	69241.0	16126.0	40949.0	97153.0
PF3D7_0831750	81.0	97.0	70.0	104.0	41.0	112.0	85.0	100.0	91.0	67.0	98.0	36.0	31.0	255.0
PF3D7_0831800	4838.0	8013.0	3861.0	5958.0	2072.0	4596.0	4029.0	10169.0	10762.0	5856.0	10427.0	6522.0	9141.0	15883.0
PF3D7_0831900	129.0	99.0	133.0	149.0	58.0	116.0	150.0	347.0	265.0	183.0	205.0	134.0	83.0	358.0
PF3D7_0832000	13.0	33.0	16.0	25.0	28.0	0.0	31.0	111.0	103.0	99.0	113.0	48.0	64.0	119.0
PF3D7_0832100	43.0	26.0	67.0	36.0	49.0	17.0	39.0	677.0	174.0	407.0	99.0	205.0	48.0	135.0
PF3D7_0832200	302.0	189.0	328.0	96.0	193.0	79.0	155.0	3287.0	1313.0	2003.0	1178.0	1225.0	674.0	1151.0
PF3D7_0832250	0.0	0.0	0.0	0.0	10.0	0.0	0.0	19.0	13.0	0.0	0.0	10.0	0.0	0.0
PF3D7_0832300	0.0	0.0	10.0	12.0	0.0	12.0	0.0	25.0	27.0	25.0	37.0	12.0	20.0	27.0
PF3D7_0832400	0.0	0.0	13.0	23.0	10.0	0.0	0.0	149.0	69.0	109.0	88.0	74.0	34.0	63.0
PF3D7_0832500	80.0	69.0	51.0	233.0	73.0	86.0	43.0	111.0	73.0	153.0	113.0	65.0	95.0	131.0
PF3D7_0832600	10.0	12.0	13.0	12.0	0.0	0.0	0.0	14.0	12.0	17.0	0.0	0.0	17.0	13.0
PF3D7_0832700	21.0	0.0	0.0	0.0	20.0	0.0	0.0	0.0	0.0	0.0	12.0	0.0	0.0	0.0
PF3D7_0832800	0.0	12.0	35.0	20.0	18.0	0.0	27.0	21.0	27.0	87.0	41.0	60.0	23.0	17.0
PF3D7_0832900	0.0	15.0	17.0	19.0	0.0	0.0	0.0	160.0	83.0	108.0	66.0	62.0	27.0	120.0
PF3D7_0833000	136.0	101.0	190.0	121.0	119.0	46.0	87.0	2685.0	668.0	1303.0	718.0	775.0	425.0	1819.0
PF3D7_0833100	119.0	156.0	201.0	133.0	146.0	83.0	79.0	1102.0	333.0	536.0	366.0	305.0	162.0	828.0
PF3D7_0833200	26.0	18.0	36.0	36.0	17.0	18.0	0.0	226.0	54.0	92.0	59.0	50.0	32.0	165.0
PF3D7_0833300	169.0	151.0	206.0	144.0	108.0	92.0	133.0	633.0	373.0	333.0	391.0	254.0	327.0	451.0
PF3D7_0833400	176.0	98.0	205.0	112.0	132.0	67.0	107.0	284.0	137.0	165.0	94.0	100.0	99.0	209.0
PF3D7_0833500	1551.0	1670.0	2224.0	2235.0	1521.0	1023.0	768.0	2880.0	1709.0	2154.0	1938.0	1669.0	1068.0	3887.0
PF3D7_0900100	1062.0	1089.0	1657.0	1720.0	1047.0	800.0	524.0	2272.0	1400.0	1498.0	1446.0	1256.0	802.0	3116.0
PF3D7_0900200	84.0	67.0	119.0	91.0	79.0	50.0	33.0	337.0	114.0	149.0	109.0	74.0	69.0	242.0
PF3D7_0900300	120.0	121.0	185.0	173.0	125.0	77.0	57.0	2727.0	667.0	1078.0	641.0	593.0	401.0	1728.0
PF3D7_0900400	0.0	13.0	16.0	14.0	15.0	15.0	0.0	94.0	31.0	37.0	22.0	38.0	17.0	63.0
PF3D7_0900500	0.0	0.0	0.0	34.0	0.0	0.0	0.0	13.0	0.0	0.0	0.0	0.0	0.0	0.0
PF3D7_0900600	57.0	73.0	138.0	105.0	74.0	47.0	33.0	254.0	114.0	180.0	94.0	74.0	72.0	236.0
PF3D7_0900700	130.0	135.0	227.0	175.0	125.0	104.0	41.0	468.0	275.0	296.0	279.0	142.0	126.0	407.0
PF3D7_0900800	0.0	0.0	0.0	0.0	0.0	0.0	0.0	0.0	0.0	15.0	0.0	11.0	0.0	11.0
PF3D7_0900900	27.0	25.0	20.0	28.0	12.0	0.0	15.0	747.0	294.0	284.0	212.0	146.0	107.0	402.0
PF3D7_0901000	14.0	18.0	24.0	27.0	12.0	0.0	0.0	27.0	27.0	27.0	16.0	16.0	0.0	31.0
PF3D7_0901100	0.0	0.0	0.0	0.0	0.0	0.0	0.0	10.0	0.0	0.0	0.0	0.0	0.0	11.0
PF3D7_0901200	14.0	12.0	13.0	12.0	0.0	0.0	0.0	60.0	13.0	0.0	0.0	13.0	0.0	12.0
PF3D7_0901300	128.0	107.0	157.0	162.0	110.0	81.0	55.0	515.0	206.0	265.0	164.0	182.0	113.0	391.0
PF3D7_0901400	12.0	0.0	15.0	14.0	13.0	12.0	0.0	25.0	19.0	27.0	12.0	11.0	11.0	28.0
PF3D7_0901500	42.0	43.0	63.0	58.0	47.0	31.0	30.0	91.0	33.0	69.0	43.0	33.0	23.0	83.0
PF3D7_0901600	16.0	11.0	19.0	25.0	14.0	0.0	14.0	270.0	127.0	154.0	121.0	67.0	40.0	144.0
PF3D7_0901700	140.0	101.0	122.0	92.0	76.0	61.0	114.0	1069.0	344.0	408.0	400.0	293.0	313.0	204.0
PF3D7_0901800	97.0	52.0	118.0	36.0	39.0	26.0	57.0	558.0	185.0	345.0	238.0	168.0	178.0	128.0
PF3D7_0901900	68.0	70.0	85.0	42.0	60.0	24.0	28.0	57.0	52.0	46.0	41.0	26.0	41.0	53.0
PF3D7_0902000	646.0	589.0	821.0	514.0	538.0	375.0	458.0	2114.0	529.0	1240.0	581.0	783.0	300.0	862.0
PF3D7_0902100	91.0	101.0	104.0	70.0	43.0	29.0	55.0	58.0	49.0	42.0	32.0	17.0	17.0	109.0
PF3D7_0902200	1590.0	1427.0	1632.0	1219.0	1138.0	995.0	1429.0	2567.0	927.0	1516.0	1061.0	1214.0	684.0	1460.0
PF3D7_0902300	1310.0	1083.0	1487.0	861.0	1238.0	709.0	733.0	1738.0	798.0	1235.0	907.0	1047.0	663.0	2053.0
PF3D7_0902400	123.0	141.0	114.0	102.0	36.0	71.0	120.0	90.0	62.0	63.0	97.0	28.0	83.0	90.0
PF3D7_0902500	3115.0	3461.0	3250.0	2756.0	1818.0	2183.0	3107.0	1413.0	965.0	931.0	989.0	706.0	516.0	2216.0
PF3D7_0902600	584.0	445.0	593.0	650.0	773.0	431.0	703.0	1852.0	1153.0	4047.0	2336.0	2921.0	890.0	987.0
PF3D7_0902700	184.0	114.0	203.0	88.0	129.0	59.0	126.0	450.0	231.0	368.0	394.0	242.0	302.0	241.0
PF3D7_0902800	736.0	604.0	710.0	396.0	416.0	274.0	579.0	879.0	507.0	675.0	1261.0	412.0	1469.0	587.0
PF3D7_0902900	0.0	0.0	0.0	0.0	0.0	11.0	0.0	0.0	0.0	0.0	11.0	0.0	0.0	0.0
PF3D7_0903000	72.0	51.0	105.0	38.0	46.0	29.0	71.0	251.0	114.0	87.0	112.0	78.0	82.0	63.0
PF3D7_0903100	114.0	101.0	126.0	82.0	92.0	38.0	103.0	264.0	161.0	186.0	185.0	97.0	173.0	197.0
PF3D7_0903200	519.0	479.0	486.0	359.0	195.0	162.0	614.0	1581.0	1180.0	944.0	2044.0	549.0	1502.0	1138.0
PF3D7_0903300	2242.0	1558.0	1914.0	1032.0	824.0	631.0	1629.0	1564.0	669.0	1070.0	1303.0	650.0	1256.0	1505.0
PF3D7_0903400	6207.0	5280.0	7620.0	4560.0	5296.0	4028.0	4661.0	11761.0	6913.0	8415.0	10708.0	6312.0	7635.0	13377.0
PF3D7_0903500	1555.0	1501.0	1582.0	1276.0	953.0	836.0	1046.0	1993.0	1460.0	1546.0	2708.0	1094.0	1886.0	2106.0
PF3D7_0903600	465.0	291.0	414.0	284.0	216.0	148.0	348.0	322.0	230.0	287.0	358.0	210.0	198.0	402.0
PF3D7_0903700	2032.0	2046.0	1367.0	1472.0	724.0	782.0	2681.0	1875.0	1696.0	1200.0	4261.0	752.0	4256.0	1900.0
PF3D7_0903800	102.0	89.0	103.0	103.0	56.0	70.0	79.0	105.0	76.0	92.0	80.0	64.0	54.0	162.0
PF3D7_0903900	1488.0	1555.0	1940.0	1719.0	1050.0	1506.0	2005.0	4635.0	4940.0	2129.0	6103.0	1423.0	2937.0	5119.0
PF3D7_0904000	2540.0	2072.0	2774.0	2072.0	1815.0	1592.0	2279.0	4313.0	2494.0	3022.0	3836.0	2020.0	2461.0	4312.0
PF3D7_0904100	1373.0	976.0	1302.0	836.0	758.0	591.0	936.0	2588.0	1261.0	1759.0	2394.0	1099.0	1977.0	1691.0
PF3D7_0904200	119.0	113.0	107.0	115.0	74.0	68.0	149.0	96.0	50.0	66.0	67.0	34.0	25.0	99.0
PF3D7_0904300	195.0	232.0	201.0	179.0	103.0	115.0	140.0	208.0	130.0	110.0	119.0	100.0	105.0	269.0
PF3D7_0904400	117.0	130.0	144.0	88.0	54.0	50.0	165.0	196.0	111.0	100.0	151.0	53.0	133.0	93.0
PF3D7_0904500	61.0	52.0	61.0	43.0	21.0	26.0	75.0	167.0	118.0	67.0	157.0	63.0	83.0	78.0
PF3D7_0904600	2223.0	1972.0	2553.0	1618.0	1500.0	1104.0	2002.0	3278.0	2236.0	2471.0	3341.0	1938.0	2379.0	3345.0
PF3D7_0904700	329.0	156.0	378.0	124.0	181.0	98.0	244.0	343.0	125.0	185.0	232.0	120.0	187.0	198.0
PF3D7_0904800	757.0	535.0	682.0	367.0	395.0	253.0	683.0	1139.0	829.0	759.0	1730.0	450.0	1401.0	907.0
PF3D7_0904900	2860.0	1827.0	2114.0	1470.0	1131.0	895.0	2012.0	2746.0	1493.0	1785.0	3892.0	1084.0	3908.0	2228.0
PF3D7_0905000	82.0	70.0	101.0	66.0	48.0	29.0	84.0	118.0	68.0	56.0	105.0	38.0	124.0	67.0
PF3D7_0905100	3069.0	2724.0	2825.0	1988.0	1820.0	1438.0	2228.0	4496.0	2869.0	3201.0	4711.0	2210.0	4091.0	3897.0
PF3D7_0905200	916.0	957.0	1034.0	583.0	660.0	413.0	581.0	1621.0	866.0	1092.0	1232.0	912.0	983.0	875.0
PF3D7_0905300	622.0	759.0	694.0	715.0	416.0	408.0	547.0	583.0	463.0	574.0	405.0	446.0	362.0	664.0
PF3D7_0905400	5115.0	6245.0	4265.0	2860.0	1942.0	1080.0	3708.0	1608.0	2016.0	1021.0	2457.0	437.0	838.0	5329.0
PF3D7_0905500	192.0	114.0	204.0	100.0	75.0	82.0	119.0	108.0	98.0	67.0	64.0	47.0	31.0	103.0
PF3D7_0905600	81.0	98.0	90.0	94.0	59.0	71.0	62.0	97.0	52.0	78.0	59.0	41.0	33.0	119.0
PF3D7_0905700	233.0	214.0	205.0	122.0	100.0	73.0	284.0	419.0	260.0	220.0	253.0	148.0	256.0	252.0
PF3D7_0905800	895.0	794.0	1087.0	600.0	567.0	368.0	612.0	1958.0	912.0	1225.0	1147.0	942.0	860.0	1080.0
PF3D7_0905900	2135.0	1658.0	2235.0	1325.0	1671.0	979.0	1312.0	3195.0	1362.0	2298.0	2114.0	1819.0	1857.0	2124.0
PF3D7_0906000	530.0	480.0	482.0	418.0	246.0	240.0	414.0	1418.0	884.0	921.0	1432.0	627.0	1008.0	930.0
PF3D7_0906100	254.0	190.0	215.0	169.0	134.0	89.0	241.0	275.0	256.0	139.0	450.0	116.0	392.0	195.0
PF3D7_0906200	207.0	152.0	191.0	184.0	126.0	114.0	152.0	419.0	170.0	213.0	288.0	178.0	191.0	223.0
PF3D7_0906300	327.0	271.0	352.0	227.0	202.0	190.0	228.0	485.0	255.0	299.0	291.0	250.0	191.0	352.0
PF3D7_0906400	245.0	241.0	237.0	196.0	120.0	150.0	251.0	239.0	232.0	130.0	225.0	93.0	107.0	497.0
PF3D7_0906500	1374.0	1125.0	1540.0	952.0	1037.0	563.0	1056.0	3939.0	1777.0	2148.0	1820.0	1468.0	1126.0	2150.0
PF3D7_0906600	7621.0	7264.0	7661.0	5233.0	4627.0	4691.0	4724.0	17455.0	8505.0	10775.0	10806.0	7631.0	7599.0	13118.0
PF3D7_0906700	265.0	223.0	276.0	249.0	151.0	143.0	223.0	493.0	370.0	273.0	415.0	216.0	332.0	446.0
PF3D7_0906800	217.0	186.0	175.0	177.0	83.0	138.0	212.0	310.0	273.0	182.0	355.0	162.0	275.0	351.0
PF3D7_0906890	38.0	43.0	55.0	43.0	42.0	40.0	44.0	135.0	97.0	61.0	64.0	55.0	69.0	99.0
PF3D7_0906910	228.0	234.0	227.0	235.0	139.0	145.0	262.0	518.0	362.0	370.0	548.0	232.0	311.0	561.0
PF3D7_0907000	83.0	108.0	114.0	59.0	45.0	42.0	117.0	160.0	109.0	83.0	92.0	66.0	52.0	98.0
PF3D7_0907100	582.0	583.0	552.0	515.0	331.0	335.0	542.0	817.0	488.0	506.0	814.0	446.0	658.0	677.0
PF3D7_0907200	2262.0	1774.0	2449.0	1477.0	1617.0	1009.0	1353.0	2431.0	1010.0	1991.0	1249.0	1698.0	915.0	1774.0
PF3D7_0907300	201.0	196.0	279.0	148.0	144.0	105.0	176.0	555.0	363.0	266.0	353.0	207.0	242.0	297.0
PF3D7_0907400	1771.0	1038.0	1563.0	729.0	790.0	465.0	1390.0	3771.0	2266.0	2419.0	3670.0	1590.0	2672.0	3910.0
PF3D7_0907500	183.0	195.0	196.0	170.0	107.0	52.0	265.0	140.0	95.0	89.0	98.0	67.0	46.0	117.0
PF3D7_0907600	735.0	767.0	849.0	618.0	554.0	433.0	660.0	1268.0	617.0	937.0	1005.0	651.0	730.0	953.0
PF3D7_0907700	1377.0	1033.0	1523.0	951.0	1218.0	694.0	1075.0	2417.0	1469.0	1434.0	1924.0	1139.0	1145.0	1893.0
PF3D7_0907800	217.0	178.0	244.0	152.0	127.0	123.0	211.0	316.0	172.0	184.0	276.0	109.0	222.0	275.0
PF3D7_0907900	180.0	159.0	143.0	98.0	93.0	60.0	211.0	361.0	332.0	200.0	668.0	114.0	559.0	357.0
PF3D7_0908000	714.0	464.0	678.0	279.0	448.0	193.0	383.0	1225.0	246.0	869.0	458.0	805.0	403.0	431.0
PF3D7_0908100	65.0	66.0	68.0	69.0	43.0	23.0	95.0	40.0	33.0	30.0	45.0	24.0	37.0	41.0
PF3D7_0908200	575.0	427.0	562.0	361.0	259.0	174.0	430.0	484.0	244.0	290.0	405.0	183.0	405.0	408.0
PF3D7_0908300	300.0	293.0	265.0	223.0	110.0	123.0	379.0	196.0	157.0	109.0	270.0	94.0	237.0	148.0
PF3D7_0908400	171.0	145.0	136.0	105.0	66.0	52.0	126.0	100.0	69.0	54.0	127.0	25.0	138.0	105.0
PF3D7_0908500	624.0	511.0	610.0	395.0	309.0	235.0	319.0	407.0	229.0	322.0	279.0	180.0	221.0	600.0
PF3D7_0908600	440.0	355.0	538.0	322.0	318.0	225.0	246.0	660.0	411.0	482.0	587.0	343.0	404.0	461.0
PF3D7_0908700	122.0	81.0	139.0	65.0	78.0	45.0	80.0	247.0	92.0	156.0	137.0	86.0	103.0	88.0
PF3D7_0908800	265.0	305.0	295.0	235.0	185.0	128.0	219.0	697.0	474.0	371.0	648.0	301.0	484.0	438.0
PF3D7_0908900	241.0	242.0	246.0	191.0	119.0	113.0	237.0	454.0	421.0	279.0	594.0	190.0	480.0	341.0
PF3D7_0909000	210.0	217.0	228.0	220.0	152.0	138.0	182.0	171.0	151.0	142.0	145.0	91.0	98.0	314.0
PF3D7_0909100	55.0	49.0	82.0	62.0	26.0	20.0	91.0	37.0	39.0	50.0	40.0	42.0	22.0	31.0
PF3D7_0909200	32.0	35.0	31.0	33.0	22.0	22.0	26.0	48.0	21.0	37.0	11.0	21.0	22.0	28.0
PF3D7_0909300	363.0	268.0	535.0	295.0	284.0	192.0	364.0	539.0	337.0	287.0	350.0	243.0	181.0	360.0
PF3D7_0909400	2939.0	2196.0	3169.0	1750.0	1979.0	1341.0	1656.0	4841.0	2415.0	3643.0	4299.0	2637.0	3377.0	3473.0
PF3D7_0909500	80.0	48.0	73.0	69.0	35.0	23.0	37.0	28.0	28.0	62.0	34.0	44.0	22.0	54.0
PF3D7_0909600	588.0	507.0	526.0	293.0	288.0	164.0	440.0	438.0	258.0	349.0	542.0	223.0	517.0	427.0
PF3D7_0909700	3049.0	2674.0	3051.0	1582.0	2088.0	1275.0	2090.0	4126.0	1397.0	2982.0	1764.0	2472.0	1245.0	2158.0
PF3D7_0909800	294.0	266.0	449.0	210.0	240.0	132.0	251.0	541.0	357.0	204.0	373.0	178.0	219.0	268.0
PF3D7_0909900	1901.0	1799.0	1924.0	1559.0	1351.0	1148.0	1490.0	1935.0	1290.0	1441.0	2292.0	1141.0	1722.0	2106.0
PF3D7_0910000	85.0	87.0	80.0	66.0	43.0	47.0	52.0	72.0	36.0	58.0	54.0	77.0	33.0	122.0
PF3D7_0910100	1842.0	1718.0	1876.0	1193.0	1160.0	841.0	1420.0	3446.0	1874.0	2517.0	2965.0	1843.0	2438.0	2326.0
PF3D7_0910200	3253.0	2449.0	3199.0	1927.0	1953.0	1085.0	2304.0	4659.0	2151.0	3735.0	3453.0	2802.0	2708.0	2973.0
PF3D7_0910300	504.0	445.0	650.0	421.0	626.0	329.0	1000.0	1453.0	2423.0	661.0	648.0	499.0	439.0	1267.0
PF3D7_0910400	417.0	336.0	370.0	252.0	219.0	181.0	345.0	669.0	438.0	496.0	888.0	296.0	681.0	570.0
PF3D7_0910500	1410.0	1016.0	1419.0	876.0	880.0	565.0	884.0	2025.0	823.0	1381.0	1140.0	932.0	875.0	1191.0
PF3D7_0910600	83.0	60.0	65.0	48.0	40.0	26.0	73.0	137.0	68.0	62.0	67.0	60.0	45.0	67.0
PF3D7_0910700	65.0	72.0	81.0	74.0	48.0	46.0	73.0	128.0	52.0	84.0	74.0	59.0	72.0	94.0
PF3D7_0910800	234.0	184.0	226.0	149.0	86.0	113.0	128.0	667.0	435.0	417.0	801.0	261.0	607.0	442.0
PF3D7_0910900	352.0	299.0	372.0	160.0	223.0	154.0	262.0	315.0	214.0	207.0	699.0	157.0	800.0	240.0
PF3D7_0911000	119.0	105.0	124.0	100.0	64.0	42.0	137.0	115.0	74.0	57.0	99.0	44.0	114.0	78.0
PF3D7_0911100	651.0	558.0	440.0	514.0	221.0	215.0	522.0	430.0	323.0	365.0	330.0	246.0	138.0	660.0
PF3D7_0911200	131.0	61.0	128.0	70.0	60.0	32.0	110.0	164.0	64.0	114.0	84.0	62.0	93.0	66.0
PF3D7_0911300	181.0	245.0	184.0	251.0	148.0	145.0	140.0	191.0	144.0	212.0	171.0	131.0	110.0	291.0
PF3D7_0911400	643.0	465.0	921.0	336.0	755.0	235.0	308.0	1543.0	683.0	1103.0	1093.0	935.0	774.0	770.0
PF3D7_0911500	65.0	60.0	51.0	54.0	37.0	16.0	86.0	26.0	23.0	15.0	21.0	16.0	26.0	32.0
PF3D7_0911600	380.0	219.0	462.0	170.0	190.0	128.0	253.0	382.0	192.0	282.0	298.0	180.0	291.0	248.0
PF3D7_0911700	373.0	269.0	345.0	251.0	220.0	144.0	282.0	825.0	389.0	643.0	708.0	389.0	575.0	522.0
PF3D7_0911800	167.0	198.0	129.0	108.0	68.0	87.0	171.0	124.0	104.0	63.0	128.0	41.0	116.0	380.0
PF3D7_0911900	1995.0	2213.0	2063.0	1707.0	1342.0	1306.0	2014.0	2954.0	2508.0	1972.0	3060.0	1501.0	2147.0	4459.0
PF3D7_0912000	788.0	738.0	792.0	568.0	368.0	426.0	681.0	873.0	695.0	563.0	1213.0	373.0	1036.0	969.0
PF3D7_0912100	634.0	518.0	652.0	489.0	461.0	355.0	482.0	606.0	394.0	446.0	530.0	368.0	431.0	522.0
PF3D7_0912200	49.0	57.0	52.0	43.0	25.0	50.0	24.0	70.0	33.0	45.0	30.0	48.0	29.0	72.0
PF3D7_0912400	933.0	821.0	887.0	576.0	501.0	421.0	914.0	1311.0	771.0	699.0	1610.0	428.0	1362.0	1116.0
PF3D7_0912500	808.0	745.0	1037.0	549.0	601.0	383.0	758.0	1258.0	747.0	778.0	923.0	624.0	634.0	788.0
PF3D7_0912600	154.0	207.0	124.0	118.0	79.0	95.0	157.0	138.0	99.0	87.0	88.0	61.0	71.0	200.0
PF3D7_0912700	63.0	58.0	66.0	51.0	51.0	26.0	62.0	57.0	42.0	33.0	50.0	20.0	41.0	55.0
PF3D7_0912800	617.0	535.0	674.0	316.0	493.0	256.0	381.0	1174.0	581.0	866.0	805.0	568.0	571.0	746.0
PF3D7_0912900	733.0	576.0	658.0	385.0	395.0	279.0	542.0	1422.0	740.0	1110.0	1384.0	705.0	1110.0	972.0
PF3D7_0913000	635.0	637.0	802.0	490.0	490.0	336.0	528.0	1126.0	696.0	553.0	691.0	433.0	442.0	694.0
PF3D7_0913100	263.0	280.0	216.0	188.0	92.0	131.0	240.0	302.0	285.0	174.0	370.0	111.0	299.0	366.0
PF3D7_0913200	1681.0	1615.0	2098.0	1656.0	1355.0	1418.0	1741.0	3854.0	3581.0	2516.0	6184.0	1592.0	3687.0	4991.0
PF3D7_0913300	519.0	362.0	433.0	315.0	289.0	247.0	302.0	1035.0	520.0	724.0	983.0	552.0	754.0	815.0
PF3D7_0913400	104.0	73.0	121.0	74.0	56.0	36.0	81.0	214.0	136.0	128.0	289.0	47.0	175.0	124.0
PF3D7_0913500	125.0	105.0	99.0	60.0	49.0	47.0	81.0	138.0	75.0	65.0	146.0	30.0	131.0	114.0
PF3D7_0913600	503.0	394.0	439.0	302.0	238.0	195.0	367.0	464.0	364.0	321.0	627.0	210.0	556.0	451.0
PF3D7_0913700	608.0	515.0	478.0	417.0	260.0	215.0	622.0	1198.0	669.0	866.0	1495.0	526.0	1199.0	1070.0
PF3D7_0913800	108.0	73.0	83.0	63.0	32.0	25.0	101.0	85.0	60.0	87.0	51.0	38.0	23.0	71.0
PF3D7_0913900	387.0	319.0	342.0	235.0	192.0	179.0	273.0	757.0	437.0	474.0	764.0	312.0	694.0	492.0
PF3D7_0914000	362.0	334.0	386.0	297.0	217.0	192.0	228.0	824.0	411.0	709.0	804.0	447.0	632.0	717.0
PF3D7_0914100	683.0	649.0	671.0	677.0	373.0	328.0	459.0	714.0	350.0	593.0	477.0	296.0	382.0	1110.0
PF3D7_0914200	1102.0	907.0	1106.0	701.0	692.0	547.0	815.0	1507.0	632.0	958.0	858.0	661.0	572.0	945.0
PF3D7_0914300	821.0	586.0	870.0	582.0	468.0	461.0	409.0	1671.0	704.0	1044.0	1237.0	842.0	949.0	1120.0
PF3D7_0914400	184.0	137.0	204.0	103.0	106.0	41.0	164.0	67.0	54.0	62.0	74.0	25.0	24.0	156.0
PF3D7_0914500	1258.0	1067.0	1436.0	771.0	711.0	557.0	1041.0	1421.0	854.0	988.0	1524.0	688.0	1366.0	1123.0
PF3D7_0914600	261.0	286.0	344.0	216.0	157.0	156.0	356.0	379.0	330.0	177.0	285.0	144.0	192.0	300.0
PF3D7_0914700	2369.0	2118.0	1871.0	1449.0	1258.0	1021.0	1792.0	1725.0	1217.0	1317.0	2478.0	929.0	2282.0	1658.0
PF3D7_0914800	328.0	263.0	269.0	209.0	132.0	122.0	357.0	450.0	169.0	200.0	316.0	135.0	251.0	265.0
PF3D7_0914900	437.0	329.0	470.0	303.0	315.0	200.0	325.0	746.0	336.0	644.0	550.0	442.0	329.0	483.0
PF3D7_0915000	353.0	243.0	333.0	148.0	155.0	84.0	230.0	291.0	124.0	169.0	186.0	100.0	169.0	282.0
PF3D7_0915100	589.0	649.0	722.0	660.0	465.0	540.0	681.0	1356.0	847.0	842.0	1415.0	601.0	970.0	1258.0
PF3D7_0915200	145.0	112.0	165.0	90.0	69.0	64.0	86.0	260.0	118.0	150.0	199.0	85.0	172.0	127.0
PF3D7_0915300	220.0	295.0	200.0	185.0	75.0	140.0	214.0	442.0	337.0	245.0	402.0	186.0	304.0	396.0
PF3D7_0915400	7720.0	8302.0	7149.0	6915.0	4852.0	6151.0	5708.0	16963.0	11305.0	11607.0	20144.0	8552.0	15570.0	17948.0
PF3D7_0915500	92.0	114.0	98.0	87.0	45.0	47.0	101.0	150.0	145.0	99.0	148.0	60.0	108.0	202.0
PF3D7_0915600	566.0	441.0	559.0	387.0	356.0	292.0	280.0	583.0	313.0	592.0	501.0	380.0	260.0	543.0
PF3D7_0915700	133.0	119.0	158.0	92.0	84.0	67.0	166.0	123.0	68.0	73.0	105.0	60.0	98.0	97.0
PF3D7_0915800	85.0	88.0	86.0	67.0	43.0	49.0	51.0	63.0	47.0	33.0	44.0	26.0	41.0	87.0
PF3D7_0915900	305.0	207.0	286.0	184.0	164.0	148.0	219.0	581.0	291.0	350.0	447.0	223.0	267.0	318.0
PF3D7_0916000	567.0	523.0	544.0	343.0	256.0	196.0	452.0	371.0	249.0	270.0	248.0	191.0	156.0	497.0
PF3D7_0916100	100.0	93.0	114.0	85.0	78.0	43.0	100.0	123.0	90.0	64.0	109.0	49.0	59.0	94.0
PF3D7_0916200	898.0	723.0	763.0	626.0	493.0	386.0	711.0	2051.0	1114.0	1382.0	1918.0	952.0	1350.0	1470.0
PF3D7_0916300	67.0	41.0	73.0	31.0	69.0	17.0	45.0	24.0	27.0	17.0	18.0	18.0	19.0	43.0
PF3D7_0916400	785.0	845.0	795.0	603.0	395.0	352.0	560.0	1038.0	675.0	671.0	978.0	425.0	814.0	781.0
PF3D7_0916500	270.0	237.0	185.0	169.0	125.0	80.0	216.0	549.0	288.0	328.0	500.0	208.0	415.0	265.0
PF3D7_0916600	143.0	158.0	122.0	80.0	63.0	84.0	71.0	135.0	117.0	56.0	122.0	43.0	103.0	119.0
PF3D7_0916700	5513.0	6107.0	4376.0	4732.0	2821.0	4190.0	4384.0	5348.0	3432.0	3439.0	4696.0	2404.0	3034.0	8762.0
PF3D7_0916800	50.0	46.0	56.0	24.0	31.0	17.0	73.0	96.0	78.0	55.0	85.0	27.0	50.0	43.0
PF3D7_0916900	552.0	589.0	569.0	444.0	305.0	374.0	447.0	533.0	446.0	316.0	471.0	238.0	299.0	661.0
PF3D7_0917000	1231.0	895.0	998.0	584.0	545.0	358.0	768.0	1546.0	942.0	1072.0	1966.0	633.0	1722.0	1286.0
PF3D7_0917100	337.0	296.0	336.0	274.0	179.0	233.0	255.0	818.0	515.0	594.0	869.0	404.0	609.0	544.0
PF3D7_0917200	10.0	0.0	0.0	29.0	0.0	19.0	0.0	0.0	0.0	0.0	0.0	0.0	0.0	0.0
PF3D7_0917300	93.0	115.0	88.0	64.0	43.0	37.0	59.0	77.0	67.0	35.0	46.0	31.0	24.0	100.0
PF3D7_0917400	259.0	355.0	306.0	207.0	212.0	138.0	161.0	263.0	154.0	227.0	202.0	156.0	155.0	365.0
PF3D7_0917500	382.0	316.0	375.0	219.0	172.0	121.0	302.0	309.0	340.0	270.0	727.0	159.0	674.0	311.0
PF3D7_0917600	1462.0	1407.0	1467.0	1088.0	867.0	870.0	985.0	2289.0	1222.0	1687.0	2089.0	1256.0	1529.0	1766.0
PF3D7_0917700	152.0	155.0	187.0	122.0	108.0	78.0	95.0	335.0	138.0	217.0	276.0	171.0	265.0	214.0
PF3D7_0917800	289.0	312.0	267.0	201.0	174.0	93.0	208.0	309.0	156.0	162.0	190.0	141.0	152.0	151.0
PF3D7_0917900	16876.0	14529.0	14290.0	11414.0	9236.0	8511.0	14431.0	23420.0	18146.0	18237.0	32978.0	12964.0	26736.0	32006.0
PF3D7_0918000	2165.0	2067.0	1600.0	1197.0	759.0	696.0	2325.0	1158.0	882.0	743.0	1691.0	447.0	1403.0	2112.0
PF3D7_0918100	881.0	928.0	1160.0	992.0	658.0	850.0	1005.0	1274.0	930.0	705.0	1175.0	553.0	637.0	1599.0
PF3D7_0918200	289.0	217.0	246.0	166.0	177.0	115.0	306.0	591.0	338.0	348.0	494.0	260.0	371.0	350.0
PF3D7_0918300	773.0	701.0	614.0	442.0	414.0	290.0	506.0	914.0	606.0	578.0	1060.0	449.0	1046.0	887.0
PF3D7_0918400	154.0	145.0	146.0	174.0	78.0	90.0	137.0	86.0	59.0	93.0	97.0	74.0	46.0	142.0
PF3D7_0918500	796.0	754.0	960.0	528.0	404.0	312.0	1141.0	600.0	637.0	338.0	1198.0	196.0	1052.0	436.0
PF3D7_0918600	345.0	286.0	373.0	254.0	201.0	174.0	270.0	811.0	367.0	476.0	577.0	351.0	475.0	457.0
PF3D7_0918700	929.0	917.0	942.0	640.0	576.0	411.0	591.0	440.0	254.0	453.0	278.0	378.0	142.0	464.0
PF3D7_0918800	749.0	662.0	912.0	464.0	581.0	315.0	490.0	1746.0	631.0	1077.0	790.0	753.0	564.0	745.0
PF3D7_0918900	3057.0	2232.0	2995.0	1709.0	1809.0	1182.0	1771.0	6371.0	2964.0	4617.0	5188.0	2839.0	3480.0	2942.0
PF3D7_0919000	4190.0	4084.0	4469.0	3672.0	2720.0	2691.0	4552.0	4397.0	3980.0	3109.0	7149.0	2060.0	5082.0	5063.0
PF3D7_0919100	1322.0	1094.0	1478.0	830.0	808.0	666.0	1123.0	2006.0	1163.0	1360.0	1584.0	1013.0	1159.0	1580.0
PF3D7_0919200	230.0	245.0	208.0	110.0	95.0	62.0	145.0	420.0	97.0	303.0	92.0	166.0	50.0	180.0
PF3D7_0919300	38.0	46.0	37.0	24.0	19.0	16.0	80.0	24.0	28.0	29.0	21.0	30.0	0.0	17.0
PF3D7_0919400	814.0	749.0	674.0	537.0	357.0	324.0	848.0	379.0	229.0	299.0	551.0	189.0	592.0	588.0
PF3D7_0919500	28.0	28.0	25.0	40.0	17.0	19.0	23.0	16.0	0.0	0.0	15.0	16.0	13.0	20.0
PF3D7_0919600	151.0	145.0	113.0	99.0	52.0	54.0	128.0	183.0	197.0	81.0	300.0	52.0	270.0	118.0
PF3D7_0919700	54.0	48.0	60.0	30.0	23.0	17.0	56.0	340.0	217.0	137.0	195.0	89.0	182.0	68.0
PF3D7_0919800	1320.0	1127.0	1580.0	928.0	1094.0	612.0	1716.0	1587.0	2841.0	796.0	788.0	624.0	757.0	1246.0
PF3D7_0919900	3534.0	2655.0	3203.0	1947.0	1494.0	1012.0	2702.0	1856.0	1371.0	1445.0	1743.0	1004.0	1651.0	2542.0
PF3D7_0920000	485.0	399.0	277.0	290.0	168.0	124.0	489.0	328.0	225.0	207.0	242.0	156.0	223.0	275.0
PF3D7_0920100	168.0	139.0	193.0	137.0	108.0	95.0	189.0	432.0	226.0	260.0	353.0	131.0	229.0	240.0
PF3D7_0920200	677.0	569.0	542.0	481.0	317.0	332.0	468.0	800.0	505.0	616.0	1090.0	421.0	920.0	744.0
PF3D7_0920300	19.0	18.0	21.0	16.0	0.0	18.0	38.0	24.0	12.0	11.0	13.0	10.0	17.0	22.0
PF3D7_0920400	574.0	423.0	505.0	326.0	293.0	208.0	345.0	1039.0	561.0	674.0	954.0	551.0	854.0	554.0
PF3D7_0920500	151.0	132.0	165.0	112.0	59.0	49.0	177.0	139.0	104.0	83.0	91.0	44.0	52.0	128.0
PF3D7_0920600	484.0	378.0	464.0	331.0	274.0	204.0	323.0	545.0	315.0	363.0	623.0	278.0	523.0	398.0
PF3D7_0920700	409.0	332.0	373.0	247.0	178.0	112.0	362.0	409.0	247.0	281.0	333.0	175.0	266.0	341.0
PF3D7_0920800	1291.0	1252.0	1375.0	882.0	1081.0	792.0	936.0	2742.0	1817.0	1774.0	2449.0	1322.0	1821.0	1903.0
PF3D7_0920900	705.0	631.0	746.0	513.0	468.0	333.0	479.0	1071.0	592.0	711.0	911.0	548.0	654.0	815.0
PF3D7_0921000	205.0	300.0	239.0	206.0	88.0	141.0	349.0	505.0	665.0	189.0	765.0	153.0	506.0	394.0
PF3D7_0921100	89.0	71.0	84.0	67.0	49.0	30.0	97.0	223.0	124.0	106.0	166.0	73.0	129.0	95.0
PF3D7_0921200	1904.0	1839.0	1938.0	1400.0	1423.0	972.0	1302.0	3754.0	2199.0	2529.0	3292.0	1956.0	2377.0	3159.0
PF3D7_0921300	171.0	113.0	174.0	107.0	111.0	63.0	94.0	331.0	103.0	314.0	246.0	197.0	159.0	121.0
PF3D7_0921400	25.0	13.0	24.0	10.0	20.0	0.0	17.0	25.0	0.0	18.0	29.0	11.0	28.0	10.0
PF3D7_0921500	43.0	32.0	35.0	21.0	20.0	15.0	23.0	60.0	32.0	40.0	72.0	22.0	84.0	41.0
PF3D7_0921600	1071.0	996.0	1296.0	775.0	795.0	566.0	788.0	1698.0	1120.0	1110.0	1551.0	843.0	1142.0	1314.0
PF3D7_0921700	414.0	300.0	397.0	226.0	215.0	133.0	329.0	557.0	338.0	390.0	649.0	294.0	509.0	415.0
PF3D7_0921800	321.0	280.0	384.0	215.0	195.0	146.0	210.0	572.0	322.0	331.0	379.0	245.0	235.0	365.0
PF3D7_0921900	1123.0	736.0	1454.0	853.0	911.0	640.0	854.0	1981.0	970.0	1411.0	1634.0	1087.0	916.0	1575.0
PF3D7_0922000	104.0	115.0	98.0	124.0	75.0	54.0	92.0	110.0	71.0	76.0	84.0	65.0	62.0	119.0
PF3D7_0922100	6484.0	5230.0	7331.0	4492.0	4313.0	3436.0	4855.0	7615.0	4505.0	6297.0	7115.0	4453.0	4832.0	7450.0
PF3D7_0922200	6675.0	5998.0	5735.0	3868.0	3490.0	2828.0	6481.0	11261.0	7949.0	7493.0	15926.0	5222.0	14602.0	7133.0
PF3D7_0922300	75.0	76.0	94.0	51.0	31.0	24.0	115.0	56.0	52.0	23.0	43.0	23.0	26.0	55.0
PF3D7_0922400	132.0	148.0	113.0	146.0	68.0	69.0	121.0	126.0	121.0	98.0	229.0	85.0	175.0	134.0
PF3D7_0922500	3173.0	3770.0	3025.0	3318.0	1863.0	2796.0	3270.0	11232.0	11783.0	8533.0	26128.0	5576.0	18840.0	12851.0
PF3D7_0922600	3062.0	2704.0	3134.0	2113.0	1882.0	1587.0	1890.0	3514.0	2015.0	2309.0	2870.0	1893.0	2521.0	4040.0
PF3D7_0922700	494.0	315.0	493.0	362.0	319.0	247.0	374.0	577.0	379.0	489.0	684.0	341.0	415.0	474.0
PF3D7_0922800	1795.0	1635.0	1943.0	1474.0	1002.0	738.0	1488.0	2291.0	1709.0	1467.0	2837.0	1086.0	2287.0	1682.0
PF3D7_0922900	75.0	64.0	82.0	62.0	45.0	27.0	86.0	51.0	28.0	53.0	51.0	52.0	36.0	66.0
PF3D7_0923000	325.0	248.0	335.0	185.0	211.0	130.0	236.0	621.0	324.0	436.0	456.0	340.0	351.0	329.0
PF3D7_0923100	19.0	27.0	22.0	13.0	16.0	11.0	28.0	36.0	18.0	19.0	31.0	18.0	24.0	22.0
PF3D7_0923200	669.0	729.0	711.0	603.0	565.0	439.0	485.0	1534.0	1056.0	1120.0	1401.0	896.0	948.0	1237.0
PF3D7_0923300	111.0	137.0	98.0	116.0	89.0	86.0	110.0	198.0	132.0	154.0	141.0	100.0	83.0	287.0
PF3D7_0923400	1170.0	813.0	1485.0	768.0	1173.0	501.0	699.0	2414.0	1149.0	1947.0	1602.0	1497.0	1180.0	1595.0
PF3D7_0923500	151.0	103.0	162.0	70.0	71.0	36.0	159.0	150.0	105.0	91.0	91.0	85.0	71.0	70.0
PF3D7_0923600	44.0	67.0	59.0	53.0	46.0	30.0	65.0	97.0	66.0	45.0	110.0	44.0	97.0	91.0
PF3D7_0923700	25.0	26.0	30.0	36.0	22.0	16.0	38.0	27.0	49.0	13.0	17.0	33.0	10.0	46.0
PF3D7_0923800	412.0	402.0	399.0	285.0	207.0	196.0	356.0	510.0	487.0	362.0	1296.0	206.0	1116.0	455.0
PF3D7_0923900	1399.0	1084.0	1796.0	1000.0	1206.0	742.0	1290.0	2246.0	1461.0	1752.0	2614.0	1179.0	1635.0	1885.0
PF3D7_0924000	2585.0	1966.0	2218.0	1507.0	1162.0	967.0	1879.0	2301.0	1155.0	1580.0	1346.0	1037.0	1047.0	2419.0
PF3D7_0924100	348.0	201.0	480.0	169.0	307.0	107.0	175.0	1073.0	348.0	808.0	492.0	680.0	352.0	314.0
PF3D7_0924200	283.0	233.0	337.0	177.0	163.0	112.0	176.0	643.0	370.0	399.0	585.0	255.0	468.0	361.0
PF3D7_0924300	115.0	65.0	119.0	62.0	65.0	48.0	92.0	116.0	70.0	78.0	131.0	43.0	136.0	83.0
PF3D7_0924400	2838.0	2239.0	2857.0	1905.0	1612.0	1228.0	2473.0	3072.0	1862.0	2434.0	3012.0	1648.0	2234.0	2755.0
PF3D7_0924500	514.0	448.0	410.0	264.0	186.0	199.0	376.0	329.0	386.0	226.0	451.0	164.0	430.0	493.0
PF3D7_0924600	870.0	744.0	858.0	612.0	566.0	374.0	498.0	480.0	284.0	444.0	400.0	367.0	330.0	895.0
PF3D7_0924700	791.0	467.0	924.0	459.0	718.0	322.0	493.0	1221.0	440.0	1102.0	742.0	839.0	556.0	690.0
PF3D7_0924800	19.0	13.0	17.0	24.0	0.0	0.0	20.0	15.0	11.0	0.0	11.0	0.0	0.0	0.0
PF3D7_0924900	18.0	24.0	31.0	22.0	13.0	11.0	11.0	18.0	10.0	17.0	0.0	12.0	0.0	0.0
PF3D7_0925000	98.0	83.0	125.0	109.0	64.0	42.0	153.0	69.0	43.0	32.0	69.0	44.0	52.0	57.0
PF3D7_0925100	50.0	50.0	51.0	53.0	34.0	18.0	49.0	24.0	17.0	11.0	15.0	21.0	14.0	39.0
PF3D7_0925200	719.0	616.0	883.0	627.0	522.0	503.0	602.0	1079.0	598.0	756.0	973.0	573.0	576.0	986.0
PF3D7_0925300	319.0	322.0	331.0	221.0	133.0	142.0	248.0	415.0	284.0	232.0	594.0	138.0	524.0	380.0
PF3D7_0925400	370.0	183.0	301.0	424.0	318.0	162.0	300.0	539.0	214.0	562.0	474.0	485.0	354.0	241.0
PF3D7_0925500	78.0	60.0	80.0	70.0	47.0	26.0	85.0	118.0	109.0	66.0	117.0	47.0	80.0	56.0
PF3D7_0925600	35.0	28.0	53.0	40.0	25.0	22.0	83.0	37.0	24.0	35.0	54.0	36.0	37.0	49.0
PF3D7_0925700	1141.0	1001.0	999.0	810.0	748.0	588.0	860.0	2963.0	1470.0	2117.0	2391.0	1550.0	2148.0	2531.0
PF3D7_0925800	931.0	899.0	848.0	711.0	423.0	455.0	848.0	1616.0	1189.0	1027.0	2036.0	679.0	1703.0	1755.0
PF3D7_0925900	1680.0	1956.0	1643.0	1598.0	838.0	945.0	2185.0	3148.0	2430.0	1396.0	2464.0	1183.0	1896.0	2269.0
PF3D7_0926000	376.0	407.0	405.0	397.0	199.0	244.0	274.0	622.0	394.0	320.0	605.0	245.0	479.0	589.0
PF3D7_0926100	10486.0	9607.0	11077.0	6539.0	6173.0	5306.0	6882.0	12314.0	7891.0	8005.0	9773.0	6684.0	7562.0	11758.0
PF3D7_0926200	182.0	160.0	186.0	136.0	88.0	100.0	158.0	317.0	187.0	205.0	295.0	140.0	216.0	276.0
PF3D7_0926300	387.0	394.0	409.0	410.0	265.0	286.0	398.0	321.0	222.0	305.0	336.0	248.0	211.0	489.0
PF3D7_0926400	647.0	438.0	513.0	294.0	396.0	254.0	419.0	690.0	275.0	437.0	504.0	329.0	542.0	443.0
PF3D7_0926500	2445.0	1695.0	2115.0	1437.0	1207.0	781.0	1878.0	1769.0	704.0	1264.0	1140.0	888.0	1040.0	1327.0
PF3D7_0926600	226.0	250.0	266.0	208.0	184.0	140.0	177.0	211.0	132.0	210.0	107.0	190.0	85.0	281.0
PF3D7_0926700	464.0	430.0	339.0	321.0	203.0	235.0	325.0	996.0	915.0	626.0	1798.0	364.0	1598.0	1020.0
PF3D7_0926800	470.0	425.0	489.0	387.0	247.0	206.0	339.0	478.0	294.0	337.0	568.0	202.0	511.0	471.0
PF3D7_0926900	186.0	151.0	287.0	179.0	142.0	130.0	183.0	281.0	133.0	213.0	227.0	132.0	132.0	149.0
PF3D7_0927000	69.0	71.0	80.0	55.0	44.0	38.0	69.0	106.0	70.0	92.0	89.0	52.0	55.0	43.0
PF3D7_0927100	384.0	341.0	352.0	342.0	160.0	158.0	415.0	230.0	186.0	125.0	335.0	99.0	312.0	219.0
PF3D7_0927200	1419.0	1092.0	1316.0	1053.0	750.0	508.0	1360.0	1453.0	417.0	1061.0	604.0	709.0	470.0	875.0
PF3D7_0927300	382.0	332.0	329.0	371.0	234.0	187.0	404.0	305.0	184.0	332.0	314.0	262.0	239.0	296.0
PF3D7_0927400	121.0	180.0	136.0	122.0	67.0	82.0	86.0	124.0	98.0	121.0	88.0	78.0	81.0	177.0
PF3D7_0927500	45.0	44.0	31.0	32.0	12.0	17.0	56.0	21.0	19.0	10.0	21.0	10.0	12.0	25.0
PF3D7_0927600	580.0	402.0	571.0	323.0	299.0	187.0	482.0	573.0	360.0	539.0	901.0	277.0	719.0	439.0
PF3D7_0927700	146.0	142.0	106.0	95.0	72.0	50.0	156.0	214.0	136.0	98.0	216.0	86.0	198.0	129.0
PF3D7_0927800	135.0	117.0	103.0	80.0	68.0	34.0	181.0	124.0	93.0	61.0	149.0	62.0	132.0	78.0
PF3D7_0927900	715.0	508.0	553.0	347.0	291.0	190.0	531.0	838.0	386.0	500.0	687.0	414.0	552.0	588.0
PF3D7_0928000	217.0	155.0	277.0	127.0	72.0	69.0	195.0	253.0	155.0	151.0	231.0	80.0	149.0	127.0
PF3D7_0928100	246.0	252.0	318.0	226.0	135.0	125.0	243.0	214.0	121.0	154.0	139.0	96.0	111.0	299.0
PF3D7_0928150	22.0	25.0	19.0	39.0	11.0	16.0	28.0	26.0	0.0	12.0	21.0	11.0	14.0	42.0
PF3D7_0928200	744.0	626.0	708.0	553.0	396.0	404.0	571.0	1469.0	833.0	899.0	1165.0	601.0	916.0	1076.0
PF3D7_0928300	191.0	123.0	225.0	99.0	101.0	65.0	147.0	395.0	135.0	304.0	220.0	219.0	163.0	178.0
PF3D7_0928400	35.0	42.0	40.0	27.0	21.0	14.0	35.0	42.0	22.0	46.0	27.0	37.0	23.0	34.0
PF3D7_0928500	443.0	360.0	501.0	504.0	398.0	278.0	330.0	840.0	418.0	774.0	623.0	560.0	406.0	654.0
PF3D7_0928600	54.0	43.0	60.0	42.0	19.0	14.0	80.0	248.0	137.0	96.0	99.0	66.0	45.0	114.0
PF3D7_0928700	328.0	305.0	262.0	270.0	149.0	177.0	290.0	461.0	352.0	272.0	573.0	198.0	458.0	354.0
PF3D7_0928800	329.0	318.0	366.0	324.0	232.0	172.0	279.0	501.0	266.0	338.0	390.0	205.0	321.0	389.0
PF3D7_0928900	128.0	116.0	143.0	120.0	95.0	75.0	129.0	493.0	260.0	366.0	343.0	281.0	204.0	321.0
PF3D7_0929000	857.0	774.0	937.0	621.0	660.0	467.0	591.0	1222.0	635.0	785.0	778.0	686.0	617.0	866.0
PF3D7_0929100	179.0	163.0	137.0	110.0	97.0	91.0	197.0	187.0	169.0	115.0	312.0	70.0	238.0	158.0
PF3D7_0929200	1225.0	970.0	1091.0	847.0	655.0	570.0	968.0	1123.0	713.0	801.0	1069.0	608.0	747.0	1174.0
PF3D7_0929300	417.0	388.0	492.0	328.0	239.0	232.0	273.0	715.0	196.0	488.0	383.0	316.0	295.0	484.0
PF3D7_0929400	6699.0	7767.0	4440.0	3247.0	2084.0	1420.0	4388.0	2009.0	2212.0	1337.0	3242.0	530.0	1635.0	5907.0
PF3D7_0929500	20.0	21.0	15.0	17.0	21.0	14.0	16.0	10.0	10.0	24.0	13.0	14.0	0.0	19.0
PF3D7_0929600	59.0	53.0	78.0	63.0	51.0	38.0	31.0	56.0	32.0	41.0	32.0	22.0	32.0	55.0
PF3D7_0929700	84.0	90.0	59.0	44.0	30.0	35.0	56.0	95.0	59.0	44.0	111.0	38.0	129.0	68.0
PF3D7_0929800	11.0	0.0	0.0	0.0	0.0	0.0	11.0	12.0	0.0	0.0	12.0	0.0	0.0	0.0
PF3D7_0929900	31.0	27.0	38.0	28.0	0.0	17.0	42.0	32.0	24.0	19.0	48.0	13.0	32.0	25.0
PF3D7_0930000	31.0	34.0	19.0	22.0	22.0	10.0	18.0	21.0	0.0	14.0	18.0	12.0	0.0	33.0
PF3D7_0930100	386.0	297.0	498.0	254.0	258.0	156.0	353.0	828.0	335.0	428.0	504.0	297.0	448.0	475.0
PF3D7_0930200	144.0	143.0	152.0	126.0	73.0	56.0	267.0	110.0	105.0	101.0	71.0	68.0	50.0	201.0
PF3D7_0930300	19687.0	21094.0	13703.0	9400.0	6212.0	4725.0	15165.0	5573.0	6953.0	4119.0	8928.0	1855.0	4936.0	19803.0
PF3D7_0930400	2434.0	2203.0	2671.0	2122.0	1560.0	1459.0	2138.0	2850.0	1730.0	1970.0	2703.0	1552.0	1654.0	3009.0
PF3D7_0930500	1542.0	1344.0	1733.0	1129.0	1071.0	774.0	1037.0	1945.0	1000.0	1386.0	1196.0	1029.0	881.0	1553.0
PF3D7_0930600	921.0	832.0	1107.0	823.0	689.0	603.0	635.0	1627.0	862.0	1086.0	1337.0	851.0	945.0	1230.0
PF3D7_0930700	143.0	115.0	137.0	85.0	79.0	67.0	90.0	218.0	144.0	154.0	178.0	137.0	129.0	127.0
PF3D7_0930800	1569.0	1510.0	1382.0	1204.0	654.0	730.0	1372.0	2113.0	1902.0	1227.0	3398.0	901.0	3092.0	1946.0
PF3D7_0930900	82.0	81.0	66.0	74.0	18.0	42.0	88.0	131.0	73.0	56.0	81.0	51.0	63.0	107.0
PF3D7_0931000	614.0	504.0	581.0	392.0	272.0	236.0	455.0	443.0	296.0	364.0	479.0	250.0	431.0	523.0
PF3D7_0931100	2177.0	1662.0	3147.0	1408.0	2011.0	970.0	1554.0	3726.0	1405.0	3262.0	1800.0	2570.0	1005.0	1883.0
PF3D7_0931200	116.0	124.0	104.0	102.0	36.0	55.0	92.0	187.0	126.0	58.0	158.0	53.0	151.0	141.0
PF3D7_0931300	69.0	41.0	146.0	46.0	104.0	20.0	49.0	196.0	55.0	247.0	79.0	258.0	39.0	137.0
PF3D7_0931400	590.0	474.0	663.0	449.0	316.0	265.0	547.0	1218.0	912.0	800.0	1807.0	504.0	1192.0	918.0
PF3D7_0931500	122.0	115.0	171.0	68.0	47.0	28.0	143.0	193.0	97.0	59.0	70.0	64.0	63.0	71.0
PF3D7_0931600	18.0	28.0	34.0	20.0	12.0	13.0	18.0	22.0	13.0	24.0	24.0	16.0	10.0	26.0
PF3D7_0931700	147.0	155.0	173.0	168.0	106.0	98.0	135.0	197.0	322.0	113.0	90.0	73.0	74.0	296.0
PF3D7_0931800	532.0	462.0	418.0	340.0	267.0	247.0	438.0	999.0	714.0	565.0	1463.0	356.0	1187.0	636.0
PF3D7_0931900	63.0	57.0	51.0	41.0	24.0	23.0	50.0	37.0	21.0	23.0	30.0	16.0	26.0	59.0
PF3D7_0932000	109.0	117.0	113.0	103.0	74.0	45.0	195.0	86.0	82.0	43.0	51.0	23.0	26.0	122.0
PF3D7_0932100	1497.0	1177.0	1585.0	832.0	761.0	567.0	780.0	926.0	467.0	629.0	636.0	378.0	626.0	1236.0
PF3D7_0932200	1067.0	1333.0	762.0	676.0	375.0	411.0	1300.0	589.0	824.0	329.0	1633.0	162.0	1556.0	1449.0
PF3D7_0932300	424.0	324.0	283.0	374.0	201.0	175.0	349.0	1102.0	1017.0	811.0	2019.0	491.0	1590.0	894.0
PF3D7_0932400	337.0	258.0	283.0	247.0	183.0	137.0	302.0	266.0	181.0	182.0	389.0	132.0	317.0	249.0
PF3D7_0932500	201.0	130.0	173.0	165.0	143.0	78.0	150.0	146.0	118.0	112.0	145.0	75.0	135.0	139.0
PF3D7_0932600	141.0	83.0	111.0	79.0	88.0	50.0	101.0	164.0	101.0	73.0	171.0	65.0	146.0	132.0
PF3D7_0932700	229.0	232.0	205.0	187.0	119.0	127.0	187.0	358.0	245.0	236.0	412.0	107.0	319.0	322.0
PF3D7_0932800	1455.0	1306.0	1409.0	825.0	863.0	588.0	1171.0	3302.0	1876.0	2224.0	3069.0	1623.0	2790.0	1971.0
PF3D7_0932900	38.0	39.0	31.0	23.0	16.0	24.0	71.0	33.0	129.0	23.0	23.0	15.0	14.0	52.0
PF3D7_0933000	1752.0	1283.0	2117.0	1013.0	1507.0	763.0	1079.0	2701.0	1256.0	1877.0	1677.0	1433.0	1233.0	1780.0
PF3D7_0933100	359.0	347.0	348.0	248.0	188.0	177.0	271.0	377.0	205.0	314.0	201.0	211.0	175.0	445.0
PF3D7_0933200	229.0	161.0	225.0	172.0	128.0	76.0	297.0	399.0	278.0	248.0	569.0	166.0	372.0	277.0
PF3D7_0933300	440.0	424.0	436.0	382.0	207.0	254.0	460.0	560.0	378.0	306.0	600.0	210.0	528.0	548.0
PF3D7_0933400	128.0	140.0	143.0	146.0	54.0	65.0	119.0	138.0	102.0	80.0	203.0	49.0	171.0	148.0
PF3D7_0933500	1471.0	1172.0	1419.0	1162.0	780.0	550.0	1276.0	1740.0	1046.0	1127.0	1993.0	792.0	1727.0	1350.0
PF3D7_0933600	756.0	620.0	717.0	613.0	384.0	381.0	683.0	1340.0	1088.0	976.0	2019.0	647.0	1456.0	1227.0
PF3D7_0933700	29.0	24.0	16.0	24.0	11.0	19.0	36.0	14.0	16.0	12.0	30.0	26.0	38.0	38.0
PF3D7_0933800	129.0	138.0	109.0	122.0	83.0	69.0	87.0	111.0	69.0	87.0	74.0	71.0	84.0	136.0
PF3D7_0933900	976.0	1046.0	1268.0	636.0	505.0	466.0	999.0	1652.0	1374.0	784.0	1523.0	617.0	1168.0	789.0
PF3D7_0934000	233.0	175.0	245.0	191.0	137.0	124.0	130.0	556.0	253.0	259.0	395.0	167.0	294.0	309.0
PF3D7_0934100	680.0	570.0	649.0	577.0	411.0	376.0	614.0	1444.0	742.0	1059.0	1292.0	711.0	939.0	1186.0
PF3D7_0934200	46.0	37.0	53.0	26.0	0.0	0.0	40.0	61.0	35.0	24.0	48.0	15.0	37.0	23.0
PF3D7_0934300	35.0	49.0	57.0	43.0	35.0	11.0	66.0	52.0	35.0	21.0	51.0	20.0	69.0	41.0
PF3D7_0934400	183.0	153.0	193.0	153.0	99.0	67.0	156.0	232.0	207.0	174.0	415.0	89.0	292.0	215.0
PF3D7_0934500	707.0	626.0	627.0	489.0	393.0	310.0	646.0	1346.0	853.0	1072.0	1454.0	604.0	999.0	1084.0
PF3D7_0934600	29.0	44.0	49.0	36.0	23.0	21.0	43.0	40.0	34.0	16.0	20.0	22.0	0.0	53.0
PF3D7_0934700	2130.0	1680.0	1978.0	1415.0	1105.0	913.0	1757.0	2900.0	1587.0	2070.0	2761.0	1498.0	2065.0	2360.0
PF3D7_0934800	757.0	732.0	646.0	361.0	254.0	140.0	513.0	320.0	297.0	209.0	271.0	125.0	146.0	714.0
PF3D7_0934900	170.0	203.0	186.0	154.0	72.0	99.0	186.0	142.0	120.0	100.0	94.0	62.0	66.0	213.0
PF3D7_0935000	145.0	122.0	156.0	84.0	86.0	89.0	143.0	183.0	105.0	97.0	135.0	85.0	93.0	147.0
PF3D7_0935100	75.0	121.0	166.0	73.0	36.0	32.0	104.0	206.0	141.0	54.0	79.0	46.0	81.0	64.0
PF3D7_0935200	1466.0	1239.0	1881.0	1242.0	1113.0	897.0	1034.0	2514.0	1132.0	1878.0	1911.0	1397.0	1335.0	1643.0
PF3D7_0935300	33.0	44.0	45.0	44.0	20.0	16.0	41.0	36.0	29.0	18.0	37.0	25.0	23.0	21.0
PF3D7_0935390	343.0	242.0	292.0	203.0	175.0	124.0	294.0	250.0	135.0	139.0	179.0	131.0	210.0	159.0
PF3D7_0935400	309.0	253.0	254.0	182.0	188.0	102.0	216.0	235.0	134.0	211.0	258.0	119.0	329.0	276.0
PF3D7_0935500	674.0	545.0	732.0	572.0	486.0	390.0	593.0	838.0	479.0	622.0	652.0	516.0	456.0	826.0
PF3D7_0935600	4670.0	4351.0	5139.0	3070.0	3366.0	2614.0	3824.0	1477.0	840.0	1080.0	921.0	1092.0	483.0	1951.0
PF3D7_0935700	615.0	659.0	683.0	616.0	405.0	466.0	529.0	681.0	320.0	431.0	364.0	294.0	176.0	581.0
PF3D7_0935800	1849.0	2299.0	1256.0	1143.0	624.0	614.0	1681.0	549.0	692.0	416.0	917.0	211.0	470.0	1729.0
PF3D7_0935900	18749.0	20031.0	22643.0	23675.0	15691.0	22406.0	18263.0	19129.0	15758.0	16751.0	23126.0	13690.0	9916.0	50663.0
PF3D7_0936000	1389.0	1982.0	2033.0	2146.0	1219.0	1905.0	1608.0	2459.0	2158.0	1446.0	1840.0	1561.0	1038.0	3876.0
PF3D7_0936100	595.0	634.0	427.0	594.0	186.0	258.0	1267.0	519.0	559.0	271.0	601.0	176.0	388.0	858.0
PF3D7_0936200	250.0	170.0	321.0	181.0	179.0	96.0	265.0	2113.0	734.0	1113.0	760.0	755.0	422.0	1333.0
PF3D7_0936300	11105.0	13788.0	10904.0	12167.0	7482.0	10308.0	10537.0	5804.0	5429.0	4022.0	6005.0	3532.0	3472.0	12702.0
PF3D7_0936400	510.0	612.0	511.0	351.0	443.0	231.0	398.0	754.0	472.0	453.0	356.0	434.0	249.0	671.0
PF3D7_0936500	131.0	106.0	134.0	127.0	78.0	57.0	163.0	95.0	70.0	60.0	74.0	49.0	49.0	129.0
PF3D7_0936600	1803.0	2032.0	1170.0	1510.0	946.0	1171.0	2066.0	1464.0	1239.0	801.0	1264.0	836.0	968.0	2172.0
PF3D7_0936700	542.0	354.0	377.0	133.0	366.0	144.0	135.0	446.0	119.0	426.0	174.0	370.0	140.0	167.0
PF3D7_0936800	1832.0	1551.0	2201.0	1458.0	1937.0	989.0	1467.0	11334.0	6501.0	9469.0	8491.0	6918.0	4411.0	17061.0
PF3D7_0936900	83.0	75.0	97.0	159.0	85.0	94.0	63.0	104.0	69.0	113.0	71.0	96.0	48.0	126.0
PF3D7_0937000	83.0	79.0	67.0	97.0	30.0	53.0	89.0	50.0	34.0	40.0	56.0	36.0	41.0	101.0
PF3D7_0937100	23.0	24.0	22.0	28.0	0.0	15.0	42.0	25.0	17.0	10.0	22.0	22.0	17.0	21.0
PF3D7_0937200	87.0	90.0	80.0	113.0	47.0	61.0	82.0	79.0	55.0	43.0	92.0	25.0	52.0	124.0
PF3D7_0937300	0.0	15.0	37.0	29.0	14.0	12.0	13.0	67.0	28.0	29.0	23.0	30.0	18.0	40.0
PF3D7_0937400	72.0	65.0	105.0	78.0	57.0	36.0	27.0	670.0	213.0	378.0	189.0	189.0	107.0	310.0
PF3D7_0937500	66.0	77.0	129.0	127.0	75.0	68.0	28.0	298.0	109.0	139.0	126.0	78.0	68.0	240.0
PF3D7_0937600	51.0	31.0	46.0	52.0	35.0	23.0	25.0	62.0	55.0	71.0	53.0	74.0	46.0	88.0
PF3D7_0937700	59.0	75.0	118.0	108.0	62.0	51.0	32.0	146.0	79.0	126.0	77.0	105.0	43.0	129.0
PF3D7_0937800	1508.0	1471.0	2187.0	2387.0	1626.0	1186.0	913.0	2529.0	1561.0	2037.0	1682.0	1515.0	965.0	3483.0
PF3D7_1000100	1118.0	1083.0	1583.0	1523.0	1070.0	726.0	608.0	2026.0	1513.0	1353.0	1076.0	1014.0	653.0	2637.0
PF3D7_1000200	94.0	127.0	172.0	156.0	84.0	93.0	32.0	566.0	389.0	329.0	369.0	186.0	240.0	459.0
PF3D7_1000300	20.0	16.0	36.0	29.0	21.0	0.0	0.0	33.0	12.0	15.0	11.0	12.0	0.0	20.0
PF3D7_1000400	80.0	84.0	111.0	123.0	72.0	58.0	46.0	376.0	155.0	225.0	144.0	110.0	95.0	291.0
PF3D7_1000500	65.0	37.0	80.0	86.0	49.0	39.0	31.0	208.0	67.0	120.0	74.0	75.0	48.0	123.0
PF3D7_1000600	66.0	57.0	82.0	72.0	58.0	42.0	28.0	391.0	74.0	338.0	87.0	218.0	58.0	131.0
PF3D7_1000700	0.0	0.0	0.0	0.0	0.0	0.0	0.0	11.0	0.0	0.0	0.0	0.0	0.0	0.0
PF3D7_1000800	19.0	17.0	12.0	17.0	17.0	17.0	0.0	81.0	37.0	40.0	33.0	27.0	33.0	30.0
PF3D7_1000900	12.0	13.0	18.0	17.0	15.0	10.0	10.0	20.0	13.0	30.0	13.0	16.0	0.0	27.0
PF3D7_1001000	139.0	87.0	154.0	50.0	85.0	29.0	69.0	994.0	523.0	760.0	569.0	512.0	400.0	554.0
PF3D7_1001100	333.0	291.0	467.0	235.0	302.0	169.0	258.0	248.0	189.0	118.0	142.0	111.0	57.0	279.0
PF3D7_1001200	171.0	341.0	208.0	118.0	78.0	62.0	487.0	1118.0	1880.0	175.0	722.0	113.0	616.0	326.0
PF3D7_1001300	93.0	131.0	84.0	86.0	35.0	73.0	79.0	99.0	142.0	49.0	224.0	49.0	244.0	93.0
PF3D7_1001400	4039.0	3972.0	3719.0	2958.0	2881.0	2560.0	2327.0	4424.0	2476.0	3642.0	3032.0	3338.0	1775.0	4508.0
PF3D7_1001500	8696.0	12351.0	14556.0	15541.0	7637.0	14101.0	12817.0	19480.0	19567.0	7704.0	15434.0	6775.0	7173.0	35826.0
PF3D7_1001600	2655.0	1831.0	2452.0	1141.0	1582.0	831.0	1733.0	4644.0	1225.0	3148.0	2622.0	1878.0	2427.0	2058.0
PF3D7_1001700	1329.0	1130.0	1732.0	1101.0	910.0	902.0	1213.0	1314.0	815.0	783.0	899.0	545.0	534.0	1364.0
PF3D7_1001800	1441.0	1223.0	1500.0	870.0	873.0	707.0	1055.0	466.0	313.0	356.0	391.0	250.0	218.0	589.0
PF3D7_1001900	1043.0	1099.0	1137.0	970.0	934.0	848.0	838.0	984.0	496.0	626.0	518.0	607.0	391.0	917.0
PF3D7_1002000	1218.0	1120.0	1223.0	857.0	871.0	689.0	726.0	505.0	236.0	435.0	237.0	366.0	137.0	601.0
PF3D7_1002100	8631.0	9023.0	10058.0	7901.0	6457.0	6815.0	8054.0	4591.0	2798.0	3485.0	3682.0	2601.0	1931.0	7446.0
PF3D7_1002200	3255.0	2242.0	3299.0	1376.0	2206.0	1272.0	1631.0	12218.0	1710.0	10157.0	2436.0	6353.0	1471.0	3890.0
PF3D7_1002300	41.0	24.0	25.0	23.0	14.0	28.0	30.0	36.0	26.0	30.0	56.0	21.0	48.0	36.0
PF3D7_1002400	4087.0	3746.0	4661.0	3287.0	3228.0	2640.0	3817.0	4825.0	4527.0	2770.0	6807.0	2031.0	4398.0	5354.0
PF3D7_1002500	141.0	124.0	136.0	125.0	77.0	74.0	136.0	314.0	219.0	167.0	355.0	108.0	270.0	202.0
PF3D7_1002600	156.0	125.0	181.0	74.0	62.0	54.0	116.0	363.0	187.0	177.0	292.0	124.0	252.0	161.0
PF3D7_1002700	740.0	358.0	808.0	353.0	468.0	194.0	341.0	982.0	358.0	886.0	530.0	654.0	479.0	456.0
PF3D7_1002800	535.0	444.0	616.0	402.0	330.0	209.0	529.0	604.0	371.0	488.0	747.0	374.0	660.0	510.0
PF3D7_1002900	186.0	212.0	265.0	146.0	109.0	101.0	246.0	230.0	163.0	131.0	147.0	89.0	113.0	111.0
PF3D7_1003000	472.0	358.0	434.0	247.0	185.0	177.0	254.0	223.0	171.0	168.0	148.0	118.0	99.0	429.0
PF3D7_1003100	48.0	50.0	56.0	51.0	27.0	23.0	71.0	41.0	45.0	31.0	70.0	23.0	57.0	44.0
PF3D7_1003200	59.0	33.0	55.0	31.0	25.0	17.0	77.0	134.0	54.0	67.0	91.0	30.0	83.0	57.0
PF3D7_1003300	129.0	92.0	170.0	71.0	56.0	29.0	102.0	447.0	222.0	149.0	158.0	130.0	124.0	104.0
PF3D7_1003400	966.0	735.0	856.0	566.0	409.0	323.0	513.0	576.0	333.0	399.0	393.0	231.0	239.0	949.0
PF3D7_1003500	1351.0	1411.0	1708.0	1413.0	906.0	926.0	1557.0	3678.0	3354.0	1538.0	3679.0	1258.0	2306.0	2945.0
PF3D7_1003600	688.0	656.0	523.0	342.0	158.0	137.0	665.0	377.0	388.0	348.0	301.0	160.0	118.0	711.0
PF3D7_1003700	880.0	633.0	838.0	595.0	501.0	268.0	737.0	928.0	373.0	677.0	559.0	546.0	493.0	710.0
PF3D7_1003800	1855.0	1347.0	1984.0	1268.0	1307.0	1044.0	1060.0	3948.0	2249.0	2739.0	4053.0	2156.0	3060.0	2970.0
PF3D7_1003900	10.0	13.0	15.0	11.0	12.0	0.0	22.0	15.0	22.0	14.0	11.0	0.0	0.0	29.0
PF3D7_1004000	3272.0	3459.0	3368.0	3332.0	1906.0	2710.0	3565.0	8019.0	8576.0	4527.0	13889.0	2591.0	8231.0	10820.0
PF3D7_1004100	152.0	206.0	151.0	188.0	100.0	119.0	201.0	143.0	139.0	129.0	98.0	102.0	83.0	173.0
PF3D7_1004200	1835.0	1697.0	1620.0	1283.0	905.0	891.0	1578.0	2985.0	2100.0	1681.0	3588.0	1224.0	3020.0	2592.0
PF3D7_1004300	7143.0	5306.0	8223.0	3531.0	5358.0	2652.0	4042.0	10061.0	4195.0	7774.0	6613.0	5896.0	4957.0	6097.0
PF3D7_1004400	1934.0	1407.0	1748.0	1430.0	1015.0	636.0	1591.0	8030.0	4479.0	6191.0	7834.0	3804.0	5056.0	4711.0
PF3D7_1004500	330.0	248.0	294.0	255.0	139.0	106.0	267.0	319.0	193.0	209.0	336.0	115.0	292.0	206.0
PF3D7_1004600	132.0	117.0	119.0	167.0	82.0	75.0	135.0	103.0	84.0	106.0	91.0	66.0	60.0	133.0
PF3D7_1004700	125.0	81.0	100.0	52.0	61.0	32.0	77.0	148.0	69.0	82.0	116.0	56.0	121.0	64.0
PF3D7_1004800	135.0	118.0	121.0	73.0	93.0	40.0	108.0	303.0	159.0	166.0	284.0	111.0	267.0	223.0
PF3D7_1004900	268.0	263.0	256.0	228.0	144.0	135.0	274.0	284.0	249.0	150.0	494.0	98.0	410.0	336.0
PF3D7_1005000	168.0	169.0	197.0	141.0	103.0	84.0	152.0	286.0	212.0	172.0	243.0	102.0	179.0	207.0
PF3D7_1005100	821.0	721.0	999.0	663.0	671.0	486.0	526.0	1159.0	729.0	1007.0	955.0	759.0	648.0	1004.0
PF3D7_1005200	24.0	33.0	41.0	35.0	16.0	20.0	38.0	23.0	0.0	13.0	14.0	0.0	0.0	29.0
PF3D7_1005300	12.0	17.0	24.0	15.0	0.0	0.0	23.0	14.0	12.0	0.0	10.0	0.0	0.0	14.0
PF3D7_1005400	13.0	15.0	11.0	10.0	0.0	11.0	0.0	15.0	0.0	13.0	15.0	14.0	0.0	0.0
PF3D7_1005500	2012.0	1813.0	1613.0	1512.0	829.0	883.0	2367.0	2834.0	1980.0	1714.0	3764.0	1089.0	3120.0	2770.0
PF3D7_1005600	1091.0	877.0	1158.0	997.0	635.0	710.0	835.0	1814.0	1008.0	1176.0	1452.0	811.0	965.0	2019.0
PF3D7_1005700	256.0	152.0	186.0	513.0	235.0	162.0	172.0	105.0	87.0	153.0	248.0	384.0	98.0	114.0
PF3D7_1005800	52.0	30.0	50.0	24.0	18.0	21.0	32.0	26.0	21.0	15.0	20.0	20.0	0.0	25.0
PF3D7_1005900	463.0	263.0	438.0	272.0	268.0	150.0	287.0	445.0	182.0	357.0	392.0	240.0	272.0	398.0
PF3D7_1006000	119.0	115.0	120.0	122.0	82.0	74.0	91.0	112.0	57.0	92.0	78.0	61.0	53.0	142.0
PF3D7_1006100	178.0	181.0	190.0	134.0	72.0	80.0	269.0	183.0	180.0	91.0	169.0	75.0	80.0	126.0
PF3D7_1006200	1820.0	1819.0	2564.0	2158.0	1185.0	1641.0	3412.0	3397.0	3392.0	1680.0	4017.0	1246.0	1671.0	3412.0
PF3D7_1006300	21.0	26.0	26.0	29.0	0.0	10.0	33.0	15.0	13.0	0.0	16.0	0.0	0.0	0.0
PF3D7_1006400	272.0	245.0	164.0	194.0	86.0	136.0	236.0	301.0	266.0	171.0	414.0	154.0	424.0	292.0
PF3D7_1006500	75.0	53.0	55.0	36.0	19.0	23.0	69.0	114.0	118.0	48.0	181.0	46.0	156.0	66.0
PF3D7_1006600	239.0	254.0	215.0	292.0	116.0	174.0	310.0	434.0	484.0	224.0	849.0	133.0	571.0	468.0
PF3D7_1006700	885.0	824.0	1028.0	710.0	613.0	516.0	656.0	1279.0	826.0	1072.0	1239.0	746.0	743.0	1169.0
PF3D7_1006800	4102.0	3959.0	5527.0	3968.0	4147.0	3070.0	5503.0	8422.0	6916.0	5384.0	9496.0	3738.0	5290.0	8062.0
PF3D7_1006900	330.0	220.0	281.0	203.0	158.0	122.0	218.0	593.0	254.0	297.0	312.0	198.0	262.0	246.0
PF3D7_1007000	243.0	184.0	229.0	126.0	134.0	77.0	197.0	502.0	298.0	326.0	399.0	239.0	359.0	282.0
PF3D7_1007100	13.0	15.0	17.0	11.0	0.0	0.0	16.0	24.0	14.0	0.0	17.0	0.0	0.0	12.0
PF3D7_1007200	326.0	282.0	348.0	165.0	155.0	92.0	241.0	149.0	135.0	127.0	170.0	65.0	163.0	315.0
PF3D7_1007300	213.0	214.0	209.0	170.0	73.0	84.0	113.0	151.0	123.0	103.0	82.0	67.0	61.0	332.0
PF3D7_1007400	240.0	271.0	226.0	271.0	121.0	176.0	183.0	328.0	252.0	232.0	315.0	172.0	197.0	437.0
PF3D7_1007500	95.0	71.0	111.0	86.0	46.0	54.0	108.0	125.0	108.0	50.0	94.0	56.0	79.0	82.0
PF3D7_1007600	274.0	238.0	324.0	302.0	172.0	176.0	326.0	329.0	289.0	166.0	321.0	147.0	231.0	316.0
PF3D7_1007700	3209.0	2055.0	2786.0	1243.0	1284.0	647.0	2743.0	14487.0	6572.0	7934.0	8388.0	5430.0	6675.0	5389.0
PF3D7_1007800	344.0	332.0	288.0	326.0	214.0	170.0	457.0	347.0	227.0	326.0	252.0	226.0	166.0	550.0
PF3D7_1007900	2391.0	1919.0	2576.0	1666.0	1965.0	1304.0	1858.0	4597.0	2514.0	4011.0	4424.0	2882.0	2879.0	3784.0
PF3D7_1008000	3249.0	2961.0	3622.0	2558.0	2061.0	1929.0	2495.0	5414.0	3625.0	3742.0	5494.0	2907.0	4098.0	5872.0
PF3D7_1008100	4925.0	4353.0	5310.0	3359.0	3138.0	2694.0	3337.0	8833.0	5933.0	6712.0	9132.0	4767.0	6565.0	9289.0
PF3D7_1008200	136.0	82.0	142.0	79.0	57.0	38.0	70.0	131.0	52.0	85.0	78.0	49.0	85.0	91.0
PF3D7_1008300	0.0	0.0	12.0	0.0	0.0	0.0	11.0	0.0	0.0	0.0	0.0	0.0	0.0	0.0
PF3D7_1008400	1764.0	1310.0	1728.0	1176.0	1143.0	798.0	1479.0	3177.0	1932.0	2400.0	3443.0	1582.0	2229.0	2691.0
PF3D7_1008500	1789.0	1185.0	1924.0	1106.0	1244.0	650.0	1322.0	2008.0	841.0	1527.0	1104.0	1094.0	870.0	1514.0
PF3D7_1008600	36.0	39.0	52.0	25.0	16.0	14.0	36.0	35.0	20.0	16.0	20.0	16.0	14.0	27.0
PF3D7_1008700	6445.0	5986.0	4037.0	4222.0	2098.0	1896.0	7607.0	4502.0	3915.0	2620.0	6922.0	1751.0	7100.0	3851.0
PF3D7_1008800	2181.0	1829.0	2792.0	1601.0	1815.0	1167.0	1749.0	3285.0	2235.0	2564.0	3095.0	1965.0	1850.0	2729.0
PF3D7_1008900	858.0	828.0	863.0	665.0	511.0	475.0	757.0	1959.0	1740.0	1302.0	3048.0	832.0	2166.0	1719.0
PF3D7_1009000	302.0	285.0	336.0	264.0	174.0	179.0	222.0	474.0	307.0	287.0	483.0	222.0	297.0	456.0
PF3D7_1009100	23.0	32.0	25.0	46.0	21.0	10.0	23.0	36.0	18.0	28.0	31.0	18.0	11.0	32.0
PF3D7_1009200	400.0	386.0	369.0	344.0	236.0	183.0	303.0	518.0	311.0	387.0	455.0	277.0	324.0	313.0
PF3D7_1009300	261.0	253.0	305.0	236.0	131.0	126.0	246.0	298.0	194.0	193.0	332.0	118.0	247.0	258.0
PF3D7_1009400	434.0	272.0	533.0	290.0	301.0	202.0	248.0	764.0	395.0	632.0	585.0	472.0	487.0	462.0
PF3D7_1009500	548.0	311.0	417.0	768.0	361.0	273.0	384.0	810.0	415.0	860.0	918.0	569.0	723.0	529.0
PF3D7_1009600	478.0	322.0	487.0	268.0	300.0	152.0	403.0	2020.0	879.0	1487.0	1313.0	1172.0	1004.0	727.0
PF3D7_1009700	378.0	354.0	293.0	206.0	147.0	126.0	201.0	215.0	155.0	164.0	174.0	118.0	93.0	366.0
PF3D7_1009800	811.0	778.0	936.0	613.0	613.0	462.0	658.0	1218.0	637.0	677.0	746.0	552.0	622.0	761.0
PF3D7_1009900	204.0	169.0	190.0	158.0	108.0	82.0	155.0	228.0	130.0	194.0	227.0	162.0	196.0	187.0
PF3D7_1010000	134.0	136.0	103.0	147.0	60.0	102.0	169.0	154.0	134.0	84.0	286.0	66.0	250.0	172.0
PF3D7_1010100	355.0	330.0	295.0	291.0	193.0	190.0	280.0	222.0	167.0	145.0	289.0	108.0	281.0	219.0
PF3D7_1010200	2430.0	2297.0	2650.0	1982.0	1835.0	1567.0	1702.0	4307.0	2323.0	3755.0	3956.0	2707.0	2547.0	3774.0
PF3D7_1010300	1447.0	1619.0	1956.0	1388.0	1350.0	984.0	1872.0	832.0	541.0	422.0	513.0	347.0	230.0	935.0
PF3D7_1010400	147.0	144.0	179.0	165.0	93.0	78.0	114.0	120.0	73.0	108.0	87.0	77.0	60.0	172.0
PF3D7_1010500	35.0	64.0	73.0	61.0	29.0	39.0	28.0	43.0	28.0	24.0	23.0	32.0	16.0	58.0
PF3D7_1010600	1506.0	1324.0	1556.0	1114.0	919.0	882.0	1422.0	3286.0	2529.0	1988.0	3167.0	1365.0	2239.0	2617.0
PF3D7_1010700	833.0	753.0	866.0	782.0	491.0	511.0	777.0	1699.0	1146.0	1000.0	1761.0	653.0	1163.0	1678.0
PF3D7_1010800	78.0	64.0	90.0	71.0	28.0	46.0	70.0	107.0	76.0	59.0	155.0	49.0	107.0	65.0
PF3D7_1010900	513.0	299.0	375.0	1327.0	489.0	347.0	359.0	577.0	362.0	836.0	765.0	557.0	445.0	540.0
PF3D7_1011000	79.0	74.0	107.0	60.0	37.0	28.0	155.0	89.0	65.0	31.0	89.0	26.0	54.0	64.0
PF3D7_1011100	268.0	216.0	308.0	161.0	149.0	100.0	160.0	533.0	238.0	284.0	320.0	209.0	284.0	339.0
PF3D7_1011200	87.0	51.0	84.0	58.0	37.0	27.0	57.0	166.0	93.0	61.0	70.0	40.0	47.0	62.0
PF3D7_1011300	114.0	93.0	135.0	42.0	51.0	40.0	72.0	113.0	78.0	58.0	71.0	48.0	65.0	57.0
PF3D7_1011400	511.0	482.0	426.0	390.0	246.0	206.0	537.0	1115.0	753.0	682.0	1579.0	463.0	1322.0	751.0
PF3D7_1011500	92.0	108.0	87.0	91.0	40.0	59.0	100.0	130.0	136.0	72.0	204.0	74.0	175.0	224.0
PF3D7_1011600	234.0	271.0	237.0	179.0	147.0	139.0	218.0	313.0	251.0	181.0	253.0	160.0	226.0	528.0
PF3D7_1011700	1100.0	757.0	1296.0	638.0	877.0	526.0	730.0	2826.0	1197.0	2295.0	1723.0	1669.0	1178.0	1893.0
PF3D7_1011800	11304.0	8836.0	12927.0	7714.0	7752.0	5816.0	9217.0	31893.0	18302.0	25416.0	33086.0	15450.0	18917.0	24590.0
PF3D7_1011900	214.0	184.0	240.0	138.0	106.0	89.0	228.0	312.0	181.0	183.0	258.0	137.0	235.0	195.0
PF3D7_1012000	670.0	493.0	688.0	513.0	357.0	363.0	475.0	1157.0	635.0	827.0	986.0	541.0	759.0	936.0
PF3D7_1012100	365.0	285.0	381.0	199.0	163.0	118.0	259.0	554.0	346.0	421.0	668.0	271.0	457.0	395.0
PF3D7_1012200	164.0	243.0	162.0	115.0	57.0	44.0	181.0	60.0	99.0	38.0	86.0	35.0	30.0	212.0
PF3D7_1012300	351.0	258.0	317.0	245.0	122.0	153.0	310.0	257.0	191.0	126.0	404.0	93.0	329.0	332.0
PF3D7_1012400	1107.0	2714.0	664.0	1553.0	208.0	907.0	2369.0	6449.0	15176.0	2533.0	25144.0	1274.0	18252.0	9107.0
PF3D7_1012500	392.0	319.0	336.0	276.0	189.0	154.0	226.0	686.0	484.0	472.0	682.0	287.0	633.0	453.0
PF3D7_1012600	1897.0	1974.0	2092.0	1647.0	1515.0	1456.0	1702.0	2839.0	2030.0	2057.0	3565.0	1612.0	2453.0	3090.0
PF3D7_1012700	1691.0	1409.0	1546.0	1073.0	783.0	718.0	1122.0	1308.0	888.0	933.0	1634.0	540.0	1373.0	1393.0
PF3D7_1012800	138.0	142.0	133.0	129.0	53.0	88.0	152.0	156.0	125.0	97.0	142.0	56.0	135.0	147.0
PF3D7_1012900	1337.0	1157.0	1388.0	871.0	852.0	614.0	984.0	3410.0	1743.0	2179.0	2395.0	1472.0	1629.0	2334.0
PF3D7_1013000	221.0	135.0	174.0	77.0	90.0	45.0	113.0	295.0	183.0	224.0	237.0	235.0	185.0	274.0
PF3D7_1013100	1844.0	1517.0	2228.0	1235.0	1539.0	950.0	1293.0	3417.0	1875.0	2386.0	2329.0	1812.0	1600.0	2442.0
PF3D7_1013200	1187.0	754.0	992.0	591.0	585.0	347.0	761.0	5292.0	1510.0	3246.0	2123.0	1951.0	1570.0	2244.0
PF3D7_1013300	250.0	216.0	203.0	171.0	113.0	93.0	186.0	474.0	328.0	283.0	552.0	170.0	514.0	363.0
PF3D7_1013400	205.0	114.0	210.0	120.0	125.0	73.0	186.0	182.0	82.0	205.0	114.0	136.0	67.0	193.0
PF3D7_1013500	1115.0	891.0	1149.0	666.0	628.0	450.0	823.0	2101.0	1198.0	1481.0	2023.0	978.0	1737.0	1447.0
PF3D7_1013600	1365.0	977.0	1306.0	800.0	617.0	461.0	932.0	1378.0	1132.0	910.0	2430.0	522.0	2098.0	1166.0
PF3D7_1013700	43.0	43.0	55.0	49.0	24.0	43.0	43.0	82.0	68.0	50.0	86.0	45.0	91.0	42.0
PF3D7_1013800	270.0	222.0	292.0	196.0	115.0	90.0	181.0	198.0	170.0	144.0	174.0	77.0	114.0	351.0
PF3D7_1013900	872.0	758.0	950.0	557.0	678.0	436.0	628.0	1765.0	656.0	1369.0	1098.0	991.0	904.0	1229.0
PF3D7_1014000	36.0	53.0	53.0	41.0	36.0	33.0	44.0	37.0	35.0	34.0	34.0	13.0	39.0	37.0
PF3D7_1014100	432.0	913.0	361.0	420.0	187.0	307.0	599.0	178.0	365.0	171.0	327.0	105.0	161.0	817.0
PF3D7_1014200	93.0	91.0	76.0	76.0	54.0	50.0	40.0	73.0	70.0	86.0	50.0	52.0	46.0	106.0
PF3D7_1014300	1915.0	1499.0	1754.0	1195.0	910.0	784.0	1469.0	1604.0	1063.0	1054.0	2547.0	690.0	2257.0	1946.0
PF3D7_1014400	203.0	222.0	252.0	202.0	142.0	153.0	207.0	425.0	259.0	241.0	341.0	206.0	279.0	335.0
PF3D7_1014500	310.0	280.0	305.0	236.0	204.0	157.0	199.0	304.0	174.0	261.0	277.0	168.0	197.0	227.0
PF3D7_1014600	8757.0	6563.0	8984.0	5008.0	5487.0	3728.0	5618.0	16779.0	8238.0	12647.0	15033.0	8284.0	10117.0	14246.0
PF3D7_1014700	186.0	181.0	135.0	109.0	73.0	66.0	185.0	550.0	468.0	341.0	834.0	155.0	671.0	400.0
PF3D7_1014800	47.0	58.0	61.0	73.0	40.0	37.0	68.0	40.0	37.0	50.0	62.0	29.0	31.0	72.0
PF3D7_1014900	1797.0	1130.0	2212.0	748.0	998.0	410.0	801.0	659.0	513.0	711.0	827.0	435.0	527.0	1295.0
PF3D7_1015000	100.0	89.0	128.0	73.0	59.0	49.0	95.0	185.0	127.0	104.0	215.0	66.0	141.0	110.0
PF3D7_1015100	418.0	274.0	457.0	337.0	338.0	200.0	270.0	584.0	329.0	413.0	453.0	290.0	275.0	505.0
PF3D7_1015200	1058.0	1004.0	1124.0	742.0	700.0	541.0	771.0	2507.0	1453.0	1915.0	2713.0	1271.0	2143.0	1723.0
PF3D7_1015300	488.0	460.0	495.0	436.0	323.0	316.0	364.0	1180.0	632.0	851.0	1037.0	577.0	673.0	934.0
PF3D7_1015400	241.0	247.0	207.0	141.0	129.0	91.0	219.0	318.0	291.0	219.0	625.0	163.0	610.0	281.0
PF3D7_1015500	75.0	77.0	75.0	45.0	40.0	22.0	76.0	172.0	91.0	97.0	102.0	73.0	96.0	64.0
PF3D7_1015600	1237.0	896.0	1136.0	820.0	645.0	400.0	1198.0	5206.0	3977.0	3739.0	7135.0	2055.0	4274.0	3319.0
PF3D7_1015700	123.0	68.0	114.0	58.0	78.0	29.0	77.0	172.0	86.0	99.0	183.0	75.0	179.0	86.0
PF3D7_1015800	558.0	502.0	407.0	376.0	186.0	191.0	490.0	554.0	599.0	311.0	1428.0	209.0	1498.0	451.0
PF3D7_1015900	4727.0	8440.0	3794.0	6790.0	2253.0	5436.0	7165.0	19142.0	30307.0	12592.0	59627.0	7438.0	41336.0	26453.0
PF3D7_1016000	249.0	166.0	218.0	118.0	111.0	84.0	192.0	271.0	88.0	179.0	103.0	127.0	55.0	197.0
PF3D7_1016100	12.0	13.0	0.0	19.0	0.0	0.0	31.0	12.0	11.0	0.0	0.0	15.0	10.0	22.0
PF3D7_1016200	384.0	322.0	279.0	256.0	211.0	168.0	258.0	632.0	341.0	453.0	627.0	238.0	520.0	385.0
PF3D7_1016300	8867.0	9282.0	6282.0	6179.0	3185.0	3938.0	8759.0	25416.0	29279.0	15833.0	77104.0	9695.0	61480.0	21752.0
PF3D7_1016400	3016.0	2835.0	2984.0	2609.0	1975.0	2024.0	2344.0	10303.0	5784.0	6751.0	8990.0	4373.0	6222.0	8636.0
PF3D7_1016500	547.0	547.0	638.0	422.0	502.0	290.0	451.0	611.0	359.0	563.0	348.0	502.0	255.0	657.0
PF3D7_1016600	249.0	227.0	304.0	165.0	231.0	117.0	176.0	223.0	85.0	152.0	89.0	150.0	86.0	118.0
PF3D7_1016700	2903.0	2703.0	3094.0	2116.0	2133.0	1693.0	2107.0	2494.0	897.0	1701.0	921.0	1435.0	578.0	2089.0
PF3D7_1016800	1035.0	923.0	1141.0	781.0	613.0	567.0	1126.0	770.0	402.0	637.0	283.0	568.0	138.0	682.0
PF3D7_1016900	2450.0	2584.0	2117.0	1985.0	729.0	717.0	4911.0	1131.0	1133.0	548.0	1050.0	460.0	753.0	1110.0
PF3D7_1017000	830.0	691.0	774.0	577.0	466.0	408.0	665.0	1268.0	896.0	881.0	2219.0	603.0	1822.0	1106.0
PF3D7_1017100	528.0	590.0	554.0	277.0	268.0	151.0	372.0	311.0	347.0	175.0	339.0	115.0	176.0	523.0
PF3D7_1017200	44.0	25.0	53.0	33.0	31.0	14.0	19.0	54.0	32.0	52.0	51.0	34.0	39.0	39.0
PF3D7_1017300	598.0	515.0	605.0	396.0	349.0	322.0	436.0	1107.0	714.0	916.0	1231.0	608.0	739.0	990.0
PF3D7_1017400	384.0	386.0	491.0	404.0	270.0	368.0	469.0	1174.0	901.0	686.0	935.0	568.0	516.0	1358.0
PF3D7_1017500	403.0	440.0	192.0	428.0	159.0	112.0	591.0	276.0	266.0	274.0	201.0	186.0	113.0	278.0
PF3D7_1017600	3615.0	2285.0	4003.0	2315.0	2469.0	1795.0	2171.0	5851.0	2588.0	4525.0	4900.0	3169.0	3122.0	4328.0
PF3D7_1017700	142.0	130.0	165.0	129.0	103.0	66.0	107.0	201.0	104.0	157.0	112.0	100.0	77.0	178.0
PF3D7_1017800	407.0	344.0	371.0	269.0	182.0	192.0	314.0	581.0	381.0	328.0	632.0	237.0	498.0	485.0
PF3D7_1017900	792.0	653.0	758.0	538.0	456.0	383.0	586.0	1557.0	1040.0	1077.0	2000.0	764.0	1608.0	1270.0
PF3D7_1018000	147.0	137.0	193.0	137.0	108.0	84.0	134.0	217.0	153.0	153.0	291.0	107.0	201.0	171.0
PF3D7_1018100	35.0	24.0	23.0	33.0	13.0	22.0	18.0	28.0	26.0	18.0	18.0	11.0	12.0	54.0
PF3D7_1018200	2320.0	1731.0	2327.0	1139.0	1105.0	513.0	1334.0	769.0	637.0	700.0	858.0	462.0	432.0	1511.0
PF3D7_1018300	2261.0	1632.0	2526.0	1258.0	1830.0	999.0	1481.0	3218.0	1615.0	2455.0	2690.0	1973.0	2072.0	2105.0
PF3D7_1018400	85.0	88.0	41.0	110.0	54.0	36.0	108.0	57.0	55.0	33.0	40.0	27.0	36.0	116.0
PF3D7_1018500	266.0	269.0	303.0	323.0	187.0	198.0	310.0	432.0	434.0	217.0	589.0	150.0	381.0	525.0
PF3D7_1018600	1474.0	1518.0	1506.0	1223.0	844.0	731.0	1513.0	3121.0	2394.0	1603.0	3252.0	1065.0	2104.0	3276.0
PF3D7_1018700	1098.0	1079.0	1034.0	781.0	585.0	528.0	1021.0	3063.0	2009.0	1573.0	2346.0	1033.0	1639.0	2742.0
PF3D7_1018800	230.0	243.0	252.0	265.0	141.0	155.0	203.0	275.0	185.0	203.0	217.0	134.0	149.0	370.0
PF3D7_1018900	119.0	165.0	105.0	77.0	60.0	49.0	111.0	130.0	89.0	110.0	167.0	73.0	134.0	230.0
PF3D7_1019000	6119.0	5087.0	6716.0	4012.0	4065.0	2901.0	4006.0	9687.0	5615.0	7099.0	9898.0	5159.0	7527.0	9930.0
PF3D7_1019100	723.0	572.0	926.0	437.0	471.0	242.0	367.0	425.0	267.0	325.0	283.0	221.0	174.0	647.0
PF3D7_1019200	13.0	10.0	30.0	18.0	15.0	15.0	24.0	15.0	10.0	15.0	0.0	0.0	0.0	15.0
PF3D7_1019300	1451.0	779.0	1522.0	607.0	737.0	298.0	927.0	1665.0	509.0	1072.0	667.0	635.0	487.0	840.0
PF3D7_1019400	389.0	410.0	586.0	350.0	302.0	248.0	567.0	1527.0	1416.0	568.0	1250.0	415.0	797.0	849.0
PF3D7_1019500	667.0	497.0	626.0	555.0	345.0	232.0	668.0	406.0	383.0	312.0	932.0	203.0	760.0	409.0
PF3D7_1019600	712.0	512.0	711.0	375.0	429.0	211.0	383.0	328.0	243.0	311.0	469.0	225.0	303.0	509.0
PF3D7_1019700	1077.0	796.0	1109.0	739.0	668.0	407.0	881.0	1176.0	527.0	933.0	834.0	540.0	613.0	963.0
PF3D7_1019800	515.0	344.0	634.0	260.0	280.0	124.0	311.0	504.0	370.0	334.0	504.0	234.0	432.0	393.0
PF3D7_1019900	142.0	106.0	144.0	118.0	62.0	54.0	130.0	237.0	170.0	111.0	164.0	101.0	106.0	193.0
PF3D7_1020000	838.0	805.0	966.0	757.0	508.0	534.0	762.0	1347.0	1110.0	921.0	1449.0	675.0	863.0	1230.0
PF3D7_1020100	26.0	32.0	32.0	51.0	21.0	15.0	39.0	12.0	18.0	22.0	20.0	16.0	0.0	18.0
PF3D7_1020200	235.0	160.0	151.0	151.0	109.0	79.0	124.0	106.0	75.0	89.0	105.0	61.0	70.0	175.0
PF3D7_1020300	151.0	112.0	116.0	138.0	64.0	63.0	121.0	87.0	64.0	83.0	63.0	60.0	43.0	135.0
PF3D7_1020400	415.0	335.0	414.0	356.0	297.0	276.0	265.0	636.0	389.0	492.0	509.0	325.0	345.0	406.0
PF3D7_1020500	176.0	136.0	197.0	149.0	117.0	91.0	171.0	243.0	148.0	170.0	268.0	134.0	202.0	184.0
PF3D7_1020600	502.0	426.0	533.0	413.0	273.0	235.0	393.0	654.0	381.0	397.0	523.0	331.0	405.0	521.0
PF3D7_1020700	1814.0	1527.0	2024.0	1298.0	1577.0	1036.0	1220.0	3191.0	1716.0	2415.0	2399.0	1794.0	1600.0	2720.0
PF3D7_1020800	316.0	231.0	351.0	251.0	211.0	104.0	253.0	319.0	148.0	216.0	164.0	200.0	122.0	214.0
PF3D7_1020900	828.0	702.0	857.0	584.0	469.0	404.0	1058.0	1418.0	1060.0	823.0	1727.0	511.0	1137.0	1527.0
PF3D7_1021000	158.0	135.0	169.0	105.0	91.0	64.0	182.0	253.0	185.0	176.0	405.0	100.0	327.0	181.0
PF3D7_1021100	637.0	700.0	710.0	472.0	511.0	291.0	536.0	734.0	446.0	565.0	688.0	521.0	679.0	480.0
PF3D7_1021200	439.0	322.0	402.0	288.0	215.0	197.0	345.0	495.0	339.0	299.0	632.0	169.0	626.0	415.0
PF3D7_1021300	317.0	245.0	321.0	174.0	209.0	111.0	264.0	349.0	135.0	212.0	290.0	147.0	324.0	237.0
PF3D7_1021400	617.0	541.0	530.0	373.0	334.0	233.0	405.0	825.0	416.0	597.0	745.0	424.0	726.0	654.0
PF3D7_1021500	974.0	795.0	1175.0	828.0	846.0	622.0	723.0	1419.0	795.0	914.0	1095.0	700.0	657.0	1267.0
PF3D7_1021600	314.0	319.0	325.0	330.0	160.0	193.0	622.0	441.0	346.0	274.0	743.0	175.0	488.0	363.0
PF3D7_1021700	4115.0	3601.0	3862.0	2871.0	1946.0	1395.0	2767.0	9617.0	5644.0	6224.0	6813.0	4287.0	4617.0	6500.0
PF3D7_1021800	3534.0	2749.0	3034.0	1939.0	1548.0	1195.0	2886.0	2684.0	2060.0	1906.0	3978.0	1086.0	3177.0	3557.0
PF3D7_1021900	5946.0	4113.0	5361.0	3055.0	2538.0	1611.0	4896.0	8564.0	5613.0	6165.0	11680.0	3554.0	8810.0	6367.0
PF3D7_1022000	1283.0	980.0	1428.0	733.0	819.0	480.0	941.0	2764.0	1645.0	1761.0	2246.0	1337.0	1812.0	1560.0
PF3D7_1022100	328.0	285.0	427.0	245.0	239.0	200.0	346.0	392.0	246.0	320.0	224.0	201.0	152.0	322.0
PF3D7_1022200	451.0	358.0	324.0	281.0	159.0	157.0	397.0	875.0	492.0	534.0	1083.0	319.0	982.0	665.0
PF3D7_1022300	135.0	150.0	132.0	148.0	51.0	65.0	178.0	98.0	98.0	46.0	162.0	51.0	167.0	111.0
PF3D7_1022400	3466.0	2393.0	4470.0	2000.0	3612.0	1432.0	2151.0	7923.0	4524.0	6377.0	8028.0	4337.0	5116.0	6020.0
PF3D7_1022500	454.0	476.0	331.0	246.0	148.0	159.0	425.0	329.0	228.0	268.0	344.0	154.0	368.0	471.0
PF3D7_1022600	1406.0	1110.0	2037.0	1021.0	1450.0	790.0	1195.0	2777.0	1160.0	2086.0	1587.0	1591.0	966.0	1804.0
PF3D7_1022700	71.0	85.0	46.0	51.0	0.0	26.0	78.0	34.0	42.0	32.0	31.0	19.0	22.0	77.0
PF3D7_1022800	551.0	364.0	496.0	324.0	279.0	172.0	427.0	667.0	292.0	382.0	759.0	263.0	735.0	375.0
PF3D7_1022900	121.0	115.0	133.0	115.0	63.0	39.0	140.0	167.0	96.0	57.0	157.0	57.0	135.0	76.0
PF3D7_1023000	218.0	201.0	209.0	105.0	106.0	70.0	175.0	322.0	138.0	226.0	210.0	159.0	142.0	244.0
PF3D7_1023100	591.0	666.0	555.0	655.0	318.0	308.0	538.0	541.0	301.0	490.0	397.0	390.0	339.0	656.0
PF3D7_1023200	377.0	278.0	371.0	267.0	202.0	207.0	253.0	757.0	380.0	550.0	569.0	446.0	394.0	538.0
PF3D7_1023300	106.0	82.0	107.0	94.0	46.0	40.0	148.0	114.0	85.0	50.0	139.0	41.0	114.0	65.0
PF3D7_1023400	215.0	180.0	211.0	155.0	116.0	83.0	182.0	260.0	164.0	131.0	330.0	114.0	297.0	154.0
PF3D7_1023500	40.0	15.0	28.0	17.0	13.0	0.0	20.0	29.0	13.0	13.0	39.0	0.0	35.0	16.0
PF3D7_1023600	131.0	128.0	170.0	129.0	72.0	84.0	136.0	155.0	131.0	100.0	131.0	74.0	95.0	169.0
PF3D7_1023700	86.0	109.0	108.0	103.0	42.0	61.0	102.0	105.0	144.0	72.0	53.0	64.0	66.0	155.0
PF3D7_1023800	163.0	139.0	178.0	150.0	136.0	99.0	92.0	151.0	85.0	154.0	124.0	151.0	71.0	209.0
PF3D7_1023900	18917.0	14888.0	19761.0	10637.0	10630.0	8282.0	13070.0	37617.0	23373.0	24184.0	44068.0	15415.0	30676.0	36765.0
PF3D7_1024000	531.0	432.0	414.0	329.0	215.0	229.0	415.0	822.0	553.0	508.0	1089.0	275.0	807.0	913.0
PF3D7_1024100	364.0	304.0	311.0	269.0	187.0	157.0	191.0	501.0	235.0	398.0	443.0	243.0	297.0	397.0
PF3D7_1024200	94.0	60.0	76.0	108.0	75.0	39.0	82.0	170.0	91.0	166.0	190.0	155.0	132.0	60.0
PF3D7_1024300	136.0	114.0	96.0	99.0	57.0	45.0	140.0	149.0	178.0	84.0	330.0	40.0	303.0	124.0
PF3D7_1024400	96.0	101.0	111.0	75.0	41.0	55.0	83.0	77.0	56.0	48.0	57.0	33.0	58.0	131.0
PF3D7_1024500	103.0	110.0	130.0	96.0	70.0	64.0	82.0	168.0	96.0	139.0	207.0	65.0	125.0	159.0
PF3D7_1024600	137.0	144.0	180.0	96.0	89.0	69.0	134.0	209.0	148.0	117.0	281.0	80.0	248.0	128.0
PF3D7_1024700	245.0	227.0	232.0	233.0	109.0	119.0	218.0	345.0	187.0	230.0	479.0	148.0	442.0	386.0
PF3D7_1024800	23081.0	23009.0	22419.0	20770.0	13791.0	17480.0	19893.0	23458.0	17160.0	16645.0	25622.0	11968.0	17195.0	34889.0
PF3D7_1024900	226.0	226.0	245.0	189.0	103.0	127.0	225.0	318.0	289.0	178.0	521.0	133.0	535.0	397.0
PF3D7_1025000	2320.0	1417.0	2863.0	1324.0	1778.0	932.0	1245.0	3147.0	1124.0	2519.0	1767.0	1832.0	1243.0	1921.0
PF3D7_1025100	740.0	584.0	613.0	521.0	362.0	331.0	516.0	549.0	388.0	377.0	551.0	254.0	448.0	514.0
PF3D7_1025200	130.0	123.0	130.0	91.0	60.0	58.0	137.0	148.0	85.0	88.0	162.0	48.0	138.0	127.0
PF3D7_1025300	643.0	442.0	535.0	419.0	321.0	222.0	534.0	1276.0	753.0	796.0	1527.0	562.0	1198.0	897.0
PF3D7_1025400	364.0	394.0	358.0	338.0	166.0	157.0	292.0	289.0	223.0	190.0	246.0	134.0	148.0	526.0
PF3D7_1025500	726.0	747.0	759.0	673.0	415.0	385.0	662.0	611.0	437.0	431.0	512.0	371.0	367.0	721.0
PF3D7_1025600	53.0	37.0	42.0	50.0	17.0	22.0	49.0	38.0	47.0	17.0	107.0	12.0	95.0	44.0
PF3D7_1025700	51.0	62.0	57.0	71.0	26.0	40.0	86.0	58.0	69.0	33.0	139.0	30.0	122.0	51.0
PF3D7_1025800	101.0	107.0	87.0	71.0	33.0	24.0	105.0	57.0	46.0	16.0	47.0	15.0	61.0	42.0
PF3D7_1025900	909.0	752.0	847.0	490.0	409.0	279.0	664.0	487.0	387.0	391.0	479.0	254.0	273.0	799.0
PF3D7_1026000	1272.0	848.0	1566.0	728.0	1280.0	480.0	999.0	2958.0	1160.0	2816.0	2014.0	1925.0	1227.0	1783.0
PF3D7_1026100	199.0	198.0	149.0	113.0	66.0	57.0	310.0	122.0	111.0	77.0	77.0	60.0	60.0	125.0
PF3D7_1026200	123.0	103.0	90.0	71.0	76.0	47.0	88.0	224.0	152.0	127.0	249.0	81.0	201.0	148.0
PF3D7_1026300	429.0	348.0	423.0	301.0	197.0	187.0	318.0	572.0	334.0	369.0	635.0	281.0	548.0	454.0
PF3D7_1026400	62.0	62.0	82.0	76.0	41.0	32.0	94.0	49.0	33.0	68.0	49.0	80.0	29.0	61.0
PF3D7_1026500	0.0	0.0	18.0	0.0	0.0	0.0	0.0	14.0	0.0	14.0	10.0	0.0	0.0	0.0
PF3D7_1026600	2211.0	2253.0	1479.0	1175.0	717.0	891.0	2479.0	2025.0	1228.0	1721.0	1298.0	1026.0	715.0	2721.0
PF3D7_1026800	5245.0	5550.0	4580.0	4430.0	2856.0	3639.0	4546.0	11315.0	9866.0	7508.0	15886.0	5237.0	11560.0	12373.0
PF3D7_1026900	29.0	21.0	38.0	20.0	32.0	17.0	44.0	35.0	25.0	27.0	34.0	29.0	22.0	32.0
PF3D7_1027000	519.0	397.0	662.0	367.0	294.0	231.0	310.0	774.0	304.0	431.0	503.0	406.0	436.0	437.0
PF3D7_1027100	1990.0	1584.0	2496.0	1701.0	1660.0	1267.0	1365.0	2950.0	1575.0	2391.0	2248.0	1719.0	1399.0	2619.0
PF3D7_1027200	471.0	432.0	415.0	421.0	296.0	310.0	323.0	691.0	398.0	503.0	688.0	350.0	548.0	719.0
PF3D7_1027300	10108.0	9359.0	10016.0	7623.0	6821.0	5492.0	7274.0	5867.0	3750.0	5533.0	6759.0	3849.0	3669.0	9497.0
PF3D7_1027400	164.0	159.0	190.0	141.0	113.0	97.0	140.0	332.0	197.0	188.0	208.0	164.0	183.0	215.0
PF3D7_1027500	22.0	31.0	16.0	22.0	12.0	15.0	20.0	25.0	37.0	16.0	22.0	0.0	13.0	28.0
PF3D7_1027600	55.0	60.0	36.0	41.0	38.0	29.0	59.0	73.0	103.0	41.0	106.0	27.0	60.0	79.0
PF3D7_1027700	234.0	201.0	262.0	182.0	146.0	121.0	293.0	196.0	149.0	145.0	311.0	89.0	267.0	175.0
PF3D7_1027800	7041.0	5835.0	7812.0	5717.0	5355.0	4286.0	6388.0	16429.0	13177.0	12627.0	23543.0	7752.0	13673.0	16784.0
PF3D7_1027900	54.0	98.0	35.0	63.0	19.0	64.0	72.0	53.0	70.0	25.0	84.0	22.0	43.0	113.0
PF3D7_1028000	400.0	293.0	438.0	308.0	258.0	293.0	312.0	1483.0	753.0	1021.0	1070.0	565.0	584.0	1182.0
PF3D7_1028100	80.0	99.0	92.0	121.0	57.0	99.0	55.0	126.0	81.0	72.0	113.0	54.0	66.0	181.0
PF3D7_1028200	76.0	60.0	54.0	61.0	39.0	29.0	60.0	51.0	33.0	38.0	78.0	37.0	79.0	45.0
PF3D7_1028300	861.0	620.0	928.0	634.0	522.0	446.0	574.0	1069.0	506.0	908.0	806.0	624.0	508.0	917.0
PF3D7_1028400	664.0	472.0	851.0	415.0	645.0	360.0	395.0	1197.0	591.0	1028.0	1025.0	686.0	641.0	931.0
PF3D7_1028500	1633.0	1209.0	2020.0	1062.0	1275.0	839.0	1095.0	2500.0	1195.0	1681.0	1489.0	1260.0	920.0	1599.0
PF3D7_1028600	245.0	213.0	315.0	133.0	167.0	86.0	225.0	132.0	88.0	110.0	205.0	64.0	190.0	160.0
PF3D7_1028700	1261.0	1023.0	1075.0	548.0	548.0	349.0	875.0	1156.0	646.0	875.0	792.0	560.0	659.0	978.0
PF3D7_1028800	203.0	146.0	182.0	182.0	89.0	72.0	220.0	185.0	114.0	87.0	238.0	57.0	196.0	142.0
PF3D7_1028900	54.0	80.0	49.0	69.0	34.0	44.0	53.0	55.0	41.0	32.0	33.0	29.0	19.0	104.0
PF3D7_1029000	67.0	48.0	69.0	59.0	27.0	24.0	73.0	97.0	61.0	49.0	78.0	41.0	53.0	44.0
PF3D7_1029100	369.0	308.0	370.0	228.0	173.0	152.0	263.0	730.0	377.0	399.0	674.0	292.0	511.0	368.0
PF3D7_1029200	367.0	353.0	422.0	278.0	217.0	191.0	335.0	542.0	327.0	293.0	360.0	264.0	226.0	368.0
PF3D7_1029300	528.0	520.0	494.0	532.0	264.0	287.0	610.0	767.0	706.0	447.0	1170.0	299.0	821.0	831.0
PF3D7_1029400	703.0	557.0	653.0	388.0	408.0	321.0	437.0	1264.0	542.0	785.0	757.0	549.0	624.0	778.0
PF3D7_1029500	14.0	12.0	14.0	14.0	0.0	0.0	18.0	0.0	11.0	0.0	0.0	0.0	0.0	12.0
PF3D7_1029600	3176.0	4434.0	2504.0	2531.0	1333.0	1957.0	3401.0	6972.0	7057.0	3915.0	12735.0	2741.0	12015.0	4693.0
PF3D7_1029700	56.0	32.0	42.0	131.0	54.0	33.0	32.0	36.0	21.0	59.0	41.0	47.0	28.0	57.0
PF3D7_1029800	411.0	264.0	317.0	202.0	195.0	127.0	303.0	466.0	306.0	322.0	688.0	203.0	680.0	341.0
PF3D7_1029900	2296.0	1549.0	2276.0	1164.0	1231.0	674.0	1416.0	997.0	658.0	808.0	992.0	511.0	566.0	1730.0
PF3D7_1030000	224.0	221.0	332.0	171.0	108.0	91.0	207.0	353.0	209.0	155.0	147.0	112.0	103.0	120.0
PF3D7_1030100	1732.0	1498.0	1970.0	1382.0	1344.0	1065.0	1429.0	2674.0	1654.0	1918.0	2962.0	1344.0	2162.0	2637.0
PF3D7_1030200	513.0	555.0	375.0	353.0	174.0	239.0	385.0	286.0	216.0	226.0	191.0	161.0	138.0	493.0
PF3D7_1030300	1709.0	2090.0	1389.0	1112.0	704.0	880.0	1485.0	981.0	951.0	565.0	953.0	492.0	655.0	1351.0
PF3D7_1030400	22.0	14.0	32.0	28.0	10.0	17.0	33.0	21.0	12.0	11.0	12.0	0.0	0.0	14.0
PF3D7_1030500	516.0	399.0	439.0	318.0	277.0	246.0	353.0	940.0	655.0	551.0	1205.0	345.0	1078.0	711.0
PF3D7_1030600	586.0	449.0	673.0	403.0	483.0	350.0	393.0	1722.0	902.0	1317.0	1068.0	824.0	761.0	784.0
PF3D7_1030700	332.0	280.0	359.0	209.0	194.0	225.0	171.0	719.0	364.0	534.0	523.0	312.0	338.0	454.0
PF3D7_1030800	195.0	153.0	166.0	121.0	85.0	70.0	138.0	143.0	83.0	94.0	93.0	83.0	50.0	117.0
PF3D7_1030900	15.0	16.0	21.0	0.0	0.0	0.0	18.0	0.0	0.0	10.0	0.0	17.0	0.0	16.0
PF3D7_1031000	252.0	148.0	128.0	103.0	109.0	46.0	150.0	133.0	27.0	27.0	85.0	22.0	16.0	117.0
PF3D7_1031100	54.0	44.0	98.0	35.0	33.0	15.0	49.0	208.0	55.0	117.0	44.0	85.0	51.0	61.0
PF3D7_1031200	393.0	353.0	345.0	238.0	186.0	90.0	229.0	436.0	134.0	244.0	115.0	351.0	87.0	369.0
PF3D7_1031300	683.0	427.0	713.0	352.0	436.0	235.0	478.0	2422.0	407.0	1681.0	455.0	1063.0	402.0	722.0
PF3D7_1031400	359.0	327.0	364.0	262.0	139.0	146.0	321.0	288.0	134.0	216.0	161.0	115.0	112.0	342.0
PF3D7_1031500	783.0	687.0	750.0	571.0	428.0	367.0	787.0	1280.0	704.0	782.0	1108.0	584.0	900.0	928.0
PF3D7_1031600	1407.0	986.0	1534.0	963.0	918.0	676.0	1007.0	2986.0	1401.0	2047.0	2482.0	1394.0	1783.0	2103.0
PF3D7_1031700	125.0	119.0	166.0	89.0	53.0	64.0	133.0	173.0	123.0	60.0	136.0	53.0	101.0	106.0
PF3D7_1031800	147.0	112.0	154.0	103.0	58.0	56.0	122.0	102.0	66.0	82.0	89.0	52.0	90.0	154.0
PF3D7_1031900	100.0	102.0	103.0	80.0	61.0	59.0	111.0	84.0	80.0	63.0	113.0	46.0	91.0	103.0
PF3D7_1032000	294.0	239.0	276.0	191.0	159.0	115.0	236.0	578.0	214.0	442.0	324.0	261.0	375.0	309.0
PF3D7_1032100	4102.0	2893.0	4754.0	2477.0	3580.0	1780.0	2683.0	6205.0	2590.0	5197.0	4158.0	4124.0	3219.0	3893.0
PF3D7_1032200	22.0	16.0	19.0	16.0	0.0	0.0	21.0	10.0	0.0	0.0	14.0	11.0	0.0	0.0
PF3D7_1032300	218.0	204.0	237.0	196.0	124.0	150.0	170.0	521.0	276.0	301.0	460.0	219.0	334.0	282.0
PF3D7_1032400	253.0	206.0	187.0	145.0	103.0	105.0	226.0	148.0	170.0	107.0	357.0	70.0	442.0	167.0
PF3D7_1032500	219.0	175.0	226.0	152.0	158.0	71.0	219.0	467.0	254.0	231.0	357.0	208.0	296.0	204.0
PF3D7_1032600	59.0	46.0	44.0	37.0	24.0	30.0	41.0	70.0	56.0	54.0	82.0	27.0	67.0	59.0
PF3D7_1032700	882.0	538.0	931.0	509.0	514.0	385.0	541.0	1323.0	571.0	1266.0	900.0	810.0	594.0	909.0
PF3D7_1032800	171.0	97.0	119.0	85.0	68.0	47.0	102.0	231.0	126.0	146.0	299.0	100.0	277.0	115.0
PF3D7_1032900	612.0	536.0	786.0	514.0	481.0	316.0	594.0	1042.0	678.0	658.0	735.0	578.0	459.0	880.0
PF3D7_1033000	375.0	273.0	369.0	298.0	232.0	156.0	234.0	470.0	260.0	378.0	422.0	301.0	408.0	322.0
PF3D7_1033100	14787.0	15387.0	15137.0	13065.0	8781.0	10505.0	13376.0	28429.0	22237.0	16071.0	35348.0	11330.0	25363.0	34811.0
PF3D7_1033200	2392.0	2487.0	1724.0	1975.0	1021.0	1069.0	3311.0	6231.0	5438.0	3934.0	7334.0	2496.0	4689.0	7389.0
PF3D7_1033300	69.0	81.0	100.0	77.0	51.0	57.0	113.0	363.0	286.0	117.0	304.0	102.0	131.0	224.0
PF3D7_1033400	1714.0	1649.0	1667.0	1503.0	1276.0	1163.0	1646.0	8661.0	6276.0	4988.0	8693.0	3189.0	5421.0	6938.0
PF3D7_1033500	986.0	806.0	1118.0	662.0	840.0	503.0	703.0	1280.0	731.0	901.0	1087.0	630.0	815.0	1269.0
PF3D7_1033600	2405.0	1678.0	3016.0	1742.0	1837.0	1239.0	1538.0	3517.0	1884.0	2619.0	3116.0	1859.0	1927.0	2980.0
PF3D7_1033700	1460.0	1131.0	1663.0	883.0	998.0	620.0	945.0	2458.0	1264.0	1704.0	2109.0	1214.0	1782.0	1865.0
PF3D7_1033800	24.0	40.0	39.0	29.0	15.0	16.0	20.0	27.0	21.0	27.0	28.0	68.0	18.0	52.0
PF3D7_1033900	1124.0	1054.0	1022.0	713.0	668.0	402.0	1171.0	650.0	344.0	408.0	716.0	279.0	533.0	792.0
PF3D7_1034000	613.0	390.0	554.0	325.0	380.0	214.0	321.0	1014.0	346.0	965.0	580.0	691.0	468.0	510.0
PF3D7_1034100	0.0	0.0	0.0	0.0	0.0	0.0	13.0	0.0	0.0	0.0	0.0	0.0	0.0	0.0
PF3D7_1034200	105.0	52.0	88.0	74.0	85.0	49.0	105.0	125.0	35.0	105.0	84.0	99.0	51.0	65.0
PF3D7_1034300	67.0	66.0	71.0	97.0	64.0	32.0	47.0	71.0	36.0	73.0	51.0	62.0	34.0	99.0
PF3D7_1034400	364.0	228.0	261.0	177.0	220.0	122.0	210.0	503.0	332.0	372.0	642.0	283.0	638.0	283.0
PF3D7_1034500	467.0	392.0	492.0	351.0	220.0	183.0	343.0	730.0	484.0	460.0	1022.0	239.0	835.0	596.0
PF3D7_1034600	146.0	120.0	149.0	103.0	62.0	46.0	110.0	75.0	70.0	50.0	176.0	32.0	148.0	72.0
PF3D7_1034700	61.0	58.0	35.0	41.0	29.0	30.0	79.0	51.0	43.0	20.0	61.0	12.0	52.0	63.0
PF3D7_1034800	101.0	93.0	109.0	90.0	62.0	40.0	119.0	212.0	129.0	127.0	144.0	92.0	114.0	91.0
PF3D7_1034900	3731.0	2984.0	3674.0	2326.0	2666.0	1707.0	2401.0	5301.0	3130.0	4143.0	6217.0	2829.0	5133.0	2903.0
PF3D7_1035000	216.0	200.0	259.0	222.0	217.0	122.0	130.0	494.0	208.0	428.0	270.0	372.0	231.0	258.0
PF3D7_1035100	393.0	415.0	421.0	236.0	244.0	132.0	267.0	204.0	176.0	211.0	171.0	111.0	99.0	411.0
PF3D7_1035200	645.0	918.0	630.0	301.0	146.0	88.0	727.0	219.0	351.0	64.0	170.0	23.0	57.0	323.0
PF3D7_1035300	1214.0	1305.0	1252.0	635.0	487.0	278.0	672.0	743.0	557.0	593.0	463.0	308.0	223.0	1461.0
PF3D7_1035400	1233.0	1142.0	1318.0	761.0	652.0	295.0	983.0	774.0	681.0	698.0	614.0	411.0	212.0	1200.0
PF3D7_1035500	1159.0	1566.0	865.0	794.0	327.0	366.0	854.0	1616.0	1359.0	1163.0	1231.0	678.0	515.0	1597.0
PF3D7_1035600	130.0	107.0	192.0	117.0	121.0	44.0	86.0	103.0	78.0	111.0	75.0	98.0	52.0	144.0
PF3D7_1035700	1423.0	1498.0	1349.0	750.0	796.0	384.0	1266.0	678.0	493.0	617.0	537.0	244.0	225.0	1480.0
PF3D7_1035800	440.0	498.0	293.0	306.0	188.0	128.0	395.0	3266.0	2358.0	2081.0	3223.0	1419.0	2927.0	6164.0
PF3D7_1035900	1139.0	1224.0	906.0	631.0	373.0	266.0	916.0	558.0	570.0	301.0	528.0	144.0	222.0	1387.0
PF3D7_1036000	162.0	221.0	155.0	207.0	68.0	112.0	397.0	83.0	128.0	68.0	107.0	57.0	59.0	290.0
PF3D7_1036300	647.0	673.0	525.0	352.0	349.0	311.0	426.0	372.0	272.0	372.0	260.0	287.0	148.0	696.0
PF3D7_1036400	123.0	129.0	106.0	118.0	60.0	78.0	51.0	121.0	80.0	157.0	75.0	85.0	60.0	182.0
PF3D7_1036500	373.0	252.0	434.0	181.0	179.0	100.0	238.0	620.0	196.0	415.0	166.0	254.0	93.0	374.0
PF3D7_1036600	71.0	63.0	54.0	48.0	33.0	26.0	77.0	96.0	110.0	59.0	180.0	29.0	181.0	79.0
PF3D7_1036700	118.0	74.0	129.0	94.0	70.0	43.0	122.0	343.0	239.0	241.0	350.0	159.0	192.0	192.0
PF3D7_1036800	452.0	288.0	363.0	121.0	208.0	120.0	279.0	300.0	168.0	213.0	393.0	128.0	498.0	267.0
PF3D7_1036900	9201.0	7813.0	10715.0	5691.0	7195.0	4557.0	6391.0	13153.0	7837.0	11239.0	14435.0	8245.0	9773.0	11127.0
PF3D7_1037000	922.0	854.0	667.0	611.0	386.0	462.0	797.0	750.0	743.0	556.0	1560.0	391.0	1219.0	1138.0
PF3D7_1037100	308.0	288.0	263.0	238.0	136.0	167.0	305.0	747.0	742.0	422.0	1216.0	258.0	937.0	724.0
PF3D7_1037200	79.0	57.0	108.0	74.0	33.0	40.0	103.0	75.0	61.0	37.0	45.0	46.0	28.0	73.0
PF3D7_1037300	1010.0	1328.0	694.0	940.0	406.0	608.0	1129.0	2428.0	2858.0	1397.0	4768.0	893.0	4412.0	3211.0
PF3D7_1037400	344.0	274.0	307.0	233.0	152.0	118.0	268.0	362.0	269.0	235.0	378.0	166.0	273.0	279.0
PF3D7_1037500	636.0	466.0	552.0	296.0	267.0	155.0	358.0	760.0	241.0	461.0	371.0	277.0	233.0	502.0
PF3D7_1037600	1044.0	923.0	897.0	783.0	539.0	627.0	795.0	1493.0	926.0	1016.0	1647.0	673.0	1170.0	1810.0
PF3D7_1037700	346.0	371.0	463.0	253.0	249.0	164.0	299.0	893.0	571.0	389.0	523.0	255.0	367.0	448.0
PF3D7_1037800	70.0	94.0	110.0	81.0	67.0	52.0	108.0	71.0	53.0	63.0	69.0	61.0	54.0	124.0
PF3D7_1037900	118.0	125.0	143.0	114.0	72.0	59.0	120.0	194.0	112.0	81.0	107.0	61.0	90.0	198.0
PF3D7_1038000	5343.0	6561.0	6136.0	5218.0	3013.0	3979.0	6783.0	7144.0	7745.0	3195.0	9351.0	2362.0	6510.0	8875.0
PF3D7_1038100	289.0	280.0	256.0	249.0	148.0	154.0	280.0	552.0	505.0	297.0	662.0	238.0	487.0	539.0
PF3D7_1038200	25.0	17.0	31.0	15.0	22.0	0.0	25.0	60.0	18.0	38.0	32.0	31.0	30.0	22.0
PF3D7_1038300	45.0	42.0	59.0	43.0	26.0	30.0	56.0	53.0	25.0	33.0	24.0	28.0	19.0	27.0
PF3D7_1038400	2234.0	1939.0	1848.0	2069.0	999.0	1065.0	3189.0	1041.0	880.0	1050.0	964.0	887.0	721.0	1734.0
PF3D7_1038500	101.0	105.0	100.0	85.0	25.0	29.0	118.0	126.0	68.0	62.0	99.0	39.0	69.0	108.0
PF3D7_1038600	196.0	222.0	150.0	161.0	83.0	83.0	267.0	245.0	200.0	194.0	186.0	119.0	127.0	295.0
PF3D7_1038700	162.0	145.0	119.0	91.0	75.0	53.0	158.0	218.0	87.0	159.0	60.0	140.0	72.0	99.0
PF3D7_1038800	1768.0	1479.0	1976.0	1426.0	1514.0	1100.0	1166.0	3396.0	971.0	3069.0	1144.0	2192.0	791.0	1961.0
PF3D7_1038900	95.0	80.0	83.0	62.0	37.0	40.0	62.0	160.0	75.0	76.0	92.0	39.0	113.0	69.0
PF3D7_1039000	2567.0	1913.0	3222.0	1660.0	2798.0	1317.0	1099.0	12787.0	6104.0	10325.0	8025.0	6636.0	3727.0	8680.0
PF3D7_1039100	23.0	15.0	43.0	10.0	28.0	0.0	15.0	74.0	15.0	67.0	13.0	34.0	0.0	27.0
PF3D7_1039700	18.0	15.0	0.0	27.0	16.0	0.0	0.0	574.0	427.0	318.0	276.0	153.0	160.0	338.0
PF3D7_1040000	0.0	0.0	0.0	0.0	0.0	0.0	0.0	17.0	13.0	0.0	0.0	0.0	0.0	0.0
PF3D7_1040100	21.0	13.0	27.0	31.0	22.0	19.0	26.0	45.0	45.0	52.0	42.0	39.0	10.0	73.0
PF3D7_1040200	31.0	12.0	14.0	124.0	50.0	36.0	24.0	253.0	135.0	250.0	132.0	100.0	37.0	156.0
PF3D7_1040300	72.0	35.0	122.0	46.0	63.0	25.0	37.0	134.0	59.0	64.0	42.0	40.0	27.0	74.0
PF3D7_1040400	36.0	20.0	20.0	53.0	53.0	12.0	12.0	133.0	38.0	81.0	39.0	59.0	22.0	108.0
PF3D7_1040500	88.0	112.0	182.0	141.0	99.0	66.0	42.0	245.0	126.0	169.0	114.0	107.0	65.0	191.0
PF3D7_1040600	0.0	0.0	0.0	0.0	0.0	0.0	0.0	0.0	0.0	16.0	0.0	0.0	0.0	0.0
PF3D7_1040700	97.0	91.0	134.0	140.0	76.0	61.0	35.0	178.0	113.0	129.0	84.0	74.0	63.0	210.0
PF3D7_1040800	0.0	10.0	28.0	38.0	24.0	0.0	11.0	24.0	12.0	20.0	17.0	25.0	0.0	35.0
PF3D7_1040900	0.0	0.0	0.0	15.0	0.0	0.0	0.0	0.0	0.0	0.0	0.0	0.0	0.0	0.0
PF3D7_1041000	123.0	154.0	246.0	204.0	128.0	82.0	52.0	557.0	272.0	295.0	240.0	179.0	116.0	427.0
PF3D7_1041100	59.0	43.0	92.0	56.0	63.0	24.0	39.0	890.0	233.0	388.0	192.0	260.0	112.0	557.0
PF3D7_1041200	17.0	25.0	49.0	32.0	23.0	17.0	0.0	84.0	31.0	49.0	46.0	34.0	16.0	59.0
PF3D7_1041300	1274.0	1141.0	1748.0	2631.0	1352.0	999.0	700.0	2456.0	1453.0	1945.0	1583.0	1547.0	923.0	3352.0
PF3D7_1100100	1275.0	1433.0	2023.0	1950.0	1300.0	935.0	691.0	2924.0	1671.0	1989.0	1672.0	1469.0	969.0	3567.0
PF3D7_1100200	934.0	929.0	1446.0	1710.0	900.0	867.0	562.0	1735.0	1138.0	1365.0	1246.0	1172.0	671.0	2485.0
PF3D7_1100300	12.0	16.0	17.0	23.0	15.0	10.0	12.0	64.0	23.0	25.0	18.0	21.0	13.0	45.0
PF3D7_1100400	23.0	31.0	35.0	55.0	36.0	30.0	37.0	84.0	56.0	61.0	22.0	20.0	14.0	79.0
PF3D7_1100500	0.0	0.0	11.0	10.0	0.0	0.0	0.0	16.0	10.0	11.0	0.0	0.0	0.0	12.0
PF3D7_1100800	0.0	0.0	0.0	0.0	0.0	0.0	0.0	276.0	185.0	168.0	148.0	107.0	85.0	186.0
PF3D7_1100900	11.0	13.0	0.0	15.0	11.0	0.0	15.0	0.0	0.0	0.0	0.0	0.0	0.0	13.0
PF3D7_1101100	59.0	51.0	97.0	95.0	73.0	29.0	35.0	152.0	67.0	80.0	57.0	112.0	38.0	129.0
PF3D7_1101200	28.0	39.0	48.0	57.0	32.0	29.0	25.0	134.0	24.0	63.0	41.0	38.0	34.0	103.0
PF3D7_1101300	80.0	82.0	100.0	89.0	67.0	40.0	47.0	372.0	137.0	246.0	182.0	123.0	90.0	274.0
PF3D7_1102200	0.0	0.0	14.0	0.0	0.0	0.0	0.0	37.0	15.0	33.0	0.0	24.0	0.0	10.0
PF3D7_1102300	540.0	440.0	670.0	456.0	495.0	239.0	339.0	870.0	203.0	1083.0	328.0	920.0	161.0	533.0
PF3D7_1102400	523.0	392.0	494.0	279.0	304.0	240.0	418.0	1803.0	824.0	789.0	865.0	607.0	617.0	873.0
PF3D7_1102500	4431.0	4548.0	4005.0	4841.0	2112.0	3380.0	6130.0	6682.0	5942.0	3446.0	6235.0	2667.0	3625.0	12685.0
PF3D7_1102600	200.0	243.0	164.0	228.0	85.0	146.0	387.0	259.0	197.0	134.0	192.0	124.0	80.0	289.0
PF3D7_1102700	1420.0	1750.0	1794.0	2188.0	1070.0	1809.0	2052.0	1768.0	1588.0	1316.0	1898.0	1484.0	765.0	3269.0
PF3D7_1102800	16510.0	18880.0	18889.0	18052.0	7559.0	13305.0	26315.0	6921.0	7742.0	3274.0	5047.0	2838.0	1857.0	10068.0
PF3D7_1102900	142.0	119.0	118.0	121.0	75.0	123.0	160.0	72.0	46.0	57.0	62.0	30.0	13.0	140.0
PF3D7_1103000	15.0	26.0	20.0	28.0	0.0	25.0	18.0	22.0	22.0	19.0	16.0	13.0	15.0	32.0
PF3D7_1103100	2385.0	2610.0	3153.0	2864.0	1622.0	2364.0	3365.0	8520.0	8908.0	4302.0	11205.0	2621.0	5693.0	8588.0
PF3D7_1103200	0.0	0.0	0.0	0.0	0.0	0.0	12.0	0.0	0.0	0.0	0.0	11.0	0.0	0.0
PF3D7_1103300	0.0	0.0	21.0	0.0	0.0	0.0	0.0	16.0	10.0	12.0	12.0	10.0	0.0	0.0
PF3D7_1103400	896.0	733.0	668.0	551.0	414.0	361.0	723.0	1100.0	620.0	770.0	1094.0	573.0	899.0	894.0
PF3D7_1103500	111.0	98.0	103.0	96.0	75.0	55.0	116.0	90.0	86.0	55.0	64.0	49.0	22.0	114.0
PF3D7_1103600	287.0	230.0	272.0	214.0	203.0	151.0	163.0	672.0	332.0	625.0	504.0	378.0	423.0	427.0
PF3D7_1103700	473.0	493.0	441.0	305.0	309.0	257.0	412.0	714.0	493.0	428.0	755.0	313.0	652.0	596.0
PF3D7_1103800	2883.0	2491.0	2301.0	1870.0	1148.0	1200.0	2661.0	2847.0	2075.0	1925.0	4873.0	1169.0	4289.0	3123.0
PF3D7_1103900	0.0	10.0	0.0	0.0	0.0	0.0	0.0	11.0	0.0	0.0	0.0	0.0	0.0	0.0
PF3D7_1104000	866.0	810.0	799.0	694.0	467.0	507.0	668.0	2136.0	1475.0	1158.0	2056.0	813.0	1600.0	1762.0
PF3D7_1104100	965.0	793.0	936.0	587.0	659.0	466.0	653.0	1292.0	689.0	824.0	971.0	599.0	689.0	1066.0
PF3D7_1104200	4868.0	3409.0	5861.0	2788.0	3987.0	2173.0	2947.0	9474.0	4364.0	6914.0	6900.0	4801.0	4989.0	6970.0
PF3D7_1104300	1054.0	772.0	1047.0	663.0	551.0	371.0	797.0	1661.0	687.0	1030.0	1210.0	639.0	1112.0	970.0
PF3D7_1104400	1985.0	1891.0	2481.0	1794.0	1702.0	1299.0	1965.0	3524.0	2760.0	2461.0	4370.0	1805.0	3110.0	3969.0
PF3D7_1104500	41.0	45.0	42.0	42.0	18.0	27.0	28.0	45.0	23.0	49.0	22.0	34.0	22.0	66.0
PF3D7_1104600	171.0	193.0	218.0	202.0	152.0	136.0	76.0	205.0	115.0	167.0	119.0	110.0	109.0	323.0
PF3D7_1104700	170.0	153.0	169.0	121.0	105.0	71.0	212.0	613.0	374.0	239.0	435.0	173.0	369.0	379.0
PF3D7_1104800	234.0	183.0	196.0	178.0	107.0	86.0	284.0	689.0	526.0	429.0	902.0	270.0	698.0	590.0
PF3D7_1104900	962.0	694.0	849.0	654.0	405.0	326.0	668.0	540.0	359.0	513.0	418.0	289.0	279.0	931.0
PF3D7_1105000	12007.0	10210.0	13315.0	6437.0	5094.0	4267.0	15956.0	12217.0	14597.0	6149.0	20719.0	3992.0	13214.0	9443.0
PF3D7_1105100	18381.0	17338.0	19268.0	9973.0	7165.0	5246.0	24321.0	21010.0	23249.0	9508.0	36025.0	5851.0	26727.0	19936.0
PF3D7_1105200	85.0	77.0	93.0	92.0	45.0	45.0	76.0	91.0	80.0	45.0	68.0	53.0	40.0	108.0
PF3D7_1105300	850.0	779.0	678.0	441.0	346.0	269.0	572.0	810.0	541.0	531.0	889.0	331.0	730.0	639.0
PF3D7_1105400	2978.0	3505.0	3086.0	2472.0	1840.0	2301.0	3675.0	8767.0	9438.0	4469.0	11883.0	2928.0	8103.0	7969.0
PF3D7_1105500	83.0	102.0	67.0	64.0	48.0	30.0	108.0	76.0	73.0	25.0	122.0	38.0	114.0	120.0
PF3D7_1105600	5926.0	5424.0	5536.0	4042.0	4946.0	3789.0	3950.0	11139.0	5323.0	8926.0	8014.0	5948.0	4893.0	11502.0
PF3D7_1105700	962.0	969.0	955.0	803.0	657.0	657.0	772.0	1271.0	904.0	1052.0	1428.0	717.0	940.0	1394.0
PF3D7_1105800	686.0	720.0	612.0	427.0	328.0	299.0	839.0	1580.0	1589.0	878.0	2048.0	510.0	1646.0	1375.0
PF3D7_1105900	0.0	0.0	0.0	10.0	0.0	0.0	0.0	0.0	0.0	0.0	0.0	0.0	0.0	0.0
PF3D7_1106000	1097.0	815.0	1287.0	704.0	789.0	510.0	629.0	2405.0	1258.0	1801.0	1898.0	1243.0	1190.0	1503.0
PF3D7_1106100	175.0	121.0	186.0	98.0	98.0	81.0	175.0	240.0	124.0	143.0	217.0	93.0	136.0	185.0
PF3D7_1106200	269.0	158.0	220.0	152.0	115.0	89.0	205.0	286.0	236.0	236.0	405.0	123.0	392.0	233.0
PF3D7_1106300	641.0	525.0	592.0	425.0	365.0	246.0	630.0	1312.0	716.0	849.0	1198.0	530.0	962.0	951.0
PF3D7_1106400	43.0	45.0	55.0	52.0	28.0	19.0	72.0	73.0	60.0	29.0	61.0	25.0	58.0	62.0
PF3D7_1106500	849.0	591.0	780.0	595.0	514.0	409.0	748.0	2414.0	1500.0	1436.0	2229.0	926.0	1665.0	1784.0
PF3D7_1106600	360.0	361.0	388.0	280.0	198.0	176.0	288.0	738.0	462.0	486.0	756.0	388.0	644.0	525.0
PF3D7_1106700	692.0	609.0	682.0	463.0	448.0	332.0	481.0	1144.0	651.0	952.0	1291.0	642.0	972.0	868.0
PF3D7_1106800	421.0	417.0	369.0	414.0	216.0	218.0	366.0	470.0	416.0	362.0	693.0	307.0	601.0	595.0
PF3D7_1106900	12.0	19.0	28.0	17.0	10.0	16.0	36.0	22.0	19.0	14.0	28.0	12.0	15.0	34.0
PF3D7_1107000	97.0	76.0	111.0	84.0	62.0	55.0	101.0	177.0	108.0	116.0	118.0	55.0	117.0	88.0
PF3D7_1107100	556.0	286.0	674.0	282.0	371.0	151.0	385.0	440.0	196.0	329.0	293.0	270.0	214.0	228.0
PF3D7_1107200	579.0	476.0	662.0	428.0	378.0	294.0	523.0	1185.0	668.0	930.0	1120.0	648.0	868.0	873.0
PF3D7_1107300	13932.0	12311.0	13845.0	8586.0	7405.0	6795.0	10341.0	22289.0	16199.0	13966.0	26377.0	10098.0	18441.0	22551.0
PF3D7_1107400	215.0	174.0	127.0	124.0	133.0	63.0	181.0	217.0	203.0	215.0	439.0	126.0	409.0	211.0
PF3D7_1107500	102.0	127.0	118.0	88.0	79.0	56.0	99.0	324.0	218.0	152.0	283.0	118.0	208.0	220.0
PF3D7_1107600	296.0	307.0	387.0	273.0	192.0	151.0	182.0	332.0	185.0	295.0	196.0	216.0	144.0	414.0
PF3D7_1107700	909.0	694.0	1051.0	646.0	676.0	489.0	637.0	1640.0	972.0	1416.0	1531.0	1071.0	1000.0	1429.0
PF3D7_1107800	5981.0	4295.0	5117.0	2267.0	3111.0	1341.0	3315.0	26450.0	8109.0	21508.0	11066.0	15632.0	7983.0	10408.0
PF3D7_1107900	444.0	411.0	353.0	289.0	249.0	214.0	360.0	483.0	209.0	394.0	314.0	279.0	263.0	826.0
PF3D7_1108000	1808.0	1325.0	2206.0	1268.0	1492.0	893.0	1387.0	3115.0	1306.0	2292.0	2142.0	1595.0	1154.0	2254.0
PF3D7_1108100	637.0	527.0	638.0	336.0	256.0	217.0	517.0	485.0	266.0	301.0	307.0	186.0	169.0	745.0
PF3D7_1108200	126.0	135.0	155.0	110.0	95.0	94.0	138.0	258.0	215.0	134.0	256.0	98.0	215.0	165.0
PF3D7_1108300	119.0	106.0	115.0	69.0	37.0	32.0	89.0	112.0	90.0	69.0	138.0	39.0	89.0	66.0
PF3D7_1108400	1585.0	1347.0	1556.0	1023.0	998.0	704.0	1305.0	2377.0	2049.0	1665.0	3715.0	1068.0	2866.0	2308.0
PF3D7_1108500	318.0	298.0	319.0	278.0	189.0	137.0	440.0	320.0	302.0	241.0	589.0	165.0	539.0	377.0
PF3D7_1108600	3229.0	2558.0	2899.0	2214.0	1723.0	1708.0	3660.0	5726.0	4247.0	3919.0	7750.0	2633.0	6084.0	6971.0
PF3D7_1108700	2413.0	2260.0	2080.0	1813.0	1269.0	1238.0	2353.0	3834.0	2457.0	2212.0	3798.0	1517.0	3126.0	4028.0
PF3D7_1108800	30.0	26.0	17.0	33.0	17.0	11.0	36.0	20.0	19.0	21.0	40.0	17.0	19.0	32.0
PF3D7_1108900	312.0	373.0	292.0	270.0	180.0	244.0	227.0	695.0	529.0	528.0	677.0	334.0	494.0	823.0
PF3D7_1109000	57.0	22.0	35.0	112.0	39.0	34.0	54.0	31.0	27.0	42.0	44.0	35.0	28.0	39.0
PF3D7_1109100	361.0	350.0	336.0	306.0	179.0	211.0	230.0	362.0	209.0	221.0	195.0	182.0	111.0	375.0
PF3D7_1109200	206.0	153.0	192.0	221.0	124.0	112.0	117.0	234.0	119.0	187.0	157.0	149.0	77.0	224.0
PF3D7_1109400	1642.0	1637.0	1496.0	1411.0	1040.0	1167.0	1367.0	2258.0	1783.0	1506.0	2714.0	1073.0	1693.0	3070.0
PF3D7_1109800	0.0	0.0	0.0	0.0	0.0	0.0	14.0	0.0	0.0	0.0	0.0	0.0	0.0	0.0
PF3D7_1109900	1359.0	1183.0	1908.0	1194.0	1225.0	868.0	1658.0	3851.0	3219.0	2053.0	3858.0	1422.0	1985.0	2870.0
PF3D7_1110000	51.0	44.0	57.0	60.0	18.0	44.0	64.0	80.0	81.0	29.0	93.0	26.0	45.0	97.0
PF3D7_1110100	843.0	742.0	842.0	531.0	418.0	388.0	562.0	1296.0	704.0	891.0	907.0	659.0	623.0	1128.0
PF3D7_1110200	3241.0	3080.0	3637.0	2895.0	2422.0	2128.0	2632.0	4161.0	2890.0	3127.0	4607.0	2264.0	3112.0	5081.0
PF3D7_1110300	420.0	419.0	470.0	337.0	307.0	320.0	386.0	836.0	528.0	498.0	651.0	362.0	405.0	893.0
PF3D7_1110400	15611.0	12812.0	18417.0	11006.0	11773.0	8456.0	11577.0	27135.0	15972.0	20479.0	28398.0	14607.0	17983.0	23233.0
PF3D7_1110500	849.0	615.0	647.0	495.0	385.0	328.0	784.0	1349.0	783.0	971.0	1520.0	683.0	1355.0	986.0
PF3D7_1110600	167.0	122.0	144.0	113.0	79.0	65.0	167.0	111.0	97.0	63.0	212.0	49.0	191.0	90.0
PF3D7_1110700	173.0	145.0	112.0	76.0	68.0	62.0	109.0	90.0	52.0	84.0	77.0	50.0	76.0	109.0
PF3D7_1110800	89.0	62.0	96.0	80.0	33.0	33.0	126.0	70.0	59.0	28.0	40.0	37.0	33.0	43.0
PF3D7_1110900	663.0	480.0	826.0	514.0	476.0	375.0	495.0	769.0	440.0	537.0	673.0	377.0	477.0	634.0
PF3D7_1111000	207.0	221.0	216.0	158.0	120.0	100.0	205.0	282.0	231.0	166.0	278.0	121.0	171.0	218.0
PF3D7_1111100	415.0	394.0	303.0	351.0	174.0	188.0	436.0	467.0	494.0	363.0	1234.0	209.0	1152.0	495.0
PF3D7_1111200	330.0	264.0	350.0	262.0	199.0	141.0	247.0	551.0	344.0	467.0	531.0	301.0	383.0	455.0
PF3D7_1111300	231.0	159.0	186.0	124.0	104.0	83.0	181.0	340.0	165.0	207.0	208.0	146.0	146.0	257.0
PF3D7_1111400	115.0	112.0	143.0	115.0	81.0	107.0	188.0	156.0	161.0	83.0	260.0	71.0	196.0	189.0
PF3D7_1111500	56.0	54.0	61.0	53.0	29.0	21.0	72.0	62.0	75.0	31.0	66.0	31.0	78.0	65.0
PF3D7_1111600	107.0	88.0	122.0	96.0	56.0	59.0	75.0	86.0	61.0	77.0	66.0	61.0	60.0	126.0
PF3D7_1111700	256.0	260.0	284.0	214.0	188.0	113.0	214.0	494.0	321.0	307.0	458.0	263.0	398.0	315.0
PF3D7_1111800	125.0	78.0	122.0	82.0	77.0	45.0	113.0	118.0	69.0	103.0	87.0	66.0	67.0	94.0
PF3D7_1111900	184.0	111.0	146.0	133.0	87.0	57.0	163.0	133.0	105.0	113.0	127.0	92.0	127.0	118.0
PF3D7_1112000	132.0	155.0	189.0	129.0	131.0	61.0	165.0	293.0	228.0	88.0	157.0	72.0	116.0	187.0
PF3D7_1112100	2029.0	1371.0	1809.0	1064.0	933.0	639.0	1341.0	1855.0	1217.0	1358.0	2196.0	779.0	1851.0	1878.0
PF3D7_1112200	71.0	52.0	45.0	36.0	19.0	27.0	58.0	87.0	69.0	46.0	123.0	35.0	117.0	91.0
PF3D7_1112300	180.0	152.0	161.0	116.0	90.0	77.0	164.0	179.0	159.0	103.0	271.0	98.0	241.0	145.0
PF3D7_1112400	96.0	102.0	83.0	58.0	65.0	37.0	99.0	210.0	174.0	91.0	255.0	50.0	224.0	118.0
PF3D7_1112500	239.0	204.0	223.0	147.0	109.0	79.0	138.0	318.0	221.0	234.0	287.0	163.0	214.0	224.0
PF3D7_1112600	259.0	173.0	288.0	171.0	147.0	80.0	208.0	293.0	121.0	198.0	250.0	150.0	216.0	141.0
PF3D7_1112700	95.0	81.0	96.0	85.0	64.0	47.0	113.0	68.0	84.0	70.0	92.0	54.0	56.0	63.0
PF3D7_1112800	23.0	41.0	47.0	36.0	13.0	18.0	27.0	50.0	44.0	19.0	39.0	18.0	21.0	50.0
PF3D7_1112900	38.0	26.0	56.0	29.0	33.0	18.0	43.0	21.0	15.0	31.0	22.0	32.0	14.0	26.0
PF3D7_1113000	854.0	941.0	876.0	586.0	415.0	361.0	526.0	510.0	450.0	452.0	366.0	271.0	270.0	816.0
PF3D7_1113100	1975.0	2148.0	2469.0	1645.0	1462.0	1281.0	2009.0	3207.0	2103.0	1694.0	2318.0	1320.0	1480.0	3702.0
PF3D7_1113200	128.0	214.0	126.0	118.0	65.0	65.0	156.0	169.0	187.0	62.0	174.0	47.0	125.0	273.0
PF3D7_1113300	460.0	635.0	306.0	356.0	128.0	302.0	647.0	394.0	511.0	226.0	1181.0	115.0	1166.0	795.0
PF3D7_1113400	1769.0	1302.0	1798.0	1058.0	1282.0	691.0	1553.0	3469.0	1988.0	2449.0	3313.0	1715.0	2503.0	2254.0
PF3D7_1113500	210.0	235.0	209.0	206.0	144.0	143.0	252.0	338.0	258.0	254.0	410.0	192.0	263.0	454.0
PF3D7_1113600	583.0	390.0	769.0	432.0	519.0	347.0	310.0	996.0	405.0	921.0	570.0	619.0	389.0	658.0
PF3D7_1113700	117.0	81.0	113.0	61.0	75.0	41.0	68.0	272.0	207.0	168.0	325.0	108.0	237.0	118.0
PF3D7_1113800	221.0	213.0	207.0	129.0	70.0	68.0	246.0	246.0	199.0	118.0	224.0	90.0	209.0	155.0
PF3D7_1113900	108.0	126.0	90.0	87.0	42.0	73.0	126.0	39.0	44.0	41.0	67.0	40.0	30.0	124.0
PF3D7_1114000	0.0	0.0	10.0	0.0	11.0	0.0	16.0	0.0	0.0	0.0	0.0	0.0	0.0	22.0
PF3D7_1114100	280.0	195.0	227.0	90.0	96.0	55.0	145.0	459.0	197.0	251.0	160.0	194.0	199.0	158.0
PF3D7_1114200	1080.0	997.0	1036.0	869.0	866.0	572.0	983.0	1610.0	736.0	1155.0	909.0	865.0	644.0	1127.0
PF3D7_1114400	113.0	115.0	100.0	86.0	57.0	57.0	106.0	190.0	139.0	125.0	234.0	86.0	231.0	136.0
PF3D7_1114500	68.0	38.0	72.0	27.0	27.0	20.0	52.0	111.0	64.0	82.0	64.0	48.0	63.0	50.0
PF3D7_1114600	56.0	69.0	79.0	54.0	33.0	33.0	52.0	36.0	31.0	39.0	23.0	17.0	33.0	68.0
PF3D7_1114700	1774.0	1587.0	1879.0	1398.0	1120.0	1032.0	1628.0	2566.0	1754.0	1518.0	2827.0	1134.0	1859.0	2435.0
PF3D7_1114800	84.0	76.0	99.0	61.0	68.0	36.0	100.0	61.0	40.0	49.0	47.0	37.0	25.0	77.0
PF3D7_1114900	463.0	385.0	444.0	317.0	248.0	206.0	291.0	259.0	183.0	242.0	238.0	167.0	148.0	462.0
PF3D7_1115000	77.0	71.0	96.0	56.0	28.0	37.0	72.0	130.0	124.0	83.0	240.0	38.0	195.0	95.0
PF3D7_1115100	54.0	53.0	51.0	44.0	24.0	15.0	86.0	56.0	52.0	25.0	41.0	30.0	22.0	74.0
PF3D7_1115200	1741.0	1337.0	1634.0	1032.0	1139.0	779.0	1264.0	2419.0	1108.0	1808.0	1609.0	1249.0	1218.0	2925.0
PF3D7_1115300	871.0	999.0	918.0	840.0	789.0	696.0	687.0	2988.0	1762.0	1814.0	2007.0	1322.0	1140.0	2222.0
PF3D7_1115400	4174.0	3471.0	3946.0	2377.0	2857.0	1769.0	3312.0	5723.0	2697.0	4525.0	4258.0	3088.0	3272.0	5160.0
PF3D7_1115500	180.0	232.0	143.0	101.0	66.0	66.0	275.0	163.0	171.0	103.0	166.0	61.0	154.0	193.0
PF3D7_1115600	863.0	713.0	790.0	523.0	405.0	249.0	867.0	1102.0	692.0	651.0	1231.0	400.0	1011.0	1039.0
PF3D7_1115700	985.0	1022.0	895.0	678.0	605.0	436.0	1089.0	8361.0	5550.0	4459.0	6431.0	2747.0	3293.0	6543.0
PF3D7_1115800	4249.0	3677.0	4668.0	2372.0	3613.0	1815.0	2501.0	3316.0	1249.0	3159.0	1644.0	2335.0	862.0	2614.0
PF3D7_1115900	137.0	195.0	149.0	126.0	66.0	82.0	185.0	131.0	93.0	63.0	66.0	61.0	40.0	105.0
PF3D7_1116000	2625.0	2680.0	2355.0	1258.0	1120.0	607.0	1308.0	980.0	832.0	645.0	1132.0	337.0	571.0	2566.0
PF3D7_1116100	1639.0	1363.0	1396.0	899.0	902.0	578.0	1213.0	1363.0	1092.0	893.0	1311.0	545.0	1224.0	1591.0
PF3D7_1116200	226.0	228.0	268.0	186.0	170.0	145.0	156.0	562.0	346.0	387.0	390.0	312.0	354.0	428.0
PF3D7_1116300	305.0	285.0	461.0	251.0	202.0	211.0	299.0	848.0	520.0	430.0	528.0	381.0	282.0	423.0
PF3D7_1116400	921.0	726.0	893.0	537.0	618.0	383.0	725.0	2235.0	847.0	1542.0	1311.0	1045.0	1004.0	1253.0
PF3D7_1116500	473.0	542.0	396.0	243.0	154.0	157.0	465.0	683.0	532.0	324.0	763.0	232.0	720.0	588.0
PF3D7_1116600	437.0	418.0	358.0	338.0	171.0	197.0	426.0	584.0	625.0	293.0	891.0	237.0	899.0	591.0
PF3D7_1116700	5763.0	5243.0	5800.0	4297.0	4321.0	3462.0	4274.0	18897.0	11221.0	12973.0	16868.0	8652.0	11918.0	15978.0
PF3D7_1116800	12978.0	9398.0	12413.0	6674.0	8716.0	5458.0	7536.0	28957.0	10945.0	23602.0	14018.0	16117.0	9554.0	27001.0
PF3D7_1116900	42.0	39.0	56.0	34.0	40.0	14.0	50.0	30.0	12.0	35.0	16.0	18.0	17.0	33.0
PF3D7_1117000	58.0	74.0	81.0	48.0	35.0	32.0	101.0	53.0	56.0	42.0	74.0	32.0	69.0	72.0
PF3D7_1117100	496.0	439.0	499.0	322.0	243.0	199.0	426.0	564.0	427.0	423.0	934.0	261.0	811.0	454.0
PF3D7_1117200	281.0	283.0	280.0	344.0	177.0	189.0	203.0	287.0	164.0	282.0	203.0	229.0	156.0	351.0
PF3D7_1117300	344.0	357.0	319.0	209.0	254.0	143.0	281.0	369.0	204.0	196.0	261.0	179.0	228.0	318.0
PF3D7_1117400	278.0	246.0	304.0	92.0	96.0	58.0	198.0	207.0	156.0	89.0	134.0	64.0	61.0	169.0
PF3D7_1117500	332.0	373.0	267.0	260.0	174.0	153.0	281.0	549.0	479.0	334.0	971.0	219.0	784.0	584.0
PF3D7_1117600	117.0	90.0	102.0	96.0	58.0	49.0	108.0	153.0	105.0	69.0	196.0	63.0	165.0	81.0
PF3D7_1117700	3526.0	3834.0	3483.0	2806.0	1876.0	2052.0	3598.0	5015.0	5154.0	3118.0	8435.0	2191.0	6302.0	6174.0
PF3D7_1117800	784.0	613.0	761.0	503.0	448.0	401.0	501.0	1263.0	698.0	920.0	1257.0	580.0	947.0	856.0
PF3D7_1117900	1108.0	1055.0	1139.0	859.0	540.0	560.0	1053.0	1109.0	688.0	873.0	958.0	552.0	756.0	1293.0
PF3D7_1118000	147.0	80.0	177.0	120.0	115.0	63.0	151.0	267.0	148.0	157.0	156.0	113.0	106.0	114.0
PF3D7_1118100	235.0	192.0	272.0	135.0	171.0	76.0	212.0	475.0	206.0	252.0	206.0	158.0	211.0	198.0
PF3D7_1118200	1825.0	1592.0	1491.0	1166.0	820.0	661.0	1572.0	7451.0	4573.0	4982.0	7660.0	2693.0	4869.0	4772.0
PF3D7_1118300	8834.0	6976.0	10033.0	5425.0	7639.0	4371.0	5216.0	9729.0	4728.0	7833.0	7371.0	6651.0	5847.0	7412.0
PF3D7_1118400	168.0	169.0	190.0	142.0	85.0	51.0	172.0	153.0	86.0	109.0	81.0	56.0	69.0	163.0
PF3D7_1118500	2954.0	2349.0	3640.0	1927.0	2575.0	1516.0	2158.0	4820.0	2567.0	3750.0	3542.0	2794.0	2091.0	4068.0
PF3D7_1118600	970.0	729.0	1039.0	645.0	668.0	423.0	730.0	1787.0	783.0	1283.0	1347.0	913.0	969.0	1148.0
PF3D7_1118700	381.0	375.0	479.0	332.0	185.0	151.0	364.0	222.0	162.0	151.0	168.0	159.0	88.0	387.0
PF3D7_1118800	64.0	108.0	105.0	100.0	46.0	39.0	132.0	58.0	36.0	49.0	49.0	34.0	69.0	63.0
PF3D7_1118900	94.0	108.0	96.0	109.0	45.0	59.0	108.0	87.0	37.0	48.0	52.0	45.0	34.0	113.0
PF3D7_1119000	360.0	328.0	366.0	245.0	173.0	164.0	330.0	759.0	624.0	429.0	926.0	257.0	792.0	499.0
PF3D7_1119100	375.0	263.0	402.0	307.0	209.0	223.0	381.0	951.0	563.0	690.0	1049.0	409.0	618.0	828.0
PF3D7_1119200	333.0	247.0	465.0	337.0	318.0	233.0	292.0	487.0	251.0	426.0	365.0	298.0	173.0	376.0
PF3D7_1119300	1038.0	854.0	1218.0	790.0	709.0	577.0	872.0	1731.0	1031.0	1398.0	2040.0	933.0	1408.0	1359.0
PF3D7_1119400	1466.0	1249.0	1603.0	956.0	911.0	649.0	1208.0	2123.0	1263.0	1509.0	1959.0	1171.0	1587.0	1486.0
PF3D7_1119500	283.0	207.0	284.0	177.0	197.0	88.0	231.0	368.0	190.0	196.0	303.0	163.0	301.0	295.0
PF3D7_1119600	643.0	549.0	581.0	433.0	333.0	322.0	419.0	1732.0	923.0	1355.0	1791.0	864.0	1398.0	1302.0
PF3D7_1119700	120.0	111.0	108.0	110.0	54.0	47.0	100.0	134.0	72.0	61.0	65.0	36.0	58.0	97.0
PF3D7_1119800	340.0	314.0	445.0	214.0	223.0	111.0	246.0	671.0	323.0	408.0	397.0	270.0	272.0	329.0
PF3D7_1119900	2310.0	2252.0	2694.0	1676.0	1648.0	1298.0	1858.0	2742.0	1440.0	1862.0	1909.0	1568.0	1389.0	2628.0
PF3D7_1120000	4226.0	2336.0	5173.0	2487.0	3522.0	1847.0	2711.0	6379.0	3330.0	6849.0	6420.0	4461.0	3698.0	5121.0
PF3D7_1120100	2308.0	2741.0	1765.0	2333.0	1082.0	2048.0	2656.0	7589.0	7308.0	4990.0	14021.0	3308.0	9938.0	9703.0
PF3D7_1120200	80.0	72.0	114.0	54.0	62.0	43.0	79.0	158.0	64.0	62.0	70.0	76.0	33.0	76.0
PF3D7_1120300	246.0	210.0	206.0	171.0	106.0	157.0	211.0	355.0	259.0	186.0	381.0	168.0	288.0	357.0
PF3D7_1120400	673.0	669.0	693.0	501.0	530.0	331.0	501.0	705.0	286.0	560.0	355.0	409.0	355.0	627.0
PF3D7_1120500	797.0	739.0	831.0	571.0	486.0	366.0	685.0	1132.0	588.0	705.0	738.0	505.0	570.0	809.0
PF3D7_1120600	810.0	751.0	670.0	634.0	353.0	360.0	815.0	876.0	591.0	684.0	1215.0	445.0	1187.0	877.0
PF3D7_1120700	563.0	407.0	510.0	439.0	271.0	221.0	444.0	577.0	317.0	449.0	529.0	295.0	364.0	478.0
PF3D7_1120800	31.0	27.0	20.0	20.0	0.0	14.0	36.0	39.0	62.0	18.0	56.0	0.0	46.0	29.0
PF3D7_1120900	70.0	84.0	53.0	62.0	25.0	27.0	71.0	79.0	121.0	55.0	223.0	45.0	220.0	98.0
PF3D7_1121000	102.0	66.0	139.0	64.0	50.0	35.0	97.0	79.0	60.0	57.0	59.0	38.0	72.0	54.0
PF3D7_1121100	3232.0	2434.0	3555.0	2071.0	2090.0	1539.0	2235.0	3087.0	1441.0	2817.0	2531.0	1962.0	1799.0	2593.0
PF3D7_1121200	12.0	19.0	14.0	18.0	0.0	0.0	25.0	25.0	23.0	19.0	38.0	12.0	31.0	16.0
PF3D7_1121300	1033.0	563.0	865.0	385.0	450.0	288.0	542.0	535.0	206.0	435.0	380.0	322.0	382.0	693.0
PF3D7_1121400	77.0	74.0	77.0	67.0	43.0	40.0	36.0	59.0	32.0	66.0	46.0	47.0	43.0	121.0
PF3D7_1121500	107.0	86.0	65.0	82.0	43.0	34.0	69.0	92.0	62.0	50.0	128.0	45.0	131.0	135.0
PF3D7_1121600	7022.0	7989.0	6895.0	6616.0	4504.0	5041.0	7682.0	31240.0	23205.0	16072.0	28946.0	10118.0	18271.0	28119.0
PF3D7_1121700	1894.0	1612.0	1935.0	1407.0	1387.0	1037.0	1241.0	4261.0	2174.0	3308.0	3477.0	2355.0	2134.0	3480.0
PF3D7_1121800	202.0	181.0	193.0	191.0	137.0	117.0	135.0	122.0	93.0	105.0	88.0	95.0	95.0	253.0
PF3D7_1121900	104.0	110.0	121.0	79.0	81.0	81.0	101.0	95.0	64.0	70.0	100.0	82.0	90.0	144.0
PF3D7_1122000	59.0	73.0	62.0	45.0	39.0	42.0	25.0	160.0	87.0	108.0	130.0	75.0	87.0	71.0
PF3D7_1122100	162.0	142.0	124.0	111.0	87.0	80.0	156.0	140.0	82.0	93.0	203.0	60.0	202.0	134.0
PF3D7_1122200	790.0	656.0	848.0	646.0	501.0	513.0	618.0	1147.0	560.0	739.0	583.0	532.0	386.0	1048.0
PF3D7_1122300	460.0	395.0	488.0	310.0	331.0	203.0	314.0	347.0	142.0	265.0	176.0	199.0	170.0	304.0
PF3D7_1122400	1166.0	809.0	1240.0	835.0	798.0	556.0	686.0	1403.0	681.0	1281.0	1076.0	905.0	653.0	980.0
PF3D7_1122500	749.0	595.0	815.0	435.0	360.0	242.0	521.0	704.0	537.0	447.0	1035.0	293.0	937.0	711.0
PF3D7_1122600	255.0	274.0	256.0	213.0	133.0	138.0	250.0	192.0	129.0	123.0	120.0	117.0	105.0	260.0
PF3D7_1122700	120.0	91.0	141.0	62.0	60.0	32.0	94.0	89.0	19.0	40.0	44.0	23.0	32.0	76.0
PF3D7_1122800	993.0	805.0	1192.0	621.0	674.0	551.0	604.0	2275.0	805.0	1614.0	1102.0	1281.0	831.0	992.0
PF3D7_1122900	539.0	553.0	568.0	488.0	276.0	353.0	361.0	552.0	304.0	508.0	371.0	364.0	323.0	703.0
PF3D7_1123000	5302.0	4773.0	5683.0	3622.0	3403.0	2642.0	3815.0	5401.0	3670.0	3771.0	4769.0	3045.0	3232.0	5999.0
PF3D7_1123100	6845.0	4795.0	7634.0	4348.0	4594.0	3188.0	4167.0	9335.0	3547.0	7714.0	5354.0	6035.0	3718.0	6654.0
PF3D7_1123200	316.0	249.0	289.0	169.0	134.0	89.0	237.0	203.0	123.0	150.0	195.0	90.0	196.0	187.0
PF3D7_1123300	723.0	492.0	915.0	435.0	517.0	252.0	519.0	1411.0	599.0	894.0	866.0	680.0	667.0	730.0
PF3D7_1123400	2361.0	2476.0	2582.0	2311.0	1691.0	1852.0	2310.0	4539.0	3677.0	2882.0	6727.0	2111.0	4658.0	4717.0
PF3D7_1123500	4380.0	4181.0	4147.0	3238.0	2915.0	2560.0	2948.0	5281.0	3485.0	3795.0	5244.0	3005.0	4438.0	6063.0
PF3D7_1123600	619.0	572.0	559.0	466.0	346.0	305.0	516.0	983.0	544.0	703.0	700.0	550.0	568.0	698.0
PF3D7_1123700	90.0	105.0	93.0	103.0	42.0	58.0	171.0	89.0	97.0	57.0	237.0	46.0	169.0	78.0
PF3D7_1123800	604.0	510.0	651.0	385.0	386.0	255.0	425.0	777.0	420.0	490.0	720.0	313.0	669.0	704.0
PF3D7_1123900	959.0	987.0	1137.0	909.0	801.0	722.0	1070.0	1464.0	1433.0	847.0	1997.0	634.0	958.0	1692.0
PF3D7_1124000	1103.0	1116.0	1052.0	924.0	623.0	656.0	1063.0	1147.0	668.0	615.0	936.0	437.0	732.0	1343.0
PF3D7_1124100	1543.0	1675.0	1541.0	1508.0	926.0	1186.0	1151.0	2386.0	1729.0	1534.0	2702.0	1028.0	2089.0	2630.0
PF3D7_1124200	385.0	325.0	323.0	189.0	172.0	103.0	282.0	557.0	175.0	402.0	245.0	247.0	183.0	325.0
PF3D7_1124300	1349.0	1137.0	1454.0	804.0	912.0	548.0	1022.0	2500.0	1300.0	1343.0	1468.0	916.0	1056.0	1238.0
PF3D7_1124400	111.0	118.0	174.0	105.0	119.0	62.0	147.0	197.0	138.0	93.0	137.0	89.0	122.0	136.0
PF3D7_1124500	304.0	228.0	311.0	238.0	209.0	179.0	211.0	274.0	158.0	234.0	228.0	215.0	146.0	347.0
PF3D7_1124600	1378.0	849.0	1263.0	624.0	616.0	342.0	1046.0	1343.0	762.0	734.0	1374.0	390.0	1287.0	824.0
PF3D7_1124700	302.0	209.0	281.0	223.0	138.0	158.0	307.0	926.0	818.0	655.0	1352.0	381.0	709.0	888.0
PF3D7_1124800	660.0	399.0	937.0	413.0	592.0	324.0	563.0	1287.0	577.0	1006.0	850.0	673.0	453.0	744.0
PF3D7_1124900	1197.0	1125.0	1616.0	1278.0	840.0	884.0	1661.0	3485.0	3398.0	2268.0	5697.0	1561.0	2646.0	3242.0
PF3D7_1125000	140.0	98.0	153.0	83.0	71.0	46.0	128.0	109.0	68.0	84.0	100.0	66.0	85.0	70.0
PF3D7_1125100	335.0	264.0	244.0	231.0	143.0	141.0	320.0	273.0	163.0	160.0	420.0	97.0	426.0	267.0
PF3D7_1125200	258.0	205.0	276.0	194.0	139.0	111.0	253.0	641.0	300.0	426.0	358.0	278.0	295.0	341.0
PF3D7_1125300	1022.0	837.0	828.0	708.0	572.0	475.0	944.0	1906.0	1393.0	1013.0	2254.0	752.0	1601.0	1922.0
PF3D7_1125400	492.0	431.0	548.0	466.0	319.0	303.0	503.0	1718.0	1164.0	985.0	1564.0	710.0	966.0	1469.0
PF3D7_1125500	213.0	178.0	279.0	156.0	120.0	107.0	244.0	438.0	275.0	217.0	302.0	148.0	152.0	255.0
PF3D7_1125600	46.0	52.0	69.0	49.0	37.0	25.0	62.0	44.0	47.0	37.0	59.0	19.0	52.0	44.0
PF3D7_1125700	331.0	325.0	326.0	183.0	132.0	102.0	245.0	293.0	200.0	178.0	183.0	102.0	128.0	337.0
PF3D7_1125800	458.0	481.0	209.0	286.0	121.0	148.0	453.0	362.0	270.0	313.0	196.0	174.0	152.0	424.0
PF3D7_1125900	169.0	143.0	253.0	203.0	117.0	143.0	152.0	516.0	332.0	199.0	337.0	162.0	164.0	343.0
PF3D7_1126000	3597.0	3096.0	3841.0	2383.0	2821.0	1842.0	2301.0	6861.0	4248.0	5491.0	6708.0	4043.0	4687.0	5117.0
PF3D7_1126100	523.0	490.0	401.0	370.0	243.0	296.0	351.0	734.0	662.0	479.0	1088.0	306.0	1008.0	799.0
PF3D7_1126200	1617.0	1766.0	2514.0	1996.0	1323.0	1490.0	2295.0	5241.0	4463.0	2571.0	5577.0	1541.0	2377.0	4752.0
PF3D7_1126300	723.0	792.0	640.0	646.0	352.0	375.0	728.0	818.0	644.0	462.0	905.0	348.0	642.0	1048.0
PF3D7_1126400	122.0	115.0	135.0	129.0	74.0	96.0	131.0	295.0	190.0	160.0	244.0	101.0	160.0	284.0
PF3D7_1126500	1623.0	1994.0	1595.0	1219.0	1252.0	856.0	1207.0	2498.0	1851.0	1628.0	2351.0	1251.0	1729.0	2433.0
PF3D7_1126600	297.0	257.0	370.0	335.0	227.0	154.0	281.0	657.0	430.0	473.0	597.0	333.0	419.0	527.0
PF3D7_1126700	1426.0	800.0	1315.0	787.0	546.0	313.0	1003.0	717.0	441.0	530.0	433.0	295.0	208.0	1130.0
PF3D7_1126800	680.0	703.0	674.0	643.0	451.0	316.0	697.0	887.0	383.0	735.0	442.0	535.0	313.0	867.0
PF3D7_1126900	134.0	122.0	215.0	102.0	140.0	85.0	191.0	324.0	185.0	153.0	182.0	128.0	97.0	160.0
PF3D7_1127000	605.0	662.0	711.0	508.0	459.0	456.0	580.0	1087.0	705.0	671.0	888.0	547.0	778.0	762.0
PF3D7_1127100	405.0	478.0	342.0	583.0	213.0	268.0	445.0	473.0	725.0	291.0	1930.0	216.0	1747.0	499.0
PF3D7_1127300	179.0	150.0	169.0	122.0	86.0	105.0	121.0	399.0	242.0	213.0	305.0	134.0	234.0	285.0
PF3D7_1127400	101.0	82.0	87.0	69.0	46.0	33.0	88.0	157.0	107.0	122.0	133.0	89.0	96.0	109.0
PF3D7_1127500	768.0	547.0	501.0	493.0	286.0	208.0	721.0	296.0	267.0	248.0	481.0	190.0	544.0	442.0
PF3D7_1127600	495.0	291.0	420.0	204.0	218.0	115.0	371.0	1007.0	387.0	674.0	640.0	370.0	482.0	435.0
PF3D7_1127700	45.0	58.0	56.0	41.0	22.0	29.0	39.0	64.0	36.0	65.0	33.0	43.0	39.0	91.0
PF3D7_1127800	983.0	731.0	1034.0	662.0	668.0	439.0	513.0	2086.0	784.0	1622.0	1254.0	1079.0	842.0	1140.0
PF3D7_1127900	230.0	180.0	246.0	151.0	137.0	80.0	231.0	373.0	154.0	280.0	175.0	161.0	123.0	271.0
PF3D7_1128000	4072.0	3112.0	4470.0	2777.0	2684.0	2108.0	2664.0	4830.0	2739.0	3139.0	4359.0	2417.0	3064.0	4380.0
PF3D7_1128100	550.0	544.0	521.0	428.0	242.0	276.0	633.0	1065.0	1028.0	543.0	1674.0	385.0	1064.0	943.0
PF3D7_1128200	310.0	195.0	425.0	196.0	306.0	116.0	234.0	675.0	306.0	416.0	458.0	316.0	277.0	314.0
PF3D7_1128300	196.0	207.0	163.0	204.0	135.0	101.0	152.0	204.0	126.0	185.0	152.0	106.0	115.0	279.0
PF3D7_1128400	453.0	367.0	410.0	277.0	191.0	190.0	482.0	1011.0	683.0	668.0	1423.0	408.0	1135.0	731.0
PF3D7_1128500	372.0	348.0	438.0	286.0	248.0	212.0	309.0	682.0	393.0	385.0	464.0	282.0	340.0	505.0
PF3D7_1128600	240.0	187.0	209.0	199.0	120.0	102.0	268.0	147.0	73.0	89.0	108.0	77.0	78.0	140.0
PF3D7_1128700	247.0	261.0	243.0	169.0	149.0	97.0	186.0	189.0	121.0	109.0	189.0	62.0	145.0	195.0
PF3D7_1128900	372.0	323.0	343.0	182.0	149.0	107.0	315.0	138.0	126.0	86.0	128.0	42.0	86.0	363.0
PF3D7_1129000	776.0	703.0	781.0	500.0	469.0	353.0	707.0	3301.0	2386.0	2195.0	3918.0	1477.0	2853.0	2301.0
PF3D7_1129100	7417.0	6794.0	7203.0	5665.0	5552.0	3952.0	6126.0	22740.0	14345.0	17644.0	22828.0	11111.0	13806.0	21607.0
PF3D7_1129200	1183.0	861.0	1080.0	678.0	612.0	528.0	995.0	2160.0	1425.0	1374.0	2312.0	935.0	1995.0	1745.0
PF3D7_1129300	413.0	439.0	477.0	264.0	184.0	180.0	230.0	271.0	194.0	248.0	203.0	147.0	139.0	517.0
PF3D7_1129400	1125.0	911.0	1353.0	985.0	976.0	680.0	637.0	2777.0	1734.0	2283.0	2905.0	1592.0	1971.0	2192.0
PF3D7_1129500	293.0	226.0	251.0	214.0	180.0	127.0	222.0	549.0	313.0	330.0	587.0	253.0	565.0	439.0
PF3D7_1129600	469.0	426.0	371.0	599.0	300.0	288.0	263.0	339.0	207.0	361.0	251.0	311.0	225.0	512.0
PF3D7_1129700	122.0	60.0	125.0	68.0	60.0	28.0	71.0	254.0	79.0	149.0	77.0	98.0	71.0	80.0
PF3D7_1129800	196.0	189.0	168.0	166.0	74.0	95.0	261.0	235.0	210.0	181.0	266.0	132.0	228.0	277.0
PF3D7_1129850	0.0	17.0	0.0	11.0	14.0	0.0	17.0	12.0	0.0	0.0	10.0	0.0	0.0	14.0
PF3D7_1129900	1382.0	1165.0	1072.0	777.0	751.0	567.0	1124.0	4920.0	2622.0	3048.0	3305.0	2171.0	2382.0	5180.0
PF3D7_1130000	544.0	537.0	463.0	453.0	274.0	323.0	491.0	703.0	521.0	481.0	722.0	371.0	538.0	781.0
PF3D7_1130100	1134.0	1160.0	1419.0	1161.0	902.0	1019.0	1405.0	2835.0	2448.0	1921.0	3875.0	1463.0	2218.0	2571.0
PF3D7_1130200	5279.0	4977.0	5208.0	5244.0	3295.0	4363.0	5536.0	11715.0	9991.0	6629.0	15211.0	4282.0	9663.0	14768.0
PF3D7_1130400	1139.0	1082.0	991.0	889.0	550.0	624.0	1145.0	2288.0	1489.0	1605.0	2634.0	1114.0	1928.0	1889.0
PF3D7_1130500	469.0	357.0	393.0	398.0	182.0	203.0	424.0	457.0	447.0	224.0	684.0	158.0	573.0	468.0
PF3D7_1130600	311.0	325.0	385.0	336.0	284.0	243.0	280.0	653.0	541.0	478.0	782.0	357.0	512.0	777.0
PF3D7_1130700	1614.0	1243.0	1356.0	857.0	836.0	514.0	1151.0	2191.0	1369.0	1650.0	3202.0	1067.0	2943.0	1803.0
PF3D7_1130800	43.0	52.0	27.0	40.0	32.0	34.0	44.0	29.0	33.0	35.0	31.0	31.0	41.0	40.0
PF3D7_1130900	229.0	210.0	265.0	195.0	127.0	122.0	201.0	393.0	230.0	204.0	281.0	128.0	250.0	242.0
PF3D7_1131000	70.0	82.0	94.0	75.0	40.0	38.0	123.0	129.0	173.0	76.0	249.0	60.0	155.0	151.0
PF3D7_1131100	630.0	547.0	672.0	372.0	382.0	169.0	524.0	976.0	475.0	632.0	603.0	420.0	397.0	930.0
PF3D7_1131200	173.0	127.0	180.0	100.0	83.0	57.0	237.0	167.0	126.0	96.0	142.0	61.0	68.0	187.0
PF3D7_1131300	58.0	69.0	75.0	66.0	44.0	26.0	69.0	84.0	55.0	61.0	94.0	31.0	86.0	67.0
PF3D7_1131400	256.0	301.0	312.0	260.0	154.0	132.0	279.0	409.0	310.0	232.0	473.0	145.0	373.0	306.0
PF3D7_1131500	54.0	33.0	49.0	22.0	38.0	20.0	43.0	16.0	0.0	18.0	16.0	25.0	21.0	18.0
PF3D7_1131600	264.0	251.0	207.0	205.0	123.0	113.0	267.0	278.0	138.0	217.0	201.0	137.0	115.0	262.0
PF3D7_1131700	11.0	0.0	10.0	0.0	0.0	0.0	11.0	17.0	0.0	0.0	0.0	0.0	0.0	0.0
PF3D7_1131800	1526.0	1184.0	1303.0	827.0	826.0	490.0	1031.0	5782.0	2586.0	4141.0	4011.0	2743.0	2745.0	3080.0
PF3D7_1131900	157.0	162.0	128.0	165.0	65.0	92.0	77.0	104.0	74.0	129.0	104.0	82.0	66.0	217.0
PF3D7_1132000	1109.0	781.0	1182.0	691.0	705.0	483.0	751.0	1797.0	910.0	1330.0	1576.0	967.0	1079.0	1136.0
PF3D7_1132100	146.0	129.0	140.0	158.0	101.0	122.0	91.0	158.0	84.0	159.0	143.0	85.0	71.0	225.0
PF3D7_1132200	3231.0	3109.0	3277.0	2834.0	1985.0	2045.0	2727.0	5920.0	5275.0	3998.0	9769.0	2585.0	6823.0	6740.0
PF3D7_1132300	316.0	279.0	308.0	180.0	130.0	106.0	360.0	529.0	494.0	303.0	895.0	163.0	668.0	357.0
PF3D7_1132400	688.0	536.0	804.0	429.0	334.0	250.0	747.0	1150.0	672.0	791.0	1028.0	574.0	803.0	808.0
PF3D7_1132500	110.0	152.0	148.0	141.0	104.0	94.0	96.0	141.0	101.0	112.0	100.0	80.0	73.0	185.0
PF3D7_1132600	816.0	717.0	895.0	783.0	596.0	630.0	613.0	1365.0	753.0	915.0	1090.0	634.0	701.0	1314.0
PF3D7_1132700	286.0	220.0	310.0	290.0	215.0	116.0	205.0	501.0	170.0	447.0	334.0	332.0	257.0	315.0
PF3D7_1132800	1105.0	1300.0	610.0	822.0	255.0	402.0	1841.0	849.0	801.0	411.0	1238.0	248.0	1181.0	1346.0
PF3D7_1132900	187.0	191.0	199.0	165.0	131.0	88.0	228.0	834.0	334.0	435.0	438.0	287.0	344.0	378.0
PF3D7_1133000	45.0	52.0	46.0	25.0	14.0	18.0	53.0	33.0	22.0	10.0	16.0	14.0	21.0	28.0
PF3D7_1133100	2146.0	1745.0	2566.0	1505.0	1625.0	1064.0	1599.0	2743.0	1673.0	1986.0	2200.0	1477.0	1319.0	2468.0
PF3D7_1133200	3444.0	1738.0	3545.0	1310.0	2072.0	815.0	1637.0	3489.0	1315.0	3359.0	4061.0	2159.0	3647.0	2006.0
PF3D7_1133300	182.0	227.0	225.0	159.0	99.0	108.0	202.0	166.0	120.0	88.0	111.0	87.0	89.0	201.0
PF3D7_1133400	1186.0	870.0	1043.0	597.0	686.0	274.0	766.0	970.0	506.0	876.0	587.0	631.0	295.0	965.0
PF3D7_1133500	44.0	50.0	50.0	31.0	23.0	35.0	57.0	42.0	57.0	32.0	89.0	26.0	99.0	55.0
PF3D7_1133600	252.0	347.0	197.0	947.0	133.0	159.0	251.0	273.0	300.0	149.0	231.0	107.0	180.0	353.0
PF3D7_1133700	8061.0	7125.0	9875.0	6261.0	7178.0	5938.0	4683.0	13659.0	5145.0	12196.0	6396.0	10981.0	3761.0	12085.0
PF3D7_1133800	1323.0	1153.0	1131.0	768.0	671.0	586.0	859.0	1660.0	1028.0	1025.0	1682.0	691.0	1359.0	1592.0
PF3D7_1133900	1586.0	1340.0	1903.0	1196.0	1284.0	884.0	1062.0	2406.0	1008.0	1800.0	1674.0	1411.0	1301.0	1642.0
PF3D7_1134000	3564.0	3031.0	3060.0	2311.0	1782.0	1400.0	3515.0	11426.0	10106.0	8171.0	18179.0	4640.0	11406.0	9665.0
PF3D7_1134100	381.0	430.0	337.0	299.0	187.0	155.0	406.0	338.0	334.0	185.0	727.0	126.0	632.0	477.0
PF3D7_1134200	2069.0	1816.0	2510.0	1489.0	2021.0	1096.0	1402.0	3742.0	1988.0	2523.0	2682.0	2133.0	1909.0	2867.0
PF3D7_1134300	1779.0	1130.0	1926.0	971.0	931.0	486.0	976.0	1192.0	482.0	975.0	858.0	688.0	757.0	1288.0
PF3D7_1134400	87.0	92.0	107.0	73.0	41.0	49.0	159.0	156.0	94.0	189.0	203.0	59.0	188.0	93.0
PF3D7_1134500	909.0	743.0	936.0	547.0	572.0	375.0	637.0	1829.0	939.0	1078.0	1220.0	807.0	980.0	1497.0
PF3D7_1134600	1708.0	1350.0	1637.0	1159.0	814.0	591.0	1356.0	2430.0	969.0	2007.0	1285.0	1390.0	992.0	1903.0
PF3D7_1134700	2966.0	2780.0	3677.0	2023.0	2642.0	1469.0	2225.0	5102.0	2773.0	3373.0	3373.0	2686.0	2229.0	3959.0
PF3D7_1134800	1493.0	1154.0	1377.0	1337.0	1060.0	638.0	879.0	1692.0	747.0	1635.0	1341.0	1282.0	1080.0	1306.0
PF3D7_1134900	110.0	159.0	122.0	118.0	59.0	83.0	81.0	92.0	65.0	72.0	102.0	72.0	54.0	152.0
PF3D7_1135000	76.0	89.0	69.0	78.0	42.0	43.0	76.0	63.0	98.0	38.0	186.0	25.0	224.0	92.0
PF3D7_1135100	1270.0	1178.0	1187.0	995.0	895.0	701.0	780.0	1654.0	797.0	1257.0	947.0	1117.0	709.0	2083.0
PF3D7_1135200	35.0	34.0	37.0	34.0	29.0	17.0	33.0	25.0	17.0	20.0	21.0	18.0	13.0	43.0
PF3D7_1135300	83.0	84.0	75.0	58.0	31.0	41.0	56.0	108.0	49.0	48.0	49.0	28.0	52.0	73.0
PF3D7_1135400	573.0	475.0	529.0	312.0	334.0	226.0	395.0	1014.0	689.0	640.0	1208.0	493.0	1044.0	692.0
PF3D7_1135500	101.0	60.0	81.0	78.0	45.0	44.0	71.0	98.0	51.0	74.0	103.0	59.0	107.0	75.0
PF3D7_1135600	438.0	384.0	368.0	359.0	204.0	216.0	400.0	350.0	253.0	217.0	375.0	162.0	370.0	356.0
PF3D7_1135700	156.0	108.0	232.0	138.0	123.0	86.0	192.0	367.0	193.0	187.0	308.0	178.0	144.0	154.0
PF3D7_1135800	49.0	53.0	62.0	53.0	48.0	34.0	44.0	96.0	84.0	58.0	74.0	36.0	50.0	71.0
PF3D7_1135900	436.0	423.0	418.0	279.0	167.0	199.0	530.0	519.0	376.0	324.0	689.0	210.0	624.0	503.0
PF3D7_1136000	1787.0	1261.0	1811.0	1015.0	985.0	739.0	1019.0	1290.0	721.0	1189.0	1413.0	799.0	1456.0	1485.0
PF3D7_1136100	20.0	41.0	40.0	35.0	11.0	21.0	15.0	15.0	22.0	38.0	28.0	22.0	32.0	38.0
PF3D7_1136200	421.0	393.0	392.0	171.0	152.0	94.0	241.0	197.0	162.0	104.0	141.0	71.0	74.0	360.0
PF3D7_1136300	2565.0	2150.0	2937.0	2134.0	1977.0	1694.0	1993.0	6624.0	3653.0	4506.0	5240.0	3397.0	4029.0	5111.0
PF3D7_1136400	1284.0	1118.0	1698.0	820.0	1008.0	539.0	929.0	1573.0	886.0	1084.0	1018.0	892.0	765.0	978.0
PF3D7_1136500	2399.0	2489.0	2430.0	2029.0	1279.0	1602.0	2451.0	3562.0	2981.0	2342.0	4505.0	1484.0	3222.0	4162.0
PF3D7_1136600	3518.0	2876.0	3960.0	2593.0	2829.0	1767.0	2196.0	5332.0	2780.0	4913.0	4723.0	3365.0	2627.0	4387.0
PF3D7_1136700	246.0	226.0	242.0	177.0	85.0	88.0	202.0	152.0	109.0	92.0	113.0	61.0	88.0	205.0
PF3D7_1136800	697.0	586.0	652.0	429.0	398.0	342.0	502.0	872.0	552.0	603.0	753.0	442.0	611.0	688.0
PF3D7_1136900	1199.0	781.0	740.0	408.0	347.0	262.0	655.0	1117.0	457.0	800.0	462.0	621.0	193.0	839.0
PF3D7_1137000	122.0	226.0	197.0	239.0	167.0	127.0	272.0	168.0	127.0	112.0	145.0	163.0	140.0	172.0
PF3D7_1137100	242.0	203.0	218.0	197.0	135.0	142.0	153.0	567.0	225.0	294.0	310.0	187.0	210.0	307.0
PF3D7_1137200	199.0	155.0	224.0	116.0	97.0	58.0	134.0	141.0	66.0	73.0	77.0	65.0	42.0	176.0
PF3D7_1137300	1045.0	917.0	1155.0	745.0	862.0	559.0	956.0	1621.0	1055.0	1143.0	1561.0	835.0	1119.0	1245.0
PF3D7_1137400	300.0	221.0	283.0	215.0	181.0	133.0	213.0	719.0	452.0	460.0	747.0	270.0	537.0	448.0
PF3D7_1137500	91.0	82.0	109.0	60.0	73.0	34.0	104.0	121.0	112.0	86.0	128.0	45.0	104.0	93.0
PF3D7_1137600	82.0	86.0	94.0	84.0	46.0	50.0	49.0	72.0	49.0	76.0	67.0	48.0	40.0	132.0
PF3D7_1137700	97.0	85.0	110.0	97.0	62.0	47.0	72.0	71.0	34.0	66.0	59.0	56.0	55.0	106.0
PF3D7_1137800	14.0	10.0	0.0	10.0	18.0	0.0	13.0	0.0	0.0	0.0	12.0	22.0	0.0	0.0
PF3D7_1137900	84.0	98.0	88.0	59.0	47.0	41.0	77.0	50.0	25.0	43.0	45.0	36.0	28.0	93.0
PF3D7_1138000	1788.0	1058.0	1948.0	753.0	830.0	371.0	982.0	730.0	456.0	656.0	476.0	406.0	291.0	1032.0
PF3D7_1138100	77.0	44.0	120.0	38.0	51.0	27.0	46.0	86.0	57.0	36.0	37.0	40.0	29.0	24.0
PF3D7_1138200	45.0	55.0	64.0	61.0	30.0	19.0	57.0	43.0	28.0	26.0	45.0	25.0	32.0	43.0
PF3D7_1138300	63.0	64.0	71.0	50.0	28.0	19.0	87.0	70.0	52.0	44.0	92.0	31.0	86.0	56.0
PF3D7_1138350	14.0	0.0	21.0	23.0	0.0	0.0	27.0	26.0	20.0	0.0	28.0	0.0	29.0	10.0
PF3D7_1138400	2013.0	1591.0	1669.0	1674.0	931.0	777.0	1376.0	1317.0	629.0	1522.0	1209.0	1102.0	883.0	1465.0
PF3D7_1138500	7478.0	5293.0	7603.0	3976.0	4914.0	2728.0	5052.0	9339.0	5062.0	6994.0	8777.0	5116.0	6917.0	6085.0
PF3D7_1138600	598.0	557.0	612.0	503.0	390.0	372.0	447.0	603.0	476.0	487.0	787.0	359.0	617.0	585.0
PF3D7_1138700	2999.0	2276.0	4275.0	1874.0	2806.0	1454.0	1726.0	3782.0	1288.0	3368.0	1706.0	2606.0	1019.0	2197.0
PF3D7_1138800	3359.0	2584.0	3540.0	2092.0	2500.0	1580.0	2182.0	5335.0	2673.0	4040.0	4135.0	3160.0	3108.0	4539.0
PF3D7_1138900	93.0	73.0	96.0	62.0	35.0	25.0	112.0	70.0	61.0	37.0	42.0	27.0	37.0	79.0
PF3D7_1139100	1472.0	1111.0	1473.0	824.0	1091.0	735.0	891.0	4388.0	2548.0	2985.0	3453.0	2272.0	2454.0	5564.0
PF3D7_1139200	107.0	115.0	121.0	76.0	75.0	75.0	74.0	157.0	105.0	101.0	167.0	69.0	129.0	110.0
PF3D7_1139300	4387.0	3898.0	3899.0	2424.0	2691.0	1813.0	2793.0	10322.0	6817.0	6942.0	9784.0	5155.0	6595.0	10420.0
PF3D7_1139400	44.0	68.0	70.0	68.0	36.0	63.0	87.0	58.0	92.0	51.0	74.0	52.0	41.0	99.0
PF3D7_1139500	42.0	59.0	31.0	44.0	22.0	19.0	45.0	42.0	28.0	36.0	56.0	27.0	30.0	72.0
PF3D7_1139600	86.0	94.0	75.0	76.0	46.0	46.0	41.0	111.0	76.0	61.0	97.0	59.0	79.0	134.0
PF3D7_1139700	141.0	157.0	158.0	120.0	59.0	112.0	175.0	179.0	156.0	98.0	238.0	83.0	223.0	235.0
PF3D7_1139800	936.0	938.0	1079.0	774.0	571.0	550.0	752.0	1632.0	893.0	1036.0	1326.0	658.0	1203.0	1086.0
PF3D7_1139900	314.0	266.0	324.0	189.0	187.0	138.0	159.0	585.0	213.0	394.0	244.0	315.0	250.0	275.0
PF3D7_1140000	97.0	92.0	106.0	107.0	77.0	95.0	77.0	149.0	137.0	67.0	79.0	54.0	45.0	175.0
PF3D7_1140100	61.0	52.0	55.0	49.0	42.0	22.0	83.0	117.0	97.0	47.0	80.0	28.0	50.0	65.0
PF3D7_1140200	1147.0	684.0	1146.0	711.0	615.0	356.0	1006.0	1966.0	1202.0	1741.0	2572.0	1099.0	1529.0	1655.0
PF3D7_1140300	202.0	167.0	174.0	146.0	108.0	59.0	183.0	184.0	126.0	119.0	136.0	90.0	121.0	114.0
PF3D7_1140400	354.0	301.0	295.0	162.0	104.0	44.0	170.0	96.0	79.0	65.0	84.0	56.0	44.0	221.0
PF3D7_1140500	379.0	341.0	440.0	331.0	298.0	196.0	234.0	446.0	238.0	329.0	326.0	237.0	286.0	465.0
PF3D7_1140600	308.0	252.0	353.0	310.0	143.0	141.0	194.0	310.0	205.0	204.0	144.0	143.0	126.0	319.0
PF3D7_1140700	1894.0	1496.0	2181.0	1274.0	1189.0	837.0	1296.0	6408.0	3197.0	4590.0	3654.0	2917.0	2150.0	2956.0
PF3D7_1140800	869.0	634.0	956.0	573.0	724.0	364.0	528.0	1788.0	830.0	1301.0	928.0	990.0	657.0	979.0
PF3D7_1140900	437.0	338.0	442.0	275.0	315.0	159.0	275.0	489.0	217.0	345.0	291.0	261.0	306.0	330.0
PF3D7_1141000	107.0	68.0	132.0	79.0	63.0	58.0	59.0	103.0	124.0	67.0	50.0	60.0	46.0	127.0
PF3D7_1141100	362.0	345.0	349.0	320.0	209.0	184.0	243.0	396.0	220.0	368.0	230.0	230.0	209.0	470.0
PF3D7_1141200	58.0	44.0	48.0	31.0	23.0	27.0	76.0	94.0	52.0	43.0	47.0	32.0	44.0	50.0
PF3D7_1141300	1008.0	655.0	877.0	540.0	522.0	340.0	699.0	801.0	340.0	656.0	877.0	378.0	892.0	673.0
PF3D7_1141400	482.0	372.0	509.0	394.0	277.0	216.0	516.0	456.0	304.0	325.0	610.0	198.0	595.0	362.0
PF3D7_1141500	87.0	80.0	76.0	150.0	90.0	61.0	95.0	75.0	80.0	119.0	72.0	86.0	43.0	103.0
PF3D7_1141600	72.0	67.0	100.0	54.0	50.0	42.0	75.0	162.0	106.0	75.0	207.0	58.0	185.0	138.0
PF3D7_1141700	193.0	120.0	131.0	108.0	82.0	77.0	140.0	403.0	287.0	304.0	560.0	176.0	400.0	331.0
PF3D7_1141800	319.0	201.0	240.0	149.0	142.0	83.0	219.0	100.0	55.0	104.0	85.0	52.0	52.0	213.0
PF3D7_1141900	102.0	72.0	79.0	67.0	60.0	45.0	50.0	62.0	29.0	69.0	50.0	56.0	44.0	96.0
PF3D7_1142000	184.0	182.0	171.0	190.0	120.0	101.0	116.0	353.0	208.0	256.0	350.0	210.0	256.0	270.0
PF3D7_1142100	7084.0	6379.0	7848.0	4814.0	4729.0	3714.0	4651.0	6347.0	3482.0	4860.0	5359.0	3838.0	4172.0	6696.0
PF3D7_1142200	47.0	53.0	58.0	57.0	29.0	20.0	55.0	77.0	56.0	44.0	65.0	23.0	68.0	59.0
PF3D7_1142300	1566.0	1185.0	1423.0	852.0	832.0	542.0	979.0	2338.0	978.0	1506.0	1762.0	1033.0	1496.0	1406.0
PF3D7_1142400	487.0	449.0	467.0	343.0	271.0	248.0	331.0	1194.0	608.0	603.0	932.0	415.0	725.0	837.0
PF3D7_1142500	544.0	566.0	570.0	470.0	339.0	296.0	619.0	1452.0	1336.0	785.0	1967.0	507.0	1376.0	1061.0
PF3D7_1142600	1726.0	1763.0	2149.0	1314.0	965.0	872.0	1728.0	4524.0	3784.0	1493.0	3305.0	1134.0	2414.0	2719.0
PF3D7_1142700	559.0	583.0	559.0	506.0	364.0	388.0	362.0	1260.0	728.0	974.0	990.0	711.0	775.0	727.0
PF3D7_1142800	258.0	203.0	279.0	187.0	151.0	80.0	237.0	425.0	220.0	257.0	365.0	187.0	301.0	248.0
PF3D7_1142900	94.0	72.0	84.0	37.0	18.0	25.0	61.0	40.0	42.0	26.0	31.0	22.0	26.0	53.0
PF3D7_1143000	114.0	86.0	83.0	64.0	43.0	35.0	103.0	63.0	45.0	42.0	91.0	19.0	100.0	70.0
PF3D7_1143100	1964.0	1521.0	1552.0	1283.0	860.0	574.0	1494.0	1428.0	845.0	1052.0	807.0	722.0	463.0	1698.0
PF3D7_1143200	616.0	331.0	656.0	278.0	413.0	152.0	358.0	809.0	227.0	602.0	278.0	443.0	176.0	422.0
PF3D7_1143300	1023.0	925.0	1314.0	833.0	812.0	643.0	775.0	1948.0	1266.0	1290.0	1821.0	989.0	1166.0	1763.0
PF3D7_1143400	1072.0	967.0	1256.0	935.0	778.0	685.0	1157.0	2951.0	1954.0	1703.0	3110.0	1039.0	2077.0	2395.0
PF3D7_1143500	264.0	261.0	231.0	254.0	185.0	141.0	209.0	159.0	135.0	156.0	233.0	119.0	224.0	281.0
PF3D7_1143600	85.0	76.0	53.0	90.0	38.0	40.0	103.0	38.0	35.0	41.0	38.0	32.0	28.0	75.0
PF3D7_1143700	146.0	118.0	147.0	124.0	89.0	80.0	105.0	108.0	75.0	77.0	69.0	54.0	50.0	80.0
PF3D7_1143800	2077.0	1606.0	1971.0	1276.0	1577.0	989.0	1409.0	3498.0	1435.0	2326.0	2064.0	1801.0	1364.0	2471.0
PF3D7_1143900	106.0	107.0	80.0	109.0	55.0	51.0	116.0	160.0	111.0	89.0	165.0	75.0	166.0	212.0
PF3D7_1144000	764.0	777.0	1219.0	799.0	626.0	542.0	973.0	2710.0	1799.0	1191.0	2291.0	895.0	1446.0	1603.0
PF3D7_1144100	42.0	44.0	48.0	49.0	22.0	26.0	64.0	73.0	57.0	19.0	89.0	22.0	55.0	46.0
PF3D7_1144200	149.0	142.0	181.0	170.0	83.0	89.0	195.0	324.0	279.0	148.0	255.0	124.0	115.0	235.0
PF3D7_1144300	433.0	265.0	380.0	489.0	233.0	294.0	442.0	784.0	793.0	804.0	1777.0	507.0	808.0	763.0
PF3D7_1144400	292.0	380.0	331.0	296.0	163.0	199.0	289.0	350.0	270.0	236.0	295.0	157.0	156.0	507.0
PF3D7_1144500	185.0	159.0	172.0	107.0	89.0	75.0	126.0	376.0	235.0	284.0	437.0	161.0	368.0	204.0
PF3D7_1144600	465.0	324.0	493.0	498.0	458.0	306.0	312.0	659.0	359.0	653.0	541.0	559.0	375.0	548.0
PF3D7_1144700	100.0	110.0	65.0	72.0	37.0	29.0	114.0	72.0	64.0	32.0	230.0	37.0	269.0	94.0
PF3D7_1144800	250.0	255.0	221.0	236.0	145.0	125.0	211.0	222.0	137.0	168.0	142.0	127.0	139.0	248.0
PF3D7_1144900	682.0	582.0	758.0	343.0	469.0	270.0	592.0	1297.0	603.0	798.0	909.0	606.0	703.0	723.0
PF3D7_1145000	88.0	66.0	90.0	65.0	47.0	36.0	80.0	54.0	47.0	60.0	62.0	43.0	45.0	80.0
PF3D7_1145100	2032.0	1615.0	2115.0	936.0	1566.0	704.0	1167.0	3074.0	1193.0	2571.0	2039.0	2027.0	1932.0	1923.0
PF3D7_1145200	3101.0	2258.0	2699.0	1417.0	921.0	746.0	1267.0	1319.0	805.0	782.0	1005.0	414.0	554.0	2628.0
PF3D7_1145300	100.0	111.0	118.0	106.0	54.0	57.0	118.0	85.0	69.0	46.0	107.0	46.0	106.0	109.0
PF3D7_1145400	2500.0	1830.0	2399.0	1263.0	1169.0	888.0	1636.0	3541.0	1647.0	2637.0	2417.0	1629.0	2045.0	2222.0
PF3D7_1145500	340.0	329.0	251.0	242.0	197.0	187.0	345.0	623.0	418.0	332.0	733.0	218.0	612.0	529.0
PF3D7_1145600	163.0	169.0	222.0	136.0	127.0	67.0	153.0	173.0	88.0	124.0	115.0	96.0	111.0	142.0
PF3D7_1145700	130.0	114.0	144.0	103.0	51.0	46.0	133.0	120.0	74.0	60.0	104.0	56.0	62.0	93.0
PF3D7_1145800	529.0	427.0	602.0	471.0	391.0	283.0	396.0	1068.0	561.0	753.0	715.0	567.0	527.0	830.0
PF3D7_1145900	87.0	61.0	131.0	115.0	58.0	63.0	144.0	96.0	52.0	53.0	79.0	50.0	35.0	90.0
PF3D7_1146000	774.0	666.0	1016.0	609.0	853.0	489.0	454.0	2096.0	1018.0	1562.0	1554.0	1178.0	1008.0	1145.0
PF3D7_1146100	24.0	17.0	31.0	25.0	15.0	13.0	37.0	47.0	17.0	27.0	27.0	24.0	27.0	22.0
PF3D7_1146200	42.0	35.0	57.0	37.0	33.0	25.0	32.0	142.0	51.0	79.0	68.0	67.0	50.0	68.0
PF3D7_1146300	18.0	14.0	40.0	33.0	21.0	26.0	19.0	23.0	26.0	18.0	12.0	17.0	0.0	30.0
PF3D7_1146500	16.0	0.0	19.0	0.0	0.0	0.0	22.0	0.0	12.0	10.0	0.0	0.0	0.0	0.0
PF3D7_1146600	1084.0	903.0	1015.0	617.0	502.0	326.0	1044.0	1483.0	660.0	1004.0	916.0	615.0	774.0	1232.0
PF3D7_1146700	64.0	51.0	56.0	132.0	42.0	44.0	42.0	61.0	57.0	72.0	43.0	62.0	25.0	89.0
PF3D7_1146800	1358.0	1212.0	1201.0	1089.0	567.0	603.0	1315.0	708.0	358.0	516.0	558.0	397.0	327.0	846.0
PF3D7_1146900	100.0	78.0	98.0	42.0	24.0	28.0	99.0	107.0	91.0	44.0	86.0	39.0	60.0	63.0
PF3D7_1147000	558.0	388.0	656.0	302.0	365.0	184.0	277.0	861.0	207.0	813.0	211.0	471.0	177.0	398.0
PF3D7_1147100	0.0	0.0	0.0	0.0	0.0	0.0	0.0	0.0	14.0	0.0	0.0	0.0	0.0	0.0
PF3D7_1147200	655.0	361.0	763.0	353.0	318.0	216.0	392.0	313.0	187.0	244.0	235.0	161.0	145.0	436.0
PF3D7_1147300	1878.0	1326.0	1793.0	1449.0	847.0	791.0	1727.0	2677.0	1601.0	1980.0	3545.0	1221.0	3031.0	1827.0
PF3D7_1147400	28.0	44.0	26.0	47.0	16.0	10.0	45.0	30.0	40.0	32.0	34.0	21.0	29.0	23.0
PF3D7_1147500	188.0	132.0	236.0	119.0	176.0	83.0	104.0	627.0	226.0	501.0	275.0	357.0	183.0	220.0
PF3D7_1147600	348.0	219.0	296.0	164.0	222.0	101.0	275.0	444.0	179.0	363.0	361.0	211.0	299.0	217.0
PF3D7_1147700	243.0	190.0	260.0	143.0	129.0	70.0	252.0	429.0	168.0	240.0	342.0	199.0	298.0	159.0
PF3D7_1147800	474.0	484.0	548.0	526.0	277.0	406.0	278.0	673.0	476.0	563.0	367.0	371.0	349.0	1111.0
PF3D7_1147900	199.0	195.0	216.0	176.0	86.0	76.0	192.0	286.0	179.0	146.0	195.0	120.0	161.0	220.0
PF3D7_1148000	764.0	506.0	751.0	465.0	385.0	315.0	513.0	620.0	429.0	615.0	1133.0	413.0	1098.0	687.0
PF3D7_1148100	70.0	73.0	58.0	55.0	24.0	27.0	59.0	102.0	65.0	36.0	79.0	41.0	89.0	60.0
PF3D7_1148200	61.0	72.0	65.0	16.0	0.0	0.0	66.0	24.0	12.0	20.0	12.0	28.0	0.0	0.0
PF3D7_1148500	72.0	35.0	137.0	76.0	53.0	10.0	78.0	45.0	0.0	37.0	19.0	46.0	10.0	18.0
PF3D7_1148600	17.0	32.0	26.0	42.0	18.0	40.0	40.0	26.0	34.0	12.0	38.0	17.0	19.0	32.0
PF3D7_1148640	587.0	1141.0	1624.0	1812.0	818.0	1937.0	1805.0	915.0	1375.0	531.0	1156.0	703.0	1000.0	1573.0
PF3D7_1148700	1086.0	1028.0	1148.0	739.0	661.0	487.0	844.0	2574.0	1778.0	2099.0	2278.0	1587.0	1179.0	3735.0
PF3D7_1148800	845.0	826.0	756.0	534.0	511.0	451.0	605.0	485.0	354.0	278.0	358.0	263.0	264.0	656.0
PF3D7_1148900	1044.0	1327.0	1043.0	1061.0	784.0	961.0	765.0	1575.0	986.0	811.0	905.0	802.0	699.0	2165.0
PF3D7_1149000	6911.0	4453.0	6454.0	3177.0	3238.0	2104.0	3615.0	73232.0	35402.0	51101.0	62105.0	28005.0	34599.0	38271.0
PF3D7_1149100	1706.0	1779.0	1464.0	1459.0	634.0	752.0	2120.0	8683.0	8711.0	5950.0	17068.0	3206.0	9707.0	6978.0
PF3D7_1149200	13100.0	14570.0	12950.0	11730.0	8654.0	9273.0	14206.0	3300.0	2872.0	2494.0	3462.0	2426.0	1350.0	7210.0
PF3D7_1149300	319.0	208.0	349.0	239.0	348.0	144.0	139.0	1177.0	210.0	930.0	257.0	658.0	166.0	288.0
PF3D7_1149400	384.0	180.0	380.0	114.0	136.0	82.0	111.0	3723.0	1682.0	2007.0	1585.0	1098.0	1024.0	1603.0
PF3D7_1149500	2259.0	2392.0	2963.0	2538.0	1990.0	1913.0	2133.0	1939.0	1025.0	1588.0	940.0	1268.0	491.0	2347.0
PF3D7_1149600	2374.0	2316.0	2734.0	2002.0	2217.0	1608.0	2186.0	3331.0	1479.0	2718.0	1639.0	2035.0	885.0	2899.0
PF3D7_1149800	10.0	0.0	20.0	20.0	0.0	15.0	0.0	104.0	39.0	75.0	40.0	33.0	17.0	43.0
PF3D7_1149900	11.0	0.0	15.0	10.0	13.0	0.0	0.0	119.0	64.0	82.0	63.0	42.0	43.0	75.0
PF3D7_1150000	28.0	33.0	68.0	73.0	50.0	27.0	34.0	126.0	62.0	97.0	52.0	64.0	24.0	80.0
PF3D7_1150100	0.0	0.0	0.0	13.0	0.0	0.0	0.0	21.0	20.0	17.0	0.0	13.0	0.0	18.0
PF3D7_1150200	22.0	14.0	40.0	29.0	24.0	13.0	0.0	132.0	67.0	62.0	53.0	47.0	22.0	77.0
PF3D7_1150300	0.0	20.0	21.0	30.0	10.0	0.0	0.0	143.0	54.0	82.0	53.0	41.0	20.0	92.0
PF3D7_1150400	1565.0	1655.0	2231.0	2617.0	1552.0	1786.0	965.0	3757.0	2718.0	2622.0	2977.0	2232.0	1514.0	6258.0
PF3D7_1200100	1110.0	1095.0	1632.0	1812.0	1073.0	963.0	703.0	2644.0	1723.0	1858.0	1966.0	1604.0	1187.0	3788.0
PF3D7_1200200	39.0	31.0	68.0	61.0	34.0	23.0	18.0	103.0	50.0	69.0	43.0	55.0	37.0	106.0
PF3D7_1200300	40.0	40.0	46.0	59.0	34.0	26.0	14.0	187.0	73.0	104.0	65.0	48.0	23.0	107.0
PF3D7_1200400	1226.0	1376.0	1771.0	1772.0	1049.0	1068.0	555.0	2868.0	1746.0	2166.0	2150.0	1815.0	1246.0	3954.0
PF3D7_1200500	153.0	108.0	210.0	147.0	126.0	56.0	81.0	1431.0	386.0	736.0	364.0	458.0	266.0	956.0
PF3D7_1200600	1028.0	1201.0	1163.0	1416.0	651.0	791.0	651.0	1201.0	814.0	1252.0	1161.0	869.0	709.0	2057.0
PF3D7_1200700	8835.0	9782.0	9982.0	8768.0	6929.0	8237.0	10248.0	5799.0	2595.0	4668.0	2840.0	4228.0	1698.0	7358.0
PF3D7_1200800	2461.0	1550.0	2671.0	1318.0	2142.0	998.0	1237.0	7415.0	1704.0	5473.0	2077.0	3369.0	1194.0	2490.0
PF3D7_1200900	1826.0	1434.0	1971.0	1220.0	1292.0	961.0	957.0	5889.0	1544.0	3638.0	1689.0	2165.0	1177.0	2425.0
PF3D7_1201000	720.0	383.0	763.0	320.0	394.0	171.0	475.0	9279.0	4139.0	7572.0	6517.0	3842.0	3220.0	5711.0
PF3D7_1201100	894.0	365.0	1139.0	219.0	984.0	209.0	176.0	11244.0	1844.0	10145.0	1912.0	7045.0	1076.0	3134.0
PF3D7_1201200	1684.0	2504.0	1777.0	1654.0	841.0	1364.0	1991.0	811.0	723.0	531.0	537.0	447.0	289.0	1112.0
PF3D7_1201300	0.0	17.0	0.0	0.0	0.0	0.0	0.0	0.0	0.0	0.0	0.0	0.0	0.0	0.0
PF3D7_1201400	360.0	330.0	312.0	233.0	236.0	134.0	416.0	403.0	186.0	357.0	272.0	276.0	161.0	388.0
PF3D7_1201500	996.0	832.0	1273.0	730.0	805.0	561.0	740.0	1839.0	829.0	1469.0	1210.0	1050.0	750.0	1260.0
PF3D7_1201600	146.0	107.0	109.0	111.0	37.0	43.0	91.0	86.0	50.0	45.0	71.0	43.0	67.0	90.0
PF3D7_1201700	49.0	30.0	60.0	33.0	26.0	15.0	34.0	68.0	25.0	26.0	23.0	27.0	33.0	48.0
PF3D7_1201800	142.0	117.0	136.0	88.0	71.0	72.0	131.0	216.0	119.0	136.0	213.0	130.0	225.0	148.0
PF3D7_1201900	289.0	218.0	229.0	196.0	142.0	113.0	269.0	706.0	394.0	407.0	630.0	302.0	491.0	546.0
PF3D7_1202000	573.0	416.0	491.0	401.0	335.0	348.0	586.0	1200.0	745.0	702.0	967.0	484.0	782.0	986.0
PF3D7_1202100	311.0	239.0	390.0	294.0	204.0	176.0	311.0	733.0	505.0	663.0	1014.0	393.0	669.0	565.0
PF3D7_1202200	308.0	229.0	297.0	225.0	156.0	122.0	277.0	237.0	117.0	168.0	296.0	115.0	277.0	241.0
PF3D7_1202300	661.0	663.0	636.0	733.0	373.0	340.0	796.0	504.0	394.0	438.0	377.0	405.0	271.0	498.0
PF3D7_1202400	89.0	105.0	115.0	97.0	64.0	49.0	135.0	188.0	149.0	110.0	257.0	71.0	289.0	126.0
PF3D7_1202500	420.0	469.0	498.0	378.0	290.0	266.0	348.0	759.0	729.0	441.0	530.0	340.0	364.0	651.0
PF3D7_1202600	6966.0	4627.0	7381.0	3964.0	4664.0	2720.0	4514.0	10872.0	5678.0	8810.0	9697.0	5865.0	7144.0	8136.0
PF3D7_1202700	685.0	683.0	808.0	606.0	582.0	458.0	524.0	938.0	652.0	647.0	855.0	501.0	512.0	1146.0
PF3D7_1202800	38.0	59.0	65.0	40.0	16.0	28.0	61.0	112.0	79.0	46.0	62.0	31.0	36.0	55.0
PF3D7_1202900	2277.0	1991.0	2806.0	2415.0	1540.0	1844.0	3164.0	2989.0	2687.0	2389.0	5176.0	1645.0	2355.0	4906.0
PF3D7_1203000	941.0	825.0	778.0	635.0	497.0	367.0	849.0	930.0	673.0	641.0	1272.0	495.0	1045.0	1043.0
PF3D7_1203100	182.0	208.0	229.0	234.0	122.0	158.0	319.0	357.0	236.0	170.0	277.0	138.0	160.0	347.0
PF3D7_1203200	94.0	82.0	142.0	68.0	71.0	71.0	99.0	201.0	146.0	120.0	166.0	84.0	90.0	106.0
PF3D7_1203300	287.0	236.0	339.0	243.0	131.0	143.0	211.0	337.0	176.0	205.0	376.0	150.0	315.0	280.0
PF3D7_1203400	591.0	573.0	608.0	458.0	308.0	274.0	510.0	665.0	562.0	344.0	931.0	247.0	779.0	691.0
PF3D7_1203500	1068.0	1057.0	1201.0	924.0	710.0	741.0	696.0	1191.0	730.0	756.0	1091.0	573.0	775.0	1067.0
PF3D7_1203600	113.0	82.0	160.0	77.0	59.0	65.0	88.0	151.0	83.0	92.0	94.0	69.0	88.0	62.0
PF3D7_1203700	11555.0	10157.0	13055.0	8686.0	8918.0	7085.0	9883.0	12492.0	10434.0	8213.0	17558.0	6268.0	12123.0	13610.0
PF3D7_1203800	51.0	53.0	51.0	55.0	25.0	24.0	155.0	73.0	58.0	39.0	42.0	28.0	35.0	69.0
PF3D7_1203900	737.0	890.0	843.0	681.0	491.0	478.0	914.0	1303.0	1169.0	710.0	1660.0	516.0	1057.0	1210.0
PF3D7_1204000	42.0	61.0	46.0	88.0	44.0	26.0	38.0	56.0	44.0	42.0	33.0	39.0	29.0	63.0
PF3D7_1204100	585.0	680.0	609.0	631.0	363.0	432.0	350.0	891.0	596.0	623.0	814.0	434.0	615.0	1086.0
PF3D7_1204200	371.0	353.0	282.0	306.0	143.0	151.0	345.0	196.0	156.0	104.0	226.0	116.0	234.0	192.0
PF3D7_1204300	3026.0	4069.0	3447.0	3161.0	1608.0	2441.0	4060.0	9960.0	10329.0	5231.0	15337.0	2805.0	9224.0	10938.0
PF3D7_1204400	26.0	37.0	34.0	43.0	17.0	20.0	57.0	17.0	27.0	25.0	24.0	26.0	21.0	34.0
PF3D7_1204500	207.0	167.0	146.0	133.0	99.0	112.0	140.0	276.0	206.0	149.0	339.0	90.0	335.0	215.0
PF3D7_1204600	212.0	176.0	216.0	201.0	133.0	139.0	103.0	314.0	239.0	229.0	293.0	196.0	202.0	335.0
PF3D7_1204700	117.0	106.0	133.0	95.0	76.0	50.0	163.0	139.0	116.0	60.0	164.0	45.0	131.0	72.0
PF3D7_1204900	54.0	44.0	52.0	45.0	25.0	24.0	61.0	59.0	40.0	26.0	44.0	23.0	17.0	55.0
PF3D7_1205000	444.0	387.0	491.0	323.0	238.0	203.0	350.0	423.0	204.0	320.0	380.0	206.0	363.0	405.0
PF3D7_1205100	271.0	245.0	249.0	202.0	156.0	169.0	236.0	687.0	392.0	550.0	770.0	324.0	617.0	519.0
PF3D7_1205200	140.0	139.0	146.0	64.0	52.0	44.0	97.0	105.0	60.0	48.0	54.0	38.0	41.0	85.0
PF3D7_1205300	43.0	34.0	58.0	18.0	31.0	14.0	42.0	76.0	33.0	35.0	49.0	29.0	53.0	28.0
PF3D7_1205400	974.0	1167.0	676.0	713.0	384.0	650.0	716.0	1455.0	979.0	791.0	1258.0	522.0	959.0	1677.0
PF3D7_1205500	5925.0	6307.0	5471.0	3080.0	2602.0	2125.0	5057.0	6507.0	3963.0	3808.0	4194.0	3083.0	3426.0	4668.0
PF3D7_1205600	741.0	856.0	713.0	662.0	315.0	380.0	1172.0	1609.0	2182.0	909.0	5239.0	501.0	3234.0	1624.0
PF3D7_1205700	186.0	161.0	138.0	141.0	84.0	68.0	169.0	190.0	218.0	89.0	370.0	58.0	248.0	188.0
PF3D7_1205800	5427.0	4244.0	6425.0	3313.0	3737.0	2520.0	3826.0	7442.0	4986.0	5136.0	8065.0	3581.0	6017.0	6755.0
PF3D7_1205900	2175.0	1412.0	2310.0	1184.0	1711.0	788.0	1288.0	4393.0	1749.0	3532.0	2829.0	2739.0	2141.0	2481.0
PF3D7_1206000	126.0	159.0	98.0	75.0	33.0	30.0	116.0	66.0	72.0	26.0	42.0	30.0	26.0	123.0
PF3D7_1206100	81.0	94.0	78.0	74.0	46.0	42.0	107.0	57.0	44.0	34.0	49.0	38.0	30.0	66.0
PF3D7_1206200	4860.0	3614.0	5671.0	3449.0	4092.0	2541.0	3639.0	9635.0	6067.0	8858.0	11671.0	5956.0	7353.0	10184.0
PF3D7_1206300	1209.0	1378.0	1308.0	1145.0	628.0	623.0	805.0	1104.0	732.0	796.0	1097.0	566.0	862.0	1935.0
PF3D7_1206400	16.0	23.0	23.0	24.0	18.0	16.0	19.0	21.0	13.0	24.0	19.0	18.0	0.0	23.0
PF3D7_1206500	454.0	338.0	359.0	457.0	152.0	159.0	478.0	250.0	115.0	202.0	226.0	114.0	127.0	277.0
PF3D7_1206600	3658.0	2976.0	4522.0	2687.0	3308.0	2051.0	2379.0	6684.0	3416.0	4741.0	4810.0	3671.0	2974.0	5156.0
PF3D7_1206700	2374.0	1901.0	2720.0	1590.0	1735.0	1097.0	1695.0	5045.0	2766.0	3510.0	4326.0	2466.0	2972.0	3390.0
PF3D7_1206800	371.0	328.0	300.0	261.0	198.0	123.0	373.0	558.0	325.0	378.0	455.0	305.0	335.0	467.0
PF3D7_1206900	175.0	149.0	159.0	121.0	87.0	81.0	202.0	172.0	100.0	130.0	167.0	107.0	124.0	178.0
PF3D7_1207000	3369.0	1815.0	3625.0	1438.0	1671.0	803.0	1834.0	3273.0	1599.0	2348.0	3819.0	1336.0	3045.0	1977.0
PF3D7_1207100	2977.0	1611.0	3697.0	1516.0	2562.0	1148.0	1516.0	5461.0	1929.0	5311.0	3272.0	3694.0	2084.0	2899.0
PF3D7_1207200	821.0	748.0	608.0	621.0	390.0	341.0	710.0	610.0	375.0	401.0	643.0	310.0	672.0	669.0
PF3D7_1207300	22.0	23.0	25.0	17.0	0.0	0.0	28.0	14.0	13.0	13.0	0.0	0.0	0.0	13.0
PF3D7_1207400	64.0	50.0	53.0	53.0	40.0	23.0	37.0	47.0	35.0	62.0	26.0	30.0	27.0	71.0
PF3D7_1207500	216.0	107.0	170.0	78.0	90.0	36.0	115.0	287.0	95.0	179.0	159.0	118.0	179.0	111.0
PF3D7_1207600	368.0	373.0	411.0	354.0	220.0	281.0	257.0	753.0	592.0	620.0	884.0	344.0	560.0	708.0
PF3D7_1207700	56.0	69.0	86.0	57.0	38.0	29.0	75.0	83.0	37.0	68.0	58.0	39.0	20.0	55.0
PF3D7_1207800	391.0	335.0	412.0	238.0	317.0	145.0	257.0	702.0	259.0	720.0	379.0	457.0	249.0	459.0
PF3D7_1207900	137.0	95.0	132.0	62.0	94.0	44.0	92.0	308.0	149.0	244.0	244.0	182.0	169.0	124.0
PF3D7_1208000	29.0	28.0	43.0	68.0	35.0	13.0	38.0	50.0	30.0	30.0	40.0	33.0	22.0	22.0
PF3D7_1208100	2224.0	2657.0	2589.0	1939.0	1922.0	1531.0	1692.0	2915.0	2687.0	1963.0	3679.0	1618.0	2799.0	3682.0
PF3D7_1208200	317.0	392.0	375.0	266.0	211.0	175.0	243.0	329.0	191.0	232.0	182.0	172.0	202.0	381.0
PF3D7_1208300	186.0	151.0	205.0	106.0	59.0	49.0	231.0	526.0	493.0	196.0	448.0	129.0	339.0	148.0
PF3D7_1208400	366.0	310.0	416.0	245.0	211.0	153.0	234.0	332.0	151.0	250.0	229.0	161.0	190.0	338.0
PF3D7_1208500	313.0	217.0	293.0	159.0	154.0	86.0	207.0	412.0	296.0	255.0	384.0	204.0	293.0	241.0
PF3D7_1208600	116.0	133.0	125.0	79.0	50.0	49.0	119.0	364.0	290.0	203.0	318.0	140.0	235.0	178.0
PF3D7_1208700	196.0	172.0	197.0	154.0	99.0	112.0	183.0	215.0	157.0	117.0	277.0	79.0	223.0	221.0
PF3D7_1208800	1961.0	1590.0	2214.0	1054.0	1576.0	660.0	1336.0	2378.0	1043.0	1654.0	1322.0	1450.0	1120.0	1616.0
PF3D7_1208900	3274.0	2722.0	3118.0	1911.0	1757.0	1106.0	2806.0	5829.0	3023.0	3925.0	5408.0	2807.0	4285.0	4317.0
PF3D7_1209000	163.0	147.0	195.0	152.0	127.0	123.0	147.0	429.0	283.0	266.0	401.0	175.0	277.0	265.0
PF3D7_1209100	215.0	105.0	211.0	102.0	146.0	66.0	110.0	466.0	117.0	329.0	139.0	264.0	135.0	134.0
PF3D7_1209200	170.0	162.0	204.0	164.0	136.0	116.0	142.0	379.0	226.0	154.0	244.0	118.0	219.0	182.0
PF3D7_1209300	1747.0	1211.0	1783.0	990.0	1003.0	479.0	1214.0	3793.0	1147.0	3045.0	1928.0	1892.0	1258.0	1698.0
PF3D7_1209400	625.0	393.0	513.0	282.0	287.0	177.0	434.0	1022.0	374.0	801.0	696.0	548.0	573.0	447.0
PF3D7_1209500	86.0	76.0	69.0	57.0	20.0	30.0	87.0	45.0	34.0	56.0	60.0	44.0	28.0	42.0
PF3D7_1209600	73.0	67.0	68.0	66.0	57.0	32.0	92.0	56.0	26.0	56.0	53.0	37.0	43.0	63.0
PF3D7_1209700	195.0	158.0	164.0	197.0	106.0	79.0	185.0	348.0	231.0	233.0	458.0	134.0	376.0	226.0
PF3D7_1209800	33.0	24.0	39.0	20.0	12.0	12.0	51.0	57.0	38.0	35.0	63.0	23.0	55.0	39.0
PF3D7_1209900	302.0	266.0	260.0	242.0	167.0	152.0	256.0	438.0	324.0	251.0	535.0	160.0	473.0	362.0
PF3D7_1210000	282.0	237.0	294.0	289.0	287.0	180.0	294.0	361.0	196.0	281.0	401.0	245.0	246.0	250.0
PF3D7_1210100	369.0	217.0	385.0	157.0	187.0	79.0	235.0	704.0	193.0	500.0	280.0	301.0	204.0	221.0
PF3D7_1210200	186.0	149.0	144.0	125.0	71.0	66.0	147.0	80.0	57.0	92.0	148.0	82.0	44.0	127.0
PF3D7_1210300	62.0	70.0	92.0	50.0	42.0	35.0	80.0	186.0	139.0	90.0	148.0	71.0	89.0	70.0
PF3D7_1210400	1016.0	776.0	1104.0	715.0	795.0	448.0	547.0	1244.0	483.0	957.0	670.0	790.0	487.0	754.0
PF3D7_1210500	53.0	52.0	49.0	46.0	32.0	29.0	52.0	63.0	58.0	24.0	39.0	30.0	21.0	51.0
PF3D7_1210600	2165.0	1937.0	2402.0	1801.0	1461.0	1226.0	2056.0	2306.0	1606.0	1613.0	2304.0	1198.0	1641.0	2268.0
PF3D7_1210700	155.0	154.0	152.0	142.0	86.0	63.0	122.0	130.0	69.0	94.0	176.0	75.0	224.0	124.0
PF3D7_1210900	137.0	169.0	117.0	85.0	48.0	70.0	140.0	180.0	106.0	79.0	135.0	71.0	135.0	112.0
PF3D7_1211000	558.0	627.0	601.0	614.0	460.0	388.0	299.0	652.0	355.0	551.0	444.0	359.0	375.0	960.0
PF3D7_1211100	16.0	19.0	22.0	11.0	10.0	10.0	12.0	32.0	0.0	31.0	17.0	20.0	11.0	21.0
PF3D7_1211200	1469.0	1277.0	1581.0	1285.0	1068.0	942.0	999.0	1766.0	1080.0	1278.0	1667.0	881.0	1122.0	1877.0
PF3D7_1211300	768.0	528.0	816.0	409.0	449.0	262.0	550.0	887.0	424.0	755.0	737.0	481.0	623.0	603.0
PF3D7_1211400	1542.0	1525.0	1524.0	1044.0	768.0	735.0	1709.0	2493.0	2013.0	1666.0	2835.0	1152.0	2204.0	2030.0
PF3D7_1211500	311.0	222.0	301.0	180.0	192.0	158.0	171.0	610.0	242.0	427.0	364.0	281.0	259.0	318.0
PF3D7_1211600	1767.0	1514.0	1760.0	1341.0	1108.0	894.0	1259.0	3194.0	1980.0	2340.0	3584.0	1638.0	2914.0	2360.0
PF3D7_1211700	1217.0	1105.0	880.0	678.0	600.0	467.0	970.0	1285.0	1008.0	878.0	2526.0	559.0	2421.0	1192.0
PF3D7_1211800	5895.0	3603.0	5317.0	2803.0	3368.0	1642.0	3339.0	9562.0	4652.0	6699.0	7181.0	4518.0	6292.0	4653.0
PF3D7_1211900	3675.0	3550.0	3264.0	2542.0	2175.0	1836.0	2542.0	9795.0	5544.0	6668.0	9123.0	4372.0	6853.0	7062.0
PF3D7_1212000	368.0	416.0	356.0	240.0	125.0	124.0	368.0	653.0	527.0	247.0	806.0	201.0	688.0	357.0
PF3D7_1212100	338.0	249.0	388.0	218.0	187.0	123.0	273.0	556.0	327.0	329.0	461.0	223.0	338.0	345.0
PF3D7_1212200	154.0	157.0	162.0	136.0	71.0	89.0	146.0	254.0	212.0	188.0	263.0	122.0	159.0	154.0
PF3D7_1212300	283.0	234.0	298.0	244.0	148.0	142.0	263.0	387.0	282.0	289.0	440.0	182.0	351.0	254.0
PF3D7_1212400	214.0	111.0	291.0	128.0	209.0	76.0	146.0	730.0	254.0	541.0	359.0	370.0	261.0	227.0
PF3D7_1212500	960.0	900.0	805.0	636.0	426.0	512.0	655.0	1709.0	876.0	1024.0	1197.0	858.0	1207.0	1162.0
PF3D7_1212600	86.0	58.0	70.0	49.0	36.0	29.0	74.0	116.0	88.0	82.0	133.0	46.0	103.0	80.0
PF3D7_1212700	18147.0	14770.0	21856.0	13381.0	16153.0	10610.0	13233.0	32252.0	18934.0	26756.0	34508.0	18796.0	21196.0	31468.0
PF3D7_1212800	225.0	202.0	235.0	162.0	140.0	121.0	245.0	261.0	152.0	184.0	250.0	147.0	184.0	286.0
PF3D7_1212900	5503.0	4674.0	5883.0	3432.0	4056.0	2446.0	4268.0	7497.0	4098.0	5543.0	5483.0	4252.0	3889.0	4594.0
PF3D7_1213000	24.0	33.0	30.0	28.0	19.0	35.0	17.0	36.0	14.0	17.0	14.0	10.0	12.0	0.0
PF3D7_1213100	181.0	134.0	350.0	331.0	222.0	209.0	463.0	185.0	194.0	106.0	101.0	116.0	52.0	321.0
PF3D7_1213200	95.0	105.0	84.0	62.0	40.0	30.0	78.0	261.0	167.0	93.0	210.0	50.0	213.0	163.0
PF3D7_1213300	0.0	0.0	0.0	0.0	0.0	0.0	11.0	0.0	0.0	0.0	0.0	0.0	0.0	0.0
PF3D7_1213400	50.0	56.0	51.0	47.0	30.0	37.0	67.0	39.0	32.0	41.0	37.0	29.0	22.0	56.0
PF3D7_1213500	50.0	45.0	46.0	46.0	19.0	20.0	19.0	22.0	18.0	28.0	26.0	17.0	12.0	55.0
PF3D7_1213600	89.0	104.0	103.0	60.0	43.0	29.0	153.0	201.0	168.0	64.0	195.0	53.0	144.0	55.0
PF3D7_1213700	461.0	325.0	527.0	333.0	395.0	262.0	299.0	832.0	484.0	483.0	666.0	376.0	486.0	457.0
PF3D7_1213800	1265.0	1196.0	1286.0	940.0	752.0	710.0	1057.0	3595.0	1878.0	2747.0	3573.0	1771.0	2321.0	2557.0
PF3D7_1213900	6486.0	4971.0	6874.0	3490.0	5341.0	2680.0	3327.0	8890.0	3742.0	6892.0	5505.0	5675.0	4011.0	5577.0
PF3D7_1214000	167.0	141.0	245.0	105.0	118.0	69.0	197.0	229.0	118.0	117.0	146.0	101.0	109.0	109.0
PF3D7_1214100	261.0	387.0	255.0	217.0	132.0	176.0	272.0	231.0	229.0	203.0	551.0	131.0	638.0	329.0
PF3D7_1214200	67.0	81.0	87.0	58.0	35.0	34.0	77.0	96.0	80.0	54.0	102.0	36.0	65.0	68.0
PF3D7_1214300	352.0	310.0	403.0	281.0	222.0	184.0	315.0	744.0	419.0	384.0	613.0	249.0	445.0	400.0
PF3D7_1214400	90.0	82.0	104.0	97.0	46.0	40.0	68.0	153.0	98.0	67.0	96.0	61.0	80.0	89.0
PF3D7_1214500	47.0	56.0	51.0	75.0	39.0	25.0	56.0	60.0	43.0	57.0	41.0	64.0	29.0	54.0
PF3D7_1214600	47.0	45.0	47.0	45.0	42.0	31.0	43.0	190.0	79.0	113.0	88.0	93.0	72.0	58.0
PF3D7_1214700	48.0	46.0	41.0	28.0	13.0	19.0	43.0	136.0	53.0	49.0	60.0	52.0	47.0	29.0
PF3D7_1214800	25.0	21.0	18.0	31.0	13.0	0.0	22.0	18.0	11.0	14.0	35.0	13.0	15.0	20.0
PF3D7_1214900	143.0	128.0	117.0	63.0	53.0	34.0	111.0	312.0	128.0	165.0	294.0	105.0	295.0	168.0
PF3D7_1215000	88.0	89.0	85.0	48.0	31.0	16.0	124.0	78.0	60.0	24.0	49.0	32.0	42.0	37.0
PF3D7_1215100	808.0	518.0	763.0	487.0	452.0	300.0	670.0	1721.0	698.0	1251.0	972.0	786.0	664.0	1038.0
PF3D7_1215200	143.0	121.0	111.0	99.0	71.0	62.0	126.0	160.0	86.0	87.0	222.0	66.0	249.0	99.0
PF3D7_1215300	178.0	156.0	118.0	84.0	64.0	61.0	173.0	525.0	500.0	164.0	718.0	132.0	534.0	384.0
PF3D7_1215400	751.0	488.0	636.0	362.0	372.0	218.0	594.0	721.0	310.0	427.0	576.0	339.0	470.0	453.0
PF3D7_1215600	36.0	50.0	42.0	28.0	24.0	12.0	59.0	37.0	26.0	18.0	30.0	10.0	19.0	27.0
PF3D7_1215700	138.0	140.0	138.0	151.0	72.0	87.0	50.0	120.0	67.0	109.0	79.0	63.0	67.0	172.0
PF3D7_1215800	69.0	81.0	118.0	121.0	66.0	102.0	39.0	112.0	48.0	74.0	48.0	59.0	41.0	138.0
PF3D7_1215900	580.0	620.0	589.0	439.0	391.0	318.0	483.0	918.0	429.0	548.0	710.0	421.0	595.0	633.0
PF3D7_1216000	621.0	516.0	651.0	424.0	317.0	250.0	388.0	1257.0	651.0	831.0	960.0	649.0	718.0	962.0
PF3D7_1216100	56.0	51.0	48.0	54.0	26.0	28.0	43.0	64.0	84.0	30.0	119.0	31.0	106.0	58.0
PF3D7_1216200	418.0	455.0	367.0	420.0	218.0	294.0	582.0	1963.0	1862.0	1284.0	3066.0	711.0	1908.0	2221.0
PF3D7_1216300	543.0	429.0	701.0	405.0	412.0	253.0	490.0	677.0	390.0	355.0	346.0	288.0	192.0	471.0
PF3D7_1216400	1157.0	1176.0	1003.0	826.0	602.0	608.0	993.0	1316.0	804.0	741.0	1126.0	537.0	929.0	1321.0
PF3D7_1216500	1196.0	980.0	937.0	1048.0	328.0	456.0	2133.0	342.0	234.0	182.0	429.0	132.0	239.0	636.0
PF3D7_1216600	22.0	28.0	45.0	34.0	28.0	21.0	17.0	40.0	26.0	14.0	34.0	16.0	0.0	56.0
PF3D7_1216700	121.0	131.0	145.0	197.0	87.0	78.0	153.0	119.0	72.0	147.0	85.0	176.0	109.0	208.0
PF3D7_1216800	0.0	0.0	12.0	0.0	0.0	0.0	0.0	0.0	0.0	0.0	0.0	0.0	0.0	10.0
PF3D7_1216900	4278.0	3562.0	4976.0	3503.0	3060.0	2634.0	3718.0	9051.0	5025.0	6364.0	8207.0	4391.0	5105.0	9266.0
PF3D7_1217000	72.0	71.0	61.0	56.0	36.0	48.0	42.0	72.0	47.0	38.0	106.0	25.0	81.0	70.0
PF3D7_1217100	91.0	86.0	105.0	74.0	50.0	32.0	66.0	44.0	72.0	37.0	53.0	46.0	54.0	52.0
PF3D7_1217200	2447.0	1954.0	3089.0	1610.0	2357.0	1342.0	1431.0	3718.0	1525.0	3241.0	2577.0	2461.0	1618.0	2843.0
PF3D7_1217300	669.0	616.0	602.0	509.0	346.0	315.0	556.0	718.0	461.0	550.0	833.0	363.0	736.0	746.0
PF3D7_1217400	506.0	605.0	389.0	402.0	210.0	300.0	461.0	429.0	309.0	255.0	349.0	212.0	197.0	881.0
PF3D7_1217500	754.0	681.0	753.0	557.0	545.0	354.0	663.0	937.0	628.0	692.0	749.0	559.0	432.0	965.0
PF3D7_1217600	58.0	54.0	47.0	42.0	20.0	40.0	64.0	39.0	45.0	23.0	21.0	23.0	33.0	61.0
PF3D7_1217700	749.0	542.0	1020.0	560.0	608.0	361.0	612.0	1240.0	572.0	826.0	731.0	651.0	427.0	745.0
PF3D7_1217800	16.0	12.0	23.0	15.0	14.0	0.0	11.0	34.0	21.0	19.0	13.0	13.0	10.0	13.0
PF3D7_1217900	775.0	480.0	580.0	349.0	343.0	199.0	426.0	1115.0	474.0	751.0	683.0	568.0	715.0	636.0
PF3D7_1218000	173.0	191.0	150.0	134.0	64.0	75.0	147.0	158.0	92.0	134.0	78.0	71.0	68.0	233.0
PF3D7_1218100	20.0	26.0	28.0	13.0	12.0	13.0	28.0	20.0	15.0	21.0	0.0	0.0	0.0	29.0
PF3D7_1218200	1133.0	1126.0	1301.0	835.0	638.0	507.0	870.0	1543.0	1060.0	917.0	1600.0	760.0	1325.0	1320.0
PF3D7_1218300	779.0	611.0	796.0	427.0	450.0	254.0	385.0	620.0	318.0	473.0	461.0	392.0	383.0	484.0
PF3D7_1218400	947.0	837.0	948.0	747.0	578.0	521.0	834.0	1303.0	754.0	890.0	1167.0	685.0	916.0	1296.0
PF3D7_1218500	4886.0	4003.0	5316.0	2651.0	4314.0	2048.0	2234.0	5718.0	2015.0	4898.0	2895.0	3911.0	2311.0	3240.0
PF3D7_1218600	1375.0	941.0	1449.0	743.0	1153.0	553.0	647.0	2901.0	1372.0	2295.0	2165.0	1706.0	1723.0	1506.0
PF3D7_1218700	75.0	106.0	123.0	95.0	41.0	49.0	70.0	105.0	50.0	83.0	62.0	48.0	51.0	134.0
PF3D7_1218800	151.0	124.0	96.0	194.0	90.0	75.0	152.0	122.0	59.0	196.0	116.0	161.0	74.0	88.0
PF3D7_1218900	338.0	315.0	319.0	240.0	206.0	139.0	301.0	678.0	354.0	484.0	605.0	328.0	480.0	461.0
PF3D7_1219000	3253.0	2447.0	3786.0	1893.0	2453.0	1071.0	2355.0	8081.0	3175.0	6283.0	5131.0	4445.0	3573.0	3681.0
PF3D7_1219100	3756.0	2677.0	4198.0	1945.0	3340.0	1446.0	2186.0	5772.0	2802.0	4706.0	5362.0	3703.0	4688.0	3859.0
PF3D7_1219200	44.0	42.0	49.0	32.0	30.0	22.0	37.0	88.0	41.0	80.0	32.0	50.0	30.0	59.0
PF3D7_1219300	1361.0	1280.0	1952.0	2131.0	1254.0	1305.0	867.0	3316.0	2409.0	2348.0	2387.0	1962.0	1411.0	4890.0
PF3D7_1219400	4829.0	4912.0	6143.0	5810.0	4560.0	5913.0	2971.0	1161.0	720.0	983.0	873.0	739.0	581.0	1623.0
PF3D7_1219500	95.0	130.0	87.0	87.0	54.0	82.0	60.0	131.0	60.0	79.0	66.0	60.0	50.0	86.0
PF3D7_1219600	2720.0	2258.0	3040.0	2086.0	1839.0	1596.0	1764.0	6028.0	3655.0	3734.0	4995.0	2535.0	3346.0	4738.0
PF3D7_1219700	30.0	21.0	16.0	42.0	21.0	12.0	47.0	10.0	19.0	25.0	14.0	35.0	15.0	18.0
PF3D7_1219900	161.0	135.0	118.0	81.0	67.0	57.0	87.0	363.0	169.0	149.0	228.0	90.0	238.0	147.0
PF3D7_1220000	65.0	34.0	45.0	62.0	30.0	34.0	46.0	35.0	25.0	44.0	25.0	32.0	20.0	58.0
PF3D7_1220100	691.0	501.0	852.0	465.0	610.0	338.0	478.0	1214.0	513.0	884.0	753.0	672.0	570.0	729.0
PF3D7_1220200	89.0	66.0	88.0	40.0	46.0	29.0	58.0	89.0	28.0	39.0	41.0	29.0	29.0	43.0
PF3D7_1220300	918.0	706.0	1085.0	432.0	520.0	302.0	633.0	804.0	334.0	553.0	471.0	382.0	424.0	572.0
PF3D7_1220400	347.0	308.0	410.0	267.0	265.0	214.0	235.0	496.0	308.0	407.0	443.0	297.0	272.0	381.0
PF3D7_1220500	223.0	125.0	242.0	117.0	150.0	78.0	115.0	493.0	144.0	386.0	204.0	224.0	135.0	189.0
PF3D7_1220600	69.0	39.0	84.0	36.0	46.0	36.0	65.0	111.0	49.0	80.0	76.0	71.0	58.0	51.0
PF3D7_1220700	54.0	50.0	50.0	68.0	39.0	31.0	45.0	62.0	42.0	65.0	63.0	86.0	44.0	99.0
PF3D7_1220900	1451.0	1049.0	1407.0	930.0	763.0	697.0	1231.0	2838.0	1900.0	1817.0	3867.0	1089.0	2836.0	2207.0
PF3D7_1221000	2504.0	1362.0	2275.0	1091.0	1354.0	578.0	1504.0	4052.0	1526.0	2755.0	2555.0	1849.0	2138.0	1504.0
PF3D7_1221100	121.0	46.0	81.0	243.0	135.0	81.0	136.0	50.0	41.0	194.0	115.0	144.0	57.0	63.0
PF3D7_1221200	96.0	93.0	144.0	79.0	66.0	50.0	80.0	250.0	124.0	142.0	185.0	109.0	110.0	80.0
PF3D7_1221300	832.0	409.0	915.0	353.0	479.0	197.0	321.0	499.0	313.0	358.0	512.0	292.0	426.0	486.0
PF3D7_1221400	265.0	191.0	346.0	124.0	184.0	74.0	126.0	120.0	59.0	157.0	114.0	112.0	81.0	171.0
PF3D7_1221500	167.0	140.0	174.0	131.0	108.0	72.0	130.0	313.0	224.0	214.0	390.0	122.0	321.0	186.0
PF3D7_1221600	73.0	67.0	107.0	51.0	50.0	23.0	68.0	164.0	84.0	77.0	101.0	69.0	90.0	60.0
PF3D7_1221700	279.0	235.0	327.0	262.0	181.0	138.0	157.0	702.0	377.0	612.0	607.0	379.0	473.0	513.0
PF3D7_1221800	304.0	248.0	344.0	210.0	191.0	128.0	249.0	380.0	278.0	294.0	460.0	191.0	378.0	323.0
PF3D7_1221900	4166.0	3639.0	4631.0	2823.0	3308.0	2426.0	2673.0	6083.0	2760.0	4764.0	3403.0	3858.0	2180.0	6746.0
PF3D7_1222000	132.0	130.0	103.0	131.0	65.0	63.0	84.0	242.0	117.0	165.0	257.0	119.0	204.0	185.0
PF3D7_1222100	269.0	267.0	229.0	222.0	118.0	101.0	254.0	262.0	209.0	190.0	379.0	120.0	403.0	278.0
PF3D7_1222200	17.0	13.0	18.0	30.0	0.0	12.0	30.0	17.0	15.0	0.0	21.0	0.0	0.0	35.0
PF3D7_1222300	5170.0	4919.0	3901.0	4184.0	2190.0	2280.0	5882.0	7900.0	7329.0	5114.0	14641.0	3332.0	11722.0	9927.0
PF3D7_1222400	1553.0	1408.0	1364.0	1029.0	647.0	572.0	1684.0	2531.0	1622.0	1333.0	2670.0	989.0	2196.0	1761.0
PF3D7_1222500	497.0	423.0	662.0	369.0	488.0	249.0	444.0	803.0	362.0	625.0	438.0	536.0	311.0	471.0
PF3D7_1222600	2387.0	2529.0	2242.0	1542.0	1075.0	1014.0	2093.0	1505.0	1118.0	1021.0	1041.0	974.0	785.0	1876.0
PF3D7_1222700	1118.0	794.0	1140.0	587.0	467.0	295.0	949.0	664.0	473.0	472.0	607.0	300.0	331.0	1089.0
PF3D7_1222800	83.0	48.0	64.0	56.0	36.0	17.0	73.0	53.0	31.0	39.0	36.0	28.0	27.0	24.0
PF3D7_1222900	160.0	120.0	94.0	85.0	63.0	51.0	133.0	210.0	174.0	133.0	239.0	71.0	207.0	110.0
PF3D7_1223000	27.0	32.0	47.0	32.0	17.0	17.0	34.0	29.0	20.0	14.0	15.0	13.0	13.0	15.0
PF3D7_1223100	1822.0	1682.0	1660.0	1013.0	692.0	522.0	1617.0	804.0	723.0	533.0	1060.0	252.0	838.0	1754.0
PF3D7_1223200	454.0	464.0	490.0	384.0	369.0	233.0	421.0	788.0	504.0	555.0	858.0	406.0	705.0	587.0
PF3D7_1223300	619.0	579.0	588.0	381.0	326.0	227.0	616.0	891.0	620.0	608.0	1024.0	371.0	817.0	1104.0
PF3D7_1223400	9526.0	7859.0	11445.0	6938.0	7568.0	5640.0	6075.0	12469.0	6768.0	9132.0	10120.0	6743.0	6569.0	12588.0
PF3D7_1223500	1937.0	1878.0	1842.0	1809.0	1219.0	1300.0	1447.0	2833.0	2137.0	1847.0	3533.0	1377.0	2876.0	2583.0
PF3D7_1223600	436.0	354.0	510.0	288.0	308.0	213.0	317.0	976.0	431.0	540.0	569.0	441.0	561.0	504.0
PF3D7_1223700	324.0	302.0	272.0	236.0	180.0	153.0	302.0	1007.0	667.0	618.0	1091.0	368.0	798.0	695.0
PF3D7_1223800	206.0	133.0	260.0	158.0	191.0	109.0	99.0	476.0	231.0	270.0	278.0	190.0	229.0	267.0
PF3D7_1223900	109.0	86.0	92.0	79.0	69.0	58.0	90.0	179.0	164.0	117.0	288.0	78.0	222.0	173.0
PF3D7_1224000	155.0	114.0	150.0	98.0	71.0	50.0	79.0	413.0	284.0	311.0	503.0	197.0	361.0	213.0
PF3D7_1224100	420.0	284.0	462.0	187.0	231.0	106.0	362.0	355.0	167.0	240.0	215.0	155.0	132.0	276.0
PF3D7_1224200	153.0	119.0	123.0	76.0	100.0	72.0	98.0	181.0	61.0	110.0	89.0	88.0	70.0	111.0
PF3D7_1224300	30419.0	26349.0	32067.0	22999.0	20480.0	20027.0	22777.0	37143.0	25600.0	27612.0	43622.0	20560.0	29245.0	42104.0
PF3D7_1224400	784.0	755.0	902.0	589.0	662.0	463.0	532.0	1264.0	654.0	863.0	764.0	645.0	524.0	930.0
PF3D7_1224500	608.0	587.0	585.0	419.0	276.0	211.0	638.0	863.0	610.0	502.0	817.0	298.0	776.0	450.0
PF3D7_1224600	141.0	135.0	156.0	106.0	92.0	84.0	121.0	476.0	282.0	277.0	342.0	203.0	223.0	377.0
PF3D7_1224700	1748.0	1508.0	2144.0	940.0	1307.0	688.0	1294.0	1082.0	535.0	769.0	735.0	559.0	598.0	744.0
PF3D7_1224800	372.0	193.0	470.0	151.0	315.0	110.0	187.0	335.0	110.0	194.0	190.0	140.0	156.0	158.0
PF3D7_1224900	315.0	201.0	460.0	272.0	308.0	159.0	291.0	521.0	268.0	343.0	321.0	247.0	202.0	306.0
PF3D7_1225000	302.0	311.0	366.0	333.0	219.0	188.0	275.0	469.0	331.0	414.0	511.0	282.0	420.0	456.0
PF3D7_1225100	375.0	328.0	399.0	290.0	186.0	184.0	298.0	779.0	503.0	464.0	793.0	272.0	632.0	580.0
PF3D7_1225200	1018.0	921.0	1117.0	697.0	600.0	441.0	743.0	1370.0	827.0	921.0	1296.0	645.0	947.0	922.0
PF3D7_1225300	683.0	574.0	653.0	474.0	410.0	384.0	445.0	627.0	423.0	438.0	590.0	332.0	406.0	616.0
PF3D7_1225400	201.0	134.0	322.0	132.0	219.0	100.0	141.0	466.0	172.0	323.0	167.0	252.0	106.0	192.0
PF3D7_1225500	778.0	609.0	857.0	537.0	514.0	407.0	483.0	1114.0	619.0	774.0	797.0	530.0	442.0	864.0
PF3D7_1225600	1745.0	1437.0	1854.0	1530.0	1064.0	1142.0	1303.0	1776.0	1212.0	1282.0	1946.0	940.0	1205.0	2037.0
PF3D7_1225700	1910.0	1833.0	1983.0	1387.0	1463.0	1014.0	1319.0	3438.0	1794.0	2728.0	2741.0	2035.0	2036.0	2254.0
PF3D7_1225800	2660.0	2271.0	2825.0	1737.0	1686.0	1288.0	1694.0	3921.0	2515.0	2943.0	4323.0	2184.0	3420.0	2795.0
PF3D7_1225900	190.0	188.0	180.0	116.0	59.0	68.0	166.0	244.0	169.0	144.0	265.0	94.0	234.0	179.0
PF3D7_1226000	397.0	315.0	413.0	267.0	257.0	192.0	283.0	919.0	253.0	713.0	421.0	475.0	288.0	322.0
PF3D7_1226100	416.0	237.0	402.0	232.0	249.0	117.0	299.0	483.0	133.0	424.0	162.0	359.0	152.0	152.0
PF3D7_1226200	262.0	328.0	221.0	224.0	118.0	155.0	229.0	174.0	145.0	109.0	119.0	70.0	83.0	264.0
PF3D7_1226300	1865.0	1959.0	1846.0	1564.0	1156.0	1090.0	2006.0	2164.0	1887.0	1337.0	2815.0	1012.0	2242.0	2104.0
PF3D7_1226400	494.0	433.0	559.0	381.0	303.0	248.0	396.0	1199.0	596.0	828.0	1022.0	515.0	927.0	798.0
PF3D7_1226500	396.0	398.0	371.0	361.0	231.0	225.0	285.0	686.0	361.0	428.0	624.0	255.0	415.0	560.0
PF3D7_1226600	133.0	98.0	102.0	75.0	56.0	38.0	106.0	185.0	187.0	126.0	396.0	65.0	435.0	138.0
PF3D7_1226700	736.0	562.0	921.0	567.0	641.0	404.0	507.0	1648.0	643.0	1356.0	1078.0	931.0	697.0	918.0
PF3D7_1226800	307.0	190.0	275.0	163.0	151.0	96.0	196.0	461.0	191.0	330.0	334.0	185.0	289.0	300.0
PF3D7_1226900	784.0	620.0	654.0	385.0	342.0	227.0	644.0	1625.0	893.0	1103.0	2016.0	747.0	1727.0	1083.0
PF3D7_1227000	107.0	92.0	107.0	79.0	45.0	47.0	91.0	120.0	90.0	52.0	108.0	30.0	122.0	98.0
PF3D7_1227100	526.0	381.0	609.0	380.0	402.0	196.0	407.0	1269.0	876.0	964.0	1645.0	654.0	1063.0	864.0
PF3D7_1227200	1616.0	1469.0	1567.0	1110.0	1208.0	788.0	1167.0	3025.0	1850.0	1971.0	2622.0	1469.0	2157.0	2764.0
PF3D7_1227300	253.0	261.0	355.0	175.0	140.0	94.0	194.0	221.0	116.0	151.0	127.0	137.0	89.0	270.0
PF3D7_1227400	1142.0	974.0	1200.0	819.0	740.0	591.0	796.0	1500.0	920.0	1113.0	1327.0	807.0	1034.0	1248.0
PF3D7_1227500	1699.0	1182.0	1652.0	1188.0	925.0	640.0	1164.0	1298.0	699.0	911.0	1582.0	605.0	1355.0	1322.0
PF3D7_1227600	1500.0	1119.0	1201.0	907.0	661.0	451.0	1510.0	1118.0	987.0	614.0	1651.0	423.0	1440.0	1040.0
PF3D7_1227700	1536.0	1182.0	1670.0	932.0	1012.0	683.0	1040.0	1671.0	803.0	1359.0	1146.0	883.0	654.0	1142.0
PF3D7_1227800	2474.0	1923.0	2945.0	1566.0	2091.0	1271.0	1458.0	4576.0	2060.0	3780.0	3351.0	2891.0	2071.0	3112.0
PF3D7_1227900	199.0	178.0	211.0	173.0	122.0	109.0	151.0	436.0	217.0	266.0	358.0	181.0	231.0	294.0
PF3D7_1228000	98.0	87.0	88.0	67.0	43.0	39.0	98.0	152.0	79.0	73.0	144.0	52.0	133.0	105.0
PF3D7_1228100	45.0	45.0	55.0	39.0	36.0	19.0	52.0	35.0	36.0	37.0	73.0	49.0	69.0	48.0
PF3D7_1228200	137.0	131.0	139.0	96.0	59.0	66.0	81.0	233.0	167.0	155.0	269.0	100.0	240.0	162.0
PF3D7_1228300	1040.0	773.0	968.0	609.0	455.0	385.0	877.0	1010.0	742.0	704.0	1905.0	418.0	1766.0	797.0
PF3D7_1228400	1206.0	1102.0	1289.0	1044.0	724.0	786.0	922.0	2060.0	1211.0	1385.0	1879.0	1050.0	1129.0	2158.0
PF3D7_1228500	145.0	110.0	150.0	88.0	93.0	52.0	127.0	145.0	138.0	86.0	236.0	59.0	155.0	103.0
PF3D7_1228600	10191.0	10463.0	8484.0	5323.0	4499.0	2392.0	7872.0	1730.0	2465.0	1699.0	4065.0	723.0	1392.0	7633.0
PF3D7_1228700	628.0	457.0	602.0	359.0	325.0	229.0	448.0	540.0	303.0	389.0	574.0	269.0	618.0	438.0
PF3D7_1228800	4474.0	3516.0	4067.0	2855.0	2201.0	1742.0	3793.0	6977.0	4676.0	4667.0	8426.0	3162.0	6637.0	5110.0
PF3D7_1228900	668.0	625.0	642.0	564.0	364.0	449.0	737.0	1017.0	866.0	735.0	1573.0	463.0	945.0	1279.0
PF3D7_1229000	467.0	424.0	565.0	429.0	297.0	290.0	399.0	724.0	483.0	470.0	733.0	335.0	605.0	626.0
PF3D7_1229100	9232.0	10470.0	9886.0	9964.0	6057.0	10198.0	6571.0	12720.0	8825.0	7978.0	11830.0	6428.0	7735.0	18994.0
PF3D7_1229200	26.0	42.0	12.0	33.0	17.0	19.0	24.0	18.0	18.0	0.0	18.0	15.0	11.0	24.0
PF3D7_1229300	1068.0	1225.0	895.0	709.0	427.0	488.0	1035.0	617.0	550.0	413.0	703.0	324.0	549.0	1237.0
PF3D7_1229400	1546.0	2677.0	1244.0	1918.0	613.0	1674.0	1507.0	2577.0	3977.0	1109.0	7521.0	761.0	7649.0	3915.0
PF3D7_1229500	2208.0	2004.0	2010.0	1963.0	1266.0	1498.0	2154.0	4282.0	4085.0	3082.0	7569.0	2233.0	5334.0	4951.0
PF3D7_1229600	809.0	554.0	808.0	449.0	461.0	272.0	561.0	1027.0	467.0	777.0	1130.0	518.0	875.0	707.0
PF3D7_1229700	73.0	95.0	74.0	87.0	31.0	37.0	88.0	76.0	133.0	28.0	151.0	20.0	151.0	52.0
PF3D7_1229800	1121.0	1219.0	931.0	743.0	335.0	456.0	750.0	697.0	482.0	519.0	480.0	288.0	341.0	1545.0
PF3D7_1229900	258.0	223.0	245.0	257.0	166.0	148.0	305.0	212.0	243.0	165.0	368.0	109.0	295.0	260.0
PF3D7_1230000	1061.0	884.0	1076.0	948.0	696.0	544.0	935.0	2117.0	1263.0	1448.0	1966.0	950.0	1365.0	1472.0
PF3D7_1230100	130.0	107.0	132.0	97.0	68.0	69.0	77.0	70.0	43.0	63.0	58.0	43.0	46.0	86.0
PF3D7_1230200	513.0	469.0	460.0	367.0	258.0	234.0	397.0	697.0	490.0	482.0	1027.0	339.0	816.0	609.0
PF3D7_1230300	92.0	101.0	107.0	69.0	37.0	22.0	62.0	86.0	34.0	47.0	27.0	33.0	34.0	45.0
PF3D7_1230400	97.0	69.0	74.0	47.0	37.0	21.0	78.0	164.0	85.0	61.0	106.0	71.0	125.0	61.0
PF3D7_1230500	205.0	207.0	201.0	172.0	125.0	113.0	146.0	448.0	198.0	332.0	340.0	221.0	264.0	273.0
PF3D7_1230600	337.0	349.0	378.0	301.0	287.0	209.0	299.0	709.0	415.0	499.0	753.0	312.0	525.0	474.0
PF3D7_1230700	2806.0	2125.0	2909.0	1447.0	1950.0	1008.0	1759.0	4072.0	1806.0	3139.0	2885.0	2527.0	2451.0	2401.0
PF3D7_1230800	2008.0	1378.0	2378.0	1446.0	1538.0	1000.0	1240.0	3283.0	1643.0	2735.0	2909.0	1975.0	1854.0	2488.0
PF3D7_1230900	2547.0	2370.0	3023.0	1903.0	2069.0	1591.0	1959.0	2490.0	1513.0	1897.0	2024.0	1340.0	1383.0	2935.0
PF3D7_1231000	439.0	419.0	450.0	450.0	276.0	238.0	386.0	326.0	223.0	337.0	422.0	243.0	338.0	366.0
PF3D7_1231100	516.0	554.0	508.0	404.0	337.0	242.0	446.0	1222.0	751.0	567.0	977.0	469.0	884.0	830.0
PF3D7_1231200	172.0	105.0	123.0	107.0	72.0	44.0	113.0	144.0	87.0	84.0	56.0	65.0	26.0	154.0
PF3D7_1231300	106.0	122.0	134.0	118.0	56.0	69.0	87.0	93.0	67.0	72.0	68.0	47.0	63.0	134.0
PF3D7_1231400	551.0	588.0	459.0	553.0	253.0	278.0	560.0	618.0	487.0	397.0	454.0	235.0	297.0	789.0
PF3D7_1231500	96.0	71.0	132.0	69.0	62.0	40.0	97.0	221.0	103.0	111.0	89.0	95.0	94.0	71.0
PF3D7_1231600	1436.0	1479.0	1244.0	1166.0	677.0	962.0	1100.0	3142.0	1720.0	2371.0	2973.0	1593.0	1958.0	3062.0
PF3D7_1231700	62.0	83.0	57.0	63.0	22.0	32.0	75.0	79.0	107.0	24.0	88.0	28.0	48.0	92.0
PF3D7_1231800	3875.0	3785.0	3951.0	2792.0	2075.0	2531.0	2253.0	6501.0	4185.0	3987.0	6341.0	3226.0	5158.0	6199.0
PF3D7_1231900	312.0	337.0	365.0	274.0	173.0	203.0	249.0	678.0	417.0	417.0	501.0	261.0	294.0	560.0
PF3D7_1232000	136.0	103.0	100.0	86.0	54.0	46.0	110.0	172.0	101.0	115.0	172.0	96.0	115.0	135.0
PF3D7_1232100	1933.0	1483.0	1584.0	1230.0	837.0	732.0	1972.0	4402.0	3372.0	2608.0	6739.0	1531.0	4796.0	3845.0
PF3D7_1232200	518.0	399.0	427.0	357.0	239.0	180.0	383.0	524.0	211.0	302.0	425.0	211.0	399.0	416.0
PF3D7_1232300	70.0	52.0	118.0	55.0	51.0	34.0	101.0	110.0	69.0	67.0	98.0	68.0	85.0	52.0
PF3D7_1232400	837.0	587.0	884.0	544.0	604.0	379.0	560.0	1000.0	430.0	782.0	611.0	647.0	531.0	783.0
PF3D7_1232500	901.0	699.0	867.0	448.0	426.0	273.0	608.0	573.0	316.0	381.0	356.0	229.0	224.0	753.0
PF3D7_1232600	182.0	160.0	148.0	131.0	68.0	64.0	176.0	165.0	88.0	108.0	148.0	51.0	113.0	111.0
PF3D7_1232700	281.0	259.0	218.0	216.0	101.0	87.0	255.0	113.0	94.0	79.0	139.0	54.0	84.0	177.0
PF3D7_1232800	15.0	16.0	30.0	12.0	11.0	16.0	39.0	36.0	30.0	34.0	31.0	14.0	16.0	19.0
PF3D7_1232900	229.0	174.0	190.0	336.0	155.0	96.0	247.0	436.0	284.0	449.0	480.0	328.0	308.0	329.0
PF3D7_1233000	523.0	403.0	592.0	310.0	387.0	202.0	296.0	875.0	386.0	667.0	822.0	443.0	724.0	458.0
PF3D7_1233100	264.0	163.0	247.0	174.0	153.0	123.0	169.0	444.0	220.0	326.0	339.0	206.0	228.0	418.0
PF3D7_1233200	2283.0	1627.0	1746.0	1600.0	834.0	799.0	2041.0	1126.0	536.0	774.0	804.0	618.0	615.0	1320.0
PF3D7_1233300	606.0	514.0	512.0	430.0	309.0	245.0	490.0	887.0	784.0	606.0	1620.0	406.0	1295.0	774.0
PF3D7_1233400	508.0	454.0	603.0	375.0	382.0	245.0	446.0	741.0	396.0	569.0	565.0	400.0	387.0	647.0
PF3D7_1233600	7459.0	7432.0	7438.0	6093.0	3876.0	4369.0	7278.0	10092.0	7899.0	5659.0	13567.0	4016.0	11765.0	9460.0
PF3D7_1233700	111.0	111.0	103.0	90.0	46.0	56.0	112.0	145.0	63.0	86.0	84.0	53.0	76.0	158.0
PF3D7_1233800	145.0	139.0	169.0	134.0	91.0	89.0	161.0	259.0	215.0	132.0	308.0	91.0	278.0	272.0
PF3D7_1233900	842.0	705.0	893.0	659.0	466.0	510.0	610.0	1504.0	985.0	959.0	1451.0	635.0	1050.0	1650.0
PF3D7_1234000	189.0	156.0	176.0	109.0	89.0	93.0	153.0	283.0	255.0	199.0	370.0	122.0	290.0	251.0
PF3D7_1234100	4762.0	4439.0	5264.0	3748.0	3476.0	2721.0	3300.0	7428.0	5056.0	5312.0	7814.0	4445.0	5758.0	6522.0
PF3D7_1234200	683.0	657.0	625.0	617.0	328.0	330.0	605.0	927.0	784.0	621.0	1480.0	429.0	1150.0	954.0
PF3D7_1234300	120.0	95.0	114.0	56.0	82.0	46.0	113.0	170.0	131.0	108.0	293.0	71.0	254.0	133.0
PF3D7_1234400	45.0	43.0	52.0	36.0	23.0	31.0	41.0	26.0	20.0	21.0	14.0	29.0	16.0	31.0
PF3D7_1234500	319.0	277.0	450.0	220.0	268.0	193.0	209.0	587.0	282.0	359.0	364.0	273.0	269.0	334.0
PF3D7_1234600	444.0	442.0	414.0	309.0	203.0	210.0	360.0	343.0	262.0	223.0	733.0	121.0	816.0	412.0
PF3D7_1234700	305.0	304.0	252.0	299.0	161.0	171.0	289.0	247.0	130.0	251.0	208.0	134.0	134.0	417.0
PF3D7_1234800	2105.0	2019.0	2124.0	1857.0	1510.0	1405.0	1591.0	3698.0	2596.0	2431.0	4819.0	1820.0	3453.0	3476.0
PF3D7_1234900	950.0	829.0	664.0	553.0	388.0	290.0	932.0	767.0	660.0	427.0	1470.0	273.0	1270.0	826.0
PF3D7_1235000	37.0	36.0	35.0	31.0	27.0	14.0	33.0	43.0	24.0	40.0	30.0	32.0	0.0	24.0
PF3D7_1235100	75.0	69.0	74.0	31.0	45.0	17.0	54.0	67.0	18.0	27.0	29.0	19.0	10.0	33.0
PF3D7_1235200	362.0	333.0	301.0	249.0	137.0	88.0	266.0	132.0	123.0	152.0	137.0	181.0	71.0	308.0
PF3D7_1235300	7167.0	5444.0	8866.0	5241.0	5909.0	3887.0	5687.0	9443.0	4868.0	7888.0	7764.0	6160.0	5202.0	8145.0
PF3D7_1235400	420.0	325.0	449.0	324.0	277.0	166.0	263.0	731.0	362.0	531.0	682.0	420.0	468.0	482.0
PF3D7_1235500	842.0	555.0	874.0	570.0	496.0	330.0	412.0	1405.0	676.0	976.0	1084.0	667.0	890.0	860.0
PF3D7_1235600	747.0	694.0	627.0	501.0	313.0	307.0	676.0	524.0	553.0	378.0	1793.0	207.0	1798.0	677.0
PF3D7_1235700	499.0	460.0	392.0	397.0	207.0	216.0	528.0	559.0	395.0	454.0	994.0	236.0	871.0	483.0
PF3D7_1235800	226.0	237.0	258.0	254.0	139.0	140.0	144.0	224.0	168.0	196.0	228.0	143.0	169.0	284.0
PF3D7_1235900	1908.0	1582.0	1902.0	1488.0	1596.0	1121.0	1353.0	2645.0	1486.0	2102.0	2492.0	1989.0	2027.0	2089.0
PF3D7_1236000	477.0	288.0	404.0	241.0	189.0	140.0	324.0	572.0	280.0	376.0	516.0	233.0	422.0	371.0
PF3D7_1236100	1847.0	1667.0	1769.0	1303.0	1274.0	911.0	1585.0	3516.0	2610.0	2014.0	3648.0	1614.0	2959.0	3678.0
PF3D7_1236200	7269.0	5913.0	5945.0	5846.0	3556.0	3124.0	6645.0	7237.0	2186.0	5827.0	3369.0	3828.0	2575.0	3900.0
PF3D7_1236300	466.0	363.0	316.0	257.0	133.0	126.0	374.0	388.0	161.0	203.0	280.0	152.0	215.0	251.0
PF3D7_1236400	600.0	643.0	631.0	508.0	382.0	351.0	464.0	668.0	471.0	447.0	601.0	303.0	425.0	795.0
PF3D7_1236500	15.0	22.0	21.0	19.0	10.0	0.0	16.0	13.0	0.0	0.0	0.0	0.0	0.0	26.0
PF3D7_1236600	12.0	0.0	14.0	13.0	0.0	0.0	13.0	0.0	14.0	14.0	10.0	10.0	0.0	0.0
PF3D7_1236650	22.0	15.0	30.0	12.0	14.0	0.0	25.0	16.0	27.0	0.0	42.0	0.0	25.0	19.0
PF3D7_1236700	391.0	321.0	413.0	252.0	257.0	137.0	267.0	798.0	436.0	504.0	813.0	333.0	693.0	562.0
PF3D7_1236800	121.0	120.0	91.0	94.0	56.0	63.0	84.0	84.0	60.0	65.0	95.0	43.0	124.0	130.0
PF3D7_1236900	604.0	522.0	405.0	575.0	287.0	265.0	619.0	247.0	223.0	455.0	270.0	191.0	217.0	415.0
PF3D7_1237000	505.0	346.0	487.0	258.0	244.0	155.0	357.0	1246.0	781.0	804.0	1292.0	453.0	1047.0	750.0
PF3D7_1237100	720.0	658.0	810.0	608.0	430.0	338.0	575.0	1300.0	1155.0	701.0	1692.0	532.0	1178.0	1140.0
PF3D7_1237200	1750.0	1450.0	2330.0	1200.0	1542.0	854.0	1210.0	3385.0	1783.0	2368.0	2498.0	1751.0	1568.0	2190.0
PF3D7_1237300	13.0	21.0	14.0	16.0	12.0	12.0	25.0	13.0	17.0	20.0	16.0	11.0	0.0	19.0
PF3D7_1237400	452.0	415.0	499.0	403.0	292.0	256.0	365.0	641.0	319.0	435.0	442.0	299.0	356.0	422.0
PF3D7_1237500	2651.0	2169.0	2682.0	1710.0	1810.0	1247.0	1811.0	4266.0	2085.0	3137.0	3043.0	2441.0	2235.0	3357.0
PF3D7_1237600	668.0	482.0	662.0	548.0	396.0	328.0	508.0	1037.0	574.0	739.0	765.0	548.0	384.0	918.0
PF3D7_1237700	1345.0	1548.0	1291.0	935.0	667.0	731.0	1320.0	2352.0	2191.0	1310.0	3446.0	856.0	3013.0	2064.0
PF3D7_1237800	82.0	99.0	96.0	77.0	53.0	40.0	107.0	164.0	145.0	74.0	100.0	59.0	92.0	73.0
PF3D7_1237900	4350.0	3812.0	4978.0	2841.0	3136.0	2346.0	3451.0	5584.0	3880.0	4227.0	6319.0	2965.0	4119.0	5164.0
PF3D7_1238000	111.0	134.0	102.0	74.0	51.0	35.0	102.0	59.0	36.0	21.0	48.0	20.0	18.0	92.0
PF3D7_1238100	315.0	289.0	342.0	230.0	136.0	142.0	300.0	889.0	1018.0	610.0	1500.0	371.0	969.0	594.0
PF3D7_1238200	77.0	67.0	77.0	53.0	28.0	33.0	58.0	62.0	46.0	42.0	37.0	29.0	30.0	92.0
PF3D7_1238300	3673.0	2718.0	4232.0	2639.0	3063.0	2124.0	2316.0	6238.0	2681.0	4723.0	4342.0	3610.0	2914.0	4747.0
PF3D7_1238400	77.0	71.0	81.0	44.0	20.0	22.0	100.0	48.0	34.0	45.0	37.0	43.0	33.0	41.0
PF3D7_1238500	1715.0	1097.0	1650.0	943.0	1049.0	536.0	1309.0	3522.0	1509.0	2415.0	2627.0	1572.0	1964.0	1965.0
PF3D7_1238600	294.0	177.0	341.0	108.0	143.0	57.0	218.0	267.0	105.0	143.0	141.0	101.0	106.0	194.0
PF3D7_1238700	375.0	300.0	454.0	216.0	248.0	124.0	291.0	759.0	361.0	411.0	527.0	279.0	381.0	362.0
PF3D7_1238800	3590.0	3059.0	4341.0	2083.0	3155.0	1464.0	2502.0	5374.0	2948.0	3664.0	4647.0	2885.0	3491.0	3145.0
PF3D7_1238900	667.0	392.0	564.0	267.0	376.0	142.0	367.0	2711.0	535.0	2099.0	599.0	1500.0	472.0	634.0
PF3D7_1239000	894.0	649.0	965.0	593.0	555.0	335.0	572.0	2092.0	736.0	1469.0	1134.0	954.0	778.0	820.0
PF3D7_1239100	107.0	118.0	116.0	82.0	75.0	45.0	162.0	223.0	109.0	117.0	229.0	81.0	260.0	103.0
PF3D7_1239200	4979.0	2960.0	4762.0	2066.0	2230.0	1298.0	2669.0	4282.0	3215.0	2778.0	7614.0	1840.0	7352.0	3907.0
PF3D7_1239300	171.0	148.0	226.0	162.0	146.0	105.0	141.0	336.0	159.0	183.0	153.0	181.0	107.0	212.0
PF3D7_1239400	17.0	15.0	14.0	10.0	0.0	0.0	22.0	0.0	11.0	0.0	0.0	10.0	13.0	10.0
PF3D7_1239500	513.0	334.0	496.0	297.0	295.0	152.0	399.0	776.0	357.0	549.0	551.0	363.0	478.0	484.0
PF3D7_1239600	99.0	93.0	51.0	66.0	37.0	34.0	82.0	196.0	103.0	130.0	186.0	75.0	181.0	89.0
PF3D7_1239700	1530.0	1364.0	1155.0	983.0	600.0	622.0	1525.0	4202.0	2429.0	2509.0	5342.0	1516.0	4378.0	2938.0
PF3D7_1239800	4317.0	2895.0	4012.0	2304.0	2173.0	1138.0	2973.0	4892.0	3583.0	3563.0	7039.0	2000.0	5409.0	4449.0
PF3D7_1239900	607.0	541.0	650.0	467.0	366.0	354.0	441.0	929.0	655.0	527.0	824.0	448.0	622.0	762.0
PF3D7_1240000	337.0	323.0	332.0	293.0	239.0	239.0	261.0	406.0	190.0	284.0	247.0	216.0	187.0	328.0
PF3D7_1240100	238.0	297.0	281.0	183.0	200.0	126.0	341.0	169.0	147.0	116.0	98.0	108.0	61.0	212.0
PF3D7_1240200	131.0	147.0	150.0	145.0	124.0	74.0	53.0	172.0	100.0	167.0	113.0	110.0	93.0	286.0
PF3D7_1240300	1615.0	1686.0	2460.0	2581.0	1644.0	1487.0	962.0	3640.0	2440.0	2623.0	2448.0	2056.0	1426.0	5439.0
PF3D7_1240400	991.0	1040.0	1611.0	1651.0	1001.0	911.0	575.0	2392.0	1501.0	1511.0	1469.0	1266.0	890.0	3281.0
PF3D7_1240600	1118.0	1208.0	1516.0	1570.0	1042.0	773.0	539.0	2223.0	1219.0	1592.0	1326.0	1171.0	756.0	2800.0
PF3D7_1240700	33.0	25.0	35.0	31.0	29.0	21.0	14.0	57.0	33.0	27.0	20.0	16.0	13.0	53.0
PF3D7_1240900	1253.0	1255.0	1701.0	1686.0	1076.0	893.0	841.0	2674.0	1708.0	3115.0	2385.0	2644.0	1425.0	3666.0
PF3D7_1241100	660.0	525.0	891.0	460.0	655.0	343.0	556.0	1042.0	649.0	735.0	625.0	577.0	529.0	650.0
PF3D7_1241200	1424.0	1286.0	1545.0	1071.0	1029.0	780.0	1037.0	2088.0	1583.0	1279.0	2432.0	995.0	1917.0	1888.0
PF3D7_1241300	127.0	86.0	108.0	100.0	51.0	50.0	123.0	124.0	95.0	90.0	157.0	71.0	163.0	96.0
PF3D7_1241400	1063.0	861.0	949.0	752.0	480.0	402.0	999.0	1012.0	335.0	842.0	455.0	640.0	378.0	548.0
PF3D7_1241500	301.0	144.0	336.0	161.0	150.0	96.0	145.0	874.0	346.0	667.0	553.0	437.0	344.0	376.0
PF3D7_1241600	112.0	127.0	104.0	105.0	54.0	55.0	106.0	202.0	154.0	98.0	171.0	78.0	151.0	121.0
PF3D7_1241700	334.0	290.0	257.0	230.0	141.0	148.0	348.0	443.0	518.0	270.0	1078.0	177.0	1121.0	322.0
PF3D7_1241800	1759.0	1354.0	2070.0	1197.0	1537.0	834.0	1150.0	3680.0	1660.0	2931.0	2615.0	2037.0	1641.0	2114.0
PF3D7_1241900	1458.0	939.0	1720.0	824.0	1265.0	656.0	791.0	2374.0	823.0	2215.0	1187.0	1470.0	776.0	1347.0
PF3D7_1242000	220.0	158.0	209.0	113.0	98.0	69.0	143.0	399.0	160.0	242.0	239.0	175.0	268.0	180.0
PF3D7_1242100	18.0	16.0	25.0	19.0	17.0	19.0	31.0	56.0	41.0	24.0	26.0	20.0	14.0	40.0
PF3D7_1242200	423.0	356.0	509.0	349.0	303.0	238.0	301.0	966.0	537.0	512.0	694.0	380.0	507.0	802.0
PF3D7_1242300	177.0	120.0	186.0	78.0	77.0	57.0	140.0	353.0	183.0	125.0	243.0	79.0	186.0	112.0
PF3D7_1242400	122.0	87.0	172.0	70.0	83.0	41.0	125.0	103.0	71.0	88.0	64.0	63.0	54.0	84.0
PF3D7_1242500	181.0	166.0	169.0	104.0	74.0	54.0	130.0	205.0	167.0	131.0	311.0	120.0	281.0	171.0
PF3D7_1242600	251.0	233.0	299.0	232.0	171.0	117.0	191.0	886.0	498.0	489.0	461.0	347.0	382.0	348.0
PF3D7_1242700	3497.0	3926.0	4616.0	3659.0	2455.0	2853.0	4114.0	10085.0	9389.0	4972.0	12991.0	3258.0	7803.0	9087.0
PF3D7_1242800	1872.0	1497.0	1874.0	1203.0	1511.0	951.0	1252.0	2739.0	1314.0	2351.0	2781.0	1682.0	2261.0	2193.0
PF3D7_1242900	96.0	92.0	109.0	69.0	51.0	41.0	121.0	169.0	123.0	70.0	113.0	52.0	92.0	82.0
PF3D7_1243000	219.0	143.0	220.0	113.0	104.0	56.0	153.0	180.0	108.0	144.0	214.0	124.0	165.0	152.0
PF3D7_1243100	317.0	233.0	394.0	249.0	187.0	208.0	217.0	805.0	371.0	588.0	700.0	424.0	402.0	582.0
PF3D7_1243200	0.0	17.0	11.0	11.0	0.0	0.0	16.0	12.0	10.0	0.0	16.0	0.0	12.0	15.0
PF3D7_1243400	170.0	160.0	186.0	109.0	87.0	63.0	98.0	197.0	95.0	144.0	132.0	88.0	74.0	198.0
PF3D7_1243500	226.0	162.0	233.0	142.0	98.0	66.0	195.0	135.0	83.0	106.0	119.0	52.0	97.0	113.0
PF3D7_1243600	2792.0	2801.0	3468.0	3187.0	2064.0	2323.0	3087.0	3174.0	2605.0	1494.0	2376.0	1256.0	1264.0	3887.0
PF3D7_1243700	575.0	459.0	487.0	372.0	265.0	242.0	435.0	470.0	270.0	344.0	353.0	224.0	254.0	523.0
PF3D7_1243800	132.0	132.0	158.0	127.0	89.0	115.0	111.0	367.0	202.0	223.0	289.0	133.0	261.0	275.0
PF3D7_1243900	573.0	512.0	596.0	538.0	317.0	287.0	362.0	454.0	281.0	362.0	302.0	222.0	234.0	682.0
PF3D7_1244000	694.0	449.0	617.0	379.0	448.0	215.0	400.0	1599.0	737.0	1052.0	1316.0	705.0	1236.0	884.0
PF3D7_1244100	1057.0	791.0	1037.0	533.0	630.0	358.0	651.0	3532.0	1879.0	2256.0	2937.0	1474.0	2092.0	2033.0
PF3D7_1244200	861.0	932.0	770.0	746.0	470.0	464.0	644.0	1525.0	842.0	1003.0	1246.0	726.0	1016.0	1461.0
PF3D7_1244300	85.0	195.0	137.0	117.0	95.0	84.0	243.0	57.0	92.0	29.0	49.0	38.0	24.0	81.0
PF3D7_1244400	3826.0	3624.0	2638.0	2899.0	1935.0	2699.0	3572.0	2066.0	2042.0	1419.0	2804.0	993.0	1835.0	3623.0
PF3D7_1244500	159.0	150.0	136.0	184.0	89.0	158.0	136.0	84.0	61.0	89.0	84.0	86.0	47.0	218.0
PF3D7_1244600	743.0	437.0	751.0	382.0	642.0	281.0	524.0	1240.0	460.0	900.0	733.0	641.0	562.0	773.0
PF3D7_1244700	273.0	187.0	362.0	325.0	200.0	234.0	305.0	389.0	207.0	283.0	320.0	201.0	168.0	357.0
PF3D7_1244800	726.0	569.0	805.0	598.0	434.0	481.0	649.0	1826.0	1055.0	1344.0	1888.0	870.0	1020.0	1432.0
PF3D7_1244900	235.0	144.0	260.0	218.0	143.0	141.0	210.0	389.0	219.0	195.0	360.0	159.0	269.0	301.0
PF3D7_1245000	341.0	260.0	290.0	211.0	160.0	118.0	339.0	201.0	122.0	158.0	259.0	68.0	207.0	192.0
PF3D7_1245100	1218.0	702.0	1088.0	707.0	710.0	419.0	858.0	1006.0	433.0	771.0	1040.0	474.0	1080.0	649.0
PF3D7_1245200	237.0	284.0	229.0	178.0	127.0	80.0	216.0	286.0	282.0	130.0	369.0	112.0	339.0	195.0
PF3D7_1245300	26.0	20.0	22.0	17.0	14.0	0.0	38.0	61.0	42.0	32.0	57.0	23.0	42.0	33.0
PF3D7_1245400	195.0	200.0	233.0	210.0	169.0	108.0	244.0	424.0	255.0	233.0	390.0	198.0	316.0	312.0
PF3D7_1245500	164.0	121.0	193.0	118.0	116.0	76.0	168.0	99.0	68.0	72.0	107.0	46.0	86.0	155.0
PF3D7_1245600	383.0	439.0	393.0	321.0	166.0	188.0	238.0	296.0	200.0	293.0	224.0	180.0	199.0	514.0
PF3D7_1245700	27.0	20.0	31.0	13.0	17.0	0.0	21.0	56.0	26.0	30.0	18.0	28.0	14.0	19.0
PF3D7_1245800	421.0	301.0	481.0	256.0	338.0	226.0	394.0	878.0	345.0	627.0	532.0	455.0	347.0	552.0
PF3D7_1245900	198.0	137.0	169.0	98.0	104.0	67.0	104.0	427.0	202.0	263.0	309.0	160.0	256.0	226.0
PF3D7_1246000	100.0	152.0	93.0	134.0	72.0	111.0	101.0	119.0	60.0	83.0	82.0	61.0	57.0	196.0
PF3D7_1246100	255.0	233.0	195.0	197.0	128.0	96.0	186.0	243.0	116.0	190.0	223.0	133.0	194.0	160.0
PF3D7_1246200	6707.0	7666.0	4137.0	4611.0	2056.0	2444.0	7701.0	4510.0	5678.0	3030.0	11762.0	1519.0	9173.0	8833.0
PF3D7_1246300	775.0	718.0	1072.0	664.0	706.0	510.0	505.0	1051.0	403.0	910.0	535.0	822.0	335.0	946.0
PF3D7_1246400	505.0	616.0	412.0	321.0	201.0	174.0	579.0	426.0	382.0	323.0	382.0	176.0	233.0	570.0
PF3D7_1246500	166.0	128.0	177.0	156.0	78.0	82.0	105.0	315.0	173.0	213.0	250.0	159.0	167.0	139.0
PF3D7_1246600	464.0	324.0	503.0	400.0	258.0	299.0	265.0	1126.0	473.0	738.0	634.0	523.0	419.0	666.0
PF3D7_1246700	175.0	153.0	188.0	122.0	87.0	89.0	227.0	376.0	314.0	200.0	485.0	148.0	358.0	245.0
PF3D7_1246800	275.0	270.0	288.0	158.0	153.0	116.0	277.0	770.0	432.0	429.0	697.0	293.0	488.0	436.0
PF3D7_1246900	179.0	111.0	192.0	129.0	113.0	71.0	169.0	134.0	93.0	127.0	123.0	72.0	129.0	116.0
PF3D7_1247000	175.0	136.0	198.0	122.0	120.0	72.0	173.0	131.0	89.0	71.0	122.0	69.0	164.0	136.0
PF3D7_1247100	240.0	201.0	212.0	177.0	141.0	99.0	170.0	410.0	280.0	210.0	340.0	149.0	296.0	290.0
PF3D7_1247200	76.0	61.0	93.0	67.0	68.0	43.0	65.0	151.0	75.0	72.0	97.0	58.0	44.0	70.0
PF3D7_1247300	298.0	255.0	262.0	173.0	130.0	122.0	248.0	292.0	196.0	186.0	301.0	187.0	277.0	313.0
PF3D7_1247400	541.0	486.0	571.0	435.0	318.0	268.0	555.0	2461.0	1711.0	1628.0	3018.0	1040.0	2118.0	1420.0
PF3D7_1247500	817.0	533.0	743.0	356.0	388.0	172.0	500.0	923.0	325.0	575.0	512.0	384.0	493.0	507.0
PF3D7_1247600	39.0	62.0	58.0	67.0	27.0	47.0	31.0	42.0	38.0	33.0	32.0	19.0	38.0	74.0
PF3D7_1247700	90.0	90.0	109.0	69.0	32.0	49.0	31.0	60.0	47.0	56.0	40.0	40.0	39.0	89.0
PF3D7_1247800	137.0	80.0	104.0	87.0	74.0	45.0	132.0	57.0	31.0	51.0	53.0	47.0	20.0	55.0
PF3D7_1247900	521.0	473.0	667.0	452.0	421.0	341.0	412.0	972.0	488.0	626.0	572.0	479.0	313.0	685.0
PF3D7_1248000	61.0	56.0	55.0	32.0	14.0	24.0	40.0	66.0	61.0	33.0	46.0	30.0	54.0	52.0
PF3D7_1248100	244.0	234.0	273.0	235.0	166.0	170.0	191.0	638.0	374.0	371.0	507.0	277.0	326.0	499.0
PF3D7_1248200	811.0	561.0	873.0	479.0	571.0	387.0	472.0	1356.0	678.0	973.0	1003.0	721.0	734.0	950.0
PF3D7_1248300	22.0	23.0	24.0	29.0	11.0	0.0	43.0	36.0	18.0	14.0	26.0	12.0	32.0	20.0
PF3D7_1248400	89.0	73.0	65.0	59.0	55.0	33.0	110.0	50.0	22.0	23.0	39.0	56.0	18.0	60.0
PF3D7_1248500	2347.0	2569.0	2026.0	1809.0	1434.0	1304.0	2547.0	4573.0	3770.0	2776.0	5707.0	1968.0	4347.0	4812.0
PF3D7_1248600	563.0	693.0	428.0	437.0	251.0	323.0	632.0	479.0	436.0	318.0	733.0	231.0	787.0	946.0
PF3D7_1248700	15152.0	11479.0	17720.0	8996.0	11937.0	6552.0	9500.0	22060.0	11355.0	16868.0	19802.0	13097.0	13735.0	18970.0
PF3D7_1248800	41.0	28.0	33.0	73.0	34.0	43.0	46.0	46.0	36.0	36.0	62.0	44.0	29.0	46.0
PF3D7_1248900	1047.0	891.0	1038.0	774.0	602.0	525.0	853.0	1711.0	1222.0	1310.0	2308.0	1004.0	1588.0	1447.0
PF3D7_1249000	164.0	167.0	139.0	93.0	50.0	55.0	148.0	198.0	136.0	104.0	157.0	72.0	122.0	135.0
PF3D7_1249100	901.0	743.0	883.0	634.0	569.0	462.0	737.0	1571.0	1106.0	1442.0	2015.0	895.0	1367.0	1248.0
PF3D7_1249200	10.0	0.0	0.0	13.0	0.0	0.0	15.0	11.0	0.0	12.0	0.0	0.0	0.0	15.0
PF3D7_1249300	1299.0	867.0	1254.0	783.0	737.0	532.0	1021.0	2445.0	1346.0	1625.0	2232.0	1157.0	1833.0	1390.0
PF3D7_1249400	66.0	56.0	90.0	51.0	47.0	39.0	84.0	93.0	48.0	55.0	99.0	27.0	78.0	59.0
PF3D7_1249500	112.0	97.0	136.0	72.0	49.0	41.0	116.0	131.0	82.0	56.0	175.0	41.0	140.0	80.0
PF3D7_1249600	187.0	138.0	199.0	120.0	103.0	80.0	127.0	210.0	78.0	152.0	207.0	85.0	198.0	148.0
PF3D7_1249700	84.0	69.0	124.0	50.0	49.0	34.0	95.0	78.0	52.0	55.0	62.0	65.0	43.0	44.0
PF3D7_1249800	2336.0	2134.0	2329.0	1832.0	1316.0	1346.0	1776.0	3634.0	2859.0	2615.0	4121.0	2120.0	3252.0	3666.0
PF3D7_1249900	517.0	413.0	556.0	419.0	309.0	312.0	426.0	824.0	577.0	655.0	938.0	426.0	677.0	782.0
PF3D7_1250000	749.0	534.0	1049.0	612.0	695.0	416.0	617.0	1627.0	753.0	983.0	1071.0	663.0	559.0	1003.0
PF3D7_1250100	353.0	346.0	241.0	326.0	202.0	191.0	226.0	207.0	112.0	281.0	237.0	227.0	131.0	357.0
PF3D7_1250200	2393.0	2195.0	2335.0	1697.0	1527.0	1206.0	1698.0	2941.0	1819.0	1832.0	2456.0	1483.0	1791.0	3015.0
PF3D7_1250300	359.0	212.0	300.0	176.0	138.0	94.0	298.0	544.0	263.0	476.0	540.0	275.0	374.0	296.0
PF3D7_1250400	372.0	344.0	338.0	307.0	202.0	174.0	285.0	238.0	106.0	187.0	201.0	120.0	114.0	329.0
PF3D7_1250500	188.0	144.0	161.0	159.0	103.0	71.0	190.0	424.0	371.0	222.0	481.0	227.0	321.0	344.0
PF3D7_1250600	922.0	875.0	873.0	774.0	564.0	669.0	766.0	1469.0	739.0	1018.0	1142.0	771.0	885.0	1178.0
PF3D7_1250700	174.0	173.0	170.0	160.0	76.0	90.0	195.0	275.0	186.0	136.0	224.0	100.0	217.0	155.0
PF3D7_1250800	1511.0	1308.0	1438.0	1103.0	812.0	809.0	1124.0	3528.0	2067.0	2532.0	3883.0	1700.0	2882.0	2577.0
PF3D7_1250900	190.0	138.0	172.0	134.0	126.0	49.0	115.0	199.0	131.0	151.0	262.0	131.0	207.0	140.0
PF3D7_1251000	16.0	24.0	17.0	23.0	0.0	13.0	56.0	14.0	16.0	0.0	17.0	12.0	0.0	10.0
PF3D7_1251100	359.0	393.0	540.0	362.0	291.0	274.0	477.0	712.0	426.0	339.0	312.0	234.0	220.0	508.0
PF3D7_1251200	1129.0	1132.0	788.0	614.0	258.0	335.0	937.0	579.0	697.0	501.0	531.0	279.0	244.0	1366.0
PF3D7_1251300	213.0	163.0	187.0	131.0	124.0	86.0	203.0	211.0	199.0	150.0	385.0	69.0	332.0	165.0
PF3D7_1251400	219.0	161.0	175.0	134.0	118.0	86.0	150.0	279.0	201.0	196.0	301.0	161.0	287.0	169.0
PF3D7_1251500	1836.0	1357.0	2240.0	1275.0	1680.0	993.0	1219.0	3162.0	1661.0	2463.0	2383.0	1943.0	1513.0	2365.0
PF3D7_1251600	1705.0	1281.0	1905.0	1056.0	1125.0	930.0	1339.0	1873.0	1066.0	1386.0	1426.0	1060.0	837.0	1604.0
PF3D7_1251700	430.0	355.0	344.0	259.0	208.0	208.0	349.0	732.0	310.0	486.0	483.0	371.0	445.0	406.0
PF3D7_1251800	549.0	384.0	548.0	377.0	309.0	216.0	480.0	751.0	421.0	491.0	614.0	405.0	356.0	573.0
PF3D7_1252100	3838.0	4941.0	2862.0	2069.0	1293.0	838.0	2526.0	936.0	1439.0	619.0	1531.0	274.0	497.0	3850.0
PF3D7_1252200	26.0	28.0	27.0	35.0	14.0	16.0	20.0	23.0	27.0	29.0	29.0	56.0	20.0	39.0
PF3D7_1252300	2260.0	2084.0	3525.0	1854.0	2693.0	1256.0	1764.0	12233.0	6267.0	7066.0	5867.0	5681.0	3002.0	7663.0
PF3D7_1252400	1234.0	1335.0	624.0	591.0	379.0	472.0	1006.0	1566.0	832.0	1146.0	898.0	688.0	394.0	1755.0
PF3D7_1252500	155.0	137.0	105.0	87.0	39.0	60.0	129.0	63.0	77.0	48.0	44.0	31.0	35.0	87.0
PF3D7_1252600	1867.0	1649.0	1859.0	1032.0	1464.0	707.0	1010.0	1408.0	481.0	1299.0	528.0	1092.0	423.0	823.0
PF3D7_1252700	825.0	762.0	803.0	613.0	428.0	397.0	646.0	2472.0	1364.0	1532.0	2076.0	961.0	1537.0	1470.0
PF3D7_1252800	1617.0	1085.0	1963.0	649.0	1547.0	525.0	707.0	6230.0	1920.0	4606.0	2000.0	3437.0	1253.0	2201.0
PF3D7_1252900	404.0	352.0	456.0	701.0	328.0	278.0	529.0	87.0	106.0	353.0	202.0	288.0	54.0	150.0
PF3D7_1253000	917.0	966.0	634.0	743.0	294.0	400.0	1212.0	610.0	537.0	354.0	568.0	247.0	530.0	536.0
PF3D7_1253100	423.0	392.0	612.0	398.0	465.0	289.0	325.0	976.0	403.0	694.0	391.0	544.0	251.0	697.0
PF3D7_1253200	62.0	72.0	80.0	63.0	32.0	51.0	50.0	58.0	50.0	39.0	25.0	38.0	11.0	58.0
PF3D7_1253300	363.0	598.0	532.0	570.0	325.0	453.0	614.0	301.0	294.0	125.0	251.0	93.0	136.0	660.0
PF3D7_1253700	0.0	0.0	0.0	0.0	229.0	0.0	0.0	0.0	0.0	22.0	0.0	0.0	0.0	0.0
PF3D7_1253900	18.0	15.0	11.0	20.0	0.0	0.0	0.0	45.0	0.0	26.0	20.0	13.0	0.0	0.0
PF3D7_1254000	19.0	12.0	33.0	34.0	14.0	17.0	0.0	63.0	28.0	18.0	10.0	25.0	0.0	37.0
PF3D7_1254100	24.0	10.0	16.0	31.0	14.0	0.0	14.0	745.0	391.0	358.0	334.0	193.0	111.0	443.0
PF3D7_1254200	17.0	0.0	10.0	0.0	19.0	0.0	0.0	27.0	13.0	19.0	11.0	14.0	12.0	29.0
PF3D7_1254300	0.0	0.0	0.0	12.0	0.0	0.0	0.0	1768.0	951.0	791.0	738.0	409.0	310.0	855.0
PF3D7_1254400	76.0	118.0	150.0	152.0	67.0	69.0	39.0	317.0	178.0	195.0	153.0	94.0	93.0	278.0
PF3D7_1254500	27.0	34.0	49.0	53.0	36.0	17.0	13.0	68.0	35.0	55.0	28.0	23.0	14.0	35.0
PF3D7_1254600	0.0	0.0	0.0	0.0	0.0	0.0	0.0	10.0	13.0	12.0	13.0	0.0	0.0	10.0
PF3D7_1254700	41.0	79.0	69.0	70.0	54.0	44.0	19.0	300.0	120.0	220.0	121.0	84.0	58.0	226.0
PF3D7_1254800	0.0	0.0	15.0	19.0	10.0	0.0	0.0	24.0	18.0	22.0	14.0	11.0	0.0	23.0
PF3D7_1255000	43.0	46.0	59.0	53.0	55.0	16.0	17.0	158.0	49.0	67.0	35.0	51.0	17.0	85.0
PF3D7_1255100	60.0	85.0	85.0	87.0	50.0	41.0	25.0	168.0	81.0	114.0	83.0	132.0	54.0	166.0
PF3D7_1255200	1349.0	1369.0	1840.0	2038.0	1269.0	1137.0	714.0	2795.0	2006.0	2132.0	2053.0	1680.0	1243.0	4356.0
PF3D7_1300100	552.0	574.0	803.0	835.0	556.0	421.0	266.0	1186.0	735.0	928.0	782.0	663.0	456.0	1664.0
PF3D7_1300200	14.0	12.0	28.0	24.0	10.0	0.0	0.0	51.0	21.0	32.0	16.0	24.0	17.0	23.0
PF3D7_1300300	1474.0	1502.0	2086.0	2478.0	1450.0	1735.0	849.0	3869.0	2666.0	2749.0	2648.0	2100.0	1617.0	6349.0
PF3D7_1300400	15.0	14.0	18.0	26.0	13.0	0.0	0.0	50.0	19.0	35.0	18.0	21.0	15.0	48.0
PF3D7_1300500	0.0	16.0	22.0	27.0	27.0	0.0	16.0	40.0	20.0	18.0	15.0	20.0	0.0	31.0
PF3D7_1300600	41.0	31.0	67.0	77.0	46.0	26.0	17.0	695.0	195.0	384.0	262.0	198.0	107.0	487.0
PF3D7_1300700	147.0	124.0	214.0	177.0	126.0	93.0	63.0	964.0	347.0	515.0	387.0	324.0	195.0	638.0
PF3D7_1300900	15.0	11.0	13.0	23.0	15.0	0.0	14.0	242.0	109.0	154.0	88.0	68.0	38.0	149.0
PF3D7_1301200	35.0	44.0	35.0	44.0	34.0	34.0	83.0	79.0	270.0	61.0	44.0	14.0	24.0	121.0
PF3D7_1301300	118.0	126.0	90.0	85.0	75.0	61.0	62.0	253.0	207.0	145.0	253.0	123.0	145.0	422.0
PF3D7_1301400	886.0	628.0	1214.0	508.0	1127.0	349.0	464.0	4495.0	2706.0	3821.0	3643.0	2814.0	1878.0	6321.0
PF3D7_1301500	118.0	66.0	114.0	53.0	67.0	38.0	46.0	659.0	258.0	372.0	285.0	254.0	177.0	248.0
PF3D7_1301600	1825.0	1452.0	864.0	663.0	518.0	598.0	1671.0	2578.0	1581.0	1647.0	1465.0	963.0	806.0	2777.0
PF3D7_1301700	2107.0	2212.0	2220.0	1779.0	1272.0	1513.0	1439.0	3292.0	2864.0	2153.0	2713.0	1951.0	1606.0	4201.0
PF3D7_1301800	1588.0	1418.0	1386.0	993.0	791.0	819.0	920.0	701.0	396.0	631.0	474.0	497.0	262.0	1057.0
PF3D7_1301900	20.0	25.0	21.0	18.0	22.0	18.0	24.0	14.0	17.0	0.0	18.0	0.0	0.0	25.0
PF3D7_1302000	2554.0	2371.0	3413.0	1992.0	2602.0	1786.0	1932.0	4517.0	2447.0	3396.0	3312.0	2618.0	1667.0	3908.0
PF3D7_1302050	105.0	113.0	127.0	131.0	67.0	114.0	117.0	53.0	53.0	28.0	34.0	29.0	13.0	120.0
PF3D7_1302100	32670.0	30333.0	20012.0	23216.0	8682.0	12084.0	45707.0	19306.0	19130.0	10268.0	25944.0	6933.0	22304.0	23483.0
PF3D7_1302200	83.0	80.0	58.0	56.0	26.0	37.0	84.0	62.0	67.0	42.0	65.0	45.0	52.0	96.0
PF3D7_1302300	235.0	196.0	294.0	185.0	131.0	100.0	247.0	434.0	239.0	289.0	348.0	177.0	243.0	224.0
PF3D7_1302400	13.0	21.0	13.0	15.0	13.0	10.0	17.0	15.0	13.0	0.0	12.0	0.0	0.0	19.0
PF3D7_1302500	2078.0	1950.0	1931.0	1720.0	1074.0	1119.0	1688.0	2146.0	1610.0	1301.0	2955.0	926.0	2692.0	1834.0
PF3D7_1302600	903.0	695.0	1019.0	653.0	715.0	480.0	523.0	1489.0	801.0	916.0	1166.0	679.0	820.0	1133.0
PF3D7_1302700	2221.0	2010.0	2666.0	1782.0	1732.0	1389.0	1396.0	3571.0	2144.0	2914.0	3282.0	2151.0	1892.0	3517.0
PF3D7_1302800	2918.0	2640.0	3402.0	2453.0	2143.0	1902.0	2397.0	5879.0	5064.0	4124.0	8222.0	2613.0	5406.0	6441.0
PF3D7_1302900	286.0	373.0	194.0	223.0	94.0	138.0	347.0	429.0	472.0	299.0	707.0	172.0	628.0	714.0
PF3D7_1303000	99.0	86.0	69.0	79.0	40.0	54.0	118.0	170.0	178.0	99.0	288.0	55.0	227.0	216.0
PF3D7_1303100	220.0	213.0	156.0	191.0	104.0	107.0	183.0	349.0	338.0	174.0	525.0	110.0	437.0	419.0
PF3D7_1303200	129.0	78.0	131.0	63.0	61.0	27.0	87.0	200.0	90.0	104.0	157.0	84.0	163.0	66.0
PF3D7_1303300	223.0	182.0	218.0	129.0	117.0	73.0	146.0	500.0	258.0	314.0	310.0	199.0	286.0	287.0
PF3D7_1303400	3282.0	2216.0	3959.0	1828.0	2924.0	1469.0	1920.0	5086.0	2769.0	3847.0	4475.0	2980.0	3104.0	4051.0
PF3D7_1303500	3810.0	3741.0	3833.0	2822.0	2421.0	2304.0	2905.0	4434.0	2268.0	2830.0	2663.0	2174.0	2040.0	4244.0
PF3D7_1303600	39.0	45.0	56.0	52.0	22.0	17.0	75.0	86.0	47.0	42.0	38.0	46.0	39.0	32.0
PF3D7_1303700	462.0	247.0	384.0	463.0	285.0	211.0	288.0	172.0	141.0	357.0	254.0	222.0	163.0	310.0
PF3D7_1303800	3208.0	3461.0	2694.0	2781.0	1558.0	1765.0	3256.0	4298.0	5357.0	2526.0	10201.0	1643.0	9110.0	4612.0
PF3D7_1303900	28.0	23.0	25.0	31.0	17.0	15.0	46.0	18.0	14.0	42.0	38.0	55.0	0.0	0.0
PF3D7_1304000	626.0	492.0	478.0	475.0	296.0	198.0	454.0	410.0	357.0	401.0	852.0	273.0	880.0	473.0
PF3D7_1304100	886.0	681.0	774.0	489.0	457.0	290.0	741.0	1214.0	801.0	756.0	1873.0	459.0	1651.0	1079.0
PF3D7_1304200	286.0	186.0	251.0	150.0	108.0	59.0	179.0	377.0	130.0	338.0	144.0	161.0	133.0	236.0
PF3D7_1304300	60.0	55.0	61.0	25.0	34.0	0.0	60.0	133.0	77.0	45.0	66.0	37.0	49.0	41.0
PF3D7_1304400	544.0	437.0	582.0	409.0	345.0	284.0	507.0	438.0	304.0	349.0	501.0	259.0	338.0	530.0
PF3D7_1304500	672.0	622.0	605.0	444.0	231.0	230.0	744.0	1401.0	1315.0	733.0	2239.0	466.0	1886.0	812.0
PF3D7_1304600	365.0	347.0	353.0	327.0	177.0	164.0	333.0	616.0	470.0	364.0	813.0	240.0	618.0	434.0
PF3D7_1304700	63.0	35.0	71.0	27.0	32.0	11.0	59.0	102.0	39.0	72.0	69.0	49.0	63.0	42.0
PF3D7_1304800	22.0	17.0	11.0	38.0	20.0	13.0	26.0	11.0	14.0	16.0	0.0	11.0	0.0	11.0
PF3D7_1304900	106.0	102.0	124.0	83.0	56.0	47.0	76.0	193.0	120.0	135.0	108.0	80.0	107.0	114.0
PF3D7_1305000	1152.0	896.0	1074.0	756.0	569.0	452.0	797.0	1243.0	1043.0	852.0	2283.0	582.0	1820.0	1279.0
PF3D7_1305100	245.0	180.0	248.0	133.0	113.0	72.0	201.0	249.0	171.0	157.0	281.0	103.0	222.0	161.0
PF3D7_1305200	56.0	37.0	71.0	55.0	48.0	23.0	33.0	90.0	70.0	65.0	109.0	35.0	100.0	36.0
PF3D7_1305300	3609.0	3160.0	3943.0	2740.0	2358.0	2089.0	2668.0	7466.0	5085.0	5088.0	7950.0	4116.0	6076.0	6622.0
PF3D7_1305400	281.0	201.0	348.0	222.0	237.0	169.0	241.0	646.0	340.0	361.0	497.0	293.0	370.0	345.0
PF3D7_1305500	144.0	112.0	122.0	123.0	77.0	49.0	100.0	217.0	154.0	170.0	254.0	104.0	167.0	169.0
PF3D7_1305600	116.0	83.0	96.0	72.0	51.0	48.0	107.0	128.0	82.0	63.0	139.0	46.0	165.0	59.0
PF3D7_1305700	29.0	22.0	16.0	10.0	12.0	0.0	25.0	66.0	24.0	21.0	55.0	24.0	36.0	25.0
PF3D7_1305800	17.0	23.0	15.0	22.0	15.0	17.0	22.0	0.0	0.0	16.0	16.0	11.0	0.0	13.0
PF3D7_1305900	261.0	186.0	265.0	188.0	138.0	89.0	229.0	791.0	360.0	488.0	602.0	301.0	406.0	314.0
PF3D7_1306000	292.0	205.0	313.0	146.0	130.0	113.0	122.0	194.0	115.0	187.0	124.0	117.0	94.0	264.0
PF3D7_1306100	27.0	23.0	32.0	16.0	0.0	0.0	18.0	27.0	16.0	18.0	29.0	13.0	23.0	18.0
PF3D7_1306200	437.0	297.0	412.0	166.0	254.0	125.0	287.0	421.0	189.0	276.0	531.0	180.0	632.0	313.0
PF3D7_1306300	188.0	174.0	218.0	116.0	113.0	80.0	157.0	260.0	193.0	172.0	302.0	124.0	302.0	168.0
PF3D7_1306400	1711.0	1199.0	1465.0	946.0	934.0	759.0	1423.0	3412.0	2118.0	2682.0	4231.0	1736.0	3338.0	2842.0
PF3D7_1306500	660.0	630.0	514.0	627.0	245.0	295.0	647.0	422.0	289.0	330.0	315.0	239.0	264.0	553.0
PF3D7_1306600	717.0	404.0	726.0	350.0	476.0	229.0	423.0	1426.0	618.0	966.0	960.0	705.0	796.0	766.0
PF3D7_1306700	102.0	80.0	101.0	75.0	63.0	45.0	78.0	99.0	53.0	45.0	146.0	32.0	103.0	72.0
PF3D7_1306800	415.0	259.0	494.0	253.0	310.0	179.0	276.0	699.0	272.0	424.0	372.0	313.0	300.0	411.0
PF3D7_1306900	682.0	519.0	842.0	454.0	529.0	336.0	403.0	1260.0	522.0	960.0	956.0	675.0	632.0	851.0
PF3D7_1307000	568.0	405.0	654.0	366.0	355.0	253.0	377.0	952.0	429.0	727.0	644.0	483.0	530.0	560.0
PF3D7_1307100	1653.0	1200.0	2128.0	1078.0	1347.0	768.0	1027.0	2408.0	1179.0	1554.0	1428.0	1132.0	981.0	1452.0
PF3D7_1307200	479.0	363.0	489.0	434.0	311.0	276.0	298.0	750.0	430.0	590.0	687.0	368.0	493.0	687.0
PF3D7_1307300	267.0	187.0	261.0	191.0	162.0	138.0	180.0	434.0	223.0	335.0	444.0	218.0	327.0	297.0
PF3D7_1307400	50.0	37.0	51.0	46.0	38.0	46.0	41.0	58.0	33.0	53.0	32.0	29.0	35.0	67.0
PF3D7_1307500	63.0	63.0	57.0	44.0	30.0	16.0	75.0	49.0	33.0	15.0	20.0	23.0	0.0	41.0
PF3D7_1307600	940.0	614.0	821.0	468.0	575.0	253.0	856.0	1398.0	616.0	872.0	1143.0	676.0	847.0	1174.0
PF3D7_1307700	1377.0	917.0	1456.0	708.0	905.0	490.0	898.0	2542.0	970.0	1844.0	1389.0	1384.0	1081.0	1448.0
PF3D7_1307800	529.0	362.0	473.0	384.0	257.0	258.0	392.0	918.0	621.0	914.0	1186.0	541.0	817.0	902.0
PF3D7_1307900	180.0	176.0	202.0	121.0	94.0	66.0	151.0	100.0	82.0	75.0	84.0	42.0	51.0	201.0
PF3D7_1308000	474.0	387.0	527.0	244.0	227.0	127.0	275.0	239.0	146.0	185.0	194.0	85.0	104.0	357.0
PF3D7_1308100	62.0	62.0	86.0	62.0	38.0	37.0	73.0	117.0	94.0	41.0	141.0	38.0	90.0	59.0
PF3D7_1308200	7097.0	7463.0	6830.0	5834.0	4210.0	5554.0	5357.0	13797.0	12158.0	8782.0	20036.0	6016.0	13593.0	18210.0
PF3D7_1308300	528.0	691.0	829.0	639.0	353.0	442.0	962.0	2076.0	1763.0	762.0	1654.0	527.0	1009.0	1380.0
PF3D7_1308400	3099.0	2973.0	2936.0	2468.0	1743.0	1705.0	2726.0	4933.0	4276.0	3122.0	7439.0	2288.0	6375.0	4853.0
PF3D7_1308500	322.0	219.0	263.0	269.0	127.0	115.0	262.0	416.0	203.0	227.0	369.0	167.0	313.0	255.0
PF3D7_1308600	153.0	120.0	168.0	114.0	73.0	68.0	125.0	288.0	153.0	158.0	207.0	103.0	175.0	179.0
PF3D7_1308700	512.0	442.0	554.0	404.0	260.0	213.0	439.0	773.0	408.0	598.0	779.0	362.0	649.0	433.0
PF3D7_1308800	586.0	448.0	449.0	298.0	250.0	243.0	477.0	561.0	429.0	384.0	753.0	226.0	736.0	560.0
PF3D7_1308900	3089.0	2443.0	3126.0	1844.0	1746.0	1352.0	2176.0	7875.0	3542.0	4805.0	5138.0	3440.0	3848.0	5186.0
PF3D7_1309000	1062.0	1250.0	935.0	984.0	1168.0	985.0	1148.0	1660.0	2089.0	7325.0	4582.0	7363.0	2333.0	1612.0
PF3D7_1309100	2434.0	2148.0	3720.0	3194.0	2091.0	2485.0	3522.0	7916.0	6854.0	5267.0	10756.0	3057.0	4612.0	9309.0
PF3D7_1309200	995.0	848.0	876.0	688.0	495.0	525.0	693.0	1737.0	977.0	1088.0	1388.0	713.0	1064.0	1604.0
PF3D7_1309300	2101.0	1618.0	2563.0	1585.0	1783.0	1202.0	1496.0	2766.0	1566.0	2037.0	2459.0	1553.0	1589.0	2689.0
PF3D7_1309400	1838.0	1253.0	1602.0	978.0	989.0	680.0	1039.0	2534.0	1144.0	2158.0	2495.0	1430.0	1906.0	1837.0
PF3D7_1309500	376.0	318.0	453.0	285.0	296.0	189.0	349.0	723.0	370.0	444.0	548.0	303.0	341.0	591.0
PF3D7_1309600	244.0	183.0	273.0	239.0	158.0	132.0	258.0	318.0	194.0	163.0	293.0	120.0	221.0	271.0
PF3D7_1309700	798.0	728.0	965.0	614.0	447.0	521.0	621.0	1625.0	1005.0	1114.0	1469.0	907.0	1063.0	1550.0
PF3D7_1309800	271.0	271.0	233.0	250.0	150.0	160.0	229.0	451.0	358.0	282.0	675.0	169.0	626.0	470.0
PF3D7_1309900	50.0	34.0	41.0	37.0	19.0	26.0	29.0	67.0	51.0	31.0	110.0	23.0	84.0	57.0
PF3D7_1310000	151.0	94.0	154.0	101.0	77.0	58.0	127.0	150.0	81.0	97.0	115.0	60.0	116.0	108.0
PF3D7_1310100	303.0	312.0	279.0	292.0	113.0	122.0	361.0	241.0	210.0	152.0	318.0	97.0	261.0	327.0
PF3D7_1310200	84.0	122.0	104.0	65.0	28.0	22.0	54.0	68.0	44.0	28.0	34.0	19.0	19.0	63.0
PF3D7_1310300	138.0	133.0	140.0	109.0	99.0	69.0	116.0	452.0	187.0	323.0	256.0	190.0	185.0	232.0
PF3D7_1310400	757.0	675.0	860.0	641.0	504.0	468.0	630.0	2128.0	977.0	1379.0	1403.0	1011.0	1120.0	1631.0
PF3D7_1310500	238.0	210.0	310.0	143.0	229.0	85.0	156.0	851.0	257.0	407.0	350.0	354.0	311.0	262.0
PF3D7_1310600	120.0	120.0	106.0	65.0	44.0	24.0	145.0	283.0	93.0	151.0	109.0	78.0	83.0	77.0
PF3D7_1310700	476.0	461.0	376.0	230.0	135.0	105.0	469.0	289.0	234.0	200.0	133.0	93.0	78.0	314.0
PF3D7_1310800	858.0	693.0	840.0	525.0	493.0	392.0	623.0	2234.0	1094.0	1689.0	1719.0	1016.0	1168.0	1411.0
PF3D7_1310900	128.0	113.0	168.0	97.0	95.0	69.0	124.0	289.0	186.0	201.0	367.0	128.0	233.0	234.0
PF3D7_1311000	57.0	42.0	81.0	70.0	50.0	36.0	84.0	91.0	55.0	42.0	52.0	25.0	28.0	66.0
PF3D7_1311100	310.0	278.0	285.0	198.0	168.0	162.0	164.0	211.0	123.0	148.0	117.0	108.0	95.0	276.0
PF3D7_1311200	356.0	231.0	346.0	217.0	202.0	169.0	249.0	907.0	442.0	626.0	651.0	466.0	503.0	546.0
PF3D7_1311300	118.0	106.0	128.0	81.0	43.0	60.0	110.0	182.0	130.0	132.0	201.0	83.0	208.0	117.0
PF3D7_1311400	1107.0	1084.0	957.0	673.0	572.0	553.0	751.0	1411.0	887.0	1127.0	1569.0	754.0	1279.0	1636.0
PF3D7_1311500	1366.0	1085.0	1226.0	799.0	737.0	598.0	1235.0	2453.0	1381.0	1715.0	2190.0	1227.0	1740.0	1881.0
PF3D7_1311600	1485.0	1168.0	1672.0	1018.0	1062.0	729.0	888.0	2396.0	1156.0	1596.0	1322.0	1228.0	847.0	1805.0
PF3D7_1311700	290.0	293.0	254.0	341.0	240.0	203.0	232.0	829.0	580.0	433.0	583.0	298.0	334.0	556.0
PF3D7_1311800	8407.0	9209.0	7495.0	7855.0	4730.0	6631.0	6881.0	19028.0	17424.0	12797.0	30029.0	8248.0	21932.0	31225.0
PF3D7_1311900	2161.0	2020.0	1808.0	1534.0	1295.0	1100.0	1664.0	5672.0	3076.0	3754.0	5774.0	2640.0	4759.0	5086.0
PF3D7_1312000	95.0	86.0	87.0	103.0	43.0	52.0	124.0	97.0	81.0	59.0	92.0	35.0	33.0	143.0
PF3D7_1312100	713.0	480.0	655.0	336.0	372.0	260.0	380.0	568.0	227.0	435.0	307.0	283.0	301.0	581.0
PF3D7_1312200	51.0	38.0	69.0	33.0	33.0	0.0	45.0	123.0	55.0	94.0	48.0	53.0	62.0	32.0
PF3D7_1312300	108.0	119.0	125.0	88.0	65.0	55.0	85.0	170.0	130.0	135.0	171.0	100.0	142.0	122.0
PF3D7_1312400	263.0	173.0	204.0	143.0	112.0	90.0	142.0	399.0	226.0	367.0	418.0	205.0	347.0	320.0
PF3D7_1312450	0.0	0.0	0.0	10.0	0.0	0.0	0.0	0.0	0.0	0.0	0.0	0.0	0.0	0.0
PF3D7_1312500	86.0	87.0	106.0	81.0	56.0	39.0	123.0	97.0	53.0	76.0	42.0	59.0	22.0	50.0
PF3D7_1312600	544.0	360.0	472.0	225.0	234.0	140.0	441.0	445.0	169.0	393.0	283.0	268.0	293.0	239.0
PF3D7_1312700	320.0	232.0	280.0	210.0	160.0	123.0	256.0	1157.0	853.0	729.0	1513.0	404.0	917.0	970.0
PF3D7_1312800	2162.0	1550.0	1939.0	1734.0	1134.0	837.0	1426.0	1433.0	1013.0	1411.0	2179.0	995.0	1680.0	2090.0
PF3D7_1312900	4522.0	3114.0	5262.0	2508.0	3651.0	1841.0	2896.0	9659.0	3834.0	7914.0	6467.0	5643.0	4524.0	6055.0
PF3D7_1313000	102.0	76.0	135.0	80.0	70.0	32.0	120.0	154.0	103.0	63.0	102.0	56.0	85.0	77.0
PF3D7_1313100	265.0	260.0	317.0	269.0	166.0	133.0	165.0	296.0	173.0	232.0	165.0	195.0	108.0	350.0
PF3D7_1313200	162.0	120.0	133.0	92.0	79.0	55.0	102.0	260.0	124.0	206.0	179.0	139.0	173.0	134.0
PF3D7_1313300	50.0	38.0	59.0	51.0	36.0	18.0	65.0	69.0	61.0	41.0	75.0	23.0	50.0	38.0
PF3D7_1313400	318.0	217.0	303.0	233.0	156.0	101.0	285.0	564.0	266.0	394.0	467.0	245.0	397.0	403.0
PF3D7_1313500	192.0	193.0	198.0	160.0	101.0	81.0	170.0	133.0	104.0	81.0	102.0	64.0	61.0	216.0
PF3D7_1313600	481.0	440.0	479.0	331.0	231.0	195.0	278.0	305.0	196.0	225.0	269.0	152.0	155.0	469.0
PF3D7_1313700	147.0	99.0	115.0	92.0	74.0	52.0	90.0	225.0	152.0	176.0	324.0	129.0	326.0	163.0
PF3D7_1313800	2954.0	3057.0	3719.0	2354.0	2635.0	1833.0	2054.0	4201.0	2852.0	3006.0	3662.0	2686.0	2702.0	4309.0
PF3D7_1313900	390.0	251.0	459.0	218.0	285.0	158.0	238.0	1367.0	433.0	881.0	622.0	567.0	427.0	565.0
PF3D7_1314000	192.0	177.0	210.0	106.0	104.0	66.0	201.0	287.0	251.0	173.0	251.0	127.0	233.0	150.0
PF3D7_1314100	233.0	205.0	213.0	151.0	136.0	102.0	166.0	534.0	350.0	412.0	660.0	269.0	498.0	361.0
PF3D7_1314200	450.0	463.0	433.0	400.0	261.0	237.0	331.0	618.0	468.0	404.0	920.0	309.0	928.0	591.0
PF3D7_1314300	245.0	194.0	180.0	136.0	105.0	94.0	178.0	312.0	196.0	214.0	427.0	166.0	358.0	275.0
PF3D7_1314400	13.0	19.0	31.0	14.0	12.0	11.0	34.0	26.0	24.0	27.0	14.0	0.0	10.0	26.0
PF3D7_1314500	315.0	235.0	285.0	174.0	166.0	89.0	164.0	749.0	401.0	300.0	416.0	225.0	377.0	287.0
PF3D7_1314600	98.0	100.0	148.0	72.0	79.0	62.0	77.0	145.0	155.0	91.0	263.0	57.0	230.0	172.0
PF3D7_1314700	552.0	374.0	581.0	329.0	327.0	202.0	415.0	1142.0	490.0	1008.0	908.0	621.0	699.0	548.0
PF3D7_1314800	26.0	40.0	30.0	30.0	0.0	23.0	30.0	32.0	23.0	22.0	10.0	23.0	16.0	45.0
PF3D7_1314900	396.0	417.0	376.0	386.0	243.0	341.0	343.0	688.0	570.0	539.0	960.0	304.0	792.0	611.0
PF3D7_1315000	449.0	407.0	389.0	358.0	259.0	297.0	327.0	505.0	372.0	374.0	442.0	260.0	352.0	490.0
PF3D7_1315100	94.0	117.0	95.0	80.0	61.0	51.0	59.0	104.0	49.0	82.0	66.0	49.0	46.0	105.0
PF3D7_1315200	229.0	160.0	249.0	138.0	123.0	68.0	200.0	544.0	213.0	358.0	367.0	240.0	319.0	188.0
PF3D7_1315300	340.0	180.0	316.0	102.0	125.0	46.0	139.0	156.0	94.0	109.0	105.0	70.0	87.0	151.0
PF3D7_1315400	2366.0	2204.0	2531.0	1811.0	1446.0	1361.0	2219.0	3993.0	2684.0	2202.0	3317.0	1744.0	2519.0	3406.0
PF3D7_1315500	166.0	174.0	186.0	102.0	84.0	60.0	148.0	472.0	305.0	204.0	284.0	146.0	219.0	250.0
PF3D7_1315600	354.0	327.0	364.0	218.0	150.0	122.0	375.0	649.0	371.0	379.0	666.0	251.0	638.0	421.0
PF3D7_1315700	327.0	278.0	360.0	248.0	210.0	201.0	259.0	1084.0	551.0	658.0	723.0	394.0	459.0	1043.0
PF3D7_1315800	335.0	357.0	319.0	300.0	147.0	185.0	378.0	590.0	417.0	323.0	537.0	190.0	359.0	810.0
PF3D7_1315900	1410.0	1474.0	1359.0	1000.0	889.0	745.0	986.0	2428.0	1696.0	1685.0	2569.0	1139.0	2044.0	2566.0
PF3D7_1316000	90.0	72.0	107.0	87.0	57.0	41.0	124.0	66.0	44.0	49.0	41.0	30.0	28.0	55.0
PF3D7_1316100	1864.0	1513.0	1939.0	1256.0	1127.0	848.0	1318.0	2039.0	1075.0	1497.0	1697.0	1011.0	1369.0	1687.0
PF3D7_1316200	143.0	138.0	102.0	84.0	55.0	39.0	81.0	241.0	120.0	129.0	101.0	94.0	82.0	140.0
PF3D7_1316300	0.0	13.0	14.0	17.0	12.0	0.0	18.0	11.0	0.0	0.0	0.0	0.0	0.0	0.0
PF3D7_1316400	15.0	23.0	22.0	32.0	23.0	10.0	14.0	24.0	16.0	15.0	17.0	21.0	16.0	38.0
PF3D7_1316500	827.0	705.0	924.0	576.0	489.0	474.0	457.0	1427.0	786.0	1057.0	1343.0	694.0	1007.0	1052.0
PF3D7_1316600	1106.0	837.0	1176.0	554.0	590.0	407.0	799.0	2456.0	1333.0	1605.0	2163.0	942.0	1812.0	2117.0
PF3D7_1316700	23.0	28.0	25.0	35.0	11.0	0.0	39.0	18.0	21.0	22.0	19.0	15.0	20.0	44.0
PF3D7_1316800	467.0	382.0	543.0	390.0	307.0	315.0	317.0	893.0	584.0	532.0	797.0	386.0	632.0	549.0
PF3D7_1316900	1729.0	1489.0	1729.0	1295.0	990.0	842.0	1637.0	2896.0	1543.0	2011.0	2365.0	1403.0	1645.0	2895.0
PF3D7_1317000	922.0	780.0	957.0	699.0	506.0	575.0	726.0	2032.0	983.0	1440.0	1474.0	1192.0	1148.0	1827.0
PF3D7_1317100	1909.0	1632.0	1498.0	1205.0	987.0	753.0	1498.0	1782.0	1585.0	1372.0	4827.0	1223.0	4732.0	1955.0
PF3D7_1317200	1464.0	862.0	1293.0	635.0	641.0	342.0	943.0	5503.0	1619.0	3081.0	2175.0	2059.0	1419.0	2006.0
PF3D7_1317300	581.0	486.0	552.0	395.0	314.0	323.0	460.0	1436.0	924.0	990.0	1766.0	673.0	1409.0	1210.0
PF3D7_1317400	274.0	273.0	315.0	275.0	186.0	158.0	241.0	843.0	629.0	481.0	817.0	348.0	585.0	638.0
PF3D7_1317500	78.0	27.0	24.0	265.0	87.0	66.0	74.0	28.0	44.0	107.0	72.0	105.0	43.0	44.0
PF3D7_1317600	209.0	179.0	253.0	146.0	124.0	100.0	175.0	295.0	263.0	225.0	386.0	152.0	310.0	397.0
PF3D7_1317700	218.0	168.0	316.0	156.0	197.0	113.0	171.0	609.0	307.0	278.0	302.0	265.0	191.0	295.0
PF3D7_1317800	2815.0	2555.0	3475.0	2250.0	1930.0	1740.0	2553.0	6685.0	5018.0	4477.0	7897.0	2952.0	4996.0	6020.0
PF3D7_1317900	1071.0	863.0	1193.0	750.0	880.0	579.0	635.0	1550.0	852.0	1219.0	1216.0	914.0	798.0	1567.0
PF3D7_1318000	129.0	135.0	110.0	75.0	58.0	26.0	80.0	86.0	88.0	59.0	69.0	48.0	46.0	113.0
PF3D7_1318100	177.0	135.0	177.0	117.0	97.0	53.0	159.0	290.0	146.0	130.0	205.0	76.0	189.0	148.0
PF3D7_1318200	43.0	27.0	40.0	43.0	25.0	25.0	81.0	42.0	111.0	24.0	22.0	24.0	17.0	34.0
PF3D7_1318300	724.0	550.0	824.0	424.0	472.0	280.0	554.0	2549.0	1322.0	1913.0	1855.0	1176.0	1214.0	2195.0
PF3D7_1318400	1439.0	945.0	1294.0	761.0	758.0	495.0	1057.0	1356.0	817.0	1075.0	1932.0	699.0	1688.0	1274.0
PF3D7_1318500	28.0	27.0	39.0	23.0	21.0	15.0	35.0	15.0	14.0	13.0	15.0	16.0	15.0	23.0
PF3D7_1318600	149.0	87.0	156.0	58.0	73.0	58.0	112.0	99.0	63.0	48.0	85.0	40.0	89.0	69.0
PF3D7_1318700	188.0	228.0	145.0	202.0	84.0	109.0	198.0	149.0	107.0	116.0	113.0	71.0	95.0	339.0
PF3D7_1318800	2102.0	2068.0	2014.0	1458.0	1165.0	1096.0	1789.0	2714.0	1910.0	1892.0	2966.0	1270.0	2296.0	2788.0
PF3D7_1318900	127.0	155.0	132.0	91.0	65.0	63.0	148.0	73.0	81.0	71.0	83.0	63.0	57.0	170.0
PF3D7_1319000	697.0	538.0	655.0	435.0	351.0	225.0	529.0	848.0	275.0	689.0	488.0	505.0	354.0	470.0
PF3D7_1319100	1652.0	1279.0	2112.0	948.0	1266.0	730.0	992.0	1353.0	479.0	1246.0	626.0	1037.0	512.0	1007.0
PF3D7_1319200	288.0	256.0	305.0	239.0	151.0	157.0	196.0	305.0	152.0	258.0	196.0	188.0	141.0	404.0
PF3D7_1319300	1599.0	1387.0	2029.0	1135.0	1418.0	871.0	1120.0	2911.0	1724.0	2062.0	2348.0	1530.0	1489.0	2563.0
PF3D7_1319400	1833.0	1276.0	1810.0	1146.0	921.0	717.0	1577.0	1477.0	1241.0	1181.0	2972.0	655.0	2494.0	1608.0
PF3D7_1319500	14.0	10.0	11.0	0.0	0.0	0.0	12.0	32.0	11.0	10.0	12.0	0.0	12.0	0.0
PF3D7_1319600	773.0	611.0	707.0	590.0	410.0	302.0	730.0	435.0	252.0	373.0	337.0	205.0	255.0	544.0
PF3D7_1319700	206.0	161.0	206.0	122.0	131.0	59.0	213.0	214.0	146.0	126.0	229.0	101.0	200.0	88.0
PF3D7_1319800	158.0	134.0	135.0	206.0	58.0	64.0	284.0	33.0	58.0	64.0	65.0	70.0	47.0	53.0
PF3D7_1319900	201.0	201.0	158.0	144.0	94.0	69.0	183.0	192.0	143.0	167.0	192.0	158.0	168.0	273.0
PF3D7_1320000	3893.0	3666.0	4162.0	3233.0	2686.0	2645.0	2272.0	4089.0	2650.0	2739.0	3426.0	2368.0	2673.0	4459.0
PF3D7_1320100	123.0	110.0	140.0	63.0	60.0	40.0	142.0	164.0	105.0	81.0	114.0	45.0	117.0	86.0
PF3D7_1320200	271.0	177.0	222.0	139.0	109.0	95.0	151.0	270.0	167.0	146.0	270.0	110.0	217.0	267.0
PF3D7_1320300	225.0	197.0	214.0	160.0	129.0	110.0	214.0	483.0	262.0	275.0	373.0	168.0	299.0	324.0
PF3D7_1320400	146.0	141.0	145.0	112.0	114.0	61.0	139.0	366.0	213.0	209.0	309.0	159.0	206.0	210.0
PF3D7_1320500	121.0	86.0	176.0	78.0	81.0	35.0	86.0	461.0	204.0	326.0	315.0	230.0	195.0	184.0
PF3D7_1320600	426.0	403.0	497.0	476.0	358.0	364.0	502.0	842.0	647.0	507.0	876.0	399.0	534.0	829.0
PF3D7_1320700	867.0	762.0	843.0	492.0	381.0	291.0	593.0	466.0	301.0	367.0	464.0	282.0	369.0	694.0
PF3D7_1320800	195.0	159.0	184.0	150.0	109.0	90.0	250.0	299.0	253.0	170.0	605.0	111.0	538.0	188.0
PF3D7_1320900	80.0	57.0	105.0	89.0	57.0	49.0	61.0	175.0	102.0	96.0	131.0	76.0	72.0	93.0
PF3D7_1321000	71.0	85.0	80.0	64.0	36.0	39.0	33.0	78.0	37.0	45.0	28.0	31.0	31.0	78.0
PF3D7_1321100	1590.0	1131.0	1561.0	841.0	810.0	456.0	821.0	733.0	487.0	636.0	583.0	503.0	421.0	1107.0
PF3D7_1321200	129.0	92.0	186.0	53.0	57.0	32.0	91.0	242.0	121.0	80.0	99.0	61.0	81.0	45.0
PF3D7_1321300	1874.0	1602.0	2392.0	1276.0	1603.0	916.0	1166.0	3173.0	1828.0	1962.0	2587.0	1556.0	1953.0	1852.0
PF3D7_1321400	156.0	107.0	206.0	81.0	96.0	58.0	97.0	239.0	122.0	126.0	126.0	93.0	124.0	123.0
PF3D7_1321500	968.0	775.0	856.0	508.0	448.0	287.0	685.0	708.0	369.0	515.0	531.0	333.0	477.0	743.0
PF3D7_1321600	98.0	100.0	105.0	82.0	65.0	49.0	71.0	82.0	43.0	91.0	46.0	49.0	26.0	78.0
PF3D7_1321700	4001.0	3107.0	4417.0	3063.0	2835.0	2175.0	2610.0	5636.0	3733.0	4935.0	7624.0	3103.0	4655.0	5700.0
PF3D7_1321800	499.0	465.0	453.0	266.0	324.0	202.0	312.0	800.0	445.0	542.0	627.0	393.0	591.0	604.0
PF3D7_1321900	331.0	331.0	379.0	215.0	282.0	145.0	255.0	610.0	260.0	399.0	318.0	371.0	269.0	294.0
PF3D7_1322000	634.0	534.0	599.0	379.0	319.0	239.0	585.0	716.0	454.0	446.0	1011.0	291.0	1180.0	590.0
PF3D7_1322100	4563.0	4129.0	5771.0	3374.0	3796.0	2834.0	3286.0	4586.0	2480.0	3315.0	3525.0	2707.0	2430.0	3406.0
PF3D7_1322200	3571.0	2653.0	2826.0	2246.0	1528.0	1256.0	2904.0	3593.0	2584.0	2243.0	5211.0	1406.0	4606.0	3156.0
PF3D7_1322300	666.0	571.0	610.0	507.0	319.0	289.0	540.0	802.0	662.0	554.0	1545.0	361.0	1394.0	648.0
PF3D7_1322400	123.0	109.0	141.0	123.0	80.0	81.0	151.0	112.0	79.0	113.0	101.0	58.0	70.0	119.0
PF3D7_1322500	468.0	389.0	479.0	339.0	250.0	201.0	449.0	269.0	149.0	165.0	261.0	135.0	215.0	407.0
PF3D7_1322600	306.0	134.0	125.0	833.0	333.0	167.0	256.0	54.0	61.0	517.0	167.0	320.0	84.0	144.0
PF3D7_1322700	93.0	66.0	100.0	58.0	62.0	39.0	100.0	84.0	33.0	54.0	50.0	41.0	41.0	78.0
PF3D7_1322800	62.0	64.0	68.0	46.0	33.0	22.0	49.0	29.0	11.0	16.0	33.0	11.0	29.0	17.0
PF3D7_1322900	55.0	57.0	66.0	64.0	42.0	28.0	58.0	62.0	56.0	53.0	45.0	37.0	35.0	66.0
PF3D7_1323000	108.0	199.0	102.0	124.0	55.0	130.0	162.0	208.0	171.0	109.0	182.0	66.0	82.0	484.0
PF3D7_1323100	2205.0	1980.0	2017.0	1618.0	1246.0	1473.0	1818.0	5551.0	4393.0	3553.0	8126.0	2178.0	5703.0	6177.0
PF3D7_1323200	463.0	323.0	516.0	452.0	266.0	300.0	551.0	1116.0	675.0	639.0	1011.0	416.0	549.0	1227.0
PF3D7_1323300	138.0	172.0	134.0	148.0	72.0	96.0	167.0	173.0	118.0	87.0	219.0	71.0	166.0	214.0
PF3D7_1323400	2538.0	1971.0	3074.0	1906.0	1863.0	1686.0	2246.0	7365.0	5286.0	5036.0	7809.0	3343.0	4340.0	5488.0
PF3D7_1323500	982.0	903.0	1045.0	663.0	823.0	568.0	817.0	2327.0	1432.0	1376.0	1997.0	1144.0	1593.0	2028.0
PF3D7_1323600	277.0	135.0	224.0	124.0	147.0	74.0	154.0	533.0	205.0	516.0	441.0	260.0	344.0	255.0
PF3D7_1323700	1335.0	1530.0	1034.0	703.0	372.0	254.0	1232.0	604.0	648.0	258.0	510.0	135.0	293.0	932.0
PF3D7_1323800	479.0	439.0	624.0	403.0	370.0	247.0	329.0	869.0	449.0	535.0	519.0	420.0	428.0	500.0
PF3D7_1323900	656.0	480.0	692.0	484.0	482.0	347.0	359.0	1254.0	570.0	1134.0	876.0	767.0	631.0	959.0
PF3D7_1324000	532.0	531.0	607.0	515.0	296.0	405.0	441.0	1159.0	814.0	705.0	1012.0	531.0	678.0	1303.0
PF3D7_1324100	292.0	171.0	272.0	123.0	142.0	59.0	185.0	254.0	169.0	184.0	354.0	120.0	325.0	171.0
PF3D7_1324200	1489.0	1053.0	1826.0	1064.0	1263.0	775.0	798.0	2224.0	1124.0	2099.0	2005.0	1386.0	1194.0	1811.0
PF3D7_1324300	1722.0	2119.0	1581.0	1618.0	877.0	913.0	2356.0	1915.0	1630.0	1122.0	2028.0	790.0	1891.0	2719.0
PF3D7_1324400	606.0	510.0	739.0	538.0	583.0	385.0	399.0	780.0	367.0	512.0	348.0	420.0	236.0	468.0
PF3D7_1324500	423.0	352.0	428.0	374.0	301.0	237.0	422.0	488.0	392.0	522.0	987.0	310.0	800.0	368.0
PF3D7_1324600	548.0	462.0	585.0	370.0	324.0	211.0	437.0	786.0	355.0	509.0	611.0	318.0	518.0	518.0
PF3D7_1324700	297.0	280.0	361.0	252.0	187.0	184.0	263.0	564.0	232.0	315.0	360.0	295.0	254.0	372.0
PF3D7_1324800	473.0	479.0	422.0	305.0	217.0	274.0	492.0	615.0	623.0	456.0	1205.0	273.0	860.0	949.0
PF3D7_1324900	3917.0	5109.0	2971.0	2789.0	1341.0	2178.0	4422.0	13992.0	14325.0	7762.0	18373.0	5896.0	16043.0	9491.0
PF3D7_1325000	61.0	70.0	61.0	64.0	23.0	27.0	91.0	114.0	123.0	50.0	114.0	51.0	101.0	95.0
PF3D7_1325100	2102.0	2150.0	2007.0	1801.0	1392.0	1539.0	1763.0	4802.0	3861.0	3366.0	6919.0	2203.0	4681.0	4682.0
PF3D7_1325200	47.0	42.0	51.0	48.0	30.0	28.0	111.0	42.0	37.0	32.0	37.0	25.0	14.0	38.0
PF3D7_1325300	14.0	20.0	15.0	17.0	15.0	0.0	21.0	15.0	12.0	0.0	0.0	0.0	0.0	40.0
PF3D7_1325400	2548.0	1700.0	2625.0	1218.0	1347.0	760.0	1570.0	1713.0	838.0	1298.0	1350.0	839.0	1221.0	1895.0
PF3D7_1325500	100.0	82.0	79.0	100.0	54.0	46.0	79.0	169.0	129.0	110.0	234.0	77.0	196.0	174.0
PF3D7_1325600	42.0	46.0	32.0	28.0	16.0	15.0	49.0	35.0	24.0	21.0	49.0	20.0	38.0	29.0
PF3D7_1325700	144.0	159.0	161.0	141.0	58.0	56.0	194.0	152.0	113.0	73.0	98.0	61.0	90.0	67.0
PF3D7_1325800	856.0	566.0	710.0	488.0	460.0	266.0	623.0	3572.0	957.0	2438.0	1181.0	1295.0	686.0	1203.0
PF3D7_1325900	1169.0	915.0	995.0	633.0	512.0	402.0	786.0	710.0	451.0	578.0	982.0	327.0	1003.0	898.0
PF3D7_1326000	178.0	159.0	175.0	134.0	63.0	49.0	206.0	189.0	147.0	92.0	195.0	70.0	165.0	139.0
PF3D7_1326100	339.0	269.0	383.0	270.0	164.0	152.0	386.0	710.0	513.0	362.0	793.0	244.0	584.0	609.0
PF3D7_1326200	82.0	107.0	119.0	69.0	44.0	39.0	126.0	169.0	84.0	73.0	106.0	69.0	82.0	110.0
PF3D7_1326300	1015.0	706.0	1291.0	677.0	693.0	515.0	928.0	1713.0	1047.0	1218.0	1777.0	869.0	1135.0	1045.0
PF3D7_1326400	617.0	620.0	700.0	542.0	552.0	379.0	549.0	1456.0	753.0	1113.0	1089.0	788.0	804.0	840.0
PF3D7_1326500	634.0	531.0	633.0	456.0	355.0	230.0	479.0	658.0	386.0	377.0	588.0	333.0	547.0	414.0
PF3D7_1326600	1831.0	1754.0	1718.0	1371.0	898.0	803.0	1481.0	2120.0	1604.0	1099.0	3077.0	762.0	2809.0	1916.0
PF3D7_1326700	288.0	339.0	252.0	213.0	136.0	144.0	327.0	293.0	270.0	174.0	354.0	101.0	283.0	395.0
PF3D7_1326800	227.0	196.0	249.0	140.0	159.0	114.0	169.0	417.0	173.0	262.0	280.0	175.0	253.0	244.0
PF3D7_1326900	668.0	489.0	739.0	446.0	449.0	271.0	406.0	812.0	416.0	572.0	594.0	400.0	384.0	592.0
PF3D7_1327000	564.0	490.0	556.0	464.0	299.0	320.0	436.0	972.0	662.0	761.0	982.0	460.0	687.0	888.0
PF3D7_1327100	39.0	31.0	33.0	25.0	19.0	15.0	33.0	28.0	22.0	22.0	21.0	19.0	0.0	28.0
PF3D7_1327200	150.0	130.0	190.0	143.0	112.0	117.0	101.0	264.0	147.0	155.0	198.0	126.0	126.0	184.0
PF3D7_1327300	5351.0	3480.0	4253.0	3747.0	2536.0	1823.0	4919.0	4362.0	1849.0	4040.0	2829.0	2509.0	1579.0	3973.0
PF3D7_1327400	210.0	185.0	154.0	116.0	70.0	60.0	187.0	149.0	267.0	90.0	229.0	36.0	262.0	208.0
PF3D7_1327500	258.0	150.0	290.0	146.0	141.0	69.0	160.0	139.0	64.0	105.0	83.0	82.0	58.0	135.0
PF3D7_1327600	126.0	128.0	120.0	108.0	71.0	40.0	144.0	407.0	154.0	184.0	165.0	142.0	107.0	116.0
PF3D7_1327700	350.0	318.0	330.0	259.0	169.0	220.0	300.0	440.0	272.0	309.0	356.0	218.0	257.0	323.0
PF3D7_1327800	764.0	716.0	956.0	552.0	783.0	417.0	587.0	1622.0	992.0	1302.0	1717.0	889.0	1157.0	1050.0
PF3D7_1327900	11.0	11.0	0.0	0.0	0.0	0.0	16.0	0.0	0.0	0.0	0.0	0.0	0.0	0.0
PF3D7_1328000	778.0	716.0	750.0	800.0	457.0	411.0	637.0	649.0	482.0	471.0	1139.0	292.0	1194.0	742.0
PF3D7_1328100	559.0	524.0	448.0	400.0	247.0	303.0	608.0	1143.0	967.0	657.0	1966.0	466.0	1541.0	1072.0
PF3D7_1328200	1129.0	953.0	1192.0	705.0	593.0	473.0	791.0	1211.0	659.0	679.0	1364.0	578.0	1291.0	1125.0
PF3D7_1328300	1028.0	601.0	855.0	476.0	446.0	251.0	861.0	1487.0	718.0	1103.0	1184.0	765.0	972.0	895.0
PF3D7_1328400	121.0	131.0	142.0	97.0	70.0	96.0	139.0	299.0	248.0	197.0	324.0	145.0	211.0	267.0
PF3D7_1328500	1368.0	715.0	1611.0	434.0	1127.0	300.0	714.0	6592.0	1457.0	4934.0	1747.0	3707.0	1303.0	1256.0
PF3D7_1328600	43.0	63.0	37.0	44.0	24.0	28.0	75.0	34.0	31.0	40.0	43.0	21.0	27.0	70.0
PF3D7_1328700	0.0	15.0	10.0	20.0	11.0	0.0	26.0	0.0	14.0	0.0	0.0	0.0	0.0	16.0
PF3D7_1328800	297.0	371.0	249.0	217.0	118.0	125.0	284.0	264.0	221.0	155.0	298.0	116.0	162.0	510.0
PF3D7_1328900	225.0	217.0	225.0	203.0	105.0	102.0	240.0	344.0	356.0	244.0	479.0	158.0	371.0	391.0
PF3D7_1329000	2318.0	2299.0	2588.0	2113.0	1629.0	1649.0	1748.0	3957.0	2640.0	2665.0	4001.0	1843.0	2705.0	3839.0
PF3D7_1329100	3077.0	2253.0	2465.0	1762.0	1412.0	1289.0	2324.0	7447.0	3503.0	4540.0	5183.0	2926.0	3753.0	5463.0
PF3D7_1329200	233.0	249.0	186.0	209.0	108.0	149.0	213.0	296.0	167.0	187.0	255.0	108.0	154.0	247.0
PF3D7_1329300	660.0	557.0	461.0	458.0	278.0	378.0	537.0	666.0	379.0	400.0	793.0	289.0	733.0	516.0
PF3D7_1329400	494.0	409.0	394.0	377.0	283.0	254.0	372.0	962.0	550.0	673.0	1064.0	475.0	842.0	592.0
PF3D7_1329500	12622.0	13903.0	12812.0	9552.0	7555.0	8974.0	9246.0	13207.0	8037.0	8439.0	10351.0	7501.0	8290.0	12931.0
PF3D7_1329600	772.0	724.0	1021.0	702.0	580.0	471.0	776.0	975.0	751.0	594.0	989.0	461.0	561.0	837.0
PF3D7_1329700	139.0	149.0	182.0	122.0	99.0	84.0	164.0	82.0	50.0	63.0	63.0	52.0	59.0	147.0
PF3D7_1329800	189.0	137.0	172.0	165.0	82.0	120.0	151.0	178.0	142.0	132.0	227.0	112.0	205.0	175.0
PF3D7_1329900	156.0	139.0	190.0	154.0	79.0	94.0	158.0	361.0	210.0	201.0	240.0	146.0	204.0	255.0
PF3D7_1330000	98.0	91.0	106.0	74.0	72.0	64.0	101.0	255.0	143.0	138.0	249.0	113.0	200.0	183.0
PF3D7_1330100	111.0	79.0	118.0	90.0	62.0	64.0	141.0	142.0	68.0	81.0	140.0	50.0	96.0	115.0
PF3D7_1330200	84.0	101.0	94.0	93.0	62.0	47.0	130.0	156.0	85.0	77.0	159.0	57.0	113.0	112.0
PF3D7_1330300	298.0	221.0	265.0	186.0	132.0	133.0	265.0	635.0	355.0	429.0	633.0	266.0	475.0	373.0
PF3D7_1330400	622.0	769.0	690.0	458.0	260.0	258.0	640.0	830.0	585.0	439.0	655.0	323.0	601.0	569.0
PF3D7_1330500	781.0	619.0	749.0	494.0	373.0	339.0	703.0	442.0	319.0	332.0	558.0	273.0	531.0	649.0
PF3D7_1330600	412.0	314.0	382.0	241.0	215.0	178.0	329.0	471.0	392.0	336.0	961.0	185.0	716.0	418.0
PF3D7_1330700	166.0	136.0	103.0	85.0	53.0	40.0	153.0	127.0	108.0	81.0	195.0	45.0	168.0	98.0
PF3D7_1330800	3550.0	2753.0	4039.0	2220.0	2659.0	1575.0	3082.0	6469.0	4969.0	5680.0	7457.0	3597.0	3874.0	4823.0
PF3D7_1331000	193.0	171.0	193.0	186.0	106.0	94.0	113.0	198.0	105.0	178.0	132.0	104.0	109.0	295.0
PF3D7_1331100	997.0	904.0	825.0	695.0	602.0	555.0	788.0	1294.0	779.0	872.0	1213.0	683.0	1077.0	1265.0
PF3D7_1331200	1190.0	950.0	1479.0	949.0	925.0	674.0	934.0	2017.0	892.0	1458.0	1401.0	1054.0	955.0	1647.0
PF3D7_1331300	107.0	103.0	83.0	72.0	52.0	39.0	125.0	92.0	127.0	43.0	174.0	37.0	197.0	100.0
PF3D7_1331400	83.0	105.0	111.0	66.0	65.0	46.0	31.0	81.0	43.0	84.0	75.0	62.0	64.0	139.0
PF3D7_1331500	339.0	239.0	364.0	239.0	184.0	128.0	218.0	669.0	196.0	495.0	238.0	284.0	210.0	359.0
PF3D7_1331600	176.0	207.0	150.0	107.0	54.0	74.0	164.0	139.0	124.0	61.0	228.0	29.0	319.0	168.0
PF3D7_1331700	2358.0	2234.0	2115.0	1675.0	1319.0	1275.0	1814.0	4613.0	2912.0	3537.0	5434.0	2425.0	4033.0	5504.0
PF3D7_1331800	1005.0	1042.0	1277.0	1087.0	662.0	881.0	1476.0	2785.0	3142.0	1389.0	4546.0	962.0	2882.0	3475.0
PF3D7_1332000	633.0	451.0	672.0	469.0	423.0	255.0	554.0	856.0	452.0	514.0	553.0	388.0	473.0	547.0
PF3D7_1332100	71.0	105.0	49.0	61.0	43.0	37.0	76.0	62.0	49.0	62.0	83.0	69.0	47.0	73.0
PF3D7_1332200	895.0	847.0	802.0	551.0	327.0	258.0	474.0	635.0	395.0	430.0	414.0	186.0	210.0	1411.0
PF3D7_1332300	246.0	270.0	250.0	231.0	103.0	159.0	221.0	430.0	334.0	199.0	546.0	147.0	452.0	398.0
PF3D7_1332400	491.0	524.0	590.0	431.0	381.0	322.0	434.0	1088.0	784.0	668.0	1185.0	478.0	876.0	1108.0
PF3D7_1332500	257.0	256.0	284.0	238.0	150.0	168.0	224.0	393.0	235.0	260.0	315.0	154.0	239.0	388.0
PF3D7_1332600	374.0	430.0	372.0	299.0	215.0	189.0	499.0	512.0	420.0	335.0	874.0	182.0	741.0	603.0
PF3D7_1332700	650.0	552.0	702.0	546.0	492.0	375.0	573.0	829.0	526.0	637.0	768.0	433.0	495.0	822.0
PF3D7_1332800	454.0	489.0	610.0	349.0	417.0	213.0	444.0	1065.0	596.0	591.0	774.0	463.0	538.0	560.0
PF3D7_1332900	2498.0	2040.0	2685.0	1718.0	1724.0	1242.0	1881.0	6186.0	4351.0	4732.0	8050.0	3329.0	6042.0	4352.0
PF3D7_1333000	407.0	350.0	444.0	236.0	200.0	140.0	428.0	1207.0	716.0	643.0	937.0	473.0	788.0	636.0
PF3D7_1333100	177.0	173.0	198.0	151.0	126.0	97.0	100.0	209.0	94.0	143.0	87.0	108.0	82.0	223.0
PF3D7_1333200	536.0	641.0	531.0	514.0	288.0	332.0	785.0	876.0	790.0	424.0	1234.0	366.0	1135.0	893.0
PF3D7_1333300	205.0	164.0	139.0	139.0	73.0	101.0	165.0	297.0	230.0	156.0	404.0	116.0	283.0	347.0
PF3D7_1333400	337.0	287.0	306.0	294.0	166.0	209.0	231.0	537.0	414.0	356.0	729.0	241.0	484.0	730.0
PF3D7_1333500	124.0	111.0	107.0	110.0	65.0	54.0	110.0	191.0	177.0	128.0	392.0	103.0	247.0	199.0
PF3D7_1333600	1371.0	1276.0	1625.0	1040.0	1237.0	778.0	966.0	2721.0	1691.0	2071.0	2500.0	1733.0	1558.0	2277.0
PF3D7_1333700	263.0	278.0	260.0	167.0	144.0	97.0	228.0	420.0	268.0	266.0	383.0	145.0	284.0	391.0
PF3D7_1333800	236.0	223.0	282.0	231.0	150.0	163.0	208.0	632.0	373.0	408.0	537.0	242.0	422.0	322.0
PF3D7_1333900	271.0	240.0	279.0	188.0	123.0	102.0	220.0	438.0	260.0	225.0	452.0	190.0	345.0	297.0
PF3D7_1334000	226.0	138.0	187.0	103.0	112.0	76.0	153.0	203.0	84.0	158.0	140.0	85.0	120.0	183.0
PF3D7_1334100	472.0	308.0	435.0	273.0	223.0	164.0	427.0	517.0	415.0	362.0	779.0	267.0	648.0	471.0
PF3D7_1334200	903.0	657.0	849.0	613.0	644.0	451.0	660.0	2583.0	1551.0	2313.0	2807.0	1503.0	1708.0	1813.0
PF3D7_1334300	227.0	134.0	249.0	136.0	119.0	72.0	206.0	964.0	680.0	871.0	1298.0	466.0	582.0	657.0
PF3D7_1334400	19.0	10.0	33.0	11.0	19.0	0.0	11.0	25.0	0.0	20.0	23.0	10.0	0.0	14.0
PF3D7_1334500	331.0	414.0	344.0	318.0	176.0	162.0	295.0	1060.0	1250.0	737.0	2562.0	460.0	2028.0	855.0
PF3D7_1334600	154.0	160.0	158.0	103.0	90.0	76.0	120.0	82.0	81.0	54.0	106.0	41.0	66.0	126.0
PF3D7_1334700	779.0	944.0	975.0	716.0	440.0	505.0	908.0	667.0	436.0	277.0	408.0	228.0	268.0	559.0
PF3D7_1334800	229.0	209.0	170.0	140.0	110.0	137.0	217.0	122.0	130.0	109.0	338.0	60.0	330.0	230.0
PF3D7_1334900	12.0	0.0	19.0	0.0	0.0	0.0	18.0	0.0	0.0	0.0	0.0	0.0	0.0	0.0
PF3D7_1335000	201.0	281.0	209.0	152.0	111.0	107.0	181.0	119.0	99.0	133.0	102.0	81.0	82.0	209.0
PF3D7_1335100	1800.0	1828.0	1988.0	1064.0	818.0	433.0	1434.0	735.0	735.0	605.0	875.0	303.0	355.0	1829.0
PF3D7_1335200	0.0	0.0	10.0	15.0	10.0	12.0	13.0	0.0	0.0	29.0	14.0	0.0	0.0	0.0
PF3D7_1335300	61.0	63.0	51.0	94.0	34.0	33.0	58.0	35.0	40.0	45.0	33.0	38.0	10.0	65.0
PF3D7_1335400	635.0	587.0	487.0	493.0	201.0	234.0	536.0	513.0	405.0	375.0	402.0	213.0	209.0	754.0
PF3D7_1335500	23.0	32.0	38.0	44.0	14.0	32.0	15.0	26.0	17.0	32.0	23.0	22.0	12.0	31.0
PF3D7_1335600	221.0	165.0	290.0	149.0	153.0	91.0	148.0	309.0	152.0	159.0	153.0	160.0	147.0	149.0
PF3D7_1335700	870.0	724.0	732.0	546.0	396.0	350.0	666.0	1269.0	869.0	817.0	1582.0	498.0	1443.0	1178.0
PF3D7_1335800	370.0	296.0	370.0	214.0	190.0	127.0	244.0	550.0	340.0	461.0	681.0	242.0	567.0	380.0
PF3D7_1335900	134.0	211.0	147.0	160.0	103.0	86.0	97.0	126.0	82.0	152.0	105.0	98.0	94.0	231.0
PF3D7_1336000	743.0	659.0	670.0	439.0	461.0	336.0	437.0	775.0	420.0	564.0	543.0	413.0	458.0	548.0
PF3D7_1336100	42.0	41.0	40.0	31.0	22.0	17.0	43.0	41.0	22.0	28.0	57.0	19.0	37.0	27.0
PF3D7_1336200	368.0	322.0	351.0	315.0	237.0	193.0	455.0	682.0	407.0	524.0	793.0	289.0	545.0	472.0
PF3D7_1336300	32.0	37.0	35.0	36.0	34.0	24.0	40.0	59.0	26.0	51.0	21.0	24.0	21.0	83.0
PF3D7_1336400	333.0	280.0	324.0	173.0	129.0	140.0	313.0	322.0	236.0	186.0	276.0	158.0	202.0	194.0
PF3D7_1336600	106.0	140.0	149.0	99.0	52.0	62.0	133.0	157.0	238.0	85.0	355.0	42.0	324.0	156.0
PF3D7_1336700	1355.0	1319.0	1952.0	1036.0	1029.0	666.0	1754.0	2462.0	1500.0	1236.0	1595.0	893.0	1018.0	1570.0
PF3D7_1336800	714.0	626.0	827.0	588.0	463.0	422.0	554.0	1870.0	1198.0	1414.0	1957.0	894.0	1292.0	1264.0
PF3D7_1336900	494.0	421.0	522.0	359.0	299.0	275.0	318.0	1089.0	609.0	884.0	1166.0	559.0	846.0	957.0
PF3D7_1337000	183.0	139.0	150.0	111.0	94.0	56.0	169.0	561.0	333.0	311.0	445.0	207.0	280.0	281.0
PF3D7_1337100	123.0	119.0	112.0	90.0	58.0	51.0	116.0	420.0	402.0	232.0	629.0	143.0	481.0	285.0
PF3D7_1337200	589.0	561.0	610.0	435.0	341.0	315.0	480.0	1471.0	924.0	881.0	1822.0	580.0	1563.0	1264.0
PF3D7_1337300	1026.0	989.0	1082.0	913.0	640.0	679.0	795.0	2007.0	1275.0	1460.0	2133.0	1063.0	1641.0	2090.0
PF3D7_1337400	637.0	716.0	751.0	681.0	431.0	511.0	575.0	612.0	587.0	407.0	875.0	353.0	669.0	1063.0
PF3D7_1337500	5714.0	5681.0	5977.0	5549.0	3379.0	4786.0	5499.0	6814.0	4969.0	4282.0	7200.0	3299.0	5294.0	8689.0
PF3D7_1337700	247.0	183.0	203.0	214.0	132.0	116.0	200.0	147.0	117.0	111.0	130.0	113.0	52.0	238.0
PF3D7_1337800	534.0	774.0	407.0	311.0	250.0	200.0	753.0	316.0	353.0	310.0	189.0	164.0	153.0	495.0
PF3D7_1337900	209.0	197.0	253.0	184.0	140.0	138.0	164.0	249.0	151.0	189.0	248.0	119.0	130.0	245.0
PF3D7_1338000	411.0	351.0	406.0	274.0	249.0	181.0	423.0	648.0	477.0	364.0	710.0	238.0	741.0	555.0
PF3D7_1338100	1653.0	1412.0	1411.0	995.0	827.0	758.0	1484.0	3575.0	2282.0	2231.0	3773.0	1489.0	3052.0	3161.0
PF3D7_1338200	3022.0	2709.0	3662.0	2588.0	2559.0	2209.0	2636.0	8200.0	5278.0	5446.0	8053.0	3547.0	4572.0	7567.0
PF3D7_1338300	3809.0	4384.0	3347.0	3547.0	2086.0	2901.0	3245.0	7532.0	8413.0	4388.0	14100.0	2856.0	10747.0	10868.0
PF3D7_1338400	136.0	102.0	188.0	149.0	88.0	78.0	126.0	124.0	81.0	87.0	100.0	58.0	121.0	135.0
PF3D7_1338500	65.0	73.0	89.0	59.0	36.0	48.0	71.0	84.0	94.0	49.0	119.0	35.0	96.0	73.0
PF3D7_1338600	719.0	553.0	610.0	459.0	317.0	306.0	694.0	956.0	653.0	639.0	1340.0	385.0	1217.0	801.0
PF3D7_1338700	759.0	477.0	788.0	362.0	413.0	222.0	513.0	1095.0	426.0	796.0	1018.0	511.0	951.0	730.0
PF3D7_1338800	244.0	222.0	305.0	287.0	167.0	179.0	245.0	289.0	190.0	176.0	216.0	156.0	146.0	335.0
PF3D7_1338900	400.0	389.0	379.0	389.0	176.0	281.0	356.0	351.0	281.0	257.0	559.0	165.0	539.0	572.0
PF3D7_1339000	30.0	29.0	26.0	33.0	15.0	30.0	53.0	21.0	29.0	16.0	14.0	11.0	0.0	34.0
PF3D7_1339100	23.0	12.0	49.0	60.0	47.0	28.0	46.0	23.0	21.0	26.0	18.0	35.0	15.0	17.0
PF3D7_1339300	1937.0	2018.0	1785.0	1660.0	998.0	1470.0	1952.0	6087.0	3978.0	3390.0	5307.0	2116.0	3255.0	6387.0
PF3D7_1339400	146.0	156.0	139.0	108.0	90.0	49.0	176.0	184.0	129.0	65.0	130.0	55.0	113.0	117.0
PF3D7_1339500	21.0	78.0	40.0	25.0	15.0	18.0	34.0	76.0	44.0	36.0	54.0	48.0	53.0	37.0
PF3D7_1339600	199.0	157.0	230.0	156.0	102.0	94.0	169.0	456.0	295.0	202.0	371.0	156.0	309.0	303.0
PF3D7_1339700	1639.0	1197.0	1580.0	1178.0	947.0	691.0	1258.0	1462.0	881.0	1369.0	1665.0	974.0	1341.0	1766.0
PF3D7_1339800	28.0	51.0	79.0	16.0	13.0	13.0	61.0	110.0	80.0	42.0	61.0	33.0	41.0	23.0
PF3D7_1339900	311.0	304.0	218.0	141.0	145.0	87.0	236.0	387.0	282.0	205.0	479.0	141.0	500.0	307.0
PF3D7_1340000	337.0	424.0	451.0	388.0	250.0	241.0	220.0	548.0	246.0	369.0	258.0	254.0	232.0	660.0
PF3D7_1340100	273.0	212.0	373.0	219.0	227.0	117.0	192.0	671.0	263.0	352.0	370.0	248.0	239.0	426.0
PF3D7_1340200	36.0	35.0	53.0	27.0	34.0	19.0	42.0	126.0	46.0	32.0	47.0	42.0	14.0	30.0
PF3D7_1340300	2159.0	1863.0	2454.0	1776.0	1711.0	1349.0	1497.0	3529.0	1962.0	3014.0	3013.0	2200.0	1748.0	3596.0
PF3D7_1340400	22.0	29.0	13.0	23.0	0.0	19.0	16.0	18.0	26.0	27.0	18.0	20.0	0.0	43.0
PF3D7_1340500	369.0	377.0	336.0	294.0	215.0	207.0	353.0	460.0	349.0	391.0	407.0	306.0	274.0	635.0
PF3D7_1340600	1269.0	850.0	1660.0	675.0	1354.0	465.0	773.0	3824.0	1681.0	3078.0	2758.0	2152.0	1793.0	2181.0
PF3D7_1340700	323.0	198.0	292.0	184.0	180.0	136.0	266.0	254.0	142.0	233.0	268.0	148.0	226.0	255.0
PF3D7_1340800	102.0	93.0	147.0	105.0	65.0	45.0	156.0	104.0	68.0	87.0	97.0	78.0	66.0	79.0
PF3D7_1340900	4384.0	3543.0	4704.0	2578.0	3327.0	2052.0	3034.0	11184.0	5300.0	8339.0	7973.0	5934.0	5806.0	10316.0
PF3D7_1341100	2972.0	1357.0	3139.0	5411.0	2271.0	1402.0	2911.0	1108.0	1222.0	1783.0	1675.0	1360.0	983.0	969.0
PF3D7_1341200	1859.0	1906.0	2001.0	1331.0	961.0	1041.0	1703.0	4797.0	3690.0	2644.0	4461.0	1861.0	3260.0	2963.0
PF3D7_1341300	2875.0	2733.0	2681.0	2151.0	1686.0	1861.0	2396.0	7630.0	5589.0	5435.0	9375.0	3406.0	6316.0	6697.0
PF3D7_1341500	73.0	85.0	70.0	51.0	43.0	36.0	97.0	73.0	58.0	24.0	40.0	33.0	29.0	65.0
PF3D7_1341600	152.0	155.0	108.0	132.0	44.0	93.0	144.0	149.0	113.0	51.0	158.0	46.0	194.0	105.0
PF3D7_1341700	25.0	23.0	21.0	16.0	17.0	0.0	31.0	12.0	0.0	0.0	0.0	0.0	17.0	14.0
PF3D7_1341800	132.0	113.0	124.0	93.0	91.0	50.0	90.0	64.0	46.0	74.0	59.0	57.0	38.0	108.0
PF3D7_1341900	623.0	586.0	614.0	556.0	345.0	440.0	694.0	1698.0	1052.0	814.0	1566.0	546.0	1116.0	1355.0
PF3D7_1342000	5763.0	4983.0	6068.0	4590.0	4267.0	3549.0	5233.0	15183.0	12132.0	11065.0	22684.0	7305.0	15189.0	15224.0
PF3D7_1342100	996.0	994.0	706.0	704.0	444.0	467.0	963.0	833.0	667.0	534.0	1073.0	437.0	878.0	1574.0
PF3D7_1342200	158.0	146.0	133.0	95.0	76.0	74.0	151.0	261.0	281.0	125.0	392.0	86.0	287.0	356.0
PF3D7_1342300	143.0	128.0	111.0	86.0	48.0	60.0	119.0	200.0	143.0	99.0	255.0	89.0	245.0	154.0
PF3D7_1342400	1605.0	1295.0	1649.0	979.0	839.0	683.0	1437.0	2947.0	1822.0	2274.0	3239.0	1542.0	2383.0	2205.0
PF3D7_1342500	38.0	64.0	54.0	52.0	24.0	21.0	42.0	53.0	36.0	26.0	23.0	19.0	32.0	42.0
PF3D7_1342600	2344.0	2265.0	1220.0	1033.0	859.0	587.0	2585.0	2243.0	2464.0	2071.0	1355.0	1107.0	1030.0	2055.0
PF3D7_1342700	133.0	126.0	178.0	88.0	72.0	45.0	138.0	316.0	192.0	133.0	176.0	91.0	101.0	161.0
PF3D7_1342800	474.0	428.0	425.0	314.0	262.0	183.0	466.0	1899.0	1396.0	1086.0	2227.0	653.0	1342.0	1678.0
PF3D7_1342900	2759.0	3058.0	2450.0	1916.0	1563.0	1589.0	1713.0	4938.0	3312.0	3548.0	4185.0	2783.0	2944.0	3902.0
PF3D7_1343000	6091.0	8219.0	5208.0	5137.0	2699.0	4299.0	7565.0	14200.0	12550.0	8898.0	25610.0	6059.0	24503.0	10094.0
PF3D7_1343100	636.0	543.0	633.0	372.0	275.0	229.0	498.0	392.0	270.0	221.0	497.0	142.0	467.0	555.0
PF3D7_1343200	709.0	428.0	915.0	390.0	588.0	257.0	348.0	1483.0	628.0	1118.0	942.0	826.0	669.0	769.0
PF3D7_1343300	1869.0	1297.0	1557.0	976.0	883.0	488.0	1620.0	3193.0	1745.0	2258.0	3045.0	1441.0	2460.0	1949.0
PF3D7_1343400	1207.0	1189.0	1279.0	1253.0	856.0	969.0	1212.0	1270.0	888.0	927.0	1408.0	728.0	1003.0	2165.0
PF3D7_1343500	226.0	159.0	220.0	136.0	120.0	59.0	187.0	362.0	212.0	248.0	396.0	95.0	269.0	193.0
PF3D7_1343600	194.0	170.0	176.0	102.0	105.0	78.0	117.0	319.0	221.0	173.0	394.0	130.0	316.0	245.0
PF3D7_1343700	4203.0	2891.0	5156.0	2208.0	4327.0	1610.0	2593.0	4487.0	1668.0	3421.0	2187.0	2966.0	1662.0	2695.0
PF3D7_1343800	2468.0	2175.0	2513.0	1555.0	1434.0	899.0	1309.0	2555.0	1000.0	2096.0	1039.0	1495.0	795.0	2269.0
PF3D7_1343900	461.0	386.0	455.0	309.0	262.0	200.0	302.0	807.0	385.0	689.0	666.0	473.0	552.0	518.0
PF3D7_1344000	311.0	268.0	307.0	227.0	175.0	163.0	202.0	524.0	283.0	353.0	474.0	242.0	459.0	445.0
PF3D7_1344100	713.0	643.0	634.0	594.0	465.0	333.0	499.0	1736.0	679.0	1278.0	1111.0	872.0	718.0	1071.0
PF3D7_1344200	3378.0	3183.0	3302.0	2704.0	2346.0	2260.0	2942.0	4941.0	2932.0	3715.0	5198.0	2981.0	4069.0	6613.0
PF3D7_1344300	2247.0	1873.0	1601.0	1203.0	740.0	548.0	1485.0	2610.0	1327.0	1678.0	1583.0	1081.0	1145.0	2600.0
PF3D7_1344400	384.0	244.0	309.0	186.0	254.0	100.0	243.0	529.0	219.0	372.0	284.0	317.0	183.0	318.0
PF3D7_1344500	197.0	168.0	178.0	136.0	95.0	95.0	159.0	106.0	93.0	71.0	128.0	46.0	160.0	121.0
PF3D7_1344600	141.0	167.0	155.0	114.0	65.0	75.0	148.0	117.0	67.0	71.0	86.0	53.0	112.0	139.0
PF3D7_1344700	949.0	816.0	1043.0	779.0	659.0	589.0	585.0	1476.0	898.0	1059.0	1376.0	797.0	1108.0	1594.0
PF3D7_1344800	382.0	468.0	403.0	360.0	214.0	209.0	406.0	1091.0	927.0	649.0	1491.0	417.0	1220.0	1113.0
PF3D7_1344900	1743.0	1763.0	1953.0	1049.0	1284.0	824.0	1146.0	3426.0	1871.0	2259.0	2575.0	1759.0	1950.0	2448.0
PF3D7_1345000	108.0	106.0	117.0	110.0	57.0	59.0	130.0	97.0	76.0	156.0	71.0	48.0	47.0	144.0
PF3D7_1345100	227.0	268.0	353.0	166.0	162.0	112.0	290.0	707.0	381.0	309.0	299.0	208.0	257.0	414.0
PF3D7_1345200	397.0	315.0	409.0	220.0	203.0	158.0	354.0	681.0	472.0	409.0	681.0	260.0	583.0	465.0
PF3D7_1345300	98.0	72.0	87.0	58.0	37.0	34.0	111.0	40.0	50.0	20.0	64.0	19.0	65.0	56.0
PF3D7_1345400	1210.0	835.0	1186.0	683.0	663.0	484.0	829.0	1568.0	737.0	1199.0	1846.0	603.0	1477.0	1294.0
PF3D7_1345500	109.0	80.0	121.0	49.0	57.0	34.0	83.0	191.0	66.0	161.0	110.0	77.0	97.0	81.0
PF3D7_1345600	642.0	574.0	382.0	363.0	172.0	143.0	655.0	202.0	157.0	168.0	237.0	99.0	162.0	322.0
PF3D7_1345700	504.0	388.0	389.0	344.0	199.0	214.0	497.0	960.0	674.0	659.0	1215.0	391.0	1046.0	687.0
PF3D7_1345800	743.0	603.0	730.0	458.0	422.0	325.0	578.0	1668.0	847.0	1205.0	1303.0	796.0	1066.0	1078.0
PF3D7_1345900	166.0	125.0	168.0	111.0	88.0	56.0	201.0	303.0	194.0	136.0	331.0	88.0	253.0	140.0
PF3D7_1346000	173.0	163.0	125.0	136.0	84.0	126.0	175.0	157.0	146.0	125.0	114.0	83.0	67.0	251.0
PF3D7_1346100	2764.0	2755.0	2157.0	1929.0	1476.0	1373.0	2375.0	5777.0	3253.0	3783.0	5519.0	2573.0	4939.0	6183.0
PF3D7_1346200	102.0	140.0	72.0	66.0	35.0	63.0	105.0	141.0	96.0	55.0	99.0	43.0	73.0	131.0
PF3D7_1346300	3772.0	3916.0	4108.0	3166.0	2623.0	2501.0	3876.0	5930.0	5645.0	4008.0	8517.0	2992.0	4760.0	5797.0
PF3D7_1346400	7916.0	6889.0	7357.0	5690.0	4126.0	3945.0	6342.0	13378.0	7597.0	9194.0	12992.0	6962.0	10106.0	10783.0
PF3D7_1346500	546.0	522.0	776.0	488.0	459.0	315.0	361.0	837.0	523.0	756.0	774.0	616.0	542.0	825.0
PF3D7_1346600	40.0	40.0	36.0	34.0	13.0	20.0	46.0	27.0	23.0	15.0	35.0	14.0	35.0	45.0
PF3D7_1346700	426.0	336.0	259.0	413.0	87.0	138.0	693.0	84.0	75.0	69.0	131.0	41.0	99.0	212.0
PF3D7_1346800	176.0	177.0	118.0	140.0	50.0	76.0	182.0	91.0	58.0	55.0	74.0	36.0	62.0	114.0
PF3D7_1346900	152.0	106.0	112.0	84.0	46.0	45.0	120.0	85.0	85.0	51.0	151.0	36.0	150.0	61.0
PF3D7_1347000	40.0	51.0	42.0	41.0	24.0	22.0	33.0	55.0	38.0	25.0	37.0	22.0	25.0	58.0
PF3D7_1347100	346.0	308.0	326.0	229.0	193.0	159.0	248.0	410.0	238.0	242.0	586.0	223.0	576.0	409.0
PF3D7_1347200	3517.0	4665.0	2630.0	3401.0	1472.0	2865.0	3650.0	8111.0	11457.0	3820.0	18984.0	2476.0	13914.0	12370.0
PF3D7_1347300	63.0	50.0	61.0	45.0	27.0	28.0	75.0	54.0	45.0	23.0	62.0	25.0	63.0	63.0
PF3D7_1347400	264.0	224.0	303.0	219.0	185.0	129.0	223.0	829.0	329.0	480.0	452.0	310.0	280.0	373.0
PF3D7_1347500	9575.0	9810.0	9979.0	8568.0	6368.0	7594.0	9670.0	16174.0	13405.0	12206.0	23596.0	8047.0	15397.0	19889.0
PF3D7_1347600	64.0	77.0	82.0	87.0	36.0	32.0	133.0	58.0	47.0	51.0	44.0	35.0	29.0	68.0
PF3D7_1347700	2739.0	2722.0	2721.0	1527.0	1556.0	1051.0	2043.0	3045.0	1464.0	1978.0	1783.0	1517.0	1336.0	1897.0
PF3D7_1347800	26.0	38.0	28.0	22.0	0.0	13.0	28.0	16.0	27.0	15.0	15.0	13.0	0.0	21.0
PF3D7_1347900	306.0	280.0	300.0	240.0	135.0	109.0	322.0	366.0	292.0	206.0	543.0	150.0	548.0	252.0
PF3D7_1348000	214.0	183.0	236.0	151.0	109.0	101.0	123.0	139.0	80.0	111.0	87.0	85.0	83.0	199.0
PF3D7_1348100	56.0	45.0	70.0	31.0	36.0	18.0	65.0	30.0	20.0	29.0	30.0	14.0	32.0	40.0
PF3D7_1348200	440.0	312.0	474.0	268.0	357.0	207.0	328.0	459.0	198.0	362.0	300.0	272.0	252.0	328.0
PF3D7_1348300	978.0	785.0	1052.0	741.0	732.0	549.0	590.0	1989.0	1014.0	1534.0	1454.0	1190.0	1064.0	1400.0
PF3D7_1348400	1581.0	1299.0	1397.0	1057.0	709.0	636.0	1366.0	1885.0	1369.0	1110.0	2460.0	817.0	2164.0	1703.0
PF3D7_1348500	227.0	153.0	224.0	141.0	123.0	98.0	238.0	266.0	199.0	189.0	399.0	117.0	369.0	162.0
PF3D7_1348600	220.0	211.0	227.0	142.0	129.0	63.0	144.0	120.0	63.0	61.0	79.0	43.0	55.0	212.0
PF3D7_1348700	72.0	78.0	94.0	95.0	46.0	53.0	54.0	90.0	43.0	53.0	44.0	52.0	49.0	90.0
PF3D7_1348800	158.0	165.0	160.0	156.0	75.0	97.0	108.0	155.0	101.0	138.0	87.0	100.0	80.0	168.0
PF3D7_1348900	97.0	66.0	100.0	71.0	63.0	39.0	77.0	122.0	65.0	70.0	94.0	50.0	79.0	76.0
PF3D7_1349000	25.0	36.0	23.0	56.0	23.0	15.0	39.0	28.0	24.0	39.0	28.0	21.0	16.0	23.0
PF3D7_1349100	94.0	91.0	95.0	77.0	48.0	42.0	139.0	64.0	36.0	37.0	56.0	22.0	39.0	85.0
PF3D7_1349200	3816.0	3348.0	4297.0	2685.0	3166.0	1930.0	2677.0	4925.0	3083.0	4287.0	5838.0	3126.0	4217.0	4313.0
PF3D7_1349300	1474.0	1256.0	1398.0	884.0	821.0	551.0	1227.0	1349.0	785.0	884.0	885.0	687.0	694.0	1475.0
PF3D7_1349400	247.0	280.0	270.0	279.0	154.0	262.0	257.0	571.0	458.0	275.0	573.0	173.0	431.0	583.0
PF3D7_1349500	3984.0	3826.0	3910.0	3220.0	2414.0	2419.0	3238.0	4163.0	3206.0	2930.0	5272.0	2203.0	4289.0	5101.0
PF3D7_1349600	217.0	160.0	194.0	152.0	104.0	85.0	235.0	268.0	206.0	198.0	386.0	118.0	292.0	231.0
PF3D7_1349700	84.0	61.0	59.0	29.0	21.0	14.0	62.0	68.0	34.0	41.0	73.0	24.0	91.0	53.0
PF3D7_1349800	176.0	129.0	202.0	121.0	101.0	75.0	132.0	228.0	132.0	170.0	180.0	142.0	125.0	145.0
PF3D7_1349900	55.0	29.0	37.0	23.0	17.0	13.0	38.0	38.0	31.0	253.0	34.0	14.0	27.0	28.0
PF3D7_1350000	113.0	82.0	98.0	53.0	49.0	35.0	136.0	81.0	50.0	40.0	52.0	31.0	28.0	54.0
PF3D7_1350100	1979.0	1819.0	1873.0	1543.0	1219.0	1111.0	1400.0	3753.0	2856.0	2817.0	5168.0	2082.0	4008.0	3535.0
PF3D7_1350200	157.0	148.0	188.0	105.0	86.0	82.0	181.0	275.0	191.0	89.0	170.0	67.0	116.0	105.0
PF3D7_1350300	553.0	463.0	627.0	391.0	357.0	141.0	418.0	712.0	358.0	438.0	410.0	324.0	285.0	329.0
PF3D7_1350400	93.0	121.0	95.0	95.0	42.0	41.0	114.0	86.0	97.0	88.0	85.0	37.0	83.0	98.0
PF3D7_1350500	3135.0	2685.0	3321.0	1970.0	2447.0	1527.0	2131.0	4202.0	2189.0	2934.0	2694.0	2386.0	2150.0	3525.0
PF3D7_1350600	79.0	44.0	99.0	35.0	78.0	14.0	60.0	45.0	19.0	25.0	23.0	22.0	0.0	38.0
PF3D7_1350700	276.0	160.0	267.0	167.0	138.0	79.0	175.0	635.0	368.0	371.0	767.0	230.0	576.0	299.0
PF3D7_1350800	32.0	31.0	32.0	34.0	21.0	25.0	16.0	51.0	19.0	24.0	17.0	37.0	23.0	27.0
PF3D7_1350900	645.0	572.0	802.0	504.0	580.0	277.0	554.0	1303.0	303.0	1137.0	357.0	948.0	229.0	540.0
PF3D7_1351000	3122.0	2637.0	3936.0	2227.0	2871.0	1420.0	1951.0	6487.0	2765.0	4347.0	3736.0	3310.0	2365.0	4213.0
PF3D7_1351100	304.0	317.0	370.0	268.0	217.0	222.0	300.0	557.0	359.0	320.0	536.0	243.0	486.0	404.0
PF3D7_1351200	614.0	654.0	555.0	483.0	333.0	293.0	524.0	1076.0	739.0	594.0	1202.0	429.0	1002.0	1051.0
PF3D7_1351300	20.0	28.0	23.0	40.0	17.0	27.0	23.0	12.0	36.0	16.0	29.0	11.0	18.0	44.0
PF3D7_1351400	2463.0	2297.0	2894.0	2060.0	1824.0	1869.0	2597.0	8238.0	6301.0	4545.0	10892.0	2841.0	6507.0	7083.0
PF3D7_1351600	296.0	279.0	202.0	240.0	136.0	139.0	165.0	245.0	149.0	137.0	238.0	115.0	164.0	312.0
PF3D7_1351700	1021.0	1002.0	886.0	584.0	727.0	289.0	782.0	1226.0	565.0	1059.0	476.0	665.0	233.0	997.0
PF3D7_1351800	509.0	542.0	485.0	399.0	377.0	374.0	464.0	1311.0	723.0	888.0	920.0	676.0	635.0	1148.0
PF3D7_1351900	671.0	556.0	832.0	430.0	359.0	301.0	672.0	1201.0	700.0	784.0	761.0	537.0	459.0	840.0
PF3D7_1352000	920.0	692.0	1063.0	583.0	557.0	396.0	636.0	1507.0	928.0	1055.0	1577.0	668.0	1249.0	1326.0
PF3D7_1352100	399.0	373.0	416.0	305.0	176.0	135.0	341.0	1160.0	680.0	702.0	626.0	438.0	408.0	724.0
PF3D7_1352200	1060.0	855.0	1149.0	731.0	818.0	591.0	738.0	1464.0	783.0	1014.0	1005.0	754.0	605.0	1188.0
PF3D7_1352300	185.0	167.0	196.0	132.0	96.0	67.0	216.0	185.0	163.0	107.0	174.0	65.0	149.0	188.0
PF3D7_1352400	1336.0	1179.0	1391.0	879.0	880.0	627.0	1004.0	2678.0	1508.0	1628.0	2287.0	1304.0	2023.0	2065.0
PF3D7_1352500	851.0	874.0	742.0	601.0	340.0	325.0	859.0	1400.0	1110.0	838.0	1641.0	551.0	1487.0	1361.0
PF3D7_1352600	34.0	47.0	58.0	46.0	26.0	28.0	58.0	25.0	32.0	24.0	27.0	25.0	18.0	39.0
PF3D7_1352700	2491.0	2207.0	2545.0	1892.0	1659.0	1434.0	1773.0	4158.0	2870.0	2986.0	4212.0	2297.0	3268.0	3773.0
PF3D7_1352800	655.0	475.0	685.0	432.0	446.0	313.0	429.0	1337.0	673.0	1056.0	1170.0	783.0	829.0	924.0
PF3D7_1352900	1360.0	1278.0	1366.0	1062.0	923.0	722.0	1112.0	331.0	237.0	269.0	247.0	229.0	177.0	517.0
PF3D7_1353000	3777.0	2638.0	4268.0	2301.0	2583.0	1965.0	2466.0	5391.0	2374.0	4569.0	4405.0	3070.0	2685.0	4172.0
PF3D7_1353100	5586.0	5792.0	5442.0	4538.0	3749.0	3974.0	3386.0	14001.0	7150.0	11037.0	9866.0	7181.0	5817.0	13972.0
PF3D7_1353200	856.0	1365.0	1028.0	1281.0	552.0	1105.0	1008.0	1269.0	1248.0	610.0	860.0	551.0	512.0	1969.0
PF3D7_1353300	1909.0	1516.0	1810.0	1121.0	957.0	710.0	1247.0	3119.0	1919.0	2129.0	3294.0	1384.0	2683.0	2188.0
PF3D7_1353400	927.0	949.0	995.0	848.0	631.0	697.0	648.0	1581.0	943.0	1105.0	1351.0	897.0	899.0	1439.0
PF3D7_1353500	145.0	131.0	121.0	99.0	70.0	81.0	115.0	326.0	193.0	226.0	361.0	159.0	295.0	237.0
PF3D7_1353600	556.0	640.0	497.0	365.0	300.0	217.0	556.0	1236.0	742.0	527.0	699.0	386.0	614.0	697.0
PF3D7_1353700	45.0	42.0	46.0	34.0	19.0	21.0	59.0	167.0	148.0	90.0	164.0	56.0	92.0	92.0
PF3D7_1353800	656.0	507.0	467.0	395.0	284.0	226.0	512.0	1216.0	864.0	867.0	1787.0	541.0	1634.0	960.0
PF3D7_1353900	634.0	648.0	589.0	504.0	319.0	346.0	704.0	1411.0	1159.0	690.0	2017.0	471.0	1600.0	1228.0
PF3D7_1354000	112.0	119.0	125.0	147.0	96.0	80.0	105.0	155.0	79.0	108.0	90.0	97.0	60.0	168.0
PF3D7_1354100	98.0	82.0	77.0	48.0	32.0	42.0	72.0	228.0	90.0	86.0	92.0	88.0	79.0	93.0
PF3D7_1354200	425.0	384.0	353.0	318.0	234.0	177.0	346.0	804.0	474.0	507.0	751.0	322.0	497.0	663.0
PF3D7_1354300	3263.0	2521.0	3668.0	2058.0	2459.0	1571.0	2202.0	5816.0	2924.0	5118.0	4329.0	3350.0	2637.0	4826.0
PF3D7_1354400	591.0	682.0	674.0	522.0	519.0	356.0	537.0	1383.0	780.0	656.0	953.0	471.0	734.0	1156.0
PF3D7_1354500	773.0	693.0	868.0	530.0	632.0	435.0	582.0	2626.0	2270.0	1609.0	3337.0	1223.0	2366.0	1824.0
PF3D7_1354600	633.0	404.0	705.0	290.0	451.0	254.0	300.0	965.0	416.0	634.0	554.0	476.0	358.0	547.0
PF3D7_1354700	88.0	105.0	103.0	107.0	64.0	84.0	39.0	101.0	49.0	81.0	70.0	63.0	41.0	154.0
PF3D7_1354800	294.0	227.0	283.0	193.0	174.0	112.0	240.0	363.0	137.0	249.0	155.0	189.0	121.0	202.0
PF3D7_1354900	681.0	494.0	813.0	452.0	567.0	287.0	387.0	1052.0	407.0	997.0	576.0	724.0	463.0	598.0
PF3D7_1355100	1355.0	1218.0	971.0	846.0	563.0	480.0	1337.0	1254.0	1202.0	1011.0	3474.0	566.0	3383.0	1426.0
PF3D7_1355200	235.0	245.0	204.0	148.0	189.0	98.0	172.0	201.0	145.0	139.0	136.0	146.0	111.0	205.0
PF3D7_1355300	883.0	717.0	928.0	459.0	740.0	325.0	397.0	1281.0	435.0	1129.0	677.0	872.0	582.0	580.0
PF3D7_1355500	1143.0	1050.0	1129.0	849.0	643.0	573.0	971.0	1979.0	1398.0	1309.0	2098.0	839.0	1589.0	1686.0
PF3D7_1355600	322.0	235.0	275.0	268.0	160.0	112.0	288.0	262.0	131.0	193.0	180.0	153.0	127.0	209.0
PF3D7_1355700	2547.0	2991.0	1980.0	1653.0	1175.0	1318.0	2353.0	2185.0	1726.0	1358.0	2274.0	1042.0	1561.0	3068.0
PF3D7_1355800	136.0	172.0	188.0	161.0	85.0	88.0	225.0	160.0	168.0	78.0	177.0	78.0	107.0	140.0
PF3D7_1355900	885.0	715.0	791.0	672.0	430.0	467.0	774.0	1416.0	645.0	1109.0	1378.0	699.0	1151.0	1105.0
PF3D7_1356000	313.0	320.0	360.0	293.0	176.0	202.0	141.0	307.0	196.0	218.0	191.0	192.0	174.0	366.0
PF3D7_1356100	1163.0	803.0	1251.0	587.0	707.0	396.0	943.0	908.0	512.0	608.0	835.0	399.0	777.0	829.0
PF3D7_1356200	156.0	112.0	159.0	73.0	69.0	48.0	179.0	591.0	509.0	226.0	401.0	169.0	259.0	238.0
PF3D7_1356300	305.0	240.0	270.0	150.0	149.0	83.0	209.0	404.0	155.0	238.0	175.0	128.0	148.0	216.0
PF3D7_1356400	250.0	163.0	248.0	189.0	140.0	93.0	197.0	204.0	187.0	169.0	393.0	127.0	318.0	204.0
PF3D7_1356500	0.0	0.0	0.0	0.0	0.0	0.0	0.0	0.0	0.0	10.0	0.0	0.0	0.0	0.0
PF3D7_1356600	338.0	240.0	400.0	176.0	225.0	128.0	231.0	789.0	235.0	513.0	308.0	385.0	271.0	307.0
PF3D7_1356700	158.0	119.0	165.0	69.0	90.0	32.0	108.0	336.0	145.0	172.0	184.0	153.0	171.0	129.0
PF3D7_1356800	2027.0	2155.0	1768.0	1325.0	805.0	612.0	1617.0	1297.0	889.0	872.0	877.0	569.0	563.0	2474.0
PF3D7_1356900	866.0	872.0	596.0	784.0	325.0	490.0	803.0	1405.0	1469.0	715.0	2439.0	520.0	1744.0	1871.0
PF3D7_1357000	4010.0	4650.0	3576.0	4289.0	2153.0	3173.0	4365.0	11112.0	10515.0	7146.0	18297.0	4550.0	11167.0	14298.0
PF3D7_1357100	2575.0	3498.0	2417.0	2786.0	1227.0	1978.0	3551.0	6527.0	8481.0	3137.0	12032.0	1949.0	7308.0	8749.0
PF3D7_1357200	216.0	177.0	159.0	173.0	82.0	152.0	216.0	324.0	200.0	163.0	424.0	140.0	282.0	374.0
PF3D7_1357300	0.0	0.0	0.0	13.0	0.0	0.0	0.0	0.0	0.0	0.0	0.0	0.0	0.0	0.0
PF3D7_1357400	638.0	469.0	560.0	410.0	354.0	268.0	438.0	1155.0	683.0	737.0	1184.0	453.0	802.0	840.0
PF3D7_1357500	507.0	389.0	458.0	348.0	242.0	221.0	356.0	792.0	506.0	488.0	893.0	360.0	687.0	586.0
PF3D7_1357600	29.0	23.0	22.0	24.0	12.0	10.0	17.0	39.0	29.0	21.0	32.0	0.0	33.0	20.0
PF3D7_1357700	1674.0	1551.0	1806.0	1335.0	1199.0	1065.0	1111.0	2918.0	1703.0	2318.0	2270.0	1711.0	1502.0	2836.0
PF3D7_1357800	2477.0	2511.0	2744.0	2209.0	1909.0	1797.0	2217.0	5542.0	4738.0	3674.0	7445.0	2524.0	4762.0	5997.0
PF3D7_1357900	167.0	157.0	172.0	129.0	127.0	58.0	138.0	1127.0	714.0	746.0	1010.0	442.0	697.0	556.0
PF3D7_1358000	947.0	742.0	906.0	506.0	452.0	354.0	650.0	695.0	371.0	509.0	734.0	403.0	791.0	724.0
PF3D7_1358100	2914.0	2260.0	3675.0	2092.0	2505.0	1571.0	2218.0	5570.0	3157.0	5172.0	5256.0	3550.0	2840.0	4908.0
PF3D7_1358200	1359.0	1301.0	1650.0	1095.0	965.0	771.0	948.0	1799.0	1169.0	1089.0	1503.0	791.0	1055.0	1627.0
PF3D7_1358300	84.0	73.0	88.0	85.0	39.0	33.0	86.0	66.0	65.0	40.0	79.0	27.0	94.0	91.0
PF3D7_1358400	89.0	88.0	90.0	53.0	31.0	26.0	104.0	61.0	46.0	33.0	39.0	23.0	26.0	47.0
PF3D7_1358500	315.0	275.0	298.0	352.0	214.0	215.0	205.0	845.0	496.0	803.0	756.0	513.0	378.0	624.0
PF3D7_1358600	468.0	446.0	308.0	320.0	256.0	191.0	303.0	301.0	161.0	257.0	265.0	192.0	153.0	491.0
PF3D7_1358700	692.0	776.0	886.0	756.0	585.0	552.0	840.0	742.0	673.0	408.0	774.0	327.0	519.0	1033.0
PF3D7_1358800	3731.0	3831.0	3870.0	3371.0	2224.0	2700.0	3337.0	10581.0	8929.0	6666.0	14264.0	4099.0	9595.0	10901.0
PF3D7_1358900	253.0	256.0	290.0	261.0	176.0	239.0	293.0	819.0	505.0	627.0	977.0	393.0	705.0	747.0
PF3D7_1359000	2719.0	2636.0	3237.0	2031.0	2334.0	1378.0	1859.0	4321.0	2851.0	2810.0	3550.0	2578.0	2673.0	3475.0
PF3D7_1359100	382.0	440.0	402.0	329.0	225.0	284.0	361.0	630.0	331.0	399.0	446.0	315.0	308.0	487.0
PF3D7_1359200	298.0	232.0	264.0	213.0	181.0	101.0	301.0	494.0	340.0	295.0	594.0	174.0	487.0	293.0
PF3D7_1359300	1301.0	1097.0	1412.0	990.0	1008.0	758.0	947.0	2321.0	1361.0	1828.0	2201.0	1289.0	1640.0	1907.0
PF3D7_1359400	3276.0	2785.0	3841.0	2107.0	2442.0	1587.0	2048.0	6508.0	4245.0	4582.0	6277.0	3211.0	4627.0	4501.0
PF3D7_1359500	59.0	67.0	70.0	59.0	34.0	42.0	72.0	84.0	30.0	48.0	63.0	43.0	35.0	124.0
PF3D7_1359600	3166.0	1920.0	2538.0	1297.0	1171.0	764.0	1915.0	12359.0	6231.0	6430.0	9575.0	3428.0	7165.0	6251.0
PF3D7_1359700	690.0	588.0	728.0	413.0	333.0	231.0	463.0	479.0	373.0	497.0	413.0	408.0	269.0	683.0
PF3D7_1359800	54.0	69.0	67.0	32.0	36.0	18.0	55.0	46.0	26.0	24.0	20.0	11.0	21.0	45.0
PF3D7_1359900	2605.0	2205.0	2704.0	1921.0	1608.0	1331.0	1818.0	3010.0	1499.0	2480.0	2283.0	1870.0	1606.0	2624.0
PF3D7_1360000	64.0	64.0	43.0	47.0	31.0	21.0	88.0	85.0	39.0	44.0	99.0	24.0	107.0	65.0
PF3D7_1360100	257.0	240.0	403.0	260.0	234.0	198.0	184.0	515.0	224.0	272.0	376.0	193.0	259.0	276.0
PF3D7_1360200	215.0	227.0	181.0	141.0	126.0	87.0	209.0	481.0	341.0	257.0	377.0	162.0	320.0	295.0
PF3D7_1360300	96.0	106.0	103.0	99.0	66.0	40.0	104.0	155.0	120.0	86.0	192.0	59.0	174.0	130.0
PF3D7_1360400	218.0	154.0	176.0	172.0	115.0	98.0	131.0	371.0	221.0	291.0	358.0	177.0	300.0	263.0
PF3D7_1360500	554.0	603.0	506.0	485.0	309.0	281.0	511.0	467.0	255.0	372.0	409.0	297.0	374.0	592.0
PF3D7_1360700	1713.0	1534.0	1725.0	1057.0	969.0	829.0	1178.0	2323.0	1345.0	1599.0	2173.0	918.0	1771.0	1629.0
PF3D7_1360800	4479.0	3739.0	4141.0	3183.0	2431.0	2495.0	3548.0	9024.0	6627.0	6042.0	11202.0	3810.0	8029.0	9584.0
PF3D7_1360900	827.0	671.0	709.0	544.0	365.0	317.0	992.0	1149.0	833.0	795.0	1895.0	403.0	1758.0	739.0
PF3D7_1361000	304.0	375.0	261.0	259.0	148.0	191.0	263.0	605.0	411.0	467.0	664.0	287.0	318.0	610.0
PF3D7_1361100	4706.0	4069.0	4690.0	2994.0	3434.0	2343.0	3123.0	4445.0	2203.0	3598.0	3468.0	3069.0	2862.0	4203.0
PF3D7_1361200	2170.0	1766.0	2727.0	1411.0	1353.0	931.0	1475.0	3161.0	1910.0	2200.0	2681.0	1650.0	1881.0	2324.0
PF3D7_1361300	50.0	49.0	59.0	43.0	29.0	17.0	28.0	44.0	27.0	28.0	39.0	22.0	28.0	32.0
PF3D7_1361400	56.0	66.0	54.0	30.0	18.0	23.0	37.0	36.0	32.0	13.0	25.0	14.0	18.0	43.0
PF3D7_1361500	168.0	145.0	153.0	100.0	46.0	39.0	113.0	111.0	103.0	56.0	84.0	31.0	27.0	169.0
PF3D7_1361600	16.0	32.0	44.0	27.0	16.0	15.0	36.0	19.0	15.0	0.0	35.0	0.0	25.0	36.0
PF3D7_1361700	136.0	130.0	181.0	71.0	47.0	38.0	152.0	166.0	84.0	63.0	125.0	52.0	140.0	58.0
PF3D7_1361800	3665.0	3760.0	2483.0	2012.0	1206.0	974.0	2483.0	1589.0	1483.0	1450.0	1622.0	603.0	1081.0	3715.0
PF3D7_1361900	904.0	1062.0	795.0	690.0	378.0	427.0	949.0	1534.0	2163.0	734.0	5279.0	460.0	4125.0	1416.0
PF3D7_1362000	145.0	96.0	116.0	84.0	65.0	32.0	139.0	165.0	50.0	91.0	92.0	91.0	71.0	66.0
PF3D7_1362100	80.0	72.0	82.0	60.0	37.0	31.0	99.0	76.0	47.0	61.0	71.0	33.0	34.0	105.0
PF3D7_1362200	859.0	617.0	840.0	598.0	576.0	374.0	573.0	2282.0	936.0	1750.0	1736.0	1265.0	1248.0	1330.0
PF3D7_1362300	73.0	54.0	95.0	41.0	44.0	25.0	55.0	271.0	81.0	157.0	113.0	121.0	78.0	76.0
PF3D7_1362400	1946.0	1507.0	1854.0	1315.0	1028.0	947.0	1531.0	2297.0	1319.0	1518.0	2081.0	1169.0	1427.0	1731.0
PF3D7_1362500	207.0	148.0	183.0	149.0	112.0	74.0	189.0	178.0	167.0	245.0	265.0	197.0	207.0	121.0
PF3D7_1362600	193.0	131.0	162.0	139.0	105.0	83.0	163.0	107.0	62.0	55.0	85.0	59.0	42.0	139.0
PF3D7_1362700	4593.0	2889.0	4635.0	2890.0	2735.0	1409.0	3776.0	5961.0	1779.0	4620.0	2893.0	2956.0	2161.0	2399.0
PF3D7_1362800	464.0	455.0	433.0	354.0	242.0	172.0	287.0	411.0	246.0	305.0	485.0	244.0	432.0	521.0
PF3D7_1362900	314.0	277.0	285.0	220.0	152.0	142.0	157.0	317.0	158.0	237.0	269.0	181.0	204.0	268.0
PF3D7_1363000	556.0	653.0	768.0	676.0	429.0	491.0	478.0	750.0	510.0	511.0	579.0	353.0	385.0	733.0
PF3D7_1363100	394.0	304.0	419.0	301.0	178.0	208.0	309.0	375.0	235.0	249.0	363.0	161.0	356.0	406.0
PF3D7_1363200	209.0	203.0	231.0	186.0	115.0	119.0	163.0	358.0	219.0	272.0	387.0	165.0	351.0	284.0
PF3D7_1363300	105.0	87.0	89.0	79.0	54.0	50.0	69.0	163.0	121.0	114.0	191.0	100.0	164.0	122.0
PF3D7_1363400	1022.0	958.0	1003.0	769.0	586.0	533.0	952.0	1476.0	977.0	905.0	1489.0	691.0	1214.0	1231.0
PF3D7_1363500	497.0	400.0	469.0	298.0	266.0	116.0	400.0	921.0	419.0	564.0	521.0	389.0	466.0	428.0
PF3D7_1363600	53.0	37.0	39.0	29.0	19.0	20.0	68.0	75.0	81.0	30.0	148.0	22.0	148.0	64.0
PF3D7_1363700	351.0	297.0	371.0	271.0	193.0	144.0	289.0	616.0	316.0	424.0	513.0	297.0	441.0	410.0
PF3D7_1363800	107.0	88.0	111.0	71.0	54.0	41.0	103.0	88.0	48.0	49.0	62.0	50.0	49.0	61.0
PF3D7_1364000	712.0	615.0	675.0	386.0	362.0	284.0	435.0	940.0	470.0	512.0	590.0	395.0	463.0	564.0
PF3D7_1364100	1208.0	1036.0	888.0	609.0	490.0	396.0	1014.0	471.0	321.0	369.0	769.0	248.0	1131.0	847.0
PF3D7_1364200	1939.0	1827.0	2063.0	1312.0	1424.0	967.0	1357.0	2140.0	1370.0	1454.0	2177.0	1311.0	1893.0	2053.0
PF3D7_1364300	936.0	768.0	1101.0	568.0	762.0	368.0	602.0	1356.0	625.0	985.0	931.0	701.0	724.0	877.0
PF3D7_1364400	2132.0	1997.0	2428.0	1588.0	1469.0	1160.0	1848.0	3669.0	2693.0	2230.0	3550.0	1753.0	2565.0	2991.0
PF3D7_1364500	538.0	480.0	646.0	396.0	454.0	291.0	313.0	788.0	419.0	712.0	752.0	593.0	588.0	533.0
PF3D7_1364600	352.0	309.0	338.0	220.0	172.0	132.0	250.0	379.0	202.0	282.0	427.0	228.0	362.0	305.0
PF3D7_1364700	83.0	86.0	66.0	93.0	61.0	46.0	54.0	100.0	47.0	69.0	59.0	58.0	63.0	90.0
PF3D7_1364800	623.0	592.0	808.0	609.0	522.0	419.0	719.0	1043.0	698.0	611.0	801.0	406.0	471.0	995.0
PF3D7_1364900	59.0	68.0	75.0	72.0	33.0	30.0	57.0	101.0	60.0	64.0	94.0	78.0	84.0	63.0
PF3D7_1365000	516.0	411.0	581.0	433.0	340.0	348.0	316.0	839.0	363.0	612.0	514.0	488.0	345.0	616.0
PF3D7_1365100	89.0	57.0	91.0	100.0	68.0	45.0	104.0	180.0	114.0	99.0	121.0	81.0	109.0	97.0
PF3D7_1365200	39.0	57.0	63.0	48.0	39.0	15.0	63.0	114.0	151.0	46.0	101.0	46.0	81.0	37.0
PF3D7_1365300	691.0	627.0	762.0	549.0	481.0	312.0	527.0	767.0	356.0	543.0	486.0	418.0	395.0	570.0
PF3D7_1365400	371.0	319.0	347.0	271.0	195.0	146.0	241.0	753.0	377.0	430.0	410.0	361.0	345.0	400.0
PF3D7_1365500	541.0	368.0	407.0	314.0	267.0	168.0	353.0	1275.0	575.0	885.0	1089.0	559.0	963.0	644.0
PF3D7_1365600	253.0	175.0	184.0	577.0	160.0	200.0	164.0	169.0	111.0	245.0	159.0	187.0	90.0	220.0
PF3D7_1365700	837.0	762.0	592.0	511.0	277.0	394.0	523.0	1149.0	662.0	578.0	1157.0	384.0	1047.0	1007.0
PF3D7_1365800	339.0	364.0	355.0	255.0	212.0	156.0	339.0	594.0	287.0	360.0	417.0	251.0	303.0	476.0
PF3D7_1365900	2900.0	2998.0	3953.0	3506.0	2354.0	2780.0	3969.0	7299.0	6692.0	4613.0	9288.0	3193.0	4726.0	8298.0
PF3D7_1366000	35.0	50.0	28.0	38.0	35.0	17.0	101.0	52.0	43.0	35.0	44.0	23.0	27.0	81.0
PF3D7_1366100	109.0	86.0	58.0	108.0	40.0	64.0	145.0	71.0	65.0	251.0	80.0	69.0	29.0	166.0
PF3D7_1366200	49.0	63.0	80.0	65.0	23.0	40.0	85.0	85.0	89.0	29.0	97.0	23.0	90.0	85.0
PF3D7_1366300	5867.0	5579.0	6197.0	4393.0	4049.0	3276.0	4467.0	9444.0	6388.0	6731.0	9775.0	5484.0	6904.0	9839.0
PF3D7_1366400	1440.0	1261.0	1299.0	977.0	825.0	691.0	1029.0	2664.0	1606.0	2159.0	2884.0	1421.0	2454.0	2059.0
PF3D7_1366500	221.0	277.0	217.0	232.0	113.0	132.0	424.0	277.0	414.0	107.0	798.0	73.0	596.0	263.0
PF3D7_1366600	1482.0	1318.0	1640.0	1111.0	1023.0	817.0	1177.0	2549.0	1240.0	1947.0	1925.0	1345.0	1246.0	1888.0
PF3D7_1366700	223.0	197.0	324.0	169.0	227.0	130.0	194.0	548.0	229.0	366.0	273.0	290.0	189.0	318.0
PF3D7_1366800	438.0	390.0	427.0	218.0	205.0	108.0	245.0	1211.0	540.0	586.0	534.0	457.0	512.0	479.0
PF3D7_1366900	6024.0	4598.0	7127.0	3429.0	4460.0	2817.0	4610.0	11037.0	5421.0	7849.0	7971.0	6004.0	5867.0	7507.0
PF3D7_1367000	119.0	120.0	122.0	114.0	45.0	64.0	127.0	142.0	162.0	101.0	209.0	63.0	173.0	131.0
PF3D7_1367100	886.0	637.0	831.0	596.0	412.0	381.0	608.0	1658.0	688.0	1182.0	1158.0	775.0	800.0	978.0
PF3D7_1367200	32.0	36.0	36.0	30.0	26.0	16.0	37.0	51.0	26.0	23.0	28.0	19.0	14.0	41.0
PF3D7_1367300	33.0	54.0	32.0	48.0	33.0	31.0	60.0	31.0	24.0	20.0	20.0	20.0	22.0	49.0
PF3D7_1367400	1156.0	874.0	1329.0	719.0	1105.0	541.0	742.0	1618.0	918.0	1234.0	1252.0	983.0	711.0	1371.0
PF3D7_1367500	280.0	275.0	246.0	157.0	123.0	107.0	265.0	289.0	272.0	194.0	507.0	113.0	434.0	336.0
PF3D7_1367600	234.0	194.0	332.0	217.0	228.0	154.0	214.0	428.0	247.0	264.0	261.0	198.0	142.0	246.0
PF3D7_1367700	3214.0	2698.0	3891.0	2106.0	2905.0	1997.0	2226.0	5612.0	3614.0	3806.0	6142.0	2983.0	4360.0	4295.0
PF3D7_1367800	424.0	460.0	402.0	605.0	336.0	306.0	152.0	425.0	249.0	509.0	338.0	371.0	238.0	708.0
PF3D7_1367900	44.0	57.0	62.0	47.0	29.0	30.0	18.0	46.0	27.0	39.0	43.0	39.0	38.0	46.0
PF3D7_1368000	15.0	13.0	14.0	15.0	0.0	0.0	11.0	10.0	0.0	0.0	12.0	17.0	0.0	11.0
PF3D7_1368100	1001.0	671.0	646.0	508.0	412.0	288.0	659.0	1844.0	904.0	1198.0	1771.0	759.0	1475.0	1212.0
PF3D7_1368200	1004.0	871.0	1043.0	627.0	711.0	451.0	655.0	2683.0	1197.0	1993.0	2098.0	1472.0	1751.0	1676.0
PF3D7_1368300	120.0	83.0	147.0	76.0	76.0	48.0	153.0	192.0	102.0	99.0	177.0	60.0	128.0	144.0
PF3D7_1368400	409.0	313.0	467.0	236.0	284.0	216.0	302.0	808.0	361.0	599.0	509.0	390.0	374.0	505.0
PF3D7_1368500	183.0	124.0	168.0	97.0	89.0	52.0	154.0	301.0	110.0	156.0	216.0	114.0	177.0	137.0
PF3D7_1368600	152.0	159.0	208.0	164.0	87.0	91.0	237.0	544.0	421.0	221.0	357.0	178.0	248.0	301.0
PF3D7_1368700	293.0	225.0	266.0	190.0	142.0	75.0	275.0	375.0	188.0	243.0	489.0	138.0	493.0	273.0
PF3D7_1368800	837.0	594.0	796.0	492.0	465.0	314.0	479.0	840.0	514.0	700.0	931.0	380.0	840.0	585.0
PF3D7_1368900	870.0	691.0	583.0	397.0	318.0	288.0	529.0	1103.0	609.0	734.0	1048.0	527.0	971.0	780.0
PF3D7_1369000	185.0	241.0	192.0	217.0	95.0	133.0	239.0	167.0	143.0	99.0	257.0	77.0	245.0	173.0
PF3D7_1369100	147.0	129.0	159.0	135.0	69.0	83.0	140.0	138.0	106.0	115.0	163.0	70.0	111.0	116.0
PF3D7_1369200	1163.0	1178.0	1207.0	892.0	835.0	770.0	776.0	2121.0	1012.0	1421.0	1437.0	1144.0	1104.0	1669.0
PF3D7_1369300	122.0	91.0	108.0	103.0	48.0	54.0	132.0	72.0	49.0	54.0	65.0	48.0	40.0	100.0
PF3D7_1369400	928.0	722.0	921.0	577.0	448.0	400.0	785.0	2304.0	1530.0	1172.0	1663.0	774.0	1277.0	1291.0
PF3D7_1369500	1630.0	1445.0	1746.0	1150.0	1219.0	855.0	1025.0	2851.0	1649.0	2055.0	2500.0	1454.0	1858.0	2387.0
PF3D7_1369600	711.0	556.0	630.0	578.0	312.0	373.0	516.0	1001.0	522.0	874.0	899.0	549.0	630.0	850.0
PF3D7_1369700	328.0	360.0	243.0	292.0	198.0	237.0	281.0	476.0	337.0	216.0	336.0	198.0	232.0	478.0
PF3D7_1369800	0.0	0.0	0.0	16.0	15.0	0.0	24.0	22.0	101.0	0.0	0.0	0.0	0.0	18.0
PF3D7_1370100	0.0	0.0	19.0	19.0	0.0	0.0	0.0	11.0	0.0	12.0	0.0	0.0	0.0	10.0
PF3D7_1370200	12.0	0.0	0.0	21.0	12.0	0.0	13.0	0.0	0.0	12.0	18.0	17.0	0.0	0.0
PF3D7_1370300	8219.0	10202.0	7952.0	9267.0	6225.0	10118.0	4553.0	19460.0	17165.0	13155.0	20198.0	11035.0	13284.0	31692.0
PF3D7_1370500	682.0	618.0	674.0	357.0	244.0	153.0	566.0	382.0	184.0	317.0	273.0	453.0	160.0	142.0
PF3D7_1370800	354.0	258.0	534.0	312.0	185.0	105.0	328.0	182.0	61.0	140.0	128.0	226.0	63.0	96.0
PF3D7_1370900	1433.0	753.0	1122.0	623.0	502.0	276.0	863.0	656.0	260.0	603.0	510.0	826.0	342.0	299.0
PF3D7_1371000	28.0	50.0	67.0	74.0	24.0	62.0	67.0	55.0	66.0	43.0	64.0	39.0	34.0	57.0
PF3D7_1371300	138.0	231.0	410.0	416.0	172.0	427.0	378.0	327.0	410.0	193.0	329.0	233.0	234.0	413.0
PF3D7_1371500	12.0	15.0	13.0	10.0	10.0	11.0	16.0	16.0	16.0	10.0	28.0	0.0	28.0	0.0
PF3D7_1371600	803.0	761.0	725.0	719.0	432.0	350.0	393.0	693.0	469.0	717.0	483.0	425.0	274.0	1090.0
PF3D7_1371700	150.0	115.0	149.0	76.0	77.0	43.0	59.0	788.0	316.0	467.0	475.0	330.0	333.0	287.0
PF3D7_1371800	259.0	188.0	273.0	148.0	180.0	77.0	165.0	3224.0	1406.0	1841.0	1807.0	1084.0	1071.0	1468.0
PF3D7_1371900	69.0	46.0	55.0	0.0	17.0	19.0	31.0	893.0	379.0	243.0	220.0	152.0	179.0	109.0
PF3D7_1372000	230.0	54.0	541.0	65.0	754.0	25.0	19.0	1199.0	107.0	1689.0	135.0	1637.0	70.0	192.0
PF3D7_1372100	834.0	834.0	427.0	882.0	193.0	431.0	1265.0	342.0	436.0	186.0	509.0	162.0	473.0	558.0
PF3D7_1372200	1424.0	2814.0	947.0	2316.0	495.0	1964.0	1479.0	4120.0	5419.0	2738.0	6168.0	2655.0	5359.0	11368.0
PF3D7_1372300	421.0	685.0	531.0	629.0	340.0	488.0	689.0	433.0	471.0	166.0	355.0	145.0	196.0	702.0
PF3D7_1372400	566.0	397.0	707.0	352.0	320.0	222.0	350.0	713.0	309.0	567.0	654.0	367.0	473.0	564.0
PF3D7_1372500	25.0	77.0	23.0	25.0	26.0	20.0	23.0	351.0	251.0	297.0	311.0	127.0	136.0	293.0
PF3D7_1372600	65.0	103.0	95.0	115.0	65.0	67.0	35.0	175.0	92.0	166.0	173.0	71.0	73.0	189.0
PF3D7_1372700	37.0	23.0	54.0	53.0	25.0	17.0	18.0	59.0	31.0	38.0	18.0	24.0	16.0	50.0
PF3D7_1372800	0.0	0.0	13.0	11.0	13.0	0.0	0.0	59.0	34.0	40.0	33.0	54.0	21.0	37.0
PF3D7_1373000	0.0	0.0	0.0	23.0	0.0	0.0	0.0	23.0	12.0	21.0	0.0	21.0	0.0	15.0
PF3D7_1373100	35.0	30.0	39.0	44.0	27.0	15.0	17.0	96.0	50.0	74.0	47.0	32.0	29.0	75.0
PF3D7_1373300	50.0	45.0	98.0	59.0	69.0	32.0	23.0	837.0	235.0	318.0	163.0	194.0	92.0	401.0
PF3D7_1373400	74.0	65.0	150.0	96.0	61.0	47.0	33.0	301.0	121.0	140.0	117.0	86.0	55.0	211.0
PF3D7_1373500	988.0	1093.0	1501.0	1507.0	991.0	897.0	613.0	2348.0	1569.0	1593.0	1557.0	1259.0	862.0	3173.0
PF3D7_1400100	500.0	513.0	660.0	637.0	415.0	311.0	264.0	912.0	576.0	568.0	499.0	440.0	321.0	1093.0
PF3D7_1400200	155.0	107.0	185.0	154.0	146.0	63.0	83.0	1975.0	590.0	928.0	636.0	578.0	277.0	1247.0
PF3D7_1400300	43.0	35.0	52.0	49.0	40.0	16.0	21.0	89.0	28.0	35.0	19.0	35.0	23.0	71.0
PF3D7_1400400	47.0	62.0	81.0	71.0	54.0	31.0	26.0	120.0	64.0	94.0	56.0	42.0	44.0	116.0
PF3D7_1400500	0.0	10.0	12.0	20.0	11.0	11.0	0.0	268.0	66.0	78.0	51.0	58.0	25.0	167.0
PF3D7_1400600	26.0	28.0	56.0	86.0	50.0	19.0	23.0	53.0	35.0	74.0	31.0	48.0	20.0	43.0
PF3D7_1400700	18.0	22.0	27.0	20.0	12.0	0.0	13.0	84.0	41.0	47.0	30.0	27.0	17.0	69.0
PF3D7_1400800	30.0	51.0	63.0	66.0	28.0	14.0	11.0	143.0	60.0	73.0	36.0	51.0	26.0	94.0
PF3D7_1401000	307.0	90.0	530.0	63.0	375.0	49.0	78.0	2467.0	135.0	3133.0	290.0	2570.0	213.0	118.0
PF3D7_1401050	58.0	58.0	55.0	40.0	46.0	31.0	40.0	108.0	52.0	114.0	69.0	121.0	34.0	59.0
PF3D7_1401100	6285.0	9190.0	5863.0	7104.0	3358.0	6847.0	9859.0	4627.0	4176.0	2400.0	3093.0	1992.0	1727.0	11559.0
PF3D7_1401200	246.0	150.0	256.0	120.0	104.0	84.0	166.0	1338.0	536.0	810.0	721.0	491.0	402.0	397.0
PF3D7_1401300	554.0	353.0	645.0	309.0	552.0	187.0	316.0	2482.0	545.0	2214.0	628.0	1965.0	404.0	834.0
PF3D7_1401400	9693.0	12828.0	10105.0	15027.0	6118.0	12944.0	14630.0	7252.0	7616.0	4176.0	7170.0	3602.0	3241.0	17791.0
PF3D7_1401500	331.0	195.0	337.0	126.0	461.0	95.0	132.0	1886.0	441.0	1438.0	495.0	1652.0	359.0	612.0
PF3D7_1401600	2138.0	2183.0	2367.0	1708.0	1240.0	1281.0	1430.0	2752.0	1775.0	2044.0	1654.0	1584.0	979.0	4261.0
PF3D7_1401700	55.0	70.0	43.0	80.0	51.0	34.0	85.0	54.0	51.0	49.0	41.0	35.0	30.0	124.0
PF3D7_1401800	863.0	602.0	634.0	499.0	322.0	232.0	770.0	1533.0	670.0	989.0	992.0	653.0	812.0	872.0
PF3D7_1401900	167.0	121.0	189.0	134.0	96.0	77.0	160.0	106.0	85.0	140.0	109.0	130.0	80.0	120.0
PF3D7_1402000	145.0	115.0	97.0	106.0	56.0	54.0	146.0	241.0	249.0	186.0	440.0	169.0	336.0	275.0
PF3D7_1402100	161.0	167.0	150.0	146.0	107.0	125.0	119.0	264.0	202.0	221.0	292.0	148.0	220.0	308.0
PF3D7_1402200	212.0	213.0	214.0	143.0	64.0	68.0	237.0	150.0	168.0	94.0	212.0	58.0	218.0	222.0
PF3D7_1402300	1200.0	1019.0	1101.0	793.0	598.0	580.0	927.0	2202.0	1385.0	1444.0	2209.0	982.0	1840.0	1875.0
PF3D7_1402400	405.0	332.0	501.0	395.0	307.0	264.0	318.0	997.0	526.0	638.0	607.0	407.0	391.0	676.0
PF3D7_1402500	868.0	881.0	1038.0	967.0	491.0	606.0	1132.0	3311.0	3058.0	1725.0	3985.0	1107.0	2525.0	2624.0
PF3D7_1402700	1050.0	788.0	1186.0	886.0	889.0	660.0	1107.0	2477.0	1837.0	1552.0	1942.0	1072.0	1220.0	1905.0
PF3D7_1402800	2874.0	1699.0	3880.0	1257.0	2937.0	915.0	1320.0	6709.0	2126.0	5310.0	3078.0	4202.0	2154.0	3329.0
PF3D7_1402900	200.0	147.0	185.0	116.0	95.0	91.0	143.0	300.0	176.0	208.0	228.0	141.0	155.0	194.0
PF3D7_1403000	86.0	61.0	112.0	135.0	57.0	64.0	110.0	76.0	53.0	50.0	43.0	49.0	30.0	94.0
PF3D7_1403100	2003.0	1618.0	1635.0	1323.0	1080.0	775.0	1765.0	2337.0	1673.0	1447.0	3444.0	970.0	3234.0	2176.0
PF3D7_1403200	123.0	114.0	100.0	130.0	87.0	54.0	161.0	62.0	31.0	46.0	49.0	55.0	44.0	78.0
PF3D7_1403300	123.0	165.0	143.0	151.0	79.0	89.0	71.0	121.0	71.0	77.0	97.0	80.0	58.0	182.0
PF3D7_1403400	171.0	148.0	149.0	156.0	67.0	97.0	184.0	134.0	181.0	80.0	380.0	67.0	317.0	167.0
PF3D7_1403500	119.0	127.0	112.0	161.0	85.0	57.0	155.0	111.0	61.0	147.0	73.0	91.0	62.0	87.0
PF3D7_1403600	84.0	73.0	88.0	45.0	34.0	16.0	85.0	67.0	33.0	36.0	37.0	24.0	24.0	33.0
PF3D7_1403700	130.0	109.0	102.0	119.0	52.0	47.0	200.0	96.0	100.0	54.0	117.0	35.0	97.0	88.0
PF3D7_1403800	437.0	417.0	387.0	348.0	181.0	220.0	420.0	518.0	303.0	494.0	351.0	285.0	231.0	718.0
PF3D7_1403900	394.0	297.0	351.0	252.0	250.0	150.0	431.0	1075.0	739.0	733.0	1053.0	573.0	934.0	699.0
PF3D7_1404000	104.0	52.0	84.0	46.0	46.0	26.0	66.0	177.0	102.0	106.0	126.0	68.0	123.0	97.0
PF3D7_1404100	661.0	696.0	578.0	572.0	336.0	324.0	698.0	1145.0	1257.0	463.0	1543.0	323.0	1212.0	1054.0
PF3D7_1404200	71.0	44.0	66.0	36.0	22.0	27.0	45.0	50.0	31.0	42.0	29.0	50.0	25.0	43.0
PF3D7_1404300	15.0	21.0	22.0	74.0	38.0	22.0	12.0	30.0	16.0	29.0	17.0	14.0	10.0	36.0
PF3D7_1404400	54.0	65.0	77.0	42.0	29.0	27.0	52.0	61.0	42.0	64.0	107.0	26.0	79.0	50.0
PF3D7_1404500	638.0	453.0	781.0	454.0	527.0	329.0	427.0	1213.0	527.0	1023.0	764.0	672.0	504.0	759.0
PF3D7_1404600	194.0	198.0	223.0	174.0	128.0	98.0	183.0	151.0	115.0	78.0	106.0	72.0	70.0	162.0
PF3D7_1404700	134.0	135.0	100.0	93.0	39.0	69.0	130.0	123.0	92.0	72.0	75.0	57.0	57.0	145.0
PF3D7_1404800	9860.0	10034.0	10531.0	7442.0	7343.0	6479.0	7263.0	10263.0	5839.0	6509.0	5862.0	5434.0	3692.0	11340.0
PF3D7_1404900	3047.0	2803.0	3108.0	2350.0	2232.0	1710.0	2993.0	5531.0	3344.0	4094.0	4976.0	3040.0	3211.0	5185.0
PF3D7_1405000	278.0	261.0	275.0	239.0	146.0	168.0	227.0	324.0	213.0	240.0	392.0	166.0	275.0	323.0
PF3D7_1405100	1043.0	714.0	1078.0	633.0	609.0	417.0	669.0	2400.0	1085.0	1644.0	1606.0	1072.0	1110.0	1359.0
PF3D7_1405200	83.0	51.0	94.0	57.0	42.0	41.0	72.0	117.0	79.0	82.0	115.0	57.0	88.0	79.0
PF3D7_1405300	290.0	244.0	259.0	188.0	124.0	103.0	225.0	377.0	239.0	291.0	439.0	197.0	335.0	286.0
PF3D7_1405400	342.0	290.0	236.0	176.0	179.0	139.0	233.0	685.0	512.0	498.0	855.0	354.0	731.0	486.0
PF3D7_1405500	176.0	185.0	193.0	193.0	104.0	123.0	127.0	393.0	268.0	272.0	374.0	183.0	255.0	319.0
PF3D7_1405600	574.0	630.0	446.0	356.0	202.0	195.0	724.0	714.0	923.0	300.0	1618.0	193.0	1734.0	461.0
PF3D7_1405700	661.0	488.0	533.0	423.0	306.0	242.0	505.0	1225.0	558.0	764.0	695.0	498.0	541.0	699.0
PF3D7_1405800	3127.0	2585.0	3979.0	2246.0	2886.0	1868.0	2203.0	4472.0	2476.0	3665.0	3783.0	2791.0	2221.0	4362.0
PF3D7_1405900	1916.0	1528.0	2541.0	1219.0	1843.0	891.0	1252.0	2875.0	1331.0	2361.0	2072.0	1804.0	1323.0	2217.0
PF3D7_1406000	32.0	34.0	43.0	33.0	20.0	22.0	26.0	86.0	77.0	35.0	88.0	35.0	43.0	40.0
PF3D7_1406100	708.0	522.0	727.0	362.0	429.0	279.0	408.0	1045.0	497.0	676.0	675.0	586.0	482.0	754.0
PF3D7_1406200	6489.0	5266.0	8547.0	4528.0	6065.0	3571.0	4253.0	9692.0	5592.0	8186.0	8368.0	6352.0	5474.0	7925.0
PF3D7_1406300	197.0	192.0	145.0	135.0	114.0	107.0	128.0	230.0	191.0	156.0	431.0	111.0	415.0	244.0
PF3D7_1406400	101.0	122.0	106.0	73.0	46.0	40.0	143.0	165.0	148.0	91.0	271.0	52.0	285.0	129.0
PF3D7_1406500	164.0	212.0	192.0	179.0	121.0	136.0	285.0	284.0	693.0	149.0	128.0	94.0	120.0	318.0
PF3D7_1406600	869.0	655.0	808.0	542.0	358.0	258.0	863.0	1128.0	756.0	672.0	1253.0	444.0	1088.0	892.0
PF3D7_1406700	155.0	138.0	142.0	89.0	62.0	43.0	159.0	208.0	135.0	102.0	143.0	74.0	187.0	86.0
PF3D7_1406800	527.0	807.0	459.0	396.0	166.0	149.0	720.0	299.0	284.0	165.0	288.0	100.0	161.0	504.0
PF3D7_1406900	88.0	59.0	66.0	42.0	23.0	24.0	73.0	93.0	73.0	109.0	114.0	52.0	102.0	68.0
PF3D7_1407000	243.0	242.0	168.0	206.0	108.0	117.0	254.0	179.0	98.0	121.0	126.0	102.0	104.0	251.0
PF3D7_1407100	3312.0	2943.0	3565.0	2163.0	2843.0	1802.0	2635.0	5291.0	3237.0	3749.0	5408.0	2920.0	3400.0	4804.0
PF3D7_1407200	441.0	279.0	473.0	230.0	288.0	156.0	317.0	815.0	320.0	489.0	396.0	372.0	267.0	388.0
PF3D7_1407300	1876.0	1570.0	1915.0	1331.0	1243.0	928.0	1570.0	3239.0	1940.0	2052.0	2998.0	1383.0	2125.0	2683.0
PF3D7_1407400	283.0	198.0	231.0	291.0	170.0	147.0	253.0	284.0	162.0	352.0	247.0	171.0	164.0	209.0
PF3D7_1407500	339.0	361.0	382.0	276.0	227.0	199.0	329.0	726.0	491.0	364.0	595.0	305.0	382.0	547.0
PF3D7_1407600	822.0	790.0	626.0	689.0	360.0	585.0	456.0	715.0	458.0	538.0	542.0	355.0	356.0	941.0
PF3D7_1407700	77.0	116.0	47.0	64.0	38.0	59.0	43.0	55.0	54.0	85.0	67.0	35.0	59.0	112.0
PF3D7_1407800	8806.0	8609.0	6866.0	5387.0	4356.0	4305.0	7880.0	10004.0	6654.0	7024.0	8999.0	5246.0	6975.0	10132.0
PF3D7_1407900	5870.0	6178.0	6075.0	5077.0	4472.0	4346.0	5151.0	4539.0	3296.0	2966.0	3881.0	2651.0	2445.0	4619.0
PF3D7_1408000	1649.0	1468.0	1241.0	1124.0	769.0	763.0	1411.0	4261.0	2483.0	3374.0	4896.0	1854.0	3897.0	3297.0
PF3D7_1408100	2276.0	2615.0	1880.0	2039.0	1415.0	1705.0	2225.0	5319.0	4942.0	3732.0	8822.0	2363.0	6644.0	8158.0
PF3D7_1408200	4358.0	4261.0	4417.0	3128.0	2691.0	2409.0	2944.0	6024.0	3599.0	3764.0	5051.0	2748.0	3369.0	5725.0
PF3D7_1408300	28.0	24.0	61.0	30.0	16.0	19.0	39.0	31.0	26.0	11.0	15.0	11.0	0.0	31.0
PF3D7_1408400	745.0	749.0	612.0	596.0	351.0	352.0	635.0	1178.0	883.0	655.0	1637.0	517.0	1413.0	1442.0
PF3D7_1408500	337.0	285.0	479.0	245.0	247.0	191.0	284.0	756.0	387.0	382.0	399.0	360.0	232.0	369.0
PF3D7_1408600	3172.0	3598.0	3450.0	3243.0	2115.0	2921.0	3891.0	10120.0	10074.0	6302.0	18278.0	3894.0	10899.0	12001.0
PF3D7_1408700	7093.0	6370.0	7797.0	5125.0	4447.0	4042.0	4816.0	9607.0	5694.0	6097.0	8872.0	5055.0	7510.0	7070.0
PF3D7_1408800	64.0	61.0	72.0	42.0	29.0	34.0	80.0	56.0	32.0	37.0	43.0	26.0	22.0	92.0
PF3D7_1408900	107.0	100.0	173.0	106.0	103.0	51.0	109.0	339.0	217.0	200.0	188.0	162.0	119.0	157.0
PF3D7_1409000	281.0	223.0	310.0	189.0	184.0	115.0	178.0	774.0	422.0	421.0	529.0	343.0	388.0	357.0
PF3D7_1409100	913.0	577.0	863.0	640.0	460.0	361.0	626.0	1216.0	539.0	1105.0	1111.0	727.0	812.0	851.0
PF3D7_1409200	94.0	85.0	109.0	92.0	45.0	31.0	157.0	84.0	62.0	61.0	74.0	48.0	53.0	66.0
PF3D7_1409300	726.0	540.0	667.0	426.0	360.0	225.0	579.0	694.0	345.0	424.0	556.0	267.0	466.0	594.0
PF3D7_1409400	570.0	658.0	476.0	378.0	182.0	121.0	495.0	396.0	332.0	170.0	351.0	106.0	327.0	422.0
PF3D7_1409500	296.0	265.0	304.0	235.0	187.0	143.0	205.0	317.0	175.0	261.0	221.0	189.0	158.0	328.0
PF3D7_1409600	879.0	591.0	1106.0	382.0	590.0	226.0	598.0	1514.0	566.0	1050.0	703.0	700.0	539.0	593.0
PF3D7_1409700	225.0	207.0	191.0	141.0	114.0	70.0	193.0	390.0	241.0	308.0	353.0	187.0	360.0	267.0
PF3D7_1409800	856.0	519.0	692.0	495.0	411.0	247.0	788.0	2299.0	722.0	1660.0	1280.0	959.0	1005.0	813.0
PF3D7_1409900	1697.0	1329.0	1359.0	1350.0	837.0	851.0	1768.0	2502.0	1680.0	1600.0	2587.0	1050.0	1886.0	2099.0
PF3D7_1410000	654.0	437.0	775.0	438.0	483.0	346.0	451.0	1120.0	524.0	715.0	714.0	477.0	456.0	825.0
PF3D7_1410100	132.0	91.0	85.0	101.0	37.0	38.0	148.0	50.0	53.0	33.0	49.0	23.0	41.0	73.0
PF3D7_1410200	1964.0	1675.0	2037.0	1663.0	1699.0	1112.0	1382.0	5069.0	2756.0	3890.0	4066.0	2834.0	2557.0	3851.0
PF3D7_1410300	2889.0	2430.0	2771.0	2758.0	1701.0	1643.0	2157.0	3390.0	2517.0	2544.0	4692.0	1658.0	3741.0	3639.0
PF3D7_1410400	4452.0	6265.0	3546.0	2726.0	1582.0	905.0	2900.0	1177.0	1713.0	687.0	1775.0	292.0	540.0	5599.0
PF3D7_1410500	92.0	78.0	108.0	81.0	48.0	55.0	140.0	114.0	110.0	70.0	229.0	44.0	141.0	102.0
PF3D7_1410600	4258.0	3980.0	4983.0	3388.0	3292.0	2834.0	3379.0	5981.0	4427.0	4299.0	8065.0	3141.0	5104.0	7013.0
PF3D7_1410700	365.0	229.0	367.0	151.0	181.0	84.0	288.0	288.0	131.0	202.0	252.0	120.0	336.0	175.0
PF3D7_1410800	89.0	82.0	104.0	64.0	50.0	30.0	102.0	55.0	49.0	28.0	51.0	27.0	24.0	98.0
PF3D7_1410900	1154.0	781.0	1208.0	679.0	750.0	505.0	675.0	1592.0	798.0	1472.0	1206.0	1013.0	800.0	1119.0
PF3D7_1411000	494.0	787.0	366.0	382.0	182.0	282.0	823.0	418.0	445.0	351.0	337.0	191.0	206.0	724.0
PF3D7_1411100	178.0	148.0	190.0	127.0	84.0	54.0	170.0	226.0	193.0	110.0	141.0	98.0	134.0	121.0
PF3D7_1411200	2539.0	2274.0	2644.0	1897.0	1731.0	1401.0	1737.0	3366.0	1781.0	2256.0	2455.0	1691.0	1643.0	3261.0
PF3D7_1411300	352.0	350.0	309.0	262.0	177.0	195.0	237.0	597.0	328.0	385.0	516.0	284.0	359.0	517.0
PF3D7_1411400	791.0	630.0	694.0	464.0	359.0	310.0	646.0	1343.0	807.0	812.0	1632.0	560.0	1464.0	859.0
PF3D7_1411500	1519.0	1144.0	2009.0	914.0	1416.0	793.0	815.0	1967.0	888.0	1632.0	1134.0	1214.0	788.0	1390.0
PF3D7_1411600	261.0	243.0	314.0	176.0	163.0	104.0	211.0	460.0	279.0	208.0	397.0	174.0	260.0	308.0
PF3D7_1411700	348.0	354.0	345.0	279.0	187.0	213.0	244.0	506.0	286.0	397.0	526.0	223.0	430.0	525.0
PF3D7_1411800	289.0	203.0	323.0	203.0	162.0	153.0	229.0	480.0	208.0	298.0	309.0	211.0	184.0	255.0
PF3D7_1411900	738.0	909.0	760.0	760.0	476.0	605.0	654.0	756.0	681.0	377.0	780.0	282.0	556.0	972.0
PF3D7_1412000	157.0	159.0	102.0	80.0	46.0	57.0	84.0	48.0	81.0	35.0	61.0	32.0	36.0	139.0
PF3D7_1412100	611.0	493.0	557.0	393.0	319.0	229.0	494.0	869.0	813.0	617.0	1535.0	366.0	1313.0	810.0
PF3D7_1412200	384.0	377.0	372.0	263.0	228.0	206.0	399.0	311.0	199.0	282.0	233.0	208.0	154.0	434.0
PF3D7_1412300	2076.0	2599.0	2692.0	2046.0	1769.0	1562.0	2397.0	3840.0	3336.0	1612.0	4759.0	1318.0	3768.0	3344.0
PF3D7_1412400	2219.0	2019.0	2414.0	1539.0	1548.0	1274.0	1561.0	3194.0	1825.0	1886.0	2779.0	1539.0	2317.0	2506.0
PF3D7_1412500	975.0	832.0	1080.0	707.0	935.0	434.0	729.0	2263.0	1299.0	1614.0	1786.0	1143.0	1041.0	1566.0
PF3D7_1412600	321.0	303.0	363.0	325.0	207.0	235.0	242.0	754.0	587.0	526.0	930.0	381.0	540.0	661.0
PF3D7_1412700	629.0	578.0	631.0	570.0	353.0	357.0	467.0	1360.0	925.0	964.0	1680.0	672.0	1312.0	1279.0
PF3D7_1412800	1259.0	1200.0	1258.0	1002.0	870.0	825.0	1027.0	1129.0	586.0	1254.0	1125.0	897.0	903.0	1110.0
PF3D7_1412900	1008.0	866.0	998.0	721.0	617.0	486.0	971.0	1444.0	686.0	919.0	820.0	614.0	644.0	842.0
PF3D7_1413000	123.0	117.0	120.0	141.0	84.0	100.0	56.0	123.0	71.0	73.0	63.0	80.0	70.0	241.0
PF3D7_1413100	58.0	36.0	56.0	89.0	53.0	24.0	40.0	43.0	28.0	50.0	25.0	20.0	28.0	51.0
PF3D7_1413200	238.0	176.0	217.0	235.0	120.0	138.0	308.0	111.0	60.0	119.0	137.0	78.0	72.0	201.0
PF3D7_1413300	15.0	12.0	24.0	15.0	12.0	0.0	33.0	19.0	14.0	0.0	15.0	0.0	12.0	10.0
PF3D7_1413400	361.0	275.0	356.0	221.0	203.0	139.0	306.0	527.0	231.0	316.0	509.0	212.0	432.0	362.0
PF3D7_1413500	141.0	124.0	166.0	108.0	102.0	70.0	130.0	206.0	136.0	157.0	352.0	113.0	291.0	136.0
PF3D7_1413600	57.0	61.0	64.0	53.0	28.0	23.0	35.0	55.0	28.0	39.0	24.0	23.0	26.0	66.0
PF3D7_1413700	433.0	426.0	405.0	266.0	230.0	209.0	343.0	453.0	250.0	287.0	317.0	245.0	247.0	515.0
PF3D7_1413800	542.0	492.0	559.0	496.0	365.0	381.0	405.0	1044.0	537.0	650.0	671.0	471.0	393.0	881.0
PF3D7_1413900	774.0	579.0	594.0	478.0	396.0	307.0	437.0	1218.0	668.0	772.0	989.0	565.0	940.0	874.0
PF3D7_1414000	614.0	489.0	544.0	418.0	280.0	196.0	554.0	698.0	448.0	340.0	871.0	243.0	908.0	486.0
PF3D7_1414100	1000.0	1132.0	1025.0	724.0	567.0	566.0	962.0	1280.0	887.0	825.0	1103.0	672.0	814.0	1481.0
PF3D7_1414200	898.0	823.0	880.0	506.0	469.0	330.0	648.0	1319.0	647.0	944.0	698.0	636.0	538.0	716.0
PF3D7_1414300	4196.0	3914.0	3509.0	3263.0	2207.0	2434.0	3816.0	10491.0	9210.0	6202.0	16791.0	3582.0	11950.0	11658.0
PF3D7_1414400	1018.0	859.0	924.0	654.0	475.0	342.0	1131.0	1410.0	982.0	797.0	1827.0	465.0	1281.0	1210.0
PF3D7_1414500	4646.0	3670.0	4615.0	2901.0	2492.0	2092.0	2979.0	6403.0	2712.0	4530.0	3997.0	3173.0	3201.0	5223.0
PF3D7_1414600	1326.0	992.0	1637.0	840.0	1577.0	644.0	864.0	1950.0	832.0	1403.0	1132.0	1251.0	861.0	1510.0
PF3D7_1414700	1865.0	1790.0	2195.0	1377.0	1277.0	1018.0	1341.0	2578.0	1475.0	1695.0	2238.0	1305.0	1418.0	2444.0
PF3D7_1414800	562.0	526.0	579.0	409.0	348.0	296.0	438.0	790.0	630.0	518.0	1061.0	384.0	886.0	861.0
PF3D7_1414900	270.0	266.0	244.0	169.0	129.0	113.0	210.0	673.0	377.0	388.0	519.0	267.0	326.0	510.0
PF3D7_1415000	210.0	182.0	216.0	176.0	140.0	114.0	191.0	214.0	131.0	147.0	325.0	101.0	284.0	245.0
PF3D7_1415100	164.0	112.0	153.0	109.0	80.0	53.0	131.0	124.0	51.0	86.0	66.0	66.0	56.0	152.0
PF3D7_1415200	46.0	60.0	62.0	40.0	31.0	28.0	35.0	90.0	45.0	52.0	51.0	37.0	21.0	34.0
PF3D7_1415300	714.0	429.0	553.0	360.0	360.0	172.0	583.0	1547.0	546.0	1063.0	752.0	748.0	577.0	736.0
PF3D7_1415400	1737.0	1186.0	1404.0	982.0	801.0	449.0	1450.0	3671.0	1931.0	2585.0	3849.0	2025.0	3067.0	2239.0
PF3D7_1415500	123.0	117.0	103.0	109.0	46.0	71.0	120.0	108.0	93.0	93.0	197.0	56.0	200.0	135.0
PF3D7_1415600	867.0	548.0	943.0	406.0	704.0	241.0	557.0	2464.0	756.0	1964.0	1103.0	1485.0	875.0	954.0
PF3D7_1415700	252.0	174.0	226.0	144.0	134.0	89.0	220.0	108.0	51.0	119.0	99.0	118.0	63.0	124.0
PF3D7_1415800	420.0	339.0	507.0	287.0	355.0	183.0	328.0	947.0	486.0	693.0	607.0	508.0	394.0	550.0
PF3D7_1415900	248.0	221.0	320.0	145.0	153.0	82.0	210.0	458.0	222.0	164.0	186.0	148.0	152.0	180.0
PF3D7_1416000	0.0	0.0	0.0	13.0	0.0	0.0	11.0	0.0	0.0	0.0	0.0	0.0	0.0	0.0
PF3D7_1416100	1706.0	1493.0	1713.0	1014.0	1272.0	707.0	959.0	1424.0	730.0	1192.0	1148.0	1021.0	951.0	1012.0
PF3D7_1416200	1690.0	1303.0	1655.0	960.0	859.0	550.0	1023.0	1141.0	516.0	928.0	950.0	615.0	945.0	1098.0
PF3D7_1416300	181.0	147.0	138.0	92.0	77.0	56.0	141.0	290.0	109.0	160.0	265.0	116.0	266.0	131.0
PF3D7_1416400	371.0	463.0	423.0	309.0	223.0	233.0	442.0	223.0	145.0	136.0	160.0	115.0	107.0	305.0
PF3D7_1416500	1019.0	1286.0	873.0	653.0	709.0	442.0	977.0	369.0	424.0	319.0	518.0	311.0	522.0	660.0
PF3D7_1416600	996.0	602.0	1237.0	515.0	609.0	268.0	467.0	556.0	266.0	563.0	329.0	363.0	275.0	635.0
PF3D7_1416700	69.0	71.0	72.0	71.0	49.0	30.0	127.0	48.0	42.0	27.0	45.0	21.0	22.0	45.0
PF3D7_1416800	301.0	238.0	326.0	167.0	158.0	113.0	254.0	555.0	226.0	412.0	413.0	238.0	371.0	354.0
PF3D7_1416900	130.0	176.0	189.0	75.0	69.0	29.0	213.0	432.0	408.0	161.0	368.0	99.0	240.0	93.0
PF3D7_1417000	42.0	56.0	31.0	34.0	22.0	23.0	25.0	41.0	12.0	35.0	15.0	19.0	25.0	37.0
PF3D7_1417100	101.0	94.0	78.0	66.0	50.0	29.0	64.0	92.0	58.0	86.0	133.0	60.0	114.0	52.0
PF3D7_1417200	10493.0	8632.0	13303.0	6758.0	8076.0	5112.0	7495.0	15269.0	8772.0	11051.0	12945.0	9220.0	9211.0	11713.0
PF3D7_1417300	252.0	247.0	349.0	208.0	155.0	100.0	188.0	262.0	156.0	118.0	147.0	122.0	82.0	293.0
PF3D7_1417400	891.0	793.0	930.0	590.0	464.0	322.0	562.0	712.0	356.0	551.0	337.0	379.0	298.0	996.0
PF3D7_1417500	1540.0	1165.0	1602.0	939.0	1194.0	730.0	855.0	2200.0	1311.0	1671.0	2016.0	1269.0	1486.0	1845.0
PF3D7_1417600	8685.0	7399.0	9946.0	5085.0	6714.0	4095.0	5085.0	12078.0	6756.0	9708.0	10847.0	7549.0	8091.0	9370.0
PF3D7_1417700	286.0	248.0	319.0	196.0	149.0	110.0	274.0	468.0	327.0	332.0	546.0	210.0	486.0	370.0
PF3D7_1417800	1701.0	1358.0	1339.0	934.0	900.0	583.0	1537.0	2187.0	2447.0	1455.0	4556.0	910.0	3984.0	1671.0
PF3D7_1417900	259.0	175.0	226.0	161.0	76.0	90.0	179.0	452.0	222.0	200.0	399.0	116.0	444.0	211.0
PF3D7_1418000	340.0	245.0	352.0	196.0	229.0	134.0	247.0	602.0	272.0	492.0	396.0	337.0	300.0	301.0
PF3D7_1418100	272.0	398.0	310.0	361.0	202.0	269.0	207.0	336.0	185.0	233.0	226.0	213.0	174.0	482.0
PF3D7_1418200	50.0	40.0	80.0	43.0	50.0	26.0	48.0	148.0	88.0	132.0	130.0	63.0	84.0	63.0
PF3D7_1418300	55.0	50.0	68.0	45.0	22.0	21.0	61.0	161.0	78.0	84.0	106.0	60.0	95.0	84.0
PF3D7_1418400	0.0	0.0	0.0	63.0	0.0	0.0	0.0	0.0	0.0	0.0	0.0	0.0	0.0	0.0
PF3D7_1418800	138.0	140.0	307.0	228.0	312.0	125.0	321.0	334.0	271.0	180.0	186.0	377.0	81.0	290.0
PF3D7_1418900	1003.0	909.0	1194.0	867.0	835.0	619.0	791.0	1209.0	721.0	973.0	1130.0	656.0	657.0	1217.0
PF3D7_1419000	923.0	662.0	903.0	578.0	440.0	322.0	735.0	672.0	536.0	523.0	1147.0	359.0	972.0	798.0
PF3D7_1419100	1652.0	1192.0	2160.0	1114.0	1624.0	847.0	935.0	2558.0	1128.0	2094.0	1738.0	1623.0	1143.0	1851.0
PF3D7_1419200	444.0	443.0	421.0	214.0	152.0	119.0	451.0	1187.0	890.0	654.0	1133.0	438.0	887.0	674.0
PF3D7_1419300	277.0	471.0	362.0	179.0	141.0	117.0	313.0	708.0	568.0	351.0	609.0	241.0	492.0	291.0
PF3D7_1419400	2827.0	2740.0	3181.0	2315.0	1925.0	1824.0	2215.0	4912.0	2837.0	3328.0	4229.0	2528.0	2976.0	4504.0
PF3D7_1419500	46.0	40.0	42.0	28.0	31.0	25.0	30.0	46.0	25.0	20.0	45.0	19.0	33.0	37.0
PF3D7_1419600	462.0	321.0	556.0	264.0	323.0	185.0	351.0	466.0	233.0	403.0	337.0	305.0	214.0	379.0
PF3D7_1419700	2475.0	2144.0	3075.0	1731.0	2089.0	1347.0	1913.0	3881.0	2366.0	3139.0	4071.0	2302.0	2698.0	3435.0
PF3D7_1419800	564.0	534.0	480.0	327.0	273.0	211.0	434.0	1375.0	939.0	902.0	2002.0	465.0	2046.0	890.0
PF3D7_1419900	714.0	487.0	781.0	378.0	523.0	306.0	338.0	1056.0	420.0	663.0	595.0	574.0	433.0	499.0
PF3D7_1420000	1489.0	1300.0	1446.0	1066.0	926.0	748.0	1029.0	1967.0	997.0	1356.0	1642.0	1299.0	1352.0	1712.0
PF3D7_1420100	299.0	285.0	309.0	241.0	157.0	144.0	251.0	218.0	145.0	188.0	237.0	147.0	132.0	260.0
PF3D7_1420200	398.0	385.0	435.0	255.0	214.0	163.0	311.0	408.0	251.0	282.0	313.0	168.0	258.0	419.0
PF3D7_1420300	220.0	175.0	295.0	170.0	179.0	98.0	143.0	244.0	175.0	166.0	111.0	139.0	51.0	143.0
PF3D7_1420400	1898.0	1921.0	2105.0	1676.0	1500.0	1254.0	1279.0	3369.0	2578.0	2572.0	4811.0	1875.0	3414.0	3407.0
PF3D7_1420500	102.0	89.0	97.0	110.0	50.0	63.0	71.0	93.0	50.0	56.0	90.0	53.0	37.0	149.0
PF3D7_1420600	565.0	534.0	470.0	351.0	270.0	328.0	421.0	1273.0	788.0	753.0	1295.0	440.0	1042.0	1023.0
PF3D7_1420700	14853.0	13657.0	16448.0	12255.0	10810.0	9282.0	14078.0	28632.0	17479.0	24040.0	29297.0	15278.0	17662.0	37849.0
PF3D7_1420800	0.0	0.0	0.0	0.0	0.0	0.0	12.0	13.0	0.0	0.0	0.0	0.0	0.0	11.0
PF3D7_1420900	391.0	223.0	378.0	208.0	204.0	104.0	184.0	419.0	173.0	300.0	226.0	205.0	193.0	218.0
PF3D7_1421000	80.0	69.0	82.0	51.0	53.0	29.0	55.0	108.0	45.0	67.0	91.0	62.0	68.0	56.0
PF3D7_1421100	889.0	1011.0	1045.0	598.0	557.0	461.0	688.0	464.0	321.0	317.0	404.0	232.0	351.0	513.0
PF3D7_1421150	470.0	226.0	464.0	666.0	353.0	325.0	479.0	386.0	300.0	482.0	565.0	465.0	254.0	485.0
PF3D7_1421200	787.0	779.0	936.0	956.0	438.0	687.0	1412.0	2580.0	2823.0	1206.0	3571.0	702.0	1610.0	2841.0
PF3D7_1421300	270.0	291.0	278.0	287.0	185.0	160.0	159.0	214.0	162.0	198.0	172.0	150.0	181.0	379.0
PF3D7_1421400	271.0	303.0	320.0	280.0	189.0	226.0	252.0	817.0	496.0	490.0	653.0	333.0	355.0	827.0
PF3D7_1421500	22.0	16.0	28.0	35.0	24.0	21.0	38.0	68.0	52.0	25.0	44.0	22.0	27.0	44.0
PF3D7_1421600	384.0	419.0	445.0	348.0	228.0	242.0	347.0	998.0	613.0	620.0	847.0	371.0	607.0	834.0
PF3D7_1421700	0.0	11.0	10.0	0.0	0.0	0.0	0.0	0.0	0.0	0.0	0.0	0.0	0.0	10.0
PF3D7_1421800	237.0	209.0	219.0	186.0	144.0	130.0	211.0	212.0	138.0	169.0	185.0	108.0	156.0	297.0
PF3D7_1421900	304.0	292.0	243.0	186.0	137.0	121.0	320.0	253.0	217.0	128.0	335.0	75.0	323.0	317.0
PF3D7_1422000	47.0	54.0	63.0	58.0	40.0	28.0	96.0	84.0	94.0	45.0	116.0	33.0	77.0	43.0
PF3D7_1422100	397.0	245.0	400.0	222.0	193.0	178.0	370.0	482.0	283.0	313.0	605.0	230.0	473.0	431.0
PF3D7_1422200	255.0	231.0	188.0	158.0	104.0	67.0	203.0	168.0	141.0	112.0	131.0	67.0	81.0	231.0
PF3D7_1422300	272.0	203.0	373.0	214.0	255.0	154.0	254.0	559.0	224.0	368.0	299.0	282.0	177.0	333.0
PF3D7_1422400	1306.0	1107.0	1478.0	1006.0	1149.0	575.0	904.0	2424.0	1249.0	1943.0	1808.0	1510.0	1169.0	1607.0
PF3D7_1422500	274.0	238.0	216.0	152.0	111.0	92.0	265.0	137.0	128.0	87.0	258.0	60.0	310.0	191.0
PF3D7_1422600	243.0	187.0	240.0	173.0	171.0	84.0	224.0	179.0	161.0	236.0	323.0	199.0	290.0	212.0
PF3D7_1422700	1386.0	916.0	1298.0	959.0	754.0	665.0	918.0	3054.0	1565.0	2434.0	2661.0	1686.0	1931.0	2777.0
PF3D7_1422800	350.0	217.0	322.0	194.0	227.0	125.0	164.0	794.0	287.0	656.0	525.0	428.0	464.0	335.0
PF3D7_1422900	327.0	133.0	115.0	1109.0	318.0	262.0	180.0	62.0	65.0	568.0	286.0	323.0	115.0	137.0
PF3D7_1423000	1232.0	811.0	1549.0	782.0	1047.0	545.0	588.0	2292.0	949.0	1993.0	1475.0	1410.0	1048.0	1298.0
PF3D7_1423100	335.0	280.0	347.0	239.0	167.0	112.0	292.0	279.0	138.0	165.0	155.0	102.0	127.0	332.0
PF3D7_1423200	667.0	586.0	769.0	527.0	468.0	439.0	550.0	1699.0	836.0	1337.0	1431.0	934.0	1009.0	1264.0
PF3D7_1423300	665.0	556.0	605.0	376.0	206.0	148.0	445.0	399.0	346.0	286.0	248.0	148.0	114.0	875.0
PF3D7_1423400	178.0	213.0	178.0	139.0	103.0	75.0	179.0	139.0	84.0	303.0	110.0	80.0	65.0	151.0
PF3D7_1423500	466.0	253.0	619.0	215.0	279.0	121.0	227.0	382.0	177.0	287.0	176.0	230.0	147.0	291.0
PF3D7_1423600	323.0	226.0	334.0	250.0	236.0	108.0	262.0	1225.0	395.0	697.0	598.0	443.0	362.0	480.0
PF3D7_1423700	7421.0	6807.0	7298.0	5206.0	4949.0	3835.0	5201.0	15445.0	9228.0	12494.0	15412.0	8299.0	10678.0	15948.0
PF3D7_1423800	1245.0	1452.0	1290.0	1166.0	840.0	940.0	1115.0	1871.0	1429.0	1277.0	1847.0	949.0	1254.0	2392.0
PF3D7_1423900	0.0	13.0	0.0	16.0	0.0	0.0	11.0	12.0	0.0	0.0	0.0	0.0	0.0	0.0
PF3D7_1424000	0.0	0.0	0.0	17.0	0.0	0.0	0.0	0.0	0.0	0.0	0.0	0.0	0.0	15.0
PF3D7_1424100	5259.0	5003.0	5317.0	4734.0	3289.0	3731.0	5192.0	11691.0	10121.0	7948.0	18429.0	4558.0	10888.0	15878.0
PF3D7_1424400	3178.0	3024.0	3327.0	3037.0	2113.0	2391.0	3482.0	7676.0	6754.0	6269.0	12551.0	3731.0	7031.0	9296.0
PF3D7_1424700	73.0	49.0	80.0	124.0	53.0	34.0	99.0	84.0	82.0	64.0	88.0	63.0	48.0	56.0
PF3D7_1424800	0.0	0.0	0.0	0.0	0.0	0.0	20.0	12.0	0.0	0.0	0.0	0.0	0.0	0.0
PF3D7_1424900	47.0	35.0	53.0	87.0	20.0	17.0	101.0	35.0	43.0	39.0	51.0	30.0	21.0	35.0
PF3D7_1425000	47.0	58.0	60.0	66.0	34.0	30.0	105.0	38.0	51.0	26.0	51.0	21.0	21.0	52.0
PF3D7_1425100	19.0	15.0	32.0	34.0	0.0	13.0	52.0	13.0	15.0	0.0	11.0	10.0	12.0	0.0
PF3D7_1425200	114.0	112.0	114.0	77.0	57.0	65.0	102.0	178.0	129.0	124.0	281.0	62.0	256.0	164.0
PF3D7_1425300	244.0	165.0	248.0	163.0	94.0	77.0	307.0	296.0	126.0	202.0	225.0	114.0	190.0	131.0
PF3D7_1425400	732.0	548.0	566.0	396.0	363.0	222.0	494.0	917.0	391.0	641.0	563.0	393.0	454.0	546.0
PF3D7_1425500	46.0	25.0	22.0	25.0	0.0	12.0	53.0	20.0	13.0	0.0	14.0	11.0	13.0	34.0
PF3D7_1425600	696.0	538.0	766.0	399.0	441.0	206.0	481.0	1275.0	318.0	879.0	328.0	659.0	266.0	493.0
PF3D7_1425700	396.0	222.0	490.0	232.0	262.0	155.0	277.0	1097.0	351.0	888.0	501.0	573.0	410.0	535.0
PF3D7_1425800	522.0	431.0	589.0	428.0	301.0	220.0	334.0	554.0	266.0	436.0	488.0	277.0	384.0	576.0
PF3D7_1425900	824.0	678.0	800.0	495.0	505.0	334.0	461.0	1369.0	840.0	903.0	992.0	660.0	740.0	1285.0
PF3D7_1426000	2013.0	1658.0	2323.0	1885.0	1374.0	1529.0	2341.0	7307.0	5959.0	3459.0	8050.0	2238.0	4632.0	5829.0
PF3D7_1426100	948.0	845.0	1041.0	917.0	727.0	761.0	985.0	3897.0	2685.0	2323.0	3832.0	1502.0	2090.0	2851.0
PF3D7_1426200	933.0	878.0	763.0	781.0	379.0	602.0	900.0	2293.0	2077.0	1433.0	3323.0	850.0	2407.0	2903.0
PF3D7_1426300	177.0	136.0	145.0	144.0	102.0	89.0	170.0	148.0	107.0	139.0	184.0	123.0	121.0	168.0
PF3D7_1426400	23.0	28.0	49.0	24.0	30.0	12.0	25.0	14.0	14.0	16.0	16.0	10.0	0.0	10.0
PF3D7_1426500	151.0	144.0	117.0	103.0	75.0	70.0	115.0	88.0	45.0	64.0	67.0	54.0	74.0	120.0
PF3D7_1426600	253.0	247.0	279.0	232.0	146.0	154.0	266.0	227.0	151.0	135.0	251.0	83.0	241.0	255.0
PF3D7_1426700	2382.0	2066.0	2236.0	1533.0	1233.0	1050.0	1677.0	1783.0	1139.0	1239.0	1692.0	830.0	1221.0	2399.0
PF3D7_1426800	1902.0	1793.0	2428.0	1301.0	1718.0	1003.0	1292.0	2798.0	1743.0	2170.0	2400.0	1796.0	1788.0	2079.0
PF3D7_1426900	169.0	180.0	156.0	146.0	62.0	68.0	222.0	184.0	155.0	75.0	283.0	43.0	203.0	159.0
PF3D7_1427000	513.0	448.0	409.0	349.0	229.0	235.0	447.0	676.0	371.0	441.0	754.0	270.0	606.0	569.0
PF3D7_1427100	3271.0	3449.0	3936.0	3091.0	2631.0	2655.0	2617.0	4168.0	2129.0	3061.0	2592.0	2514.0	1576.0	4323.0
PF3D7_1427200	171.0	216.0	208.0	155.0	113.0	134.0	113.0	97.0	80.0	55.0	101.0	57.0	90.0	105.0
PF3D7_1427300	582.0	532.0	556.0	414.0	315.0	248.0	561.0	705.0	540.0	388.0	1187.0	243.0	1001.0	609.0
PF3D7_1427400	190.0	162.0	143.0	92.0	93.0	58.0	174.0	427.0	212.0	266.0	243.0	168.0	271.0	193.0
PF3D7_1427500	414.0	393.0	403.0	233.0	175.0	183.0	360.0	684.0	671.0	434.0	1290.0	277.0	1248.0	521.0
PF3D7_1427600	294.0	268.0	281.0	205.0	140.0	114.0	248.0	445.0	205.0	309.0	357.0	196.0	365.0	311.0
PF3D7_1427700	16.0	10.0	15.0	0.0	0.0	0.0	16.0	16.0	10.0	10.0	19.0	0.0	28.0	0.0
PF3D7_1427800	102.0	88.0	142.0	96.0	94.0	54.0	111.0	263.0	153.0	140.0	139.0	140.0	107.0	113.0
PF3D7_1427900	1207.0	1067.0	950.0	808.0	475.0	484.0	1344.0	2277.0	2094.0	1576.0	5378.0	924.0	3870.0	2005.0
PF3D7_1428000	114.0	146.0	108.0	98.0	41.0	48.0	193.0	171.0	178.0	77.0	232.0	63.0	213.0	184.0
PF3D7_1428100	335.0	239.0	259.0	210.0	176.0	128.0	207.0	473.0	233.0	386.0	320.0	256.0	225.0	354.0
PF3D7_1428200	817.0	827.0	808.0	691.0	595.0	511.0	572.0	1309.0	583.0	1074.0	659.0	619.0	413.0	1010.0
PF3D7_1428300	2525.0	2078.0	2571.0	1839.0	1915.0	1401.0	1753.0	4036.0	2826.0	3409.0	4788.0	2527.0	3485.0	3681.0
PF3D7_1428400	1118.0	1016.0	1063.0	776.0	636.0	531.0	804.0	838.0	431.0	695.0	446.0	458.0	460.0	1056.0
PF3D7_1428500	1244.0	1239.0	1573.0	1011.0	967.0	793.0	995.0	1134.0	392.0	731.0	512.0	572.0	339.0	872.0
PF3D7_1428600	144.0	143.0	124.0	114.0	69.0	80.0	157.0	238.0	214.0	129.0	336.0	78.0	296.0	194.0
PF3D7_1428700	110.0	88.0	160.0	72.0	92.0	48.0	84.0	392.0	214.0	273.0	278.0	207.0	152.0	159.0
PF3D7_1428800	263.0	198.0	221.0	191.0	132.0	101.0	204.0	491.0	279.0	221.0	386.0	204.0	336.0	296.0
PF3D7_1428900	1026.0	802.0	969.0	686.0	579.0	370.0	728.0	1339.0	812.0	816.0	1689.0	526.0	1434.0	1059.0
PF3D7_1429000	89.0	51.0	95.0	61.0	63.0	33.0	53.0	211.0	84.0	126.0	115.0	104.0	85.0	109.0
PF3D7_1429100	595.0	377.0	565.0	353.0	283.0	256.0	472.0	928.0	411.0	693.0	730.0	438.0	529.0	705.0
PF3D7_1429200	758.0	562.0	789.0	583.0	483.0	263.0	591.0	823.0	251.0	810.0	338.0	631.0	274.0	483.0
PF3D7_1429300	325.0	258.0	275.0	261.0	183.0	142.0	405.0	206.0	138.0	137.0	201.0	88.0	142.0	149.0
PF3D7_1429400	865.0	753.0	823.0	663.0	589.0	441.0	578.0	2352.0	1250.0	1638.0	1874.0	1267.0	1450.0	1701.0
PF3D7_1429500	429.0	374.0	592.0	369.0	370.0	251.0	272.0	787.0	442.0	517.0	524.0	380.0	335.0	644.0
PF3D7_1429600	235.0	239.0	222.0	218.0	94.0	142.0	342.0	153.0	156.0	99.0	309.0	57.0	222.0	178.0
PF3D7_1429700	438.0	376.0	431.0	419.0	302.0	229.0	392.0	643.0	463.0	563.0	724.0	427.0	548.0	524.0
PF3D7_1429800	3319.0	2846.0	3684.0	2386.0	2604.0	1929.0	2466.0	4734.0	2557.0	3471.0	3926.0	2768.0	3078.0	4324.0
PF3D7_1429900	927.0	709.0	797.0	588.0	396.0	351.0	561.0	1322.0	728.0	815.0	1307.0	559.0	1079.0	1071.0
PF3D7_1430000	299.0	198.0	291.0	204.0	150.0	104.0	301.0	580.0	353.0	266.0	432.0	164.0	323.0	392.0
PF3D7_1430100	255.0	260.0	248.0	150.0	76.0	58.0	380.0	285.0	244.0	118.0	271.0	77.0	220.0	161.0
PF3D7_1430200	669.0	481.0	625.0	354.0	325.0	169.0	465.0	234.0	140.0	135.0	215.0	92.0	142.0	426.0
PF3D7_1430300	2297.0	2098.0	2086.0	1680.0	1194.0	1269.0	1744.0	2961.0	2617.0	1952.0	4444.0	1262.0	3579.0	2737.0
PF3D7_1430400	352.0	292.0	340.0	306.0	185.0	176.0	214.0	479.0	265.0	361.0	507.0	231.0	423.0	363.0
PF3D7_1430500	28.0	31.0	32.0	22.0	16.0	24.0	25.0	26.0	26.0	14.0	22.0	13.0	13.0	23.0
PF3D7_1430600	134.0	111.0	137.0	84.0	68.0	58.0	123.0	192.0	107.0	132.0	153.0	84.0	147.0	127.0
PF3D7_1430700	107.0	64.0	118.0	88.0	69.0	37.0	98.0	169.0	95.0	103.0	236.0	98.0	238.0	97.0
PF3D7_1430800	279.0	202.0	239.0	234.0	125.0	93.0	437.0	103.0	60.0	81.0	109.0	53.0	78.0	173.0
PF3D7_1430900	66.0	47.0	41.0	72.0	66.0	59.0	97.0	39.0	30.0	177.0	96.0	62.0	53.0	41.0
PF3D7_1431000	157.0	150.0	192.0	127.0	98.0	64.0	207.0	165.0	140.0	105.0	303.0	65.0	222.0	147.0
PF3D7_1431100	608.0	476.0	466.0	459.0	228.0	205.0	706.0	226.0	134.0	169.0	269.0	135.0	168.0	383.0
PF3D7_1431200	853.0	751.0	1161.0	642.0	655.0	404.0	817.0	1124.0	685.0	784.0	617.0	638.0	408.0	869.0
PF3D7_1431300	1405.0	1226.0	1697.0	989.0	1164.0	810.0	937.0	2306.0	1142.0	1464.0	1522.0	1236.0	1043.0	1917.0
PF3D7_1431400	597.0	596.0	664.0	386.0	312.0	233.0	439.0	375.0	262.0	276.0	265.0	206.0	160.0	791.0
PF3D7_1431500	1044.0	830.0	1104.0	779.0	692.0	446.0	779.0	1846.0	907.0	1317.0	1145.0	857.0	841.0	1435.0
PF3D7_1431600	370.0	282.0	313.0	250.0	198.0	146.0	434.0	330.0	213.0	180.0	413.0	123.0	404.0	361.0
PF3D7_1431700	1312.0	1315.0	1858.0	1251.0	939.0	894.0	1798.0	4254.0	4054.0	2941.0	5926.0	1810.0	3048.0	3358.0
PF3D7_1431800	168.0	136.0	159.0	132.0	75.0	71.0	130.0	269.0	241.0	166.0	409.0	116.0	372.0	212.0
PF3D7_1431900	33.0	56.0	64.0	50.0	30.0	27.0	55.0	39.0	55.0	41.0	35.0	54.0	36.0	56.0
PF3D7_1432000	293.0	196.0	315.0	148.0	149.0	112.0	211.0	685.0	304.0	337.0	570.0	231.0	459.0	298.0
PF3D7_1432100	351.0	334.0	279.0	201.0	169.0	112.0	279.0	561.0	367.0	376.0	599.0	285.0	561.0	401.0
PF3D7_1432200	345.0	326.0	424.0	272.0	185.0	173.0	198.0	294.0	201.0	201.0	204.0	122.0	136.0	463.0
PF3D7_1432300	425.0	328.0	310.0	240.0	167.0	151.0	320.0	442.0	274.0	284.0	456.0	201.0	386.0	351.0
PF3D7_1432400	402.0	261.0	391.0	291.0	233.0	133.0	260.0	313.0	150.0	223.0	196.0	179.0	173.0	190.0
PF3D7_1432500	431.0	332.0	474.0	378.0	273.0	274.0	270.0	735.0	439.0	595.0	620.0	394.0	407.0	594.0
PF3D7_1432600	487.0	488.0	475.0	473.0	275.0	403.0	381.0	834.0	581.0	672.0	932.0	490.0	764.0	802.0
PF3D7_1432700	313.0	240.0	239.0	213.0	147.0	137.0	252.0	267.0	200.0	188.0	543.0	222.0	608.0	288.0
PF3D7_1432800	541.0	378.0	485.0	283.0	242.0	156.0	415.0	974.0	459.0	749.0	813.0	503.0	661.0	539.0
PF3D7_1432900	118.0	135.0	131.0	74.0	88.0	64.0	232.0	132.0	99.0	85.0	84.0	71.0	60.0	132.0
PF3D7_1433000	172.0	185.0	281.0	213.0	158.0	140.0	181.0	306.0	220.0	124.0	199.0	115.0	138.0	205.0
PF3D7_1433100	518.0	451.0	481.0	325.0	329.0	229.0	374.0	774.0	531.0	420.0	733.0	379.0	601.0	593.0
PF3D7_1433200	168.0	189.0	210.0	150.0	112.0	96.0	159.0	156.0	81.0	140.0	70.0	113.0	79.0	193.0
PF3D7_1433300	273.0	178.0	252.0	104.0	209.0	71.0	134.0	648.0	162.0	464.0	148.0	352.0	129.0	203.0
PF3D7_1433400	6058.0	5270.0	5079.0	3721.0	2461.0	2225.0	5643.0	12157.0	9893.0	6318.0	16824.0	4052.0	12232.0	10759.0
PF3D7_1433500	5715.0	4936.0	5872.0	3682.0	3381.0	3209.0	4262.0	6051.0	2813.0	4235.0	4199.0	3007.0	3231.0	6894.0
PF3D7_1433600	47.0	40.0	45.0	30.0	12.0	0.0	51.0	73.0	87.0	30.0	54.0	22.0	72.0	15.0
PF3D7_1433700	535.0	424.0	502.0	412.0	252.0	214.0	516.0	953.0	653.0	537.0	946.0	426.0	812.0	632.0
PF3D7_1433800	664.0	708.0	720.0	594.0	386.0	361.0	609.0	682.0	533.0	426.0	938.0	367.0	808.0	770.0
PF3D7_1433900	371.0	430.0	428.0	387.0	222.0	213.0	402.0	322.0	279.0	178.0	390.0	147.0	322.0	334.0
PF3D7_1434000	174.0	173.0	187.0	136.0	102.0	101.0	109.0	529.0	419.0	333.0	780.0	208.0	572.0	441.0
PF3D7_1434100	143.0	106.0	157.0	103.0	99.0	64.0	75.0	412.0	227.0	225.0	227.0	175.0	132.0	180.0
PF3D7_1434200	492.0	518.0	522.0	542.0	254.0	346.0	810.0	918.0	908.0	571.0	1337.0	394.0	846.0	1006.0
PF3D7_1434300	2956.0	2421.0	3233.0	2080.0	2176.0	1437.0	2376.0	8602.0	6047.0	6695.0	10695.0	4276.0	6594.0	6279.0
PF3D7_1434400	72.0	66.0	73.0	55.0	27.0	40.0	57.0	55.0	55.0	35.0	27.0	22.0	14.0	70.0
PF3D7_1434500	6735.0	6775.0	8573.0	5559.0	5312.0	4348.0	5143.0	13088.0	10671.0	7871.0	14559.0	6167.0	9587.0	13519.0
PF3D7_1434600	1703.0	1309.0	2235.0	1070.0	1439.0	838.0	1452.0	3410.0	1791.0	2561.0	2400.0	1829.0	1470.0	1989.0
PF3D7_1434700	195.0	195.0	225.0	168.0	116.0	53.0	268.0	898.0	552.0	445.0	828.0	283.0	515.0	507.0
PF3D7_1434800	427.0	443.0	367.0	348.0	163.0	145.0	573.0	996.0	1469.0	549.0	2295.0	321.0	1685.0	931.0
PF3D7_1434900	35.0	46.0	59.0	54.0	28.0	21.0	37.0	60.0	25.0	32.0	38.0	28.0	17.0	53.0
PF3D7_1435000	97.0	88.0	84.0	72.0	40.0	45.0	89.0	129.0	121.0	89.0	217.0	59.0	199.0	109.0
PF3D7_1435100	159.0	101.0	134.0	59.0	31.0	48.0	71.0	122.0	159.0	79.0	331.0	52.0	304.0	76.0
PF3D7_1435200	197.0	80.0	203.0	70.0	75.0	48.0	121.0	55.0	33.0	50.0	71.0	39.0	17.0	72.0
PF3D7_1435300	2615.0	1312.0	2464.0	1233.0	1400.0	602.0	1049.0	2480.0	602.0	2106.0	1026.0	1481.0	977.0	1431.0
PF3D7_1435400	345.0	316.0	330.0	305.0	203.0	249.0	339.0	730.0	471.0	318.0	663.0	226.0	450.0	744.0
PF3D7_1435500	397.0	276.0	384.0	233.0	268.0	195.0	303.0	705.0	371.0	436.0	670.0	307.0	477.0	529.0
PF3D7_1435600	995.0	947.0	897.0	607.0	326.0	289.0	614.0	557.0	388.0	378.0	371.0	215.0	209.0	1023.0
PF3D7_1435700	1416.0	922.0	1177.0	822.0	659.0	387.0	1455.0	2536.0	1186.0	1675.0	2010.0	1035.0	1444.0	1168.0
PF3D7_1435800	253.0	178.0	212.0	132.0	158.0	110.0	235.0	544.0	173.0	455.0	281.0	317.0	213.0	224.0
PF3D7_1435900	28.0	41.0	22.0	19.0	16.0	0.0	32.0	38.0	39.0	17.0	69.0	28.0	51.0	60.0
PF3D7_1436000	1139.0	1064.0	1185.0	756.0	795.0	534.0	977.0	4389.0	3318.0	3114.0	5671.0	2067.0	4150.0	4426.0
PF3D7_1436100	1043.0	862.0	1270.0	683.0	921.0	464.0	678.0	1773.0	897.0	1029.0	1058.0	887.0	854.0	1036.0
PF3D7_1436200	1689.0	1318.0	1804.0	817.0	800.0	518.0	972.0	926.0	755.0	741.0	828.0	459.0	451.0	1705.0
PF3D7_1436300	16488.0	12966.0	17740.0	10427.0	14039.0	8052.0	11243.0	36353.0	15614.0	30152.0	20464.0	22047.0	11667.0	35865.0
PF3D7_1436400	235.0	220.0	238.0	189.0	108.0	103.0	177.0	416.0	331.0	235.0	427.0	143.0	263.0	284.0
PF3D7_1436500	141.0	115.0	128.0	72.0	55.0	52.0	105.0	146.0	102.0	72.0	130.0	61.0	129.0	125.0
PF3D7_1436600	896.0	560.0	808.0	374.0	472.0	192.0	465.0	683.0	281.0	589.0	267.0	400.0	183.0	596.0
PF3D7_1436700	217.0	261.0	188.0	162.0	89.0	93.0	222.0	272.0	177.0	160.0	316.0	108.0	290.0	215.0
PF3D7_1436800	57.0	56.0	50.0	46.0	24.0	30.0	42.0	66.0	68.0	38.0	114.0	32.0	106.0	52.0
PF3D7_1436900	94.0	121.0	83.0	81.0	72.0	59.0	154.0	120.0	114.0	76.0	114.0	52.0	100.0	172.0
PF3D7_1437000	1548.0	1255.0	1686.0	873.0	1008.0	535.0	1130.0	3003.0	1379.0	1717.0	1679.0	1411.0	1357.0	1662.0
PF3D7_1437100	66.0	75.0	96.0	42.0	28.0	28.0	87.0	60.0	44.0	20.0	61.0	22.0	65.0	25.0
PF3D7_1437200	1716.0	1777.0	1349.0	1166.0	732.0	685.0	1682.0	1958.0	1947.0	1298.0	5136.0	811.0	5008.0	2356.0
PF3D7_1437300	104.0	125.0	180.0	41.0	64.0	30.0	103.0	77.0	55.0	49.0	49.0	29.0	24.0	100.0
PF3D7_1437400	317.0	240.0	307.0	153.0	179.0	125.0	207.0	960.0	438.0	691.0	842.0	474.0	724.0	367.0
PF3D7_1437500	234.0	214.0	299.0	127.0	192.0	99.0	214.0	465.0	197.0	286.0	240.0	173.0	194.0	200.0
PF3D7_1437600	93.0	80.0	98.0	96.0	51.0	38.0	74.0	166.0	89.0	81.0	141.0	66.0	127.0	90.0
PF3D7_1437700	560.0	533.0	547.0	398.0	342.0	295.0	426.0	418.0	281.0	289.0	405.0	212.0	340.0	552.0
PF3D7_1437800	244.0	254.0	187.0	210.0	104.0	120.0	258.0	275.0	221.0	161.0	346.0	110.0	287.0	361.0
PF3D7_1437900	4344.0	3881.0	4695.0	3582.0	2932.0	2498.0	4222.0	9103.0	8831.0	6370.0	15496.0	4067.0	9497.0	9426.0
PF3D7_1438000	2573.0	2122.0	2844.0	1619.0	2146.0	1315.0	1557.0	3994.0	2078.0	3020.0	3443.0	2251.0	2398.0	3619.0
PF3D7_1438100	741.0	559.0	912.0	547.0	581.0	371.0	616.0	1336.0	632.0	974.0	883.0	683.0	659.0	795.0
PF3D7_1438200	0.0	0.0	0.0	11.0	0.0	0.0	0.0	0.0	0.0	0.0	24.0	0.0	0.0	13.0
PF3D7_1438300	0.0	0.0	0.0	0.0	0.0	0.0	11.0	0.0	17.0	0.0	0.0	0.0	0.0	0.0
PF3D7_1438400	1361.0	1232.0	1368.0	1077.0	682.0	463.0	1050.0	3043.0	1532.0	2240.0	1771.0	1505.0	1296.0	1863.0
PF3D7_1438500	731.0	587.0	922.0	518.0	616.0	364.0	517.0	1590.0	712.0	1236.0	1198.0	927.0	858.0	1037.0
PF3D7_1438600	266.0	195.0	262.0	122.0	150.0	86.0	149.0	310.0	174.0	213.0	272.0	181.0	205.0	162.0
PF3D7_1438700	243.0	206.0	231.0	190.0	133.0	100.0	289.0	198.0	223.0	127.0	513.0	83.0	461.0	206.0
PF3D7_1438800	339.0	287.0	266.0	298.0	121.0	175.0	435.0	191.0	114.0	148.0	182.0	124.0	122.0	268.0
PF3D7_1438900	2153.0	3115.0	2048.0	2248.0	917.0	1625.0	3315.0	4073.0	5806.0	2231.0	9344.0	1389.0	6974.0	5185.0
PF3D7_1439000	77.0	82.0	65.0	49.0	30.0	25.0	98.0	53.0	59.0	31.0	59.0	22.0	71.0	62.0
PF3D7_1439100	1143.0	1266.0	1091.0	1117.0	573.0	841.0	875.0	1863.0	1580.0	1107.0	2970.0	857.0	2443.0	1997.0
PF3D7_1439200	275.0	291.0	294.0	301.0	154.0	223.0	258.0	356.0	349.0	219.0	617.0	202.0	429.0	559.0
PF3D7_1439300	1650.0	1325.0	1766.0	1206.0	1189.0	799.0	1158.0	2078.0	1169.0	1386.0	1527.0	1109.0	1413.0	1682.0
PF3D7_1439400	430.0	343.0	332.0	206.0	193.0	115.0	478.0	392.0	172.0	305.0	384.0	237.0	356.0	221.0
PF3D7_1439500	1441.0	1105.0	1270.0	654.0	594.0	420.0	807.0	689.0	574.0	443.0	451.0	296.0	439.0	637.0
PF3D7_1439600	54.0	66.0	50.0	46.0	19.0	21.0	74.0	50.0	28.0	23.0	54.0	18.0	45.0	34.0
PF3D7_1439700	234.0	222.0	247.0	184.0	153.0	103.0	277.0	287.0	174.0	239.0	337.0	158.0	324.0	183.0
PF3D7_1439800	911.0	771.0	1049.0	558.0	786.0	343.0	778.0	1946.0	1178.0	1234.0	1811.0	982.0	1363.0	1244.0
PF3D7_1439900	1704.0	2792.0	1362.0	1808.0	741.0	1226.0	2194.0	4508.0	5159.0	2179.0	8323.0	1416.0	7680.0	4045.0
PF3D7_1440000	916.0	705.0	905.0	495.0	335.0	300.0	699.0	552.0	426.0	390.0	919.0	271.0	954.0	672.0
PF3D7_1440100	1625.0	1144.0	1651.0	690.0	840.0	431.0	908.0	1524.0	823.0	1067.0	1968.0	711.0	1825.0	1055.0
PF3D7_1440200	893.0	615.0	869.0	463.0	506.0	300.0	550.0	2478.0	942.0	1749.0	1717.0	1084.0	1341.0	1095.0
PF3D7_1440400	278.0	263.0	354.0	185.0	162.0	85.0	247.0	161.0	172.0	132.0	130.0	97.0	71.0	259.0
PF3D7_1440500	458.0	281.0	378.0	262.0	279.0	144.0	322.0	1305.0	395.0	1033.0	482.0	661.0	287.0	456.0
PF3D7_1440600	97.0	77.0	111.0	103.0	60.0	65.0	165.0	97.0	68.0	73.0	74.0	51.0	51.0	104.0
PF3D7_1440700	350.0	259.0	284.0	158.0	105.0	122.0	189.0	1325.0	622.0	680.0	883.0	468.0	639.0	676.0
PF3D7_1440800	334.0	189.0	259.0	131.0	148.0	88.0	228.0	1273.0	434.0	712.0	577.0	449.0	516.0	555.0
PF3D7_1440900	83.0	76.0	87.0	41.0	37.0	22.0	49.0	58.0	43.0	37.0	34.0	20.0	29.0	108.0
PF3D7_1441000	271.0	242.0	287.0	191.0	98.0	123.0	274.0	342.0	232.0	169.0	302.0	141.0	204.0	244.0
PF3D7_1441100	3494.0	3596.0	3930.0	3303.0	2334.0	2532.0	4236.0	3757.0	3224.0	3188.0	6068.0	2140.0	3486.0	4743.0
PF3D7_1441200	771.0	778.0	933.0	657.0	518.0	518.0	815.0	2421.0	2424.0	1477.0	3098.0	1080.0	1872.0	1895.0
PF3D7_1441300	1649.0	1668.0	1221.0	1177.0	518.0	1088.0	1279.0	1001.0	915.0	589.0	1194.0	439.0	609.0	2324.0
PF3D7_1441400	683.0	576.0	575.0	412.0	249.0	359.0	569.0	1547.0	1103.0	941.0	1946.0	591.0	1639.0	1006.0
PF3D7_1441500	393.0	337.0	426.0	256.0	247.0	184.0	284.0	552.0	288.0	333.0	486.0	204.0	426.0	398.0
PF3D7_1441600	309.0	214.0	222.0	88.0	133.0	49.0	161.0	403.0	155.0	333.0	280.0	226.0	263.0	246.0
PF3D7_1441700	116.0	84.0	121.0	106.0	74.0	62.0	105.0	162.0	113.0	139.0	166.0	92.0	95.0	95.0
PF3D7_1441800	124.0	102.0	146.0	99.0	78.0	46.0	107.0	228.0	125.0	148.0	203.0	108.0	139.0	137.0
PF3D7_1441900	37.0	46.0	82.0	23.0	17.0	11.0	36.0	135.0	81.0	41.0	43.0	35.0	28.0	30.0
PF3D7_1442000	91.0	47.0	48.0	128.0	50.0	39.0	71.0	125.0	69.0	68.0	136.0	69.0	89.0	102.0
PF3D7_1442100	85.0	81.0	93.0	59.0	26.0	32.0	114.0	177.0	183.0	69.0	219.0	47.0	164.0	94.0
PF3D7_1442200	464.0	408.0	354.0	347.0	194.0	193.0	298.0	551.0	417.0	408.0	602.0	248.0	529.0	551.0
PF3D7_1442300	1224.0	1186.0	1348.0	885.0	783.0	710.0	993.0	2608.0	1655.0	1850.0	2720.0	1112.0	2021.0	2187.0
PF3D7_1442400	2583.0	1520.0	2597.0	1141.0	1574.0	631.0	1477.0	9412.0	2253.0	7217.0	2744.0	5097.0	1717.0	3867.0
PF3D7_1442500	220.0	153.0	222.0	134.0	134.0	99.0	123.0	788.0	440.0	494.0	750.0	293.0	620.0	360.0
PF3D7_1442600	766.0	748.0	802.0	644.0	472.0	405.0	423.0	893.0	376.0	1153.0	604.0	832.0	461.0	1189.0
PF3D7_1442700	852.0	694.0	863.0	633.0	451.0	390.0	618.0	647.0	323.0	446.0	714.0	341.0	756.0	818.0
PF3D7_1442800	101.0	111.0	87.0	59.0	39.0	41.0	93.0	107.0	72.0	73.0	83.0	52.0	87.0	132.0
PF3D7_1442900	7607.0	6406.0	9163.0	5231.0	6721.0	4134.0	4787.0	9432.0	4710.0	7732.0	7482.0	6588.0	5600.0	7730.0
PF3D7_1443000	260.0	215.0	300.0	158.0	160.0	112.0	213.0	251.0	148.0	171.0	204.0	113.0	187.0	225.0
PF3D7_1443100	793.0	545.0	754.0	475.0	439.0	226.0	644.0	1362.0	676.0	921.0	1181.0	575.0	907.0	1027.0
PF3D7_1443200	151.0	97.0	141.0	105.0	84.0	52.0	111.0	378.0	180.0	261.0	254.0	161.0	177.0	175.0
PF3D7_1443300	404.0	477.0	531.0	276.0	209.0	199.0	407.0	1000.0	875.0	259.0	523.0	267.0	451.0	478.0
PF3D7_1443400	544.0	390.0	440.0	286.0	275.0	201.0	482.0	890.0	671.0	510.0	1038.0	378.0	1034.0	655.0
PF3D7_1443500	322.0	260.0	315.0	315.0	206.0	159.0	300.0	904.0	488.0	666.0	715.0	491.0	556.0	535.0
PF3D7_1443600	484.0	408.0	406.0	325.0	258.0	203.0	394.0	547.0	517.0	353.0	775.0	223.0	693.0	441.0
PF3D7_1443700	175.0	102.0	158.0	84.0	82.0	40.0	148.0	290.0	120.0	156.0	236.0	112.0	185.0	118.0
PF3D7_1443800	357.0	255.0	379.0	254.0	221.0	134.0	237.0	788.0	304.0	574.0	610.0	402.0	443.0	454.0
PF3D7_1443900	1395.0	1036.0	1202.0	903.0	736.0	542.0	1265.0	3629.0	2482.0	2503.0	4995.0	1642.0	3733.0	2833.0
PF3D7_1444100	1088.0	1160.0	1204.0	1040.0	624.0	602.0	929.0	1022.0	682.0	803.0	1079.0	573.0	864.0	1310.0
PF3D7_1444200	59.0	37.0	61.0	47.0	40.0	25.0	46.0	34.0	18.0	27.0	21.0	22.0	0.0	39.0
PF3D7_1444300	397.0	385.0	364.0	229.0	194.0	113.0	287.0	621.0	356.0	351.0	580.0	203.0	522.0	486.0
PF3D7_1444400	229.0	233.0	235.0	159.0	124.0	134.0	218.0	302.0	193.0	164.0	221.0	98.0	200.0	271.0
PF3D7_1444500	5095.0	2230.0	2865.0	8360.0	6414.0	3394.0	3133.0	1984.0	1289.0	7211.0	3274.0	6417.0	1671.0	2125.0
PF3D7_1444600	17.0	14.0	25.0	28.0	14.0	11.0	21.0	21.0	18.0	17.0	24.0	14.0	17.0	10.0
PF3D7_1444700	50.0	60.0	64.0	38.0	37.0	13.0	96.0	87.0	78.0	60.0	91.0	33.0	88.0	51.0
PF3D7_1444800	3633.0	4512.0	2788.0	3007.0	1540.0	1864.0	4871.0	14071.0	14494.0	8580.0	22413.0	5332.0	15616.0	16074.0
PF3D7_1444900	51.0	54.0	64.0	39.0	16.0	21.0	54.0	80.0	69.0	51.0	111.0	37.0	72.0	89.0
PF3D7_1445000	235.0	191.0	213.0	145.0	102.0	80.0	159.0	134.0	109.0	98.0	195.0	64.0	192.0	200.0
PF3D7_1445100	2409.0	1776.0	2501.0	1229.0	2121.0	869.0	1189.0	4512.0	2116.0	3445.0	3417.0	2829.0	2823.0	3985.0
PF3D7_1445200	1712.0	1497.0	1875.0	1354.0	1196.0	928.0	1252.0	2977.0	1924.0	1990.0	2682.0	1526.0	1685.0	3464.0
PF3D7_1445300	184.0	175.0	175.0	152.0	94.0	78.0	209.0	274.0	187.0	179.0	379.0	132.0	342.0	251.0
PF3D7_1445400	2682.0	2353.0	2790.0	1810.0	1871.0	1356.0	1912.0	5180.0	3173.0	3744.0	4338.0	2865.0	2906.0	6273.0
PF3D7_1445500	275.0	336.0	267.0	213.0	118.0	134.0	264.0	592.0	378.0	258.0	309.0	236.0	202.0	516.0
PF3D7_1445600	1920.0	1903.0	1651.0	1189.0	1035.0	949.0	1945.0	2585.0	1606.0	1599.0	2076.0	1188.0	1381.0	3502.0
PF3D7_1445700	1799.0	1665.0	1985.0	1540.0	1164.0	1079.0	1579.0	3370.0	2685.0	2351.0	4420.0	1358.0	2754.0	3947.0
PF3D7_1445800	130.0	158.0	100.0	106.0	55.0	94.0	103.0	69.0	85.0	79.0	74.0	62.0	51.0	165.0
PF3D7_1445900	2995.0	2942.0	3151.0	1886.0	1906.0	1438.0	2908.0	5019.0	3176.0	3434.0	4459.0	2537.0	2939.0	4446.0
PF3D7_1446000	28.0	28.0	58.0	58.0	45.0	36.0	86.0	40.0	32.0	23.0	17.0	23.0	0.0	50.0
PF3D7_1446100	218.0	286.0	181.0	260.0	135.0	191.0	163.0	300.0	247.0	189.0	283.0	136.0	188.0	593.0
PF3D7_1446200	1652.0	2523.0	977.0	1734.0	554.0	1491.0	1753.0	4448.0	6316.0	2829.0	12988.0	1786.0	10868.0	9112.0
PF3D7_1446300	1017.0	1060.0	793.0	845.0	404.0	605.0	1160.0	1632.0	1106.0	914.0	1288.0	590.0	816.0	2044.0
PF3D7_1446400	89.0	117.0	103.0	127.0	59.0	65.0	130.0	131.0	75.0	89.0	131.0	93.0	92.0	144.0
PF3D7_1446500	4751.0	3956.0	5001.0	3696.0	3833.0	2704.0	3392.0	9177.0	5864.0	7116.0	9504.0	5820.0	7572.0	8272.0
PF3D7_1446600	491.0	470.0	537.0	234.0	179.0	130.0	655.0	530.0	415.0	180.0	536.0	114.0	364.0	332.0
PF3D7_1446700	385.0	235.0	367.0	270.0	204.0	131.0	307.0	562.0	330.0	397.0	533.0	214.0	411.0	335.0
PF3D7_1446800	85.0	99.0	98.0	74.0	46.0	31.0	129.0	122.0	99.0	41.0	116.0	47.0	88.0	69.0
PF3D7_1446900	606.0	828.0	440.0	470.0	271.0	373.0	752.0	899.0	875.0	467.0	1213.0	322.0	935.0	1700.0
PF3D7_1447000	3664.0	3899.0	4299.0	3108.0	2671.0	2605.0	4400.0	11739.0	11152.0	7285.0	14630.0	5383.0	8593.0	11600.0
PF3D7_1447100	335.0	270.0	502.0	257.0	267.0	203.0	247.0	612.0	286.0	398.0	388.0	337.0	243.0	411.0
PF3D7_1447200	1711.0	1522.0	1880.0	1189.0	1041.0	829.0	1251.0	2139.0	1238.0	1643.0	1869.0	1200.0	1234.0	2162.0
PF3D7_1447300	35.0	50.0	52.0	38.0	11.0	19.0	41.0	76.0	71.0	47.0	69.0	33.0	50.0	51.0
PF3D7_1447400	161.0	99.0	150.0	120.0	66.0	65.0	117.0	397.0	248.0	268.0	372.0	157.0	286.0	373.0
PF3D7_1447500	21.0	35.0	21.0	20.0	19.0	15.0	17.0	46.0	35.0	0.0	28.0	13.0	24.0	63.0
PF3D7_1447600	10.0	13.0	15.0	14.0	10.0	0.0	14.0	0.0	0.0	0.0	0.0	0.0	0.0	14.0
PF3D7_1447700	104.0	73.0	72.0	60.0	31.0	29.0	95.0	103.0	52.0	59.0	107.0	64.0	117.0	100.0
PF3D7_1447800	905.0	764.0	913.0	562.0	509.0	386.0	832.0	1133.0	600.0	927.0	931.0	634.0	694.0	1185.0
PF3D7_1447900	899.0	822.0	689.0	601.0	370.0	337.0	745.0	3939.0	3392.0	2200.0	5564.0	1226.0	3968.0	3092.0
PF3D7_1448000	1150.0	1073.0	1270.0	788.0	893.0	606.0	815.0	2534.0	1452.0	1712.0	1955.0	1454.0	1457.0	1653.0
PF3D7_1448100	203.0	120.0	224.0	145.0	146.0	83.0	140.0	463.0	170.0	302.0	263.0	197.0	180.0	207.0
PF3D7_1448200	79.0	54.0	71.0	95.0	73.0	52.0	71.0	77.0	44.0	69.0	56.0	40.0	40.0	73.0
PF3D7_1448300	1997.0	1372.0	2282.0	1192.0	1268.0	887.0	1361.0	4062.0	1604.0	2677.0	2618.0	1947.0	2161.0	1946.0
PF3D7_1448400	636.0	643.0	459.0	432.0	278.0	261.0	658.0	806.0	649.0	495.0	1331.0	261.0	1234.0	832.0
PF3D7_1448500	2843.0	2151.0	2702.0	1786.0	1420.0	946.0	1825.0	3288.0	2381.0	2326.0	4837.0	1470.0	4112.0	2783.0
PF3D7_1448600	272.0	180.0	328.0	222.0	230.0	143.0	183.0	598.0	232.0	424.0	368.0	289.0	204.0	327.0
PF3D7_1448700	222.0	211.0	240.0	147.0	105.0	95.0	159.0	416.0	206.0	222.0	267.0	154.0	195.0	278.0
PF3D7_1448800	108.0	75.0	131.0	71.0	69.0	42.0	96.0	161.0	96.0	69.0	154.0	47.0	119.0	95.0
PF3D7_1448900	107.0	125.0	110.0	105.0	60.0	51.0	148.0	100.0	100.0	59.0	129.0	44.0	126.0	91.0
PF3D7_1449000	23.0	25.0	26.0	29.0	16.0	0.0	25.0	0.0	0.0	0.0	14.0	0.0	0.0	23.0
PF3D7_1449100	953.0	555.0	944.0	402.0	484.0	215.0	641.0	431.0	242.0	333.0	435.0	214.0	383.0	507.0
PF3D7_1449200	536.0	462.0	690.0	316.0	296.0	163.0	467.0	141.0	191.0	104.0	222.0	62.0	47.0	479.0
PF3D7_1449300	1750.0	1573.0	1872.0	1348.0	1251.0	880.0	1100.0	1758.0	768.0	1343.0	1090.0	991.0	771.0	1405.0
PF3D7_1449400	760.0	646.0	861.0	493.0	445.0	328.0	380.0	1190.0	502.0	807.0	934.0	519.0	729.0	853.0
PF3D7_1449500	848.0	542.0	832.0	352.0	459.0	210.0	434.0	2125.0	781.0	1368.0	1106.0	915.0	827.0	739.0
PF3D7_1449600	171.0	120.0	156.0	100.0	65.0	56.0	120.0	103.0	92.0	76.0	62.0	57.0	42.0	153.0
PF3D7_1449700	1064.0	822.0	1212.0	733.0	898.0	494.0	669.0	1664.0	742.0	1292.0	1176.0	995.0	909.0	1050.0
PF3D7_1449800	143.0	112.0	183.0	106.0	101.0	83.0	131.0	255.0	169.0	139.0	176.0	121.0	136.0	156.0
PF3D7_1449900	234.0	163.0	206.0	132.0	142.0	95.0	174.0	328.0	144.0	196.0	228.0	132.0	199.0	173.0
PF3D7_1450000	1086.0	722.0	1214.0	587.0	939.0	459.0	602.0	1947.0	743.0	1446.0	1036.0	957.0	732.0	1164.0
PF3D7_1450100	2498.0	2241.0	2421.0	1785.0	1716.0	1390.0	1818.0	3841.0	1719.0	2721.0	2798.0	2109.0	2056.0	3409.0
PF3D7_1450200	83.0	86.0	70.0	77.0	34.0	37.0	82.0	106.0	73.0	43.0	62.0	26.0	45.0	80.0
PF3D7_1450300	511.0	608.0	476.0	428.0	259.0	299.0	428.0	693.0	467.0	357.0	571.0	256.0	440.0	709.0
PF3D7_1450400	1671.0	1425.0	1933.0	1086.0	1192.0	790.0	1123.0	2802.0	1513.0	2097.0	2337.0	1548.0	1662.0	2229.0
PF3D7_1450500	802.0	449.0	784.0	479.0	543.0	228.0	429.0	536.0	222.0	514.0	367.0	341.0	346.0	494.0
PF3D7_1450600	410.0	398.0	435.0	401.0	237.0	278.0	345.0	965.0	527.0	554.0	701.0	377.0	509.0	994.0
PF3D7_1450700	1668.0	1179.0	2177.0	1184.0	1495.0	907.0	1083.0	2658.0	1218.0	2368.0	2012.0	1676.0	1233.0	2333.0
PF3D7_1450800	138.0	132.0	106.0	163.0	74.0	101.0	108.0	177.0	176.0	117.0	304.0	106.0	199.0	368.0
PF3D7_1450900	70.0	69.0	74.0	76.0	46.0	38.0	66.0	160.0	118.0	88.0	223.0	78.0	227.0	148.0
PF3D7_1451000	666.0	648.0	571.0	481.0	298.0	373.0	466.0	1360.0	846.0	833.0	1134.0	480.0	746.0	1681.0
PF3D7_1451100	9511.0	12150.0	8267.0	9637.0	5522.0	7923.0	10099.0	23576.0	24019.0	14903.0	42776.0	10092.0	31906.0	39010.0
PF3D7_1451200	16669.0	11655.0	17512.0	9548.0	11928.0	7827.0	8430.0	23603.0	10919.0	17755.0	17299.0	11897.0	11552.0	19829.0
PF3D7_1451300	516.0	417.0	478.0	294.0	263.0	211.0	422.0	531.0	515.0	337.0	664.0	206.0	467.0	644.0
PF3D7_1451400	364.0	354.0	432.0	301.0	205.0	197.0	309.0	1125.0	638.0	759.0	920.0	482.0	669.0	767.0
PF3D7_1451500	99.0	102.0	210.0	109.0	123.0	61.0	104.0	270.0	117.0	163.0	150.0	111.0	89.0	120.0
PF3D7_1451600	167.0	200.0	176.0	190.0	146.0	102.0	86.0	163.0	99.0	120.0	125.0	120.0	69.0	252.0
PF3D7_1451700	196.0	182.0	227.0	103.0	107.0	65.0	171.0	137.0	81.0	56.0	91.0	46.0	108.0	137.0
PF3D7_1451800	2574.0	1896.0	1702.0	1382.0	1061.0	678.0	2140.0	5060.0	2410.0	3818.0	5048.0	2430.0	4823.0	3471.0
PF3D7_1451900	1228.0	953.0	1314.0	729.0	1015.0	484.0	774.0	1990.0	1067.0	1621.0	1641.0	1184.0	1164.0	1349.0
PF3D7_1452000	2776.0	3160.0	2067.0	1331.0	784.0	559.0	1760.0	841.0	986.0	481.0	953.0	249.0	445.0	2739.0
PF3D7_1452100	102.0	118.0	144.0	54.0	69.0	40.0	57.0	152.0	84.0	80.0	96.0	72.0	76.0	79.0
PF3D7_1452200	92.0	82.0	95.0	56.0	65.0	44.0	72.0	168.0	101.0	70.0	103.0	51.0	97.0	93.0
PF3D7_1452300	65.0	68.0	65.0	41.0	36.0	25.0	54.0	75.0	60.0	60.0	116.0	35.0	90.0	45.0
PF3D7_1452400	1180.0	872.0	1582.0	748.0	1026.0	497.0	876.0	2555.0	1391.0	1724.0	2103.0	1265.0	1460.0	1454.0
PF3D7_1452500	179.0	137.0	176.0	102.0	75.0	71.0	185.0	166.0	87.0	107.0	186.0	59.0	157.0	137.0
PF3D7_1452600	1873.0	1656.0	1747.0	1357.0	985.0	913.0	1384.0	3231.0	1709.0	2125.0	2498.0	1657.0	2106.0	2813.0
PF3D7_1452700	468.0	368.0	424.0	301.0	234.0	181.0	519.0	987.0	718.0	588.0	1162.0	336.0	890.0	614.0
PF3D7_1452800	38.0	29.0	60.0	43.0	23.0	29.0	77.0	90.0	46.0	64.0	50.0	56.0	22.0	77.0
PF3D7_1452900	101.0	69.0	85.0	100.0	57.0	42.0	107.0	99.0	60.0	38.0	104.0	42.0	101.0	74.0
PF3D7_1453000	559.0	402.0	652.0	341.0	392.0	245.0	346.0	826.0	390.0	615.0	645.0	402.0	501.0	553.0
PF3D7_1453100	109.0	77.0	127.0	65.0	65.0	40.0	42.0	81.0	37.0	73.0	43.0	45.0	50.0	69.0
PF3D7_1453200	521.0	350.0	533.0	259.0	290.0	164.0	317.0	391.0	213.0	277.0	338.0	166.0	250.0	385.0
PF3D7_1453300	18.0	13.0	17.0	0.0	14.0	0.0	16.0	29.0	13.0	0.0	14.0	0.0	16.0	12.0
PF3D7_1453400	1099.0	1073.0	1075.0	868.0	718.0	686.0	863.0	1533.0	806.0	977.0	1289.0	772.0	1069.0	1211.0
PF3D7_1453500	238.0	310.0	228.0	201.0	143.0	151.0	123.0	237.0	156.0	218.0	201.0	156.0	184.0	369.0
PF3D7_1453600	363.0	394.0	340.0	253.0	178.0	146.0	387.0	582.0	420.0	328.0	544.0	226.0	430.0	499.0
PF3D7_1453700	4386.0	4765.0	4501.0	4149.0	3001.0	2591.0	5147.0	10538.0	10063.0	6666.0	17414.0	4653.0	11491.0	9316.0
PF3D7_1453800	1286.0	1301.0	1475.0	745.0	990.0	590.0	934.0	2370.0	1220.0	1775.0	1710.0	1388.0	1365.0	1262.0
PF3D7_1453900	1620.0	1440.0	2159.0	1054.0	1487.0	714.0	1219.0	2962.0	1283.0	2194.0	1382.0	1616.0	894.0	1515.0
PF3D7_1454000	463.0	308.0	523.0	278.0	365.0	203.0	319.0	809.0	447.0	741.0	642.0	509.0	365.0	512.0
PF3D7_1454100	59.0	70.0	50.0	29.0	26.0	20.0	65.0	59.0	64.0	19.0	103.0	22.0	112.0	81.0
PF3D7_1454200	1093.0	1135.0	1114.0	669.0	725.0	457.0	825.0	1559.0	1053.0	942.0	1219.0	773.0	820.0	1123.0
PF3D7_1454300	382.0	413.0	324.0	310.0	191.0	197.0	315.0	286.0	223.0	167.0	175.0	191.0	157.0	436.0
PF3D7_1454400	3461.0	3430.0	2681.0	2745.0	1704.0	2001.0	2730.0	9813.0	7205.0	6656.0	12915.0	4006.0	9611.0	8659.0
PF3D7_1454500	278.0	249.0	337.0	214.0	235.0	125.0	279.0	363.0	236.0	226.0	227.0	150.0	119.0	269.0
PF3D7_1454600	125.0	79.0	146.0	63.0	76.0	42.0	100.0	384.0	135.0	262.0	161.0	186.0	124.0	146.0
PF3D7_1454700	1099.0	1021.0	849.0	918.0	595.0	546.0	924.0	2091.0	1425.0	1509.0	3201.0	1004.0	2765.0	1811.0
PF3D7_1454900	58.0	61.0	36.0	36.0	31.0	27.0	50.0	27.0	12.0	0.0	28.0	39.0	0.0	47.0
PF3D7_1455000	147.0	140.0	195.0	140.0	78.0	55.0	143.0	141.0	89.0	110.0	87.0	71.0	62.0	111.0
PF3D7_1455100	568.0	487.0	550.0	343.0	325.0	274.0	475.0	1534.0	701.0	809.0	1007.0	527.0	672.0	1038.0
PF3D7_1455200	180.0	184.0	178.0	139.0	96.0	61.0	238.0	272.0	308.0	143.0	581.0	95.0	561.0	230.0
PF3D7_1455300	907.0	632.0	668.0	305.0	304.0	171.0	570.0	1211.0	559.0	1015.0	360.0	658.0	288.0	606.0
PF3D7_1455400	487.0	552.0	518.0	437.0	297.0	250.0	497.0	505.0	330.0	250.0	487.0	219.0	445.0	410.0
PF3D7_1455500	1465.0	1309.0	1308.0	832.0	795.0	645.0	1032.0	2616.0	1337.0	1828.0	2226.0	1227.0	1824.0	1864.0
PF3D7_1455600	379.0	416.0	377.0	322.0	228.0	163.0	186.0	318.0	169.0	298.0	242.0	192.0	198.0	386.0
PF3D7_1455700	549.0	333.0	619.0	289.0	348.0	139.0	365.0	770.0	228.0	515.0	495.0	283.0	493.0	340.0
PF3D7_1455800	283.0	210.0	165.0	190.0	108.0	95.0	253.0	128.0	60.0	152.0	96.0	89.0	121.0	170.0
PF3D7_1455900	42.0	45.0	48.0	23.0	26.0	21.0	52.0	37.0	56.0	24.0	49.0	26.0	60.0	20.0
PF3D7_1456000	1242.0	562.0	1382.0	462.0	765.0	299.0	648.0	1185.0	453.0	861.0	962.0	578.0	893.0	571.0
PF3D7_1456100	31.0	25.0	35.0	20.0	22.0	13.0	23.0	77.0	64.0	30.0	74.0	18.0	69.0	35.0
PF3D7_1456200	112.0	109.0	103.0	112.0	67.0	64.0	115.0	221.0	186.0	131.0	311.0	81.0	250.0	115.0
PF3D7_1456300	191.0	146.0	217.0	148.0	128.0	80.0	114.0	394.0	172.0	229.0	214.0	153.0	141.0	191.0
PF3D7_1456400	151.0	111.0	151.0	105.0	72.0	50.0	90.0	99.0	64.0	122.0	70.0	98.0	60.0	130.0
PF3D7_1456500	1685.0	1284.0	1487.0	1126.0	906.0	595.0	1184.0	1869.0	1233.0	1238.0	2904.0	740.0	2552.0	1418.0
PF3D7_1456600	46.0	24.0	34.0	31.0	19.0	18.0	26.0	35.0	27.0	37.0	43.0	26.0	31.0	25.0
PF3D7_1456700	1464.0	1347.0	1281.0	1006.0	710.0	678.0	1234.0	1950.0	1391.0	1180.0	2140.0	866.0	1949.0	1733.0
PF3D7_1456800	8654.0	10351.0	7496.0	7189.0	5342.0	5510.0	7394.0	12306.0	9045.0	7275.0	12031.0	6109.0	9912.0	14681.0
PF3D7_1456900	146.0	188.0	174.0	107.0	80.0	65.0	189.0	259.0	166.0	136.0	146.0	93.0	97.0	135.0
PF3D7_1457000	1568.0	1724.0	1369.0	1084.0	819.0	786.0	1424.0	2407.0	1953.0	1810.0	2855.0	1226.0	2502.0	3517.0
PF3D7_1457100	620.0	444.0	625.0	409.0	379.0	222.0	399.0	1316.0	562.0	947.0	835.0	657.0	592.0	1276.0
PF3D7_1457200	347.0	504.0	312.0	352.0	135.0	223.0	514.0	547.0	789.0	165.0	1046.0	118.0	944.0	626.0
PF3D7_1457300	2693.0	1952.0	3181.0	1398.0	2017.0	985.0	1591.0	4798.0	2617.0	3603.0	4170.0	2405.0	3078.0	3050.0
PF3D7_1457400	1617.0	1930.0	1318.0	1148.0	742.0	864.0	1244.0	1228.0	905.0	745.0	1128.0	688.0	1007.0	1809.0
PF3D7_1457500	269.0	176.0	214.0	152.0	135.0	72.0	159.0	333.0	149.0	275.0	349.0	177.0	305.0	251.0
PF3D7_1457600	409.0	322.0	533.0	298.0	349.0	227.0	271.0	766.0	325.0	542.0	554.0	402.0	363.0	554.0
PF3D7_1457700	2105.0	1806.0	2424.0	1412.0	1726.0	1068.0	1579.0	4029.0	2362.0	2852.0	3029.0	2254.0	1848.0	2970.0
PF3D7_1457800	170.0	140.0	127.0	105.0	62.0	82.0	127.0	120.0	50.0	99.0	106.0	58.0	83.0	151.0
PF3D7_1457900	1741.0	1784.0	1741.0	1467.0	1001.0	1127.0	1438.0	1840.0	1371.0	1136.0	2008.0	921.0	1622.0	2144.0
PF3D7_1458000	1770.0	1366.0	1910.0	1128.0	1441.0	826.0	1364.0	2694.0	1296.0	2004.0	1668.0	1502.0	1097.0	2179.0
PF3D7_1458100	36.0	25.0	53.0	33.0	22.0	20.0	42.0	28.0	25.0	18.0	12.0	11.0	10.0	18.0
PF3D7_1458200	50.0	54.0	79.0	37.0	35.0	28.0	46.0	40.0	23.0	22.0	27.0	15.0	18.0	23.0
PF3D7_1458300	686.0	561.0	633.0	387.0	390.0	229.0	476.0	320.0	264.0	237.0	560.0	181.0	608.0	653.0
PF3D7_1458400	90.0	64.0	100.0	67.0	60.0	51.0	63.0	248.0	128.0	171.0	260.0	81.0	193.0	121.0
PF3D7_1458500	919.0	772.0	1112.0	591.0	602.0	339.0	546.0	909.0	368.0	648.0	772.0	437.0	682.0	768.0
PF3D7_1458600	1133.0	954.0	1502.0	736.0	1140.0	537.0	755.0	1774.0	781.0	1470.0	1126.0	1174.0	800.0	1162.0
PF3D7_1458700	447.0	228.0	424.0	170.0	239.0	98.0	315.0	415.0	368.0	288.0	425.0	164.0	262.0	249.0
PF3D7_1458800	770.0	675.0	775.0	518.0	574.0	322.0	514.0	1309.0	609.0	897.0	735.0	651.0	524.0	640.0
PF3D7_1458900	123.0	119.0	125.0	112.0	84.0	65.0	65.0	198.0	95.0	82.0	142.0	82.0	127.0	130.0
PF3D7_1459000	4130.0	3332.0	4299.0	2595.0	2917.0	1939.0	2591.0	3720.0	2003.0	3100.0	3735.0	2510.0	2751.0	3358.0
PF3D7_1459100	327.0	321.0	254.0	227.0	151.0	163.0	214.0	348.0	270.0	247.0	420.0	172.0	290.0	376.0
PF3D7_1459200	1466.0	1246.0	1573.0	1061.0	1195.0	754.0	1086.0	1573.0	851.0	1034.0	1277.0	794.0	986.0	1226.0
PF3D7_1459300	230.0	230.0	213.0	142.0	93.0	113.0	182.0	131.0	89.0	71.0	107.0	63.0	120.0	170.0
PF3D7_1459400	771.0	813.0	703.0	523.0	475.0	402.0	541.0	655.0	401.0	495.0	531.0	426.0	426.0	712.0
PF3D7_1459500	232.0	216.0	193.0	135.0	83.0	93.0	173.0	452.0	216.0	234.0	244.0	173.0	168.0	233.0
PF3D7_1459600	1677.0	1504.0	1777.0	1084.0	982.0	721.0	1093.0	1486.0	919.0	993.0	1330.0	754.0	1027.0	1206.0
PF3D7_1459700	164.0	197.0	165.0	160.0	87.0	88.0	225.0	219.0	216.0	130.0	543.0	90.0	534.0	177.0
PF3D7_1459800	546.0	609.0	556.0	504.0	276.0	311.0	724.0	920.0	860.0	484.0	1206.0	333.0	869.0	822.0
PF3D7_1459900	39.0	42.0	33.0	15.0	0.0	0.0	10.0	13.0	0.0	11.0	0.0	0.0	0.0	23.0
PF3D7_1460000	32.0	37.0	35.0	34.0	13.0	29.0	28.0	19.0	15.0	13.0	0.0	11.0	11.0	26.0
PF3D7_1460100	886.0	642.0	1109.0	562.0	765.0	365.0	544.0	1505.0	515.0	1060.0	722.0	886.0	430.0	756.0
PF3D7_1460200	61.0	80.0	81.0	56.0	38.0	34.0	74.0	127.0	84.0	57.0	128.0	63.0	82.0	76.0
PF3D7_1460300	380.0	314.0	608.0	286.0	247.0	173.0	569.0	1402.0	1150.0	664.0	1162.0	361.0	551.0	506.0
PF3D7_1460400	238.0	231.0	174.0	181.0	103.0	104.0	416.0	522.0	477.0	239.0	610.0	181.0	493.0	501.0
PF3D7_1460500	1886.0	1172.0	1911.0	994.0	1075.0	552.0	1394.0	2420.0	1129.0	1778.0	1856.0	997.0	1467.0	1313.0
PF3D7_1460600	181.0	125.0	214.0	81.0	75.0	49.0	150.0	153.0	91.0	68.0	77.0	49.0	52.0	121.0
PF3D7_1460700	1346.0	1079.0	1856.0	1512.0	1082.0	1084.0	1676.0	3955.0	3451.0	2574.0	5383.0	1392.0	2701.0	3641.0
PF3D7_1460800	238.0	245.0	254.0	173.0	210.0	89.0	390.0	424.0	731.0	143.0	240.0	119.0	198.0	269.0
PF3D7_1460900	98.0	70.0	78.0	55.0	63.0	33.0	79.0	88.0	42.0	70.0	83.0	43.0	91.0	63.0
PF3D7_1461000	222.0	193.0	238.0	180.0	167.0	97.0	210.0	285.0	230.0	214.0	371.0	113.0	293.0	220.0
PF3D7_1461100	370.0	286.0	379.0	224.0	225.0	92.0	302.0	390.0	198.0	329.0	358.0	258.0	285.0	327.0
PF3D7_1461200	276.0	212.0	303.0	86.0	132.0	53.0	196.0	372.0	219.0	151.0	156.0	150.0	120.0	94.0
PF3D7_1461300	1088.0	1237.0	1258.0	1258.0	915.0	960.0	1569.0	2898.0	2921.0	1051.0	2929.0	872.0	1888.0	3062.0
PF3D7_1461400	571.0	467.0	551.0	334.0	248.0	189.0	375.0	396.0	175.0	309.0	211.0	156.0	106.0	559.0
PF3D7_1461500	22.0	35.0	27.0	31.0	21.0	18.0	36.0	34.0	14.0	19.0	12.0	16.0	0.0	27.0
PF3D7_1461600	2275.0	1536.0	2975.0	1328.0	2092.0	998.0	1486.0	3509.0	1447.0	3033.0	2272.0	2123.0	1463.0	2308.0
PF3D7_1461700	132.0	127.0	177.0	117.0	86.0	62.0	213.0	81.0	87.0	35.0	59.0	30.0	34.0	77.0
PF3D7_1461800	3542.0	3012.0	2781.0	2665.0	1522.0	1362.0	3869.0	1306.0	864.0	1121.0	1305.0	789.0	897.0	1722.0
PF3D7_1461900	1403.0	1311.0	1493.0	1116.0	936.0	993.0	1005.0	3419.0	2674.0	2352.0	4838.0	1554.0	3431.0	3022.0
PF3D7_1462100	236.0	164.0	215.0	145.0	148.0	70.0	176.0	281.0	171.0	179.0	318.0	131.0	317.0	159.0
PF3D7_1462200	69.0	66.0	68.0	89.0	27.0	35.0	65.0	104.0	108.0	32.0	141.0	20.0	147.0	60.0
PF3D7_1462300	2834.0	2799.0	3105.0	2436.0	2020.0	1947.0	2525.0	3290.0	2650.0	2352.0	4202.0	1821.0	3249.0	4084.0
PF3D7_1462400	4419.0	4176.0	5743.0	3141.0	4083.0	2498.0	2926.0	6051.0	2526.0	5037.0	3336.0	4294.0	2164.0	3642.0
PF3D7_1462500	28.0	38.0	45.0	40.0	37.0	24.0	48.0	43.0	26.0	41.0	49.0	53.0	20.0	48.0
PF3D7_1462600	27.0	24.0	28.0	19.0	18.0	18.0	11.0	27.0	18.0	20.0	18.0	13.0	18.0	29.0
PF3D7_1462700	461.0	346.0	406.0	298.0	223.0	194.0	479.0	463.0	344.0	350.0	775.0	223.0	631.0	586.0
PF3D7_1462800	10262.0	15070.0	8439.0	9207.0	3499.0	7285.0	13614.0	32186.0	34595.0	17109.0	50501.0	12271.0	44528.0	26159.0
PF3D7_1462900	240.0	202.0	194.0	179.0	99.0	166.0	196.0	471.0	344.0	316.0	326.0	202.0	188.0	367.0
PF3D7_1463000	712.0	624.0	554.0	324.0	351.0	219.0	401.0	1373.0	532.0	661.0	725.0	473.0	621.0	824.0
PF3D7_1463100	0.0	0.0	0.0	10.0	0.0	0.0	0.0	0.0	0.0	0.0	0.0	0.0	0.0	0.0
PF3D7_1463200	318.0	258.0	271.0	187.0	153.0	118.0	275.0	426.0	352.0	258.0	910.0	139.0	824.0	318.0
PF3D7_1463300	121.0	116.0	125.0	123.0	54.0	63.0	139.0	137.0	143.0	110.0	274.0	68.0	265.0	121.0
PF3D7_1463400	505.0	441.0	574.0	477.0	341.0	342.0	377.0	758.0	357.0	594.0	547.0	368.0	321.0	735.0
PF3D7_1463500	340.0	368.0	334.0	275.0	161.0	251.0	417.0	204.0	170.0	119.0	172.0	108.0	152.0	211.0
PF3D7_1463600	0.0	0.0	0.0	0.0	0.0	0.0	0.0	15.0	16.0	0.0	14.0	0.0	15.0	0.0
PF3D7_1463700	433.0	360.0	401.0	246.0	267.0	175.0	155.0	872.0	430.0	570.0	658.0	392.0	545.0	511.0
PF3D7_1463800	43.0	38.0	28.0	13.0	18.0	0.0	32.0	69.0	32.0	12.0	27.0	32.0	30.0	13.0
PF3D7_1463900	1233.0	1082.0	1056.0	538.0	456.0	267.0	624.0	523.0	377.0	315.0	402.0	150.0	170.0	1053.0
PF3D7_1464000	1690.0	1350.0	2377.0	1281.0	1812.0	921.0	817.0	2596.0	970.0	2284.0	1572.0	1596.0	936.0	1363.0
PF3D7_1464100	124.0	131.0	150.0	123.0	96.0	63.0	111.0	213.0	109.0	109.0	146.0	61.0	127.0	124.0
PF3D7_1464200	310.0	217.0	300.0	185.0	178.0	114.0	194.0	321.0	185.0	248.0	191.0	187.0	119.0	180.0
PF3D7_1464300	58.0	57.0	70.0	55.0	18.0	27.0	56.0	53.0	37.0	30.0	36.0	26.0	26.0	67.0
PF3D7_1464400	175.0	141.0	263.0	62.0	72.0	61.0	151.0	475.0	311.0	224.0	257.0	160.0	168.0	93.0
PF3D7_1464500	2470.0	1711.0	2711.0	1280.0	1357.0	868.0	1484.0	5047.0	2869.0	3190.0	4538.0	2095.0	3459.0	2877.0
PF3D7_1464600	9934.0	8600.0	10330.0	6855.0	7538.0	5269.0	7195.0	19571.0	9662.0	15343.0	13731.0	10270.0	8427.0	15830.0
PF3D7_1464700	598.0	471.0	569.0	376.0	341.0	206.0	455.0	1271.0	541.0	927.0	783.0	673.0	619.0	626.0
PF3D7_1464800	0.0	0.0	10.0	0.0	0.0	0.0	0.0	0.0	0.0	0.0	0.0	0.0	0.0	0.0
PF3D7_1464900	1774.0	1329.0	1856.0	1072.0	1306.0	806.0	1192.0	3171.0	1504.0	2729.0	2699.0	1848.0	1747.0	2429.0
PF3D7_1465000	102.0	111.0	124.0	75.0	52.0	24.0	123.0	97.0	69.0	95.0	76.0	40.0	89.0	78.0
PF3D7_1465100	275.0	275.0	221.0	189.0	100.0	97.0	225.0	199.0	163.0	132.0	334.0	83.0	330.0	271.0
PF3D7_1465200	300.0	264.0	316.0	331.0	180.0	243.0	222.0	509.0	382.0	388.0	668.0	266.0	366.0	527.0
PF3D7_1465300	393.0	457.0	392.0	346.0	230.0	282.0	304.0	721.0	461.0	484.0	621.0	371.0	538.0	667.0
PF3D7_1465400	250.0	289.0	238.0	210.0	118.0	135.0	292.0	276.0	176.0	106.0	128.0	76.0	95.0	360.0
PF3D7_1465500	305.0	418.0	185.0	229.0	99.0	170.0	158.0	178.0	197.0	144.0	209.0	96.0	127.0	437.0
PF3D7_1465600	59.0	37.0	53.0	37.0	21.0	30.0	39.0	45.0	32.0	50.0	37.0	29.0	31.0	44.0
PF3D7_1465700	39.0	69.0	60.0	58.0	32.0	31.0	49.0	60.0	26.0	43.0	40.0	40.0	28.0	52.0
PF3D7_1465800	632.0	759.0	761.0	795.0	437.0	478.0	472.0	910.0	713.0	712.0	939.0	585.0	655.0	1111.0
PF3D7_1465900	3558.0	3347.0	3850.0	2987.0	2524.0	2344.0	3224.0	8113.0	7666.0	4528.0	11207.0	2954.0	7155.0	8661.0
PF3D7_1466000	31.0	47.0	38.0	31.0	20.0	26.0	36.0	22.0	15.0	24.0	22.0	16.0	16.0	28.0
PF3D7_1466100	394.0	325.0	350.0	258.0	197.0	100.0	269.0	588.0	299.0	469.0	689.0	320.0	754.0	371.0
PF3D7_1466200	5736.0	4229.0	4203.0	3710.0	2198.0	2070.0	4820.0	6341.0	2795.0	4380.0	4135.0	2869.0	3052.0	4138.0
PF3D7_1466300	4197.0	3461.0	3766.0	2857.0	2044.0	2162.0	3660.0	8217.0	5328.0	5842.0	9887.0	3688.0	7333.0	8218.0
PF3D7_1466400	5325.0	5017.0	4981.0	2959.0	3021.0	2370.0	3025.0	6793.0	2939.0	4155.0	3997.0	3177.0	3156.0	4661.0
PF3D7_1466500	109.0	82.0	80.0	83.0	20.0	50.0	176.0	45.0	46.0	75.0	57.0	56.0	29.0	53.0
PF3D7_1466600	90.0	116.0	84.0	91.0	32.0	59.0	71.0	115.0	43.0	73.0	75.0	45.0	31.0	127.0
PF3D7_1466700	157.0	176.0	196.0	136.0	150.0	142.0	136.0	392.0	217.0	254.0	265.0	171.0	178.0	268.0
PF3D7_1466800	6202.0	4945.0	4801.0	4884.0	2976.0	2647.0	6551.0	5341.0	2523.0	4428.0	4210.0	3174.0	2771.0	4837.0
PF3D7_1466900	1990.0	1318.0	2246.0	1322.0	1625.0	867.0	1145.0	5138.0	1569.0	4659.0	2512.0	3210.0	1679.0	2354.0
PF3D7_1467000	150.0	143.0	133.0	188.0	93.0	124.0	84.0	186.0	95.0	113.0	97.0	77.0	72.0	255.0
PF3D7_1467100	165.0	180.0	148.0	157.0	95.0	120.0	114.0	271.0	214.0	183.0	277.0	122.0	267.0	276.0
PF3D7_1467200	216.0	238.0	214.0	204.0	147.0	194.0	125.0	391.0	179.0	257.0	309.0	177.0	213.0	324.0
PF3D7_1467300	146.0	173.0	119.0	99.0	65.0	73.0	154.0	189.0	170.0	131.0	381.0	88.0	433.0	155.0
PF3D7_1467400	193.0	136.0	192.0	115.0	112.0	93.0	128.0	364.0	141.0	254.0	271.0	181.0	218.0	202.0
PF3D7_1467500	906.0	768.0	996.0	744.0	552.0	602.0	462.0	1890.0	875.0	1284.0	1274.0	860.0	988.0	1565.0
PF3D7_1467600	5632.0	4483.0	4722.0	4885.0	2825.0	2521.0	7092.0	7729.0	5461.0	5738.0	7048.0	4156.0	4449.0	9412.0
PF3D7_1467700	89.0	102.0	139.0	93.0	50.0	37.0	128.0	164.0	71.0	71.0	94.0	53.0	66.0	85.0
PF3D7_1467800	32.0	33.0	40.0	42.0	16.0	27.0	56.0	57.0	33.0	37.0	29.0	26.0	29.0	29.0
PF3D7_1467900	2968.0	2336.0	2750.0	1802.0	1408.0	1061.0	2387.0	2827.0	1518.0	1837.0	2430.0	1120.0	1898.0	2545.0
PF3D7_1468000	283.0	303.0	343.0	282.0	227.0	159.0	188.0	396.0	205.0	358.0	273.0	292.0	257.0	409.0
PF3D7_1468100	10461.0	9334.0	10798.0	7103.0	6323.0	5395.0	7343.0	20831.0	14066.0	13438.0	23245.0	9098.0	16067.0	20196.0
PF3D7_1468200	325.0	248.0	302.0	205.0	170.0	140.0	229.0	1032.0	460.0	793.0	688.0	567.0	426.0	688.0
PF3D7_1468300	67.0	78.0	54.0	66.0	19.0	58.0	57.0	144.0	137.0	71.0	125.0	51.0	80.0	282.0
PF3D7_1468400	1116.0	446.0	999.0	375.0	436.0	190.0	369.0	480.0	255.0	416.0	306.0	229.0	136.0	704.0
PF3D7_1468500	184.0	130.0	145.0	66.0	67.0	33.0	167.0	223.0	94.0	98.0	128.0	93.0	102.0	84.0
PF3D7_1468600	141.0	179.0	163.0	116.0	81.0	84.0	99.0	175.0	84.0	117.0	83.0	74.0	89.0	183.0
PF3D7_1468700	9241.0	8763.0	8463.0	7498.0	5806.0	6099.0	7785.0	16245.0	13725.0	11998.0	25606.0	7910.0	17903.0	21184.0
PF3D7_1468800	1204.0	982.0	1179.0	1025.0	759.0	683.0	978.0	1920.0	1260.0	1665.0	2205.0	1078.0	1335.0	1751.0
PF3D7_1468900	926.0	735.0	925.0	610.0	682.0	476.0	639.0	2661.0	1150.0	2134.0	1890.0	1516.0	1453.0	1596.0
PF3D7_1469000	136.0	133.0	148.0	51.0	52.0	29.0	106.0	256.0	108.0	83.0	88.0	66.0	67.0	80.0
PF3D7_1469100	282.0	152.0	324.0	169.0	224.0	91.0	146.0	450.0	141.0	321.0	154.0	281.0	114.0	166.0
PF3D7_1469200	228.0	247.0	221.0	167.0	112.0	99.0	153.0	184.0	122.0	143.0	163.0	89.0	105.0	280.0
PF3D7_1469300	676.0	514.0	808.0	479.0	618.0	313.0	464.0	1208.0	585.0	899.0	779.0	702.0	535.0	780.0
PF3D7_1469400	366.0	371.0	249.0	247.0	159.0	126.0	438.0	909.0	454.0	523.0	509.0	409.0	465.0	420.0
PF3D7_1469500	65.0	70.0	87.0	84.0	47.0	37.0	65.0	207.0	77.0	154.0	93.0	100.0	56.0	70.0
PF3D7_1469600	2156.0	1562.0	1888.0	1643.0	1327.0	751.0	1858.0	1691.0	1012.0	1468.0	1255.0	1114.0	970.0	1474.0
PF3D7_1469700	175.0	122.0	143.0	124.0	93.0	69.0	114.0	274.0	173.0	242.0	363.0	151.0	281.0	193.0
PF3D7_1469800	113.0	114.0	111.0	102.0	57.0	60.0	152.0	151.0	232.0	88.0	354.0	47.0	246.0	238.0
PF3D7_1469900	108.0	70.0	104.0	74.0	44.0	33.0	107.0	34.0	30.0	40.0	57.0	38.0	29.0	68.0
PF3D7_1470000	43.0	51.0	33.0	41.0	19.0	16.0	52.0	91.0	110.0	35.0	169.0	29.0	160.0	70.0
PF3D7_1470100	412.0	347.0	329.0	315.0	205.0	165.0	347.0	678.0	784.0	365.0	1232.0	205.0	995.0	685.0
PF3D7_1470200	378.0	251.0	472.0	275.0	278.0	226.0	327.0	567.0	267.0	379.0	335.0	261.0	202.0	425.0
PF3D7_1470300	413.0	328.0	599.0	372.0	385.0	218.0	419.0	615.0	308.0	396.0	296.0	327.0	159.0	411.0
PF3D7_1470400	85.0	44.0	83.0	63.0	43.0	36.0	64.0	58.0	30.0	40.0	46.0	28.0	35.0	57.0
PF3D7_1470500	301.0	273.0	242.0	219.0	178.0	142.0	220.0	174.0	111.0	826.0	177.0	210.0	139.0	263.0
PF3D7_1470600	408.0	311.0	338.0	256.0	222.0	144.0	359.0	923.0	631.0	838.0	1022.0	520.0	631.0	618.0
PF3D7_1470700	220.0	161.0	234.0	171.0	145.0	92.0	182.0	529.0	316.0	458.0	525.0	283.0	367.0	336.0
PF3D7_1470800	863.0	710.0	765.0	517.0	444.0	313.0	794.0	1039.0	565.0	695.0	980.0	477.0	935.0	920.0
PF3D7_1470900	400.0	377.0	467.0	336.0	240.0	242.0	519.0	1332.0	728.0	783.0	1046.0	522.0	868.0	670.0
PF3D7_1470950	57.0	61.0	70.0	106.0	27.0	40.0	138.0	38.0	32.0	32.0	30.0	16.0	17.0	64.0
PF3D7_1471000	513.0	341.0	463.0	314.0	325.0	227.0	274.0	1182.0	470.0	792.0	666.0	592.0	514.0	670.0
PF3D7_1471100	4899.0	5132.0	4786.0	3431.0	3011.0	2484.0	4241.0	18908.0	15294.0	12993.0	27326.0	7784.0	19255.0	18316.0
PF3D7_1471200	1169.0	1058.0	828.0	630.0	415.0	355.0	1122.0	2114.0	1375.0	1258.0	2513.0	697.0	2436.0	1492.0
PF3D7_1471300	184.0	180.0	198.0	113.0	74.0	72.0	190.0	312.0	278.0	145.0	337.0	80.0	308.0	177.0
PF3D7_1471400	550.0	374.0	602.0	302.0	283.0	156.0	403.0	574.0	220.0	361.0	350.0	299.0	333.0	458.0
PF3D7_1471500	42.0	38.0	70.0	35.0	19.0	28.0	49.0	40.0	25.0	43.0	19.0	36.0	15.0	37.0
PF3D7_1471600	210.0	238.0	200.0	213.0	136.0	124.0	217.0	181.0	95.0	117.0	103.0	66.0	86.0	237.0
PF3D7_1471700	157.0	148.0	121.0	145.0	87.0	93.0	136.0	126.0	66.0	99.0	81.0	62.0	71.0	183.0
PF3D7_1471800	150.0	144.0	111.0	131.0	68.0	51.0	220.0	109.0	73.0	68.0	155.0	43.0	90.0	151.0
PF3D7_1471900	684.0	677.0	778.0	659.0	381.0	462.0	643.0	740.0	597.0	450.0	779.0	369.0	633.0	863.0
PF3D7_1472000	415.0	373.0	485.0	396.0	280.0	252.0	428.0	649.0	315.0	468.0	427.0	324.0	276.0	548.0
PF3D7_1472100	416.0	448.0	477.0	349.0	284.0	206.0	397.0	829.0	521.0	387.0	490.0	310.0	428.0	503.0
PF3D7_1472200	19660.0	16078.0	18145.0	11719.0	9559.0	9134.0	13160.0	12826.0	7932.0	8213.0	10243.0	6551.0	6911.0	15745.0
PF3D7_1472300	335.0	322.0	315.0	261.0	164.0	171.0	368.0	634.0	337.0	336.0	413.0	216.0	356.0	524.0
PF3D7_1472400	611.0	475.0	629.0	366.0	417.0	297.0	361.0	1270.0	449.0	778.0	623.0	544.0	463.0	865.0
PF3D7_1472500	41.0	40.0	46.0	40.0	25.0	31.0	56.0	47.0	34.0	42.0	47.0	32.0	0.0	57.0
PF3D7_1472600	321.0	276.0	254.0	172.0	142.0	96.0	230.0	246.0	129.0	181.0	187.0	133.0	159.0	230.0
PF3D7_1472700	523.0	270.0	399.0	231.0	254.0	130.0	339.0	621.0	287.0	386.0	545.0	273.0	480.0	367.0
PF3D7_1472800	426.0	283.0	348.0	252.0	182.0	158.0	393.0	248.0	137.0	254.0	325.0	133.0	269.0	195.0
PF3D7_1472900	988.0	983.0	499.0	645.0	352.0	342.0	908.0	975.0	492.0	659.0	751.0	422.0	654.0	631.0
PF3D7_1473000	10.0	12.0	14.0	21.0	12.0	14.0	13.0	16.0	11.0	20.0	12.0	16.0	0.0	39.0
PF3D7_1473100	398.0	307.0	377.0	282.0	223.0	206.0	308.0	671.0	301.0	469.0	507.0	396.0	412.0	485.0
PF3D7_1473200	6956.0	5538.0	6198.0	4547.0	4350.0	2889.0	5117.0	9682.0	5151.0	10918.0	8778.0	8826.0	7017.0	9115.0
PF3D7_1473300	173.0	134.0	178.0	245.0	81.0	69.0	136.0	156.0	97.0	152.0	100.0	130.0	87.0	182.0
PF3D7_1473400	316.0	190.0	281.0	193.0	172.0	91.0	247.0	315.0	74.0	260.0	104.0	215.0	58.0	207.0
PF3D7_1473500	814.0	718.0	817.0	603.0	542.0	332.0	587.0	1665.0	675.0	1248.0	959.0	967.0	719.0	911.0
PF3D7_1473600	22.0	27.0	36.0	29.0	19.0	17.0	39.0	53.0	59.0	34.0	66.0	29.0	36.0	43.0
PF3D7_1473700	3461.0	2596.0	3277.0	2464.0	2607.0	1281.0	2628.0	4523.0	2430.0	4155.0	3036.0	3563.0	2114.0	4343.0
PF3D7_1473900	2355.0	2235.0	2175.0	1548.0	1376.0	991.0	1588.0	2799.0	1264.0	2174.0	1547.0	1590.0	1143.0	2141.0
PF3D7_1474000	3874.0	3109.0	3556.0	2765.0	2275.0	1486.0	3703.0	1984.0	1098.0	1810.0	1695.0	1377.0	1370.0	2068.0
PF3D7_1474100	77.0	89.0	63.0	88.0	41.0	31.0	172.0	140.0	185.0	58.0	318.0	38.0	273.0	103.0
PF3D7_1474200	561.0	549.0	694.0	443.0	356.0	227.0	474.0	502.0	329.0	379.0	397.0	317.0	337.0	430.0
PF3D7_1474300	266.0	178.0	289.0	182.0	142.0	96.0	216.0	437.0	213.0	304.0	382.0	200.0	334.0	242.0
PF3D7_1474400	504.0	465.0	502.0	440.0	243.0	244.0	531.0	381.0	192.0	303.0	275.0	186.0	223.0	408.0
PF3D7_1474500	1233.0	980.0	1085.0	745.0	686.0	511.0	869.0	1998.0	1084.0	1351.0	1940.0	956.0	1442.0	1454.0
PF3D7_1474600	1046.0	1084.0	1055.0	780.0	678.0	596.0	878.0	1750.0	922.0	1192.0	1464.0	788.0	1196.0	1447.0
PF3D7_1474700	127.0	132.0	136.0	129.0	84.0	58.0	187.0	172.0	148.0	136.0	172.0	113.0	153.0	237.0
PF3D7_1474800	1109.0	1028.0	910.0	799.0	557.0	571.0	1015.0	1928.0	1310.0	1163.0	2460.0	753.0	1989.0	1772.0
PF3D7_1474900	465.0	398.0	329.0	296.0	219.0	136.0	514.0	467.0	270.0	284.0	522.0	205.0	539.0	270.0
PF3D7_1475000	12.0	12.0	12.0	0.0	0.0	0.0	12.0	34.0	24.0	15.0	26.0	19.0	15.0	23.0
PF3D7_1475100	589.0	587.0	517.0	565.0	284.0	373.0	503.0	1534.0	1095.0	841.0	1235.0	642.0	1036.0	1449.0
PF3D7_1475200	234.0	169.0	180.0	147.0	114.0	80.0	212.0	345.0	206.0	191.0	410.0	138.0	361.0	263.0
PF3D7_1475300	78.0	105.0	90.0	58.0	42.0	30.0	154.0	155.0	135.0	72.0	139.0	62.0	139.0	93.0
PF3D7_1475400	675.0	651.0	676.0	656.0	399.0	355.0	472.0	637.0	364.0	621.0	552.0	482.0	424.0	735.0
PF3D7_1475500	619.0	496.0	341.0	465.0	240.0	185.0	641.0	167.0	78.0	201.0	215.0	147.0	124.0	299.0
PF3D7_1475600	1702.0	1395.0	1781.0	1015.0	1321.0	785.0	1052.0	2083.0	1020.0	1380.0	1518.0	1097.0	1066.0	1558.0
PF3D7_1475700	124.0	115.0	80.0	91.0	62.0	63.0	99.0	87.0	61.0	65.0	44.0	66.0	40.0	126.0
PF3D7_1475800	24.0	26.0	24.0	23.0	26.0	21.0	26.0	25.0	23.0	18.0	15.0	18.0	0.0	24.0
PF3D7_1475900	123.0	127.0	103.0	148.0	80.0	60.0	74.0	109.0	52.0	160.0	82.0	91.0	60.0	180.0
PF3D7_1476000	139.0	148.0	200.0	121.0	122.0	90.0	78.0	345.0	125.0	161.0	102.0	162.0	90.0	143.0
PF3D7_1476100	21.0	30.0	25.0	18.0	11.0	10.0	24.0	26.0	25.0	71.0	20.0	10.0	10.0	46.0
PF3D7_1476200	1052.0	617.0	987.0	519.0	626.0	299.0	547.0	9766.0	3658.0	9120.0	5300.0	6059.0	3072.0	7042.0
PF3D7_1476300	690.0	729.0	849.0	403.0	451.0	223.0	468.0	348.0	266.0	363.0	292.0	193.0	121.0	643.0
PF3D7_1476400	570.0	513.0	630.0	495.0	434.0	347.0	330.0	812.0	386.0	675.0	592.0	544.0	422.0	525.0
PF3D7_1476500	1604.0	1563.0	1023.0	1541.0	508.0	758.0	2580.0	879.0	901.0	469.0	1164.0	316.0	911.0	1187.0
PF3D7_1476600	1543.0	1619.0	974.0	1511.0	588.0	750.0	2282.0	1060.0	1201.0	783.0	1811.0	634.0	1298.0	2177.0
PF3D7_1476700	220.0	165.0	171.0	137.0	106.0	83.0	142.0	297.0	124.0	161.0	177.0	128.0	157.0	168.0
PF3D7_1476800	547.0	522.0	603.0	371.0	568.0	365.0	730.0	801.0	1478.0	357.0	275.0	309.0	229.0	714.0
PF3D7_1476900	67.0	51.0	48.0	50.0	26.0	28.0	104.0	45.0	46.0	38.0	53.0	24.0	20.0	79.0
PF3D7_1477000	358.0	335.0	501.0	302.0	408.0	188.0	147.0	988.0	402.0	547.0	408.0	449.0	261.0	913.0
PF3D7_1477100	0.0	0.0	0.0	0.0	0.0	0.0	0.0	10.0	0.0	13.0	0.0	0.0	0.0	0.0
PF3D7_1477200	0.0	0.0	13.0	22.0	13.0	0.0	0.0	17.0	20.0	17.0	0.0	0.0	0.0	12.0
PF3D7_1477300	906.0	950.0	564.0	776.0	265.0	262.0	1575.0	792.0	728.0	317.0	569.0	300.0	509.0	745.0
PF3D7_1477400	189.0	228.0	75.0	151.0	32.0	69.0	314.0	125.0	117.0	66.0	112.0	47.0	111.0	137.0
PF3D7_1477500	995.0	694.0	1217.0	484.0	953.0	336.0	617.0	5841.0	1906.0	4912.0	2664.0	3122.0	1488.0	3723.0
PF3D7_1477600	454.0	498.0	422.0	513.0	231.0	308.0	536.0	594.0	424.0	374.0	391.0	270.0	262.0	847.0
PF3D7_1477700	2182.0	1896.0	1376.0	1752.0	687.0	863.0	2876.0	811.0	792.0	554.0	907.0	400.0	785.0	998.0
PF3D7_1477800	45.0	36.0	57.0	18.0	55.0	0.0	48.0	21.0	10.0	27.0	0.0	16.0	0.0	0.0
PF3D7_1477900	489.0	458.0	339.0	389.0	277.0	197.0	647.0	501.0	338.0	412.0	411.0	318.0	328.0	549.0
PF3D7_1478000	2929.0	3819.0	3427.0	3321.0	2112.0	2355.0	3304.0	1920.0	1411.0	1035.0	1178.0	888.0	753.0	2118.0
PF3D7_1478100	248.0	283.0	260.0	185.0	139.0	132.0	185.0	126.0	97.0	70.0	65.0	59.0	36.0	140.0
PF3D7_1478200	10.0	12.0	14.0	11.0	0.0	0.0	0.0	12.0	0.0	0.0	0.0	0.0	0.0	18.0
PF3D7_1478400	0.0	18.0	10.0	24.0	0.0	0.0	0.0	19.0	0.0	12.0	11.0	14.0	0.0	24.0
PF3D7_1478500	0.0	0.0	0.0	20.0	12.0	0.0	0.0	0.0	0.0	13.0	0.0	0.0	0.0	11.0
PF3D7_1478600	1681.0	937.0	2494.0	700.0	2664.0	474.0	653.0	7435.0	3382.0	5629.0	3682.0	4475.0	2077.0	5867.0
PF3D7_1478700	0.0	10.0	0.0	15.0	0.0	0.0	0.0	42.0	30.0	32.0	69.0	18.0	24.0	47.0
PF3D7_1478800	122.0	141.0	140.0	28.0	29.0	11.0	75.0	235.0	106.0	74.0	29.0	87.0	31.0	19.0
PF3D7_1478900	4117.0	4396.0	3578.0	1973.0	1086.0	1135.0	4307.0	2863.0	1310.0	1113.0	2031.0	962.0	1768.0	2033.0
PF3D7_1479000	1221.0	1022.0	1177.0	1139.0	1627.0	626.0	728.0	1087.0	326.0	1514.0	451.0	1244.0	256.0	695.0
PF3D7_1479200	0.0	14.0	26.0	12.0	0.0	0.0	22.0	14.0	19.0	0.0	0.0	0.0	0.0	14.0
PF3D7_1479400	71.0	76.0	106.0	92.0	78.0	41.0	26.0	1837.0	544.0	819.0	549.0	458.0	260.0	1165.0
PF3D7_1479500	0.0	12.0	11.0	15.0	11.0	0.0	13.0	1130.0	492.0	399.0	308.0	191.0	171.0	683.0
PF3D7_1479600	42.0	34.0	61.0	68.0	47.0	24.0	38.0	369.0	103.0	192.0	110.0	134.0	53.0	207.0
PF3D7_1479700	44.0	42.0	68.0	53.0	47.0	29.0	24.0	112.0	55.0	59.0	32.0	39.0	33.0	81.0
PF3D7_1479800	33.0	38.0	62.0	52.0	37.0	16.0	17.0	1152.0	303.0	501.0	282.0	314.0	168.0	772.0
PF3D7_1479900	0.0	0.0	0.0	15.0	0.0	0.0	0.0	52.0	30.0	34.0	28.0	17.0	13.0	24.0
PF3D7_1480000	19.0	28.0	36.0	36.0	24.0	14.0	0.0	167.0	80.0	52.0	43.0	27.0	20.0	30.0
PF3D7_1480100	16.0	26.0	33.0	39.0	33.0	23.0	10.0	54.0	24.0	52.0	58.0	31.0	35.0	100.0
PF3D7_API01000	0.0	0.0	0.0	0.0	0.0	0.0	0.0	0.0	0.0	17.0	0.0	10.0	0.0	0.0
PF3D7_API01300	12.0	0.0	0.0	0.0	0.0	0.0	12.0	0.0	0.0	0.0	0.0	0.0	0.0	0.0
PF3D7_API01500	61.0	55.0	51.0	35.0	24.0	22.0	66.0	27.0	44.0	18.0	62.0	15.0	30.0	21.0
PF3D7_API01600	0.0	0.0	0.0	0.0	0.0	0.0	11.0	0.0	0.0	0.0	0.0	0.0	0.0	0.0
PF3D7_API01700	0.0	10.0	0.0	0.0	0.0	0.0	0.0	0.0	0.0	0.0	0.0	0.0	0.0	0.0
PF3D7_API01800	23.0	19.0	28.0	0.0	22.0	12.0	26.0	10.0	0.0	11.0	25.0	0.0	0.0	0.0
PF3D7_API01900	0.0	0.0	13.0	0.0	0.0	0.0	0.0	0.0	0.0	0.0	0.0	0.0	0.0	0.0
PF3D7_API02000	12.0	14.0	23.0	0.0	0.0	0.0	22.0	0.0	17.0	0.0	0.0	0.0	0.0	0.0
PF3D7_API02300	0.0	0.0	13.0	0.0	0.0	0.0	0.0	0.0	0.0	0.0	0.0	0.0	0.0	0.0
PF3D7_API02400	0.0	11.0	11.0	0.0	0.0	0.0	12.0	0.0	0.0	0.0	0.0	0.0	0.0	0.0
PF3D7_API02600	0.0	0.0	13.0	0.0	0.0	0.0	16.0	0.0	0.0	0.0	10.0	0.0	0.0	0.0
PF3D7_API02700	36.0	35.0	50.0	22.0	24.0	13.0	45.0	24.0	20.0	14.0	26.0	14.0	10.0	10.0
PF3D7_API02800	11.0	21.0	37.0	0.0	0.0	0.0	36.0	16.0	18.0	0.0	10.0	0.0	0.0	0.0
PF3D7_API02900	595.0	598.0	721.0	481.0	374.0	382.0	516.0	348.0	337.0	275.0	593.0	230.0	264.0	260.0
PF3D7_API03000	10.0	13.0	17.0	0.0	0.0	0.0	32.0	13.0	12.0	0.0	12.0	0.0	0.0	0.0
PF3D7_API03600	225.0	207.0	330.0	142.0	95.0	95.0	224.0	172.0	136.0	125.0	191.0	79.0	60.0	69.0
PF3D7_API04100	0.0	0.0	0.0	0.0	0.0	0.0	0.0	0.0	0.0	0.0	12.0	0.0	0.0	0.0
PF3D7_API04200	14.0	18.0	13.0	30.0	15.0	11.0	27.0	11.0	12.0	32.0	0.0	0.0	0.0	10.0
PF3D7_API04300	14.0	21.0	31.0	13.0	16.0	14.0	31.0	0.0	22.0	0.0	12.0	0.0	0.0	0.0
PF3D7_API04400	43.0	34.0	41.0	30.0	30.0	21.0	31.0	16.0	31.0	12.0	32.0	10.0	19.0	14.0
PF3D7_API04700	11.0	0.0	0.0	15.0	0.0	0.0	0.0	0.0	0.0	0.0	0.0	10.0	0.0	0.0
PF3D7_API04900	0.0	0.0	0.0	0.0	13.0	0.0	12.0	0.0	0.0	0.0	0.0	0.0	0.0	0.0
PF3D7_MIT00200	41.0	15.0	19.0	81.0	27.0	0.0	35.0	0.0	0.0	0.0	0.0	0.0	14.0	0.0
PF3D7_MIT00300	29.0	0.0	16.0	48.0	14.0	10.0	24.0	0.0	0.0	0.0	14.0	0.0	0.0	0.0
PF3D7_MIT00400	21.0	0.0	0.0	65.0	21.0	0.0	13.0	0.0	0.0	0.0	11.0	0.0	0.0	0.0
PF3D7_MIT00500	26.0	0.0	13.0	64.0	12.0	0.0	20.0	0.0	0.0	10.0	10.0	0.0	0.0	0.0
PF3D7_MIT00900	481.0	210.0	294.0	799.0	215.0	208.0	518.0	88.0	153.0	114.0	221.0	62.0	116.0	177.0
PF3D7_MIT01000	189.0	141.0	195.0	407.0	108.0	115.0	524.0	74.0	242.0	50.0	272.0	34.0	138.0	190.0
PF3D7_MIT01100	109.0	110.0	117.0	199.0	73.0	62.0	263.0	48.0	100.0	27.0	103.0	24.0	50.0	111.0
PF3D7_MIT01200	71.0	11.0	17.0	110.0	30.0	12.0	34.0	0.0	0.0	20.0	13.0	12.0	13.0	0.0
PF3D7_MIT01300	175.0	63.0	91.0	394.0	95.0	46.0	151.0	0.0	24.0	53.0	60.0	34.0	26.0	40.0
PF3D7_MIT01400	258.0	419.0	242.0	240.0	134.0	108.0	251.0	101.0	118.0	75.0	160.0	76.0	164.0	104.0
PF3D7_MIT01500	138.0	78.0	195.0	216.0	100.0	76.0	237.0	41.0	66.0	34.0	66.0	19.0	31.0	50.0
PF3D7_MIT01600	0.0	0.0	0.0	11.0	0.0	0.0	0.0	0.0	0.0	0.0	0.0	0.0	0.0	0.0
PF3D7_MIT01700	192.0	46.0	81.0	512.0	86.0	56.0	122.0	21.0	16.0	37.0	89.0	36.0	50.0	37.0
PF3D7_MIT01800	0.0	0.0	0.0	13.0	0.0	0.0	10.0	0.0	0.0	0.0	0.0	0.0	0.0	0.0
PF3D7_MIT02000	257.0	86.0	153.0	475.0	157.0	88.0	226.0	24.0	37.0	67.0	88.0	54.0	49.0	46.0
PF3D7_MIT02100	1664.0	1666.0	869.0	1088.0	401.0	576.0	1523.0	493.0	553.0	388.0	1521.0	231.0	1452.0	861.0
PF3D7_MIT02200	394.0	208.0	568.0	517.0	265.0	161.0	821.0	99.0	134.0	88.0	171.0	45.0	55.0	160.0
PF3D7_MIT02300	523.0	757.0	465.0	557.0	192.0	244.0	1017.0	237.0	278.0	152.0	469.0	90.0	385.0	320.0
PF3D7_MIT02400	18.0	0.0	0.0	26.0	10.0	0.0	18.0	0.0	0.0	0.0	0.0	0.0	0.0	0.0
PF3D7_MIT02600	25.0	0.0	21.0	61.0	19.0	0.0	32.0	0.0	0.0	0.0	11.0	10.0	0.0	0.0
PF3D7_MIT02700	406.0	154.0	270.0	621.0	243.0	132.0	387.0	65.0	88.0	87.0	151.0	51.0	80.0	86.0
PF3D7_MIT02800	20.0	11.0	15.0	39.0	0.0	0.0	38.0	0.0	10.0	15.0	17.0	10.0	0.0	0.0
PF3D7_MIT02900	95.0	26.0	40.0	143.0	63.0	14.0	47.0	10.0	0.0	10.0	23.0	12.0	15.0	17.0
PF3D7_MIT03100	21.0	0.0	0.0	43.0	11.0	0.0	0.0	0.0	0.0	0.0	0.0	0.0	0.0	0.0
PF3D7_MIT03200	223.0	227.0	351.0	386.0	200.0	138.0	482.0	90.0	187.0	107.0	202.0	55.0	106.0	153.0
PF3D7_MIT03300	830.0	373.0	734.0	1342.0	543.0	288.0	1033.0	161.0	185.0	190.0	316.0	108.0	157.0	215.0
PF3D7_MIT03400	200.0	64.0	72.0	398.0	107.0	46.0	144.0	12.0	38.0	41.0	67.0	36.0	53.0	22.0
PF3D7_MIT03600	130.0	44.0	72.0	202.0	47.0	35.0	145.0	17.0	39.0	30.0	84.0	20.0	51.0	38.0
PF3D7_MIT03700	380.0	90.0	145.0	650.0	169.0	76.0	292.0	41.0	46.0	99.0	180.0	58.0	91.0	69.0
PF3D7_MIT03800	22.0	0.0	14.0	34.0	0.0	0.0	20.0	0.0	0.0	0.0	10.0	0.0	0.0	0.0
PF3D7_MIT03900	0.0	0.0	0.0	14.0	0.0	0.0	0.0	0.0	0.0	0.0	0.0	0.0	0.0	0.0
PF3D7_MIT04000	3082.0	2675.0	4224.0	4440.0	2036.0	1771.0	6062.0	1241.0	2127.0	861.0	2642.0	677.0	1283.0	2307.0
PF3D7_MIT04100	85.0	57.0	100.0	159.0	59.0	44.0	198.0	69.0	67.0	38.0	127.0	40.0	82.0	72.0
PF3D7_MIT04200	228.0	97.0	204.0	325.0	144.0	80.0	326.0	57.0	74.0	94.0	143.0	68.0	66.0	84.0
