	0
PF3D7_1401200	-0.020888375772370335
PF3D7_1401300	-0.01405149233794141
PF3D7_1401400	-0.6923807015073775
PF3D7_1401500	-0.0007993605115907274
PF3D7_1401600	1.041838118092472
PF3D7_1401700	0.0005078290308929326
PF3D7_1401800	0.18059347970121783
PF3D7_1401900	0.6919383636640524
PF3D7_1402000	-0.03597122302158273
PF3D7_1402100	-0.01388066017774016
PF3D7_1402200	0.096815335739258
PF3D7_1402300	0.06681355692178492
PF3D7_1402400	0.020222032140301875
PF3D7_1402500	-0.7937510505864954
PF3D7_1402700	-0.09565927893997273
PF3D7_1402800	0.4760885157824234
PF3D7_1402900	0.06437494510404854
PF3D7_1403000	0.000216297550195138
PF3D7_1403100	0.32900219970945593
PF3D7_1403200	0.00130718954248366
PF3D7_1403300	0.012272534913245875
PF3D7_1403400	0.23351402735726712
PF3D7_1403500	0.021930690741524428
PF3D7_1403600	0.00784313725490196
PF3D7_1403700	0.0012724858949452202
PF3D7_1403800	0.05890683900723186
PF3D7_1403900	0.006244416231720506
PF3D7_1404000	0.009106218908534348
PF3D7_1404100	-0.002398081534772182
PF3D7_1404200	0.004686225491503267
PF3D7_1404300	0.0
PF3D7_1404400	-0.00029153148069779476
PF3D7_1404500	-0.02266316123891475
PF3D7_1404600.1	0.0
PF3D7_1404700	0.00522875816993464
PF3D7_1404800	-0.20043889128031223
PF3D7_1404900	0.06774175606792683
PF3D7_1405000	0.0187734818019937
PF3D7_1405100	0.10664763308228711
PF3D7_1405200	0.01118164292095735
PF3D7_1405300	0.08971128769084497
PF3D7_1405400	-0.007711477876522313
PF3D7_1405500	-0.14422785784798045
PF3D7_1405600	0.06453348863001834
PF3D7_1405700	0.10811499190322096
PF3D7_1405800	-0.09817991278794376
PF3D7_1405900	-0.03479744698947665
PF3D7_1406000	-0.008068839046409931
PF3D7_1406100	0.07148110171616119
PF3D7_1406200	0.019915140436347345
PF3D7_1406300	0.022009828378840454
PF3D7_1406400	0.017214993885644427
PF3D7_1406500	-0.0025485493957774965
PF3D7_1406600	0.2950962630747449
PF3D7_1406700	0.019281608009018666
PF3D7_1406800	0.0392156862745098
PF3D7_1406900	0.02821563725620915
PF3D7_1407000	0.03889527778169934
PF3D7_1407100	-0.053304498401570505
PF3D7_1407200	0.008350966285794894
PF3D7_1407300	0.01975552546604599
PF3D7_1407400	0.015425571894625477
PF3D7_1407500	-0.01123545222725349
PF3D7_1407600	0.030615670644388016
PF3D7_1407700	0.0010156580617858653
PF3D7_1407800	-0.05644183853346499
PF3D7_1407900	-0.007194244604316547
PF3D7_1408000	-0.013050173624498049
PF3D7_1408100	-0.04355647211831475
PF3D7_1408200	-0.146056297700221
PF3D7_1408300	0.004429397658343913
PF3D7_1408400	0.11441235483763579
PF3D7_1408500	-0.018279228970564724
PF3D7_1408600	-0.30190468333354026
PF3D7_1408700	0.6579379454375982
PF3D7_1408800	0.0
PF3D7_1408900	0.0005078290308929326
PF3D7_1409000	-0.004288334038651432
PF3D7_1409100	0.09121211818957069
PF3D7_1409200.1	0.00130718954248366
PF3D7_1409300	0.6430133252361875
PF3D7_1409400	0.21405165663742887
PF3D7_1409500	0.03761696525132835
PF3D7_1409600	0.18675245549408007
PF3D7_1409700	-0.005122695373912634
PF3D7_1409800	-0.0005830629613955895
PF3D7_1409900	0.026549549923101518
PF3D7_1410000	0.002896506324352283
PF3D7_1410100	0.0
PF3D7_1410200	-0.05164044318075892
PF3D7_1410300	0.14241930872586636
PF3D7_1410400	2.881425441414238
PF3D7_1410500	-0.0077773075657121375
PF3D7_1410600	-0.03298901820040438
PF3D7_1410700	0.04907261873559035
PF3D7_1410800	0.03137254901960784
PF3D7_1410900	0.238472485457507
PF3D7_1411000.1	0.00261437908496732
PF3D7_1411100.1	-0.0007993605115907274
PF3D7_1411200	0.2466474974058118
PF3D7_1411300	0.027375746461654207
PF3D7_1411400	0.0005552462742935069
PF3D7_1411500	-0.12650528930676633
PF3D7_1411600	-0.0009498283725960406
PF3D7_1411700	0.009689281869929936
PF3D7_1411800	-0.02741356174233319
PF3D7_1411900	-0.024916007195843325
PF3D7_1412000	0.07342473856470588
PF3D7_1412100	0.2831792472417172
PF3D7_1412200	0.01376131835838623
PF3D7_1412300	0.07622009123772983
PF3D7_1412400	0.13107580604274224
PF3D7_1412500	-0.0074857760850143415
PF3D7_1412600	-0.10584342127559129
PF3D7_1412700	-0.037002013099402827
PF3D7_1412800	0.012127893687666334
PF3D7_1412900.1	0.00689330888230592
PF3D7_1413000	0.0
PF3D7_1413100	0.00522875816993464
PF3D7_1413200	0.0014887834451403578
PF3D7_1413300	-0.002398081534772182
PF3D7_1413400	0.034181235603093996
PF3D7_1413500	0.008858795316687826
PF3D7_1413600	0.034174348642657636
PF3D7_1413700	0.23574726573919216
PF3D7_1413800	-0.01374347134006677
PF3D7_1413900	-0.003564207457563361
PF3D7_1414000	0.2298478734663469
PF3D7_1414100	0.006818074951803263
PF3D7_1414200	0.17270623455746462
PF3D7_1414300	-0.39197581350267546
PF3D7_1414400	0.377215161392834
PF3D7_1414500	1.0441563868064796
PF3D7_1414600	0.07471766509591388
PF3D7_1414700	-0.0979321920199652
PF3D7_1414800	0.0018150185733765926
PF3D7_1414900	-0.024443178988620865
PF3D7_1415000	0.04460209644201815
PF3D7_1415100	0.0514188138926788
PF3D7_1415200	-0.0026896130154699773
PF3D7_1415300	0.086458352736117
PF3D7_1415400	-0.017461625403818126
PF3D7_1415500	0.007043776743311234
PF3D7_1415600	0.09129342033614521
PF3D7_1415700	0.00784313725490196
PF3D7_1415800	-0.0031974420463629096
PF3D7_1415900	0.00130718954248366
PF3D7_1416100	0.1387847181756242
PF3D7_1416200	0.45627661325022806
PF3D7_1416300	0.010890111440259557
PF3D7_1416400	-0.0006582968918982463
PF3D7_1416500	0.04491399222191188
PF3D7_1416600	0.06472418959785584
PF3D7_1416700	-0.0007993605115907274
PF3D7_1416800	-0.0034837412438989985
PF3D7_1416900	-0.02154250070611746
PF3D7_1417000	0.00261437908496732
PF3D7_1417100	0.019024780175859315
PF3D7_1417200	0.35447542037762736
PF3D7_1417300	0.2035105335259604
PF3D7_1417500	-0.15387308848297362
PF3D7_1417600	0.3052329729619316
PF3D7_1417700	0.016042009927211172
PF3D7_1417800	0.19342522019105657
PF3D7_1417900	-0.006825824515841444
PF3D7_1418000	0.009623452180740115
PF3D7_1418100	0.0005078290308929326
PF3D7_1418200	-0.002983661777044247
PF3D7_1418300	-0.0007993605115907274
PF3D7_1418900	-0.03920366589161611
PF3D7_1419000	0.21195871170761274
PF3D7_1419100	-0.12752396014098838
PF3D7_1419200	-0.010054689779987774
PF3D7_1419300	0.0
PF3D7_1419400	-0.0395640241911412
PF3D7_1419500	0.02843193480640429
PF3D7_1419600	0.1565961685494992
PF3D7_1419700	0.0010801933049043033
PF3D7_1419800.2	0.0
PF3D7_1419900	-0.0006582968918982463
PF3D7_1420000	-0.008470308105148821
PF3D7_1420100	0.013545020808191095
PF3D7_1420200	0.35861949531807963
PF3D7_1420300	0.01212206705224056
PF3D7_1420400	-0.20908523084890202
PF3D7_1420500	-0.00025129837386561344
PF3D7_1420600	0.0021723797432642127
PF3D7_1420700	-0.4808682838930549
PF3D7_1420800	0.0
PF3D7_1420900	0.025782852073898528
PF3D7_1421000	0.0029370366073164997
PF3D7_1421100	0.0075074978853528936
PF3D7_1421200	-0.023040391216438614
PF3D7_1421300	0.022971527419212864
PF3D7_1421400	-0.016570273193210135
PF3D7_1421500	-0.0016739549536841118
PF3D7_1421600	-0.01253323752842432
PF3D7_1421800	0.026068556919170545
PF3D7_1421900	0.047058823529411764
PF3D7_1422000	0.05740640229123995
PF3D7_1422100	0.10764156934373442
PF3D7_1422200	0.13259423204052287
PF3D7_1422300	0.009584576575050546
PF3D7_1422400	-0.00862380202058588
PF3D7_1422500	0.42067326927293924
PF3D7_1422600	0.11897368012569709
PF3D7_1422700	0.03922762284547891
PF3D7_1422800	-0.06110246744261062
PF3D7_1422900	-0.0026896130154699773
PF3D7_1423000	-0.02714054216214791
PF3D7_1423100	0.2019431149302393
PF3D7_1423200	-0.050334611139417874
PF3D7_1423300	0.40734942135851787
PF3D7_1423400	0.03715161835680632
PF3D7_1423500	0.13197477037243616
PF3D7_1423600	0.01118164292095735
PF3D7_1423700	-0.2204731107980627
PF3D7_1423800	0.04211673866423096
PF3D7_1424100	-0.3083652248348239
PF3D7_1424400	-0.3079831227552922
PF3D7_1425200	0.004937226689236846
PF3D7_1425300	0.621840907187671
PF3D7_1425400	0.2204591745468096
PF3D7_1425500	0.011222173203921569
PF3D7_1425600	0.007043776743311234
PF3D7_1425700	-0.014039373094343353
PF3D7_1425800	0.33470026776548645
PF3D7_1425900	-0.022457328255043024
PF3D7_1426000	-0.3803119827990971
PF3D7_1426100	-0.062520952064278
PF3D7_1426200	-0.07421294129700473
PF3D7_1426300	0.00784313725490196
PF3D7_1426400	0.025601258171241828
PF3D7_1426500	0.01568627450980392
PF3D7_1426600	0.4208010246010626
PF3D7_1426700	0.4248705262741994
PF3D7_1426800	-0.04134015387683265
PF3D7_1426900	0.25339683303998684
PF3D7_1427000	0.2904890907015846
PF3D7_1427100	-0.03979662858588423
PF3D7_1427200	0.2513229187307942
PF3D7_1427300	0.0783466933660883
PF3D7_1427400.2	0.0010156580617858653
PF3D7_1427400.1	0.00130718954248366
PF3D7_1427500	0.019177199890271314
PF3D7_1427600	0.004394694010805473
PF3D7_1427700	0.00261437908496732
PF3D7_1427800	-0.02717825739408473
PF3D7_1427900	0.02563208703676118
PF3D7_1428000	0.01045751633986928
PF3D7_1428100	0.06794722822657638
PF3D7_1428200	0.1516976810328302
PF3D7_1428300	-0.029744158910640896
PF3D7_1428400	0.003630037146753185
PF3D7_1428500	-0.019240285652381624
PF3D7_1428600	0.022227454505383926
PF3D7_1428700	0.002429207576423568
PF3D7_1428800.2	0.010422812692330842
PF3D7_1428800.1	0.0
PF3D7_1428900	0.07740567488254102
PF3D7_1429000	-0.0022570179150797004
PF3D7_1429100	0.12720773000748578
PF3D7_1429200	-0.0031974420463629096
PF3D7_1429300	0.008350966285794894
PF3D7_1429400	-0.14834233426601778
PF3D7_1429500	-0.021834032186815254
PF3D7_1429600	0.028613528709060986
PF3D7_1429700	0.04937974820506889
PF3D7_1429800	0.3099793070333193
PF3D7_1429900	0.12752014261453895
PF3D7_1430000	0.06539258394403537
PF3D7_1430100	0.02633121138775568
PF3D7_1430200	0.721100823075074
PF3D7_1430300	-0.1539255218006489
PF3D7_1430400	-0.015439148094089436
PF3D7_1430500	0.00261437908496732
PF3D7_1430600	0.04412598780504068
PF3D7_1430700	0.0005078290308929326
PF3D7_1430800	0.00130718954248366
PF3D7_1430900	0.020115672168147834
PF3D7_1431000	0.0015234870926787982
PF3D7_1431100	0.00522875816993464
PF3D7_1431200	0.01294867882346358
PF3D7_1431300	-0.07828159849500164
PF3D7_1431400	1.0364152621266658
PF3D7_1431500	0.23030158758446423
PF3D7_1431600	0.012272534913245875
PF3D7_1431700	-0.34607919672805754
PF3D7_1431800	-0.022965157285935955
PF3D7_1431900	0.039980343138562094
PF3D7_1432000	0.013682209645864484
PF3D7_1432100	-0.001060063126769175
PF3D7_1432200	0.7212364848580806
PF3D7_1432300	0.07752432348892652
PF3D7_1432400	0.03439064619285278
PF3D7_1432500	-0.05848391639949218
PF3D7_1432600	-0.010863921099656747
PF3D7_1432700	0.13598177441563927
PF3D7_1432800	0.0664895708230874
PF3D7_1432900	0.0592966547951192
PF3D7_1433000	-0.021657967743452296
PF3D7_1433100	0.03623619645561668
PF3D7_1433200	0.000729656040381812
PF3D7_1433300	0.014087553486622467
PF3D7_1433400	1.7848452832202475
PF3D7_1433500	0.18996875830017398
PF3D7_1433600	0.0005078290308929326
PF3D7_1433700	0.12544923574269057
PF3D7_1433800	0.2863065346130907
PF3D7_1433900	0.09958243171476935
PF3D7_1434000	-0.041777811869751255
PF3D7_1434100	-0.005087694550242159
PF3D7_1434200	0.12284889183475807
PF3D7_1434300	-0.06973471224020314
PF3D7_1434400	0.2031097385986928
PF3D7_1434500	-0.2808293553444303
PF3D7_1434600	-0.03070223174481591
PF3D7_1434700	-0.0031974420463629096
PF3D7_1434800	-0.013589128697042365
PF3D7_1434900	0.006535947712418301
PF3D7_1435000	0.006244416231720506
PF3D7_1435100	0.013977615908581369
PF3D7_1435200	0.27016752685882356
PF3D7_1435300	0.5268755996036583
PF3D7_1435400	0.11872492795750222
PF3D7_1435500	0.0452746627463488
PF3D7_1435600	1.0934682961936804
PF3D7_1435700.2	0.00130718954248366
PF3D7_1435800	-0.003272675976865567
PF3D7_1435900	0.0010156580617858653
PF3D7_1436000	-0.06565256442145108
PF3D7_1436100	0.046393426427206466
PF3D7_1436200	1.633741951389016
PF3D7_1436300	-0.11576122120159871
PF3D7_1436400	-0.013402302511223962
PF3D7_1436500	0.0023228476042695253
PF3D7_1436600	0.4964453695603047
PF3D7_1436700	0.012272534913245875
PF3D7_1436800	0.006169182301217849
PF3D7_1436900	0.0018150185733765926
PF3D7_1437000	0.07610332158638267
PF3D7_1437100	0.00130718954248366
PF3D7_1437200	0.5274678410123947
PF3D7_1437300	0.6113866934165139
PF3D7_1437400	0.056610139536775295
PF3D7_1437500	0.03580194667795176
PF3D7_1437600	-0.005595523581135092
PF3D7_1437700	0.06341147059607843
PF3D7_1437800	-0.0007993605115907274
PF3D7_1437900	-0.3272608530922932
PF3D7_1438000	0.0006742551118822659
PF3D7_1438100	0.105335945480726
PF3D7_1438400	0.8604733413793012
PF3D7_1438500	-0.04868992923468285
PF3D7_1438600	0.004137866177646119
PF3D7_1438700	0.04655907016348333
PF3D7_1438800	0.03369539662387737
PF3D7_1438900	-0.04760426952555603
PF3D7_1439000	0.00784313725490196
PF3D7_1439100	-0.008584417641341047
PF3D7_1439200	-0.012656156953665308
PF3D7_1439300	0.3490125817126064
PF3D7_1439400	0.01437908496732026
PF3D7_1439500	0.32368418820757977
PF3D7_1439600	0.03863262331311421
PF3D7_1439700	0.005952884751022711
PF3D7_1439800	0.12710651151139324
PF3D7_1439900	-0.028776413583815302
PF3D7_1440000	0.4617941549090704
PF3D7_1440100	0.6139591777012837
PF3D7_1440300	-0.00032623512823623437
PF3D7_1440200	-0.0066134017476654
PF3D7_1440400	0.25141762069102364
PF3D7_1440500	-0.0062538204730333375
PF3D7_1440600	0.00261437908496732
PF3D7_1440700	0.05728081587000518
PF3D7_1440800	0.0023228476042695253
PF3D7_1440900	0.08225465686928105
PF3D7_1441000	-0.0617419558518832
PF3D7_1441100	0.03728715251720506
PF3D7_1441200	-0.06323984636220435
PF3D7_1441300	0.9207376803910943
PF3D7_1441400	0.0017397846428739367
PF3D7_1441500	0.07000742136226078
PF3D7_1441600	0.04048817216945502
PF3D7_1441700	0.0015287193758405041
PF3D7_1441800	0.14972506131629282
PF3D7_1441900	-0.0007993605115907274
PF3D7_1442000	-0.0031974420463629096
PF3D7_1442100	0.009799219447971033
PF3D7_1442200	0.0077387291361546056
PF3D7_1442300	-0.008535345720665832
PF3D7_1442400	0.7516777108570085
PF3D7_1442500	-0.01943595065204307
PF3D7_1442600	-0.00504222916024827
PF3D7_1442700	0.27633385702004043
PF3D7_1442800	0.000432595100390276
PF3D7_1442900	0.48869081000188086
PF3D7_1443000	0.17323512110052192
PF3D7_1443100	0.678600266342399
PF3D7_1443200	0.004429397658343913
PF3D7_1443300	-0.03307471669723045
PF3D7_1443400	0.13214453873026755
PF3D7_1443500	-0.0034231438378708803
PF3D7_1443600	0.09580192670701086
PF3D7_1443700	0.004937226689236846
PF3D7_1443800	0.010921237481910942
PF3D7_1443900	0.008490786417388457
PF3D7_1444000	0.0005078290308929326
PF3D7_1444100	0.803022506820125
PF3D7_1444200	0.04176065806440024
PF3D7_1444300	0.11309963583585839
PF3D7_1444400	-0.019842949170075702
PF3D7_1444500	-0.014403889476005086
PF3D7_1444600	0.004027928599605022
PF3D7_1444700	0.0
PF3D7_1444800	0.0704541586729017
PF3D7_1444900	-0.02857581288310528
PF3D7_1445000	0.1568386223100202
PF3D7_1445100	-0.05034346382927541
PF3D7_1445200	-0.07139381907198945
PF3D7_1445300	-0.001090891992288522
PF3D7_1445400	-0.16133546035361826
PF3D7_1445500	0.017939714818996567
PF3D7_1445600	0.06000617377652701
PF3D7_1445700	-0.08082471729218978
PF3D7_1445800	0.00261437908496732
PF3D7_1445900	-0.0616411253390229
PF3D7_1446100	0.06038979581694645
PF3D7_1446200	-0.21078648332413596
PF3D7_1446300	0.1661604441206094
PF3D7_1446400	0.0
PF3D7_1446500	-0.124243419415075
PF3D7_1446600	0.06427441176732027
PF3D7_1446700	0.03885474749873513
PF3D7_1446800	0.0018150185733765926
PF3D7_1446900	0.08962691777036724
PF3D7_1447000	-0.2569717733533926
PF3D7_1447100	-0.03564720799809095
PF3D7_1447200	0.0009162428996567357
PF3D7_1447300	-0.00029153148069779476
PF3D7_1447400	-0.09141389301043872
PF3D7_1447500	0.0005078290308929326
PF3D7_1447700	0.009874453378473692
PF3D7_1447800	0.04375534761182112
PF3D7_1447900	0.011760831100333848
PF3D7_1448000	-0.0434167659997649
PF3D7_1448100	-0.0014576574034889734
PF3D7_1448200	0.00261437908496732
PF3D7_1448300	0.25499114526544414
PF3D7_1448400	0.22753058812317672
PF3D7_1448500	1.1815602138846664
PF3D7_1448600	0.02369730867757559
PF3D7_1448700	0.0017397846428739367
PF3D7_1448800	-0.00015046786100531354
PF3D7_1448900	0.0002821272393849633
PF3D7_1449000	0.011222173203921569
PF3D7_1449100	0.32476593212357174
PF3D7_1449200	3.0691248252226075
PF3D7_1449300.1	0.05635441482943529
PF3D7_1449400	0.24956891778400342
PF3D7_1449500	0.1116918331774392
PF3D7_1449600	0.11936379308971647
PF3D7_1449700	-0.04463077573272206
PF3D7_1449800	0.0005078290308929326
PF3D7_1449900	0.032344099192542435
PF3D7_1450000	0.014593459588902992
PF3D7_1450100	0.07382683090050313
PF3D7_1450200	0.0074416681961630695
PF3D7_1450300	0.02704593372753092
PF3D7_1450400	0.3123499828522687
PF3D7_1450500	0.48414576118618513
PF3D7_1450600	-0.04726727265486434
PF3D7_1450700	-0.03976125365499601
PF3D7_1450800	-0.0007993605115907274
PF3D7_1450900	-0.0015987210231814548
PF3D7_1451000	-0.007695483850905158
PF3D7_1451100	-0.07578490655211359
PF3D7_1451200	0.054421830121897774
PF3D7_1451300	0.16498468815145528
PF3D7_1451400	-0.0045798655193492275
PF3D7_1451500	-0.002398081534772182
PF3D7_1451600	0.01514374183137255
PF3D7_1451700	0.07648336602091503
PF3D7_1451800	0.18216397081191515
PF3D7_1451900	0.019312436874538014
PF3D7_1452000	2.0433911307517185
PF3D7_1452100	-0.012899705763492735
PF3D7_1452200	0.0023228476042695253
PF3D7_1452300	-0.00294091138933559
PF3D7_1452400	-0.0003433889335872492
PF3D7_1452500	0.08040493464836601
PF3D7_1452600	0.5405516826009216
PF3D7_1452700	0.009654281046259462
PF3D7_1452800	0.0
PF3D7_1452900	0.013253489327493298
PF3D7_1453000	0.015934249653105748
PF3D7_1453100	0.032102205059989654
PF3D7_1453200	0.2783132545117036
PF3D7_1453300	0.0
PF3D7_1453400	0.23165402686909295
PF3D7_1453500	0.007551605774204166
PF3D7_1453600	-0.0012044071762166743
PF3D7_1453700	-0.5610042776462595
PF3D7_1453800	0.08463750752731461
PF3D7_1453900	0.002529740913151831
PF3D7_1454000	-0.015433915810927729
PF3D7_1454100	0.006244416231720506
PF3D7_1454200	-0.05214962971279447
PF3D7_1454300	0.0020715492304039127
PF3D7_1454400	-0.22645653192209525
PF3D7_1454500	0.0023228476042695253
PF3D7_1454600	0.003771100766445667
PF3D7_1454700	-0.0016028929813325828
PF3D7_1455000	0.022187518574683783
PF3D7_1455100	-0.0576403450142004
PF3D7_1455200.2	0.0
PF3D7_1455200.1	0.0041780992844783
PF3D7_1455300	0.2981006227745051
PF3D7_1455400	0.0015234870926787982
PF3D7_1455500	0.0516348142667419
PF3D7_1455600	0.29148835359869285
PF3D7_1455700	0.2736424019135938
PF3D7_1455800	0.0323246264217426
PF3D7_1455900	0.04135918900566135
PF3D7_1456000	0.25009058616347396
PF3D7_1456100	0.0
PF3D7_1456200	-0.0031974420463629096
PF3D7_1456300	-0.0016739549536841118
PF3D7_1456400	0.0
PF3D7_1456500	0.15950985651226782
PF3D7_1456600	0.003122208115860253
PF3D7_1456700	0.03405779935069356
PF3D7_1456800	-0.052177545260600935
PF3D7_1456900	-0.002398081534772182
PF3D7_1457000	0.21104731904463253
PF3D7_1457100	0.01917167043097757
PF3D7_1457200	0.1620193978090845
PF3D7_1457300	-0.03775928751145907
PF3D7_1457400	0.19958165343422204
PF3D7_1457500	0.043359379087581695
PF3D7_1457600	0.0522493004459209
PF3D7_1457700	-0.0658784645283867
PF3D7_1457800	0.04176618752369399
PF3D7_1457900	0.6675676980964499
PF3D7_1458000	-0.01170632858106926
PF3D7_1458100	0.005877650820520055
PF3D7_1458200	0.02240381612487892
PF3D7_1458300	0.4208032667793013
PF3D7_1458400	-7.523393050265677e-05
PF3D7_1458500	0.14949043689901728
PF3D7_1458600	0.004536520779376503
PF3D7_1458700	0.05806440200700616
PF3D7_1458800	-0.005745991442140405
PF3D7_1458900	0.002830676635162458
PF3D7_1459000	-0.012654502276390665
PF3D7_1459100	-0.001382423472986317
PF3D7_1459200	0.04615925578201909
PF3D7_1459300	0.026651619880566135
PF3D7_1459400	0.02897446748483566
PF3D7_1459500	-0.01598721023181455
PF3D7_1459600	0.07030418512612029
PF3D7_1459700	0.0009806572381153905
PF3D7_1459800	0.05087240643222833
PF3D7_1459900	0.00130718954248366
PF3D7_1460000	0.00392156862745098
PF3D7_1460100	0.03578301740500306
PF3D7_1460200	0.008316262638256454
PF3D7_1460300	-0.25617340320799364
PF3D7_1460400	-0.01802793059669911
PF3D7_1460500	0.334754063539211
PF3D7_1460600	0.3881135105101425
PF3D7_1460700	-0.5295563883361452
PF3D7_1460800	0.03344664445568252
PF3D7_1460900.1	0.00522875816993464
PF3D7_1460900.2	0.042017485897559596
PF3D7_1461000	0.020671215618573376
PF3D7_1461100	0.45989752176464
PF3D7_1461200	0.0
PF3D7_1461300	-0.16842554020952646
PF3D7_1461400	0.1741304250242347
PF3D7_1461500	0.0
PF3D7_1461600	-0.09199559847069168
PF3D7_1461700	0.00130718954248366
PF3D7_1461800	0.004429397658343913
PF3D7_1461900	-0.22379756974552123
PF3D7_1462000	0.00130718954248366
PF3D7_1462100	0.07902221399924766
PF3D7_1462200	0.09631273899152677
PF3D7_1462300	0.04215798408978229
PF3D7_1462400	-0.07593315430837448
PF3D7_1462500	0.00261437908496732
PF3D7_1462700	0.11044336896678421
PF3D7_1462800	-0.0719068803860441
PF3D7_1462900	-0.006394884092725819
PF3D7_1463000	0.024425728007137815
PF3D7_1463200	0.0023228476042695253
PF3D7_1463300	0.001231955611981003
PF3D7_1463400	-0.03585052370108619
PF3D7_1463500	-0.0005830629613955895
PF3D7_1463600	0.0
PF3D7_1463700	-0.014498723962806223
PF3D7_1463800	0.00522875816993464
PF3D7_1463900	1.675326261340565
PF3D7_1464000	0.09359315402897445
PF3D7_1464100	0.006748370480594346
PF3D7_1464200	-0.0045798655193492275
PF3D7_1464300	0.003122208115860253
PF3D7_1464400	-0.04738273969219918
PF3D7_1464500	0.6615453548441905
PF3D7_1464600	0.08122475291855927
PF3D7_1464700	0.02257958339210984
PF3D7_1464900	0.07874615971700756
PF3D7_1465000	0.02821563725620915
PF3D7_1465100	0.11276396754151502
PF3D7_1465200	-0.04711157251069733
PF3D7_1465300	-0.010466920581182114
PF3D7_1465400	0.013429256594724222
PF3D7_1465500	0.0005078290308929326
PF3D7_1465600	-0.0018902525038792496
PF3D7_1465700	-0.0007993605115907274
PF3D7_1465800	0.0035198023925800525
PF3D7_1465900	-0.5613845540100062
PF3D7_1466000	0.00261437908496732
PF3D7_1466100	0.021930690741524428
PF3D7_1466200	0.09062088295660882
PF3D7_1466300	0.4103485501472798
PF3D7_1466400	0.03133562526732496
PF3D7_1466500	0.0
PF3D7_1466600	-0.012458003597921662
PF3D7_1466700	-0.004288334038651432
PF3D7_1466800	-0.05462294517806931
PF3D7_1466900	0.20322294747154745
PF3D7_1467000	0.0025391451544646637
PF3D7_1467100	-0.0022917215626181405
PF3D7_1467200	-0.08043391111520196
PF3D7_1467300	0.00392156862745098
PF3D7_1467400	0.04496005196416984
PF3D7_1467500	0.018039950979592795
PF3D7_1467600	0.003077294277321674
PF3D7_1467700	0.004645695208539051
PF3D7_1467800	0.0
PF3D7_1467900	1.243170603080566
PF3D7_1468000	0.024048299714186296
PF3D7_1468100	1.5383489912945505
PF3D7_1468200	0.2824681304940236
PF3D7_1468300	0.00130718954248366
PF3D7_1468400	0.6737993052731932
PF3D7_1468500.1	0.018265949947232803
PF3D7_1468600	0.034722410780382754
PF3D7_1468700	-0.02168608160668642
PF3D7_1468800	-0.08075105305427188
PF3D7_1468900	-0.03200942128729957
PF3D7_1469000	0.005626649622786477
PF3D7_1469100	-0.006322167443099644
PF3D7_1469200	0.09053621585999906
PF3D7_1469300	-0.009376028588893592
PF3D7_1469400	-0.0031572089395307283
PF3D7_1469500	-0.0015987210231814548
PF3D7_1469600	0.025970272611981003
PF3D7_1469700	0.010679343349358161
PF3D7_1469800	0.04302956635345841
PF3D7_1469900	0.08614152184919359
PF3D7_1470000	0.014452098793078481
PF3D7_1470100	0.008055560023078008
PF3D7_1470200	-0.05992140781921287
PF3D7_1470300	-0.06273201733131142
PF3D7_1470400	0.00261437908496732
PF3D7_1470500	0.047531948912766256
PF3D7_1470600	-0.02255292648474162
PF3D7_1470700	-0.016570273193210135
PF3D7_1470800	0.32133484376782806
PF3D7_1470900	0.007009073095772793
PF3D7_1471000	-0.003665037970423661
PF3D7_1471100	-0.316533193987972
PF3D7_1471200	0.05385683135815113
PF3D7_1471300	0.042997548783410916
PF3D7_1471400	0.35160284430300465
PF3D7_1471500	0.21439511550692622
PF3D7_1471600	0.005736587200827574
PF3D7_1471700	0.00130718954248366
PF3D7_1471800	0.0007241265810880707
PF3D7_1471900	-0.010696992646268864
PF3D7_1472000	-0.001382423472986317
PF3D7_1472100	0.019748906756947383
PF3D7_1472200	0.12995856311202333
PF3D7_1472300	0.01720976160248272
PF3D7_1472400	0.052295389112973156
PF3D7_1472500	0.026651619880566135
PF3D7_1472600	0.15971897730444348
PF3D7_1472700	0.249966729457648
PF3D7_1472800	0.019252136644641933
PF3D7_1472900	-0.0062538204730333375
PF3D7_1473100	-0.0005869377434146797
PF3D7_1473200	-0.003090021749198285
PF3D7_1473300	0.0023228476042695253
PF3D7_1473400	0.11566647688710208
PF3D7_1473500	-0.009959091550289182
PF3D7_1473600	0.00130718954248366
PF3D7_1473700	-0.002398081534772182
PF3D7_1473900	0.008553984812658108
PF3D7_1474000	0.02298687908627451
PF3D7_1474100	0.0
PF3D7_1474200	0.06122968661150138
PF3D7_1474300	-0.01565379096700992
PF3D7_1474400	0.3384223251749
PF3D7_1474500	0.07499328292422063
PF3D7_1474600	0.008854920534668735
PF3D7_1474700	0.016602756736004136
PF3D7_1474800	0.0033385056660553913
PF3D7_1474900	0.00130718954248366
PF3D7_1475000	0.00261437908496732
PF3D7_1475100	0.08699629548994216
PF3D7_1475200	0.038928058500625376
PF3D7_1475300	-0.0005830629613955895
PF3D7_1475400	0.12373981399258946
PF3D7_1475500	0.12028699347973856
PF3D7_1475600	0.045743884422889916
PF3D7_1475700	0.0010156580617858653
PF3D7_1475800	0.01906531045882353
PF3D7_1475900	0.0
PF3D7_1476000	-0.013548895590210185
PF3D7_1476100	0.0
PF3D7_1476200	-0.08115884364597734
PF3D7_1476300	0.9428560443772982
PF3D7_1476500	0.0
PF3D7_1476600	0.0
PF3D7_1476700	0.029302951642610615
PF3D7_1476800	0.02171081558544223
PF3D7_1477100	-0.0012669564356514787
PF3D7_1477500	-0.04179817616894719
PF3D7_1477600	-0.003996802557953637
PF3D7_1477700	0.0
PF3D7_1478000	-0.04678603118944844
PF3D7_1478100	0.0018150185733765926
PF3D7_1478600	-0.08148894027423709
PF3D7_1478800	0.00261437908496732
PF3D7_1479000	0.00130718954248366
PF3D7_1479100	0.00261437908496732
PF3D7_1479200	-0.0007993605115907274
PF3D7_1479500	0.0
PF3D7_1479800	0.0
PF3D7_1300100	-0.00029153148069779476
PF3D7_1300200	0.0005078290308929326
PF3D7_1300300	0.0007583214550712369
PF3D7_1300500	0.00130718954248366
PF3D7_1300600	0.0
PF3D7_1300800	0.0
PF3D7_1300900	-0.0007993605115907274
PF3D7_1301200	0.0
PF3D7_1301400	-0.09787848157437345
PF3D7_1301500	0.005153524239431984
PF3D7_1301600	0.40482542825177037
PF3D7_1301700	-0.4260792825011332
PF3D7_1301900	0.01699346405228758
PF3D7_1302000	-0.1706007164976254
PF3D7_1302100	0.034174348642657636
PF3D7_1302200	0.0023228476042695253
PF3D7_1302300	-0.009662327786429678
PF3D7_1302400	0.00130718954248366
PF3D7_1302500	0.01583094466017774
PF3D7_1302600	-0.04696110464969202
PF3D7_1302700	-0.09863760897913199
PF3D7_1302800	-1.1918358164759204
PF3D7_1302900	-0.012573470635256502
PF3D7_1303000	-0.01253323752842432
PF3D7_1303100	-0.004040910446804907
PF3D7_1303200.1	0.0018150185733765926
PF3D7_1303300	-0.04365594513003244
PF3D7_1303400	0.08328942758500021
PF3D7_1303500	0.9981463014503503
PF3D7_1303600	0.018300653594771243
PF3D7_1303700	0.3193063327962947
PF3D7_1303800	0.5072593752177927
PF3D7_1303900	0.00261437908496732
PF3D7_1304000	0.0929631744068839
PF3D7_1304100	0.247334010710923
PF3D7_1304200.1	0.00130718954248366
PF3D7_1304300	-0.005670757511637748
PF3D7_1304400	0.08646388693648374
PF3D7_1304500	-0.00874720306137208
PF3D7_1304600	-0.016957402903606526
PF3D7_1304700	0.0005078290308929326
PF3D7_1304900	-0.0018902525038792496
PF3D7_1305000	0.3407883858115014
PF3D7_1305100	0.10159614714174073
PF3D7_1305200	0.042637204359900316
PF3D7_1305300	-0.11553305697556779
PF3D7_1305400	-0.0296667048753938
PF3D7_1305500	-0.0015987210231814548
PF3D7_1305600	0.01961337259654864
PF3D7_1305700	0.0
PF3D7_1305800	0.0
PF3D7_1305900	0.02824676329786053
PF3D7_1306000	0.4012011611947713
PF3D7_1306100	0.011222173203921569
PF3D7_1306200	0.04169678022861711
PF3D7_1306300	-0.012995601169323365
PF3D7_1306400	0.2620765415415245
PF3D7_1306500	0.037599147157803166
PF3D7_1306600	0.022253348263873603
PF3D7_1306700	0.0018150185733765926
PF3D7_1306800	0.058669483944872335
PF3D7_1306900	0.004234821908487327
PF3D7_1307000	0.011606785633441481
PF3D7_1307100	0.05311614532397613
PF3D7_1307200	-0.04013974286697701
PF3D7_1307300	-0.04763374088993276
PF3D7_1307400	-7.523393050265677e-05
PF3D7_1307600	0.1668533168745474
PF3D7_1307700	0.14728040546620585
PF3D7_1307800	-0.027816685478346734
PF3D7_1307900	0.44160241445655707
PF3D7_1308000	1.1235767359881037
PF3D7_1308100	0.0005078290308929326
PF3D7_1308200	-0.30642750191764706
PF3D7_1308300	-0.05967040662147929
PF3D7_1308400	0.8454923953733765
PF3D7_1308500	0.01659199499354869
PF3D7_1308600	0.009075092866882965
PF3D7_1308700	0.136100799977364
PF3D7_1308800	0.2669041139870786
PF3D7_1308900	-0.062111110758461485
PF3D7_1309000	-0.005595523581135092
PF3D7_1309100	-0.2908844348173226
PF3D7_1309200	0.3718088110466074
PF3D7_1309300	0.14362386419291862
PF3D7_1309400	0.3117187036752528
PF3D7_1309500	-0.04715150844139748
PF3D7_1309600	-0.008576668077302865
PF3D7_1309700	-0.09285992666188932
PF3D7_1309800	-0.019647015919076503
PF3D7_1309900	-0.006686415573423614
PF3D7_1310000	0.024977664926882023
PF3D7_1310100	-0.007596010839187475
PF3D7_1310200	0.23672940354640523
PF3D7_1310300	0.015400272488399869
PF3D7_1310400	-0.0016012383040579364
PF3D7_1310500	-0.0033829107310386995
PF3D7_1310600	0.011764705882352941
PF3D7_1310700	0.584180321593812
PF3D7_1310800	-0.007887245143753233
PF3D7_1310900	-0.012723938496261815
PF3D7_1311000	0.00130718954248366
PF3D7_1311100	-0.003996802557953637
PF3D7_1311200	0.0034448656382094316
PF3D7_1311300	0.009839749730935252
PF3D7_1311400	0.060204653233196966
PF3D7_1311500	0.0691791838385574
PF3D7_1311600	0.12638617413361547
PF3D7_1311700	-0.0031974420463629096
PF3D7_1311800	-0.12594993034157145
PF3D7_1311900	0.10560087790364414
PF3D7_1312000	0.0018150185733765926
PF3D7_1312100	0.33929611662600273
PF3D7_1312200	0.006717541615074998
PF3D7_1312300	0.005661353270324916
PF3D7_1312400	-0.006394884092725819
PF3D7_1312450	0.0
PF3D7_1312500	0.00130718954248366
PF3D7_1312600	0.04048817216945502
PF3D7_1312700	-0.02448341209545305
PF3D7_1312800	1.4538784955982509
PF3D7_1312900	0.47994382120805945
PF3D7_1313000	0.020805095101697466
PF3D7_1313100	0.027381573097079982
PF3D7_1313200	0.000216297550195138
PF3D7_1313300	-0.004569400953025812
PF3D7_1313400	0.20084222434437393
PF3D7_1313500	0.3580760194156863
PF3D7_1313600	0.939435888535816
PF3D7_1313700	0.014560678869976957
PF3D7_1313800	0.1936508209820943
PF3D7_1313900	-0.020350778200968637
PF3D7_1314000	0.0009456564144449155
PF3D7_1314100	-0.001382423472986317
PF3D7_1314200	0.022616966830319274
PF3D7_1314300	0.002755442704659802
PF3D7_1314400	0.00130718954248366
PF3D7_1314500	0.0023228476042695253
PF3D7_1314600	-0.008868199558000658
PF3D7_1314700	0.005119165774317022
PF3D7_1314800	-0.001090891992288522
PF3D7_1314900	-0.03382443986067617
PF3D7_1315000	-0.0012413598532938358
PF3D7_1315100	0.0005078290308929326
PF3D7_1315200	0.007481901302995251
PF3D7_1315300	0.4887793513410448
PF3D7_1315400	0.08362080418929796
PF3D7_1315500	0.005369821789627122
PF3D7_1315600	0.036531899894465605
PF3D7_1315700	-0.0021159542953872196
PF3D7_1315800	0.043566272396464004
PF3D7_1315900	0.018582780834156203
PF3D7_1316000	0.0
PF3D7_1316100	0.32682257499780887
PF3D7_1316200	0.008316262638256454
PF3D7_1316300	0.0
PF3D7_1316400	0.0
PF3D7_1316500	-0.01758457375385339
PF3D7_1316600	0.7822344268591056
PF3D7_1316700	0.0
PF3D7_1316800	-0.0322295936195138
PF3D7_1316900	0.10812906300022568
PF3D7_1317000	0.114941876744073
PF3D7_1317100	0.21483914648124322
PF3D7_1317200	-0.03023705424092727
PF3D7_1317300	0.02247460984589271
PF3D7_1317400	-0.03289391546226548
PF3D7_1317500	0.0033038020185169508
PF3D7_1317600	-0.008387890038077772
PF3D7_1317700	-0.004072036488456294
PF3D7_1317800	-0.6606227976319463
PF3D7_1317900	-0.09271585026976067
PF3D7_1318000	0.23933262710618328
PF3D7_1318100	0.02421883469825551
PF3D7_1318200	0.0
PF3D7_1318300	0.009183107516311653
PF3D7_1318400	0.2832548796960267
PF3D7_1318500	0.006535947712418301
PF3D7_1318600	0.011981003432548078
PF3D7_1318700	0.19387590637738278
PF3D7_1318800	0.0889021968370151
PF3D7_1318900	0.00130718954248366
PF3D7_1319000	0.00388686497991254
PF3D7_1319100	0.06468316808929328
PF3D7_1319200	0.0005078290308929326
PF3D7_1319300	-0.04600031621921286
PF3D7_1319400	0.4575410807914703
PF3D7_1319500	-0.0007993605115907274
PF3D7_1319600	0.14275651850348425
PF3D7_1319700	0.014560678869976957
PF3D7_1319900	-0.003780505007758499
PF3D7_1320000	0.18720983068656605
PF3D7_1320100	0.04270610288142192
PF3D7_1320200	0.0187060263603235
PF3D7_1320300	0.01662669864108713
PF3D7_1320400	0.0122375340895754
PF3D7_1320500	-0.009084497108195796
PF3D7_1320600	0.006881090183984584
PF3D7_1320700	1.0435780099804486
PF3D7_1320800	-0.009159731038698455
PF3D7_1320900	-0.0077773075657121375
PF3D7_1321000	0.013077424884130343
PF3D7_1321100	2.1359292541324497
PF3D7_1321200	0.019281608009018666
PF3D7_1321300	0.16817520290132126
PF3D7_1321400	-0.0009498283725960406
PF3D7_1321500.1	0.02483660130718954
PF3D7_1321500.2	0.00130718954248366
PF3D7_1321600	0.01514374183137255
PF3D7_1321700	-0.04873793442919078
PF3D7_1321800	0.015651273686133445
PF3D7_1321900	0.04456245768745004
PF3D7_1322000	0.07908822007424648
PF3D7_1322100	-0.09908448736796915
PF3D7_1322200	0.9363502129216063
PF3D7_1322300	0.0082931694607608
PF3D7_1322400	0.02368183147911788
PF3D7_1322500	0.2929425131755019
PF3D7_1322600	0.07055353164657921
PF3D7_1322700	0.010165984859171487
PF3D7_1322800	0.0018150185733765926
PF3D7_1322900	-0.001382423472986317
PF3D7_1323000	-0.0018902525038792496
PF3D7_1323100	-0.7238447139882165
PF3D7_1323200	-0.01498483119336061
PF3D7_1323300	0.025713147602689612
PF3D7_1323400	-0.4191324614665538
PF3D7_1323500	0.039503342973188506
PF3D7_1323600	0.010750702497841727
PF3D7_1323700	0.5463168758173413
PF3D7_1323800	0.014059439623388348
PF3D7_1323900	-0.02434234847576057
PF3D7_1324000	0.03168591680414728
PF3D7_1324100	0.08527275404252598
PF3D7_1324200	-0.029124143272168154
PF3D7_1324300	0.09827643028279494
PF3D7_1324400	-0.04417453590338082
PF3D7_1324500	0.021465343847002393
PF3D7_1324600	0.02723110523607467
PF3D7_1324700	0.023237880284008087
PF3D7_1324800	0.06338037347922133
PF3D7_1324900	-0.01670610452974091
PF3D7_1325000	0.00130718954248366
PF3D7_1325100	-0.5064243371825738
PF3D7_1325200	0.00392156862745098
PF3D7_1325300	0.007043776743311234
PF3D7_1325400	1.163224017913086
PF3D7_1325500	0.0030469741853575965
PF3D7_1325600	0.0462247593702826
PF3D7_1325700	0.024400428600912207
PF3D7_1325800	-0.0163831498312597
PF3D7_1325900	0.43843250226103353
PF3D7_1326000	0.01568627450980392
PF3D7_1326100	-0.0038607168460995864
PF3D7_1326200	0.005335118142088681
PF3D7_1326300	0.010308405980006582
PF3D7_1326400	-0.009451262519396247
PF3D7_1326500	0.05265659614008558
PF3D7_1326600	0.34050919606623403
PF3D7_1326700	0.07007907768687638
PF3D7_1326800	0.004937226689236846
PF3D7_1326900	0.02941259204451968
PF3D7_1327000	-0.03192342561434147
PF3D7_1327100	-0.0007993605115907274
PF3D7_1327200	-0.07640210773357783
PF3D7_1327300	0.3321779446347393
PF3D7_1327400	1.0527478846317109
PF3D7_1327500	0.3167390727267974
PF3D7_1327600	0.013071895424836602
PF3D7_1327700	-0.056422831735411676
PF3D7_1327800	-0.026589962149527437
PF3D7_1328000	0.09995697561480228
PF3D7_1328100	0.09368167966314947
PF3D7_1328200	0.5243699603300418
PF3D7_1328300	0.28394909941053276
PF3D7_1328400	-0.019727482132740864
PF3D7_1328500	0.1302914526111158
PF3D7_1328600	0.0026196113681290272
PF3D7_1328800	0.12792862522353882
PF3D7_1328900	0.050448084718211314
PF3D7_1329000	-0.02771420028821179
PF3D7_1329100	0.40723592697169325
PF3D7_1329200	0.016194103540696853
PF3D7_1329300	0.03409911471215498
PF3D7_1329400	-0.004288334038651432
PF3D7_1329500	-0.18625660157357404
PF3D7_1329600	-0.07263152379429162
PF3D7_1329700	0.06673237556553346
PF3D7_1329800	0.02640286771237128
PF3D7_1329900	-0.0009848291962665148
PF3D7_1330000.1	-0.0007993605115907274
PF3D7_1330100	0.10891282552303569
PF3D7_1330200	0.029447592868190153
PF3D7_1330300	0.018905141180373345
PF3D7_1330400.1	0.08882173062335073
PF3D7_1330500	0.39517491546189876
PF3D7_1330600	0.009729812152894153
PF3D7_1330700	0.036970024454149625
PF3D7_1330800	-0.32925937058870547
PF3D7_1331000	0.03573478841241359
PF3D7_1331100	0.38651830310031504
PF3D7_1331200	0.08634096277016975
PF3D7_1331300	0.012272534913245875
PF3D7_1331400	0.00392156862745098
PF3D7_1331500	0.1346390324980298
PF3D7_1331600	0.02952282679869281
PF3D7_1331700	0.03751325734072507
PF3D7_1331800	0.007291200335157753
PF3D7_1332000	0.007009073095772793
PF3D7_1332100	-0.00029153148069779476
PF3D7_1332200	0.6501094850324165
PF3D7_1332300	0.011766360559627594
PF3D7_1332400	0.009073169938270557
PF3D7_1332500	0.0033385056660553913
PF3D7_1332600	0.7355903416104858
PF3D7_1332700	-0.005595523581135092
PF3D7_1332800	-0.004796163069544364
PF3D7_1332900	-0.04969452837788123
PF3D7_1333000	-0.007194244604316547
PF3D7_1333100	0.006244416231720506
PF3D7_1333200	0.06311053487406781
PF3D7_1333300	0.004429397658343913
PF3D7_1333400	-0.09057274357544551
PF3D7_1333500	-0.016746337636573096
PF3D7_1333600	-0.02837415185738468
PF3D7_1333700	0.11805885257677153
PF3D7_1333800	0.005043289485258853
PF3D7_1333900	0.048806683837250196
PF3D7_1334000	0.06491131295980627
PF3D7_1334100	0.04758578714385668
PF3D7_1334200	-0.0427477073654112
PF3D7_1334300	-0.023684051583862324
PF3D7_1334400	0.00522875816993464
PF3D7_1334500	-0.00871249941383364
PF3D7_1334600	0.13899719179821318
PF3D7_1334700	-0.031426358325903986
PF3D7_1334800	0.11332652633189448
PF3D7_1335000	0.00522875816993464
PF3D7_1335100	2.5881414563160767
PF3D7_1335300	0.23125263212274416
PF3D7_1335400	0.3269287818173414
PF3D7_1335500	0.00130718954248366
PF3D7_1335600	0.025085976752442753
PF3D7_1335700	0.27129952713894767
PF3D7_1335800	0.2166058441965016
PF3D7_1335900	0.00130718954248366
PF3D7_1336000	0.027810293415451166
PF3D7_1336100	0.01670193257158979
PF3D7_1336200	0.028428060024385193
PF3D7_1336300	0.0018150185733765926
PF3D7_1336400	0.012243360725001175
PF3D7_1336600	-0.01173387701683359
PF3D7_1336700	-0.008727135938308176
PF3D7_1336800	-0.19027040242225984
PF3D7_1336900	-0.11091512180021629
PF3D7_1337000	-0.010351453543847275
PF3D7_1337100	-0.012749535078619456
PF3D7_1337200	-0.017402682675064656
PF3D7_1337300	-0.022708626628908636
PF3D7_1337400	-0.20972925825935013
PF3D7_1337500	0.1698340421056473
PF3D7_1337700	0.5908082496361217
PF3D7_1337800	0.09236954869300797
PF3D7_1337900	0.0023228476042695253
PF3D7_1338000	0.022002347066140026
PF3D7_1338100	0.07872740208879483
PF3D7_1338200	-0.11588439319460198
PF3D7_1338300	-0.12842113841591196
PF3D7_1338400	0.01957313948971646
PF3D7_1338500	0.0011622511407720897
PF3D7_1338600	0.1958874767377439
PF3D7_1338700	0.30240451835585647
PF3D7_1338800	-0.0035239743507311785
PF3D7_1338900	0.106568077478516
PF3D7_1339300	0.1335385646196925
PF3D7_1339400	0.003122208115860253
PF3D7_1339500	-0.0014171271205247566
PF3D7_1339600	-0.04454647753784737
PF3D7_1339700	0.7169715939897776
PF3D7_1339800	0.006244416231720506
PF3D7_1339900	0.009839749730935252
PF3D7_1340000	0.0030469741853575965
PF3D7_1340100	-0.001382423472986317
PF3D7_1340300	-0.1612356051887149
PF3D7_1340500	0.01677911835549913
PF3D7_1340600	-0.03905541813535525
PF3D7_1340700	0.02298687908627451
PF3D7_1340800	0.02033779635376875
PF3D7_1340900	0.11332356915494426
PF3D7_1341200	-0.21565264804102133
PF3D7_1341300	-0.37561710348136546
PF3D7_1341500	0.02091503267973856
PF3D7_1341600	0.002830676635162458
PF3D7_1341800	0.02037250000130719
PF3D7_1341900	0.048688402342906854
PF3D7_1342000	-0.7661076953428316
PF3D7_1342100	0.14400352860639487
PF3D7_1342200	-0.025026241950016452
PF3D7_1342300	0.07637925507829971
PF3D7_1342400	0.008955751047529038
PF3D7_1342500	0.0
PF3D7_1342600	0.2749986396595947
PF3D7_1342700	-0.005887055061832887
PF3D7_1342800	-0.0074857760850143415
PF3D7_1342900	-0.08688348099384023
PF3D7_1343000	0.2952239268820896
PF3D7_1343100	0.7520990891007382
PF3D7_1343200	0.10233985519763013
PF3D7_1343300	0.25903371038952366
PF3D7_1343400	0.08506858047700191
PF3D7_1343500	0.006535947712418301
PF3D7_1343600	-0.009656798327135938
PF3D7_1343700	0.26946348282632243
PF3D7_1343800	2.0006560829253304
PF3D7_1343900	0.06118332969311139
PF3D7_1344000	-0.00294091138933559
PF3D7_1344100	0.042882378922208114
PF3D7_1344200	0.2598953002136455
PF3D7_1344300	1.0678694811256877
PF3D7_1344400	0.042807442167837495
PF3D7_1344500	0.42307298760710016
PF3D7_1344600	0.04832773181846993
PF3D7_1344700	-0.0005281649993135046
PF3D7_1344800	-0.005670757511637748
PF3D7_1344900	-0.018428339330427423
PF3D7_1345000	0.00392156862745098
PF3D7_1345100	-0.002473315465274839
PF3D7_1345200	0.06297278060892463
PF3D7_1345300	0.026143790849673203
PF3D7_1345400	0.368582694650181
PF3D7_1345500	0.01372661471084779
PF3D7_1345600	0.05381689542745098
PF3D7_1345700	0.0025044415069262237
PF3D7_1345800	0.02197618505631259
PF3D7_1345900	0.007551605774204166
PF3D7_1346000	0.013836552288888889
PF3D7_1346100	0.08092577445125311
PF3D7_1346200	-0.0015987210231814548
PF3D7_1346300	-0.25036993929786994
PF3D7_1346400	1.351754586287911
PF3D7_1346500	-0.027384090377956458
PF3D7_1346600	0.10332240643956365
PF3D7_1346700	0.0
PF3D7_1346800	0.00130718954248366
PF3D7_1346900	0.02483660130718954
PF3D7_1347000	0.00130718954248366
PF3D7_1347100	0.10070968203187099
PF3D7_1347200	-0.07446589434814502
PF3D7_1347300	-0.0015987210231814548
PF3D7_1347400	-0.025176709811021773
PF3D7_1347500	-0.15489366839270233
PF3D7_1347600	0.04463186498252692
PF3D7_1347700	0.16813189221058913
PF3D7_1347800	0.006535947712418301
PF3D7_1347900	0.005369821789627122
PF3D7_1348000	0.1909953702560775
PF3D7_1348100	0.04935279412156863
PF3D7_1348200	0.008960685560539819
PF3D7_1348300	-0.02463387995645836
PF3D7_1348400	0.05454476212422061
PF3D7_1348500	0.01604363567969154
PF3D7_1348600	0.21551738970588236
PF3D7_1348700	0.006535947712418301
PF3D7_1348800	0.008350966285794894
PF3D7_1348900	-0.005670757511637748
PF3D7_1349000	0.011222173203921569
PF3D7_1349100	0.03863844994853999
PF3D7_1349200	-0.08917286971499505
PF3D7_1349300	0.34159483018600645
PF3D7_1349400	-0.0030511461435087216
PF3D7_1349500	1.2195394711321952
PF3D7_1349600	0.0821794229387784
PF3D7_1349700	0.004686225491503267
PF3D7_1349800	-0.008868199558000658
PF3D7_1349900	0.0005078290308929326
PF3D7_1350000	0.0023228476042695253
PF3D7_1350100	-0.08859785289975078
PF3D7_1350200	-0.0053792260309399546
PF3D7_1350300	-0.021958903465462927
PF3D7_1350400	0.026284854469365685
PF3D7_1350500	0.2778668742465792
PF3D7_1350600	0.00261437908496732
PF3D7_1350700	0.009331623523910282
PF3D7_1350800	0.004429397658343913
PF3D7_1350900	0.0018150185733765926
PF3D7_1351000	0.26925593222444166
PF3D7_1351100	-0.018928121621150137
PF3D7_1351200	0.022352651884957917
PF3D7_1351300	0.0018150185733765926
PF3D7_1351400	-0.10848650857605681
PF3D7_1351600	0.07742961678762401
PF3D7_1351700	0.5533500016121032
PF3D7_1351800.1	-0.025539303264071098
PF3D7_1351800.2	-0.013081299666149434
PF3D7_1351900	0.02009553510917384
PF3D7_1352000	0.12488579716016363
PF3D7_1352100	0.16389204961636336
PF3D7_1352200	-0.007937179668030283
PF3D7_1352300	0.05065610888203319
PF3D7_1352400	0.09368817758192503
PF3D7_1352500	0.5684229352438331
PF3D7_1352600	0.0
PF3D7_1352700	0.005018562501678647
PF3D7_1352800	0.016682408946377018
PF3D7_1352900	-0.06286834415940189
PF3D7_1353100	-0.08022235035660882
PF3D7_1353200	-0.014056724621103116
PF3D7_1353300	0.3612376108294541
PF3D7_1353400	0.008266328113979406
PF3D7_1353500	-0.00163372184685193
PF3D7_1353600	0.10731308518595947
PF3D7_1353800	0.002755442704659802
PF3D7_1353900	-0.0017491888841867677
PF3D7_1354000	0.003122208115860253
PF3D7_1354100	-0.0007993605115907274
PF3D7_1354200	0.08671518056927635
PF3D7_1354300	-0.10735921545814643
PF3D7_1354400	0.021930690741524428
PF3D7_1354500	-0.037599712585272956
PF3D7_1354600	-0.044467424885221235
PF3D7_1354700	-0.0007938310522969858
PF3D7_1354800	0.01118164292095735
PF3D7_1354900	0.08591224245179856
PF3D7_1355100	0.06125856362361405
PF3D7_1355200	-0.007269478534819204
PF3D7_1355300	-0.004871397000047021
PF3D7_1355500	-0.006977947054121409
PF3D7_1355600	-0.0007993605115907274
PF3D7_1355700	0.09389347915426718
PF3D7_1355800	0.004645695208539051
PF3D7_1355900	-0.011633046503973293
PF3D7_1356000	0.05471054467388913
PF3D7_1356100	0.8599093667440729
PF3D7_1356200	0.0
PF3D7_1356300	0.02875816993464052
PF3D7_1356400	0.016089992598081537
PF3D7_1356600	0.06075073459272112
PF3D7_1356700	0.007009073095772793
PF3D7_1356800	1.4165052773546243
PF3D7_1356900	-0.002981144496167772
PF3D7_1357000	-0.040766325766116523
PF3D7_1357100	-0.006761649503926271
PF3D7_1357200	0.010890111440259557
PF3D7_1357300	0.0
PF3D7_1357400	0.1517474900257112
PF3D7_1357500	0.11097977783365778
PF3D7_1357600	0.0
PF3D7_1357700	-0.0658745897463676
PF3D7_1357800	-0.16192371339902195
PF3D7_1357900	-0.02477494357615084
PF3D7_1358000	0.17761935754017963
PF3D7_1358100	-0.12836657981384303
PF3D7_1358200	-0.00020232531389476754
PF3D7_1358300	0.018225419664268584
PF3D7_1358400	0.07004570261568627
PF3D7_1358500	-0.009084497108195796
PF3D7_1358600	0.19933426530456577
PF3D7_1358700	0.10125804134572812
PF3D7_1358800	-1.0191404056151505
PF3D7_1358900	-0.0377352467456717
PF3D7_1359000	-0.05418511779451732
PF3D7_1359100	0.02824676329786053
PF3D7_1359200	0.01572263283461701
PF3D7_1359300	-0.13769930297955518
PF3D7_1359400	0.005765195961602486
PF3D7_1359500	0.000432595100390276
PF3D7_1359600	0.2976873786719612
PF3D7_1359700	0.7324509108851835
PF3D7_1359800	0.05247500223742888
PF3D7_1359900	0.5093384357466497
PF3D7_1360000	0.003630037146753185
PF3D7_1360100	0.0010156580617858653
PF3D7_1360200	-0.009159731038698455
PF3D7_1360300	0.002755442704659802
PF3D7_1360400	-0.09345510886688296
PF3D7_1360500	-0.00744554297818216
PF3D7_1360700	0.021747471086387356
PF3D7_1360800	0.11592727433026753
PF3D7_1360900.1	0.011689471951850284
PF3D7_1361000	-0.01940482461039169
PF3D7_1361100	0.30403718177064937
PF3D7_1361200	0.19048025763389292
PF3D7_1361300	0.003630037146753185
PF3D7_1361400	0.08381284760949828
PF3D7_1361500.1	0.1017642156993464
PF3D7_1361600	0.006535947712418301
PF3D7_1361700	0.026143790849673203
PF3D7_1361800	1.4614539836974185
PF3D7_1361900	0.0727017578873372
PF3D7_1362000	0.0
PF3D7_1362100	0.02483660130718954
PF3D7_1362200	-0.020019013613438663
PF3D7_1362300	-0.00036676541120045196
PF3D7_1362400	0.2948166241927494
PF3D7_1362500	0.015103211548408333
PF3D7_1362600	0.007516902126665726
PF3D7_1362700	0.12272202769158791
PF3D7_1362800	0.23291767589039356
PF3D7_1362900	0.062360811710622084
PF3D7_1363000	-0.027504789698453002
PF3D7_1363100	0.07842974679653925
PF3D7_1363200	-0.029319808271829596
PF3D7_1363300	-0.009667560069591385
PF3D7_1363400	0.027086166834363094
PF3D7_1363500	0.1270675214022006
PF3D7_1363600	0.0038116310494098835
PF3D7_1363700	0.013113783208943432
PF3D7_1363800	0.0005078290308929326
PF3D7_1364000	0.18479705477773073
PF3D7_1364100	0.4837251487817746
PF3D7_1364200	0.029357850198711614
PF3D7_1364300	0.056152867713198856
PF3D7_1364400	0.15703208403233176
PF3D7_1364500	-0.003564207457563361
PF3D7_1364600	0.1290432117407627
PF3D7_1364800	-0.0005830629613955895
PF3D7_1364900	-0.00029153148069779476
PF3D7_1365000	-0.0006566422146235956
PF3D7_1365100	-0.0015987210231814548
PF3D7_1365200	-0.006394884092725819
PF3D7_1365300	0.007623262098819767
PF3D7_1365400	-0.006178586542530682
PF3D7_1365500	-0.0390063751394743
PF3D7_1365600	0.6578261656080123
PF3D7_1365700	0.10095320191690413
PF3D7_1365800	0.1147413535684676
PF3D7_1365900	-0.21958415280099686
PF3D7_1366000	0.009658155828278553
PF3D7_1366100	0.00522875816993464
PF3D7_1366200	0.020805095101697466
PF3D7_1366300	0.08981578719543895
PF3D7_1366400	0.07171879496576856
PF3D7_1366500	0.0005078290308929326
PF3D7_1366600	0.05169331935352425
PF3D7_1366700	0.008352620963069546
PF3D7_1366800	0.04557228911381013
PF3D7_1366900	0.24322396119084028
PF3D7_1367000	0.006752245262613439
PF3D7_1367100	0.0059178839273522355
PF3D7_1367200	0.0
PF3D7_1367300	0.0
PF3D7_1367400	-0.005745991442140405
PF3D7_1367500	0.06693680244795222
PF3D7_1367600	-0.008285136596605068
PF3D7_1367700	-0.06093898880961114
PF3D7_1367800	0.0
PF3D7_1367900	0.00130718954248366
PF3D7_1368000	0.00261437908496732
PF3D7_1368100	0.16301409721941035
PF3D7_1368200	0.0022476136737668686
PF3D7_1368300	0.0033385056660553913
PF3D7_1368400	0.06492853670106738
PF3D7_1368500	0.03627507206130625
PF3D7_1368600	-0.005162928480744817
PF3D7_1368700	0.09967569710300465
PF3D7_1368800	0.11609549438160532
PF3D7_1368900	0.0010156580617858653
PF3D7_1369000	0.004466053159289038
PF3D7_1369100	-0.0013771911898246107
PF3D7_1369200	-0.052147381277274654
PF3D7_1369300	0.003122208115860253
PF3D7_1369400	0.024803552336925754
PF3D7_1369500	-0.013985662648751587
PF3D7_1369600	0.038282467981247945
PF3D7_1369700	-0.0038904425857995964
PF3D7_1370300	-0.328968031086566
PF3D7_1371500	0.0023228476042695253
PF3D7_1371700	0.15855681068395164
PF3D7_1371800	-0.08032578375196313
PF3D7_1371900	-0.0007993605115907274
PF3D7_1372000	-0.017877462735693798
PF3D7_1372100	0.0
PF3D7_1372200	-0.01300083345248507
PF3D7_1372300	-0.002398081534772182
PF3D7_1372400	-0.0007993605115907274
PF3D7_1373400	0.00392156862745098
PF3D7_1373500	0.12112782960848265
PF3D7_1200100	0.00937134785798655
PF3D7_1200200	0.003543029155075939
PF3D7_1200300	-0.0007993605115907274
PF3D7_1200400	0.0025141001235623253
PF3D7_1200500	0.026224257063337565
PF3D7_1200600	-0.281345830964198
PF3D7_1200610	-0.0031974420463629096
PF3D7_1200700	-0.14656991056573096
PF3D7_1200800	-0.1018202161855927
PF3D7_1200900	-0.0007776387112521758
PF3D7_1201000	-0.37856476005056655
PF3D7_1201100	-0.017635766918568673
PF3D7_1201200	0.003369631707706773
PF3D7_1201300	0.0
PF3D7_1201400	-0.001090891992288522
PF3D7_1201500	-0.04148628038905346
PF3D7_1201600	0.015250101803526591
PF3D7_1201700	0.018773778978125735
PF3D7_1201800	0.038288272915220765
PF3D7_1201900	0.028572998426096768
PF3D7_1202000	-0.04453189707326845
PF3D7_1202100.2	0.00261437908496732
PF3D7_1202100.1	0.0023228476042695253
PF3D7_1202200	0.03965410801032586
PF3D7_1202300	0.11411322125391452
PF3D7_1202400	0.00392156862745098
PF3D7_1202500	0.01670583627840316
PF3D7_1202600	1.3363051119383365
PF3D7_1202700	0.005651949029012084
PF3D7_1202800	-0.009084497108195796
PF3D7_1202900	0.3464106497684864
PF3D7_1203000	0.18877123666170123
PF3D7_1203100	-0.07743627710185734
PF3D7_1203200	-0.02858879473030517
PF3D7_1203300	0.07302909614139277
PF3D7_1203400	0.24571798616727322
PF3D7_1203500	-0.03789647634913246
PF3D7_1203600	0.004645695208539051
PF3D7_1203700	0.041648232130276935
PF3D7_1203900	0.006460713781915643
PF3D7_1204000	0.00130718954248366
PF3D7_1204100	0.02161746638528236
PF3D7_1204200	-0.008943433488503315
PF3D7_1204300	0.13256347311091363
PF3D7_1204500	-0.008868199558000658
PF3D7_1204600	-0.012859472656660554
PF3D7_1204700	0.0
PF3D7_1204900	0.02483660130718954
PF3D7_1205000	0.21289905605968873
PF3D7_1205100	-0.009772562540602811
PF3D7_1205200	0.062424689546405225
PF3D7_1205300	0.00392156862745098
PF3D7_1205400	0.18249559078655192
PF3D7_1205500	0.168423390175596
PF3D7_1205600	-0.07152694871113933
PF3D7_1205700	0.01717505795494428
PF3D7_1205800	0.7019859518464664
PF3D7_1205900	0.29505579215757743
PF3D7_1206000	0.0564312745124183
PF3D7_1206100	0.026143790849673203
PF3D7_1206200	-0.2484251114488174
PF3D7_1206300	1.1984603264447922
PF3D7_1206400	0.02875816993464052
PF3D7_1206500	0.015103211548408333
PF3D7_1206600	-0.03672511814317957
PF3D7_1206700	0.05397704277628249
PF3D7_1206800	0.002645207950486672
PF3D7_1206900	0.004645695208539051
PF3D7_1207000	0.6610728233344054
PF3D7_1207100	-0.03577648477720413
PF3D7_1207200	0.06729119944571402
PF3D7_1207300	0.0
PF3D7_1207400	0.00392156862745098
PF3D7_1207500	0.013504490525226879
PF3D7_1207600	-0.03422590891941506
PF3D7_1207700	-0.0026896130154699773
PF3D7_1207800	-0.0031974420463629096
PF3D7_1207900	-0.0042831017554897256
PF3D7_1208000	0.0
PF3D7_1208100	-0.08529068546678893
PF3D7_1208200	0.007084009850143415
PF3D7_1208300	-0.013081299666149434
PF3D7_1208400	0.09073111771078196
PF3D7_1208500	0.0006488926505854135
PF3D7_1208600	-0.0053792260309399546
PF3D7_1208700	-0.018252176026360086
PF3D7_1208800	0.1062955041955612
PF3D7_1208900	0.4595943015221705
PF3D7_1209000	-0.0022994711266563217
PF3D7_1209100	0.044411989826444724
PF3D7_1209200	-0.0026896130154699773
PF3D7_1209300	0.7782460090015798
PF3D7_1209400	0.0923591893080171
PF3D7_1209500.1	0.00784313725490196
PF3D7_1209600	0.013836552288888889
PF3D7_1209700	0.008673326632012037
PF3D7_1209800	0.0005078290308929326
PF3D7_1209900	0.04153495627289227
PF3D7_1210000	0.04407767903324399
PF3D7_1210100	0.07092837272274416
PF3D7_1210200	0.00130718954248366
PF3D7_1210300	-0.0045798655193492275
PF3D7_1210400	-0.02814845006587671
PF3D7_1210500	-0.009883857619786524
PF3D7_1210600	0.017990738593078467
PF3D7_1210700	0.011222173203921569
PF3D7_1210900	0.02962918677084685
PF3D7_1211000	0.048471657901462364
PF3D7_1211100	0.0
PF3D7_1211200	0.0022699842338176623
PF3D7_1211300	0.13020975563000892
PF3D7_1211400	0.002751865098772746
PF3D7_1211500	-0.005338992924107772
PF3D7_1211600	0.02044695705549443
PF3D7_1211700	0.06104809270884469
PF3D7_1211800	0.3390570271182395
PF3D7_1211900	0.1415322905259228
PF3D7_1212000	0.025421616121991817
PF3D7_1212100	0.058960894635247105
PF3D7_1212200	-0.0008745944420933838
PF3D7_1212300	-0.01835270936308835
PF3D7_1212400	0.00878356138618517
PF3D7_1212500	0.013610850497380917
PF3D7_1212600.1	0.0014537826214698832
PF3D7_1212600.2	0.0
PF3D7_1212700	-0.17800247622684906
PF3D7_1212800	0.1250365024547609
PF3D7_1212900	0.09064471167953167
PF3D7_1213200	-0.002398081534772182
PF3D7_1213300	-0.0007993605115907274
PF3D7_1213400	0.0
PF3D7_1213500	0.00130718954248366
PF3D7_1213600	0.0
PF3D7_1213700	-0.030561168125123425
PF3D7_1213800	-0.02237162975821695
PF3D7_1213900	-0.11644693693620164
PF3D7_1214000	0.006535947712418301
PF3D7_1214100	0.1928970996449993
PF3D7_1214200	0.0
PF3D7_1214300	-0.004398271616692529
PF3D7_1214400	0.0
PF3D7_1214500	-0.0007993605115907274
PF3D7_1214600	-0.004288334038651432
PF3D7_1214700	0.00130718954248366
PF3D7_1214800	0.0
PF3D7_1214900	0.00130718954248366
PF3D7_1215000	0.033152863945446
PF3D7_1215100	-0.07685844642362347
PF3D7_1215200	0.017939714818996567
PF3D7_1215300	-0.007194244604316547
PF3D7_1215400	0.18065918860008462
PF3D7_1215500	0.0
PF3D7_1215600	0.044444444444444446
PF3D7_1215700	0.0
PF3D7_1215800	0.00261437908496732
PF3D7_1215900	0.008240731531621763
PF3D7_1216000	0.10991305355150233
PF3D7_1216100	-0.0015987210231814548
PF3D7_1216200	-0.018101807026059152
PF3D7_1216300	0.004927822447924012
PF3D7_1216400	0.19212001616784685
PF3D7_1216500	0.022946348803310295
PF3D7_1216600	0.009150326797385621
PF3D7_1216700	-0.0026896130154699773
PF3D7_1216900	-0.11495892957399725
PF3D7_1217000	0.0022126128500963935
PF3D7_1217100.2	0.00130718954248366
PF3D7_1217200	-0.06503208281023182
PF3D7_1217300	0.06525026168390465
PF3D7_1217400	0.22235002140295293
PF3D7_1217500	0.1968138100965063
PF3D7_1217600	-0.0007993605115907274
PF3D7_1217700	0.06406559552982555
PF3D7_1217800	0.0
PF3D7_1217900	0.24925634561853574
PF3D7_1218000	0.11500981048875722
PF3D7_1218100	0.013037191777298162
PF3D7_1218200	0.48059472781163315
PF3D7_1218300	0.15880967921481168
PF3D7_1218400	0.08933151150765035
PF3D7_1218500	0.016945778557549255
PF3D7_1218600	-0.0009942334375793484
PF3D7_1218700	0.006244416231720506
PF3D7_1218800	0.009150326797385621
PF3D7_1218900	0.02008652690469742
PF3D7_1219000	0.9593651622515542
PF3D7_1219100	0.22147176906622468
PF3D7_1219300	-0.0051097661254996
PF3D7_1219600	0.2816787263526496
PF3D7_1219700	0.0005078290308929326
PF3D7_1219900	0.0011567216814783472
PF3D7_1220000	0.0
PF3D7_1220100	0.0018461446150279774
PF3D7_1220300	0.5105878209379131
PF3D7_1220400	0.03405500682330371
PF3D7_1220500	-0.008461201039968025
PF3D7_1220600	0.0038116310494098835
PF3D7_1220700	0.0
PF3D7_1220900	0.16920884717819157
PF3D7_1221000	0.5185960303599849
PF3D7_1221100.1	0.008858795316687826
PF3D7_1221200	-0.003272675976865567
PF3D7_1221300	0.7864779444938356
PF3D7_1221400	0.013836552288888889
PF3D7_1221500	-0.003996802557953637
PF3D7_1221600	0.00261437908496732
PF3D7_1221700	-7.417360549207691e-05
PF3D7_1221800	0.22024519512091031
PF3D7_1221900	0.02138448100248272
PF3D7_1222000	0.004062632247143461
PF3D7_1222100	0.02582861464002445
PF3D7_1222300	0.17439373239194997
PF3D7_1222400	0.0888372158754126
PF3D7_1222500	0.04521105316190342
PF3D7_1222600	0.0020718464065359477
PF3D7_1222700	0.8878011781715898
PF3D7_1222800	0.00392156862745098
PF3D7_1222900	-0.0008745944420933838
PF3D7_1223000	0.02821563725620915
PF3D7_1223100	1.6298052972062351
PF3D7_1223200	0.027075136840569898
PF3D7_1223300	0.2089215088756101
PF3D7_1223400	0.7021734549889596
PF3D7_1223500	0.20774880416686883
PF3D7_1223600	0.029094432581247942
PF3D7_1223700	-0.00029153148069779476
PF3D7_1223800	-0.06510420510759393
PF3D7_1223900	-0.0007993605115907274
PF3D7_1224000	-0.022332259254986594
PF3D7_1224100	0.548091122199257
PF3D7_1224200	0.04858813725751634
PF3D7_1224300	0.0219890674487892
PF3D7_1224400	-0.04817269596247708
PF3D7_1224500	0.02897446748483566
PF3D7_1224600	-0.004288334038651432
PF3D7_1224700	0.327034255278958
PF3D7_1224800	0.015103211548408333
PF3D7_1224900	0.04675073259562702
PF3D7_1225000	-0.01278453590228993
PF3D7_1225100	-0.07224351073871255
PF3D7_1225200	0.05271884822338835
PF3D7_1225300	-0.008285136596605068
PF3D7_1225400	-0.03894190295142709
PF3D7_1225500	-0.054446880734706354
PF3D7_1225600	-0.08782273146937508
PF3D7_1225700	-0.011198796726308365
PF3D7_1225800	0.11604178393601353
PF3D7_1225900	0.013212959044529082
PF3D7_1226000	-0.011950174567028729
PF3D7_1226100	0.0
PF3D7_1226200	-0.00029153148069779476
PF3D7_1226300	0.05011357620360182
PF3D7_1226400	0.033656818194319836
PF3D7_1226500	-0.002583550219447969
PF3D7_1226600	0.00392156862745098
PF3D7_1226700	-0.026407010745728127
PF3D7_1226800	0.06906699723097758
PF3D7_1226900	0.1983746802662435
PF3D7_1227000	0.29601116340900924
PF3D7_1227100	-0.0022570179150797004
PF3D7_1227200	0.18681539604927822
PF3D7_1227300	0.1568535970217426
PF3D7_1227400	0.0722180823589505
PF3D7_1227500	0.5120901770642216
PF3D7_1227600	0.289306649393323
PF3D7_1227700	0.4900437869903512
PF3D7_1227800	-0.17850419678323226
PF3D7_1227900	-0.15902217310693562
PF3D7_1228000	0.0
PF3D7_1228100	0.005701586377157098
PF3D7_1228200	-0.002981144496167772
PF3D7_1228300	0.17257057960674285
PF3D7_1228400	-0.009334437980918792
PF3D7_1228500	0.1107235443527625
PF3D7_1228600	3.697476228503287
PF3D7_1228700	0.2444722259133023
PF3D7_1228800	0.9923449025054216
PF3D7_1228900	-0.0574690642873936
PF3D7_1229000	-0.015910618800169272
PF3D7_1229100	-0.08590366893027698
PF3D7_1229300	1.4745582912570745
PF3D7_1229400	-0.13723175331741194
PF3D7_1229500	-0.05448711384153854
PF3D7_1229600	0.3545571316361782
PF3D7_1229700	0.03025473186861334
PF3D7_1229800	0.8174453524866224
PF3D7_1229900.1	0.00784313725490196
PF3D7_1229900.2	0.00130718954248366
PF3D7_1230000	0.045493822759843885
PF3D7_1230100	0.03188037805050078
PF3D7_1230300	0.018300653594771243
PF3D7_1230400	0.005736587200827574
PF3D7_1230500	-0.0045798655193492275
PF3D7_1230600	0.02165670910301406
PF3D7_1230700	0.03325922391760004
PF3D7_1230800	-0.07322122514030188
PF3D7_1230900	-0.06584704131060329
PF3D7_1231000	0.09941364801457658
PF3D7_1231100	0.01720976160248272
PF3D7_1231200	0.10902222209019609
PF3D7_1231300	0.07604124588888889
PF3D7_1231400	0.25822698651217374
PF3D7_1231500	-7.523393050265677e-05
PF3D7_1231600	0.05816815688788263
PF3D7_1231700	0.0
PF3D7_1231800	-0.05154173391193868
PF3D7_1231900	0.039373635448215545
PF3D7_1232000	0.015501103001260168
PF3D7_1232100	0.18659322385736585
PF3D7_1232200	0.09195478606037523
PF3D7_1232300	0.007014602555066534
PF3D7_1232400	0.013852869567310855
PF3D7_1232500	1.5798744812853904
PF3D7_1232600	0.06304470518487798
PF3D7_1232700	0.04651629085098039
PF3D7_1232800	0.008858795316687826
PF3D7_1232900	-0.0026896130154699773
PF3D7_1233000	0.009658155828278553
PF3D7_1233100	-0.012350583300757043
PF3D7_1233200.1	0.00261437908496732
PF3D7_1233200.2	0.00261437908496732
PF3D7_1233300	-0.025633755590050315
PF3D7_1233400	-0.04014796480491842
PF3D7_1233600	0.019974467494239867
PF3D7_1233700	0.06260628344906193
PF3D7_1233800	0.06965558965166689
PF3D7_1233900	0.08448827637712888
PF3D7_1234000	0.016084165962655755
PF3D7_1234100	0.1403143814631212
PF3D7_1234300	0.005235942306503032
PF3D7_1234500	-0.00781230838938261
PF3D7_1234600	0.10277957658500024
PF3D7_1234700	0.001162548316904123
PF3D7_1234800	-0.025762756026040348
PF3D7_1234900	0.38318503304554474
PF3D7_1235000	0.009150326797385621
PF3D7_1235100	0.016194103540696853
PF3D7_1235200	0.3943653184653595
PF3D7_1235300	0.23273018506632814
PF3D7_1235400	-0.005238162411247473
PF3D7_1235500	-0.013587474019767714
PF3D7_1235600	0.1296241464629426
PF3D7_1235700	0.0017397846428739367
PF3D7_1235800	0.000216297550195138
PF3D7_1235900	0.018654139982639772
PF3D7_1236000	0.030212249732242444
PF3D7_1236100	0.037068155013504495
PF3D7_1236200	0.028904763013626746
PF3D7_1236300	0.019316311656557106
PF3D7_1236400	0.017607653055334554
PF3D7_1236500	0.00261437908496732
PF3D7_1236700	0.09518416009807684
PF3D7_1236800	0.16349590470631498
PF3D7_1236900	0.28313826201389947
PF3D7_1237000	0.0039121643861381485
PF3D7_1237100	0.14110661415888465
PF3D7_1237200	-0.09984426518488737
PF3D7_1237300	0.01045751633986928
PF3D7_1237400	0.018190716016730148
PF3D7_1237500	0.1174430378212442
PF3D7_1237600	-0.062031776595410724
PF3D7_1237700	0.2417619192028871
PF3D7_1237800	0.0
PF3D7_1237900	0.15691063850468798
PF3D7_1238000	0.18947741262269244
PF3D7_1238100	-0.023141221729298916
PF3D7_1238200	0.0
PF3D7_1238300	-0.10023526967730287
PF3D7_1238400	0.006535947712418301
PF3D7_1238500	0.10675132605844737
PF3D7_1238600	0.07811096405620915
PF3D7_1238700	0.07650641639760192
PF3D7_1238800	0.21914780095985326
PF3D7_1238900	0.171879492363267
PF3D7_1239000	0.10429170758295951
PF3D7_1239100	0.007043776743311234
PF3D7_1239200	0.7367335083608784
PF3D7_1239300	-0.009084497108195796
PF3D7_1239400	0.00261437908496732
PF3D7_1239500	0.03729625958238585
PF3D7_1239600	-0.0007993605115907274
PF3D7_1239700	0.04191248342654817
PF3D7_1239800	1.4714100924579019
PF3D7_1239900	0.006669261768072601
PF3D7_1240000	0.0015234870926787982
PF3D7_1240100	-0.00029153148069779476
PF3D7_1240300	-0.00265622409117412
PF3D7_1240400	-0.013863813369408003
PF3D7_1240600	-0.07564021062006865
PF3D7_1240900	0.014686402908430901
PF3D7_1241100	-0.0022955963446372324
PF3D7_1241200	0.014666770590793236
PF3D7_1241300	0.001231955611981003
PF3D7_1241400	0.05244029858989044
PF3D7_1241500	-0.001965486434381907
PF3D7_1241600	-0.0005830629613955895
PF3D7_1241700	-0.002066316947242206
PF3D7_1241800	-0.0097764373226219
PF3D7_1241900	0.26776394953062493
PF3D7_1242000	0.018265949947232803
PF3D7_1242100	-0.0077773075657121375
PF3D7_1242200	0.03518060246313067
PF3D7_1242300	0.011689471951850284
PF3D7_1242400	0.0538043096170875
PF3D7_1242500	0.04369309552851836
PF3D7_1242600	-0.019511184582545728
PF3D7_1242700	-0.32638970329614897
PF3D7_1242800	0.1556240159706964
PF3D7_1242900	-0.004871397000047021
PF3D7_1243000	0.12492103541742605
PF3D7_1243100	-0.034200609513189456
PF3D7_1243200	-0.0015987210231814548
PF3D7_1243400	0.128796126336164
PF3D7_1243500	0.09607955588731838
PF3D7_1243600	0.30667475846045045
PF3D7_1243700	0.19555988410836506
PF3D7_1243800	0.0015234870926787982
PF3D7_1243900	0.5546160958412187
PF3D7_1244000	0.1404869685838341
PF3D7_1244100	0.16688144331518312
PF3D7_1244200	-0.007740652064767008
PF3D7_1244400	0.045397879347721826
PF3D7_1244500	0.00392156862745098
PF3D7_1244600	0.18544748131526778
PF3D7_1244700	0.31667623292525504
PF3D7_1244800	-0.023608817653359666
PF3D7_1244900	0.044561566159053934
PF3D7_1245000	0.08429538197523863
PF3D7_1245100	0.021067155218018524
PF3D7_1245200	-0.00802860593957775
PF3D7_1245300	-0.0015987210231814548
PF3D7_1245400	0.01673888524866695
PF3D7_1245500	0.4221105758778107
PF3D7_1245600	0.0
PF3D7_1245800	0.01618727442984906
PF3D7_1245900	-0.00744554297818216
PF3D7_1246000	0.0005078290308929326
PF3D7_1246100	0.007551605774204166
PF3D7_1246200	2.3157011399965017
PF3D7_1246300	0.430122621098989
PF3D7_1246400	0.2777464669999906
PF3D7_1246500	-0.0020757211885550405
PF3D7_1246600	-0.0184150603070955
PF3D7_1246700	-0.01629825728412094
PF3D7_1246800	0.010382282409366624
PF3D7_1246900	0.03272222069846241
PF3D7_1247000.1	0.016194103540696853
PF3D7_1247000.2	0.07133791744644755
PF3D7_1247100	-0.0067214163970940885
PF3D7_1247200	0.0033385056660553913
PF3D7_1247300	0.004354163727841257
PF3D7_1247400	-0.005842155099308785
PF3D7_1247500	0.33345408516513847
PF3D7_1247600	0.037873793084487704
PF3D7_1247700	0.2358664623751634
PF3D7_1247800	0.09108457517385621
PF3D7_1247900	-0.010028796021498095
PF3D7_1248000	0.03464164739058635
PF3D7_1248100	-0.013553067548361306
PF3D7_1248200	0.030998628396633282
PF3D7_1248400	0.0
PF3D7_1248500	0.12696704591506092
PF3D7_1248600	0.0680704737527437
PF3D7_1248700	1.0037385582869047
PF3D7_1248800	-0.001965486434381907
PF3D7_1248900	0.09151134363882071
PF3D7_1249000	-0.007194244604316547
PF3D7_1249100	-0.058991745430385094
PF3D7_1249200	0.0005078290308929326
PF3D7_1249300	0.025377508233140545
PF3D7_1249400	0.13575114380392156
PF3D7_1249500	0.04477875523764518
PF3D7_1249600	0.05820576280283068
PF3D7_1249700	0.01514374183137255
PF3D7_1249800	0.21687872970436825
PF3D7_1249900	-0.004402146398711618
PF3D7_1250000	-0.007737074458879955
PF3D7_1250100	0.003122208115860253
PF3D7_1250200	0.4707409108476983
PF3D7_1250300	0.0039873983166408035
PF3D7_1250400	0.027398161474961207
PF3D7_1250500	-0.015663195208322753
PF3D7_1250600	-0.00767124476969013
PF3D7_1250700	0.013720788075422014
PF3D7_1250800	0.08384058520284011
PF3D7_1250900	-0.03135741759759252
PF3D7_1251100	0.008851045752649639
PF3D7_1251200	0.5047750064931583
PF3D7_1251300	0.026657149339859874
PF3D7_1251400	-0.014131958551605775
PF3D7_1251500	-0.03910283537875582
PF3D7_1251600	-0.013814830488550336
PF3D7_1251700	-0.014749725160539802
PF3D7_1251800	0.019510865476795022
PF3D7_1252100	3.149708751836808
PF3D7_1252200	0.00261437908496732
PF3D7_1252300	-0.14103669572181315
PF3D7_1252500	0.0
PF3D7_1252600	-0.001090891992288522
PF3D7_1252700	0.03252927070108619
PF3D7_1252800	0.008982324142972675
PF3D7_1252900	-0.005887055061832887
PF3D7_1253000	0.00983034548962242
PF3D7_1253100	0.060762402912352464
PF3D7_1253200	-0.07674850884558236
PF3D7_1253400	0.00130718954248366
PF3D7_1253500	0.00784313725490196
PF3D7_1254200	0.00130718954248366
PF3D7_1254800	0.00130718954248366
PF3D7_1255200	-0.00776046075737998
PF3D7_1100100	0.007294269167489539
PF3D7_1100200	-0.00017253943626275442
PF3D7_1100300	0.0
PF3D7_1100500	-0.0015987210231814548
PF3D7_1100800	-0.002066316947242206
PF3D7_1101100	0.00261437908496732
PF3D7_1101300	-0.000759127404758546
PF3D7_1102200	0.004937226689236846
PF3D7_1102300	-0.005595523581135092
PF3D7_1102400	0.016918230121784922
PF3D7_1102500	0.002754933931104527
PF3D7_1102600	0.00130718954248366
PF3D7_1102700	-0.1398137985747026
PF3D7_1102800	-0.3265584765004279
PF3D7_1102900	0.0005078290308929326
PF3D7_1103000	-0.0007993605115907274
PF3D7_1103100	-0.6629903049579913
PF3D7_1103400	0.05899755013619222
PF3D7_1103500	0.00130718954248366
PF3D7_1103600	-0.005962288992335544
PF3D7_1103700	-0.0028656774588329335
PF3D7_1103800	0.40635342696362436
PF3D7_1103900	0.006535947712418301
PF3D7_1104000	-0.16702214076692526
PF3D7_1104100	0.00692221481921286
PF3D7_1104200	0.3140264107180514
PF3D7_1104300	0.07492007078303474
PF3D7_1104400	0.05447551842027554
PF3D7_1104500	-0.0007993605115907274
PF3D7_1104600	0.0005078290308929326
PF3D7_1104700.1	-0.0015987210231814548
PF3D7_1104800	-0.0031572089395307283
PF3D7_1104900	0.8445531159009545
PF3D7_1105000	1.8856053249936333
PF3D7_1105100	3.7675834392129683
PF3D7_1105200	-0.0005428298545634078
PF3D7_1105300	0.05196134657111017
PF3D7_1105400	-0.2973473224384257
PF3D7_1105500	0.05986414869252833
PF3D7_1105600	0.001587691029388251
PF3D7_1105700	0.0038463346969483236
PF3D7_1105800	0.03219363133153712
PF3D7_1105900	-0.0015987210231814548
PF3D7_1106000	-0.01715333615460573
PF3D7_1106100	0.14020890864239433
PF3D7_1106200	0.014098612405209949
PF3D7_1106300	0.021308752174439276
PF3D7_1106400	0.00784313725490196
PF3D7_1106500	-0.057633561038613806
PF3D7_1106600	-0.005887055061832887
PF3D7_1106700	-0.006648402571335872
PF3D7_1106800	0.011084121762646351
PF3D7_1106900	-0.001090891992288522
PF3D7_1107000	0.0018150185733765926
PF3D7_1107100	0.46991598258453
PF3D7_1107200	0.005144119998119152
PF3D7_1107300	0.4699976860577138
PF3D7_1107400	0.00130718954248366
PF3D7_1107500	0.0
PF3D7_1107600	0.0005078290308929326
PF3D7_1107700	-0.04707657168702684
PF3D7_1107800	1.2522502230338741
PF3D7_1107900	0.033882817161959844
PF3D7_1108000	0.08833247074854
PF3D7_1108100	0.4346265002491936
PF3D7_1108200	0.027302464384558238
PF3D7_1108300	0.0046106943848685765
PF3D7_1108400	0.0050435866613908874
PF3D7_1108500	0.07775555473972821
PF3D7_1108600	0.48446322250312684
PF3D7_1108700	0.059802858073531764
PF3D7_1108800	0.0
PF3D7_1108900	-0.01446372313913575
PF3D7_1109100	-0.0018902525038792496
PF3D7_1109200	-0.00029153148069779476
PF3D7_1109400	-0.02738932266111816
PF3D7_1109900	-0.05982832687039074
PF3D7_1110000	0.004937226689236846
PF3D7_1110100	0.4409822454136925
PF3D7_1110200	0.056332671099478066
PF3D7_1110300	-0.08428799537618847
PF3D7_1110400	-0.013508092827817675
PF3D7_1110500	0.0777441986450087
PF3D7_1110600	0.11700594466177647
PF3D7_1110700	0.01699346405228758
PF3D7_1110800	0.004429397658343913
PF3D7_1110900	-0.0036744132869422075
PF3D7_1111000	-0.0015987210231814548
PF3D7_1111100	0.015255631262820332
PF3D7_1111200	-0.033115445295622326
PF3D7_1111300	0.0038113338732778494
PF3D7_1111400	0.0010156580617858653
PF3D7_1111500	-0.0015987210231814548
PF3D7_1111600	0.010422812692330842
PF3D7_1111700	-0.01715333615460573
PF3D7_1111800	0.026074383554596323
PF3D7_1111900	0.008350966285794894
PF3D7_1112000	0.02500879096853341
PF3D7_1112100	1.1993190210743216
PF3D7_1112200	0.05905343208621808
PF3D7_1112300	0.05306648604621243
PF3D7_1112400	0.07735983253720788
PF3D7_1112500	-0.0034889735270607044
PF3D7_1112600	0.043797503647265715
PF3D7_1112700	0.06053443704252598
PF3D7_1112800	0.046813054614839894
PF3D7_1112900	0.06711091503790849
PF3D7_1113000	1.3337133387534115
PF3D7_1113100	0.23604134795729534
PF3D7_1113200	0.0023228476042695253
PF3D7_1113300	0.07299439249385432
PF3D7_1113400	0.03144526566923402
PF3D7_1113500	0.03202144167019326
PF3D7_1113600	0.0070749027849626184
PF3D7_1113700	-0.005338992924107772
PF3D7_1113800	0.07429575540091221
PF3D7_1113900	-0.0007993605115907274
PF3D7_1114100.2	0.0
PF3D7_1114100.1	0.0005078290308929326
PF3D7_1114200	6.582968918982315e-05
PF3D7_1114400	0.001237187895142709
PF3D7_1114500	0.009914686485305873
PF3D7_1114600	0.01045751633986928
PF3D7_1114700	0.3418141874409084
PF3D7_1114800	0.1190028543139418
PF3D7_1114900	0.7695744734292189
PF3D7_1115000	0.0021779092025579535
PF3D7_1115100	-0.0007993605115907274
PF3D7_1115200	0.4675520438335543
PF3D7_1115300	-0.03610705435811351
PF3D7_1115400	0.15210134488030286
PF3D7_1115500	-0.0005830629613955895
PF3D7_1115600	0.40673046010037145
PF3D7_1115700	-0.0573679233164057
PF3D7_1115800	0.0020464961458973967
PF3D7_1115900	0.05639657086487986
PF3D7_1116000	1.54668344064562
PF3D7_1116100	1.2723835073623548
PF3D7_1116200.1	-0.0018902525038792496
PF3D7_1116300	-0.0034889735270607044
PF3D7_1116400	0.2644298750829924
PF3D7_1116500	0.10687720965581418
PF3D7_1116600	0.00522875816993464
PF3D7_1116700	-0.09860903141252644
PF3D7_1116800	-0.16431803390037145
PF3D7_1116900	0.02952282679869281
PF3D7_1117000	0.020115672168147834
PF3D7_1117100	0.30023063787088916
PF3D7_1117200	0.014886913998213194
PF3D7_1117300	0.16977736794538958
PF3D7_1117400	0.10524153595555555
PF3D7_1117500	0.05205366377703484
PF3D7_1117600.1	-0.00029153148069779476
PF3D7_1117600.2	0.0
PF3D7_1117700	0.2692583367274839
PF3D7_1117800	0.09928838295319509
PF3D7_1117900	0.18938937323079888
PF3D7_1118000	0.00784313725490196
PF3D7_1118100	0.0005078290308929326
PF3D7_1118200	-0.0511287393678469
PF3D7_1118300	-0.030935083542615302
PF3D7_1118400	0.1358344533993887
PF3D7_1118500	0.023191552290412365
PF3D7_1118600	0.012780363944138807
PF3D7_1118700	0.7511777979281046
PF3D7_1118800	0.03602407086357267
PF3D7_1118900	-0.00029153148069779476
PF3D7_1119000	0.09172947225209949
PF3D7_1119100	-0.0013512974313349326
PF3D7_1119200	-0.0663620544780646
PF3D7_1119300	0.13609284119617243
PF3D7_1119400	0.1753458720375417
PF3D7_1119500	0.03268169041549819
PF3D7_1119600	-0.012311410518935442
PF3D7_1119700	0.01906531045882353
PF3D7_1119800	-0.013377003104998356
PF3D7_1119900	0.14819198990721777
PF3D7_1120000	-0.20913235440018807
PF3D7_1120100	-0.08559105576132978
PF3D7_1120200	0.01045751633986928
PF3D7_1120300	0.0373017890416796
PF3D7_1120400	-0.0031974420463629096
PF3D7_1120500	-0.015850516885700848
PF3D7_1120600	-0.014490380069412709
PF3D7_1120700	0.036638259866619644
PF3D7_1120800	0.0
PF3D7_1120900	0.0018150185733765926
PF3D7_1121000	0.08294407980283068
PF3D7_1121100	0.4835586104434758
PF3D7_1121200	0.0005078290308929326
PF3D7_1121300	0.2925946949164433
PF3D7_1121400	0.1385957227394743
PF3D7_1121500	0.07055506553353083
PF3D7_1121600	-0.8052488196898199
PF3D7_1121700	-0.14087598294551182
PF3D7_1121800	0.0004731253833544929
PF3D7_1121900	0.10880982350574127
PF3D7_1122000	0.0
PF3D7_1122100	0.025456616945662293
PF3D7_1122200	5.0039786138156295e-05
PF3D7_1122300	0.07753567958364602
PF3D7_1122400	0.0024195061589787
PF3D7_1122500	0.2888331993219918
PF3D7_1122600	0.04466627145393332
PF3D7_1122700	0.01568627450980392
PF3D7_1122800	0.07811404532938354
PF3D7_1122900	0.0007241265810880707
PF3D7_1123000	0.5814064167947806
PF3D7_1123100	1.1751707917264589
PF3D7_1123200	0.06238998589886678
PF3D7_1123300	0.14609934584280812
PF3D7_1123400	-0.20965466503495556
PF3D7_1123500	0.06512187644846001
PF3D7_1123600	-0.015763431368918987
PF3D7_1123700	-0.0007993605115907274
PF3D7_1123800	0.22423998147177315
PF3D7_1123900	-0.010859282574740208
PF3D7_1124000	0.04191476138088118
PF3D7_1124100	0.16299252390966285
PF3D7_1124200	0.10752967991228665
PF3D7_1124300	0.05976845160212535
PF3D7_1124400	-0.017545698148163823
PF3D7_1124500	0.0007643596879202521
PF3D7_1124600	0.12065018128505195
PF3D7_1124700	-0.0910167942252786
PF3D7_1124800	-0.2834458805094936
PF3D7_1124900	-0.9446516760822025
PF3D7_1125000	0.016194103540696853
PF3D7_1125100	0.016159399893158413
PF3D7_1125200	-0.004941101471255937
PF3D7_1125300	-0.08353182408995158
PF3D7_1125400	-0.0958738651589787
PF3D7_1125500	-0.004072036488456294
PF3D7_1125600	0.073355331269629
PF3D7_1125700	0.1761084562578643
PF3D7_1125800	0.11148018588710208
PF3D7_1125900	-0.057410376527982324
PF3D7_1126000	0.004935769733370954
PF3D7_1126100	0.02963501340627263
PF3D7_1126200	-0.32795998843270796
PF3D7_1126300.1	0.5112376816019185
PF3D7_1126400	-0.028811979240936664
PF3D7_1126500	-0.09187546398364603
PF3D7_1126600	0.008678856091305778
PF3D7_1126700	0.7194940241075376
PF3D7_1126800	-0.004614569166887667
PF3D7_1126900	-0.0005830629613955895
PF3D7_1127000	-0.007737074458879955
PF3D7_1127100	0.0031026925442516583
PF3D7_1127300	-0.020567075751163774
PF3D7_1127400	0.00130718954248366
PF3D7_1127500	0.04259472222352941
PF3D7_1127600	0.05930443328395166
PF3D7_1127700	-0.0007993605115907274
PF3D7_1127800	0.05806058981434148
PF3D7_1127900	0.07293888749916773
PF3D7_1128000.1	0.02414360076775286
PF3D7_1128100	-0.023259206047510236
PF3D7_1128200	-0.003131612357173085
PF3D7_1128300	-0.002433082358442658
PF3D7_1128400	-0.007012947877791885
PF3D7_1128500	-0.02756538710448112
PF3D7_1128600	0.0005078290308929326
PF3D7_1128700	0.009150326797385621
PF3D7_1128900	0.44705116857289695
PF3D7_1129000	-0.08629788687555368
PF3D7_1129100	0.028650170333991615
PF3D7_1129200	0.1313706771130954
PF3D7_1129300	0.8945165092129026
PF3D7_1129400	-0.025906068675271548
PF3D7_1129500	-0.020271937739784647
PF3D7_1129600	0.06264098709660036
PF3D7_1129700	0.00784313725490196
PF3D7_1129800	0.0017397846428739367
PF3D7_1129900	-0.007012947877791885
PF3D7_1130000	-0.024831114648704564
PF3D7_1130100	-0.209536030852786
PF3D7_1130200	-0.17797421637890626
PF3D7_1130400	0.0672925089405652
PF3D7_1130500	0.17587692783093054
PF3D7_1130600	-0.028454618071049043
PF3D7_1130700	0.06705022576635161
PF3D7_1130800	0.00130718954248366
PF3D7_1130900	-0.022673625805238164
PF3D7_1131000	0.0014884862690083232
PF3D7_1131100	0.7477679982401843
PF3D7_1131200	0.35005137277840787
PF3D7_1131300	0.02088032903220012
PF3D7_1131400	-0.0050474614434099785
PF3D7_1131600	-0.003448740420228523
PF3D7_1131800	0.09413145749368504
PF3D7_1131900	-0.003272675976865567
PF3D7_1132000	0.2058492642088212
PF3D7_1132100	4.023310683218132e-05
PF3D7_1132200	-0.08965394238379648
PF3D7_1132300	0.01118164292095735
PF3D7_1132400	0.33269358376796915
PF3D7_1132500	0.009914983661437908
PF3D7_1132600	0.02881849908933088
PF3D7_1132700	0.005445055720129779
PF3D7_1132800	0.15590151961960785
PF3D7_1132900	-0.012249158435632668
PF3D7_1133100	-0.04617413163303711
PF3D7_1133200	0.7928779931434148
PF3D7_1133300	0.6115878495031364
PF3D7_1133400	0.1840093187895425
PF3D7_1133500	0.019024780175859315
PF3D7_1133600	-0.050886548059162075
PF3D7_1133700	-0.19794240570645602
PF3D7_1133800	0.24713922336364316
PF3D7_1133900	0.11914568605598345
PF3D7_1134000	-0.16017110244647575
PF3D7_1134100	0.06968118623402456
PF3D7_1134200	-0.03882478123681761
PF3D7_1134300	0.5410623890737386
PF3D7_1134400	0.0007241265810880707
PF3D7_1134500	0.32083493222296516
PF3D7_1134600	0.014450741291935864
PF3D7_1134700	-0.052646201509672266
PF3D7_1134800	0.07969640605605868
PF3D7_1134900	0.06068715393307002
PF3D7_1135000.1	0.0
PF3D7_1135100	0.16142405829977902
PF3D7_1135300	-0.0007993605115907274
PF3D7_1135400	0.007833733013589129
PF3D7_1135500	0.018602946817924484
PF3D7_1135600	0.00904009204321249
PF3D7_1135700	-0.0007993605115907274
PF3D7_1135800	0.007940092985743167
PF3D7_1135900	0.30033645012473786
PF3D7_1136000	0.6175207100333663
PF3D7_1136100	-0.0013421903661541357
PF3D7_1136200	0.3210814623934641
PF3D7_1136300	0.20632760183867024
PF3D7_1136400	0.24005937682402784
PF3D7_1136500.2	0.054832553489236845
PF3D7_1136500.1	0.019316311656557106
PF3D7_1136600	-0.059496265106728737
PF3D7_1136700.1	0.023529411764705882
PF3D7_1136800	0.04128978171058448
PF3D7_1136900	0.23956756778906285
PF3D7_1137100	-0.006977947054121409
PF3D7_1137200	0.6179414953637467
PF3D7_1137300	-0.0006572365668876673
PF3D7_1137400	0.030474012672431466
PF3D7_1137500	0.031337845372069406
PF3D7_1137600	0.00261437908496732
PF3D7_1137700	0.0018150185733765926
PF3D7_1137800	0.006535947712418301
PF3D7_1137900	0.00130718954248366
PF3D7_1138000	1.1841564654511874
PF3D7_1138100	-0.003996802557953637
PF3D7_1138200	0.00261437908496732
PF3D7_1138300	0.014811680067710538
PF3D7_1138400	0.9075980608301499
PF3D7_1138500	0.48677748121466125
PF3D7_1138600	0.009870578596454599
PF3D7_1138700	0.1231757467268162
PF3D7_1138800	0.059550231123317816
PF3D7_1139100	0.06272159673856209
PF3D7_1139200	0.002830676635162458
PF3D7_1139300	-0.05221513389507687
PF3D7_1139500.1	0.00130718954248366
PF3D7_1139600	-0.009592326139088728
PF3D7_1139700	0.03180514411999812
PF3D7_1139800	0.23033914529825553
PF3D7_1139900	-0.009742794000094042
PF3D7_1140000	0.11466841952191659
PF3D7_1140100	0.0005078290308929326
PF3D7_1140200	0.34948555774199463
PF3D7_1140300	0.008350966285794894
PF3D7_1140400	0.07779055556339869
PF3D7_1140500	0.08821307107959749
PF3D7_1140600	0.4117212276685287
PF3D7_1140700	0.10404388001500917
PF3D7_1140800	0.030791437911618938
PF3D7_1140900	0.03671319662099027
PF3D7_1141000	0.007551605774204166
PF3D7_1141100	-0.003780505007758499
PF3D7_1141300	0.4830285368071002
PF3D7_1141400	0.531090275139747
PF3D7_1141500	0.000216297550195138
PF3D7_1141600	0.013616379956674661
PF3D7_1141700	-0.02521694291785395
PF3D7_1141800	0.23566776552156862
PF3D7_1141900	0.00130718954248366
PF3D7_1142000	-0.00029153148069779476
PF3D7_1142100	0.322329373820821
PF3D7_1142200	0.000432595100390276
PF3D7_1142300	0.5723905987816711
PF3D7_1142400	0.09381775957550194
PF3D7_1142500	-0.1323413495193116
PF3D7_1142600	-0.0736458723612263
PF3D7_1142700	-0.01689680549757841
PF3D7_1142800	0.032676160956204445
PF3D7_1142900	0.3036960543140734
PF3D7_1143000	0.003122208115860253
PF3D7_1143100	0.5907277756975596
PF3D7_1143200	0.20971684489006442
PF3D7_1143300	-0.017359833426651622
PF3D7_1143400	0.21873625637645178
PF3D7_1143500	0.5631783712287959
PF3D7_1143600	0.013836552288888889
PF3D7_1143700	0.0010156580617858653
PF3D7_1143800	0.057812369409056284
PF3D7_1143900	-0.0027246138391404514
PF3D7_1144000	-0.03204965439413175
PF3D7_1144100	0.005666882729618658
PF3D7_1144200	-0.008752732520665819
PF3D7_1144300	-0.007993605115907274
PF3D7_1144400	-0.002398081534772182
PF3D7_1144500	-0.0053792260309399546
PF3D7_1144600	-0.0022167848082475187
PF3D7_1144700	0.013545020808191095
PF3D7_1144800	0.006460713781915643
PF3D7_1144900	0.0527607070827009
PF3D7_1145000	0.038346918467842196
PF3D7_1145100	0.07484576939204401
PF3D7_1145200	2.345199649285654
PF3D7_1145300	0.031046313891371607
PF3D7_1145400	0.39111826799564586
PF3D7_1145500	-0.00036676541120045196
PF3D7_1145600	0.033369161495641134
PF3D7_1145700	0.025748148426360085
PF3D7_1145800	-0.015338317581229135
PF3D7_1145900	0.01568627450980392
PF3D7_1146000	-0.02190926611731791
PF3D7_1146100	-0.0007993605115907274
PF3D7_1146200	-0.003996802557953637
PF3D7_1146300	0.00261437908496732
PF3D7_1146600	1.166778465919575
PF3D7_1146700	0.02091503267973856
PF3D7_1146800	-0.00029153148069779476
PF3D7_1146900	0.0023228476042695253
PF3D7_1147000	0.16938508800736352
PF3D7_1147100	0.00261437908496732
PF3D7_1147200	0.139574428124183
PF3D7_1147300	0.20806028603073307
PF3D7_1147400	0.00130718954248366
PF3D7_1147500	-0.005263758993605116
PF3D7_1147600	0.04376862663515305
PF3D7_1147700	0.0036702702535853673
PF3D7_1147800.1	-0.0007993605115907274
PF3D7_1147900	0.021930690741524428
PF3D7_1148000	0.03079675577348944
PF3D7_1148700	-0.11143420806512436
PF3D7_1148800	-0.013081299666149434
PF3D7_1148900	-0.0007993605115907274
PF3D7_1149000	-0.24068494837051774
PF3D7_1149100.1	-0.07733206729853764
PF3D7_1149100.2	-0.007194244604316547
PF3D7_1149200	-0.03529034618248931
PF3D7_1149300	-0.011120493963473931
PF3D7_1149400	-0.024448411271782575
PF3D7_1149600	-0.037233959492791645
PF3D7_1149900	-0.002398081534772182
PF3D7_1150400	-0.001090891992288522
PF3D7_1000100	0.03637387937906615
PF3D7_1000200	0.00130718954248366
PF3D7_1000600	-0.010773286901782104
PF3D7_1001000	-0.06696548173865613
PF3D7_1001100.2	-0.0007993605115907274
PF3D7_1001100.1	-0.008536434970470682
PF3D7_1001200	-0.026499031369539662
PF3D7_1001300	0.0001462959028541884
PF3D7_1001400	-0.1733116847954107
PF3D7_1001500	-0.7789313489298255
PF3D7_1001600	1.300420836620746
PF3D7_1001700	1.333676511912061
PF3D7_1001800	0.04342520877677152
PF3D7_1001900	-0.015263083650726476
PF3D7_1002000	-0.01594697712498237
PF3D7_1002100	-0.040629038067738744
PF3D7_1002200	0.06383989373831758
PF3D7_1002300	-0.0015987210231814548
PF3D7_1002400.1	0.000216297550195138
PF3D7_1002500	0.00039789145285183593
PF3D7_1002600	-0.004655099449851883
PF3D7_1002700	0.08507580847280763
PF3D7_1002800	0.00957300888290779
PF3D7_1002900	0.01328819297503174
PF3D7_1003000	0.6295722241058823
PF3D7_1003100	0.00261437908496732
PF3D7_1003200	-0.0018902525038792496
PF3D7_1003300	0.005586119339822259
PF3D7_1003400	0.6951966701336718
PF3D7_1003500	-0.024131283208727136
PF3D7_1003600	0.2693573958465792
PF3D7_1003700	0.018773778978125735
PF3D7_1003800	-0.05048865660631025
PF3D7_1003900	0.0005078290308929326
PF3D7_1004000	-0.4577060006603847
PF3D7_1004100	-0.0015987210231814548
PF3D7_1004200	0.8970462033052898
PF3D7_1004300	0.17839709511213614
PF3D7_1004400	0.1431102534671745
PF3D7_1004500	0.06971588988156299
PF3D7_1004600	0.569706248863046
PF3D7_1004700	0.003122208115860253
PF3D7_1004800	0.008532560188451591
PF3D7_1004900	0.027014510509747496
PF3D7_1005000	0.007009073095772793
PF3D7_1005100	-0.013878708324333475
PF3D7_1005200	0.00392156862745098
PF3D7_1005300	0.00130718954248366
PF3D7_1005400	0.0
PF3D7_1005500	0.12481900411371605
PF3D7_1005600	0.03427389858546105
PF3D7_1005700	0.018808482625664175
PF3D7_1005900	0.14900654397370572
PF3D7_1006000	0.0010156580617858653
PF3D7_1006100	-0.0007993605115907274
PF3D7_1006200	-0.002473315465274839
PF3D7_1006300	0.0
PF3D7_1006400	-0.002473315465274839
PF3D7_1006500	0.003122208115860253
PF3D7_1006600	-0.007631011662857949
PF3D7_1006700	-0.06358121350647482
PF3D7_1006800	-0.08937211232054357
PF3D7_1006900	-0.002398081534772182
PF3D7_1007000	0.009980813350627732
PF3D7_1007100	0.005445055720129779
PF3D7_1007200	0.4039117854317205
PF3D7_1007300	0.2609617031359477
PF3D7_1007400	0.4917959410984624
PF3D7_1007500	0.027472702192495414
PF3D7_1007600	0.00522875816993464
PF3D7_1007700	-0.008727135938308176
PF3D7_1007800	0.004137866177646119
PF3D7_1007900	-0.042539159379254246
PF3D7_1008000	0.7162450889225936
PF3D7_1008100	0.8414283651846617
PF3D7_1008200	0.1796740903113274
PF3D7_1008400	0.2861654951771195
PF3D7_1008500	0.454598245120205
PF3D7_1008600	0.0
PF3D7_1008700	0.5170634657954296
PF3D7_1008800	-0.12378455024964498
PF3D7_1008900	-0.00015046786100531354
PF3D7_1009000	-0.008068839046409931
PF3D7_1009100	-0.0007993605115907274
PF3D7_1009200	-0.003996802557953637
PF3D7_1009300	0.01452014858701274
PF3D7_1009400	0.0007899562702778952
PF3D7_1009500	0.001559845417491889
PF3D7_1009600	-0.040822751213993515
PF3D7_1009700	0.4026506137446184
PF3D7_1009800	0.16115025304707764
PF3D7_1009900	-0.010254794989138102
PF3D7_1010000	0.03238598697664927
PF3D7_1010100	6.195490717073385e-05
PF3D7_1010200	-0.11609123044358866
PF3D7_1010300	0.16546887245339728
PF3D7_1010400	0.05398641809280106
PF3D7_1010500	0.012529362746405228
PF3D7_1010600	-0.003930972868763814
PF3D7_1010700	-0.0029285938303098696
PF3D7_1010800	-0.002398081534772182
PF3D7_1010900	-0.038575137540226644
PF3D7_1011000	0.02690844771372549
PF3D7_1011100	0.010307048478863969
PF3D7_1011200.1	0.00392156862745098
PF3D7_1011300	0.024002537148060374
PF3D7_1011400	0.04505475866547233
PF3D7_1011500	0.0014887834451403578
PF3D7_1011600	0.004650927491700757
PF3D7_1011700	-0.012766986060102514
PF3D7_1011800	0.24336831924977653
PF3D7_1011900	0.11265432713960596
PF3D7_1012000	0.2935541848976725
PF3D7_1012100	0.07677131989572578
PF3D7_1012200	0.7284297671424836
PF3D7_1012300	0.15207423972700426
PF3D7_1012400	-0.8196568348484037
PF3D7_1012500	0.0006488926505854135
PF3D7_1012600	-0.02776132035548032
PF3D7_1012700	0.2295528851700851
PF3D7_1012800	0.0010156580617858653
PF3D7_1012900	0.041958147131969714
PF3D7_1013000	0.08809177740683688
PF3D7_1013100	-0.029644983075055253
PF3D7_1013200	0.32450404080386513
PF3D7_1013300	0.0067428410213006065
PF3D7_1013400	0.060127020558038285
PF3D7_1013500	0.32158710723958245
PF3D7_1013600	0.38728718625363234
PF3D7_1013700	0.0477482464629614
PF3D7_1013800	1.4469609133239199
PF3D7_1013900	0.04069645190427423
PF3D7_1014000	0.006535947712418301
PF3D7_1014100	0.45237795782435697
PF3D7_1014300	0.3879942685745615
PF3D7_1014400	-0.004072036488456294
PF3D7_1014500	-0.0059567595330418015
PF3D7_1014600	0.8319500430584756
PF3D7_1014700	-0.024272346828419618
PF3D7_1014800	0.06861105457776838
PF3D7_1014900	1.768744836683124
PF3D7_1015000	0.03758226160378991
PF3D7_1015100	0.0050782903089293275
PF3D7_1015200.1	-0.0007993605115907274
PF3D7_1015200.2	0.0
PF3D7_1015300	-0.10583787853430197
PF3D7_1015400	0.03387699052653407
PF3D7_1015500	0.0022476136737668686
PF3D7_1015600	0.012999970848883241
PF3D7_1015700.1	0.022222222222222223
PF3D7_1015800	0.05273706235374994
PF3D7_1015900	-0.30179874294648046
PF3D7_1016000	0.13150334004823436
PF3D7_1016100	0.0005078290308929326
PF3D7_1016200	0.009221685945869185
PF3D7_1016300	-0.9366889224354539
PF3D7_1016400	-0.060469767133070014
PF3D7_1016500	-0.003996802557953637
PF3D7_1016600	0.0020313161235717306
PF3D7_1016700	-0.059459341354445854
PF3D7_1016800	-0.024095381596050222
PF3D7_1016900	0.018009122114073448
PF3D7_1017000	0.021272393849626182
PF3D7_1017100	0.543241597075817
PF3D7_1017200	0.0023228476042695253
PF3D7_1017300.1	-0.001090891992288522
PF3D7_1017400	-0.027358196619466778
PF3D7_1017500	0.013071895424836602
PF3D7_1017600	-0.0839173557769878
PF3D7_1017700	0.03882004385119669
PF3D7_1017800	0.009322516458729488
PF3D7_1017900	0.12938738575284714
PF3D7_1018000	0.021787704193219543
PF3D7_1018100	0.0033845654083133484
PF3D7_1018200	1.9235799707948464
PF3D7_1018300	0.008659926818357082
PF3D7_1018400	-0.006646182466591433
PF3D7_1018500	-0.004871397000047021
PF3D7_1018600	0.13841245922509993
PF3D7_1018700	0.1400002421200169
PF3D7_1018800	0.020256735787840315
PF3D7_1018900	0.006465946065077348
PF3D7_1019000	0.5080365799049608
PF3D7_1019100	1.015587695015423
PF3D7_1019200	0.005993415033986928
PF3D7_1019300	0.08167159390788546
PF3D7_1019400	-0.005595523581135092
PF3D7_1019500.1	0.00261437908496732
PF3D7_1019500.2	0.00130718954248366
PF3D7_1019600	0.3218515689376028
PF3D7_1019700	0.39450933782683034
PF3D7_1019800	0.7188114951509663
PF3D7_1019900	0.13333758981176472
PF3D7_1020000	-0.002908427846541592
PF3D7_1020100	0.00522875816993464
PF3D7_1020200	0.10800863193106691
PF3D7_1020300	0.028437761441830064
PF3D7_1020400	-0.020486609537499412
PF3D7_1020500	0.0010156580617858653
PF3D7_1020600	0.0009070779848873861
PF3D7_1020700	-0.07010232637899093
PF3D7_1020800	-0.003740271900926318
PF3D7_1020900	0.5312703974268868
PF3D7_1021000	0.11514270183688344
PF3D7_1021100	0.006601777401608123
PF3D7_1021200	0.13645446903786146
PF3D7_1021300	0.0018150185733765926
PF3D7_1021400	0.005736587200827574
PF3D7_1021500	-0.08299538629828374
PF3D7_1021600	-0.0018902525038792496
PF3D7_1021700	1.2124628732645413
PF3D7_1021800	2.2592621591302295
PF3D7_1021900	0.6717185002387267
PF3D7_1022000	-0.04024250270960643
PF3D7_1022100	-0.033894144331885076
PF3D7_1022200	-0.003065782667983262
PF3D7_1022300	0.0
PF3D7_1022400	-0.1515163171270889
PF3D7_1022500	0.04531546128065077
PF3D7_1022600	-0.1732654267377251
PF3D7_1022700	0.022222222222222223
PF3D7_1022800	0.10558720284347581
PF3D7_1022900	0.00130718954248366
PF3D7_1023000	0.12122129379946396
PF3D7_1023100	-0.0015987210231814548
PF3D7_1023200	-0.04009862463290544
PF3D7_1023300	0.0059178839273522355
PF3D7_1023400	0.01437908496732026
PF3D7_1023500	0.004399926293967179
PF3D7_1023600	0.10362469966271688
PF3D7_1023700	0.0
PF3D7_1023800	0.014600911976809142
PF3D7_1023900	1.8745527534195232
PF3D7_1024000	0.018314505040748573
PF3D7_1024100	0.010090750928668828
PF3D7_1024200	-0.0015987210231814548
PF3D7_1024300	-0.0026896130154699773
PF3D7_1024400	0.07902833781080547
PF3D7_1024500	0.0025391451544646637
PF3D7_1024600	0.004581520196623877
PF3D7_1024700	0.007215966404655098
PF3D7_1024800	-0.4718215787017821
PF3D7_1024900	0.003088861969464427
PF3D7_1025000	0.5126945524813279
PF3D7_1025100	0.13172188662796822
PF3D7_1025200	0.015394743029106126
PF3D7_1025300	0.030683585771984753
PF3D7_1025400	0.48536376034853995
PF3D7_1025500	0.15242798227988902
PF3D7_1025600	0.0038463346969483236
PF3D7_1025700	0.001231955611981003
PF3D7_1025800	0.03733126040605633
PF3D7_1025900	1.2108519910335827
PF3D7_1026000	-0.05172206917415717
PF3D7_1026100	-0.001090891992288522
PF3D7_1026200	-0.006394884092725819
PF3D7_1026300	-0.0011553641803357315
PF3D7_1026400	0.009150326797385621
PF3D7_1026600	0.4873462134706447
PF3D7_1026800	-0.05813178751276626
PF3D7_1027000	-0.002900678282503409
PF3D7_1027100	-0.08898518092557484
PF3D7_1027200	-0.001090891992288522
PF3D7_1027300	2.6384249814445195
PF3D7_1027400	0.001231955611981003
PF3D7_1027500	-0.004288334038651432
PF3D7_1027600	0.016159399893158413
PF3D7_1027700.2	0.00130718954248366
PF3D7_1027700.1	0.00261437908496732
PF3D7_1027800	-0.416514084442667
PF3D7_1027900	0.0
PF3D7_1028000	-0.04374329830413316
PF3D7_1028100	0.010639110242525979
PF3D7_1028200	0.02088032903220012
PF3D7_1028300	-0.02310098862246673
PF3D7_1028400	-0.013840427070907982
PF3D7_1028500	-0.05183694185922791
PF3D7_1028600	0.06885652631620821
PF3D7_1028700	0.3882440933864485
PF3D7_1028800	0.061876330232548085
PF3D7_1028900	0.05426114379869281
PF3D7_1029100.1	0.0
PF3D7_1029100.2	0.0
PF3D7_1029200	-0.03393437743871726
PF3D7_1029300	-0.008349608784652277
PF3D7_1029400	0.15503803825641604
PF3D7_1029500	0.0
PF3D7_1029600	-0.0031974420463629096
PF3D7_1029700	0.00784313725490196
PF3D7_1029800	0.012272534913245875
PF3D7_1029900	1.5370903046113698
PF3D7_1030000	0.0005078290308929326
PF3D7_1030100	-0.004454499343160764
PF3D7_1030200	0.1479831484342032
PF3D7_1030300	0.45473244131743074
PF3D7_1030400	0.0948962062232661
PF3D7_1030500	0.055925397334932056
PF3D7_1030600	-0.03594999671280388
PF3D7_1030700	-0.02520753867654112
PF3D7_1030800	0.4525519298572436
PF3D7_1030900	0.00522875816993464
PF3D7_1031100	0.03402388078165232
PF3D7_1031200	0.2793037013781257
PF3D7_1031300	0.07971971259776178
PF3D7_1031400.1	0.009150326797385621
PF3D7_1031400.2	0.00130718954248366
PF3D7_1031500	0.05116006313090704
PF3D7_1031600	0.08835046522787418
PF3D7_1031700	0.011764705882352941
PF3D7_1031800	0.2929404647154935
PF3D7_1031900	0.014811680067710538
PF3D7_1032000	0.04426705142473315
PF3D7_1032100	0.04802253227277943
PF3D7_1032200	0.00130718954248366
PF3D7_1032300	-0.03508616401316594
PF3D7_1032400	0.033158393404739736
PF3D7_1032500	0.004429397658343913
PF3D7_1032600	0.004937226689236846
PF3D7_1032700	0.11340898541008135
PF3D7_1032800	0.03802591562276767
PF3D7_1032900	-0.04261217320501246
PF3D7_1033000	0.001263081653632387
PF3D7_1033100	0.6475334311850849
PF3D7_1033200	0.20417992925959466
PF3D7_1033300	-0.02971217026538769
PF3D7_1033400	-0.027721087248648142
PF3D7_1033500	0.02147616343904639
PF3D7_1033600	-0.004073633316142383
PF3D7_1033700	-0.0981263723270043
PF3D7_1033800	0.00130718954248366
PF3D7_1033900	0.5404640602768795
PF3D7_1034000	0.04001729581563926
PF3D7_1034100	0.0
PF3D7_1034200	0.016998993511581323
PF3D7_1034300	0.0
PF3D7_1034400	0.004137866177646119
PF3D7_1034500	0.09805210566794564
PF3D7_1034600	0.2964013971633517
PF3D7_1034700	0.00130718954248366
PF3D7_1034800	0.003122208115860253
PF3D7_1034900	0.03561540379225091
PF3D7_1035000	0.0010423149691540859
PF3D7_1035100	1.0881285846464475
PF3D7_1035200	4.408970933916227
PF3D7_1035300	1.0325426234352941
PF3D7_1035400	1.9603468132808763
PF3D7_1035500	0.7070354400761649
PF3D7_1035600	0.35359138111407346
PF3D7_1035700	0.8204684509392579
PF3D7_1035800	-0.012281939154558705
PF3D7_1035900	1.687627512250501
PF3D7_1036000	0.16036987740392156
PF3D7_1036300	0.007591313623529412
PF3D7_1036400	0.00261437908496732
PF3D7_1036500	0.2097061777341609
PF3D7_1036600.1	0.0033385056660553913
PF3D7_1036700	-0.0038152086552969396
PF3D7_1036800	0.18659922687860064
PF3D7_1036900	0.000805589687769781
PF3D7_1037000	0.076741551355217
PF3D7_1037100	-0.04223987833451827
PF3D7_1037200	0.0010156580617858653
PF3D7_1037300	-0.059136981008228715
PF3D7_1037400	0.32872608392165326
PF3D7_1037500	0.2901180811422203
PF3D7_1037600	0.05058998201671134
PF3D7_1037700	-0.034332268891569095
PF3D7_1037800	0.007808433607363521
PF3D7_1037900	0.12755514343820942
PF3D7_1038000.2	0.1299432263794047
PF3D7_1038000.1	0.36806575978971173
PF3D7_1038100	0.0030136280389617687
PF3D7_1038200	-0.003996802557953637
PF3D7_1038300	0.00130718954248366
PF3D7_1038400	0.007482198479127285
PF3D7_1038500	0.07466252081211266
PF3D7_1038600	0.017501293083180516
PF3D7_1038700	-0.002066316947242206
PF3D7_1038800	-0.007299247075327971
PF3D7_1038900	0.0
PF3D7_1039000	-0.14300106517726996
PF3D7_1039900	-0.0007993605115907274
PF3D7_1040000	0.0
PF3D7_1040200	0.0005480621377251141
PF3D7_1040300	-0.001090891992288522
PF3D7_1040500	0.0
PF3D7_1041200	0.0033790359490196075
PF3D7_1041300	0.0025733400284478295
PF3D7_0900100	0.0037507364672497304
PF3D7_0900200	0.00392156862745098
PF3D7_0901700	0.047316328445422495
PF3D7_0901800	0.021056096299431042
PF3D7_0901900	-0.0007993605115907274
PF3D7_0902000	-0.009376028588893592
PF3D7_0902100	0.29045227114509803
PF3D7_0902200	-0.020747312152677857
PF3D7_0902300	-0.014639787582498709
PF3D7_0902400	0.02320870609576339
PF3D7_0902500	-0.01064298502454507
PF3D7_0902600.1	-0.030812169322857005
PF3D7_0902800	0.1063100825317064
PF3D7_0903000	0.023395829457713825
PF3D7_0903100	-0.002398081534772182
PF3D7_0903200	0.017238667539389664
PF3D7_0903300	1.0097473698509523
PF3D7_0903400	-0.012946251599454534
PF3D7_0903500	-0.01116294717505055
PF3D7_0903600.1	0.393255768281262
PF3D7_0903700	0.060347016504443504
PF3D7_0903800	-0.001050658885456341
PF3D7_0903900	-0.2843510008981238
PF3D7_0904000	-0.05944884786332816
PF3D7_0904100	0.06791060165042553
PF3D7_0904200	0.0018150185733765926
PF3D7_0904300	0.02875816993464052
PF3D7_0904400	0.04270690883110923
PF3D7_0904500	0.0034795692857478733
PF3D7_0904600	0.23572421989423986
PF3D7_0904700	0.12381437379162082
PF3D7_0904800	0.07923821437331076
PF3D7_0904900	0.4512215587496027
PF3D7_0905000	0.00522875816993464
PF3D7_0905100	0.10542328656850518
PF3D7_0905200	-0.004000677339972728
PF3D7_0905300	0.10236118096113227
PF3D7_0905400	2.5063517918179055
PF3D7_0905500	0.16208235519167724
PF3D7_0905600	0.006535947712418301
PF3D7_0905700.1	-0.0015987210231814548
PF3D7_0905800	-0.01100779858233884
PF3D7_0905900	0.0673833408598486
PF3D7_0906000	0.06851906287875112
PF3D7_0906100	0.015611040579301265
PF3D7_0906200	0.04314443903852917
PF3D7_0906300	0.006752245262613439
PF3D7_0906400	0.0050435866613908874
PF3D7_0906500	0.00946121025856021
PF3D7_0906600	-0.33487233936265576
PF3D7_0906700	-0.03465356891277566
PF3D7_0906800	-0.017947167206902714
PF3D7_0906890	-0.011658643086330935
PF3D7_0906910	-0.007154011497484365
PF3D7_0907000	-0.005962288992335544
PF3D7_0907100	0.02542028754564348
PF3D7_0907200	0.2578594849791978
PF3D7_0907300	-0.01623850860568016
PF3D7_0907400	0.6046493319319886
PF3D7_0907500	0.0564312745124183
PF3D7_0907600	0.05290239397945173
PF3D7_0907700	0.016259933229886676
PF3D7_0907800	0.12394457906225609
PF3D7_0907900	0.07807927258708798
PF3D7_0908000	0.10642701385882353
PF3D7_0908100	0.05744693257420416
PF3D7_0908200	0.3487462954778201
PF3D7_0908300.1	0.005445055720129779
PF3D7_0908300.2	0.0
PF3D7_0908400	0.11636542485228758
PF3D7_0908500	0.857088602829915
PF3D7_0908600	-0.008461201039968025
PF3D7_0908700	0.01848224749742794
PF3D7_0908800	-0.0020098914993652156
PF3D7_0908900	0.06230177012116424
PF3D7_0909000	0.04281684640915032
PF3D7_0909100	0.02429406862875817
PF3D7_0909200	0.00261437908496732
PF3D7_0909300	0.0005078290308929326
PF3D7_0909400	0.034110419952461564
PF3D7_0909500	0.017758120916339867
PF3D7_0909600	0.5347937587898999
PF3D7_0909700	0.06514185099763953
PF3D7_0909800	0.0
PF3D7_0909900	0.04346216145384869
PF3D7_0910000	0.04043012096909766
PF3D7_0910100	0.06622827385564489
PF3D7_0910200	0.6436055566833686
PF3D7_0910300	0.02327423860882118
PF3D7_0910400	0.026648042274679075
PF3D7_0910500	0.500723833395975
PF3D7_0910600	0.01670193257158979
PF3D7_0910700	0.01717505795494428
PF3D7_0910800	0.0075166049505336905
PF3D7_0910900	0.004645695208539051
PF3D7_0911000	0.026143790849673203
PF3D7_0911100	0.4068625475986834
PF3D7_0911200	0.008350966285794894
PF3D7_0911300	0.0018150185733765926
PF3D7_0911400	-0.06252889994374383
PF3D7_0911500.1	0.0
PF3D7_0911500.2	-0.0007993605115907274
PF3D7_0911600	0.1352217982832934
PF3D7_0911700	0.22730870080003762
PF3D7_0911800	0.19845209294317015
PF3D7_0911900	-0.014425964535280014
PF3D7_0912000	0.01130624594826727
PF3D7_0912100	-0.012281939154558705
PF3D7_0912200	-0.0018902525038792496
PF3D7_0912400	0.018372309919386844
PF3D7_0912500	-0.013946681210090767
PF3D7_0912600	-0.0035239743507311785
PF3D7_0912700	0.0005078290308929326
PF3D7_0912800	-0.01540278976927634
PF3D7_0912900	0.08227463212681618
PF3D7_0913000	-0.0416017474263883
PF3D7_0913100	0.0007241265810880707
PF3D7_0913200	-0.38715157286347857
PF3D7_0913300	-0.019505655123251985
PF3D7_0913400	0.0018150185733765926
PF3D7_0913500	0.008559811448083883
PF3D7_0913600	0.10781168636134857
PF3D7_0913700	0.08192544263447597
PF3D7_0913800	0.0673987481223962
PF3D7_0913900	-0.1291792054727512
PF3D7_0914000	-0.07916695467955047
PF3D7_0914100	0.7207722337109607
PF3D7_0914200	0.030820612099863635
PF3D7_0914300	0.010484767599501576
PF3D7_0914400	0.34293227758431377
PF3D7_0914500	0.299758619446504
PF3D7_0914600	0.05613127832509523
PF3D7_0914700	-0.0023014229800630073
PF3D7_0914800	0.11323679574873748
PF3D7_0914900	0.1532083289982508
PF3D7_0915000	0.09315059494496639
PF3D7_0915100	0.001805614332063759
PF3D7_0915200	0.0075166049505336905
PF3D7_0915300	-0.003448740420228523
PF3D7_0915400	-0.048320618211830535
PF3D7_0915500	-0.00029153148069779476
PF3D7_0915600	-0.0164548061558753
PF3D7_0915700	0.04982591950492312
PF3D7_0915800	0.013579724455729534
PF3D7_0915900	-0.007711477876522313
PF3D7_0916000	0.6658695353664832
PF3D7_0916100	0.00878356138618517
PF3D7_0916200	-0.008371034002877697
PF3D7_0916300	0.02037250000130719
PF3D7_0916400	0.21693179209516147
PF3D7_0916500	0.0023228476042695253
PF3D7_0916600	-0.009592326139088728
PF3D7_0916700	-0.03596927176219494
PF3D7_0916800	0.0
PF3D7_0916900	0.17891390342271124
PF3D7_0917000	0.2993492123405182
PF3D7_0917100	-0.04416211948365073
PF3D7_0917200	0.00392156862745098
PF3D7_0917300	0.10600619281960785
PF3D7_0917400	0.7504194510727231
PF3D7_0917500	0.028648232356599426
PF3D7_0917600	-0.031033996332345885
PF3D7_0917700	-0.014680020689330888
PF3D7_0917800	0.0007241265810880707
PF3D7_0917900	0.1980599318330465
PF3D7_0918000	1.5865860607628626
PF3D7_0918100	0.44459007511184456
PF3D7_0918200.1	0.012996661494333943
PF3D7_0918300	-0.006761649503926271
PF3D7_0918400	0.00130718954248366
PF3D7_0918600	0.027667277942352003
PF3D7_0918700	0.059030084533399155
PF3D7_0918800	-0.003639441388066017
PF3D7_0918900	0.029403187803206846
PF3D7_0919000	-0.03880276226034701
PF3D7_0919100	0.057391497515427665
PF3D7_0919200	0.10856456916422627
PF3D7_0919300	0.011222173203921569
PF3D7_0919400	0.05058474973354963
PF3D7_0919600	-0.009259204050416137
PF3D7_0919700	-0.009084497108195796
PF3D7_0919800	0.4935491208139183
PF3D7_0919900	2.017220435986326
PF3D7_0920000	0.007551605774204166
PF3D7_0920100	0.000216297550195138
PF3D7_0920200	0.09389415328573845
PF3D7_0920300	0.01720976160248272
PF3D7_0920400	0.023603317118860205
PF3D7_0920500	0.09736369505311517
PF3D7_0920600	0.16598457657972446
PF3D7_0920700	0.24824943261211263
PF3D7_0920800	-0.016570273193210135
PF3D7_0920900	-0.015743958598119154
PF3D7_0921000.1	0.0038463346969483236
PF3D7_0921000.2	-0.0018902525038792496
PF3D7_0921100	-0.0058468219550007056
PF3D7_0921200	-0.09380150997888749
PF3D7_0921300	-0.00029153148069779476
PF3D7_0921400	-0.0007993605115907274
PF3D7_0921500	-0.011618409979498753
PF3D7_0921600	-0.037945251687694546
PF3D7_0921700	0.18073973211068795
PF3D7_0921800	-0.007993605115907274
PF3D7_0921900	-0.16277371552387265
PF3D7_0922000	0.006974369448234353
PF3D7_0922100	-0.008787407837428873
PF3D7_0922200	0.060127141348361314
PF3D7_0922300	0.0005078290308929326
PF3D7_0922400	-0.0016739549536841118
PF3D7_0922500	-0.3154959385025156
PF3D7_0922600	-0.018242870645751634
PF3D7_0922700	-0.007097586049607373
PF3D7_0922800	0.14662501275707904
PF3D7_0922900	-0.0007993605115907274
PF3D7_0923000	-0.011191047162270184
PF3D7_0923100	-0.0007993605115907274
PF3D7_0923200	-0.019144419171345278
PF3D7_0923300	-0.0007993605115907274
PF3D7_0923400	-0.03654352424052287
PF3D7_0923500	0.004429397658343913
PF3D7_0923600	0.005661353270324916
PF3D7_0923700	0.00130718954248366
PF3D7_0923800.1	0.0397288753740631
PF3D7_0923900	0.02327068992772839
PF3D7_0924000	0.6349115730526356
PF3D7_0924100	0.008926279683152297
PF3D7_0924200	0.008457326257948934
PF3D7_0924300	0.06960277073447124
PF3D7_0924400	0.40332107808728074
PF3D7_0924500	0.3864243946489303
PF3D7_0924600	0.36029026275933607
PF3D7_0924700	0.006820026805209951
PF3D7_0924800	0.008350966285794894
PF3D7_0924900	0.0
PF3D7_0925000	0.0005078290308929326
PF3D7_0925200	-0.23955525600259556
PF3D7_0925300	0.1442159513745709
PF3D7_0925400	0.017974418466535007
PF3D7_0925500	0.00522875816993464
PF3D7_0925600	0.00392156862745098
PF3D7_0925700	-0.0005830629613955895
PF3D7_0925900	-0.009883857619786524
PF3D7_0926000	0.008348534583627214
PF3D7_0926100	0.052418990362138526
PF3D7_0926200	0.004808183452438053
PF3D7_0926300	0.024480894814576576
PF3D7_0926400	0.028760418964179243
PF3D7_0926500	0.5511942443083463
PF3D7_0926600	0.061590625387276055
PF3D7_0926700	-0.004438801899656744
PF3D7_0926800	0.2267879412563596
PF3D7_0926900	0.06597366612722999
PF3D7_0927000	0.02897446748483566
PF3D7_0927100	0.0005078290308929326
PF3D7_0927200	0.030795312693638027
PF3D7_0927300	0.20789969807747216
PF3D7_0927400	0.04074500000261438
PF3D7_0927500	0.00784313725490196
PF3D7_0927600	0.45355099585187375
PF3D7_0927700	0.03758226160378991
PF3D7_0927800	0.029265998965533457
PF3D7_0927900	0.0849348656434382
PF3D7_0928000.1	0.07868450198596888
PF3D7_0928000.2	0.00130718954248366
PF3D7_0928100	-0.0007993605115907274
PF3D7_0928200	-0.006473992805247568
PF3D7_0928300	0.0031880378050500764
PF3D7_0928400	0.0
PF3D7_0928500	-0.03382443986067617
PF3D7_0928600	0.0
PF3D7_0928700	-0.01607672745076409
PF3D7_0928800	0.021323983051177883
PF3D7_0928900	0.0
PF3D7_0929000	0.0033385056660553913
PF3D7_0929100	0.022334111653670004
PF3D7_0929200	0.0718968112625382
PF3D7_0929300	0.04273578584322189
PF3D7_0929400	2.826976685320694
PF3D7_0929500	0.00130718954248366
PF3D7_0929600	0.018300653594771243
PF3D7_0929700	0.025822788004598675
PF3D7_0929800	0.010165984859171487
PF3D7_0929900	0.009623452180740115
PF3D7_0930000	0.0018150185733765926
PF3D7_0930100	0.29627551356598486
PF3D7_0930200	0.28588562905359477
PF3D7_0930300	4.71034095590166
PF3D7_0930400.1	0.051343579962176145
PF3D7_0930400.2	0.01118164292095735
PF3D7_0930500	0.6181736834995345
PF3D7_0930600.1	-0.030988799193689756
PF3D7_0930700	-0.008244903489772889
PF3D7_0930800	0.7326547094679644
PF3D7_0930900	0.000432595100390276
PF3D7_0931000	0.04223020584186768
PF3D7_0931100	-0.17451146732272535
PF3D7_0931200	0.0015234870926787982
PF3D7_0931300	0.004429397658343913
PF3D7_0931400	0.24006325860122257
PF3D7_0931500	0.011730002234814501
PF3D7_0931600	0.011764705882352941
PF3D7_0931700	0.009698388935110734
PF3D7_0931800	0.05559138371786336
PF3D7_0931900	0.023529411764705882
PF3D7_0932000	0.07996068627712419
PF3D7_0932100	1.177938554799464
PF3D7_0932200	1.2337319823698876
PF3D7_0932300	-0.053720802300211604
PF3D7_0932400	0.053017534915860254
PF3D7_0932500	0.1457918394179903
PF3D7_0932600	0.038449700834109174
PF3D7_0932700	-0.00918009533789439
PF3D7_0932800	0.02072045692988198
PF3D7_0932900	0.0
PF3D7_0933000	0.035402429472619554
PF3D7_0933100	0.010388109044792402
PF3D7_0933200	0.016839418585395213
PF3D7_0933300	0.08396168971802323
PF3D7_0933400	0.015832570412658106
PF3D7_0933500	0.20023169746749422
PF3D7_0933600	0.006964965206921522
PF3D7_0933700	0.013071895424836602
PF3D7_0933800	0.021422861710631496
PF3D7_0933900	0.007401137913198852
PF3D7_0934000	0.07225575717379037
PF3D7_0934100	0.003726992877594395
PF3D7_0934200	0.0
PF3D7_0934300	0.00261437908496732
PF3D7_0934400	0.042882378922208114
PF3D7_0934500	0.057547465910932426
PF3D7_0934600	0.018773778978125735
PF3D7_0934700	0.38564198593668125
PF3D7_0934800	0.9044166118718955
PF3D7_0934900	0.005193757346264164
PF3D7_0935000	-0.0007993605115907274
PF3D7_0935100	-0.038251419692866884
PF3D7_0935200	0.04287236824230968
PF3D7_0935400	0.05566211330246862
PF3D7_0935500	0.07211950087562892
PF3D7_0935600	-0.004288334038651432
PF3D7_0935700	-0.00792777542671745
PF3D7_0935800	0.533772054987276
PF3D7_0935900	-0.6751525121541919
PF3D7_0936000	-0.01598721023181455
PF3D7_0936100	0.0009404241312832087
PF3D7_0936200	-0.002398081534772182
PF3D7_0936300	-0.20793320904885504
PF3D7_0936400	-0.008792965627498001
PF3D7_0936500	-0.002398081534772182
PF3D7_0936600	-0.004288334038651432
PF3D7_0936700	0.0
PF3D7_0936800	-0.12293412149174777
PF3D7_0937500	0.0
PF3D7_0937800	0.005742116660121314
PF3D7_0800100	0.017174549181389005
PF3D7_0800200	0.024037240795598814
PF3D7_0800300	0.0015234870926787982
PF3D7_0800600	0.010965345370762214
PF3D7_0800700	0.02636008839986834
PF3D7_0800800	0.0169240567572107
PF3D7_0801000	-0.06907620375088165
PF3D7_0801300	-0.0007993605115907274
PF3D7_0801500	-0.03610182207495181
PF3D7_0801600	0.0
PF3D7_0801700	-0.0013357832544787784
PF3D7_0801800	0.041107924614943336
PF3D7_0801900	-0.05247442176117928
PF3D7_0802000	-0.019303732159063336
PF3D7_0802100	1.1811459564639017
PF3D7_0802200	-0.03244590386082663
PF3D7_0802300	-0.04290370468571026
PF3D7_0802400	-0.04055526049908309
PF3D7_0802500	0.2582857556985
PF3D7_0802600	1.713295481140518
PF3D7_0802700	0.03602407086357267
PF3D7_0802800	0.5207795896348145
PF3D7_0802900	0.00130718954248366
PF3D7_0803000	0.04440228840899986
PF3D7_0803100	-0.0028695661168665065
PF3D7_0803200	0.9644852675683547
PF3D7_0803300	0.04568222669185122
PF3D7_0803400	0.18497278103384587
PF3D7_0803500	0.20849787973166878
PF3D7_0803600.1	0.41648366763633804
PF3D7_0803700	-0.0015987210231814548
PF3D7_0803800	0.45159329681022237
PF3D7_0804000	0.07344871579573989
PF3D7_0804300	-0.0424308764784878
PF3D7_0804400	0.060459203112023324
PF3D7_0804500	1.1213423998289087
PF3D7_0804600	0.00362645954086613
PF3D7_0804700	-0.011691989232726758
PF3D7_0804800	-0.11684160401919405
PF3D7_0804900	0.13566969419633232
PF3D7_0805000	4.023310683218132e-05
PF3D7_0805100	0.01437908496732026
PF3D7_0805200	0.004137866177646119
PF3D7_0805300	0.24073615329790757
PF3D7_0805400	-0.010144263058832934
PF3D7_0805500	0.0661680505568345
PF3D7_0805600	0.051314702950063476
PF3D7_0805700	0.5408185250015141
PF3D7_0805800	0.009150326797385621
PF3D7_0805900	-0.001090891992288522
PF3D7_0806000	-0.04820769678614756
PF3D7_0806100	0.00485066558880895
PF3D7_0806200	0.3579727309067099
PF3D7_0806300	0.4508510255611322
PF3D7_0806400	0.09114815583350731
PF3D7_0806500	0.19979452963104338
PF3D7_0806600	-0.0013918277142991493
PF3D7_0806700	0.02469458321836647
PF3D7_0806800	0.6677142827864861
PF3D7_0806900	0.011108658019993417
PF3D7_0807000	-0.007194244604316547
PF3D7_0807100	-0.07116913542161094
PF3D7_0807200	-0.003996802557953637
PF3D7_0807300	0.009832000166897066
PF3D7_0807400	0.05836400915266845
PF3D7_0807500	0.03372652266552875
PF3D7_0807600	0.07781820985504304
PF3D7_0807700	0.4655249178751775
PF3D7_0807800	0.4535119132570367
PF3D7_0807900	0.08173325163892416
PF3D7_0808000	0.011626654441077723
PF3D7_0808100	0.0820020299190671
PF3D7_0808200	0.11833654209363803
PF3D7_0808300	0.2715013407279071
PF3D7_0808400	0.07174915785854141
PF3D7_0808600	-0.007838710921427565
PF3D7_0808700	-0.006395269129308319
PF3D7_0808900	0.00046678997437344175
PF3D7_0809100	-0.019073813911129923
PF3D7_0809200	-0.013551412871086667
PF3D7_0809400	0.23589013828301122
PF3D7_0809500	-0.0015987210231814548
PF3D7_0809600	0.13661357514317957
PF3D7_0809700	0.03083001634117647
PF3D7_0809800	0.09465073448482625
PF3D7_0809900	0.0362251375370292
PF3D7_0810000	0.01941909402282409
PF3D7_0810100	0.00522875816993464
PF3D7_0810200	-0.013076067382987729
PF3D7_0810300	1.7560005183648564
PF3D7_0810400	-0.005721675429839659
PF3D7_0810500	-0.0048882536292660095
PF3D7_0810600	-0.04606614590840269
PF3D7_0810700	-0.007561010015516998
PF3D7_0810800	-0.09294808578567734
PF3D7_0810900.1	0.1599545060447924
PF3D7_0810900.2	0.01699346405228758
PF3D7_0811000	0.25433743355707905
PF3D7_0811100	0.0211313302299337
PF3D7_0811200	0.0014110322337612252
PF3D7_0811300	0.33842038763969534
PF3D7_0811400	-0.02461126722174259
PF3D7_0811500	-0.011557812573470636
PF3D7_0811600	0.3993025451545963
PF3D7_0811700	0.7051041709189542
PF3D7_0811800	-0.019642857836939864
PF3D7_0811900	0.3199212823173744
PF3D7_0812000	-0.006138353435698499
PF3D7_0812100	0.2600306935523769
PF3D7_0812220	0.004937226689236846
PF3D7_0812200	0.003630037146753185
PF3D7_0812300	0.00784313725490196
PF3D7_0812400	0.057010194440457046
PF3D7_0812500	-0.019325221000329157
PF3D7_0812600	0.0005078290308929326
PF3D7_0812700	-0.0034889735270607044
PF3D7_0812900	0.009874453378473692
PF3D7_0813000	0.030273863604043827
PF3D7_0813100	0.40783967844025953
PF3D7_0813200	0.22856954410858132
PF3D7_0813300	-0.44859230587151927
PF3D7_0813400	-0.09045505702738514
PF3D7_0813500	0.024033663189711757
PF3D7_0813600	-0.08834132224272347
PF3D7_0813700	0.10551897037691259
PF3D7_0813800	0.00261437908496732
PF3D7_0813900	-0.14290210093910755
PF3D7_0814000	-0.7969947527671604
PF3D7_0814100	-0.0015987210231814548
PF3D7_0814200	-0.13431402068428083
PF3D7_0814300	-0.01562984906192693
PF3D7_0814400	0.2290852434938355
PF3D7_0814500	-0.006906290729505807
PF3D7_0814600	0.007300604576470588
PF3D7_0814700	0.011473174401655148
PF3D7_0814900	0.004062632247143461
PF3D7_0815000	-0.018440656889453143
PF3D7_0815100	-0.007113778390652184
PF3D7_0815200	-0.016268277146188934
PF3D7_0815300	0.00878356138618517
PF3D7_0815400	0.0
PF3D7_0815500	0.09264276591407346
PF3D7_0815600	-0.3200147758547045
PF3D7_0815700	-0.001382423472986317
PF3D7_0815800	0.9618531627345088
PF3D7_0815900	0.0015234870926787982
PF3D7_0816000	-0.014709492053707623
PF3D7_0816100	0.017381951263826585
PF3D7_0816200	0.008350966285794894
PF3D7_0816300	-0.02375928551436498
PF3D7_0816400	0.043359379087581695
PF3D7_0816600	-0.0058562261963135374
PF3D7_0816700	0.004937226689236846
PF3D7_0816800	0.0
PF3D7_0816900	-0.0015584879163492735
PF3D7_0817000	0.0018150185733765926
PF3D7_0817100	0.0017450169260356425
PF3D7_0817200	0.11699641963014058
PF3D7_0817300	0.1734923063167631
PF3D7_0817400	0.017350825222175202
PF3D7_0817500	0.01878923650106737
PF3D7_0817600	1.0099204199164526
PF3D7_0817700	1.172583983853463
PF3D7_0817800	0.06576319521246062
PF3D7_0817900	0.4432040268678328
PF3D7_0818000	0.1288050449292143
PF3D7_0818100	0.12404843404919358
PF3D7_0818200	0.05174729805045375
PF3D7_0818300	0.004645695208539051
PF3D7_0818400	-0.006394884092725819
PF3D7_0818500	0.1947335428425824
PF3D7_0818600	0.012529362746405228
PF3D7_0818700	0.01397851384270464
PF3D7_0818800	-0.0442563596181878
PF3D7_0818900	-0.465549729632802
PF3D7_0819000	-0.06296894743204025
PF3D7_0819100	-0.002398081534772182
PF3D7_0819200	-0.007661840528377298
PF3D7_0819300	-0.0018902525038792496
PF3D7_0819400	0.0
PF3D7_0819500	-0.001382423472986317
PF3D7_0819600	0.29656119422753563
PF3D7_0819700	0.28719864997257727
PF3D7_0819800	0.22842712298774628
PF3D7_0819900	-0.014755254619833544
PF3D7_0820000	-0.007213321338279968
PF3D7_0820100	0.00014106361969248166
PF3D7_0820200	0.2165792619648093
PF3D7_0820300	0.16872916093532705
PF3D7_0820400	0.000216297550195138
PF3D7_0820500	0.018256545705919967
PF3D7_0820600	0.006535947712418301
PF3D7_0820700	0.04139971928862557
PF3D7_0820800	-0.0035589751744016553
PF3D7_0820900	0.3776541811229417
PF3D7_0821000	0.18002207001067377
PF3D7_0821100	0.03577637902038839
PF3D7_0821200	0.0007241265810880707
PF3D7_0821300	0.011286079964498985
PF3D7_0821400	0.044054628656557106
PF3D7_0821500	-0.028736745310434006
PF3D7_0821600	-0.06668305732313913
PF3D7_0821700	-0.2019462553738374
PF3D7_0821800	0.009075092866882965
PF3D7_0821900	-0.0026896130154699773
PF3D7_0822000	0.0006488926505854135
PF3D7_0822100	-0.021718565149480416
PF3D7_0822200	-0.06526069791945267
PF3D7_0822300	-0.005087694550242159
PF3D7_0822400	-0.005122695373912634
PF3D7_0822500	0.00130718954248366
PF3D7_0822600	0.031046313891371607
PF3D7_0822700	0.004988221538524474
PF3D7_0822800	0.0014482531621761415
PF3D7_0822900	0.8640046801920253
PF3D7_0823000	0.05432084967632482
PF3D7_0823100	-0.02158273381294964
PF3D7_0823200	-0.08077564537151455
PF3D7_0823300	0.09292331540726947
PF3D7_0823400	0.00130718954248366
PF3D7_0823500	0.0010156580617858653
PF3D7_0823600	-0.001382423472986317
PF3D7_0823800	0.06462224790557203
PF3D7_0823900	0.00522875816993464
PF3D7_0824000	0.003630037146753185
PF3D7_0824100	-0.005298759817275592
PF3D7_0824200	-0.009218673767451922
PF3D7_0824300	0.29438974299106596
PF3D7_0824400	-0.005960931491192926
PF3D7_0824500	-0.025438968242770487
PF3D7_0824600	-0.020893608055532045
PF3D7_0824700	0.028945293296590964
PF3D7_0824800	0.08392528053879719
PF3D7_0824900	-0.015215369231193866
PF3D7_0825000	0.46435997132691964
PF3D7_0825200	0.028512401020068648
PF3D7_0825300	0.016808292543743827
PF3D7_0825400	0.0018150185733765926
PF3D7_0825500	-0.06919107643595243
PF3D7_0825600	0.0046106943848685765
PF3D7_0825700	0.00130718954248366
PF3D7_0825800	-0.00025129837386561344
PF3D7_0825900	-0.002398081534772182
PF3D7_0826000	-0.0077773075657121375
PF3D7_0826100	0.17630488063768268
PF3D7_0826200	0.06653367871193869
PF3D7_0826300	0.025240319395467156
PF3D7_0826400	0.052405594942352
PF3D7_0826500	0.11860005667885455
PF3D7_0826600	0.010090750928668828
PF3D7_0826700	-0.23598472990206423
PF3D7_0826900	0.06436265646981709
PF3D7_0827000	-0.16490320321791507
PF3D7_0827100	0.025591853929929
PF3D7_0827200	0.00388686497991254
PF3D7_0827300	-0.07038862557652702
PF3D7_0827400	0.018265949947232803
PF3D7_0827500	0.15827309027285463
PF3D7_0827600	0.18622552221737904
PF3D7_0827700	0.00130718954248366
PF3D7_0827800	0.6401941955159919
PF3D7_0827900	0.23708851860147648
PF3D7_0828000	0.00130718954248366
PF3D7_0828100	0.0013435478672967523
PF3D7_0828200	0.06778064495561197
PF3D7_0828300	0.08385945084960736
PF3D7_0828400	0.003630037146753185
PF3D7_0828500	0.16707371728813655
PF3D7_0828600	0.15108230617337656
PF3D7_0828700	0.26716960409969437
PF3D7_0828800	0.18838287007759438
PF3D7_0828900	0.036058774511111114
PF3D7_0829000	0.20333309439290917
PF3D7_0829100	-0.006761649503926271
PF3D7_0829200	-0.0053792260309399546
PF3D7_0829300	0.005617245381473644
PF3D7_0829400	0.054901960784313725
PF3D7_0829500	0.05004804369054403
PF3D7_0829600	0.007043776743311234
PF3D7_0830300	-0.0007993605115907274
PF3D7_0830400	-0.02164041790126487
PF3D7_0830500	-0.16227679859038885
PF3D7_0830600	-0.1329153054155264
PF3D7_0830700	-0.03567445925772323
PF3D7_0830800	0.026741265530982272
PF3D7_0830900	0.003952397492970331
PF3D7_0831000	-0.008792965627498001
PF3D7_0831100	-0.003740271900926318
PF3D7_0831200	0.03333312927175436
PF3D7_0831300	-0.006313060377918844
PF3D7_0831400	-0.029380405677857713
PF3D7_0831500	-0.04006362380923496
PF3D7_0831600	1.3091168673795177
PF3D7_0831700	-0.8012036870886068
PF3D7_0700100	0.00130718954248366
PF3D7_0700500	-0.0012669564356514787
PF3D7_0700800	-0.004132633894484412
PF3D7_0701100	-0.001090891992288522
PF3D7_0701600	-0.002398081534772182
PF3D7_0701900	-0.008747500237504115
PF3D7_0702000	-0.028269955336060564
PF3D7_0702200	0.01542545110430244
PF3D7_0702300	-0.017289167491136504
PF3D7_0702400	-0.10232330842488363
PF3D7_0702500	-0.01190994146019655
PF3D7_0702600	0.00130718954248366
PF3D7_0702900	-0.0018902525038792496
PF3D7_0703000	0.022269639465622795
PF3D7_0703100	0.0005078290308929326
PF3D7_0703200	0.2564030833680256
PF3D7_0703300	0.0005078290308929326
PF3D7_0703400	0.002463911223962006
PF3D7_0703500	0.07905287762118776
PF3D7_0703600	0.5974384717096629
PF3D7_0703700	0.026174916891324583
PF3D7_0703800	0.014852210350674754
PF3D7_0703900	-0.14288665905896458
PF3D7_0704000	0.018541176350166944
PF3D7_0704100	2.027850464097165
PF3D7_0704200	-0.02186903301048573
PF3D7_0704300	1.0957552833717497
PF3D7_0704400	0.0876300081182019
PF3D7_0704500	0.9354507109528095
PF3D7_0704600	1.0926640051764989
PF3D7_0704700	0.14839689404085202
PF3D7_0704800	0.37919417317226684
PF3D7_0704900	0.0033385056660553913
PF3D7_0705000	-0.014012885577608505
PF3D7_0705100	0.37395811481651386
PF3D7_0705200	0.013212959044529082
PF3D7_0705300	0.34844862335816995
PF3D7_0705400	0.19354344608991392
PF3D7_0705500	1.2222132097789533
PF3D7_0705600	-0.003639441388066017
PF3D7_0705700	-0.04595978593624865
PF3D7_0705800	-0.006394884092725819
PF3D7_0705900	0.005736587200827574
PF3D7_0706000	0.22104361899612546
PF3D7_0706100	0.2944110255999247
PF3D7_0706200	0.007043776743311234
PF3D7_0706300	0.11177961190718955
PF3D7_0706400	-0.2116503293057695
PF3D7_0706500	0.0010990226587201113
PF3D7_0706600	-0.0026896130154699773
PF3D7_0706700	0.008200498424789579
PF3D7_0707200	0.6259076489593831
PF3D7_0707300	3.787019680156336
PF3D7_0707400	-0.012834173250434948
PF3D7_0707500	0.0032225561491136534
PF3D7_0707600	-0.011191047162270184
PF3D7_0707700	0.2923474489127098
PF3D7_0707800	0.08254355027877933
PF3D7_0707900	-0.007128414915126722
PF3D7_0708000	-0.008903200381671134
PF3D7_0708100	0.0
PF3D7_0708200	-0.0015987210231814548
PF3D7_0708400	-0.3436218393989749
PF3D7_0708500	-0.07172916126540649
PF3D7_0708600	0.003630037146753185
PF3D7_0708700	0.009331920700042318
PF3D7_0708800	-0.18467224990486666
PF3D7_0708900	0.024979616780288712
PF3D7_0709000	-0.018380059483425023
PF3D7_0709100	0.15626908469367565
PF3D7_0709200	0.004429397658343913
PF3D7_0709300	-0.06391239761775519
PF3D7_0709400	0.24248717484259186
PF3D7_0709500	-0.0007993605115907274
PF3D7_0709600	-0.04156151431955612
PF3D7_0709700	0.14490924909013966
PF3D7_0709800	0.032644737738421026
PF3D7_0709900	0.0912540978392063
PF3D7_0710000	0.4837658678759674
PF3D7_0710100	0.03573419406014953
PF3D7_0710200	0.712952489195768
PF3D7_0710300	-0.0007993605115907274
PF3D7_0710400	-0.00036676541120045196
PF3D7_0710500	-0.013081299666149434
PF3D7_0710600	-0.5785100034517046
PF3D7_0710700	-0.2566509549248225
PF3D7_0710800	-0.034400913037767426
PF3D7_0710900	0.006968542812808577
PF3D7_0711000	-0.04532427176371844
PF3D7_0711100	0.004786758828231532
PF3D7_0711200	0.010338174520515352
PF3D7_0711300	0.01618469929938402
PF3D7_0711400	0.012577077165937835
PF3D7_0711500	-0.003020020101857337
PF3D7_0711700	-0.021954748745333146
PF3D7_0712000	-0.005687204250914561
PF3D7_0712300	-0.024360958665867304
PF3D7_0712400	-0.0637563023190765
PF3D7_0712600	-0.025758609531574737
PF3D7_0712800	-0.0025339128713029574
PF3D7_0712900	-0.012535440296045516
PF3D7_0713100	-0.0022440886666666667
PF3D7_0713200	-0.005595523581135092
PF3D7_0713400	0.00961404793942728
PF3D7_0713500	0.03925263895158697
PF3D7_0713600	0.010965345370762214
PF3D7_0713700	0.017426059152677857
PF3D7_0713800	0.12035057413938967
PF3D7_0713900	-0.06811620091188225
PF3D7_0714000	0.09734621514683783
PF3D7_0714100	0.0
PF3D7_0714200	0.3684363406981709
PF3D7_0714300	0.0003927361007758645
PF3D7_0714400	-0.0018902525038792496
PF3D7_0714500	-0.01360371721522547
PF3D7_0714600	0.06774707915818873
PF3D7_0715000	-0.010466920581182114
PF3D7_0715100	0.00522875816993464
PF3D7_0715200	0.36436822127192364
PF3D7_0715300	0.04281684640915032
PF3D7_0715400	0.00130718954248366
PF3D7_0715500	0.004429397658343913
PF3D7_0715600	0.020189280346170124
PF3D7_0715700	0.00130718954248366
PF3D7_0715800	0.025643443131480693
PF3D7_0715900	0.026290681104791463
PF3D7_0716000	-0.04218918066136268
PF3D7_0716100	-0.1063457075651949
PF3D7_0716200	-0.0912915522946631
PF3D7_0716300	0.058551132514618895
PF3D7_0716400	0.06425301606790802
PF3D7_0716500	0.010448112098556447
PF3D7_0716600	0.0017397846428739367
PF3D7_0716700	0.03217909366776696
PF3D7_0716800	-0.021369250719763012
PF3D7_0716900	0.048402965748972585
PF3D7_0717000	0.0341396449951192
PF3D7_0717100	0.06442878333513895
PF3D7_0717200	0.21380302525955705
PF3D7_0717300	0.10725825147462266
PF3D7_0717400	-0.015115698498067431
PF3D7_0717500	0.400356805829661
PF3D7_0717600	1.0830664295423709
PF3D7_0717700	-0.05133263060401558
PF3D7_0717800	0.008650276255325152
PF3D7_0717900	-0.04269313491023652
PF3D7_0718000	0.004771923988329338
PF3D7_0718100	0.0524480770787229
PF3D7_0718300	0.00130718954248366
PF3D7_0718400	0.007551605774204166
PF3D7_0718500	0.020183453710744346
PF3D7_0718600	0.1047070789420887
PF3D7_0718700	-0.008461201039968025
PF3D7_0718800	0.0
PF3D7_0719000	-0.0053792260309399546
PF3D7_0719100	0.03913687473812009
PF3D7_0719200	0.0
PF3D7_0719300	-0.044938895591301084
PF3D7_0719400	0.4508723693988809
PF3D7_0719500	0.13718179626949734
PF3D7_0719600	-0.15676289230921145
PF3D7_0719700	-0.026454130812996662
PF3D7_0719800	0.03834916749738092
PF3D7_0719900	0.30155536824547896
PF3D7_0720000	-0.002398081534772182
PF3D7_0720100	-0.012241706047726526
PF3D7_0720200	-0.038540136716556164
PF3D7_0720400	0.009192214581492452
PF3D7_0720500	0.0018150185733765926
PF3D7_0720600	0.03812674613562796
PF3D7_0720700	0.8879757934670147
PF3D7_0720800	0.024717259487835617
PF3D7_0720900	0.02691592902642592
PF3D7_0721000	0.5443209808801146
PF3D7_0721100	0.017836778704894918
PF3D7_0721200	0.03257205001358913
PF3D7_0721300	-0.07204715133804485
PF3D7_0721400	0.00888992135833921
PF3D7_0721500	0.04626099690477266
PF3D7_0721600	-0.3117967142828232
PF3D7_0721800	0.0018150185733765926
PF3D7_0721900	0.008567263835990031
PF3D7_0722000	-0.007966948208539049
PF3D7_0722100	0.0030469741853575965
PF3D7_0722200	3.2480841081008696
PF3D7_0722300	-0.05298650832893216
PF3D7_0722400	-0.0313808929359101
PF3D7_0722500	0.016075822046353508
PF3D7_0722600	0.019854778232717363
PF3D7_0722700	-0.0005830629613955895
PF3D7_0722800	0.003122208115860253
PF3D7_0722900	0.10850098850457517
PF3D7_0723000	0.004137866177646119
PF3D7_0723100	0.04278214276161189
PF3D7_0723200	0.00130718954248366
PF3D7_0723300	0.5103282424975408
PF3D7_0723400	-0.09772559588721494
PF3D7_0723600	-0.007194244604316547
PF3D7_0723700	-0.00533733824683312
PF3D7_0723800	1.4734250265181832
PF3D7_0723900	0.024265983690318335
PF3D7_0724000	0.18033508171106408
PF3D7_0724100	0.05167279618136078
PF3D7_0724200	-0.04274800454154324
PF3D7_0724300	0.0005078290308929326
PF3D7_0724400	-0.007053180984624065
PF3D7_0724500	0.005153524239431984
PF3D7_0724600	0.0842509721691823
PF3D7_0724700	-0.08576129785256031
PF3D7_0724800	0.051098108223736304
PF3D7_0724900	0.12910444414901961
PF3D7_0725000	0.2521750015529788
PF3D7_0725100	0.13220283850644662
PF3D7_0725200	0.0038463346969483236
PF3D7_0725300	-0.023083141604147282
PF3D7_0725400	0.2888860267393896
PF3D7_0726100	-0.1260571956723186
PF3D7_0726200	-0.02201009663017821
PF3D7_0726300	0.08362308617634834
PF3D7_0726400	0.46756981054149627
PF3D7_0726500	0.21507380014969674
PF3D7_0726600	0.005701883553289133
PF3D7_0726700	0.16246447701101235
PF3D7_0726900	-0.01641457304904312
PF3D7_0727000	0.034871550065039725
PF3D7_0727100	0.028142652355245212
PF3D7_0727200	-0.02856068086707105
PF3D7_0727300	-0.021932147697390325
PF3D7_0727400	0.02824676329786053
PF3D7_0727500	0.04370131580637608
PF3D7_0727600	-0.01797306096539239
PF3D7_0727700	0.012892253375586589
PF3D7_0727800	0.02104867283631917
PF3D7_0727900	0.13139538324839423
PF3D7_0728000	-0.005161570979602199
PF3D7_0728100	0.23161807111851226
PF3D7_0728200	0.02451036617895331
PF3D7_0728300	0.016410401090891993
PF3D7_0728400.2	0.0005078290308929326
PF3D7_0728400.1	0.06830786982621902
PF3D7_0728500	0.03671932043254808
PF3D7_0728600	0.3076025884360935
PF3D7_0728700	-0.0007993605115907274
PF3D7_0728800	0.0036206329054403533
PF3D7_0728900	-0.048669268353373776
PF3D7_0729000	0.005325713900775849
PF3D7_0729100	0.18697664685648185
PF3D7_0729200	0.0020718464065359477
PF3D7_0729300	-0.05706125981967367
PF3D7_0729400	-0.057765022101565804
PF3D7_0729500	-0.009526496449898903
PF3D7_0729600.1	0.038277511172765316
PF3D7_0729700	0.2203889074962524
PF3D7_0729800	0.004429397658343913
PF3D7_0729900	0.0765547251693986
PF3D7_0730000	-0.0007993605115907274
PF3D7_0730100	-0.0012413598532938358
PF3D7_0730200	0.005877650820520055
PF3D7_0730300	-0.05856470385570134
PF3D7_0730400	0.08008452615555556
PF3D7_0730500	0.830313562363521
PF3D7_0730800.1	-0.0031974420463629096
PF3D7_0730900	-0.3780487520597827
PF3D7_0731100	-0.05745778216474351
PF3D7_0731200	-0.001965486434381907
PF3D7_0731300	-0.09833561293211077
PF3D7_0731500	0.36550711158819765
PF3D7_0731600	0.00609267549542486
PF3D7_0731700	0.0010961242754502281
PF3D7_0731800	0.0240683668372502
PF3D7_0732900	0.00522875816993464
PF3D7_0733000	0.0022657752053416094
PF3D7_0600200	-0.00493199440607514
PF3D7_0600300	0.00261437908496732
PF3D7_0600400	-0.0007993605115907274
PF3D7_0600500	-0.0007993605115907274
PF3D7_0600700	0.00130718954248366
PF3D7_0601100	0.0
PF3D7_0601200	-0.0028656774588329335
PF3D7_0601900	-0.012749535078619456
PF3D7_0602000	0.026622148516189402
PF3D7_0602100	-0.1338907303704801
PF3D7_0602200	-0.003780505007758499
PF3D7_0602300	-0.0007993605115907274
PF3D7_0602400	-0.02748037482544787
PF3D7_0602500	-0.002181783984577044
PF3D7_0602600	-0.0036027858871208913
PF3D7_0602700	0.0009809544142474255
PF3D7_0602800	-0.025539303264071098
PF3D7_0602900	0.1323772482725349
PF3D7_0603000	0.08214084450922086
PF3D7_0603100	0.06915299290393567
PF3D7_0603200	-0.0035236771745991444
PF3D7_0603300	-0.03933396776885315
PF3D7_0603400	-0.025621644400056424
PF3D7_0603500	0.0005078290308929326
PF3D7_0603600	0.010206217966003668
PF3D7_0603700	0.016410401090891993
PF3D7_0603800	0.837448459923393
PF3D7_0603900	0.00784313725490196
PF3D7_0604000	0.0025391451544646637
PF3D7_0604100	1.8765083648683125
PF3D7_0604200	0.003122208115860253
PF3D7_0604300	0.053002304039121644
PF3D7_0604400	0.004394694010805473
PF3D7_0604500	0.2938372890437767
PF3D7_0604600	-0.0013771911898246107
PF3D7_0604700	0.027271635519038887
PF3D7_0604800	-0.007953372009075092
PF3D7_0604900	0.0005078290308929326
PF3D7_0605000	-0.0045798655193492275
PF3D7_0605100	0.15100174809418349
PF3D7_0605200	0.008858795316687826
PF3D7_0605300	0.00261437908496732
PF3D7_0605400	0.00261437908496732
PF3D7_0605500	0.060860672170762214
PF3D7_0605600	0.10524366419477124
PF3D7_0605700	0.01645093137385621
PF3D7_0605800	0.059319760173273145
PF3D7_0605900	0.005153524239431984
PF3D7_0606000	0.31236396493186624
PF3D7_0606100	-0.19586559703537876
PF3D7_0606200	0.018300653594771243
PF3D7_0606300	0.011764705882352941
PF3D7_0606400	0.00130718954248366
PF3D7_0606500	-0.007012947877791885
PF3D7_0606600	-0.05880985494561526
PF3D7_0606700	0.3575228893949311
PF3D7_0606800	0.09188618471498566
PF3D7_0606900	-0.001166125922791179
PF3D7_0607000	-0.08717276748115857
PF3D7_0607100	0.0
PF3D7_0607200	0.010206217966003668
PF3D7_0607300	-0.0005428298545634078
PF3D7_0607400	0.018183560804956034
PF3D7_0607500	0.03369539662387737
PF3D7_0607600	0.18501323153760285
PF3D7_0607700	0.8917797757158414
PF3D7_0607800	-0.002181783984577044
PF3D7_0607900	0.005089052051384772
PF3D7_0608000	-0.014100832509954388
PF3D7_0608100	0.03271903105289886
PF3D7_0608200	-0.020195078056801617
PF3D7_0608300	-0.03279359372296045
PF3D7_0608310	-0.009592326139088728
PF3D7_0608400	0.015394743029106126
PF3D7_0608500	0.0009404241312832087
PF3D7_0608600	0.010130984035501011
PF3D7_0608700	-0.06368707798706917
PF3D7_0608800	-0.08015903469572594
PF3D7_0608900	0.09540403525415904
PF3D7_0609000	0.4974780496409178
PF3D7_0609100	0.009764515800432593
PF3D7_0609200	0.00761743546339399
PF3D7_0609300	0.03257757947288287
PF3D7_0609400	0.004898351083547279
PF3D7_0609500	0.01906531045882353
PF3D7_0609600	0.02956305990552499
PF3D7_0609700	0.8346439744850238
PF3D7_0609800	0.0629672222248366
PF3D7_0609900	0.05930966556711337
PF3D7_0610000	0.010165984859171487
PF3D7_0610100	-0.022391766817190947
PF3D7_0610200	-0.07656083393217661
PF3D7_0610400	1.3057344590847888
PF3D7_0610500	-0.016786570743405275
PF3D7_0610600	0.08980791732075988
PF3D7_0610700	-0.02190926611731791
PF3D7_0610800	-0.060393472877556774
PF3D7_0610900	0.0004670883461795339
PF3D7_0611000	0.03188037805050078
PF3D7_0611100	0.01437908496732026
PF3D7_0611200	0.0008007180127333445
PF3D7_0611300	0.0
PF3D7_0611400	0.015319509098603468
PF3D7_0611500	0.00261437908496732
PF3D7_0611600	0.6838621267560727
PF3D7_0611700	-0.041777811869751255
PF3D7_0611800	0.2900491482280152
PF3D7_0611900	-0.0007993605115907274
PF3D7_0612000	0.011764705882352941
PF3D7_0612100	-0.037447590046992996
PF3D7_0612200	1.0907023748193259
PF3D7_0612300	0.0018150185733765926
PF3D7_0612400	0.009150326797385621
PF3D7_0612500	0.01670193257158979
PF3D7_0612600	0.14790004414933933
PF3D7_0612700	0.6275045038720083
PF3D7_0612800	0.005952884751022711
PF3D7_0612900	-0.04044472856877792
PF3D7_0613000.3	0.0
PF3D7_0613000.2	0.0
PF3D7_0613000.1	0.0
PF3D7_0613100	0.0023228476042695253
PF3D7_0613200	0.005736587200827574
PF3D7_0613300	0.7488502644797385
PF3D7_0613400	0.13909671281622232
PF3D7_0613500	0.01986662282382094
PF3D7_0613600	0.04619588235816993
PF3D7_0613700	0.46157952535030794
PF3D7_0613800	2.2250629905161423
PF3D7_0613900	0.9063041055575586
PF3D7_0614000	0.1057628903314995
PF3D7_0614100	0.2991157708282691
PF3D7_0614200	-0.002181797860591514
PF3D7_0614300	0.1980953960614567
PF3D7_0614400	0.010108003594724212
PF3D7_0614500	-0.1201792609576621
PF3D7_0614600	0.1523660683838341
PF3D7_0614700	0.22437073534248367
PF3D7_0614800	-0.04205248731524898
PF3D7_0614900	0.44851804419923824
PF3D7_0615000	0.0015140828513659672
PF3D7_0615100	0.0
PF3D7_0615200	0.006244416231720506
PF3D7_0615300	0.047509958861089954
PF3D7_0615400	0.40406576545337836
PF3D7_0615500	0.11217750336004137
PF3D7_0615600	-0.0648266603332299
PF3D7_0615700	-0.0026896130154699773
PF3D7_0615800	0.06391900245083933
PF3D7_0615900	0.2491930558481967
PF3D7_0616000	-0.0008745944420933838
PF3D7_0616100	-0.024267114545257908
PF3D7_0616200	0.5411967741490572
PF3D7_0616300	-0.0013918277142991493
PF3D7_0616400	0.059825867439102835
PF3D7_0616500	0.00130718954248366
PF3D7_0616600	0.09009749694805097
PF3D7_0616700	0.013545020808191095
PF3D7_0616800	0.017347247616288145
PF3D7_0616900	0.0069889551182959475
PF3D7_0617000	-0.003956569451121456
PF3D7_0617100	0.13424508576310715
PF3D7_0617200	0.048904055371871924
PF3D7_0617300	0.013071895424836602
PF3D7_0617400	0.01860123954186298
PF3D7_0617800	3.6769574069184747
PF3D7_0617900	2.3722791025015657
PF3D7_0618000	0.6860517098915032
PF3D7_0618100	0.2117688463115343
PF3D7_0618200	-0.02154250070611746
PF3D7_0618300	-0.30596902514459023
PF3D7_0618400	0.00261437908496732
PF3D7_0618500	0.12435545236230779
PF3D7_0618600	0.0038463346969483236
PF3D7_0618700	0.005250182794141158
PF3D7_0618800	0.030147777544195228
PF3D7_0618900.1	0.0005078290308929326
PF3D7_0619000.2	0.007034372501998402
PF3D7_0619000.1	0.02570761814339587
PF3D7_0619100	0.00388686497991254
PF3D7_0619200	0.09537817042046365
PF3D7_0619300	0.08304191033793203
PF3D7_0619400	0.38126685656351156
PF3D7_0619500	-0.08631268873553394
PF3D7_0619600	-0.00032623512823623437
PF3D7_0619700	0.2314078905285748
PF3D7_0619800	0.038172326029124945
PF3D7_0619900	0.011473174401655148
PF3D7_0620000	0.0
PF3D7_0620100	0.0
PF3D7_0620200	0.00261437908496732
PF3D7_0620300	0.3758458034128744
PF3D7_0620400	0.5868875432165139
PF3D7_0620500	0.06514350567491418
PF3D7_0620600	0.029196591670456573
PF3D7_0620700	0.297103726905967
PF3D7_0621000	0.02412296821721916
PF3D7_0621100	0.5664593570949452
PF3D7_0621200	-0.0900262372542907
PF3D7_0621300	-0.07452841468278554
PF3D7_0621400	0.03602407086357267
PF3D7_0621500	0.06075821590542154
PF3D7_0621700	0.016377054944496164
PF3D7_0621800	-0.011774110123665775
PF3D7_0621900	-0.011565216955085333
PF3D7_0622000	0.00784313725490196
PF3D7_0622100	0.026867917430761275
PF3D7_0622200	-0.13038768574641463
PF3D7_0622300	-0.0007993605115907274
PF3D7_0622400	-0.010758452061879909
PF3D7_0622500	0.005952884751022711
PF3D7_0622600	0.013579724455729534
PF3D7_0622700	0.007190369822297456
PF3D7_0622800	-0.04770054876756477
PF3D7_0622900	0.12564410060907513
PF3D7_0623000	0.029933431847406784
PF3D7_0623100	-0.04288218120079937
PF3D7_0623200	0.003122208115860253
PF3D7_0623300	0.004137866177646119
PF3D7_0623400	0.004429397658343913
PF3D7_0623500	0.004429397658343913
PF3D7_0623600	-0.0014612350093760294
PF3D7_0623700	0.03779991665512766
PF3D7_0623800	-0.33861467766885783
PF3D7_0623900	-0.002884188765326562
PF3D7_0624000	0.0050082886615883775
PF3D7_0624100	0.002830676635162458
PF3D7_0624200	0.18798241350046552
PF3D7_0624300	0.011403767106578266
PF3D7_0624400	0.16791869764591152
PF3D7_0624500	0.013579724455729534
PF3D7_0624600	1.3126612518012508
PF3D7_0624700	0.01910554356565571
PF3D7_0624800	0.0
PF3D7_0624900	0.017391355505139417
PF3D7_0625000.2	0.00261437908496732
PF3D7_0625000.1	0.0
PF3D7_0625100	0.003122208115860253
PF3D7_0625200	0.10957235213057788
PF3D7_0625300	0.18582639405370763
PF3D7_0625400	0.01923392251428034
PF3D7_0625500	-0.004363567969154088
PF3D7_0625600	-0.0026990172567828083
PF3D7_0625700	0.00130718954248366
PF3D7_0625800	0.002604974843654486
PF3D7_0625900	-0.0007993605115907274
PF3D7_0626000	0.0528012662904594
PF3D7_0626100	0.0029717402548549397
PF3D7_0626200	-0.006977947054121409
PF3D7_0626300	-0.0007993605115907274
PF3D7_0626400	0.40002637455955237
PF3D7_0626500	0.008350966285794894
PF3D7_0626600	0.00392156862745098
PF3D7_0626700	-0.0007993605115907274
PF3D7_0626800	-0.02361298961151079
PF3D7_0626900	0.005153524239431984
PF3D7_0627000	0.00130718954248366
PF3D7_0627100	0.3832866366303099
PF3D7_0627200	0.00388686497991254
PF3D7_0627300	0.3433294099537969
PF3D7_0627400	0.0
PF3D7_0627500	-0.010175389100484319
PF3D7_0627600	-0.0015987210231814548
PF3D7_0627700	0.06976257290087931
PF3D7_0627800	0.04527495992248083
PF3D7_0627900	-0.002398081534772182
PF3D7_0628000	0.00130718954248366
PF3D7_0628100	3.533668987007157
PF3D7_0628200	0.5038539279855644
PF3D7_0628300.1	0.12404499160866131
PF3D7_0628500	-0.0058468219550007056
PF3D7_0628600	-0.0307192386831711
PF3D7_0628700	0.0448436933984389
PF3D7_0628800	0.0010156580617858653
PF3D7_0628900	-0.003307379624404007
PF3D7_0629000	-0.004796163069544364
PF3D7_0629100	0.011143361667531857
PF3D7_0629200	0.030580669820717544
PF3D7_0629300	0.10734149727712418
PF3D7_0629400	0.004535757630497954
PF3D7_0629500	-0.012286111112709833
PF3D7_0629600	-0.02688149363022523
PF3D7_0629700	0.5691580178447829
PF3D7_0629800	0.04230650009738093
PF3D7_0629900	0.007984200874594442
PF3D7_0630100	-0.0004514035830159406
PF3D7_0630200	0.00130718954248366
PF3D7_0630300	0.10463503094496637
PF3D7_0630400	0.07495405229281045
PF3D7_0630500	-0.07303217884973905
PF3D7_0630600	0.1004482642741054
PF3D7_0630700	-0.006178586542530682
PF3D7_0630800	0.04048817216945502
PF3D7_0630900	-0.05434575304571401
PF3D7_0631000	0.03420905229019608
PF3D7_0631100	0.0
PF3D7_0632400	0.0
PF3D7_0632500	-0.005149097905957587
PF3D7_0632700	0.003122208115860253
PF3D7_0632800	-0.022743580619551416
PF3D7_0500100	0.01678792824534725
PF3D7_0500800	-0.3347075537853294
PF3D7_0500900	0.1636773778186486
PF3D7_0501000	-0.2548435396506418
PF3D7_0501100.1	-0.00029153148069779476
PF3D7_0501100.2	0.0
PF3D7_0501200	-0.11874572992157803
PF3D7_0501300	-0.33688815638105984
PF3D7_0501400	-0.19000083752619545
PF3D7_0501500	0.6344011437106315
PF3D7_0501600	0.627392539613072
PF3D7_0501700	0.006535947712418301
PF3D7_0501800	0.18402687022116893
PF3D7_0501900	0.006717541615074998
PF3D7_0502000	0.07730958875047726
PF3D7_0502100	0.03805508981101237
PF3D7_0502200	0.21127169960504066
PF3D7_0502300	0.00130718954248366
PF3D7_0502400	-0.02961133975252739
PF3D7_0502500	0.00130718954248366
PF3D7_0502600	0.010015516998166173
PF3D7_0502700	-0.011950174567028729
PF3D7_0502800	-0.0007993605115907274
PF3D7_0502900	0.008607794118954248
PF3D7_0503000	0.1563879529510885
PF3D7_0503100	-0.000947876519189355
PF3D7_0503200	0.11747454921528189
PF3D7_0503300	-0.009730377580363943
PF3D7_0503400	0.9333224379764893
PF3D7_0503500	0.0211313302299337
PF3D7_0503600	0.162897462204862
PF3D7_0503800	-0.4775901384003386
PF3D7_0503900	-0.004363567969154088
PF3D7_0504000	0.01738157027576997
PF3D7_0504100	0.003122208115860253
PF3D7_0504200	0.17976719403092117
PF3D7_0504300	0.00130718954248366
PF3D7_0504400	0.02051356362099967
PF3D7_0504500	0.0
PF3D7_0504600	0.03446005348792966
PF3D7_0504700	-0.0030563784266704275
PF3D7_0504800	1.074272147843551
PF3D7_0504900	0.16719697964169838
PF3D7_0505000	-0.08805939331876618
PF3D7_0505100	0.47151024807581704
PF3D7_0505200	0.004429397658343913
PF3D7_0505300	0.009658155828278553
PF3D7_0505400	0.18945070486091128
PF3D7_0505500	0.09458566794451498
PF3D7_0505600	-0.03540686968210843
PF3D7_0505700	0.014083381528471342
PF3D7_0505800	-0.00036676541120045196
PF3D7_0505900	-0.005887055061832887
PF3D7_0506000	-0.0275138967636338
PF3D7_0506100	-0.011849344054168428
PF3D7_0506200	-0.004655099449851883
PF3D7_0506300	-0.028776413583815302
PF3D7_0506400	0.00130718954248366
PF3D7_0506500	0.24840630034280342
PF3D7_0506700	0.0938711439201674
PF3D7_0506800	-0.030591023325678285
PF3D7_0506900	1.0647628155777307
PF3D7_0507000	0.01670193257158979
PF3D7_0507100	-0.5805489945519255
PF3D7_0507200	0.717317870136164
PF3D7_0507300	0.0996263437751634
PF3D7_0507400	0.05152505307450981
PF3D7_0507500	0.22067262210409552
PF3D7_0507600	0.03727357631774111
PF3D7_0507700	-0.004148430198692807
PF3D7_0507800	0.24766448559345466
PF3D7_0507900	-0.00029153148069779476
PF3D7_0508000	0.07186072118906286
PF3D7_0508100	1.3489773578856634
PF3D7_0508200	0.011730002234814501
PF3D7_0508300	-0.006138353435698499
PF3D7_0508400	0.00392156862745098
PF3D7_0508500	0.7680623284680679
PF3D7_0508600	0.18788888091932102
PF3D7_0508700	0.09975726359436685
PF3D7_0508800	0.011764705882352941
PF3D7_0508900	2.345395439901547
PF3D7_0509000	0.016194103540696853
PF3D7_0509100	0.45127150838450175
PF3D7_0509200	0.003630037146753185
PF3D7_0509300	-0.0034889735270607044
PF3D7_0509400	-0.13323210740056424
PF3D7_0509500	0.033515754574627354
PF3D7_0509600	-0.019194056519490292
PF3D7_0509700	0.0
PF3D7_0509800	0.304796167274397
PF3D7_0509900	0.010965345370762214
PF3D7_0510000	0.05132023240935722
PF3D7_0510100	1.0433974685193022
PF3D7_0510200	0.05207323600255795
PF3D7_0510400	-0.004796163069544364
PF3D7_0510500	0.05681975484311845
PF3D7_0510700	0.0
PF3D7_0510800	0.0
PF3D7_0511000	-0.0194812183206282
PF3D7_0511100	-0.002398081534772182
PF3D7_0511200	0.4967333606348709
PF3D7_0511300	-0.008364542485258853
PF3D7_0511400	-0.0007993605115907274
PF3D7_0511500	0.3666075925292427
PF3D7_0511600	0.7973311199929844
PF3D7_0511700	0.02603385327163211
PF3D7_0511800	0.37488916690363483
PF3D7_0511900	-0.005670757511637748
PF3D7_0512000	-0.03426528001666431
PF3D7_0512100	-0.00015046786100531354
PF3D7_0512200	-0.008285136596605068
PF3D7_0512300	-0.004072036488456294
PF3D7_0512400	-0.002398081534772182
PF3D7_0512500	0.06798328937525745
PF3D7_0512600	0.03881063960988386
PF3D7_0512700	-0.02158273381294964
PF3D7_0512800	-0.011477346359806271
PF3D7_0512900	0.00896680996611652
PF3D7_0513000	-0.0034889735270607044
PF3D7_0513100	0.09879442729789815
PF3D7_0513200	0.30520493485887057
PF3D7_0513300	-0.006977947054121409
PF3D7_0513400	-0.0031974420463629096
PF3D7_0513500	-0.01598721023181455
PF3D7_0513600	0.09584303783207787
PF3D7_0513700	-0.0015987210231814548
PF3D7_0513800	0.03436547231802323
PF3D7_0513900	0.0023228476042695253
PF3D7_0514000	0.005736587200827574
PF3D7_0514100	0.20232553899463016
PF3D7_0514200	0.0695748262618705
PF3D7_0514300	0.03611090721051394
PF3D7_0514500	0.0005078290308929326
PF3D7_0514600	-0.002398081534772182
PF3D7_0514700	0.00261437908496732
PF3D7_0514800	0.0016662053896459306
PF3D7_0514900	0.006848338389852826
PF3D7_0515000	0.011258234352602623
PF3D7_0515100	0.010131281211633047
PF3D7_0515200	0.01437908496732026
PF3D7_0515300	0.3662505277251422
PF3D7_0515400	0.5088593306748577
PF3D7_0515500	0.008350966285794894
PF3D7_0515600	0.00392156862745098
PF3D7_0515700	0.8152595790575163
PF3D7_0515800	0.0011567216814783472
PF3D7_0515900	0.08345190883372361
PF3D7_0516000	0.003732225160756098
PF3D7_0516100	0.016958463228617108
PF3D7_0516200	-0.004288334038651432
PF3D7_0516300	-0.017912463559364274
PF3D7_0516400	0.028795122611717686
PF3D7_0516600	0.20021165926922463
PF3D7_0516700	0.27563880243836925
PF3D7_0516800	0.4247727026923496
PF3D7_0516900	-1.2463680214606385
PF3D7_0517000	-0.28411927415576244
PF3D7_0517100	-0.023181454836131096
PF3D7_0517200	-0.011266281092772841
PF3D7_0517300	0.0014826885583768268
PF3D7_0517400	0.11939622385560729
PF3D7_0517500	0.012413598532938355
PF3D7_0517600	0.010965345370762214
PF3D7_0517700	-0.05340367423715616
PF3D7_0517800	0.0
PF3D7_0517900	0.5314526812033102
PF3D7_0518000	0.1146160932481591
PF3D7_0518100	0.01351137748566323
PF3D7_0518200	0.12000673831455305
PF3D7_0518300	0.013071895424836602
PF3D7_0518400	0.0
PF3D7_0518500	-0.009606071729186066
PF3D7_0518600	0.16223720032143696
PF3D7_0518700	0.01328819297503174
PF3D7_0518900	-0.0007993605115907274
PF3D7_0519000	-0.0022167848082475187
PF3D7_0519100	0.009658155828278553
PF3D7_0519200	0.0703738895973292
PF3D7_0519300	-0.005087694550242159
PF3D7_0519400	-0.09178840798567733
PF3D7_0519500	0.05642878615633609
PF3D7_0519600	0.025055147886923396
PF3D7_0519700	0.02358778906598956
PF3D7_0519800	-0.016270497250933373
PF3D7_0519900	0.0009404241312832087
PF3D7_0520000	-0.3711243882511026
PF3D7_0520100	-0.026916197277763676
PF3D7_0520200	-0.005413929678478394
PF3D7_0520300	-0.017369633704800862
PF3D7_0520400	0.00522875816993464
PF3D7_0520500	0.013977615908581369
PF3D7_0520600	-0.04801699581831006
PF3D7_0520700	-0.03673422520836037
PF3D7_0520800	0.12024743865012459
PF3D7_0520900	0.09074476384615601
PF3D7_0521000	-0.186612010890055
PF3D7_0521100	0.000432595100390276
PF3D7_0521200	0.0019560821930690742
PF3D7_0521300	-0.1112610228321061
PF3D7_0521400	0.0045062862661212205
PF3D7_0521500	-0.004835038675233931
PF3D7_0521600	0.00130718954248366
PF3D7_0521700	-0.014755254619833544
PF3D7_0521800	0.01699346405228758
PF3D7_0521900	-0.022940056195138007
PF3D7_0522000	-0.01148122114182536
PF3D7_0522100	0.189336766969455
PF3D7_0522200	-0.07239971206724033
PF3D7_0522300	-0.04269263941867683
PF3D7_0522400	2.6596997086835663
PF3D7_0522500	0.04510499036588141
PF3D7_0522600	0.3866539156269713
PF3D7_0522700	0.004429397658343913
PF3D7_0522800	-0.012573470635256502
PF3D7_0522900	0.008350966285794894
PF3D7_0523000	-0.028079112706709937
PF3D7_0523100	-0.001532891333991631
PF3D7_0523200	0.02337894390370057
PF3D7_0523300	0.10776540922216579
PF3D7_0523400	0.30351321207205534
PF3D7_0523500	0.00261437908496732
PF3D7_0523600	0.004429397658343913
PF3D7_0523700	0.011579534373809187
PF3D7_0523800	0.00747637184370151
PF3D7_0523900	0.2381347687031551
PF3D7_0524000	-0.04269068815928903
PF3D7_0524100	0.0432703995669817
PF3D7_0524200	0.0
PF3D7_0524300	-0.029132982086011193
PF3D7_0524400	-0.0033170810418488746
PF3D7_0524500	0.00424422614980016
PF3D7_0524600	0.018009122114073448
PF3D7_0524800	0.01543110135391922
PF3D7_0524900	-0.04267277061104058
PF3D7_0525000	-0.020008251870983214
PF3D7_0525100	0.07521643851005784
PF3D7_0525200	0.6118865570261814
PF3D7_0525300	0.05435942810588235
PF3D7_0525400	0.0872262900299243
PF3D7_0525500	-0.04422079396106644
PF3D7_0525600	0.02381736563951662
PF3D7_0525700	0.00784313725490196
PF3D7_0525800	0.5018526459010015
PF3D7_0525900	0.00392156862745098
PF3D7_0526000	-0.0011258928159589973
PF3D7_0526100	-0.0026896130154699773
PF3D7_0526200.1	0.05403319297764612
PF3D7_0526200.2	0.008059434805097097
PF3D7_0526300	0.05334019243820943
PF3D7_0526400	0.013071895424836602
PF3D7_0526500	-0.023398489458531985
PF3D7_0526600	0.018861726504490528
PF3D7_0526700	0.01942820108800489
PF3D7_0526800	-0.07268557942230686
PF3D7_0526900	-0.005529693891945268
PF3D7_0527000	0.3015604314194291
PF3D7_0527100	0.0
PF3D7_0527200	0.1153419247669159
PF3D7_0527300	0.0015234870926787982
PF3D7_0527400	-0.021062785538458646
PF3D7_0527500	-0.03261506865263554
PF3D7_0527600	0.16904107579671793
PF3D7_0527900	-0.016570273193210135
PF3D7_0528000	0.05374914280964875
PF3D7_0528100	0.04047519032225513
PF3D7_0528200	0.005765790313866551
PF3D7_0528300	0.09816305556470589
PF3D7_0528400	0.24656953023267975
PF3D7_0528500	0.05218929739215686
PF3D7_0528600	-0.03231830488877604
PF3D7_0528700	-0.0007993605115907274
PF3D7_0528800	-0.01689680549757841
PF3D7_0528900	0.00261437908496732
PF3D7_0529000	0.11407062058132315
PF3D7_0529100	-0.000909595265763858
PF3D7_0529200	0.01892066923324399
PF3D7_0529300	0.004861992758734188
PF3D7_0529400.2	0.00130718954248366
PF3D7_0529400.1	0.19775889183420323
PF3D7_0529500	-0.005595523581135092
PF3D7_0529700	0.00685860523476748
PF3D7_0529800	0.5141727794192222
PF3D7_0529900	0.29577418291164714
PF3D7_0530000	0.000520245450623031
PF3D7_0530100	0.009150326797385621
PF3D7_0530200	0.04263690718376828
PF3D7_0530300	0.4597918102926788
PF3D7_0530400	0.013108253749649693
PF3D7_0530500	-0.0005830629613955895
PF3D7_0530600	-0.006761649503926271
PF3D7_0530700	-0.02453304944359806
PF3D7_0530750	0.0
PF3D7_0530800	0.013579724455729534
PF3D7_0530900	0.8250033928336297
PF3D7_0531000	0.13793130203601825
PF3D7_0531100	0.5879982980730616
PF3D7_0531200	-0.0017491888841867677
PF3D7_0531300	0.10892017905023746
PF3D7_0531400	0.0004744828844971058
PF3D7_0532100	-0.8940364722143884
PF3D7_0532200	0.06529231885864485
PF3D7_0532300	-0.3355976384572718
PF3D7_0532400	-0.05626075340436355
PF3D7_0532500	-0.018963928394507924
PF3D7_0532600	-0.04041101590435886
PF3D7_0400100	0.008899028423520007
PF3D7_0400300	0.0005078290308929326
PF3D7_0400400	-0.0035110451023181452
PF3D7_0400900	-0.0012669564356514787
PF3D7_0401600.1	-0.24102507952852775
PF3D7_0401600.2	-0.021678332042648234
PF3D7_0401800	0.12159030824020314
PF3D7_0401900	0.0
PF3D7_0402000	-0.13564799724639112
PF3D7_0402100	-0.11148318977271829
PF3D7_0402300	0.39452828202634127
PF3D7_0402400	0.06794140159115061
PF3D7_0403100	0.020911455073851504
PF3D7_0403200	-0.004294726101546999
PF3D7_0403300	-0.003865143179573989
PF3D7_0403400	0.02068778206683594
PF3D7_0403500	0.004817884869882914
PF3D7_0403600	0.10089544789267879
PF3D7_0403700	-0.04351302734487236
PF3D7_0403800	0.3110240850720835
PF3D7_0403900	0.5528541437090609
PF3D7_0404000	0.1344439542614379
PF3D7_0404100	0.11065771466357267
PF3D7_0404200	0.00261437908496732
PF3D7_0404300	0.26845703732444626
PF3D7_0404400	0.004429397658343913
PF3D7_0404500	0.009150326797385621
PF3D7_0404600	0.09225217310129308
PF3D7_0404700	2.4662345640866223
PF3D7_0404800	0.08142059271015188
PF3D7_0404900	0.19587446596574973
PF3D7_0405000	0.13438311752886628
PF3D7_0405100	0.04608011814470306
PF3D7_0405200	0.5328311901187662
PF3D7_0405300	0.1012736104097146
PF3D7_0405400	0.04821727799201578
PF3D7_0405500	-0.015479381200921615
PF3D7_0405600	-0.004288334038651432
PF3D7_0405700	0.000865190200780552
PF3D7_0405800	0.0010156580617858653
PF3D7_0405900	1.3629924223385623
PF3D7_0406000	0.3626645316096958
PF3D7_0406100	0.035934306264475496
PF3D7_0406200	0.003122208115860253
PF3D7_0406400	0.19008518063804955
PF3D7_0406500	0.8730581686218462
PF3D7_0406600	-0.0015987210231814548
PF3D7_0406700	0.1929108013758593
PF3D7_0406800	0.0014482531621761415
PF3D7_0406900	0.007990027510020219
PF3D7_0407000	-0.00450850637086566
PF3D7_0407100	-0.010501921404852588
PF3D7_0407200	-0.029786343870879764
PF3D7_0407300	-0.06084176482743217
PF3D7_0407400	-0.005595523581135092
PF3D7_0407500	-0.00029153148069779476
PF3D7_0407600	0.011764705882352941
PF3D7_0407700	1.540513810700569
PF3D7_0407800	1.4496782059998683
PF3D7_0407900	0.18676229980358303
PF3D7_0408000	0.03688914027403019
PF3D7_0408100	0.1600179900978417
PF3D7_0408200	0.020845625384661684
PF3D7_0408300	0.14079843360259559
PF3D7_0408400	0.0067172444389429625
PF3D7_0408500	0.16117459098899703
PF3D7_0408600	0.00392156862745098
PF3D7_0408700	0.04909596628840927
PF3D7_0408900.2	0.0005078290308929326
PF3D7_0408900.1	0.0
PF3D7_0409000	0.046960242046090186
PF3D7_0409100	-0.028926357028466645
PF3D7_0409200	-0.06767205847755678
PF3D7_0409300	-0.045587788241886494
PF3D7_0409400	-0.01285976983279259
PF3D7_0409500	0.08796423913219542
PF3D7_0409600	0.12365960844106832
PF3D7_0409700	0.08152112604688015
PF3D7_0409800	0.4376359030258429
PF3D7_0409900	0.01568627450980392
PF3D7_0410000	0.12126988955402271
PF3D7_0410300	0.031090747881149197
PF3D7_0410400	0.0010156580617858653
PF3D7_0410500	0.00261437908496732
PF3D7_0410600	0.018190716016730148
PF3D7_0410700	0.6927542535031269
PF3D7_0410800	0.5797306426183383
PF3D7_0410900	-0.0438683678982085
PF3D7_0411000	-0.03599304427664457
PF3D7_0411100	-0.00029153148069779476
PF3D7_0411200	-0.02369008981671133
PF3D7_0411300	0.000216297550195138
PF3D7_0411400	-0.040510855434099775
PF3D7_0411700	0.0
PF3D7_0411800	0.12462333911405464
PF3D7_0411900	0.3733432585332957
PF3D7_0412000	0.04749724526522782
PF3D7_0412100	0.0017397846428739367
PF3D7_0412200	-0.0007993605115907274
PF3D7_0412300	0.02327811339084027
PF3D7_0412400	-0.03138185423711854
PF3D7_0412700	-0.028354189383693044
PF3D7_0412900	-0.006708487148681055
PF3D7_0413100	-0.002066316947242206
PF3D7_0413300	0.0
PF3D7_0413500	0.19114595890740582
PF3D7_0413600	0.3592245614803498
PF3D7_0413700	0.09557244899418818
PF3D7_0413800	0.02683904041864861
PF3D7_0413900	0.2586447367918277
PF3D7_0414000	0.10502519280174918
PF3D7_0414100	-0.003381256053764048
PF3D7_0414200.1	0.0
PF3D7_0414200.2	0.0
PF3D7_0414300	-0.05478222292812339
PF3D7_0414400	-0.0007993605115907274
PF3D7_0414500	0.00130718954248366
PF3D7_0414600	0.17449000629886677
PF3D7_0414700	0.16701005684927822
PF3D7_0414800	0.08445034315424838
PF3D7_0414900	0.06373187908888889
PF3D7_0415000	0.0038463346969483236
PF3D7_0415100	-0.04428612815869658
PF3D7_0415200	0.06060967571410167
PF3D7_0415300	-0.12997370888973528
PF3D7_0415400	0.048976030116791275
PF3D7_0415500	0.006491839823567026
PF3D7_0415600	-0.008752732520665819
PF3D7_0415700	0.07593500670705788
PF3D7_0415800	0.1447012035894108
PF3D7_0415900	-0.425899922557126
PF3D7_0416000	0.4229645763268162
PF3D7_0416100	0.4379337191010392
PF3D7_0416200	0.08562059018077772
PF3D7_0416300	0.1346446827476466
PF3D7_0416400	0.5177215340616166
PF3D7_0416500	0.5589333522830207
PF3D7_0416600	0.010611293555423895
PF3D7_0416700	0.0333344578481027
PF3D7_0416800	0.045541191996953036
PF3D7_0416900	-0.017783804158743588
PF3D7_0417000	0.00392156862745098
PF3D7_0417100	0.0
PF3D7_0417200	0.0764538946565383
PF3D7_0417300	-0.04409125582672686
PF3D7_0417400	0.41775417881463306
PF3D7_0417500.1	0.03540047761921286
PF3D7_0417600	0.06969059047533738
PF3D7_0417700	0.039281395173376595
PF3D7_0417800	0.01464199381122866
PF3D7_0417900	0.0018150185733765926
PF3D7_0418000	0.23292765171319885
PF3D7_0418100	-0.03371837706465416
PF3D7_0418200	-0.007561010015516998
PF3D7_0418300	0.7039716719990501
PF3D7_0418400	-0.014680020689330888
PF3D7_0418500	-0.0002257017915079703
PF3D7_0418600	0.49176902538596884
PF3D7_0418700	-0.018120487723186154
PF3D7_0418900	-7.523393050265677e-05
PF3D7_0419000	0.008316262638256454
PF3D7_0419100	0.0018150185733765926
PF3D7_0419200	0.0
PF3D7_0419300	0.1699217940503691
PF3D7_0419400	0.4646457652813937
PF3D7_0419500	0.05262189249254714
PF3D7_0419600	0.14441238426418398
PF3D7_0419700	0.6876081905871443
PF3D7_0419800	0.0016733895262143195
PF3D7_0419900	1.1285244495924953
PF3D7_0420000	0.14377579810480087
PF3D7_0420100	0.0021282718544129407
PF3D7_0420200	0.0005078290308929326
PF3D7_0420300	0.42572355446960075
PF3D7_0420400	0.005054051227714299
PF3D7_0420500	0.04524933441532891
PF3D7_0420600	0.3742904979400291
PF3D7_0420700	-0.014553236302957635
PF3D7_0420900	-0.004755929962712183
PF3D7_0421100	-0.019987021506277333
PF3D7_0421200	-0.003665037970423661
PF3D7_0421300	-0.05406371180340433
PF3D7_0421700	0.009880280013899468
PF3D7_0421900	0.00261437908496732
PF3D7_0422000	-0.001090891992288522
PF3D7_0422100	-0.010324202284214982
PF3D7_0422200	0.19282503934427986
PF3D7_0422300	0.00130718954248366
PF3D7_0422400	-0.7292544114514224
PF3D7_0422500	0.023340958368646303
PF3D7_0422700	-0.001859423638359902
PF3D7_0422800	0.06427994122661401
PF3D7_0422900	0.022772533389486056
PF3D7_0423000	0.037873793084487704
PF3D7_0423100	0.0005951122690835697
PF3D7_0423200	0.011905769502045423
PF3D7_0423300	0.4461572221503268
PF3D7_0423400	0.23337379492941177
PF3D7_0423500	0.5886141864335074
PF3D7_0423600	0.18366406589851883
PF3D7_0423700	0.8095577368842148
PF3D7_0423800	0.048296605776818546
PF3D7_0423900	0.012745660296600368
PF3D7_0424000	-0.13136792500724126
PF3D7_0424100	0.2338034853184746
PF3D7_0424200	0.1532923114882776
PF3D7_0424400	0.0784335007882353
PF3D7_0424500	-0.15645033283516246
PF3D7_0424600	-0.13215501882505287
PF3D7_0424700	-0.2151396295048667
PF3D7_0424800	-0.002398081534772182
PF3D7_0424900	-0.010859282574740208
PF3D7_0425100	-0.01179447442286171
PF3D7_0425200	-0.0007993605115907274
PF3D7_0425400	-0.0031974420463629096
PF3D7_0425500	-0.0007946370019842946
PF3D7_0425800	0.0005480621377251141
PF3D7_0425900	0.055305678872591336
PF3D7_0426000	-0.0041343411705459165
PF3D7_0300100	0.016957657279729157
PF3D7_0300200	0.00261437908496732
PF3D7_0300800	0.0
PF3D7_0300900	-0.0063364894543188974
PF3D7_0301000	-0.0007993605115907274
PF3D7_0301100	-0.0007993605115907274
PF3D7_0301200	0.015867571236328586
PF3D7_0301300	0.01034728158569615
PF3D7_0301400	-0.014131958551605775
PF3D7_0301500	0.00130718954248366
PF3D7_0301600	-0.03699105304151973
PF3D7_0301700	-0.01910253138723844
PF3D7_0301800	-0.007154011497484365
PF3D7_0301900	-0.003956569451121456
PF3D7_0302000	-0.011310686157756149
PF3D7_0302100	-0.039788552920919734
PF3D7_0302200	0.13917479728008653
PF3D7_0302500	3.607637378985922
PF3D7_0302600	0.05932880015066534
PF3D7_0302700	0.02553185087616495
PF3D7_0302800	0.011473174401655148
PF3D7_0302900	0.032888880900512535
PF3D7_0303000	0.021318750768016176
PF3D7_0303100	0.2997470627822542
PF3D7_0303200	1.6910772703528945
PF3D7_0303300	-0.0031974420463629096
PF3D7_0303400	0.06013071895424837
PF3D7_0303500	0.25612176158970235
PF3D7_0303600	-0.00029153148069779476
PF3D7_0303700	0.15330240033617343
PF3D7_0303800	0.03206750141245122
PF3D7_0303900	0.0
PF3D7_0304000	0.003122208115860253
PF3D7_0304100	0.21043420161176468
PF3D7_0304200	0.04980458686058212
PF3D7_0304300	0.03858839463393991
PF3D7_0304400.1	-0.14959379216761182
PF3D7_0304500	-0.017545698148163823
PF3D7_0304600	-0.001382423472986317
PF3D7_0304700	-7.523393050265677e-05
PF3D7_0304800	0.07457623495819814
PF3D7_0304900	0.0015234870926787982
PF3D7_0305000	0.08766125969124935
PF3D7_0305100	0.16980175758287486
PF3D7_0305200	0.72484402819479
PF3D7_0305300	0.03330789980143885
PF3D7_0305400	0.009115623149847181
PF3D7_0305500	0.7466188537704987
PF3D7_0305600	0.42044216475714485
PF3D7_0305700	0.23954085373248696
PF3D7_0305800	0.00261437908496732
PF3D7_0305900	0.00784313725490196
PF3D7_0306000	0.00261437908496732
PF3D7_0306100	0.0321278016423473
PF3D7_0306200	-0.023764517797526682
PF3D7_0306300	-0.0014576574034889734
PF3D7_0306400	0.035259413999520386
PF3D7_0306500	0.0407391733671886
PF3D7_0306600	0.00392156862745098
PF3D7_0306700	-0.027499557415291295
PF3D7_0306800	-0.2954642072380872
PF3D7_0306900	-0.7752927626737012
PF3D7_0307100	-0.039997794120045144
PF3D7_0307200	-0.4830324605926929
PF3D7_0307300	0.012312768020078056
PF3D7_0307400	0.2731887778646824
PF3D7_0307500	0.03177044047245968
PF3D7_0307600	0.12432538664566702
PF3D7_0307700	0.722305575881121
PF3D7_0307800	0.024761367376686882
PF3D7_0307900	-0.029139515810419903
PF3D7_0308000	0.07605183124553534
PF3D7_0308100	1.0453901858958952
PF3D7_0308200	-0.004716262283349801
PF3D7_0308300	0.16073676360544503
PF3D7_0308500	-0.0453835538753938
PF3D7_0308600	-0.015263083650726476
PF3D7_0308700	0.3013394594243476
PF3D7_0308800	0.00130718954248366
PF3D7_0308900	-0.09458675138718199
PF3D7_0309000	-0.008868199558000658
PF3D7_0309100	0.0
PF3D7_0309200	0.4625852596948982
PF3D7_0309300	0.00482728911119575
PF3D7_0309500	-0.024995115908365072
PF3D7_0309600	-0.7265215186034513
PF3D7_0309700	-0.009955782195739879
PF3D7_0309800	-0.0007993605115907274
PF3D7_0309900	0.03918876111580383
PF3D7_0310000	0.03166050289441858
PF3D7_0310100	-0.00029153148069779476
PF3D7_0310200	-0.28941962355847084
PF3D7_0310300	-0.0514990823849344
PF3D7_0310400	0.439967957046598
PF3D7_0310500	-0.024309766072262193
PF3D7_0310600.1	0.0023228476042695253
PF3D7_0310700	0.004645695208539051
PF3D7_0310800	0.00130718954248366
PF3D7_0310900	0.04411820931620821
PF3D7_0311100	-0.002443815176103821
PF3D7_0311200	0.00016866006174824644
PF3D7_0311300	0.5043218931426435
PF3D7_0311400	0.12051124590457515
PF3D7_0311600	-0.001166125922791179
PF3D7_0311700	0.0020718464065359477
PF3D7_0311800	0.052558014656764
PF3D7_0311900	0.0023228476042695253
PF3D7_0312000	0.002287846780599051
PF3D7_0312100	0.024761367376686882
PF3D7_0312200	0.11137601460923498
PF3D7_0312300	0.051858890305769505
PF3D7_0312400	0.15670496022382094
PF3D7_0312500	0.004103162530107679
PF3D7_0312800	-0.8000944034541685
PF3D7_0312900	-0.005223525886772934
PF3D7_0313000	0.02286336530876945
PF3D7_0313100	0.019001121570893884
PF3D7_0313200	0.006535947712418301
PF3D7_0313300	-0.0007993605115907274
PF3D7_0313400	-0.1343273985683171
PF3D7_0313500	-0.008355138243946018
PF3D7_0313600	0.024253538345793954
PF3D7_0313700.1	-0.00029153148069779476
PF3D7_0313800	0.03979993734641464
PF3D7_0313900	0.0030469741853575965
PF3D7_0314000	0.16990469109943104
PF3D7_0314100.1	0.003122208115860253
PF3D7_0314200	0.03587360300256735
PF3D7_0314300	-0.004473802723327222
PF3D7_0314400	-0.0007993605115907274
PF3D7_0314500	-0.0038557389382611563
PF3D7_0314600	-0.004587615083387411
PF3D7_0314700	-0.001090891992288522
PF3D7_0314800	0.37418067010540274
PF3D7_0314900	0.27569088797263364
PF3D7_0315000	0.0024694406832557487
PF3D7_0315100	0.0015234870926787982
PF3D7_0315200	0.0009809544142474255
PF3D7_0315300	0.04352502697091268
PF3D7_0315400	0.02768275514080971
PF3D7_0315500	0.004137866177646119
PF3D7_0315600	0.00261437908496732
PF3D7_0315700	-0.002764846945972634
PF3D7_0315800	0.003263271735552733
PF3D7_0315900	0.00392156862745098
PF3D7_0316000	0.12659117815102272
PF3D7_0316100	0.013545020808191095
PF3D7_0316200	0.4824896549998966
PF3D7_0316300.2	0.15114189126068556
PF3D7_0316400	0.04372341562048244
PF3D7_0316500	0.107762565840363
PF3D7_0316600	-0.0009845320201344807
PF3D7_0316700	0.05479755266556637
PF3D7_0316800	-0.28336397818401277
PF3D7_0316900	0.060019452799858944
PF3D7_0317000	0.014193913458776509
PF3D7_0317100	0.0015234870926787982
PF3D7_0317200	0.7607594281595336
PF3D7_0317300	0.9169949430297173
PF3D7_0317400	0.05662064690390746
PF3D7_0317500	0.22012196502026615
PF3D7_0317600	-0.043094108477415724
PF3D7_0317700	0.09923282710409556
PF3D7_0317800	-0.046460728006705226
PF3D7_0317900	-0.003272675976865567
PF3D7_0318000	-0.002398081534772182
PF3D7_0318100	-0.04196900832914845
PF3D7_0318200	0.03309614831661259
PF3D7_0318300	0.05725983813704802
PF3D7_0318400	-0.001166125922791179
PF3D7_0318500	0.7712989443732449
PF3D7_0318600	-0.00658750798917572
PF3D7_0318700	0.04957491830718954
PF3D7_0318800	0.00261437908496732
PF3D7_0318900	0.10660485376978418
PF3D7_0319000	0.4195640677472986
PF3D7_0319100	0.00261437908496732
PF3D7_0319200	-0.032667718179197815
PF3D7_0319300	0.0
PF3D7_0319400	0.17616295367490475
PF3D7_0319500	-0.06182187051409226
PF3D7_0319600	-0.040219323953401984
PF3D7_0319700	-0.00987130346800208
PF3D7_0319800	0.027889402127972918
PF3D7_0319900	0.012488832463441011
PF3D7_0320000	0.0976534130064795
PF3D7_0320100	0.027130274723214366
PF3D7_0320200	-0.00728984283401514
PF3D7_0320300	0.0014482531621761415
PF3D7_0320400	0.00130718954248366
PF3D7_0320500	0.11536923956130155
PF3D7_0320600	0.015103211548408333
PF3D7_0320700	0.05802029411815489
PF3D7_0320800	0.04328414515707904
PF3D7_0320900	0.9332751122961019
PF3D7_0321000	-0.020863344617482488
PF3D7_0321100	1.0132581690791742
PF3D7_0321200	0.010131281211633047
PF3D7_0321300	0.07934874630361594
PF3D7_0321400	0.17420430145359478
PF3D7_0321500	0.106195565211097
PF3D7_0321600	0.1614505944168242
PF3D7_0321700	0.4075503314582405
PF3D7_0321800	0.4654070730700899
PF3D7_0321900	0.11238115321756711
PF3D7_0322000	-0.1669231066157615
PF3D7_0322100	-0.025222175201015655
PF3D7_0322200	0.020080968520609394
PF3D7_0322300	0.09721322719210986
PF3D7_0322400	-0.06310507594470305
PF3D7_0322500	0.05843566547728404
PF3D7_0322600	-0.00040146905873889114
PF3D7_0322700	0.05395386876115106
PF3D7_0322800	0.00130718954248366
PF3D7_0322900	-0.5580399419243993
PF3D7_0323000	-0.0062538204730333375
PF3D7_0323100	0.10080387890118964
PF3D7_0323200	0.11327169627653172
PF3D7_0323300	0.00522875816993464
PF3D7_0323400	0.2309411098591715
PF3D7_0323500	0.0007531580493910783
PF3D7_0323600	-0.02165273546029059
PF3D7_0323700	0.08892424473827994
PF3D7_0323800	0.008603919336935155
PF3D7_0324100	-0.0007993605115907274
PF3D7_0324800	0.005993415033986928
PF3D7_0324900	0.027626238885832512
PF3D7_0200100	-0.007451160297926364
PF3D7_0201500	0.019619962380852965
PF3D7_0201600	-0.11112150633554334
PF3D7_0201700	-0.08344975925890816
PF3D7_0201800	-0.09757261074533315
PF3D7_0201900	-0.1563737049803639
PF3D7_0202000	-2.2276862175283965
PF3D7_0202100	0.010900364409159731
PF3D7_0202200	-0.0031974420463629096
PF3D7_0202300	-0.006686415573423614
PF3D7_0202400	-0.29767796204845065
PF3D7_0202500	-0.5260226286782904
PF3D7_0202600.1	0.0005078290308929326
PF3D7_0202600.2	-0.0007993605115907274
PF3D7_0202700	0.019824140687450042
PF3D7_0202800	0.029488123151154372
PF3D7_0202900	0.026143790849673203
PF3D7_0203000	0.6360339999686745
PF3D7_0203100	0.4041525536486669
PF3D7_0203200	-0.012223859029407064
PF3D7_0203300	0.06889841410031504
PF3D7_0203400	0.05560826927187661
PF3D7_0203600	0.014817506703136314
PF3D7_0203700	-0.0676838805450228
PF3D7_0203800	0.000216297550195138
PF3D7_0203900	-0.009119497931866269
PF3D7_0204000	0.00857249611915174
PF3D7_0204100	1.3627120499649223
PF3D7_0204200	-0.0034572748464757608
PF3D7_0204300	-0.005498865026425919
PF3D7_0204400	0.00130718954248366
PF3D7_0204500	-0.03546978605358537
PF3D7_0204600	0.0025041443307941887
PF3D7_0204700	0.027294714820520052
PF3D7_0204800	-0.003343483573893826
PF3D7_0204900	0.0386345751665209
PF3D7_0205000	0.005193757346264164
PF3D7_0205100	-0.007913138902242912
PF3D7_0205200	0.0018150185733765926
PF3D7_0205300	0.0021120795133681286
PF3D7_0205400	-0.027680854141815963
PF3D7_0205500	0.0
PF3D7_0205600	0.008241028707753797
PF3D7_0205700.1	-0.03302850309280103
PF3D7_0205700.2	0.0005078290308929326
PF3D7_0205800	0.04949385774126111
PF3D7_0205900	0.31878157804011853
PF3D7_0206000	0.11561020115434241
PF3D7_0206100	-0.002332251845582358
PF3D7_0206200	0.09755111559119763
PF3D7_0206500	0.00964129919905958
PF3D7_0206600	-0.00029153148069779476
PF3D7_0206700	0.23577957517380918
PF3D7_0206800	0.9201840279624394
PF3D7_0206900.2	0.0
PF3D7_0206900.1	0.02821563725620915
PF3D7_0207000	0.8633362941874358
PF3D7_0207100	0.6165836949739503
PF3D7_0207200	0.05236506465938778
PF3D7_0207300	0.00130718954248366
PF3D7_0207400	0.2888418714494475
PF3D7_0207500	0.3741960919190201
PF3D7_0207600	2.9219504684973807
PF3D7_0207700	0.4790571141058729
PF3D7_0207800	0.4357545694983871
PF3D7_0207900	0.021679689543790848
PF3D7_0208000	0.7556790012186486
PF3D7_0208100.1	0.3550295922180561
PF3D7_0208200	-0.0800561856461184
PF3D7_0208300	0.007728730542577701
PF3D7_0208400	0.6667832238949735
PF3D7_0208500	0.0018150185733765926
PF3D7_0208600	0.1101822483851507
PF3D7_0208700.2	0.04087636220486199
PF3D7_0208700.1	0.013504490525226879
PF3D7_0208800	-0.0030161453198382475
PF3D7_0208900	0.00261437908496732
PF3D7_0209000	-0.000759127404758546
PF3D7_0209100	0.02014679820979922
PF3D7_0209200	0.0014482531621761415
PF3D7_0209300	-0.011380390628965065
PF3D7_0209400	-0.0026896130154699773
PF3D7_0209500	0.036280898696732025
PF3D7_0209600	0.22985964278644846
PF3D7_0209700	-0.0026830232311656557
PF3D7_0209800	-0.011214027603046975
PF3D7_0210000	0.019024780175859315
PF3D7_0210100.2	-0.0007993605115907274
PF3D7_0210100.1	-0.2882797108842432
PF3D7_0210200	0.3750931797086848
PF3D7_0210300	0.00392156862745098
PF3D7_0210400	0.0033385056660553913
PF3D7_0210500	0.0009181369034748643
PF3D7_0210600	0.4155506462033103
PF3D7_0210700	0.04858813725751634
PF3D7_0210800	-0.006394884092725819
PF3D7_0210900	-0.20765996158861144
PF3D7_0211100	-0.0074857760850143415
PF3D7_0211200	0.06707786606764472
PF3D7_0211300	0.011981003432548078
PF3D7_0211400	0.005736587200827574
PF3D7_0211500	0.18850270281032583
PF3D7_0211600	0.10887157310230874
PF3D7_0211700	0.14128589833429256
PF3D7_0211800	-0.03849911153605115
PF3D7_0211900	0.08759654118148305
PF3D7_0212000	0.056000334089302675
PF3D7_0212100	0.2430517908282691
PF3D7_0212200	-0.012749535078619456
PF3D7_0212300	-0.04758440071791978
PF3D7_0212400	0.10574262450963468
PF3D7_0212500	0.22721169691804202
PF3D7_0212600	0.21125831536290965
PF3D7_0212700	-0.001965486434381907
PF3D7_0212800	0.006460713781915643
PF3D7_0212900	0.12885970699581512
PF3D7_0213000	0.025274725866873564
PF3D7_0213100	-0.13505323590948418
PF3D7_0213200	0.029046123809451256
PF3D7_0213300	0.004429397658343913
PF3D7_0213400	-0.003996802557953637
PF3D7_0213500	-0.013875427894578456
PF3D7_0213600	0.010393638504086141
PF3D7_0213700	-0.0015987210231814548
PF3D7_0213800	-0.003996802557953637
PF3D7_0213900	-0.04271300371787276
PF3D7_0214000	-0.1814971072869704
PF3D7_0214100	0.25102488789614896
PF3D7_0214200	0.00130718954248366
PF3D7_0214300	0.01482826844559176
PF3D7_0214400	-0.09215090257802229
PF3D7_0214500	-0.02074314019452673
PF3D7_0214600	0.44404893137206936
PF3D7_0214700	0.09619162170457515
PF3D7_0214800	0.059563089332073146
PF3D7_0214900	1.4251500464595193
PF3D7_0215000	0.05370695784940988
PF3D7_0215100	0.010965345370762214
PF3D7_0215200	0.00726007429350637
PF3D7_0215300	-0.039016839705797716
PF3D7_0215400	0.19029486872842433
PF3D7_0215500	0.04978734107536559
PF3D7_0215600	-0.008324012202294631
PF3D7_0215700	-0.019038356375323265
PF3D7_0215800	0.01270513001363615
PF3D7_0215900	0.009150326797385621
PF3D7_0216000	0.11055943035638312
PF3D7_0216100	0.012052362581031645
PF3D7_0216200	-0.09938190154398834
PF3D7_0216300	-0.027600387928151594
PF3D7_0216400	0.05565126598130436
PF3D7_0216500	0.1804581266677011
PF3D7_0216600	0.11409092703093054
PF3D7_0216700.1	0.05225287805180796
PF3D7_0216700.2	0.003122208115860253
PF3D7_0216800	0.3033711525032586
PF3D7_0216900	0.025526024240739173
PF3D7_0217000	0.019497905559213803
PF3D7_0217100	0.19273005620078995
PF3D7_0217200	0.026466448372022385
PF3D7_0217300	0.00392156862745098
PF3D7_0217400	0.016194103540696853
PF3D7_0217500	1.5486296994801996
PF3D7_0217600	0.09946474457269008
PF3D7_0217700	-0.0007993605115907274
PF3D7_0217800	-0.33603471711616123
PF3D7_0217900	0.02850687156077491
PF3D7_0218000	0.09115040486304604
PF3D7_0218100	0.575517407347449
PF3D7_0218200	0.021358686698716323
PF3D7_0218300	0.02495486892551841
PF3D7_0218400	-0.047916165305449766
PF3D7_0218500	0.0005736587200827568
PF3D7_0218600	0.05196804626642214
PF3D7_0218700	0.002124099896261819
PF3D7_0219100	-0.006937713947289228
PF3D7_0219200	-0.004796163069544364
PF3D7_0219300	0.008858795316687826
PF3D7_0219400.1	0.0005078290308929326
PF3D7_0219500	0.03268198759163023
PF3D7_0219600	0.049432228935016684
PF3D7_0219700	-0.05510537594203226
PF3D7_0219800	0.09597544494470307
PF3D7_0219900	0.001231955611981003
PF3D7_0220000	-0.1392470071407815
PF3D7_0220100	-0.09886854305380166
PF3D7_0220200	-0.09467183419614425
PF3D7_0220300	-0.001532891333991631
PF3D7_0220500	0.05186306226392063
PF3D7_0220600	-0.022200797598015704
PF3D7_0220700	-0.08958811269460668
PF3D7_0220800	1.4675836573764707
PF3D7_0221200	-0.0015987210231814548
PF3D7_0221700	-0.012458003597921662
PF3D7_0222100	0.0
PF3D7_0223100	-0.0007993605115907274
PF3D7_0223400	0.0018150185733765926
PF3D7_0223500	-0.0023201285468566323
PF3D7_0100100	0.016450634197724173
PF3D7_0100200	0.00522875816993464
PF3D7_0100300	-0.011286645391968777
PF3D7_0100400	0.01045751633986928
PF3D7_0100900	0.0
PF3D7_0101300	0.0
PF3D7_0102200	-0.15805356465240983
PF3D7_0102300	-0.0007993605115907274
PF3D7_0102500	0.43778314792535855
PF3D7_0102600	-0.009255329268397044
PF3D7_0102700	0.000432595100390276
PF3D7_0102800	0.003630037146753185
PF3D7_0102900	-0.004880801241359853
PF3D7_0103000	0.03137254901960784
PF3D7_0103100	0.17230023116960552
PF3D7_0103200	0.16382757742831616
PF3D7_0103300	0.025885040087901448
PF3D7_0103400	0.6401224358232754
PF3D7_0103500	0.02501135625570132
PF3D7_0103600	0.03103486593112334
PF3D7_0103700	-0.007414416936530775
PF3D7_0103800	0.02821563725620915
PF3D7_0103900	0.01924690436148023
PF3D7_0104000	0.005993415033986928
PF3D7_0104100	0.07880621362518456
PF3D7_0104200	0.2656102565764424
PF3D7_0104300	0.22443704393058728
PF3D7_0104400	0.06471253632700427
PF3D7_0104500	-0.17708695752000753
PF3D7_0104600	-0.027076267695509474
PF3D7_0104700	0.00130718954248366
PF3D7_0104800	0.018265949947232803
PF3D7_0105100	0.0
PF3D7_0105200	0.09890265934425166
PF3D7_0105300	0.10667801505655711
PF3D7_0105400.1	0.009150326797385621
PF3D7_0105400.2	0.00392156862745098
PF3D7_0105500	-0.0050474614434099785
PF3D7_0105600	0.06905115991565336
PF3D7_0105700	0.49094031846121217
PF3D7_0105800	0.22713532612344006
PF3D7_0105900	0.075795003412376
PF3D7_0106000	0.4523797174251281
PF3D7_0106100	0.05022815171254055
PF3D7_0106200	0.20436637508091407
PF3D7_0106300	0.23604729028082
PF3D7_0106400	-0.3454787243750411
PF3D7_0106500	0.08615542414958385
PF3D7_0106600	0.007043776743311234
PF3D7_0106700	-0.01322485164192412
PF3D7_0106800	0.057775119555847076
PF3D7_0106900	0.14168221488907698
PF3D7_0107000.1	0.08629947102289932
PF3D7_0107100	-0.012161239834062164
PF3D7_0107200	-0.001090891992288522
PF3D7_0107300	0.0
PF3D7_0107400	0.03308315947423708
PF3D7_0107500	-0.18098027388575727
PF3D7_0107600	0.018265949947232803
PF3D7_0107700	-0.00294091138933559
PF3D7_0107800	0.003596691000357359
PF3D7_0107900	-0.01388066017774016
PF3D7_0108000	0.022801707577730753
PF3D7_0108100	0.030500203607053182
PF3D7_0108300	0.122393345332722
PF3D7_0108400.1	-0.005670757511637748
PF3D7_0108500	-0.5794444412894719
PF3D7_0108600	0.02222417407562891
PF3D7_0108700	0.11354857998758641
PF3D7_0108800	0.03264116013253397
PF3D7_0109000	0.05588874183398693
PF3D7_0109100	0.06111750000392157
PF3D7_0109200	0.01270513001363615
PF3D7_0109300	0.05316995463027225
PF3D7_0109400	-0.003925740585602109
PF3D7_0109500	0.0023228476042695253
PF3D7_0109600	-0.006686415573423614
PF3D7_0109700	-0.08972374571570978
PF3D7_0109800	-0.05376298726045046
PF3D7_0109850	0.14594821369362862
PF3D7_0109950	0.010382282409366624
PF3D7_0110000	0.006244416231720506
PF3D7_0110100	-0.029410174218366482
PF3D7_0110200	-0.013840427070907982
PF3D7_0110400	-0.018905042319668976
PF3D7_0110500	0.013806351905910577
PF3D7_0110600	0.08896661248548454
PF3D7_0110700	-0.0006874710801429446
PF3D7_0110800	-0.004176741783335682
PF3D7_0110900	-0.04144604728222128
PF3D7_0111000	0.18322892103942257
PF3D7_0111200	0.003560332675544271
PF3D7_0111300	0.12900238428166644
PF3D7_0111400	0.04754525686089246
PF3D7_0111500	0.2649766645899281
PF3D7_0111600	0.010890111440259557
PF3D7_0111700	0.0
PF3D7_0111800	0.006315478204072036
PF3D7_0111900	0.04851290332701368
PF3D7_0112000	0.06815994817088447
PF3D7_0112200	-0.06322481382380211
PF3D7_0112800	0.00130718954248366
PF3D7_0112900	0.005736587200827574
PF3D7_0113000	-0.9586256992917102
PF3D7_0113100	0.0014887834451403578
PF3D7_0113200	0.07724745745749752
PF3D7_0113300	-0.021834032186815254
PF3D7_0113400	-0.005087694550242159
PF3D7_0113700	-0.006470118023228477
PF3D7_0113800	-0.0005830629613955895
PF3D7_0113900	-0.005670757511637748
PF3D7_0114000	0.020559623363257628
PF3D7_0114500	0.00130718954248366
PF3D7_0115000	0.0020718464065359477
PF3D7_0115100	0.00261437908496732
PF3D7_0115300	-0.002398081534772182
PF3D7_0115400	-0.0012669564356514787
PF3D7_0115600	-0.0028656774588329335
PF3D7_0115700	-0.0002512983738656139
