species_id	aa	codon	aa_family_size	stratum	observed_unmasked	expected_GC3_unmasked	expected_dinuc_unmasked	residual_unmasked	residual_z_unmasked	log2_obs_exp_unmasked	observed_masked	expected_GC3_masked	expected_dinuc_masked	residual_masked	residual_z_masked	log2_obs_exp_masked	background_primary	background_secondary	p_value_unmasked	p_value_masked	q_value_unmasked	q_value_masked
SP001	F	TTC	2	full	28997	30680.538761164662	8485.704900603016	-1683.538761164662	-9.611510152486156	-0.08141880405867177	28954	30626.31650839373	8470.71472067289	-1672.316508393731	-9.55588894146945	-0.08100783049623725	per_gene_GC3_binomial_third_position	GC3_plus_dinucleotide_observed_correction	0.004975124378109453	0.004975124378109453	0.005099059860838157	0.0051172707889125795
SP001	F	TTT	2	full	148128	146444.46123883556	168639.29509939774	1683.53876116444	4.399331056692082	0.01649068763141718	147861	146188.6834916065	168344.28527932774	1672.3165083935019	4.37382698220518	0.016409883607467906	per_gene_GC3_binomial_third_position	GC3_plus_dinucleotide_observed_correction	0.004975124378109453	0.004975124378109453	0.005099059860838157	0.0051172707889125795
SP001	L	CTA	6	full	24398	84803.86676162567	40833.50153684001	-60405.86676162567	-207.42986890233462	-1.7973460994193042	24373	84679.52508579387	40773.54349407302	-60306.525085793866	-207.24072261516085	-1.7967082618355457	per_gene_GC3_binomial_third_position	GC3_plus_dinucleotide_observed_correction	0.004975124378109453	0.004975124378109453	0.005099059860838157	0.0051172707889125795
SP001	L	CTC	6	full	7271	17753.466571707682	2081.830782081218	-10482.466571707682	-78.67231009287997	-1.2878164799398772	7261	17727.14158087273	2078.74508162995	-10466.141580872729	-78.6080908513998	-1.2876611182178126	per_gene_GC3_binomial_third_position	GC3_plus_dinucleotide_observed_correction	0.004975124378109453	0.004975124378109453	0.005099059860838157	0.0051172707889125795
SP001	L	CTG	6	full	6043	17753.466571707682	2357.088937813399	-11710.466571707682	-87.88861392110368	-1.5546851746503159	6029	17727.14158087273	2353.595248287	-11698.141580872729	-87.86127811058161	-1.5558903424267576	per_gene_GC3_binomial_third_position	GC3_plus_dinucleotide_observed_correction	0.004975124378109453	0.004975124378109453	0.005099059860838157	0.0051172707889125795
SP001	L	CTT	6	full	35385	84803.86676162567	41409.38091139152	-49418.86676162567	-169.70121617687184	-1.2609802493712035	35320	84679.52508579387	41348.57727373628	-49359.525085793866	-169.62183830304542	-1.2615159306881139	per_gene_GC3_binomial_third_position	GC3_plus_dinucleotide_observed_correction	0.004975124378109453	0.004975124378109453	0.005099059860838157	0.0051172707889125795
SP001	L	TTA	6	full	191796	84803.86676162567	208929.84984982025	106992.13323837433	367.4041175304514	1.1773659342390446	191563	84679.52508579387	208623.06683094762	106883.47491420613	367.3003633574871	1.1777290981360615	per_gene_GC3_binomial_third_position	GC3_plus_dinucleotide_observed_correction	0.004975124378109453	0.004975124378109453	0.005099059860838157	0.0051172707889125795
SP001	L	TTG	6	full	42779	17753.466571707682	12060.347982053943	25025.533428292318	187.8199670509047	1.2687782346404257	42674	17727.14158087273	12042.47207132624	24946.85841912727	187.36846792246837	1.2673736316225257	per_gene_GC3_binomial_third_position	GC3_plus_dinucleotide_observed_correction	0.004975124378109453	0.004975124378109453	0.005099059860838157	0.0051172707889125795
SP001	I	ATA	3	full	203397	169755.41055770373	181544.54056908804	33641.589442296274	81.65159895438923	0.260840139776572	202330	168696.31903161076	180411.31473617937	33633.680968389235	81.8882513414975	0.26228104289103116	per_gene_GC3_binomial_third_position	GC3_plus_dinucleotide_observed_correction	0.004975124378109453	0.004975124378109453	0.005099059860838157	0.0051172707889125795
SP001	I	ATC	3	full	25486	35307.17888459195	9168.576188742012	-9821.178884591951	-52.26754628037027	-0.4702487168004939	25315	35085.36193677781	9111.00986343156	-9770.361936777808	-52.161211724590586	-0.4708688259806974	per_gene_GC3_binomial_third_position	GC3_plus_dinucleotide_observed_correction	0.004975124378109453	0.004975124378109453	0.005099059860838157	0.0051172707889125795
SP001	I	ATT	3	full	145935	169755.41055770373	184104.8832421706	-23820.410557703726	-57.8145873019062	-0.21813093379266812	144833	168696.31903161076	182955.6754003893	-23863.319031610765	-58.10025576859923	-0.22003743374724288	per_gene_GC3_binomial_third_position	GC3_plus_dinucleotide_observed_correction	0.004975124378109453	0.004975124378109453	0.005099059860838157	0.0051172707889125795
SP001	V	GTA	4	full	63382	63655.68255042567	72594.46551644224	-273.68255042567034	-1.0847471524165024	-0.0062160762562246345	62989	63198.85180785863	72071.93608610367	-209.85180785862758	-0.8347532544617579	-0.00479840235132654	per_gene_GC3_binomial_third_position	GC3_plus_dinucleotide_observed_correction	0.004975124378109453	0.004975124378109453	0.005099059860838157	0.0051172707889125795
SP001	V	GTC	4	full	9833	13430.317449574375	3732.8530468494296	-3597.317449574375	-31.040994387795187	-0.4497702092268448	9787	13331.648192141365	3705.3831473645473	-3544.648192141365	-30.699493866843813	-0.4458969512640469	per_gene_GC3_binomial_third_position	GC3_plus_dinucleotide_observed_correction	0.004975124378109453	0.004975124378109453	0.005099059860838157	0.0051172707889125795
SP001	V	GTG	4	full	19387	13430.317449574375	4226.408168686868	5956.682550425625	51.39978670481705	0.5295796660301003	19040	13331.648192141365	4195.306219020272	5708.351807858635	49.438901074488925	0.514162105267234	per_gene_GC3_binomial_third_position	GC3_plus_dinucleotide_observed_correction	0.004975124378109453	0.004975124378109453	0.005099059860838157	0.0051172707889125795
SP001	V	GTT	4	full	61570	63655.68255042567	73618.27326802113	-2085.6825504256703	-8.266651285952157	-0.04806135701313894	61245	63198.85180785863	73088.3745475113	-1953.8518078586276	-7.772075790000989	-0.04530591545074969	per_gene_GC3_binomial_third_position	GC3_plus_dinucleotide_observed_correction	0.004975124378109453	0.004975124378109453	0.005099059860838157	0.0051172707889125795
SP001	S	AGC	6	full	15920	14958.055082994186	3704.82259098889	961.9449170058142	7.865251967637393	0.08991482066992085	15625	14783.555161114771	3661.5951062524514	841.4448388852288	6.920479841165974	0.07986031052940452	per_gene_GC3_binomial_third_position	GC3_plus_dinucleotide_observed_correction	0.004975124378109453	0.004975124378109453	0.005099059860838157	0.0051172707889125795
SP001	S	AGT	6	full	83012	71248.94491700547	67913.28736659375	11763.055082994528	44.06876825673314	0.22044981884438916	80976	70426.77817221815	67128.543890222	10549.221827781847	39.75131629891398	0.20136896013402777	per_gene_GC3_binomial_third_position	GC3_plus_dinucleotide_observed_correction	0.004975124378109453	0.004975124378109453	0.005099059860838157	0.0051172707889125795
SP001	S	TCA	6	full	67181	71248.94491700547	102141.33668477765	-4067.9449170054722	-15.24003080524834	-0.08481476679121887	66861	70426.77817221815	100961.08535636537	-3565.7781722181535	-13.43647695437753	-0.07495860609512062	per_gene_GC3_binomial_third_position	GC3_plus_dinucleotide_observed_correction	0.004975124378109453	0.004975124378109453	0.005099059860838157	0.0051172707889125795
SP001	S	TCC	6	full	20881	14958.055082994186	7038.047295783559	5922.944917005814	48.428400981307234	0.4812545247963134	20818	14783.555161114771	6955.928091805262	6034.444838885229	49.63041179913805	0.49382407958000357	per_gene_GC3_binomial_third_position	GC3_plus_dinucleotide_observed_correction	0.004975124378109453	0.004975124378109453	0.005099059860838157	0.0051172707889125795
SP001	S	TCG	6	full	12224	14958.055082994186	3560.3062999192002	-2734.055082994186	-22.35474374986386	-0.2911953672353466	12166	14783.555161114771	3518.7650162390805	-2617.555161114771	-21.528134571047662	-0.28112784455761525	per_gene_GC3_binomial_third_position	GC3_plus_dinucleotide_observed_correction	0.004975124378109453	0.004975124378109453	0.005099059860838157	0.0051172707889125795
SP001	S	TCT	6	full	59403	71248.94491700547	74263.19976193682	-11845.944917005472	-44.37930432581507	-0.26233083880013197	59185	70426.77817221815	73405.08253911562	-11241.778172218153	-42.36098995560074	-0.2508905576956137	per_gene_GC3_binomial_third_position	GC3_plus_dinucleotide_observed_correction	0.004975124378109453	0.004975124378109453	0.005099059860838157	0.0051172707889125795
SP001	P	CCA	4	full	36409	32978.01415651646	43739.61121616334	3430.9858434835405	18.893250207913926	0.14278852908318074	36239	32862.74800844502	43585.04898370671	3376.2519915549783	18.624426783131508	0.14108797576136026	per_gene_GC3_binomial_third_position	GC3_plus_dinucleotide_observed_correction	0.004975124378109453	0.004975124378109453	0.005099059860838157	0.0051172707889125795
SP001	P	CCC	4	full	8354	7134.985843483491	3111.121009091066	1219.0141565165086	14.431523844329341	0.2275418247017826	8320	7107.751991554958	3099.127065646415	1212.2480084450417	14.378889507495341	0.22717539955578242	per_gene_GC3_binomial_third_position	GC3_plus_dinucleotide_observed_correction	0.004975124378109453	0.004975124378109453	0.005099059860838157	0.0051172707889125795
SP001	P	CCG	4	full	3821	7134.985843483491	1573.8092205083246	-3313.9858434834914	-39.23323241517598	-0.9008726334215397	3813	7107.751991554958	1567.7418966310822	-3294.7519915549583	-39.080183684473134	-0.8983791268708515	per_gene_GC3_binomial_third_position	GC3_plus_dinucleotide_observed_correction	0.004975124378109453	0.004975124378109453	0.005099059860838157	0.0051172707889125795
SP001	P	CCT	4	full	31642	32978.01415651646	31801.458554237473	-1336.0141565164595	-7.356967032761713	-0.05966281148802182	31569	32862.74800844502	31689.082054016013	-1293.7480084450217	-7.136705174665913	-0.05794366342801993	per_gene_GC3_binomial_third_position	GC3_plus_dinucleotide_observed_correction	0.004975124378109453	0.004975124378109453	0.005099059860838157	0.0051172707889125795
SP001	T	ACA	4	full	87944	68142.25187768992	90186.26521336961	19801.748122310077	75.85693503658058	0.36803314475075855	87530	67802.20363913664	89735.60883111962	19727.796360863358	75.76291427097858	0.36844300948349545	per_gene_GC3_binomial_third_position	GC3_plus_dinucleotide_observed_correction	0.004975124378109453	0.004975124378109453	0.005099059860838157	0.0051172707889125795
SP001	T	ACC	4	full	19494	14472.748122310286	6290.485972917204	5021.251877689714	41.73846808123039	0.429678421180589	19373	14399.796360863567	6258.8178230575795	4973.203639136433	41.443656700452856	0.4279861106297623	per_gene_GC3_binomial_third_position	GC3_plus_dinucleotide_observed_correction	0.004975124378109453	0.004975124378109453	0.005099059860838157	0.0051172707889125795
SP001	T	ACG	4	full	15240	14472.748122310286	3182.140712857645	767.2518776897141	6.377676083031004	0.07452150315695807	15182	14399.796360863567	3166.120883959994	782.2036391364327	6.518409750026708	0.0763108662739722	per_gene_GC3_binomial_third_position	GC3_plus_dinucleotide_observed_correction	0.004975124378109453	0.004975124378109453	0.005099059860838157	0.0051172707889125795
SP001	T	ACT	4	full	42552	68142.25187768992	65571.10810085559	-25590.251877689923	-98.03165166355011	-0.6793163163119522	42319	67802.20363913664	65243.45246186286	-25483.203639136642	-97.8660635656169	-0.6800202198305205	per_gene_GC3_binomial_third_position	GC3_plus_dinucleotide_observed_correction	0.004975124378109453	0.004975124378109453	0.005099059860838157	0.0051172707889125795
SP001	A	GCA	4	full	33719	32598.96789257842	43280.879342064465	1120.032107421579	6.203382313027545	0.04873472770280749	33559	32475.594742602534	43113.69141125736	1083.405257397466	6.011908776945218	0.047343062789819174	per_gene_GC3_binomial_third_position	GC3_plus_dinucleotide_observed_correction	0.004975124378109453	0.004975124378109453	0.005099059860838157	0.0051172707889125795
SP001	A	GCC	4	full	8497	7114.532107421616	3106.64445131283	1382.4678925783837	16.39011051373019	0.2561681896689594	8470	7082.905257397503	3092.529055710046	1387.0947426024968	16.481639450446945	0.2580040475936168	per_gene_GC3_binomial_third_position	GC3_plus_dinucleotide_observed_correction	0.004975124378109453	0.004975124378109453	0.005099059860838157	0.0051172707889125795
SP001	A	GCG	4	full	4306	7114.532107421616	1571.5446837426607	-2808.5321074216163	-33.297085501311116	-0.7243544358317369	4290	7082.905257397503	1564.4041901116275	-2792.905257397503	-33.18566213099315	-0.7232973002447318	per_gene_GC3_binomial_third_position	GC3_plus_dinucleotide_observed_correction	0.004975124378109453	0.004975124378109453	0.005099059860838157	0.0051172707889125795
SP001	A	GCT	4	full	32905	32598.96789257842	31467.931522879968	306.032107421579	1.6949819115167561	0.013480327682008984	32798	32475.594742602534	31346.37534292092	322.4052573974659	1.7890544497976526	0.014251677864153458	per_gene_GC3_binomial_third_position	GC3_plus_dinucleotide_observed_correction	0.004975124378109453	0.004975124378109453	0.005099059860838157	0.0051172707889125795
SP001	Y	TAC	2	full	25024	39796.73725267756	9185.898601004077	-14772.737252677558	-74.05207625317463	-0.6693270378199454	24836	39542.229309916336	9127.359277829295	-14706.229309916336	-73.95554781095265	-0.6709505709472395	per_gene_GC3_binomial_third_position	GC3_plus_dinucleotide_observed_correction	0.004975124378109453	0.004975124378109453	0.005099059860838157	0.0051172707889125795
SP001	Y	TAT	2	full	205890	191117.2627473218	221728.1013989961	14772.737252678198	33.791775810108646	0.10741539346375625	204597	189890.77069008283	220305.6407221707	14706.229309917166	33.748106033634485	0.10761493047862439	per_gene_GC3_binomial_third_position	GC3_plus_dinucleotide_observed_correction	0.004975124378109453	0.004975124378109453	0.005099059860838157	0.0051172707889125795
SP001	H	CAC	2	full	14073	16953.555159351894	3916.212451002071	-2880.555159351894	-22.12309091519677	-0.2686492226531981	13843	16741.504083611268	3866.959801750236	-2898.5040836112676	-22.40147835796561	-0.27426349423630675	per_gene_GC3_binomial_third_position	GC3_plus_dinucleotide_observed_correction	0.004975124378109453	0.004975124378109453	0.005099059860838157	0.0051172707889125795
SP001	H	CAT	2	full	83958	81077.44484064805	94114.7875489982	2880.5551593519485	10.116404105864097	0.05036687180214878	83000	80101.49591638875	92976.04019824996	2898.5040836112457	10.241264982235014	0.05128183638380168	per_gene_GC3_binomial_third_position	GC3_plus_dinucleotide_observed_correction	0.004975124378109453	0.004975124378109453	0.005099059860838157	0.0051172707889125795
SP001	Q	CAA	2	full	97205	92643.95514994655	107647.01865770904	4561.044850053455	14.984967279516166	0.06933331319863897	96631	92101.11222728764	107015.59496509773	4529.887772712362	14.926397574078067	0.06926714567473004	per_gene_GC3_binomial_third_position	GC3_plus_dinucleotide_observed_correction	0.004975124378109453	0.004975124378109453	0.005099059860838157	0.0051172707889125795
SP001	Q	CAG	2	full	14958	19519.044850053262	4515.981342290809	-4561.044850053262	-32.64638228229955	-0.3839539003110939	14874	19403.887772712103	4489.405034902154	-4529.8877727121035	-32.51944054504983	-0.3835417417565474	per_gene_GC3_binomial_third_position	GC3_plus_dinucleotide_observed_correction	0.004975124378109453	0.004975124378109453	0.005099059860838157	0.0051172707889125795
SP001	N	AAC	2	full	81498	100526.23764456193	23177.556360173352	-19028.23764456193	-60.014867604121356	-0.3027338623676937	75896	94288.76707499326	21737.251452322253	-18392.76707499326	-59.89865802729781	-0.3130602019429839	per_gene_GC3_binomial_third_position	GC3_plus_dinucleotide_observed_correction	0.004975124378109453	0.004975124378109453	0.005099059860838157	0.0051172707889125795
SP001	N	AAT	2	full	503822	484793.7623554392	562142.4436398274	19028.23764456081	27.32876807676029	0.0555429279249099	473708	455315.2329250075	527866.7485476788	18392.767074992473	27.257811313413566	0.057132248256026134	per_gene_GC3_binomial_third_position	GC3_plus_dinucleotide_observed_correction	0.004975124378109453	0.004975124378109453	0.005099059860838157	0.0051172707889125795
SP001	K	AAA	2	full	388444	393429.40588106675	456994.5008525646	-4985.405881066748	-7.948169371873818	-0.018398141087444694	385897	390780.418332741	453919.1132432711	-4883.418332741014	-7.811915419900707	-0.01814232528864084	per_gene_GC3_binomial_third_position	GC3_plus_dinucleotide_observed_correction	0.004975124378109453	0.004975124378109453	0.005099059860838157	0.0051172707889125795
SP001	K	AAG	2	full	87656	82670.59411893303	19105.49914743509	4985.405881066967	17.33903775687373	0.08447809482914137	87000	82116.58166725903	18977.886756728527	4883.41833274097	17.041526650416866	0.08334133540912436	per_gene_GC3_binomial_third_position	GC3_plus_dinucleotide_observed_correction	0.004975124378109453	0.004975124378109453	0.005099059860838157	0.0051172707889125795
SP001	D	GAC	2	full	35510	45651.794705176915	10559.617829692135	-10141.794705176915	-47.466355473326814	-0.36244170472183823	34508	44076.69962970187	10197.305735762931	-9568.69962970187	-45.57727837016443	-0.35308080291695265	per_gene_GC3_binomial_third_position	GC3_plus_dinucleotide_observed_correction	0.004975124378109453	0.004975124378109453	0.005099059860838157	0.0051172707889125795
SP001	D	GAT	2	full	227230	217088.20529482365	252180.38217030797	10141.794705176348	21.76690596020611	0.06587182621876791	219025	209456.30037029853	243335.69426423675	9568.69962970147	20.90769748988912	0.06444612057988955	per_gene_GC3_binomial_third_position	GC3_plus_dinucleotide_observed_correction	0.004975124378109453	0.004975124378109453	0.005099059860838157	0.0051172707889125795
SP001	E	GAA	2	full	247461	239237.08242942908	277829.77930564224	8223.91757057092	16.813746681123	0.04876004459992677	244512	236244.62185609364	274356.7777394401	8267.37814390636	17.009315513266543	0.0496236807775686	per_gene_GC3_binomial_third_position	GC3_plus_dinucleotide_observed_correction	0.004975124378109453	0.004975124378109453	0.005099059860838157	0.0051172707889125795
SP001	E	GAG	2	full	41977	50200.91757057096	11608.220694357567	-8223.917570570957	-36.704804992093884	-0.2581118546288521	41309	49576.37814390639	11464.222260560227	-8267.37814390639	-37.13046640404697	-0.2631938295011135	per_gene_GC3_binomial_third_position	GC3_plus_dinucleotide_observed_correction	0.004975124378109453	0.004975124378109453	0.005099059860838157	0.0051172707889125795
SP001	C	TGC	2	full	9268	12658.400245412224	3787.5125285928666	-3390.4002454122237	-30.134331328868317	-0.44974429536459704	9239	12606.722382677408	3772.1717024479462	-3367.722382677408	-29.994055363226014	-0.4483637700527142	per_gene_GC3_binomial_third_position	GC3_plus_dinucleotide_observed_correction	0.004975124378109453	0.004975124378109453	0.005099059860838157	0.0051172707889125795
SP001	C	TGT	2	full	62345	58954.59975458759	67825.48747140699	3390.400245412413	13.963430352490121	0.08066881724466518	62074	58706.277617322376	67540.8282975519	3367.7223826776244	13.899334647869228	0.08047366565184566	per_gene_GC3_binomial_third_position	GC3_plus_dinucleotide_observed_correction	0.004975124378109453	0.004975124378109453	0.005099059860838157	0.0051172707889125795
SP001	R	AGA	6	full	64755	29364.60936074489	69649.27312058324	35390.390639255114	206.52529088331613	1.1408997224284199	64494	29245.55297931444	69365.8781837811	35248.44702068556	206.11522313283172	1.1409342017590605	per_gene_GC3_binomial_third_position	GC3_plus_dinucleotide_observed_correction	0.004975124378109453	0.004975124378109453	0.005099059860838157	0.0051172707889125795
SP001	R	AGG	6	full	17677	6278.057305921711	5514.485687014715	11398.942694078289	143.86393416468414	1.4934092611152803	17597	6251.780354018782	5491.373090260121	11345.219645981218	143.48650345807738	1.4929161102796125	per_gene_GC3_binomial_third_position	GC3_plus_dinucleotide_observed_correction	0.004975124378109453	0.004975124378109453	0.005099059860838157	0.0051172707889125795
SP001	R	CGA	6	full	9668	29364.60936074489	15650.208013102467	-19696.60936074489	-114.94216096984297	-1.6027390225382947	9636	29245.55297931444	15586.529104305604	-19609.55297931444	-114.6668216473348	-1.6016607766341568	per_gene_GC3_binomial_third_position	GC3_plus_dinucleotide_observed_correction	0.004975124378109453	0.004975124378109453	0.005099059860838157	0.0051172707889125795
SP001	R	CGC	6	full	1690	6278.057305921711	782.6780997377385	-4588.057305921711	-57.9050173263715	-1.8929830768500284	1682	6251.780354018782	779.3976989289221	-4569.780354018782	-57.795426182148645	-1.8937759658059332	per_gene_GC3_binomial_third_position	GC3_plus_dinucleotide_observed_correction	0.004975124378109453	0.004975124378109453	0.005099059860838157	0.0051172707889125795
SP001	R	CGG	6	full	1122	6278.057305921711	1239.1062278229526	-5156.057305921711	-65.07363960990935	-2.4837176481148964	1122	6251.780354018782	1233.9128219089212	-5129.780354018782	-64.87791946512235	-2.477667025675103	per_gene_GC3_binomial_third_position	GC3_plus_dinucleotide_observed_correction	0.004975124378109453	0.004975124378109453	0.005099059860838157	0.0051172707889125795
SP001	R	CGT	6	full	12016	29364.60936074489	14092.248851738863	-17348.60936074489	-101.24009738040776	-1.2890862617249186	11961	29245.55297931444	14034.909100815334	-17284.55297931444	-101.07138881868835	-1.289843614820227	per_gene_GC3_binomial_third_position	GC3_plus_dinucleotide_observed_correction	0.004975124378109453	0.004975124378109453	0.005099059860838157	0.0051172707889125795
SP001	G	GGA	4	full	50201	46958.09266687325	56246.922673710425	3242.90733312675	14.965089362091792	0.09634129993573737	49925	46503.30393730921	55701.097918245	3421.6960626907894	15.867171846962666	0.10242814500959106	per_gene_GC3_binomial_third_position	GC3_plus_dinucleotide_observed_correction	0.004975124378109453	0.004975124378109453	0.005099059860838157	0.0051172707889125795
SP001	G	GGC	4	full	5390	10178.407333126843	2856.3703493989215	-4788.407333126843	-47.46256158784949	-0.9170916993237537	5345	10078.196062690906	2828.23170415307	-4733.196062690906	-47.14798026898489	-0.9149121971929484	per_gene_GC3_binomial_third_position	GC3_plus_dinucleotide_observed_correction	0.004975124378109453	0.004975124378109453	0.005099059860838157	0.0051172707889125795
SP001	G	GGG	4	full	11213	10178.407333126843	4522.097002707779	1034.5926668731572	10.2548540158841	0.13965394594519392	11170	10078.196062690906	4477.548968748074	1091.8039373090942	10.875600717157692	0.14838476200389517	per_gene_GC3_binomial_third_position	GC3_plus_dinucleotide_observed_correction	0.004975124378109453	0.004975124378109453	0.005099059860838157	0.0051172707889125795
SP001	G	GGT	4	full	47469	46958.09266687325	50647.60997418276	510.90733312675	2.3576911427246685	0.015611681812512474	46723	46503.30393730921	50156.121408853825	219.6960626907894	1.0187799024073798	0.006799617568817124	per_gene_GC3_binomial_third_position	GC3_plus_dinucleotide_observed_correction	0.004975124378109453	0.004975124378109453	0.005099059860838157	0.0051172707889125795
SP002	F	TTC	2	full	23116	23938.889283785604	6494.265763679205	-822.8892837856038	-5.3185030007859275	-0.0504633680110014	23077	23893.096470103177	6481.847501094014	-816.0964701031771	-5.279651798852297	-0.05013708056394029	per_gene_GC3_binomial_third_position	GC3_plus_dinucleotide_observed_correction	0.004975124378109453	0.004975124378109453	0.005099059860838157	0.0051172707889125795
SP002	F	TTT	2	full	119318	118495.11071621491	135939.7342363208	822.8892837850872	2.3905134477467933	0.009984126034024524	119086	118269.90352989726	135681.15249890595	816.0964701027406	2.373036280846095	0.009920781341162508	per_gene_GC3_binomial_third_position	GC3_plus_dinucleotide_observed_correction	0.004975124378109453	0.004975124378109453	0.005099059860838157	0.0051172707889125795
SP002	L	CTA	6	full	19460	68079.43210011101	31437.078680989103	-48619.43210011101	-186.3382101429902	-1.8066808202841527	19428	67973.03658363868	31387.539976976004	-48545.03658363868	-186.19863668890127	-1.8067986662340092	per_gene_GC3_binomial_third_position	GC3_plus_dinucleotide_observed_correction	0.004975124378109453	0.004975124378109453	0.005099059860838157	0.0051172707889125795
SP002	L	CTC	6	full	5366	13703.901233222372	1529.922632335184	-8337.901233222372	-71.22535727920695	-1.3525859132030755	5356	13680.963416361361	1527.3412057151581	-8324.963416361361	-71.17442920078975	-1.3528600143409846	per_gene_GC3_binomial_third_position	GC3_plus_dinucleotide_observed_correction	0.004975124378109453	0.004975124378109453	0.005099059860838157	0.0051172707889125795
SP002	L	CTG	6	full	4580	13703.901233222372	1692.614301176359	-9123.901233222372	-77.93965255034686	-1.5810623016353007	4568	13680.963416361361	1689.7583661622946	-9112.963416361361	-77.91144982240539	-1.582430093722092	per_gene_GC3_binomial_third_position	GC3_plus_dinucleotide_observed_correction	0.004975124378109453	0.004975124378109453	0.005099059860838157	0.0051172707889125795
SP002	L	CTT	6	full	27617	68079.43210011101	32145.06552660493	-40462.43210011101	-155.0757968550962	-1.3016468687314808	27543	67973.03658363868	32094.411173420147	-40430.03658363868	-155.0728606453069	-1.3032612896376425	per_gene_GC3_binomial_third_position	GC3_plus_dinucleotide_observed_correction	0.004975124378109453	0.004975124378109453	0.005099059860838157	0.0051172707889125795
SP002	L	TTA	6	full	156143	68079.43210011101	169423.33996608245	88063.56789988899	337.5112976943541	1.1975710103023867	155960	67973.03658363868	169156.3618293205	87986.96341636132	337.4815179363641	1.198135593432906	per_gene_GC3_binomial_third_position	GC3_plus_dinucleotide_observed_correction	0.004975124378109453	0.004975124378109453	0.005099059860838157	0.0051172707889125795
SP002	L	TTG	6	full	32184	13703.901233222372	9121.97889281211	18480.098766777628	157.86366381676035	1.2317267602037356	32107	13680.963416361361	9106.587448406013	18426.03658363864	157.53374167337284	1.230687782157232	per_gene_GC3_binomial_third_position	GC3_plus_dinucleotide_observed_correction	0.004975124378109453	0.004975124378109453	0.005099059860838157	0.0051172707889125795
SP002	I	ATA	3	full	164955	137321.86542036975	145947.45587525752	27633.13457963025	74.5693409801778	0.2645102680209302	163950	136286.38400543647	144844.48708830742	27663.61599456353	74.93465514638221	0.26661357497225924	per_gene_GC3_binomial_third_position	GC3_plus_dinucleotide_observed_correction	0.004975124378109453	0.004975124378109453	0.005099059860838157	0.0051172707889125795
SP002	I	ATC	3	full	19621	27617.269159260333	7079.240894508391	-7996.269159260333	-48.11683335478815	-0.4931614546769255	19450	27402.231989126692	7024.01816169529	-7952.2319891266925	-48.03923377407567	-0.494512491710777	per_gene_GC3_binomial_third_position	GC3_plus_dinucleotide_observed_correction	0.004975124378109453	0.004975124378109453	0.005099059860838157	0.0051172707889125795
SP002	I	ATT	3	full	117685	137321.86542036975	149234.30323023337	-19636.86542036975	-52.99102456486528	-0.22263003624840702	116575	136286.38400543647	148106.4947499961	-19711.38400543647	-53.393806622950876	-0.22538210904874015	per_gene_GC3_binomial_third_position	GC3_plus_dinucleotide_observed_correction	0.004975124378109453	0.004975124378109453	0.005099059860838157	0.0051172707889125795
SP002	V	GTA	4	full	49382	49084.69952017496	55554.865907848085	297.3004798250404	1.3419073812451237	0.008711795508965935	49128	48751.88446847477	55174.77573445061	376.11553152523265	1.7034349906524613	0.011087408655525672	per_gene_GC3_binomial_third_position	GC3_plus_dinucleotide_observed_correction	0.004975124378109453	0.004975124378109453	0.005099059860838157	0.0051172707889125795
SP002	V	GTC	4	full	7129	9969.300479824875	2728.49161465745	-2840.300479824875	-28.446703369357753	-0.48376373068258266	7098	9896.615531525074	2708.428501236337	-2798.6155315250744	-28.131953478801062	-0.479493921976061	per_gene_GC3_binomial_third_position	GC3_plus_dinucleotide_observed_correction	0.004975124378109453	0.004975124378109453	0.005099059860838157	0.0051172707889125795
SP002	V	GTG	4	full	14035	9969.300479824875	3018.638871012652	4065.699520175125	40.71954677361916	0.4934439211103897	13705	9896.615531525074	2996.442250095376	3808.3844684749256	38.2822483080203	0.46967493631991253	per_gene_GC3_binomial_third_position	GC3_plus_dinucleotide_observed_correction	0.004975124378109453	0.004975124378109453	0.005099059860838157	0.0051172707889125795
SP002	V	GTT	4	full	47562	49084.69952017496	56806.00360648218	-1522.6995201749596	-6.872917684975381	-0.0454635309603398	47366	48751.88446847477	56417.353514218026	-1385.8844684747673	-6.276699308396758	-0.04160571008645426	per_gene_GC3_binomial_third_position	GC3_plus_dinucleotide_observed_correction	0.004975124378109453	0.004975124378109453	0.005099059860838157	0.0051172707889125795
SP002	S	AGC	6	full	12612	11495.944125825277	2670.150791523784	1116.0558741747227	10.40911041824942	0.13366656775524025	12271	11321.561923662617	2629.4909650347217	949.4380763373829	8.923052979573047	0.1161748874939616	per_gene_GC3_binomial_third_position	GC3_plus_dinucleotide_observed_correction	0.004975124378109453	0.004975124378109453	0.005099059860838157	0.0051172707889125795
SP002	S	AGT	6	full	65637	56919.38920750796	50796.540662251704	8717.610792492043	36.53990046554066	0.20558743683975841	63536	56084.10474300404	50048.17379198139	7451.895256995958	31.46638456060295	0.1799808147566378	per_gene_GC3_binomial_third_position	GC3_plus_dinucleotide_observed_correction	0.004975124378109453	0.004975124378109453	0.005099059860838157	0.0051172707889125795
SP002	S	TCA	6	full	52986	56919.38920750796	84051.15823285902	-3933.3892075079566	-16.486816578041648	-0.1033080197729387	52726	56084.10474300404	82812.86323463166	-3358.1047430040417	-14.179938337022069	-0.08907657114984369	per_gene_GC3_binomial_third_position	GC3_plus_dinucleotide_observed_correction	0.004975124378109453	0.004975124378109453	0.005099059860838157	0.0051172707889125795
SP002	S	TCC	6	full	15931	11495.944125825277	5177.310407968282	4435.055874174723	41.364404214553765	0.47069440588209016	15873	11321.561923662617	5098.472709537068	4551.438076337383	42.77553649952076	0.4874835484883708	per_gene_GC3_binomial_third_position	GC3_plus_dinucleotide_observed_correction	0.004975124378109453	0.004975124378109453	0.005099059860838157	0.0051172707889125795
SP002	S	TCG	6	full	9309	11495.944125825277	2630.6895429580068	-2186.9441258252773	-20.39695629135988	-0.30441211169701876	9232	11321.561923662617	2590.6306141878326	-2089.561923662617	-19.638217819183506	-0.2943434567706382	per_gene_GC3_binomial_third_position	GC3_plus_dinucleotide_observed_correction	0.004975124378109453	0.004975124378109453	0.005099059860838157	0.0051172707889125795
SP002	S	TCT	6	full	48771	56919.38920750796	59920.15036243905	-8148.389207507957	-34.15400591791197	-0.2228945096097578	48579	56084.10474300404	59037.36868462706	-7505.104743004042	-31.69106701939496	-0.2072571632953908	per_gene_GC3_binomial_third_position	GC3_plus_dinucleotide_observed_correction	0.004975124378109453	0.004975124378109453	0.005099059860838157	0.0051172707889125795
SP002	P	CCA	4	full	27017	24454.336880155308	32555.41269070216	2562.663119844692	16.38753278344182	0.14377434291782515	26926	24364.970365812325	32435.610878013747	2561.0296341876747	16.407093765061585	0.14418864205473705	per_gene_GC3_binomial_third_position	GC3_plus_dinucleotide_observed_correction	0.004975124378109453	0.004975124378109453	0.005099059860838157	0.0051172707889125795
SP002	P	CCC	4	full	5542	4941.663119844721	2007.6683888314822	600.3368801552788	8.540011512335745	0.16539423639526007	5510	4922.529634187692	1999.8498003285417	587.470365812308	8.373206355385449	0.16263680501739264	per_gene_GC3_binomial_third_position	GC3_plus_dinucleotide_observed_correction	0.004975124378109453	0.004975124378109453	0.005099059860838157	0.0051172707889125795
SP002	P	CCG	4	full	2594	4941.663119844721	1020.1343593572508	-2347.663119844721	-33.39636582942268	-0.9296860928206605	2579	4922.529634187692	1016.1615863545501	-2343.529634187692	-33.40229289673457	-0.932454977414299	per_gene_GC3_binomial_third_position	GC3_plus_dinucleotide_observed_correction	0.004975124378109453	0.004975124378109453	0.005099059860838157	0.0051172707889125795
SP002	P	CCT	4	full	23639	24454.336880155308	23208.784561109118	-815.3368801553079	-5.21385731492637	-0.048920320234784556	23560	24364.970365812325	23123.37773530317	-804.9703658123253	-5.156997831525642	-0.04846791714840459	per_gene_GC3_binomial_third_position	GC3_plus_dinucleotide_observed_correction	0.004975124378109453	0.004975124378109453	0.005099059860838157	0.0051172707889125795
SP002	T	ACA	4	full	68016	52616.66214161635	70028.31220067522	15399.337858383653	67.1336716857362	0.3703513294389463	67626	52240.48121634208	69526.49735871499	15385.51878365792	67.31449009583363	0.3724066946523908	per_gene_GC3_binomial_third_position	GC3_plus_dinucleotide_observed_correction	0.004975124378109453	0.004975124378109453	0.005099059860838157	0.0051172707889125795
SP002	T	ACC	4	full	14248	10605.837858383798	4305.653510288994	3642.1621416162016	35.36606852787887	0.4258834381596964	14111	10528.518783658012	4274.196521084102	3582.4812163419883	34.914054366671536	0.4225003536702626	per_gene_GC3_binomial_third_position	GC3_plus_dinucleotide_observed_correction	0.004975124378109453	0.004975124378109453	0.005099059860838157	0.0051172707889125795
SP002	T	ACG	4	full	11179	10605.837858383798	2187.784152884649	573.1621416162016	5.5655104824601285	0.07592905500468833	11097	10528.518783658012	2171.800260470766	568.4812163419883	5.540289786658586	0.07586371312648159	per_gene_GC3_binomial_third_position	GC3_plus_dinucleotide_observed_correction	0.004975124378109453	0.004975124378109453	0.005099059860838157	0.0051172707889125795
SP002	T	ACT	4	full	33002	52616.66214161635	49923.25013615135	-19614.662141616347	-85.51044860185475	-0.6729581247579534	32704	52240.48121634208	49565.505859730314	-19536.48121634208	-85.47571842307649	-0.6756928364828574	per_gene_GC3_binomial_third_position	GC3_plus_dinucleotide_observed_correction	0.004975124378109453	0.004975124378109453	0.005099059860838157	0.0051172707889125795
SP002	A	GCA	4	full	24159	23599.480918876303	31415.41942944249	559.5190811236971	3.642199047460928	0.03380490411898945	24081	23521.789007667103	31311.512125202185	559.2109923328971	3.6462003186826903	0.033896799220665345	per_gene_GC3_binomial_third_position	GC3_plus_dinucleotide_observed_correction	0.004975124378109453	0.004975124378109453	0.005099059860838157	0.0051172707889125795
SP002	A	GCC	4	full	5502	4767.519081123692	1937.8433513704667	734.4809188763084	10.637370788053252	0.20669723078751281	5485	4751.210992332876	1931.2012492528593	733.7890076671238	10.645573017745118	0.20717603591826236	per_gene_GC3_binomial_third_position	GC3_plus_dinucleotide_observed_correction	0.004975124378109453	0.004975124378109453	0.005099059860838157	0.0051172707889125795
SP002	A	GCG	4	full	2625	4767.519081123692	984.6549344414431	-2142.5190811236916	-31.029764423641858	-0.8607978136631679	2603	4751.210992332876	981.2799564688737	-2148.2109923328762	-31.165548594285568	-0.8679946847540123	per_gene_GC3_binomial_third_position	GC3_plus_dinucleotide_observed_correction	0.004975124378109453	0.004975124378109453	0.005099059860838157	0.0051172707889125795
SP002	A	GCT	4	full	24448	23599.480918876303	22396.08228474553	848.5190811236971	5.523449500264525	0.05096026042849685	24377	23521.789007667103	22322.006669076007	855.2109923328971	5.576196883713704	0.051521721041644514	per_gene_GC3_binomial_third_position	GC3_plus_dinucleotide_observed_correction	0.004975124378109453	0.004975124378109453	0.005099059860838157	0.0051172707889125795
SP002	Y	TAC	2	full	19367	31287.62556925113	6664.783868545189	-11920.62556925113	-67.39268260399655	-0.6919774915185969	19185	31027.937081186563	6609.447851889375	-11842.937081186563	-67.23307440293081	-0.6935746653745078	per_gene_GC3_binomial_third_position	GC3_plus_dinucleotide_observed_correction	0.004975124378109453	0.004975124378109453	0.005099059860838157	0.0051172707889125795
SP002	Y	TAT	2	full	167521	155600.3744307488	180223.21613145526	11920.625569251191	30.219949064056394	0.10649609757316504	166173	154330.06291881358	178748.552148111	11842.937081186421	30.146309624636846	0.10666653623497066	per_gene_GC3_binomial_third_position	GC3_plus_dinucleotide_observed_correction	0.004975124378109453	0.004975124378109453	0.005099059860838157	0.0051172707889125795
SP002	H	CAC	2	full	10840	13175.581459573894	2807.1364196600366	-2335.581459573894	-20.347456272830836	-0.28149007936554815	10623	12987.40278758281	2766.9940656202484	-2364.4027875828106	-20.747238900332626	-0.28990933915278844	per_gene_GC3_binomial_third_position	GC3_plus_dinucleotide_observed_correction	0.004975124378109453	0.004975124378109453	0.005099059860838157	0.0051172707889125795
SP002	H	CAT	2	full	67653	65317.41854042607	75685.86358034001	2335.5814595739284	9.138617767960596	0.0506857549573512	66765	64400.59721241717	74621.00593437986	2364.4027875828324	9.317009006703577	0.05201753775797727	per_gene_GC3_binomial_third_position	GC3_plus_dinucleotide_observed_correction	0.004975124378109453	0.004975124378109453	0.005099059860838157	0.0051172707889125795
SP002	Q	CAA	2	full	74739	71885.96628593432	83213.39350248882	2853.0337140656775	10.641058880057425	0.056150725184797926	74184	71367.84101941595	82611.46625480278	2816.1589805840485	10.54158436810254	0.055833546805863755	per_gene_GC3_binomial_third_position	GC3_plus_dinucleotide_observed_correction	0.004975124378109453	0.004975124378109453	0.005099059860838157	0.0051172707889125795
SP002	Q	CAG	2	full	11589	14442.033714065792	3114.6064975110935	-2853.033714065792	-23.740656616952258	-0.3175055362342072	11519	14335.158980584178	3091.5337451971623	-2816.1589805841777	-23.521007018826605	-0.3155301253599037	per_gene_GC3_binomial_third_position	GC3_plus_dinucleotide_observed_correction	0.004975124378109453	0.004975124378109453	0.005099059860838157	0.0051172707889125795
SP002	N	AAC	2	full	65021	81262.44090689805	17317.017620183135	-16241.440906898046	-56.9743822108857	-0.3216807383002449	60061	75172.42256206243	16014.624563563111	-15111.422562062435	-55.11579508171617	-0.32377258802612496	per_gene_GC3_binomial_third_position	GC3_plus_dinucleotide_observed_correction	0.004975124378109453	0.004975124378109453	0.005099059860838157	0.0051172707889125795
SP002	N	AAT	2	full	418255	402013.55909310206	465958.9823798168	16241.440906897944	25.61558070178238	0.05713855591602755	387877	372765.577437938	431923.37543643656	15111.422562061984	24.75069790325333	0.05733051300422253	per_gene_GC3_binomial_third_position	GC3_plus_dinucleotide_observed_correction	0.004975124378109453	0.004975124378109453	0.005099059860838157	0.0051172707889125795
SP002	K	AAA	2	full	304371	311036.0616015077	360330.14640509133	-6665.06160150771	-11.950850005747453	-0.03125089807641938	302306	308882.26200463047	357818.0021285512	-6576.2620046304655	-11.83266646809397	-0.03104736071192491	per_gene_GC3_binomial_third_position	GC3_plus_dinucleotide_observed_correction	0.004975124378109453	0.004975124378109453	0.005099059860838157	0.0051172707889125795
SP002	K	AAG	2	full	69527	62861.93839849315	13567.853594907287	6665.061601506852	26.583385138818183	0.1453854809354837	68980	62403.73799537053	13467.997871448159	6576.262004629469	26.325328862056022	0.14454457741237056	per_gene_GC3_binomial_third_position	GC3_plus_dinucleotide_observed_correction	0.004975124378109453	0.004975124378109453	0.005099059860838157	0.0051172707889125795
SP002	D	GAC	2	full	25298	33945.877525235956	7230.692149992973	-8647.877525235956	-46.937073743476816	-0.4242057831763831	24448	32719.595455954655	6969.179159687479	-8271.595455954655	-45.728328107103614	-0.420431003567294	per_gene_GC3_binomial_third_position	GC3_plus_dinucleotide_observed_correction	0.004975124378109453	0.004975124378109453	0.005099059860838157	0.0051172707889125795
SP002	D	GAT	2	full	177315	168667.12247476328	195382.30785000732	8647.87752523672	21.056894074859926	0.07213559494934006	170934	162662.40454404475	188412.82084031272	8271.595455955248	20.509056994747333	0.07155832767496577	per_gene_GC3_binomial_third_position	GC3_plus_dinucleotide_observed_correction	0.004975124378109453	0.004975124378109453	0.005099059860838157	0.0051172707889125795
SP002	E	GAA	2	full	186679	180777.94562627745	209360.45250037275	5901.054373722553	13.878959005551694	0.04634083412065424	184998	179046.49816690266	207347.30147289656	5951.50183309734	14.06512693690943	0.04717524197570532	per_gene_GC3_binomial_third_position	GC3_plus_dinucleotide_observed_correction	0.004975124378109453	0.004975124378109453	0.005099059860838157	0.0051172707889125795
SP002	E	GAG	2	full	30545	36446.0543737219	7863.547499627074	-5901.054373721898	-30.91038091315342	-0.25482257371567557	30135	36086.501833096845	7785.698527103384	-5951.501833096845	-31.329551629251725	-0.26001528496593107	per_gene_GC3_binomial_third_position	GC3_plus_dinucleotide_observed_correction	0.004975124378109453	0.004975124378109453	0.005099059860838157	0.0051172707889125795
SP002	C	TGC	2	full	6379	9198.179905063364	2734.376487739098	-2819.1799050633635	-29.39489013482611	-0.5279834803687025	6353	9150.825375841632	2720.2649010605087	-2797.825375841632	-29.2476159192698	-0.5264291433159146	per_gene_GC3_binomial_third_position	GC3_plus_dinucleotide_observed_correction	0.004975124378109453	0.004975124378109453	0.005099059860838157	0.0051172707889125795
SP002	C	TGT	2	full	48314	45494.82009493665	51958.62351226093	2819.179905063349	13.217271623496258	0.08673808207018288	48065	45267.1746241584	51697.73509893951	2797.825375841603	13.15009561259236	0.08652054342097217	per_gene_GC3_binomial_third_position	GC3_plus_dinucleotide_observed_correction	0.004975124378109453	0.004975124378109453	0.005099059860838157	0.0051172707889125795
SP002	R	AGA	6	full	52606	23127.555014860904	55877.44140416429	29478.444985139096	193.8383520899909	1.185597122628397	52441	23039.606849370197	55664.36821156146	29401.393150629803	193.7003375127761	1.1865615446413347	per_gene_GC3_binomial_third_position	GC3_plus_dinucleotide_observed_correction	0.004975124378109453	0.004975124378109453	0.005099059860838157	0.0051172707889125795
SP002	R	AGG	6	full	13653	4717.444985139072	3877.806928770235	8935.555014860929	130.09724834028376	1.533040324676487	13579	4699.059817296432	3862.679383663543	8879.940182703569	129.54019711073002	1.5308328215497253	per_gene_GC3_binomial_third_position	GC3_plus_dinucleotide_observed_correction	0.004975124378109453	0.004975124378109453	0.005099059860838157	0.0051172707889125795
SP002	R	CGA	6	full	6930	23127.555014860904	12097.677197217217	-16197.555014860904	-106.5085818994326	-1.738612601408606	6915	23039.606849370197	12051.546045920486	-16124.606849370197	-106.23108139747872	-1.7362419382873078	per_gene_GC3_binomial_third_position	GC3_plus_dinucleotide_observed_correction	0.004975124378109453	0.004975124378109453	0.005099059860838157	0.0051172707889125795
SP002	R	CGC	6	full	1063	4717.444985139072	546.5479168896444	-3654.444985139072	-53.20690611683756	-2.1493385624450068	1058	4699.059817296432	544.4158024193807	-3641.059817296432	-53.11562879029852	-2.150504364222764	per_gene_GC3_binomial_third_position	GC3_plus_dinucleotide_observed_correction	0.004975124378109453	0.004975124378109453	0.005099059860838157	0.0051172707889125795
SP002	R	CGG	6	full	731	4717.444985139072	839.5598523932839	-3986.444985139072	-58.040661421028524	-2.6892288262671924	729	4699.059817296432	836.2846817181734	-3970.059817296432	-57.91506707170083	-2.687545750312463	per_gene_GC3_binomial_third_position	GC3_plus_dinucleotide_observed_correction	0.004975124378109453	0.004975124378109453	0.005099059860838157	0.0051172707889125795
SP002	R	CGT	6	full	8552	23127.555014860904	10295.966700565492	-14575.555014860904	-95.84296479349415	-1.435225841574321	8494	23039.606849370197	10256.705874717109	-14545.606849370197	-95.82841675619039	-1.4395464716894726	per_gene_GC3_binomial_third_position	GC3_plus_dinucleotide_observed_correction	0.004975124378109453	0.004975124378109453	0.005099059860838157	0.0051172707889125795
SP002	G	GGA	4	full	37881	35038.35998194472	42888.43645504928	2842.640018055281	15.186230259435053	0.11253762213477059	37712	34720.761542117856	42498.92557185138	2991.238457882144	16.053007728167497	0.11922342459496788	per_gene_GC3_binomial_third_position	GC3_plus_dinucleotide_observed_correction	0.004975124378109453	0.004975124378109453	0.005099059860838157	0.0051172707889125795
SP002	G	GGC	4	full	3518	7097.640018055297	1925.1951169000229	-3579.6400180552973	-42.48957334392426	-1.012480520295755	3457	7032.238457882122	1907.4560871502524	-3575.238457882122	-42.634209879458155	-1.0243573142120668	per_gene_GC3_binomial_third_position	GC3_plus_dinucleotide_observed_correction	0.004975124378109453	0.004975124378109453	0.005099059860838157	0.0051172707889125795
SP002	G	GGG	4	full	8343	7097.640018055297	2957.3189801384137	1245.3599819447027	14.782160783076323	0.23321167091078576	8307	7032.238457882122	2930.0698099593865	1274.761542117878	15.20135000033255	0.24032782232947056	per_gene_GC3_binomial_third_position	GC3_plus_dinucleotide_observed_correction	0.004975124378109453	0.004975124378109453	0.005099059860838157	0.0051172707889125795
SP002	G	GGT	4	full	34530	35038.35998194472	36501.04944791242	-508.35998194471904	-2.715810546344253	-0.021084611937718226	34030	34720.761542117856	36169.548531039145	-690.7615421178562	-3.7070934096608044	-0.028991018229858424	per_gene_GC3_binomial_third_position	GC3_plus_dinucleotide_observed_correction	0.004975124378109453	0.004975124378109453	0.005099059860838157	0.0051172707889125795
SP003	F	TTC	2	full	22075	22561.520285455394	5977.678064165995	-486.5202854553936	-3.2390434396516183	-0.0314501430603149	22055	22536.919650852502	5971.116219118818	-481.91965085250195	-3.2101650147268543	-0.03118388143498906	per_gene_GC3_binomial_third_position	GC3_plus_dinucleotide_observed_correction	0.004975124378109453	0.004975124378109453	0.005099059860838157	0.0051172707889125795
SP003	F	TTT	2	full	123338	122851.4797145449	139435.32193583396	486.52028545510257	1.3880680469955564	0.005702099590975325	123208	122726.0803491477	139291.88378088118	481.91965085230186	1.3756444603229474	0.005654044793417368	per_gene_GC3_binomial_third_position	GC3_plus_dinucleotide_observed_correction	0.004975124378109453	0.004975124378109453	0.005099059860838157	0.0051172707889125795
SP003	L	CTA	6	full	20028	70866.54738907338	32125.854777728404	-50838.547389073385	-190.97323095243934	-1.8230605646781575	20006	70807.19497203123	32098.82181769367	-50801.194972031226	-190.91288168338608	-1.823437352894455	per_gene_GC3_binomial_third_position	GC3_plus_dinucleotide_observed_correction	0.004975124378109453	0.004975124378109453	0.005099059860838157	0.0051172707889125795
SP003	L	CTC	6	full	5135	12956.452610926595	1415.1015601232689	-7821.452610926595	-68.713862713087	-1.335149794388147	5130	12945.138361302073	1413.861996482055	-7815.1383613020735	-68.68838778160107	-1.3352947699632314	per_gene_GC3_binomial_third_position	GC3_plus_dinucleotide_observed_correction	0.004975124378109453	0.004975124378109453	0.005099059860838157	0.0051172707889125795
SP003	L	CTG	6	full	4263	12956.452610926595	1565.1425242912808	-8693.452610926595	-76.3746504550092	-1.6036162841074415	4257	12945.138361302073	1563.7715316918095	-8688.138361302073	-76.36131176081862	-1.6043876725914192	per_gene_GC3_binomial_third_position	GC3_plus_dinucleotide_observed_correction	0.004975124378109453	0.004975124378109453	0.005099059860838157	0.0051172707889125795
SP003	L	CTT	6	full	27430	70866.54738907338	33161.97428778504	-43436.547389073385	-163.16787599822257	-1.36933402200999	27396	70807.19497203123	33134.06946371741	-43411.194972031226	-163.14097205769775	-1.3699145570550866	per_gene_GC3_binomial_third_position	GC3_plus_dinucleotide_observed_correction	0.004975124378109453	0.004975124378109453	0.005099059860838157	0.0051172707889125795
SP003	L	TTA	6	full	163319	70866.54738907338	174690.17964564267	92452.45261092662	347.29441518977575	1.2045102090671822	163213	70807.19497203123	174543.18300765444	92405.80502796877	347.264636823508	1.2047823352365914	per_gene_GC3_binomial_third_position	GC3_plus_dinucleotide_observed_correction	0.004975124378109453	0.004975124378109453	0.005099059860838157	0.0051172707889125795
SP003	L	TTG	6	full	31294	12956.452610926595	8510.74720443006	18337.547389073407	161.10098423753558	1.272182680328429	31255	12945.138361302073	8503.29218276132	18309.861638697927	160.928037140574	1.271643974152207	per_gene_GC3_binomial_third_position	GC3_plus_dinucleotide_observed_correction	0.004975124378109453	0.004975124378109453	0.005099059860838157	0.0051172707889125795
SP003	I	ATA	3	full	173004	143550.99339419603	150877.8380640843	29453.006605803967	77.73677754646134	0.26924122486238433	172436	142893.74823224824	150185.6085146007	29542.25176775176	78.15143931802353	0.27111733871540067	per_gene_GC3_binomial_third_position	GC3_plus_dinucleotide_observed_correction	0.004975124378109453	0.004975124378109453	0.005099059860838157	0.0051172707889125795
SP003	I	ATC	3	full	18530	26112.01321160881	6592.228549699554	-7582.01321160881	-46.92068658184269	-0.4948395077528406	18337	25988.503535503984	6561.013359426119	-7651.503535503984	-47.463105093164714	-0.503104353484883	per_gene_GC3_binomial_third_position	GC3_plus_dinucleotide_observed_correction	0.004975124378109453	0.004975124378109453	0.005099059860838157	0.0051172707889125795
SP003	I	ATT	3	full	121680	143550.99339419603	155743.933386217	-21870.993394196033	-57.7251949507154	-0.23847035286425042	121003	142893.74823224824	155029.37812597418	-21890.74823224824	-57.91005694312634	-0.23989906861341584	per_gene_GC3_binomial_third_position	GC3_plus_dinucleotide_observed_correction	0.004975124378109453	0.004975124378109453	0.005099059860838157	0.0051172707889125795
SP003	V	GTA	4	full	47793	48852.584392981276	54444.141348132645	-1059.5843929812763	-4.793931023212582	-0.03163522871445143	47662	48686.111417912834	54257.082989770766	-1024.1114179128344	-4.641353680990122	-0.030670466754746897	per_gene_GC3_binomial_third_position	GC3_plus_dinucleotide_observed_correction	0.004975124378109453	0.004975124378109453	0.005099059860838157	0.0051172707889125795
SP003	V	GTC	4	full	7343	9020.915607018833	2422.944947084427	-1677.9156070188328	-17.66626756113361	-0.2968860008833256	7310	8987.88858208724	2413.9943091167074	-1677.8885820872401	-17.698411098849935	-0.2980924134731689	per_gene_GC3_binomial_third_position	GC3_plus_dinucleotide_observed_correction	0.004975124378109453	0.004975124378109453	0.005099059860838157	0.0051172707889125795
SP003	V	GTG	4	full	12957	9020.915607018833	2679.845940080923	3936.084392981167	41.44184590615527	0.5223616550203031	12842	8987.88858208724	2669.9462802278213	3854.11141791276	40.65326447965831	0.5147916727446524	per_gene_GC3_binomial_third_position	GC3_plus_dinucleotide_observed_correction	0.004975124378109453	0.004975124378109453	0.005099059860838157	0.0051172707889125795
SP003	V	GTT	4	full	47654	48852.584392981276	56200.06776470213	-1198.5843929812763	-5.422815722383801	-0.035837197376908804	47534	48686.111417912834	56006.97642088487	-1152.1114179128344	-5.221459771768323	-0.03455010742659414	per_gene_GC3_binomial_third_position	GC3_plus_dinucleotide_observed_correction	0.004975124378109453	0.004975124378109453	0.005099059860838157	0.0051172707889125795
SP003	S	AGC	6	full	11591	10898.445532294574	2524.1987344443087	692.5544677054258	6.633941786933776	0.0888787089114866	11406	10792.448372666106	2499.550710330548	613.5516273338944	5.9059684474468055	0.07976715116032079	per_gene_GC3_binomial_third_position	GC3_plus_dinucleotide_observed_correction	0.004975124378109453	0.004975124378109453	0.005099059860838157	0.0051172707889125795
SP003	S	AGT	6	full	67234	59444.88780103876	51535.82298256823	7789.112198961237	31.94704576368984	0.17763683257241697	65848	58892.55162733389	51054.460665536484	6955.448372666113	28.661238015529662	0.16105314613468372	per_gene_GC3_binomial_third_position	GC3_plus_dinucleotide_observed_correction	0.004975124378109453	0.004975124378109453	0.005099059860838157	0.0051172707889125795
SP003	S	TCA	6	full	58946	59444.88780103876	87640.42171681885	-498.8878010387634	-2.0461884491608004	-0.012158725230506278	58754	58892.55162733389	86821.8300261901	-138.55162733388715	-0.5709281351380869	-0.0033980790132491813	per_gene_GC3_binomial_third_position	GC3_plus_dinucleotide_observed_correction	0.004975124378109453	0.004975124378109453	0.005099059860838157	0.0051172707889125795
SP003	S	TCC	6	full	13348	10898.445532294574	4616.013038527736	2449.554467705426	23.46414975347943	0.2924890705320412	13303	10792.448372666106	4570.939091246759	2510.5516273338944	24.16624459322188	0.3017168242837225	per_gene_GC3_binomial_third_position	GC3_plus_dinucleotide_observed_correction	0.004975124378109453	0.004975124378109453	0.005099059860838157	0.0051172707889125795
SP003	S	TCG	6	full	7414	10898.445532294574	2067.311938256093	-3484.445532294574	-33.37731528549719	-0.5557672493954607	7388	10792.448372666106	2047.12527315343	-3404.4483726661056	-32.770778813346155	-0.5467356222310873	per_gene_GC3_binomial_third_position	GC3_plus_dinucleotide_observed_correction	0.004975124378109453	0.004975124378109453	0.005099059860838157	0.0051172707889125795
SP003	S	TCT	6	full	52497	59444.88780103876	62646.231589384326	-6947.887801038763	-28.496763671008505	-0.17931615831937536	52356	58892.55162733389	62061.0942335422	-6536.551627333887	-26.93509490028783	-0.16972877353445753	per_gene_GC3_binomial_third_position	GC3_plus_dinucleotide_observed_correction	0.004975124378109453	0.004975124378109453	0.005099059860838157	0.0051172707889125795
SP003	P	CCA	4	full	28703	25120.589187489182	33211.90788490713	3582.410812510818	22.602708098334226	0.19232764736541594	28634	25067.959680140182	33141.386430517	3566.040319859818	22.52302689979889	0.19188105896154584	per_gene_GC3_binomial_third_position	GC3_plus_dinucleotide_observed_correction	0.004975124378109453	0.004975124378109453	0.005099059860838157	0.0051172707889125795
SP003	P	CCC	4	full	4717	4629.9108125107805	1760.4610471708388	87.08918748921951	1.2799055615095267	0.02688232199032927	4701	4619.0403198597705	1756.2692512024455	81.95968014022947	1.2059363280928153	0.025371818497814114	per_gene_GC3_binomial_third_position	GC3_plus_dinucleotide_observed_correction	0.004975124378109453	0.004975124378109453	0.005099059860838157	0.0051172707889125795
SP003	P	CCG	4	full	1662	4629.9108125107805	788.4341117051725	-2967.9108125107805	-43.61787799968886	-1.4777858552215641	1657	4619.0403198597705	786.5567881846656	-2962.0403198597705	-43.58279608806388	-1.47874042908414	per_gene_GC3_binomial_third_position	GC3_plus_dinucleotide_observed_correction	0.004975124378109453	0.004975124378109453	0.005099059860838157	0.0051172707889125795
SP003	P	CCT	4	full	24419	25120.589187489182	23740.1969562168	-701.5891874891822	-4.42657652617209	-0.0408653564156849	24382	25067.959680140182	23689.787530095837	-685.9596801401822	-4.332505227698071	-0.04002729641911132	per_gene_GC3_binomial_third_position	GC3_plus_dinucleotide_observed_correction	0.004975124378109453	0.004975124378109453	0.005099059860838157	0.0051172707889125795
SP003	T	ACA	4	full	70308	53343.775317071115	70475.92900292634	16964.224682928885	73.45005771613492	0.39836566016273434	70066	53152.194467806105	70222.52212192898	16913.805532193895	73.3636166874805	0.3985820036395554	per_gene_GC3_binomial_third_position	GC3_plus_dinucleotide_observed_correction	0.004975124378109453	0.004975124378109453	0.005099059860838157	0.0051172707889125795
SP003	T	ACC	4	full	12193	9767.724682928932	3709.0598902689194	2425.2753170710675	24.53942271721111	0.3199440041171834	12130	9732.305532193961	3695.6225104261966	2397.694467806039	24.30445986901369	0.3177113828156505	per_gene_GC3_binomial_third_position	GC3_plus_dinucleotide_observed_correction	0.004975124378109453	0.004975124378109453	0.005099059860838157	0.0051172707889125795
SP003	T	ACG	4	full	8084	9767.724682928932	1661.126978381633	-1683.7246829289325	-17.036264478085474	-0.2729378342578728	8055	9732.305532193961	1655.1089590355248	-1677.305532193961	-17.002168350742732	-0.27288159044328336	per_gene_GC3_binomial_third_position	GC3_plus_dinucleotide_observed_correction	0.004975124378109453	0.004975124378109453	0.005099059860838157	0.0051172707889125795
SP003	T	ACT	4	full	35638	53343.775317071115	50376.88412842308	-17705.775317071115	-76.66075186191532	-0.5818968393080234	35518	53152.194467806105	50195.74640860928	-17634.194467806105	-76.48830306498203	-0.5815721723228643	per_gene_GC3_binomial_third_position	GC3_plus_dinucleotide_observed_correction	0.004975124378109453	0.004975124378109453	0.005099059860838157	0.0051172707889125795
SP003	A	GCA	4	full	26123	24847.387012326297	32858.29565833352	1275.6129876737032	8.092422895770747	0.07222502598346109	26066	24795.338414490063	32788.39207762811	1270.6615855099371	8.06946756978453	0.07209887478418417	per_gene_GC3_binomial_third_position	GC3_plus_dinucleotide_observed_correction	0.004975124378109453	0.004975124378109453	0.005099059860838157	0.0051172707889125795
SP003	A	GCC	4	full	5466	4590.112987673725	1746.9083988497932	875.887012326275	12.92815048376374	0.2519306131821758	5456	4579.161585509947	1742.675482894581	876.8384144900529	12.957660105020246	0.25273485590754075	per_gene_GC3_binomial_third_position	GC3_plus_dinucleotide_observed_correction	0.004975124378109453	0.004975124378109453	0.005099059860838157	0.0051172707889125795
SP003	A	GCG	4	full	2035	4590.112987673725	782.3644686094487	-2555.112987673725	-37.7136374244582	-1.1733035890740504	2029	4579.161585509947	780.4687292311567	-2550.161585509947	-37.68553759946187	-1.1741166541501549	per_gene_GC3_binomial_third_position	GC3_plus_dinucleotide_observed_correction	0.004975124378109453	0.004975124378109453	0.005099059860838157	0.0051172707889125795
SP003	A	GCT	4	full	25251	24847.387012326297	23487.431474207315	403.6129876737032	2.560499943197972	0.023245915307818003	25198	24795.338414490063	23437.463710246215	402.66158550993714	2.557143965729062	0.023239848859527817	per_gene_GC3_binomial_third_position	GC3_plus_dinucleotide_observed_correction	0.004975124378109453	0.004975124378109453	0.005099059860838157	0.0051172707889125795
SP003	Y	TAC	2	full	16170	29054.722302029742	5921.882050766252	-12884.722302029742	-75.59040955650984	-0.8454332044321717	16089	28927.79085898725	5895.886684948543	-12838.79085898725	-75.48601340807318	-0.8463615951653981	per_gene_GC3_binomial_third_position	GC3_plus_dinucleotide_observed_correction	0.004975124378109453	0.004975124378109453	0.005099059860838157	0.0051172707889125795
SP003	Y	TAT	2	full	172649	159764.27769797068	182897.11794923386	12884.722302029317	32.23556025893753	0.11189677437018995	171938	159099.20914101307	182131.11331505168	12838.790858986933	32.187712527777435	0.11196142712724577	per_gene_GC3_binomial_third_position	GC3_plus_dinucleotide_observed_correction	0.004975124378109453	0.004975124378109453	0.005099059860838157	0.0051172707889125795
SP003	H	CAC	2	full	9731	11386.454423515504	2321.4972704638026	-1655.4544235155045	-15.513970903145092	-0.2266478303952162	9612	11300.860301072302	2303.928661471237	-1688.8603010723018	-15.886856545803292	-0.233512836532754	per_gene_GC3_binomial_third_position	GC3_plus_dinucleotide_observed_correction	0.004975124378109453	0.004975124378109453	0.005099059860838157	0.0051172707889125795
SP003	H	CAT	2	full	64049	62393.54557648473	71458.50272953631	1655.4544235152716	6.627464282619717	0.03777895269135451	63640	61951.139698927895	70948.07133852888	1688.8603010721054	6.785300358844639	0.038802703177520895	per_gene_GC3_binomial_third_position	GC3_plus_dinucleotide_observed_correction	0.004975124378109453	0.004975124378109453	0.005099059860838157	0.0051172707889125795
SP003	Q	CAA	2	full	75868	73526.67651245577	84113.57882553388	2341.3234875442286	8.63453499431345	0.045223428769372506	75599	73261.70466302236	83809.95905716092	2337.295336977637	8.635253328623758	0.045307576384313326	per_gene_GC3_binomial_third_position	GC3_plus_dinucleotide_observed_correction	0.004975124378109453	0.004975124378109453	0.005099059860838157	0.0051172707889125795
SP003	Q	CAG	2	full	11085	13426.323487544189	2839.4211744661256	-2341.3234875441885	-20.206117240933043	-0.27644418998615294	11040	13377.295336977584	2829.0409428390344	-2337.295336977584	-20.20828392112638	-0.27703486908627095	per_gene_GC3_binomial_third_position	GC3_plus_dinucleotide_observed_correction	0.004975124378109453	0.004975124378109453	0.005099059860838157	0.0051172707889125795
SP003	N	AAC	2	full	56082	72612.22985022386	14796.291456472503	-16530.229850223855	-61.34427040239038	-0.3726718294311944	53558	69725.8239052111	14204.063463232487	-16167.823905211102	-61.22865831295249	-0.3805878661865599	per_gene_GC3_binomial_third_position	GC3_plus_dinucleotide_observed_correction	0.004975124378109453	0.004975124378109453	0.005099059860838157	0.0051172707889125795
SP003	N	AAT	2	full	414666	398135.77014977793	455951.70854352723	16530.229850222066	26.19770776858406	0.0586891930722897	399356	383188.17609478976	438709.9365367677	16167.823905210244	26.11833695605071	0.05962226793965389	per_gene_GC3_binomial_third_position	GC3_plus_dinucleotide_observed_correction	0.004975124378109453	0.004975124378109453	0.005099059860838157	0.0051172707889125795
SP003	K	AAA	2	full	312963	319898.01845771086	366197.76745478756	-6935.018457710859	-12.261450418482415	-0.03161990118515457	311691	318590.0339251022	364700.4597016921	-6899.033925102209	-12.222841707888328	-0.03158458922732045	per_gene_GC3_binomial_third_position	GC3_plus_dinucleotide_observed_correction	0.004975124378109453	0.004975124378109453	0.005099059860838157	0.0051172707889125795
SP003	K	AAG	2	full	65659	58723.98154228931	12424.23254521286	6935.018457710692	28.618039221501448	0.16104169251747544	65383	58483.96607489805	12373.540298308357	6899.033925101947	28.527904519118295	0.16087312245628854	per_gene_GC3_binomial_third_position	GC3_plus_dinucleotide_observed_correction	0.004975124378109453	0.004975124378109453	0.005099059860838157	0.0051172707889125795
SP003	D	GAC	2	full	24999	31568.85959775788	6436.766380609659	-6569.859597757881	-36.97657159978009	-0.33662575436817077	24313	30844.618581287403	6287.763005689303	-6531.618581287403	-37.190422635575224	-0.3432846040702827	per_gene_GC3_binomial_third_position	GC3_plus_dinucleotide_observed_correction	0.004975124378109453	0.004975124378109453	0.005099059860838157	0.0051172707889125795
SP003	D	GAT	2	full	179506	172936.14040224208	198068.2336193904	6569.859597757924	15.7984037064291	0.0537925177389466	175724	169192.38141871244	193749.2369943108	6531.618581287563	15.879265649592988	0.05464647981214836	per_gene_GC3_binomial_third_position	GC3_plus_dinucleotide_observed_correction	0.004975124378109453	0.004975124378109453	0.005099059860838157	0.0051172707889125795
SP003	E	GAA	2	full	192093	187417.12060960513	214584.6499463835	4675.879390394868	10.800868281163345	0.03555210384384901	190500	185813.56201106624	212736.81849596312	4686.437988933758	10.87186799067892	0.035935098385580615	per_gene_GC3_binomial_third_position	GC3_plus_dinucleotide_observed_correction	0.004975124378109453	0.004975124378109453	0.005099059860838157	0.0051172707889125795
SP003	E	GAG	2	full	29784	34459.87939039515	7292.350053616605	-4675.879390395152	-25.188738857002228	-0.21037684455807354	29463	34149.43798893409	7226.181504037263	-4686.437988934093	-25.36010775015565	-0.21295413899664886	per_gene_GC3_binomial_third_position	GC3_plus_dinucleotide_observed_correction	0.004975124378109453	0.004975124378109453	0.005099059860838157	0.0051172707889125795
SP003	C	TGC	2	full	6648	8479.490144767824	2555.87102506063	-1831.490144767824	-19.889309970308748	-0.3510337041526268	6637	8459.60559870016	2549.8724588248856	-1822.60559870016	-19.816075215804016	-0.3500357152026949	per_gene_GC3_binomial_third_position	GC3_plus_dinucleotide_observed_correction	0.004975124378109453	0.004975124378109453	0.005099059860838157	0.0051172707889125795
SP003	C	TGT	2	full	48027	46195.50985523224	52119.128974939515	1831.490144767762	8.521277404506531	0.056092467837852364	47912	46089.39440129993	51999.12754117524	1822.6055987000727	8.48969717118612	0.05595163077313293	per_gene_GC3_binomial_third_position	GC3_plus_dinucleotide_observed_correction	0.004975124378109453	0.004975124378109453	0.005099059860838157	0.0051172707889125795
SP003	R	AGA	6	full	56102	23535.126005594197	59620.51483932744	32566.873994405803	212.28426766595462	1.25321883397692	55910	23452.873778314504	59411.89660238309	32457.126221685496	211.93956143662086	1.2533237768542704	per_gene_GC3_binomial_third_position	GC3_plus_dinucleotide_observed_correction	0.004975124378109453	0.004975124378109453	0.005099059860838157	0.0051172707889125795
SP003	R	AGG	6	full	11744	4367.20732773912	3542.5550293790693	7376.79267226088	111.62607969733921	1.4270372024360904	11706	4351.792888352145	3530.081933251053	7354.207111647855	111.48122888137554	1.4274622531014605	per_gene_GC3_binomial_third_position	GC3_plus_dinucleotide_observed_correction	0.004975124378109453	0.004975124378109453	0.005099059860838157	0.0051172707889125795
SP003	R	CGA	6	full	6241	23535.126005594197	10674.076683184881	-17294.126005594197	-112.73022012032656	-1.9148815324310673	6212	23452.873778314504	10636.727004728458	-17240.873778314504	-112.57999868511956	-1.9165496182086372	per_gene_GC3_binomial_third_position	GC3_plus_dinucleotide_observed_correction	0.004975124378109453	0.004975124378109453	0.005099059860838157	0.0051172707889125795
SP003	R	CGC	6	full	921	4367.20732773912	436.2218171000978	-3446.20732773912	-52.14822090178936	-2.2448201161120034	917	4351.792888352145	434.68590965117966	-3434.7928883521454	-52.06746646284033	-2.2459955832153327	per_gene_GC3_binomial_third_position	GC3_plus_dinucleotide_observed_correction	0.004975124378109453	0.004975124378109453	0.005099059860838157	0.0051172707889125795
SP003	R	CGG	6	full	505	4367.20732773912	634.2364560235466	-3862.20732773912	-58.44315844676187	-3.111093189839702	505	4351.792888352145	632.0033524533077	-3846.7928883521454	-58.31290741953853	-3.105992649042893	per_gene_GC3_binomial_third_position	GC3_plus_dinucleotide_observed_correction	0.004975124378109453	0.004975124378109453	0.005099059860838157	0.0051172707889125795
SP003	R	CGT	6	full	8194	23535.126005594197	8799.395174985035	-15341.126005594197	-99.99976355815157	-1.5221183977778316	8164	23452.873778314504	8768.60519753299	-15288.873778314504	-99.83376782356301	-1.522359028099398	per_gene_GC3_binomial_third_position	GC3_plus_dinucleotide_observed_correction	0.004975124378109453	0.004975124378109453	0.005099059860838157	0.0051172707889125795
SP003	G	GGA	4	full	39164	35118.00107235966	43239.013175606495	4045.998927640343	21.59040899687631	0.157315271000337	39049	34963.21187776391	43047.61254592214	4085.7881222360884	21.85094281904491	0.15944572099783166	per_gene_GC3_binomial_third_position	GC3_plus_dinucleotide_observed_correction	0.004975124378109453	0.004975124378109453	0.005099059860838157	0.0051172707889125795
SP003	G	GGC	4	full	3883	6482.498927640226	1759.224177639702	-2599.4989276402257	-32.286310256017536	-0.7393038683216889	3856	6452.788122235948	1751.1496577674507	-2596.7881222359483	-32.32680722458304	-0.7427423285428367	per_gene_GC3_binomial_third_position	GC3_plus_dinucleotide_observed_correction	0.004975124378109453	0.004975124378109453	0.005099059860838157	0.0051172707889125795
SP003	G	GGG	4	full	6491	6482.498927640226	2557.7907019747086	8.501072359774298	0.10558506364366345	0.0018905480295075849	6477	6452.788122235948	2546.0509066065806	24.21187776405168	0.3014079964097089	0.0054026709698076995	per_gene_GC3_binomial_third_position	GC3_plus_dinucleotide_observed_correction	0.004975124378109453	0.004975124378109453	0.005099059860838157	0.0051172707889125795
SP003	G	GGT	4	full	33663	35118.00107235966	35644.971944779085	-1455.001072359657	-7.7642304916426506	-0.06104608736426163	33450	34963.21187776391	35487.18688970382	-1513.2118777639116	-8.09271191380888	-0.06383057918960763	per_gene_GC3_binomial_third_position	GC3_plus_dinucleotide_observed_correction	0.004975124378109453	0.004975124378109453	0.005099059860838157	0.0051172707889125795
SP004	F	TTC	2	full	78778	96181.96908645135	64465.109247934095	-17403.969086451354	-56.117907806611306	-0.2879720146582536	78765	96164.08123159404	64452.724826334925	-17399.081231594042	-56.10736489968101	-0.2879417723597287	per_gene_GC3_binomial_third_position	GC3_plus_dinucleotide_observed_correction	0.004975124378109453	0.004975124378109453	0.005099059860838157	0.0051172707889125795
SP004	F	TTT	2	full	101563	84159.03091354851	115875.89075206562	17403.969086451485	59.9926353822448	0.2711834494509151	101546	84146.91876840583	115858.2751736648	17399.081231594173	59.98010293793564	0.2711495926537442	per_gene_GC3_binomial_third_position	GC3_plus_dinucleotide_observed_correction	0.004975124378109453	0.004975124378109453	0.005099059860838157	0.0051172707889125795
SP004	L	CTA	6	full	39911	53033.97078903836	39959.19763146107	-13122.970789038358	-56.98428318471471	-0.4101258714425906	39897	53015.24445559691	39945.52319157078	-13118.244455596912	-56.97381951691497	-0.4101225213324579	per_gene_GC3_binomial_third_position	GC3_plus_dinucleotide_observed_correction	0.004975124378109453	0.004975124378109453	0.005099059860838157	0.0051172707889125795
SP004	L	CTC	6	full	59621	62074.02921096171	32895.50185305353	-2453.0292109617076	-9.845726141939485	-0.058168742545859575	59610	62058.08887773651	32887.21781222496	-2448.0888777365108	-9.827158987104045	-0.058064418073811186	per_gene_GC3_binomial_third_position	GC3_plus_dinucleotide_observed_correction	0.004975124378109453	0.004975124378109453	0.005099059860838157	0.0051172707889125795
SP004	L	CTG	6	full	78901	62074.02921096171	38410.046032334794	16826.970789038292	67.53843184865057	0.34605131296339037	78866	62058.08887773651	38400.3732694452	16807.91112226349	67.47059567229302	0.34578172658687084	per_gene_GC3_binomial_third_position	GC3_plus_dinucleotide_observed_correction	0.004975124378109453	0.004975124378109453	0.005099059860838157	0.0051172707889125795
SP004	L	CTT	6	full	34940	53033.97078903836	59586.155950926826	-18093.970789038358	-78.57001070518072	-0.6020301189106684	34938	53015.24445559691	59565.764968220945	-18077.244455596912	-78.51124184051241	-0.6016031995601822	per_gene_GC3_binomial_third_position	GC3_plus_dinucleotide_observed_correction	0.004975124378109453	0.004975124378109453	0.005099059860838157	0.0051172707889125795
SP004	L	TTA	6	full	63319	53033.97078903836	88960.98392287084	10285.029210961642	44.661001425840176	0.25571949099533137	63288	53015.24445559691	88930.54057817574	10272.755544403088	44.615582695480235	0.2555225043254661	per_gene_GC3_binomial_third_position	GC3_plus_dinucleotide_observed_correction	0.004975124378109453	0.004975124378109453	0.005099059860838157	0.0051172707889125795
SP004	L	TTG	6	full	68632	62074.02921096171	85512.11460935228	6557.970789038292	26.32173483592395	0.1448904924146966	68621	62058.08887773651	85490.5801803618	6562.911122263489	26.34494670648896	0.14502976971874115	per_gene_GC3_binomial_third_position	GC3_plus_dinucleotide_observed_correction	0.004975124378109453	0.004975124378109453	0.005099059860838157	0.0051172707889125795
SP004	I	ATA	3	full	78221	75924.28877851012	72375.40949148736	2296.7112214898807	8.335200021582052	0.04299421206350007	78196	75902.17226288225	72353.66693831097	2293.8277371177537	8.325948060726404	0.04295335664630904	per_gene_GC3_binomial_third_position	GC3_plus_dinucleotide_observed_correction	0.004975124378109453	0.004975124378109453	0.005099059860838157	0.0051172707889125795
SP004	I	ATC	3	full	68403	87742.42244297986	59291.19030542839	-19339.422442979863	-65.2888005152128	-0.3592126134906665	68384	87711.65547423561	59270.354810023535	-19327.65547423561	-65.2605187282129	-0.35910742897292125	per_gene_GC3_binomial_third_position	GC3_plus_dinucleotide_observed_correction	0.004975124378109453	0.004975124378109453	0.005099059860838157	0.0051172707889125795
SP004	I	ATT	3	full	92967	75924.28877851012	107924.40020308428	17042.71122148988	61.8512269248322	0.29215547063962544	92936	75902.17226288225	107891.97825166553	17033.827737117754	61.82799288703636	0.29209463510796	per_gene_GC3_binomial_third_position	GC3_plus_dinucleotide_observed_correction	0.004975124378109453	0.004975124378109453	0.005099059860838157	0.0051172707889125795
SP004	V	GTA	4	full	41471	48015.56976546342	48923.514790495465	-6544.5697654634205	-29.866893843122977	-0.2113970906026736	41393	47938.76003511769	48846.32598981505	-6545.760035117688	-29.89624761760238	-0.21180340063654157	per_gene_GC3_binomial_third_position	GC3_plus_dinucleotide_observed_correction	0.004975124378109453	0.004975124378109453	0.005099059860838157	0.0051172707889125795
SP004	V	GTC	4	full	40588	58959.930234536725	42476.6281856911	-18371.930234536725	-75.66173695081666	-0.5386760274460404	40570	58873.239964882465	42414.48258047864	-18303.239964882465	-75.43432440049246	-0.5371931952696798	per_gene_GC3_binomial_third_position	GC3_plus_dinucleotide_observed_correction	0.004975124378109453	0.004975124378109453	0.005099059860838157	0.0051172707889125795
SP004	V	GTG	4	full	85405	58959.930234536725	49597.33556274389	26445.069765463275	108.90961846127063	0.5345819286451001	85264	58873.239964882465	49524.771977376455	26390.760035117535	108.7659429414792	0.5343209203281449	per_gene_GC3_binomial_third_position	GC3_plus_dinucleotide_observed_correction	0.004975124378109453	0.004975124378109453	0.005099059860838157	0.0051172707889125795
SP004	V	GTT	4	full	46487	48015.56976546342	72953.52146107004	-1528.5697654634205	-6.975803231225947	-0.04667447739232787	46397	47938.76003511769	72838.4194523303	-1541.760035117688	-7.041632985247835	-0.04716056864185684	per_gene_GC3_binomial_third_position	GC3_plus_dinucleotide_observed_correction	0.004975124378109453	0.004975124378109453	0.005099059860838157	0.0051172707889125795
SP004	S	AGC	6	full	100968	60650.154958140134	59332.11394906898	40317.845041859866	163.7123165792414	0.7353101433443798	100543	60487.433395188	59172.04514216141	40055.566604812	162.86595153371687	0.7331005402520038	per_gene_GC3_binomial_third_position	GC3_plus_dinucleotide_observed_correction	0.004975124378109453	0.004975124378109453	0.005099059860838157	0.0051172707889125795
SP004	S	AGT	6	full	64057	51681.84504185991	50936.826374933444	12375.15495814009	54.43542787975019	0.309695961961505	63869	51570.56660481207	50825.86253469988	12298.43339518793	54.15628211710401	0.3085652724706401	per_gene_GC3_binomial_third_position	GC3_plus_dinucleotide_observed_correction	0.004975124378109453	0.004975124378109453	0.005099059860838157	0.0051172707889125795
SP004	S	TCA	6	full	34978	51681.84504185991	63379.33181492795	-16703.84504185991	-73.47632859276514	-0.5632031097668723	34931	51570.56660481207	63241.2624739397	-16639.56660481207	-73.27250832688475	-0.5620332889031473	per_gene_GC3_binomial_third_position	GC3_plus_dinucleotide_observed_correction	0.004975124378109453	0.004975124378109453	0.005099059860838157	0.0051172707889125795
SP004	S	TCC	6	full	63207	60650.154958140134	61393.703606522475	2556.845041859866	10.382177532118334	0.05957252924681233	63138	60487.433395188	61228.072951657145	2650.5666048119965	10.777204987641822	0.06187261549698107	per_gene_GC3_binomial_third_position	GC3_plus_dinucleotide_observed_correction	0.004975124378109453	0.004975124378109453	0.005099059860838157	0.0051172707889125795
SP004	S	TCG	6	full	37855	60650.154958140134	48450.811075441576	-22795.154958140134	-92.56069170128819	-0.6800203012701829	37796	60487.433395188	48320.09832974024	-22691.433395188003	-92.26337822237377	-0.6783947256412695	per_gene_GC3_binomial_third_position	GC3_plus_dinucleotide_observed_correction	0.004975124378109453	0.004975124378109453	0.005099059860838157	0.0051172707889125795
SP004	S	TCT	6	full	35931	51681.84504185991	53503.213179105325	-15750.84504185991	-69.28430328521306	-0.524422369071993	35897	51570.56660481207	53386.65856780138	-15673.56660481207	-69.01871706387786	-0.5226785096790173	per_gene_GC3_binomial_third_position	GC3_plus_dinucleotide_observed_correction	0.004975124378109453	0.004975124378109453	0.005099059860838157	0.0051172707889125795
SP004	P	CCA	4	full	39749	34602.79732444937	41953.86415812729	5146.20267555063	27.66503867928253	0.200027195342997	39722	34587.13633534269	41934.968390830225	5134.863664657307	27.61033107361276	0.19969999850741885	per_gene_GC3_binomial_third_position	GC3_plus_dinucleotide_observed_correction	0.004975124378109453	0.004975124378109453	0.005099059860838157	0.0051172707889125795
SP004	P	CCC	4	full	59326	41044.20267555061	41317.06650926432	18281.79732444939	90.23873076917495	0.5314806362566554	59304	41026.863664657285	41299.65469366278	18277.136335342715	90.23478591556186	0.5315551274593776	per_gene_GC3_binomial_third_position	GC3_plus_dinucleotide_observed_correction	0.004975124378109453	0.004975124378109453	0.005099059860838157	0.0051172707889125795
SP004	P	CCG	4	full	26421	41044.20267555061	32606.688732476825	-14623.202675550609	-72.1799517740706	-0.6354836629358367	26409	41026.863664657285	32592.947639520502	-14617.863664657285	-72.16884385616677	-0.6355294647230298	per_gene_GC3_binomial_third_position	GC3_plus_dinucleotide_observed_correction	0.004975124378109453	0.004975124378109453	0.005099059860838157	0.0051172707889125795
SP004	P	CCT	4	full	25798	34602.79732444937	35416.38060013165	-8804.79732444937	-47.33297032808219	-0.423622332240954	25793	34587.13633534269	35400.429275986586	-8794.136335342693	-47.28636076484888	-0.42324887539580835	per_gene_GC3_binomial_third_position	GC3_plus_dinucleotide_observed_correction	0.004975124378109453	0.004975124378109453	0.005099059860838157	0.0051172707889125795
SP004	T	ACA	4	full	42809	42631.22223632617	51504.65504468982	177.77776367383194	0.8610206091734737	0.006003646985551245	42800	42614.64664982462	51484.16433283094	185.35335017537727	0.8978855745720067	0.006261353495268604	per_gene_GC3_binomial_third_position	GC3_plus_dinucleotide_observed_correction	0.004975124378109453	0.004975124378109453	0.005099059860838157	0.0051172707889125795
SP004	T	ACC	4	full	57373	48066.7777636739	48297.169583757626	9306.222236326103	42.447382490497525	0.2553294301410003	57347	48040.853350175435	48270.78235749161	9306.146649824565	42.458489085905576	0.2554538018446601	per_gene_GC3_binomial_third_position	GC3_plus_dinucleotide_observed_correction	0.004975124378109453	0.004975124378109453	0.005099059860838157	0.0051172707889125795
SP004	T	ACG	4	full	50871	48066.7777636739	38115.26103684364	2804.2222363261026	12.790570741912957	0.0818025338423897	50834	48040.853350175435	38094.436710577014	2793.1466498245645	12.743489975966115	0.08153115440188172	per_gene_GC3_binomial_third_position	GC3_plus_dinucleotide_observed_correction	0.004975124378109453	0.004975124378109453	0.005099059860838157	0.0051172707889125795
SP004	T	ACT	4	full	30343	42631.22223632617	43478.91433470874	-12288.222236326168	-59.51482557173133	-0.4905398342528205	30330	42614.64664982462	43461.616599100234	-12284.646649824623	-59.50907822898975	-0.49059701587965265	per_gene_GC3_binomial_third_position	GC3_plus_dinucleotide_observed_correction	0.004975124378109453	0.004975124378109453	0.005099059860838157	0.0051172707889125795
SP004	A	GCA	4	full	56514	47210.97746918029	57487.98548838029	9303.022530819711	42.81565345431985	0.2594834368342367	56335	47084.99765130356	57333.14612559379	9250.002348696442	42.628550588074134	0.2587615501684033	per_gene_GC3_binomial_third_position	GC3_plus_dinucleotide_observed_correction	0.004975124378109453	0.004975124378109453	0.005099059860838157	0.0051172707889125795
SP004	A	GCC	4	full	62566	59148.522530819624	59636.81744432042	3417.477469180376	14.051856614410113	0.08103607378622393	62419	58964.002348696406	59449.32998596776	3454.9976513035945	14.228341459294489	0.08215011244742086	per_gene_GC3_binomial_third_position	GC3_plus_dinucleotide_observed_correction	0.004975124378109453	0.004975124378109453	0.005099059860838157	0.0051172707889125795
SP004	A	GCG	4	full	57171	59148.522530819624	47064.30798920541	-1977.522530819624	-8.131103512880571	-0.04905818491631468	56986	58964.002348696406	46916.34624573608	-1978.0023486964055	-8.145792172657522	-0.04922650053410649	per_gene_GC3_binomial_third_position	GC3_plus_dinucleotide_observed_correction	0.004975124378109453	0.004975124378109453	0.005099059860838157	0.0051172707889125795
SP004	A	GCT	4	full	36468	47210.97746918029	48529.88907809358	-10742.977469180289	-49.44281268417615	-0.37248677151586257	36358	47084.99765130356	48399.17764270209	-10726.997651303558	-49.435269830086895	-0.3729900965268373	per_gene_GC3_binomial_third_position	GC3_plus_dinucleotide_observed_correction	0.004975124378109453	0.004975124378109453	0.005099059860838157	0.0051172707889125795
SP004	Y	TAC	2	full	100502	90470.1548801009	68134.76095225921	10031.845119899095	33.35248147576239	0.15170956920212528	100426	90406.49353679705	68085.46027716536	10019.506463202953	33.32318599339235	0.15163372666413427	per_gene_GC3_binomial_third_position	GC3_plus_dinucleotide_observed_correction	0.004975124378109453	0.004975124378109453	0.005099059860838157	0.0051172707889125795
SP004	Y	TAT	2	full	75886	85917.84511989927	108253.23904774076	-10031.84511989927	-34.2246590623863	-0.17912294874659418	75853	85872.50646320314	108193.53972283463	-10019.506463203143	-34.19158708408413	-0.17898895200858359	per_gene_GC3_binomial_third_position	GC3_plus_dinucleotide_observed_correction	0.004975124378109453	0.004975124378109453	0.005099059860838157	0.0051172707889125795
SP004	H	CAC	2	full	66815	61773.4858738513	46953.7657020183	5041.514126148701	20.2842957380254	0.11318339952052058	66731	61696.05294596062	46894.27408646953	5034.947054039381	20.270581979879267	0.11317804664346374	per_gene_GC3_binomial_third_position	GC3_plus_dinucleotide_observed_correction	0.004975124378109453	0.004975124378109453	0.005099059860838157	0.0051172707889125795
SP004	H	CAT	2	full	45274	50315.514126148795	65135.23429798181	-5041.514126148795	-22.47553462397315	-0.1523189325443884	45229	50263.947054039476	65065.725913530594	-5034.947054039476	-22.457769155441042	-0.15227426919170048	per_gene_GC3_binomial_third_position	GC3_plus_dinucleotide_observed_correction	0.004975124378109453	0.004975124378109453	0.005099059860838157	0.0051172707889125795
SP004	Q	CAA	2	full	64595	61986.45391237428	86760.17342505828	2608.5460876257202	10.477317821976044	0.059469053528893825	64478	61862.636173957915	86585.82838606842	2615.363826042085	10.51520880723368	0.05973820879583028	per_gene_GC3_binomial_third_position	GC3_plus_dinucleotide_observed_correction	0.004975124378109453	0.004975124378109453	0.005099059860838157	0.0051172707889125795
SP004	Q	CAG	2	full	70965	73573.54608762571	48799.82657494178	-2608.546087625713	-9.616956904870918	-0.05207910588812428	70801	73416.36382604208	48693.17161393163	-2615.363826042085	-9.652408137599101	-0.05233156208555547	per_gene_GC3_binomial_third_position	GC3_plus_dinucleotide_observed_correction	0.004975124378109453	0.004975124378109453	0.005099059860838157	0.0051172707889125795
SP004	N	AAC	2	full	152098	161098.66347991588	121347.68711531012	-9000.663479915878	-22.424798830458162	-0.08294307752589	151685	160760.67239846857	121089.80020362603	-9075.672398468567	-22.635438068602443	-0.0838358225146657	per_gene_GC3_binomial_third_position	GC3_plus_dinucleotide_observed_correction	0.004975124378109453	0.004975124378109453	0.005099059860838157	0.0051172707889125795
SP004	N	AAT	2	full	154316	145315.33652008354	185066.31288468992	9000.66347991646	23.61124015109432	0.08670039114935833	154149	145073.3276015308	184744.1997963741	9075.672398469207	23.827859165756372	0.08754293996644016	per_gene_GC3_binomial_third_position	GC3_plus_dinucleotide_observed_correction	0.004975124378109453	0.004975124378109453	0.005099059860838157	0.0051172707889125795
SP004	K	AAA	2	full	207149	180891.53667140577	249275.61133561347	26257.463328594225	61.73673298809713	0.19554343982207903	206972	180726.264994225	249041.8387643841	26245.735005775	61.737366911588275	0.19562891255331258	per_gene_GC3_binomial_third_position	GC3_plus_dinucleotide_observed_correction	0.004975124378109453	0.004975124378109453	0.005099059860838157	0.0051172707889125795
SP004	K	AAG	2	full	172863	199120.46332859446	130736.38866438597	-26257.46332859446	-58.84300192837612	-0.2040118379252969	172670	198915.7350057753	130600.16123561538	-26245.735005775292	-58.84697867257094	-0.20413940407012088	per_gene_GC3_binomial_third_position	GC3_plus_dinucleotide_observed_correction	0.004975124378109453	0.004975124378109453	0.005099059860838157	0.0051172707889125795
SP004	D	GAC	2	full	115021	121375.1241299147	91657.71244058564	-6354.124129914693	-18.238572804279062	-0.07757515699053942	114283	120458.97201684039	90962.88063109506	-6175.972016840387	-17.7944981063316	-0.07593071514854148	per_gene_GC3_binomial_third_position	GC3_plus_dinucleotide_observed_correction	0.004975124378109453	0.004975124378109453	0.005099059860838157	0.0051172707889125795
SP004	D	GAT	2	full	113403	107048.8758700853	136766.28755941396	6354.124129914693	19.420689247378036	0.08318878281384608	112510	106334.02798315958	135830.1193689045	6175.9720168404165	18.93952953751497	0.08144951490958809	per_gene_GC3_binomial_third_position	GC3_plus_dinucleotide_observed_correction	0.004975124378109453	0.004975124378109453	0.005099059860838157	0.0051172707889125795
SP004	E	GAA	2	full	173114	146682.0935691813	204534.17651928455	26431.906430818693	69.01443521681897	0.23902888890551163	171730	145460.9944070733	202785.50839791336	26269.005592926696	68.87638689251703	0.23950898720763578	per_gene_GC3_binomial_third_position	GC3_plus_dinucleotide_observed_correction	0.004975124378109453	0.004975124378109453	0.005099059860838157	0.0051172707889125795
SP004	E	GAG	2	full	144113	170544.90643081846	112692.82348071561	-26431.90643081846	-64.00429403409417	-0.2429504091055012	142686	168955.00559292655	111630.49160208693	-26269.00559292655	-63.90842305850008	-0.24379451946102138	per_gene_GC3_binomial_third_position	GC3_plus_dinucleotide_observed_correction	0.004975124378109453	0.004975124378109453	0.005099059860838157	0.0051172707889125795
SP004	C	TGC	2	full	48629	42002.13781157685	41626.94165796174	6626.862188423147	32.33495354695753	0.21135182455280224	48613	41990.83636457121	41615.735567290256	6622.163635428791	32.31637548919812	0.21126530446464342	per_gene_GC3_binomial_third_position	GC3_plus_dinucleotide_observed_correction	0.004975124378109453	0.004975124378109453	0.005099059860838157	0.0051172707889125795
SP004	C	TGT	2	full	30954	37580.86218842312	37956.05834203824	-6626.862188423118	-34.18413298747654	-0.27986820419082903	30951	37573.163635428755	37948.264432709715	-6622.163635428755	-34.163395298134056	-0.27971246506282305	per_gene_GC3_binomial_third_position	GC3_plus_dinucleotide_observed_correction	0.004975124378109453	0.004975124378109453	0.005099059860838157	0.0051172707889125795
SP004	R	AGA	6	full	53601	30124.28433415907	36714.92197503764	23476.71566584093	135.2629861790468	0.8313224610409352	53482	30069.866776401046	36648.669004308205	23412.133223598954	135.01289036037605	0.8307244397615982	per_gene_GC3_binomial_third_position	GC3_plus_dinucleotide_observed_correction	0.004975124378109453	0.004975124378109453	0.005099059860838157	0.0051172707889125795
SP004	R	AGG	6	full	69477	37661.048999174105	43925.89277881896	31815.951000825895	163.94519885547933	0.883453504230604	69416	37596.799890265436	43850.95868079121	31819.200109734564	164.1019786116773	0.8846495697090574	per_gene_GC3_binomial_third_position	GC3_plus_dinucleotide_observed_correction	0.004975124378109453	0.004975124378109453	0.005099059860838157	0.0051172707889125795
SP004	R	CGA	6	full	19572	30124.28433415907	28181.41307113515	-10552.28433415907	-60.79783519828236	-0.6221228694962619	19555	30069.866776401046	28130.559025017723	-10514.866776401046	-60.637044120576945	-0.6207680412247183	per_gene_GC3_binomial_third_position	GC3_plus_dinucleotide_observed_correction	0.004975124378109453	0.004975124378109453	0.005099059860838157	0.0051172707889125795
SP004	R	CGC	6	full	25276	37661.048999174105	33518.6844472839	-12385.048999174105	-63.819224544057974	-0.5752956289689711	25220	37596.799890265436	33461.50422333761	-12376.799890265436	-63.83118820928437	-0.5760321786061192	per_gene_GC3_binomial_third_position	GC3_plus_dinucleotide_observed_correction	0.004975124378109453	0.004975124378109453	0.005099059860838157	0.0051172707889125795
SP004	R	CGG	6	full	22373	37661.048999174105	33716.36550827844	-15288.048999174105	-78.77816486506558	-0.7513013762915869	22315	37596.799890265436	33658.848056080955	-15281.799890265436	-78.81321937986301	-0.7525829242838409	per_gene_GC3_binomial_third_position	GC3_plus_dinucleotide_observed_correction	0.004975124378109453	0.004975124378109453	0.005099059860838157	0.0051172707889125795
SP004	R	CGT	6	full	13057	30124.28433415907	27298.722219445946	-17067.28433415907	-98.33453187680067	-1.2060722092954022	13012	30069.866776401046	27249.46101046433	-17057.866776401046	-98.36916076245143	-1.2084443014363695	per_gene_GC3_binomial_third_position	GC3_plus_dinucleotide_observed_correction	0.004975124378109453	0.004975124378109453	0.005099059860838157	0.0051172707889125795
SP004	G	GGA	4	full	72181	59770.51799507747	61794.8677758073	12410.48200492253	50.76274976974578	0.27218300976366044	71774	59495.52056122412	61510.33497555587	12278.479438775881	50.33875299880512	0.27067819943589977	per_gene_GC3_binomial_third_position	GC3_plus_dinucleotide_observed_correction	0.004975124378109453	0.004975124378109453	0.005099059860838157	0.0051172707889125795
SP004	G	GGC	4	full	65229	75441.98200492284	74166.6894335463	-10212.982004922844	-37.183136582244686	-0.20985257049734082	64834	75066.4794387761	73797.35530228101	-10232.479438776107	-37.34718358643533	-0.21141672245484996	per_gene_GC3_binomial_third_position	GC3_plus_dinucleotide_observed_correction	0.004975124378109453	0.004975124378109453	0.005099059860838157	0.0051172707889125795
SP004	G	GGG	4	full	87923	75441.98200492284	74604.09770596008	12481.017995077156	45.44053799103053	0.2208716768192701	87735	75066.4794387761	74232.58537575482	12668.520561223893	46.23840839353304	0.2249822789740891	per_gene_GC3_binomial_third_position	GC3_plus_dinucleotide_observed_correction	0.004975124378109453	0.004975124378109453	0.005099059860838157	0.0051172707889125795
SP004	G	GGT	4	full	45092	59770.51799507747	59859.34508468572	-14678.51799507747	-60.03972574790251	-0.40655861685064787	44781	59495.52056122412	59583.72434640767	-14714.520561224119	-60.32592388338488	-0.40989032236261325	per_gene_GC3_binomial_third_position	GC3_plus_dinucleotide_observed_correction	0.004975124378109453	0.004975124378109453	0.005099059860838157	0.0051172707889125795
SP005	F	TTC	2	full	68916	75416.24943553988	48230.85553060924	-6500.249435539881	-23.669961797924888	-0.1300355351272602	68913	75412.22059731573	48228.29856126787	-6499.220597315725	-23.66684755974877	-0.13002126609347833	per_gene_GC3_binomial_third_position	GC3_plus_dinucleotide_observed_correction	0.004975124378109453	0.004975124378109453	0.005099059860838157	0.0051172707889125795
SP005	F	TTT	2	full	96381	89880.75056446026	117066.14446939048	6500.249435539736	21.68186704865684	0.10073605651392428	96375	89875.77940268442	117059.70143873182	6499.22059731558	21.67903483845073	0.100726037123139	per_gene_GC3_binomial_third_position	GC3_plus_dinucleotide_observed_correction	0.004975124378109453	0.004975124378109453	0.005099059860838157	0.0051172707889125795
SP005	L	CTA	6	full	40748	56198.31587024391	39416.1289112378	-15450.31587024391	-65.17420047826599	-0.4637927796230295	40746	56194.14770501873	39413.25392042987	-15448.147705018731	-65.16747123168209	-0.4637565850178821	per_gene_GC3_binomial_third_position	GC3_plus_dinucleotide_observed_correction	0.004975124378109453	0.004975124378109453	0.005099059860838157	0.0051172707889125795
SP005	L	CTC	6	full	41361	46946.684129755944	26508.722967363083	-5585.684129755944	-25.779465646427266	-0.182750121480929	41360	46943.85229498113	26507.141705463546	-5583.85229498113	-25.771788517888975	-0.18269797665147633	per_gene_GC3_binomial_third_position	GC3_plus_dinucleotide_observed_correction	0.004975124378109453	0.004975124378109453	0.005099059860838157	0.0051172707889125795
SP005	L	CTG	6	full	49462	46946.684129755944	28595.279059704113	2515.315870244056	11.608873248209106	0.07529653190073993	49459	46943.85229498113	28593.57333342905	2515.1477050188696	11.6084472369123	0.07529605228854941	per_gene_GC3_binomial_third_position	GC3_plus_dinucleotide_observed_correction	0.004975124378109453	0.004975124378109453	0.005099059860838157	0.0051172707889125795
SP005	L	CTT	6	full	40171	56198.31587024391	64975.366531283675	-16027.31587024391	-67.60816454681844	-0.48436740016523977	40170	56194.14770501873	64970.6272637128	-16024.147705018731	-67.59730710237707	-0.48429630794158496	per_gene_GC3_binomial_third_position	GC3_plus_dinucleotide_observed_correction	0.004975124378109453	0.004975124378109453	0.005099059860838157	0.0051172707889125795
SP005	L	TTA	6	full	67274	56198.31587024391	86897.6975620127	11075.68412975609	46.72065373737091	0.2595200308042841	67264	56194.14770501873	86891.35929164928	11069.852294981269	46.697785051459476	0.25941257191512174	per_gene_GC3_binomial_third_position	GC3_plus_dinucleotide_observed_correction	0.004975124378109453	0.004975124378109453	0.005099059860838157	0.0051172707889125795
SP005	L	TTG	6	full	70419	46946.684129755944	63041.804968398654	23472.315870244056	108.33118138484586	0.5849363553638856	70415	46943.85229498113	63038.044485315506	23471.14770501887	108.32905724773036	0.584941429820308	per_gene_GC3_binomial_third_position	GC3_plus_dinucleotide_observed_correction	0.004975124378109453	0.004975124378109453	0.005099059860838157	0.0051172707889125795
SP005	I	ATA	3	full	88667	87049.44716043974	74290.6487171988	1617.5528395602596	5.482459949291878	0.026561976836135613	88650	87039.02502135029	74281.80433260393	1610.9749786497123	5.4604921400160915	0.02645808437165439	per_gene_GC3_binomial_third_position	GC3_plus_dinucleotide_observed_correction	0.004975124378109453	0.004975124378109453	0.005099059860838157	0.0051172707889125795
SP005	I	ATC	3	full	58367	72568.10567912062	49912.21633142128	-14201.105679120621	-52.71682744831014	-0.31418027465809506	58364	72559.94995729958	49906.64020788061	-14195.949957299585	-52.700650086352624	-0.3140922805131455	per_gene_GC3_binomial_third_position	GC3_plus_dinucleotide_observed_correction	0.004975124378109453	0.004975124378109453	0.005099059860838157	0.0051172707889125795
SP005	I	ATT	3	full	99633	87049.44716043974	122464.1349513798	12583.55283956026	42.650121081325665	0.1947874823641096	99624	87039.02502135029	122449.5554595153	12584.974978649712	42.657494910824646	0.19482989470015197	per_gene_GC3_binomial_third_position	GC3_plus_dinucleotide_observed_correction	0.004975124378109453	0.004975124378109453	0.005099059860838157	0.0051172707889125795
SP005	V	GTA	4	full	49526	53212.609624739285	48244.00688030215	-3686.609624739285	-15.981585907102907	-0.10358104261643407	49399	53137.51952623647	48179.262556372356	-3738.5195262364723	-16.21806417233645	-0.10524801948979123	per_gene_GC3_binomial_third_position	GC3_plus_dinucleotide_observed_correction	0.004975124378109453	0.004975124378109453	0.005099059860838157	0.0051172707889125795
SP005	V	GTC	4	full	30791	44464.890375260744	32512.124421379864	-13673.890375260744	-64.84604313269496	-0.5301507019525001	30782	44424.98047376358	32483.96845652329	-13642.980473763579	-64.72851368886845	-0.5292769746136567	per_gene_GC3_binomial_third_position	GC3_plus_dinucleotide_observed_correction	0.004975124378109453	0.004975124378109453	0.005099059860838157	0.0051172707889125795
SP005	V	GTG	4	full	64537	44464.890375260744	35071.22058643845	20072.109624739256	95.18848336278283	0.5374548414217818	64469	44424.98047376358	35040.84840769336	20044.01952623642	95.09795860068631	0.537229415075709	per_gene_GC3_binomial_third_position	GC3_plus_dinucleotide_observed_correction	0.004975124378109453	0.004975124378109453	0.005099059860838157	0.0051172707889125795
SP005	V	GTT	4	full	50501	53212.609624739285	79527.64811187933	-2711.609624739285	-11.754925683882965	-0.07545547347638576	50475	53137.51952623647	79420.92057941077	-2662.5195262364723	-11.550270697682222	-0.07416116237919394	per_gene_GC3_binomial_third_position	GC3_plus_dinucleotide_observed_correction	0.004975124378109453	0.004975124378109453	0.005099059860838157	0.0051172707889125795
SP005	S	AGC	6	full	60965	44823.70292216165	31158.06333591092	16141.297077838353	76.24029448834406	0.44371513250207717	60879	44768.01671810822	31119.712452402637	16110.983281891778	76.14442640583388	0.4434719908207779	per_gene_GC3_binomial_third_position	GC3_plus_dinucleotide_observed_correction	0.004975124378109453	0.004975124378109453	0.005099059860838157	0.0051172707889125795
SP005	S	AGT	6	full	70493	54098.963744505214	56579.547232133955	16394.036255494786	70.48414208962559	0.3818759433893556	70333	54021.983281891975	56500.14472456053	16311.016718108025	70.17715709096696	0.3806520532572281	per_gene_GC3_binomial_third_position	GC3_plus_dinucleotide_observed_correction	0.004975124378109453	0.004975124378109453	0.005099059860838157	0.0051172707889125795
SP005	S	TCA	6	full	37997	54098.963744505214	71320.87530280904	-16101.963744505214	-69.22841225932447	-0.5097097922669502	37950	54021.983281891975	71220.78513563008	-16071.983281891975	-69.14873027409634	-0.5094410651906883	per_gene_GC3_binomial_third_position	GC3_plus_dinucleotide_observed_correction	0.004975124378109453	0.004975124378109453	0.005099059860838157	0.0051172707889125795
SP005	S	TCC	6	full	56202	44823.70292216165	46578.448480394916	11378.297077838353	53.74318530951879	0.32635637697211434	56165	44768.01671810822	46521.11742511046	11396.983281891778	53.864915602756874	0.3271996990088378	per_gene_GC3_binomial_third_position	GC3_plus_dinucleotide_observed_correction	0.004975124378109453	0.004975124378109453	0.005099059860838157	0.0051172707889125795
SP005	S	TCG	6	full	29866	44823.70292216165	29363.035017942908	-14957.702922161647	-70.64981644012269	-0.5857497480866874	29840	44768.01671810822	29326.893543959693	-14928.016718108222	-70.55343863801575	-0.5852128100588191	per_gene_GC3_binomial_third_position	GC3_plus_dinucleotide_observed_correction	0.004975124378109453	0.004975124378109453	0.005099059860838157	0.0051172707889125795
SP005	S	TCT	6	full	41245	54098.963744505214	61768.03063080801	-12853.963744505214	-55.26403582759781	-0.39137756769378756	41203	54021.983281891975	61681.34671833631	-12818.983281891975	-55.15289568191677	-0.390793067298276	per_gene_GC3_binomial_third_position	GC3_plus_dinucleotide_observed_correction	0.004975124378109453	0.004975124378109453	0.005099059860838157	0.0051172707889125795
SP005	P	CCA	4	full	38167	31629.798094047273	39437.183967904144	6537.2019059527265	36.75730727537471	0.2710375396973312	38128	31605.28791438987	39406.73140371464	6522.712085610128	36.69005253262923	0.27068099472390655	per_gene_GC3_binomial_third_position	GC3_plus_dinucleotide_observed_correction	0.004975124378109453	0.004975124378109453	0.005099059860838157	0.0051172707889125795
SP005	P	CCC	4	full	34256	26019.20190595275	25580.182096099456	8236.798094047252	51.06360062902272	0.39677332428327533	34251	25999.712085610157	25561.061788261675	8251.287914389843	51.17259865803029	0.3976437789445357	per_gene_GC3_binomial_third_position	GC3_plus_dinucleotide_observed_correction	0.004975124378109453	0.004975124378109453	0.005099059860838157	0.0051172707889125795
SP005	P	CCG	4	full	15579	26019.20190595275	16125.736411535294	-10440.201905952748	-64.72348775881925	-0.7399555008791443	15559	25999.712085610157	16113.682977234434	-10440.712085610157	-64.75090613784299	-0.7407276909854017	per_gene_GC3_binomial_third_position	GC3_plus_dinucleotide_observed_correction	0.004975124378109453	0.004975124378109453	0.005099059860838157	0.0051172707889125795
SP005	P	CCT	4	full	27296	31629.798094047273	34154.89752446106	-4333.7980940472735	-24.36803245548721	-0.21259117395396823	27272	31605.28791438987	34128.523830789214	-4333.287914389872	-24.374609691683194	-0.2127418264323968	per_gene_GC3_binomial_third_position	GC3_plus_dinucleotide_observed_correction	0.004975124378109453	0.004975124378109453	0.005099059860838157	0.0051172707889125795
SP005	T	ACA	4	full	57233	49292.47298376203	61455.27658102596	7940.5270162379675	35.76506545140779	0.21547783849198618	57181	49246.341275614126	61398.91546037664	7934.658724385874	35.75536921253558	0.2155172734778853	per_gene_GC3_binomial_third_position	GC3_plus_dinucleotide_observed_correction	0.004975124378109453	0.004975124378109453	0.005099059860838157	0.0051172707889125795
SP005	T	ACC	4	full	46587	40491.52701623802	39799.36938974574	6095.472983761982	30.291817603840304	0.2023050483396853	46534	40460.65872438592	39769.421598143876	6073.341275614082	30.193343740395846	0.20176306967411223	per_gene_GC3_binomial_third_position	GC3_plus_dinucleotide_observed_correction	0.004975124378109453	0.004975124378109453	0.005099059860838157	0.0051172707889125795
SP005	T	ACG	4	full	40568	40491.52701623802	25089.506310521152	76.4729837619816	0.38003706716614716	0.0027220949882119324	40545	40460.65872438592	25070.627234849784	84.3412756140824	0.4192988687041915	0.0030041674586842484	per_gene_GC3_binomial_third_position	GC3_plus_dinucleotide_observed_correction	0.004975124378109453	0.004975124378109453	0.005099059860838157	0.0051172707889125795
SP005	T	ACT	4	full	35180	49292.47298376203	53223.84771870707	-14112.472983762033	-63.56423432768623	-0.4866060090750515	35154	49246.341275614126	53175.03570662963	-14092.341275614126	-63.50328134845354	-0.4863218168630989	per_gene_GC3_binomial_third_position	GC3_plus_dinucleotide_observed_correction	0.004975124378109453	0.004975124378109453	0.005099059860838157	0.0051172707889125795
SP005	A	GCA	4	full	51682	40643.59901313226	50669.807463888785	11038.400986867739	54.75327327927529	0.34662995093710114	51611	40597.08968037894	50613.60685591181	11013.910319621064	54.66307836051371	0.3462984849945062	per_gene_GC3_binomial_third_position	GC3_plus_dinucleotide_observed_correction	0.004975124378109453	0.004975124378109453	0.005099059860838157	0.0051172707889125795
SP005	A	GCC	4	full	36005	33384.4009868678	32815.9975278249	2620.5990131322033	14.342629474945149	0.10902153997806381	35998	33356.91031962112	32789.546102407214	2641.0896803788783	14.460730740614979	0.10992950254982728	per_gene_GC3_binomial_third_position	GC3_plus_dinucleotide_observed_correction	0.004975124378109453	0.004975124378109453	0.005099059860838157	0.0051172707889125795
SP005	A	GCG	4	full	28154	33384.4009868678	20687.191523003014	-5230.400986867797	-28.626166378033275	-0.245830231404722	28137	33356.91031962112	20670.51655515514	-5219.910319621122	-28.580520450698963	-0.24551313877994718	per_gene_GC3_binomial_third_position	GC3_plus_dinucleotide_observed_correction	0.004975124378109453	0.004975124378109453	0.005099059860838157	0.0051172707889125795
SP005	A	GCT	4	full	32215	40643.59901313226	43883.00348528333	-8428.599013132261	-41.80799245076295	-0.3352909209694616	32162	40597.08968037894	43834.33048652589	-8435.089680378936	-41.86414768196316	-0.33601452374228064	per_gene_GC3_binomial_third_position	GC3_plus_dinucleotide_observed_correction	0.004975124378109453	0.004975124378109453	0.005099059860838157	0.0051172707889125795
SP005	Y	TAC	2	full	84357	73022.5193792246	55806.33313886142	11334.4806207754	41.94432578779566	0.20816501735427556	84326	72996.11288504368	55786.07577680816	11329.88711495632	41.93491004445796	0.20815655306429642	per_gene_GC3_binomial_third_position	GC3_plus_dinucleotide_observed_correction	0.004975124378109453	0.004975124378109453	0.005099059860838157	0.0051172707889125795
SP005	Y	TAT	2	full	76367	87701.48062077537	104917.66686113887	-11334.480620775372	-38.27349846305807	-0.19965062839824194	76340	87669.88711495629	104879.92422319212	-11329.887114956291	-38.26488030155664	-0.1996409826396004	per_gene_GC3_binomial_third_position	GC3_plus_dinucleotide_observed_correction	0.004975124378109453	0.004975124378109453	0.005099059860838157	0.0051172707889125795
SP005	H	CAC	2	full	46972	45006.8437950181	34406.65832136265	1965.1562049818967	9.263130829129487	0.06165595617193173	46951	44989.84072497201	34393.48433848892	1961.1592750279888	9.246037241699847	0.061555956727435475	per_gene_GC3_binomial_third_position	GC3_plus_dinucleotide_observed_correction	0.004975124378109453	0.004975124378109453	0.005099059860838157	0.0051172707889125795
SP005	H	CAT	2	full	51441	53406.15620498196	64006.341678637385	-1965.1562049819622	-8.503572448449829	-0.05408684849655424	51427	53388.159275028054	63984.51566151112	-1961.1592750280543	-8.487707261967435	-0.05399329679194888	per_gene_GC3_binomial_third_position	GC3_plus_dinucleotide_observed_correction	0.004975124378109453	0.004975124378109453	0.005099059860838157	0.0051172707889125795
SP005	Q	CAA	2	full	67813	67395.39405108028	89403.25360065674	417.6059489197214	1.6086129781638636	0.00891180604047179	67700	67306.55042684409	89289.16333124504	393.44957315591455	1.516562846025391	0.008408853478238998	per_gene_GC3_binomial_third_position	GC3_plus_dinucleotide_observed_correction	0.01990049751243781	0.03482587064676617	0.020252096408417276	0.03531637586714316
SP005	Q	CAG	2	full	55263	55680.60594891972	33672.74639934314	-417.6059489197214	-1.769761325491238	-0.010860931395584642	55226	55619.44957315593	33636.83666875483	-393.4495731559291	-1.6683060900705509	-0.010241737720511736	per_gene_GC3_binomial_third_position	GC3_plus_dinucleotide_observed_correction	0.01990049751243781	0.03482587064676617	0.020252096408417276	0.03531637586714316
SP005	N	AAC	2	full	137070	143241.16811472445	109273.00622966551	-6171.168114724453	-16.305474839476158	-0.06353311372035196	136833	142996.53828698973	109084.9411515445	-6163.538286989729	-16.299239304372993	-0.06356378811151386	per_gene_GC3_binomial_third_position	GC3_plus_dinucleotide_observed_correction	0.004975124378109453	0.004975124378109453	0.005099059860838157	0.0051172707889125795
SP005	N	AAT	2	full	180140	173968.83188527587	207936.99377033455	6171.1681147241325	14.795568394483372	0.05028956735479458	179855	173691.46171301062	207603.0588484556	6163.53828698938	14.789069949928297	0.05030728877623408	per_gene_GC3_binomial_third_position	GC3_plus_dinucleotide_observed_correction	0.004975124378109453	0.004975124378109453	0.005099059860838157	0.0051172707889125795
SP005	K	AAA	2	full	210619	202975.07008039943	268855.06062346295	7643.929919600574	16.96662053273831	0.053332916405848245	210161	202449.42729636256	268206.62488320674	7711.572703637445	17.138968521908534	0.05393327775148257	per_gene_GC3_binomial_third_position	GC3_plus_dinucleotide_observed_correction	0.004975124378109453	0.004975124378109453	0.005099059860838157	0.0051172707889125795
SP005	K	AAG	2	full	158759	166402.92991960119	100522.9393765371	-7643.929919601185	-18.738559943091186	-0.067842246912546	158404	166115.57270363803	100358.37511679344	-7711.572703638027	-18.920725432210634	-0.06857834876466083	per_gene_GC3_binomial_third_position	GC3_plus_dinucleotide_observed_correction	0.004975124378109453	0.004975124378109453	0.005099059860838157	0.0051172707889125795
SP005	D	GAC	2	full	89672	99598.2795640751	75987.96189586687	-9926.2795640751	-31.452892037399884	-0.1514624447843123	89170	98952.87848375046	75496.56580546944	-9782.878483750465	-31.09943098667813	-0.15018245811246994	per_gene_GC3_binomial_third_position	GC3_plus_dinucleotide_observed_correction	0.004975124378109453	0.004975124378109453	0.005099059860838157	0.0051172707889125795
SP005	D	GAT	2	full	130572	120645.72043592481	144256.03810413272	9926.279564075186	28.57791511686885	0.11406836148612771	129628	119845.12151624945	143301.43419453016	9782.878483750552	28.2589798012971	0.11320574066814149	per_gene_GC3_binomial_third_position	GC3_plus_dinucleotide_observed_correction	0.004975124378109453	0.004975124378109453	0.005099059860838157	0.0051172707889125795
SP005	E	GAA	2	full	186024	161753.26358335055	214430.70735038485	24270.73641664945	60.34710320630288	0.20169336091424583	184847	160711.0908364619	213115.29662405953	24135.909163538105	60.206133634562654	0.20186154892083152	per_gene_GC3_binomial_third_position	GC3_plus_dinucleotide_observed_correction	0.004975124378109453	0.004975124378109453	0.005099059860838157	0.0051172707889125795
SP005	E	GAG	2	full	108829	133099.73641664977	80422.29264961477	-24270.736416649772	-66.52645106233967	-0.2904434583346928	108306	132441.90916353837	80037.70337594007	-24135.909163538367	-66.32098174525446	-0.29024533040952327	per_gene_GC3_binomial_third_position	GC3_plus_dinucleotide_observed_correction	0.004975124378109453	0.004975124378109453	0.005099059860838157	0.0051172707889125795
SP005	C	TGC	2	full	35554	33515.52072964569	26262.006294119798	2038.4792703543135	11.134822893538278	0.08518129615464064	35552	33513.795588950634	26260.670260202223	2038.2044110493662	11.133608067666662	0.08517440035250831	per_gene_GC3_binomial_third_position	GC3_plus_dinucleotide_observed_correction	0.004975124378109453	0.004975124378109453	0.005099059860838157	0.0051172707889125795
SP005	C	TGT	2	full	38633	40671.479270354255	47924.993705880064	-2038.4792703542553	-10.107908808399255	-0.07418281576892849	38631	40669.20441104932	47922.32973979764	-2038.2044110493225	-10.106828558061077	-0.07417680905361486	per_gene_GC3_binomial_third_position	GC3_plus_dinucleotide_observed_correction	0.004975124378109453	0.004975124378109453	0.005099059860838157	0.0051172707889125795
SP005	R	AGA	6	full	58893	31039.890475941265	48092.31173470706	27853.109524058735	158.09334801476496	0.9239617082650432	58850	31022.703287627126	48065.7516583821	27827.296712372874	157.99058210093477	0.9237070136772058	per_gene_GC3_binomial_third_position	GC3_plus_dinucleotide_observed_correction	0.004975124378109453	0.004975124378109453	0.005099059860838157	0.0051172707889125795
SP005	R	AGG	6	full	54273	26167.109524058724	34452.7893472215	28105.890475941276	173.74786369853382	1.0524658118378747	54254	26152.963379039527	34434.15109266425	28101.036620960473	173.7648333090177	1.0527407947695693	per_gene_GC3_binomial_third_position	GC3_plus_dinucleotide_observed_correction	0.004975124378109453	0.004975124378109453	0.005099059860838157	0.0051172707889125795
SP005	R	CGA	6	full	18556	31039.890475941265	27898.160207826506	-12483.890475941265	-70.85815822059057	-0.7422220813155147	18543	31022.703287627126	27882.752812388066	-12479.703287627126	-70.8540109820474	-0.7424340872346185	per_gene_GC3_binomial_third_position	GC3_plus_dinucleotide_observed_correction	0.004975124378109453	0.004975124378109453	0.005099059860838157	0.0051172707889125795
SP005	R	CGC	6	full	13809	26167.109524058724	14771.810624185891	-12358.109524058724	-76.39662336959981	-0.9221210516987852	13804	26152.963379039527	14763.819376687456	-12348.963379039527	-76.36072619105484	-0.9218633740285588	per_gene_GC3_binomial_third_position	GC3_plus_dinucleotide_observed_correction	0.004975124378109453	0.004975124378109453	0.005099059860838157	0.0051172707889125795
SP005	R	CGG	6	full	12174	26167.109524058724	19985.927108628228	-13993.109524058724	-86.50403332304974	-1.1039196138055218	12165	26152.963379039527	19975.115130728293	-13987.963379039527	-86.49560362048916	-1.1042063923629684	per_gene_GC3_binomial_third_position	GC3_plus_dinucleotide_observed_correction	0.004975124378109453	0.004975124378109453	0.005099059860838157	0.0051172707889125795
SP005	R	CGT	6	full	13916	31039.890475941265	26420.000977430827	-17123.890475941265	-97.19464801735408	-1.1573502871999743	13911	31022.703287627126	26405.409929149842	-17111.703287627126	-97.15237491784946	-1.1570696728429497	per_gene_GC3_binomial_third_position	GC3_plus_dinucleotide_observed_correction	0.004975124378109453	0.004975124378109453	0.005099059860838157	0.0051172707889125795
SP005	G	GGA	4	full	79693	58685.854528233845	67630.63100487976	21007.145471766155	86.71621760315722	0.44143696547465106	79419	58488.19134611945	67405.67519441534	20930.80865388055	86.54697871598422	0.44133556824761455	per_gene_GC3_binomial_third_position	GC3_plus_dinucleotide_observed_correction	0.004975124378109453	0.004975124378109453	0.005099059860838157	0.0051172707889125795
SP005	G	GGC	4	full	33194	48412.645471766096	35070.070833710764	-15218.645471766096	-69.16662624049543	-0.5444546101291163	33127	48276.30865388052	34972.31917021373	-15149.308653880522	-68.94865304924808	-0.5433009765604964	per_gene_GC3_binomial_third_position	GC3_plus_dinucleotide_observed_correction	0.004975124378109453	0.004975124378109453	0.005099059860838157	0.0051172707889125795
SP005	G	GGG	4	full	52371	48412.645471766096	47449.0160488096	3958.3545282339037	17.990170589732166	0.11338309515749075	52320	48276.30865388052	47316.76024949681	4043.691346119478	18.403946875187728	0.11604601833364807	per_gene_GC3_binomial_third_position	GC3_plus_dinucleotide_observed_correction	0.004975124378109453	0.004975124378109453	0.005099059860838157	0.0051172707889125795
SP005	G	GGT	4	full	48939	58685.854528233845	64047.28211260021	-9746.854528233845	-40.234422109020805	-0.2620257318293198	48663	58488.19134611945	63834.2453858744	-9825.191346119449	-40.62626725869094	-0.26531762366778217	per_gene_GC3_binomial_third_position	GC3_plus_dinucleotide_observed_correction	0.004975124378109453	0.004975124378109453	0.005099059860838157	0.0051172707889125795
SP006	F	TTC	2	full	46538	56199.42423211197	37475.11981295524	-9661.424232111967	-40.754467148340154	-0.272143473984913	46530	56192.2415182862	37470.39486335922	-9662.241518286202	-40.76051951507552	-0.27220709802631615	per_gene_GC3_binomial_third_position	GC3_plus_dinucleotide_observed_correction	0.004975124378109453	0.004975124378109453	0.005099059860838157	0.0051172707889125795
SP006	F	TTT	2	full	67656	57994.575767888025	76718.88018704469	9661.424232111975	40.118756593175824	0.22229813625898126	67649	57986.75848171379	76708.60513664073	9662.24151828621	40.124854721974955	0.222343338998808	per_gene_GC3_binomial_third_position	GC3_plus_dinucleotide_observed_correction	0.004975124378109453	0.004975124378109453	0.005099059860838157	0.0051172707889125795
SP006	L	CTA	6	full	28810	36853.62957191571	26019.766123201498	-8043.629571915713	-41.89979797391532	-0.3552315865926057	28803	36847.41645674233	26015.36843916967	-8044.416456742329	-41.90742962291628	-0.35533891676665713	per_gene_GC3_binomial_third_position	GC3_plus_dinucleotide_observed_correction	0.004975124378109453	0.004975124378109453	0.005099059860838157	0.0051172707889125795
SP006	L	CTC	6	full	31352	35818.037094750965	20553.42640828509	-4466.0370947509655	-23.59779560059604	-0.19212592990093383	31350	35811.916876591014	20549.919402995125	-4461.916876591014	-23.578039527230725	-0.19197143293175511	per_gene_GC3_binomial_third_position	GC3_plus_dinucleotide_observed_correction	0.004975124378109453	0.004975124378109453	0.005099059860838157	0.0051172707889125795
SP006	L	CTG	6	full	41442	35818.037094750965	23704.937383309425	5623.9629052490345	29.716082577858955	0.2104046197803346	41433	35811.916876591014	23700.892639666676	5621.083123408986	29.703404105287834	0.2103378085575875	per_gene_GC3_binomial_third_position	GC3_plus_dinucleotide_observed_correction	0.004975124378109453	0.004975124378109453	0.005099059860838157	0.0051172707889125795
SP006	L	CTT	6	full	24175	36853.62957191571	42453.8384304294	-12678.629571915713	-66.04381926091803	-0.60828055700094	24174	36847.41645674233	42446.66317118719	-12673.416456742329	-66.0222293436455	-0.608096994484064	per_gene_GC3_binomial_third_position	GC3_plus_dinucleotide_observed_correction	0.004975124378109453	0.004975124378109453	0.005099059860838157	0.0051172707889125795
SP006	L	TTA	6	full	43625	36853.62957191571	55092.130615523085	6771.370428084287	35.27251602111061	0.2433453814460044	43613	36847.41645674233	55082.819318029455	6765.583543257671	35.24534286876654	0.24319172658844995	per_gene_GC3_binomial_third_position	GC3_plus_dinucleotide_observed_correction	0.004975124378109453	0.004975124378109453	0.005099059860838157	0.0051172707889125795
SP006	L	TTG	6	full	48611	35818.037094750965	50190.90103925167	12792.962905249035	67.59588363448371	0.44059123611147805	48605	35811.916876591014	50182.33702895205	12793.083123408986	67.60229468670438	0.4406596872847744	per_gene_GC3_binomial_third_position	GC3_plus_dinucleotide_observed_correction	0.004975124378109453	0.004975124378109453	0.005099059860838157	0.0051172707889125795
SP006	I	ATA	3	full	57083	56305.93345483859	48817.79161013764	777.0665451614113	3.274772467629446	0.01977402345259888	57067	56285.00826458881	48799.45183116609	781.9917354111894	3.2961411117106976	0.019905841301100735	per_gene_GC3_binomial_third_position	GC3_plus_dinucleotide_observed_correction	0.004975124378109453	0.004975124378109453	0.005099059860838157	0.0051172707889125795
SP006	I	ATC	3	full	44199	54165.13309032278	38308.122068254816	-9966.133090322779	-42.821983051928335	-0.29334773394515085	44172	54142.983470822306	38292.38502215511	-9970.983470822306	-42.851586419413614	-0.29363922442820106	per_gene_GC3_binomial_third_position	GC3_plus_dinucleotide_observed_correction	0.004975124378109453	0.004975124378109453	0.005099059860838157	0.0051172707889125795
SP006	I	ATT	3	full	65495	56305.93345483859	79651.08632160726	9189.066545161411	38.72525758917948	0.21809601576306056	65474	56285.00826458881	79621.16314667853	9188.99173541119	38.732140076048765	0.2181696155466629	per_gene_GC3_binomial_third_position	GC3_plus_dinucleotide_observed_correction	0.004975124378109453	0.004975124378109453	0.005099059860838157	0.0051172707889125795
SP006	V	GTA	4	full	31076	35026.58177620067	31884.436942182954	-3950.58177620067	-21.108733533769634	-0.17264676843907117	31023	34969.919836242276	31832.407687515486	-3946.919836242276	-21.106245597424014	-0.17277365927205887	per_gene_GC3_binomial_third_position	GC3_plus_dinucleotide_observed_correction	0.004975124378109453	0.004975124378109453	0.005099059860838157	0.0051172707889125795
SP006	V	GTC	4	full	25573	34537.41822379932	25644.403279294253	-8964.418223799323	-48.23665402608195	-0.43353150496684606	25527	34477.58016375774	25599.78414525005	-8950.580163757739	-48.20396895877462	-0.4336271870132321	per_gene_GC3_binomial_third_position	GC3_plus_dinucleotide_observed_correction	0.004975124378109453	0.004975124378109453	0.005099059860838157	0.0051172707889125795
SP006	V	GTG	4	full	50496	34537.41822379932	29576.527139190744	15958.581776200677	85.87156117302106	0.5480022687230663	50410	34477.58016375774	29525.0664358703	15932.419836242261	85.80514974148375	0.5480448205321817	per_gene_GC3_binomial_third_position	GC3_plus_dinucleotide_observed_correction	0.004975124378109453	0.004975124378109453	0.005099059860838157	0.0051172707889125795
SP006	V	GTT	4	full	31983	35026.58177620067	52022.63263933193	-3043.58177620067	-16.262454580510838	-0.13114297374622583	31935	34969.919836242276	51937.74173136412	-3034.919836242276	-16.229304391752883	-0.13097407804175834	per_gene_GC3_binomial_third_position	GC3_plus_dinucleotide_observed_correction	0.004975124378109453	0.004975124378109453	0.005099059860838157	0.0051172707889125795
SP006	S	AGC	6	full	57910	36096.66861001474	32041.212083653914	21813.33138998526	114.81230500806134	0.6819392737031753	57574	35979.621632580296	31936.28362394484	21594.378367419704	113.84459348531904	0.6782299134318431	per_gene_GC3_binomial_third_position	GC3_plus_dinucleotide_observed_correction	0.004975124378109453	0.004975124378109453	0.005099059860838157	0.0051172707889125795
SP006	S	AGT	6	full	49668	36898.33138998507	37485.48260822464	12769.66861001493	66.47774256812161	0.42875605179667897	49469	36800.04503408618	37384.24961067378	12668.954965913821	66.0414526266459	0.4268121844480984	per_gene_GC3_binomial_third_position	GC3_plus_dinucleotide_observed_correction	0.004975124378109453	0.004975124378109453	0.005099059860838157	0.0051172707889125795
SP006	S	TCA	6	full	23952	36898.33138998507	47102.24751375555	-12946.33138998507	-67.39743306024707	-0.6233988833438315	23928	36800.04503408618	46975.04355703887	-12872.045034086179	-67.1001321430096	-0.6209971716189069	per_gene_GC3_binomial_third_position	GC3_plus_dinucleotide_observed_correction	0.004975124378109453	0.004975124378109453	0.005099059860838157	0.0051172707889125795
SP006	S	TCC	6	full	38126	36096.66861001474	35317.80062656763	2029.3313899852583	10.681184379584948	0.07890841879263216	38099	35979.621632580296	35202.1420050903	2119.378367419704	11.173267624341698	0.0825720008890161	per_gene_GC3_binomial_third_position	GC3_plus_dinucleotide_observed_correction	0.004975124378109453	0.004975124378109453	0.005099059860838157	0.0051172707889125795
SP006	S	TCG	6	full	24992	36096.66861001474	27747.90371804062	-11104.668610014742	-58.44832119736658	-0.530390457984927	24963	35979.621632580296	27657.034970950514	-11016.621632580296	-58.07913476383793	-0.5273798426945338	per_gene_GC3_binomial_third_position	GC3_plus_dinucleotide_observed_correction	0.004975124378109453	0.004975124378109453	0.005099059860838157	0.0051172707889125795
SP006	S	TCT	6	full	24337	36898.33138998507	39290.35344975792	-12561.33138998507	-65.39315779905085	-0.6003941469723365	24306	36800.04503408618	39184.24623230198	-12494.045034086179	-65.1296721358474	-0.5983849651520852	per_gene_GC3_binomial_third_position	GC3_plus_dinucleotide_observed_correction	0.004975124378109453	0.004975124378109453	0.005099059860838157	0.0051172707889125795
SP006	P	CCA	4	full	25257	21227.54527263877	26472.120608966885	4029.4547273612297	27.65644743564817	0.25074031684136716	25242	21215.90534305047	26457.52792691572	4026.094656949532	27.640964728593282	0.25067455716849785	per_gene_GC3_binomial_third_position	GC3_plus_dinucleotide_observed_correction	0.004975124378109453	0.004975124378109453	0.005099059860838157	0.0051172707889125795
SP006	P	CCC	4	full	28771	20940.95472736123	20039.13619322316	7830.04527263877	54.10856723106604	0.45827877326289906	28757	20928.594656949525	20027.244350761684	7828.4053430504755	54.11320679222205	0.4584283568299021	per_gene_GC3_binomial_third_position	GC3_plus_dinucleotide_observed_correction	0.004975124378109453	0.004975124378109453	0.005099059860838157	0.0051172707889125795
SP006	P	CCG	4	full	13613	20940.95472736123	15744.016100027966	-7327.95472736123	-50.638932116673296	-0.6213236364167696	13600	20928.594656949525	15734.67311451366	-7328.5946569495245	-50.65830661412217	-0.6218502146144022	per_gene_GC3_binomial_third_position	GC3_plus_dinucleotide_observed_correction	0.004975124378109453	0.004975124378109453	0.005099059860838157	0.0051172707889125795
SP006	P	CCT	4	full	16696	21227.54527263877	22081.727097782015	-4531.54527263877	-31.102581394943897	-0.346425820898841	16690	21215.90534305047	22069.55460780895	-4525.905343050468	-31.07239163795399	-0.34615306936591356	per_gene_GC3_binomial_third_position	GC3_plus_dinucleotide_observed_correction	0.004975124378109453	0.004975124378109453	0.005099059860838157	0.0051172707889125795
SP006	T	ACA	4	full	34020	31017.883067790575	38595.65000815776	3002.1169322094247	17.045962424231075	0.13328086122543328	34013	31006.59328740059	38581.46463777914	3006.4067125994115	17.073427160979307	0.13350917841794768	per_gene_GC3_binomial_third_position	GC3_plus_dinucleotide_observed_correction	0.004975124378109453	0.004975124378109453	0.005099059860838157	0.0051172707889125795
SP006	T	ACC	4	full	33532	29838.11693220942	28517.007741953897	3693.883067790579	21.384418133375963	0.1683793806897159	33523	29825.906712599408	28505.2575438672	3697.093287400592	21.407383119049655	0.16858259874759024	per_gene_GC3_binomial_third_position	GC3_plus_dinucleotide_observed_correction	0.004975124378109453	0.004975124378109453	0.005099059860838157	0.0051172707889125795
SP006	T	ACG	4	full	31671	29838.11693220942	22404.769581124983	1832.883067790579	10.61082259289339	0.08600453082937509	31658	29825.906712599408	22395.537880413343	1832.093287400592	10.608421228342669	0.08600271945530637	per_gene_GC3_binomial_third_position	GC3_plus_dinucleotide_observed_correction	0.004975124378109453	0.004975124378109453	0.005099059860838157	0.0051172707889125795
SP006	T	ACT	4	full	22489	31017.883067790575	32194.572668763205	-8528.883067790575	-48.42683465604498	-0.4638718966366537	22471	31006.59328740059	32182.739937940147	-8535.593287400588	-48.473757611515786	-0.4645018596626422	per_gene_GC3_binomial_third_position	GC3_plus_dinucleotide_observed_correction	0.004975124378109453	0.004975124378109453	0.005099059860838157	0.0051172707889125795
SP006	A	GCA	4	full	37526	30407.874631231265	37936.685690995364	7118.125368768735	40.819962346321496	0.30344103562121794	37390	30306.439594155527	37810.12334893716	7083.560405844473	40.689667648059974	0.30302358798789203	per_gene_GC3_binomial_third_position	GC3_plus_dinucleotide_observed_correction	0.004975124378109453	0.004975124378109453	0.005099059860838157	0.0051172707889125795
SP006	A	GCC	4	full	30633	30165.625368768735	28877.45618354703	467.3746312312651	2.690970698937493	0.022180805904258853	30574	30065.060405844477	28781.20868110224	508.9395941555231	2.935183103852701	0.024217055993534346	per_gene_GC3_binomial_third_position	GC3_plus_dinucleotide_observed_correction	0.004975124378109453	0.004975124378109453	0.005099059860838157	0.0051172707889125795
SP006	A	GCG	4	full	28181	30165.625368768735	22687.96073332597	-1984.625368768735	-11.426740689059942	-0.09818100096804148	28089	30065.060405844477	22612.342592231093	-1976.060405844477	-11.396439149229586	-0.09808090547598498	per_gene_GC3_binomial_third_position	GC3_plus_dinucleotide_observed_correction	0.004975124378109453	0.004975124378109453	0.005099059860838157	0.0051172707889125795
SP006	A	GCT	4	full	24807	30407.874631231265	31644.897392131665	-5600.874631231265	-32.119059402416035	-0.29369235087122997	24690	30306.439594155527	31539.32537772952	-5616.439594155527	-32.26217429628154	-0.2956921232381451	per_gene_GC3_binomial_third_position	GC3_plus_dinucleotide_observed_correction	0.004975124378109453	0.004975124378109453	0.005099059860838157	0.0051172707889125795
SP006	Y	TAC	2	full	63086	55485.434305842035	43608.935407033074	7600.5656941579655	32.26683900845254	0.1852092188200907	63019	55438.873129411404	43572.06274405302	7580.126870588596	32.19358027032728	0.1848873634265462	per_gene_GC3_binomial_third_position	GC3_plus_dinucleotide_observed_correction	0.004975124378109453	0.004975124378109453	0.005099059860838157	0.0051172707889125795
SP006	Y	TAT	2	full	51161	58761.56569415796	70638.0645929668	-7600.565694157958	-31.35445365002672	-0.19982654950973086	51138	58718.126870588596	70584.93725594685	-7580.126870588596	-31.281702261548922	-0.19940838737799865	per_gene_GC3_binomial_third_position	GC3_plus_dinucleotide_observed_correction	0.004975124378109453	0.004975124378109453	0.005099059860838157	0.0051172707889125795
SP006	H	CAC	2	full	38363	35685.82575085859	28134.619143802058	2677.1742491414116	14.171922338081874	0.10436297735399368	38270	35610.7515744094	28074.41332800136	2659.248425590602	14.09186068325658	0.10389960898951862	per_gene_GC3_binomial_third_position	GC3_plus_dinucleotide_observed_correction	0.004975124378109453	0.004975124378109453	0.005099059860838157	0.0051172707889125795
SP006	H	CAT	2	full	33179	35856.17424914142	43407.380856197975	-2677.174249141419	-14.13821768434992	-0.11194953696479838	33134	35793.248425590624	43329.586671998695	-2659.248425590624	-14.055890119435013	-0.11137348559933487	per_gene_GC3_binomial_third_position	GC3_plus_dinucleotide_observed_correction	0.004975124378109453	0.004975124378109453	0.005099059860838157	0.0051172707889125795
SP006	Q	CAA	2	full	44060	43920.030497900676	59128.144678720644	139.96950209932402	0.6678856327513889	0.004590386718021813	44014	43829.39998639542	59001.18117545885	184.60001360457682	0.8817571014269909	0.006063492180458815	per_gene_GC3_binomial_third_position	GC3_plus_dinucleotide_observed_correction	0.39303482587064675	0.18407960199004975	0.39303482587064675	0.18536687193403611
SP006	Q	CAG	2	full	43020	43159.96950209933	27951.855321279283	-139.9695020993313	-0.6737408081694352	-0.004686266243591024	42867	43051.600013604584	27879.81882454109	-184.6000136045841	-0.8896866632426929	-0.006199328998896817	per_gene_GC3_binomial_third_position	GC3_plus_dinucleotide_observed_correction	0.39303482587064675	0.18407960199004975	0.39303482587064675	0.18536687193403611
SP006	N	AAC	2	full	104098	107471.22852720763	84419.08579613281	-3373.228527207626	-10.289627614469099	-0.04600791452995114	103733	107205.50995469434	84209.35088010691	-3472.5099546943384	-10.605592738135892	-0.047503907799491964	per_gene_GC3_binomial_third_position	GC3_plus_dinucleotide_observed_correction	0.004975124378109453	0.004975124378109453	0.005099059860838157	0.0051172707889125795
SP006	N	AAT	2	full	116107	112733.77147279233	135785.91420386758	3373.2285272076697	10.046591553138228	0.042535001812399324	115943	112470.4900453056	135466.6491198934	3472.5099546943966	10.35438253676593	0.04386901109856774	per_gene_GC3_binomial_third_position	GC3_plus_dinucleotide_observed_correction	0.004975124378109453	0.004975124378109453	0.005099059860838157	0.0051172707889125795
SP006	K	AAA	2	full	145141	130727.88329159122	174745.32827601343	14413.11670840878	39.86334962513403	0.15088767704175646	145002	130574.96061372028	174536.64593223904	14427.039386279721	39.92521519820011	0.151193981155266	per_gene_GC3_binomial_third_position	GC3_plus_dinucleotide_observed_correction	0.004975124378109453	0.004975124378109453	0.005099059860838157	0.0051172707889125795
SP006	K	AAG	2	full	109374	123787.11670840878	79769.67172398751	-14413.11670840878	-40.965681076164635	-0.1785905777193952	109198	123625.03938627975	79663.3540677619	-14427.03938627975	-41.0321237582256	-0.17902377668845626	per_gene_GC3_binomial_third_position	GC3_plus_dinucleotide_observed_correction	0.004975124378109453	0.004975124378109453	0.005099059860838157	0.0051172707889125795
SP006	D	GAC	2	full	73877	76644.33161643764	60254.42469041123	-2767.3316164376447	-9.995883462624738	-0.05305346341671256	73188	75866.74427895393	59642.20208630528	-2678.7442789539346	-9.725356561785336	-0.05186015796059209	per_gene_GC3_binomial_third_position	GC3_plus_dinucleotide_observed_correction	0.004975124378109453	0.004975124378109453	0.005099059860838157	0.0051172707889125795
SP006	D	GAT	2	full	82718	79950.66838356234	96340.57530958882	2767.3316164376592	9.787012781462815	0.04909090736619591	81851	79172.25572104605	95396.79791369471	2678.744278953949	9.520170955299633	0.048004788259948666	per_gene_GC3_binomial_third_position	GC3_plus_dinucleotide_observed_correction	0.004975124378109453	0.004975124378109453	0.005099059860838157	0.0051172707889125795
SP006	E	GAA	2	full	124111	107941.20666619633	144650.52863083075	16169.793333803667	49.21651235045585	0.20138439673665948	122887	106784.03959859906	143077.4912773176	16102.960401400938	49.27794085444955	0.20263538667936548	per_gene_GC3_binomial_third_position	GC3_plus_dinucleotide_observed_correction	0.004975124378109453	0.004975124378109453	0.005099059860838157	0.0051172707889125795
SP006	E	GAG	2	full	87402	103571.79333380364	66862.47136916903	-16169.793333803638	-50.243943802829506	-0.24489166743174887	86282	102384.96040140091	66091.50872268224	-16102.96040140091	-50.32544706646762	-0.24687097131132116	per_gene_GC3_binomial_third_position	GC3_plus_dinucleotide_observed_correction	0.004975124378109453	0.004975124378109453	0.005099059860838157	0.0051172707889125795
SP006	C	TGC	2	full	26815	24509.922921523343	22798.12225498676	2305.0770784766573	14.723615902536878	0.12967177622686224	26796	24494.94616636716	22784.132703273695	2301.053833632839	14.702410167994536	0.1295310072339557	per_gene_GC3_binomial_third_position	GC3_plus_dinucleotide_observed_correction	0.004975124378109453	0.004975124378109453	0.005099059860838157	0.0051172707889125795
SP006	C	TGT	2	full	23388	25693.077078476636	27404.877745013273	-2305.0770784766355	-14.380612775863963	-0.13560841853995376	23379	25680.053833632817	27390.867296726352	-2301.0538336328173	-14.3591527108047	-0.13543223998718878	per_gene_GC3_binomial_third_position	GC3_plus_dinucleotide_observed_correction	0.004975124378109453	0.004975124378109453	0.005099059860838157	0.0051172707889125795
SP006	R	AGA	6	full	39346	20606.590381231028	27217.380542321825	18739.409618768972	130.54277345250185	0.9330944911074407	39251	20562.859327594357	27159.67116504431	18688.140672405643	130.323982327039	0.9326718185255382	per_gene_GC3_binomial_third_position	GC3_plus_dinucleotide_observed_correction	0.004975124378109453	0.004975124378109453	0.005099059860838157	0.0051172707889125795
SP006	R	AGG	6	full	39785	20777.409618768965	24199.42320177745	19007.590381231035	131.8655538894903	0.9371922121788814	39720	20732.807339072275	24147.383023252904	18987.192660927725	131.86565646418444	0.9379335127001815	per_gene_GC3_binomial_third_position	GC3_plus_dinucleotide_observed_correction	0.004975124378109453	0.004975124378109453	0.005099059860838157	0.0051172707889125795
SP006	R	CGA	6	full	13815	20606.590381231028	19640.114245344965	-6791.590381231028	-47.31168497598991	-0.5768530418755756	13767	20562.859327594357	19598.47104749954	-6795.859327594357	-47.391737168063734	-0.578809360778757	per_gene_GC3_binomial_third_position	GC3_plus_dinucleotide_observed_correction	0.004975124378109453	0.004975124378109453	0.005099059860838157	0.0051172707889125795
SP006	R	CGC	6	full	11785	20777.409618768965	16658.497018158123	-8992.409618768965	-62.385028896195706	-0.8180375516014889	11763	20732.807339072275	16622.67338915891	-8969.807339072275	-62.29512462671942	-0.8176329010493515	per_gene_GC3_binomial_third_position	GC3_plus_dinucleotide_observed_correction	0.004975124378109453	0.004975124378109453	0.005099059860838157	0.0051172707889125795
SP006	R	CGG	6	full	10387	20777.409618768965	17462.350413013577	-10390.409618768965	-72.08368299385245	-1.0002020408493286	10363	20732.807339072275	17424.79811991245	-10369.807339072275	-72.01809538635978	-1.0004389531797995	per_gene_GC3_binomial_third_position	GC3_plus_dinucleotide_observed_correction	0.004975124378109453	0.004975124378109453	0.005099059860838157	0.0051172707889125795
SP006	R	CGT	6	full	9034	20606.590381231028	18974.23457938388	-11572.590381231028	-80.61716324737054	-1.1896241531306408	9023	20562.859327594357	18934.003255131676	-11539.859327594357	-80.47458810530935	-1.1883169351931733	per_gene_GC3_binomial_third_position	GC3_plus_dinucleotide_observed_correction	0.004975124378109453	0.004975124378109453	0.005099059860838157	0.0051172707889125795
SP006	G	GGA	4	full	54926	40882.266239961966	44353.95812918113	14043.733760038034	69.45685369744956	0.4260095477892424	54471	40570.62667101394	44015.155254188714	13900.373328986061	69.01136323391417	0.4250482285767548	per_gene_GC3_binomial_third_position	GC3_plus_dinucleotide_observed_correction	0.004975124378109453	0.004975124378109453	0.005099059860838157	0.0051172707889125795
SP006	G	GGC	4	full	31781	41488.23376003809	37855.08568375207	-9707.233760038092	-47.65769294315681	-0.3845324091373601	31487	41153.37332898606	37549.02951025063	-9666.373328986061	-47.64977389596681	-0.38624900395576495	per_gene_GC3_binomial_third_position	GC3_plus_dinucleotide_observed_correction	0.004975124378109453	0.004975124378109453	0.005099059860838157	0.0051172707889125795
SP006	G	GGG	4	full	46383	41488.23376003809	39681.77743789174	4894.766239961908	24.03086937629484	0.16089206008630333	46209	41153.37332898606	39360.95256744144	5055.626671013939	24.921390844057367	0.16716125830085124	per_gene_GC3_binomial_third_position	GC3_plus_dinucleotide_observed_correction	0.004975124378109453	0.004975124378109453	0.005099059860838157	0.0051172707889125795
SP006	G	GGT	4	full	31651	40882.266239961966	42850.178749175	-9231.266239961966	-45.655572771945444	-0.3692189440709328	31281	40570.62667101394	42522.862668119116	-9289.626671013939	-46.12032967229399	-0.37514367319390063	per_gene_GC3_binomial_third_position	GC3_plus_dinucleotide_observed_correction	0.004975124378109453	0.004975124378109453	0.005099059860838157	0.0051172707889125795
SP007	F	TTC	2	full	70963	81304.42916335168	54081.72360467808	-10341.429163351684	-36.267987633815075	-0.19626565251838068	70961	81301.04906007907	54079.49603011668	-10340.049060079065	-36.263901347214365	-0.19624633464467073	per_gene_GC3_binomial_third_position	GC3_plus_dinucleotide_observed_correction	0.004975124378109453	0.004975124378109453	0.005099059860838157	0.0051172707889125795
SP007	F	TTT	2	full	93353	83011.57083664832	110234.27639532181	10341.429163351684	35.89312285096361	0.16938297794925183	93348	83007.95093992092	110229.5039698832	10340.04906007908	35.88911529571434	0.16936861813086057	per_gene_GC3_binomial_third_position	GC3_plus_dinucleotide_observed_correction	0.004975124378109453	0.004975124378109453	0.005099059860838157	0.0051172707889125795
SP007	L	CTA	6	full	42042	52175.12593455373	37600.988391123115	-10133.125934553733	-44.362058184546065	-0.3115275433005575	42040	52172.80940699477	37599.33367897958	-10132.80940699477	-44.361657270159604	-0.3115321201096952	per_gene_GC3_binomial_third_position	GC3_plus_dinucleotide_observed_correction	0.004975124378109453	0.004975124378109453	0.005099059860838157	0.0051172707889125795
SP007	L	CTC	6	full	43608	50942.87406544631	29154.200111306745	-7334.874065446311	-32.49757391130204	-0.22428514795467347	43607	50940.857259671946	29153.05184753105	-7333.857259671946	-32.493712108063505	-0.22426111499377174	per_gene_GC3_binomial_third_position	GC3_plus_dinucleotide_observed_correction	0.004975124378109453	0.004975124378109453	0.005099059860838157	0.0051172707889125795
SP007	L	CTG	6	full	61053	50942.87406544631	33480.040539057096	10110.12593455369	44.79348409790841	0.26117948773289096	61050	50940.857259671946	33478.72189825704	10109.142740328054	44.79001461752387	0.2611657121764702	per_gene_GC3_binomial_third_position	GC3_plus_dinucleotide_observed_correction	0.004975124378109453	0.004975124378109453	0.005099059860838157	0.0051172707889125795
SP007	L	CTT	6	full	35524	52175.12593455373	60113.06849976736	-16651.125934553733	-72.89736872093935	-0.554561659070777	35524	52172.80940699477	60110.42309525306	-16648.80940699477	-72.88884525544026	-0.554497603930952	per_gene_GC3_binomial_third_position	GC3_plus_dinucleotide_observed_correction	0.004975124378109453	0.004975124378109453	0.005099059860838157	0.0051172707889125795
SP007	L	TTA	6	full	61088	52175.12593455373	78822.18044234857	8912.874065446267	39.01988788420917	0.22752481309336206	61081	52172.80940699477	78818.71170323456	8908.19059300523	39.00024979364165	0.2274235434349999	per_gene_GC3_binomial_third_position	GC3_plus_dinucleotide_observed_correction	0.004975124378109453	0.004975124378109453	0.005099059860838157	0.0051172707889125795
SP007	L	TTG	6	full	66039	50942.87406544631	70183.52201639736	15096.12593455369	66.88423876881258	0.3744346824234642	66039	50940.857259671946	70180.75777674495	15098.142740328054	66.8944985155893	0.37449179864984394	per_gene_GC3_binomial_third_position	GC3_plus_dinucleotide_observed_correction	0.004975124378109453	0.004975124378109453	0.005099059860838157	0.0051172707889125795
SP007	I	ATA	3	full	83429	78367.81623745388	69068.70909882148	5061.183762546119	18.079367530767346	0.09028709854628478	83423	78361.70621829022	69063.33483675674	5061.2937817097845	18.080465380854942	0.09029582522331481	per_gene_GC3_binomial_third_position	GC3_plus_dinucleotide_observed_correction	0.004975124378109453	0.004975124378109453	0.005099059860838157	0.0051172707889125795
SP007	I	ATC	3	full	57288	76257.36752509252	53503.46903182186	-18969.367525092515	-68.69291504634133	-0.4126406243083874	57283	76251.58756341982	53499.43517929856	-18968.587563419816	-68.69269395255424	-0.4126571915433488	per_gene_GC3_binomial_third_position	GC3_plus_dinucleotide_observed_correction	0.004975124378109453	0.004975124378109453	0.005099059860838157	0.0051172707889125795
SP007	I	ATT	3	full	92276	78367.81623745388	110420.82186935672	13908.18376254612	49.68228337989152	0.23569278368779617	92269	78361.70621829022	110412.22998394477	13907.293781709785	49.68104097617489	0.23569582289906837	per_gene_GC3_binomial_third_position	GC3_plus_dinucleotide_observed_correction	0.004975124378109453	0.004975124378109453	0.005099059860838157	0.0051172707889125795
SP007	V	GTA	4	full	45603	51174.07570831507	47323.16541998913	-5571.0757083150675	-24.627144391574337	-0.1662826825086794	45427	51083.42386818803	47246.04879674004	-5656.423868188031	-25.026605460016857	-0.16930343375422408	per_gene_GC3_binomial_third_position	GC3_plus_dinucleotide_observed_correction	0.004975124378109453	0.004975124378109453	0.005099059860838157	0.0051172707889125795
SP007	V	GTC	4	full	36031	49542.42429168495	36517.702317717994	-13511.424291684947	-60.70332847751108	-0.45942031401560424	35990	49506.576131811984	36493.220463534184	-13516.576131811984	-60.748456676527816	-0.4600186016998145	per_gene_GC3_binomial_third_position	GC3_plus_dinucleotide_observed_correction	0.004975124378109453	0.004975124378109453	0.005099059860838157	0.0051172707889125795
SP007	V	GTG	4	full	71521	49542.42429168495	41936.12410296427	21978.575708315053	98.74404591903433	0.5296979672981343	71509	49506.576131811984	41908.00968146013	22002.423868188016	98.88697256618342	0.5305001690895517	per_gene_GC3_binomial_third_position	GC3_plus_dinucleotide_observed_correction	0.004975124378109453	0.004975124378109453	0.005099059860838157	0.0051172707889125795
SP007	V	GTT	4	full	48278	51174.07570831507	75656.0081593284	-2896.0757083150675	-12.802208832156932	-0.08404638317862044	48254	51083.42386818803	75532.72105826541	-2829.4238681880306	-12.518664880568792	-0.08220585789015547	per_gene_GC3_binomial_third_position	GC3_plus_dinucleotide_observed_correction	0.004975124378109453	0.004975124378109453	0.005099059860838157	0.0051172707889125795
SP007	S	AGC	6	full	67292	48205.8258339916	37062.458536736005	19086.1741660084	86.92988775975543	0.48122324475059053	67239	48178.00199399331	37041.19108475491	19060.99800600669	86.84028563984056	0.4809194597807176	per_gene_GC3_binomial_third_position	GC3_plus_dinucleotide_observed_correction	0.004975124378109453	0.004975124378109453	0.005099059860838157	0.0051172707889125795
SP007	S	AGT	6	full	69148	50332.840832675225	54803.243286457735	18815.159167324775	83.8652749344532	0.4581835974642709	69077	50300.99800600683	54768.896478895535	18776.001993993174	83.71722453291815	0.45761450598249565	per_gene_GC3_binomial_third_position	GC3_plus_dinucleotide_observed_correction	0.004975124378109453	0.004975124378109453	0.005099059860838157	0.0051172707889125795
SP007	S	TCA	6	full	33303	50332.840832675225	66329.03325740268	-17029.840832675225	-75.90753130606414	-0.5958405547265795	33287	50300.99800600683	66287.46289761264	-17013.998006006826	-75.86091499815448	-0.5956208414787418	per_gene_GC3_binomial_third_position	GC3_plus_dinucleotide_observed_correction	0.004975124378109453	0.004975124378109453	0.005099059860838157	0.0051172707889125795
SP007	S	TCC	6	full	60628	48205.8258339916	49640.61151306569	12422.1741660084	56.57803374268803	0.3307736540895826	60617	48178.00199399331	49612.126373025116	12438.998006006688	56.67101688876012	0.33134481660828	per_gene_GC3_binomial_third_position	GC3_plus_dinucleotide_observed_correction	0.004975124378109453	0.004975124378109453	0.005099059860838157	0.0051172707889125795
SP007	S	TCG	6	full	30909	48205.8258339916	31841.4719496456	-17296.8258339916	-78.7801219495728	-0.6411721583241384	30899	48178.00199399331	31823.20044250786	-17279.00199399331	-78.7216633807368	-0.6408060434402335	per_gene_GC3_binomial_third_position	GC3_plus_dinucleotide_observed_correction	0.004975124378109453	0.004975124378109453	0.005099059860838157	0.0051172707889125795
SP007	S	TCT	6	full	34336	50332.840832675225	55939.18145669235	-15996.840832675225	-71.30311482269255	-0.5517713691244577	34318	50300.99800600683	55904.122723203945	-15982.998006006826	-71.26395881328341	-0.5516148683083458	per_gene_GC3_binomial_third_position	GC3_plus_dinucleotide_observed_correction	0.004975124378109453	0.004975124378109453	0.005099059860838157	0.0051172707889125795
SP007	P	CCA	4	full	40108	32654.74595552645	41542.391320319046	7453.25404447355	41.24513882526214	0.2965932379494559	40095	32648.932330976593	41535.04796099043	7446.067669023407	41.20903899978611	0.2963824210042269	per_gene_GC3_binomial_third_position	GC3_plus_dinucleotide_observed_correction	0.004975124378109453	0.004975124378109453	0.005099059860838157	0.0051172707889125795
SP007	P	CCC	4	full	41168	30750.75404447356	30603.28968493141	10417.24595552644	59.4052781002692	0.42089563897599025	41165	30745.567669023418	30598.133509061485	10419.432330976582	59.42275738939115	0.4210338434741623	per_gene_GC3_binomial_third_position	GC3_plus_dinucleotide_observed_correction	0.004975124378109453	0.004975124378109453	0.005099059860838157	0.0051172707889125795
SP007	P	CCG	4	full	18992	30750.75404447356	19630.172964592595	-11758.75404447356	-67.05534813201177	-0.6952154239025308	18987	30745.567669023418	19626.865587339867	-11758.567669023418	-67.059940661626	-0.6953519411009933	per_gene_GC3_binomial_third_position	GC3_plus_dinucleotide_observed_correction	0.004975124378109453	0.004975124378109453	0.005099059860838157	0.0051172707889125795
SP007	P	CCT	4	full	26543	32654.74595552645	35035.146030157026	-6111.74595552645	-33.82144347908486	-0.29895615888901356	26542	32648.932330976593	35028.95294260829	-6106.932330976593	-33.797814334028985	-0.2987536456609271	per_gene_GC3_binomial_third_position	GC3_plus_dinucleotide_observed_correction	0.004975124378109453	0.004975124378109453	0.005099059860838157	0.0051172707889125795
SP007	T	ACA	4	full	52389	47083.821381525384	59906.11007866955	5305.178618474616	24.44917217220522	0.15403095667166417	52383	47071.585438717535	59890.253171844226	5311.414561282465	24.481092043766992	0.1542406861926353	per_gene_GC3_binomial_third_position	GC3_plus_dinucleotide_observed_correction	0.004975124378109453	0.004975124378109453	0.005099059860838157	0.0051172707889125795
SP007	T	ACC	4	full	51875	44378.17861847467	44165.81761830078	7496.821381525333	35.587085897815	0.2251866250517577	51862	44363.91456128252	44151.33641276867	7498.085438717477	35.59880787591336	0.2252888214758705	per_gene_GC3_binomial_third_position	GC3_plus_dinucleotide_observed_correction	0.004975124378109453	0.004975124378109453	0.005099059860838157	0.0051172707889125795
SP007	T	ACG	4	full	47295	44378.17861847467	28329.72036325841	2916.821381525333	13.846024570990332	0.09183621102764988	47281	44363.91456128252	28320.43153933595	2917.085438717477	13.849503975282817	0.09187287495010035	per_gene_GC3_binomial_third_position	GC3_plus_dinucleotide_observed_correction	0.004975124378109453	0.004975124378109453	0.005099059860838157	0.0051172707889125795
SP007	T	ACT	4	full	31365	47083.821381525384	50522.35193977132	-15718.821381525384	-72.44094835237706	-0.5860681755163544	31345	47071.585438717535	50508.97887605124	-15726.585438717535	-72.48614869302327	-0.5866134275368653	per_gene_GC3_binomial_third_position	GC3_plus_dinucleotide_observed_correction	0.004975124378109453	0.004975124378109453	0.005099059860838157	0.0051172707889125795
SP007	A	GCA	4	full	54401	40256.387386110044	51213.993083807065	14144.612613889956	70.49749061234557	0.4344108019872808	54379	40244.57041374299	51198.82647456363	14134.429586257007	70.45707971187419	0.4342508068644239	per_gene_GC3_binomial_third_position	GC3_plus_dinucleotide_observed_correction	0.004975124378109453	0.004975124378109453	0.005099059860838157	0.0051172707889125795
SP007	A	GCC	4	full	40852	37942.112613889985	37766.37024247929	2909.8873861100146	14.938790182388168	0.10660534609973375	40846	37929.92958625704	37754.15992950856	2916.0704137429566	14.972936693113146	0.10685675278878982	per_gene_GC3_binomial_third_position	GC3_plus_dinucleotide_observed_correction	0.004975124378109453	0.004975124378109453	0.005099059860838157	0.0051172707889125795
SP007	A	GCG	4	full	30041	37942.112613889985	24224.859083360167	-7901.112613889985	-40.562759957563706	-0.33686217204565994	30036	37929.92958625704	24217.026900675406	-7893.929586257043	-40.53239160408633	-0.3366389984060866	per_gene_GC3_binomial_third_position	GC3_plus_dinucleotide_observed_correction	0.004975124378109453	0.004975124378109453	0.005099059860838157	0.0051172707889125795
SP007	A	GCT	4	full	31103	40256.387386110044	43191.777590353464	-9153.387386110044	-45.62096247795306	-0.3721586967353269	31088	40244.57041374299	43178.98669525237	-9156.570413742993	-45.643526510313336	-0.37243107023931593	per_gene_GC3_binomial_third_position	GC3_plus_dinucleotide_observed_correction	0.004975124378109453	0.004975124378109453	0.005099059860838157	0.0051172707889125795
SP007	Y	TAC	2	full	90267	78643.21610738288	63591.1820351239	11623.783892617124	41.44927076536563	0.19887515769357006	90248	78624.6535648924	63576.28613312261	11623.346435107596	41.45260325382671	0.19891202372862463	per_gene_GC3_binomial_third_position	GC3_plus_dinucleotide_observed_correction	0.004975124378109453	0.004975124378109453	0.005099059860838157	0.0051172707889125795
SP007	Y	TAT	2	full	69762	81385.78389261707	96437.81796487604	-11623.783892617066	-40.744899562931145	-0.22233393494235484	69742	81365.34643510754	96413.71386687731	-11623.346435107538	-40.748482806805676	-0.22238526575888481	per_gene_GC3_binomial_third_position	GC3_plus_dinucleotide_observed_correction	0.004975124378109453	0.004975124378109453	0.005099059860838157	0.0051172707889125795
SP007	H	CAC	2	full	53225	48824.938818765724	39529.47117536414	4400.061181234276	19.913053536630567	0.12448458701305119	53220	48821.93395499122	39527.03108411725	4398.066045008782	19.90463679735018	0.12443784447592171	per_gene_GC3_binomial_third_position	GC3_plus_dinucleotide_observed_correction	0.004975124378109453	0.004975124378109453	0.005099059860838157	0.0051172707889125795
SP007	H	CAT	2	full	45220	49620.061181234254	58915.528824635854	-4400.061181234254	-19.75286372392148	-0.13396110745061302	45219	49617.06604500875	58911.96891588275	-4398.066045008753	-19.744503020810356	-0.13390592652642253	per_gene_GC3_binomial_third_position	GC3_plus_dinucleotide_observed_correction	0.004975124378109453	0.004975124378109453	0.005099059860838157	0.0051172707889125795
SP007	Q	CAA	2	full	64369	64951.1055073589	86734.66332634896	-582.1055073589014	-2.284064871553605	-0.012987924860336246	64358	64942.7020658248	86723.76928563732	-584.7020658248002	-2.294401675296226	-0.013047817733295214	per_gene_GC3_binomial_third_position	GC3_plus_dinucleotide_observed_correction	0.004975124378109453	0.004975124378109453	0.005099059860838157	0.0051172707889125795
SP007	Q	CAG	2	full	62177	61594.894492641106	39811.336673651094	582.1055073588941	2.3454671266405867	0.013570126543917753	62173	61588.29793417521	39807.23071436277	584.702065824793	2.3560555576918327	0.013631825861210489	per_gene_GC3_binomial_third_position	GC3_plus_dinucleotide_observed_correction	0.004975124378109453	0.004975124378109453	0.005099059860838157	0.0051172707889125795
SP007	N	AAC	2	full	146801	148665.8885078703	120087.34435380476	-1864.8885078702879	-4.836678355578692	-0.01821180056571701	146651	148538.7486448075	119984.16444994266	-1887.7486448074924	-4.898062096523746	-0.018452358333761295	per_gene_GC3_binomial_third_position	GC3_plus_dinucleotide_observed_correction	0.004975124378109453	0.004975124378109453	0.005099059860838157	0.0051172707889125795
SP007	N	AAT	2	full	156555	154690.11149212962	183268.65564619543	1864.8885078703752	4.741563776726422	0.017288553974649564	156452	154564.2513551924	183118.83555005756	1887.7486448076088	4.801640484705532	0.01751336326891365	per_gene_GC3_binomial_third_position	GC3_plus_dinucleotide_observed_correction	0.004975124378109453	0.004975124378109453	0.005099059860838157	0.0051172707889125795
SP007	K	AAA	2	full	200112	186074.9991124993	248313.7158833389	14037.000887500704	32.5409565188972	0.10492318209262703	199925	185788.7924375496	247967.87879693165	14136.207562450407	32.79617214419673	0.10579513846051032	per_gene_GC3_binomial_third_position	GC3_plus_dinucleotide_observed_correction	0.004975124378109453	0.004975124378109453	0.005099059860838157	0.0051172707889125795
SP007	K	AAG	2	full	161492	175529.00088750062	113290.2841166616	-14037.000887500617	-33.50424894712903	-0.12024635659803322	161245	175381.20756245038	113202.12120306879	-14136.207562450378	-33.755254388503154	-0.12123938278751144	per_gene_GC3_binomial_third_position	GC3_plus_dinucleotide_observed_correction	0.004975124378109453	0.004975124378109453	0.005099059860838157	0.0051172707889125795
SP007	D	GAC	2	full	106303	106532.86573907261	85988.64589805639	-229.86573907261482	-0.7042590567378918	-0.0031162485842598296	105996	106170.69787733295	85697.39492370516	-174.69787733294652	-0.5361487429606566	-0.0023758170613340924	per_gene_GC3_binomial_third_position	GC3_plus_dinucleotide_observed_correction	0.31343283582089554	0.39800995024875624	0.3145249362941391	0.39800995024875624
SP007	D	GAT	2	full	112820	112590.13426092744	133134.3541019433	229.8657390725566	0.6850528493772533	0.0029424125642414077	112370	112195.3021226671	132668.60507629454	174.69787733290286	0.5215552146165194	0.002244644986734218	per_gene_GC3_binomial_third_position	GC3_plus_dinucleotide_observed_correction	0.31343283582089554	0.39800995024875624	0.3145249362941391	0.39800995024875624
SP007	E	GAA	2	full	179263	149457.21906287727	199264.02565114052	29805.780937122734	77.09781262042272	0.2623443596877795	178470	148753.4926478989	198392.65187556107	29716.507352101093	77.04849832287226	0.26275723420276176	per_gene_GC3_binomial_third_position	GC3_plus_dinucleotide_observed_correction	0.004975124378109453	0.004975124378109453	0.005099059860838157	0.0051172707889125795
SP007	E	GAG	2	full	110593	140398.78093712262	90591.97434886015	-29805.780937122618	-79.54608991118081	-0.3442689514191612	110245	139961.50735210092	90322.34812443961	-29716.507352100918	-79.4316271159676	-0.3443154920770556	per_gene_GC3_binomial_third_position	GC3_plus_dinucleotide_observed_correction	0.004975124378109453	0.004975124378109453	0.005099059860838157	0.0051172707889125795
SP007	C	TGC	2	full	37436	35656.85367573043	29379.441261561307	1779.1463242695681	9.421936182117134	0.07024592452577462	37435	35655.81926920394	29378.582559849136	1779.1807307960626	9.42225506186557	0.0702492395390515	per_gene_GC3_binomial_third_position	GC3_plus_dinucleotide_observed_correction	0.004975124378109453	0.004975124378109453	0.005099059860838157	0.0051172707889125795
SP007	C	TGT	2	full	36048	37827.146324269575	44104.558738438645	-1779.1463242695754	-9.14765712736008	-0.06950178388769161	36047	37826.18073079606	44103.41744015081	-1779.1807307960626	-9.14795079011116	-0.06950497849462087	per_gene_GC3_binomial_third_position	GC3_plus_dinucleotide_observed_correction	0.004975124378109453	0.004975124378109453	0.005099059860838157	0.0051172707889125795
SP007	R	AGA	6	full	53214	29053.958557379312	43123.10434127657	24160.041442620688	141.74084533838405	0.873059838247211	53192	29045.985709360513	43111.33835644789	24146.014290639487	141.6779922211595	0.8728592192457786	per_gene_GC3_binomial_third_position	GC3_plus_dinucleotide_observed_correction	0.004975124378109453	0.004975124378109453	0.005099059860838157	0.0051172707889125795
SP007	R	AGG	6	full	58145	28162.7081092874	37447.643038941	29982.2918907126	178.66011981516132	1.0458558601906742	58136	28156.014290639534	37438.79992449614	29979.985709360466	178.66761207334815	1.0459754764911862	per_gene_GC3_binomial_third_position	GC3_plus_dinucleotide_observed_correction	0.004975124378109453	0.004975124378109453	0.005099059860838157	0.0051172707889125795
SP007	R	CGA	6	full	16979	29053.958557379312	25684.890421513137	-12074.958557379312	-70.84072423524975	-0.7749655935765435	16974	29045.985709360513	25677.882391000443	-12071.985709360513	-70.83300278206829	-0.7749945455391823	per_gene_GC3_binomial_third_position	GC3_plus_dinucleotide_observed_correction	0.004975124378109453	0.004975124378109453	0.005099059860838157	0.0051172707889125795
SP007	R	CGC	6	full	14112	28162.7081092874	17470.293434402436	-14050.7081092874	-83.72612752365151	-0.996838101689301	14111	28156.014290639534	17466.167892934714	-14045.014290639534	-83.70214679792606	-0.9965973936152562	per_gene_GC3_binomial_third_position	GC3_plus_dinucleotide_observed_correction	0.004975124378109453	0.004975124378109453	0.005099059860838157	0.0051172707889125795
SP007	R	CGG	6	full	14642	28162.7081092874	22304.48439859854	-13520.7081092874	-80.56793455270765	-0.9436497882401468	14640	28156.014290639534	22299.217281841273	-13516.014290639534	-80.54953799740582	-0.9435039176698539	per_gene_GC3_binomial_third_position	GC3_plus_dinucleotide_observed_correction	0.004975124378109453	0.004975124378109453	0.005099059860838157	0.0051172707889125795
SP007	R	CGT	6	full	14558	29053.958557379312	25619.58436526812	-14495.958557379312	-85.04411818965205	-0.996897851072635	14553	29045.985709360513	25612.594153279362	-14492.985709360513	-85.03834595128842	-0.9969974732398047	per_gene_GC3_binomial_third_position	GC3_plus_dinucleotide_observed_correction	0.004975124378109453	0.004975124378109453	0.005099059860838157	0.0051172707889125795
SP007	G	GGA	4	full	71638	55474.354718750845	61508.40047661326	16163.645281249155	68.62671037865015	0.3689011456237847	71558	55423.52891435324	61452.82842809947	16134.471085646757	68.53424705092196	0.3686115582983289	per_gene_GC3_binomial_third_position	GC3_plus_dinucleotide_observed_correction	0.004975124378109453	0.004975124378109453	0.005099059860838157	0.0051172707889125795
SP007	G	GGC	4	full	34840	52589.14528124919	40965.52575676967	-17749.14528124919	-77.39793754980533	-0.5940134374627949	34802	52551.4710856468	40936.53777725929	-17749.4710856468	-77.42709713430658	-0.5945539326465951	per_gene_GC3_binomial_third_position	GC3_plus_dinucleotide_observed_correction	0.004975124378109453	0.004975124378109453	0.005099059860838157	0.0051172707889125795
SP007	G	GGG	4	full	63117	52589.14528124919	52301.0637201416	10527.854718750808	45.908365115255286	0.26326129742680504	63104	52551.4710856468	52264.05449993792	10552.528914353199	46.032452309236234	0.26399801099031694	per_gene_GC3_binomial_third_position	GC3_plus_dinucleotide_observed_correction	0.004975124378109453	0.004975124378109453	0.005099059860838157	0.0051172707889125795
SP007	G	GGT	4	full	46532	55474.354718750845	61352.010046475116	-8942.354718750845	-37.96695465092779	-0.2535952849480628	46486	55423.52891435324	61296.57929470297	-8937.528914353243	-37.96386081635784	-0.2536997793608545	per_gene_GC3_binomial_third_position	GC3_plus_dinucleotide_observed_correction	0.004975124378109453	0.004975124378109453	0.005099059860838157	0.0051172707889125795
SP008	F	TTC	2	full	37839	49148.9718368313	16333.10943752171	-11309.971836831297	-51.01575342730316	-0.377282887905607	37815	49121.90484369006	16323.906479829006	-11306.904843690063	-51.015968699532564	-0.3774034967385055	per_gene_GC3_binomial_third_position	GC3_plus_dinucleotide_observed_correction	0.004975124378109453	0.004975124378109453	0.005099059860838157	0.0051172707889125795
SP008	F	TTT	2	full	152804	141494.02816316902	174309.89056247886	11309.971836830984	30.067164120892766	0.11094076785799373	152733	141426.0951563102	174224.0935201716	11306.904843689787	30.066229074985007	0.11096308893827773	per_gene_GC3_binomial_third_position	GC3_plus_dinucleotide_observed_correction	0.004975124378109453	0.004975124378109453	0.005099059860838157	0.0051172707889125795
SP008	L	CTA	6	full	37595	81304.2509406651	48553.7478720693	-43709.25094066509	-153.2910282539332	-1.1127796682306013	37579	81260.55985809489	48527.181571099536	-43681.559858094886	-153.23509201135136	-1.1126183095864373	per_gene_GC3_binomial_third_position	GC3_plus_dinucleotide_observed_correction	0.004975124378109453	0.004975124378109453	0.005099059860838157	0.0051172707889125795
SP008	L	CTC	6	full	11595	28074.41572600142	5246.95541939151	-16479.41572600142	-98.35273617220405	-1.2757166614271862	11592	28057.440141905012	5243.731185424028	-16465.440141905012	-98.29905028219846	-1.2752173714777155	per_gene_GC3_binomial_third_position	GC3_plus_dinucleotide_observed_correction	0.004975124378109453	0.004975124378109453	0.005099059860838157	0.0051172707889125795
SP008	L	CTG	6	full	18676	28074.41572600142	6456.3189582911855	-9398.415726001422	-56.091788550345576	-0.5880575745356237	18650	28057.440141905012	6452.351575070568	-9407.440141905012	-56.1626305501787	-0.5891947900768753	per_gene_GC3_binomial_third_position	GC3_plus_dinucleotide_observed_correction	0.004975124378109453	0.004975124378109453	0.005099059860838157	0.0051172707889125795
SP008	L	CTT	6	full	38897	81304.2509406651	56406.840078249945	-42407.25094066509	-148.7248342677321	-1.06366222278847	38877	81260.55985809489	56375.97693882313	-42383.559858094886	-148.68170266177495	-1.0636287311558394	per_gene_GC3_binomial_third_position	GC3_plus_dinucleotide_observed_correction	0.004975124378109453	0.004975124378109453	0.005099059860838157	0.0051172707889125795
SP008	L	TTA	6	full	165581	81304.2509406651	186652.47010437923	84276.7490593349	295.5637363527779	1.0261299312495529	165508	81260.55985809489	186550.3427524267	84247.44014190511	295.54036723515225	1.0262692249049423	per_gene_GC3_binomial_third_position	GC3_plus_dinucleotide_observed_correction	0.004975124378109453	0.004975124378109453	0.005099059860838157	0.0051172707889125795
SP008	L	TTG	6	full	55792	28074.41572600142	24819.66756761961	27717.58427399858	165.42456958168364	0.9907895063815364	55748	28057.440141905012	24804.415977156827	27690.559858094988	165.31326902738854	0.9905238894136487	per_gene_GC3_binomial_third_position	GC3_plus_dinucleotide_observed_correction	0.004975124378109453	0.004975124378109453	0.005099059860838157	0.0051172707889125795
SP008	I	ATA	3	full	166383	145044.1256044111	150000.39963607857	21338.874395588908	56.03010482399356	0.19801553090856694	166131	144602.20162417117	149539.3484613698	21528.798375828832	56.615107699464666	0.2002311404306037	per_gene_GC3_binomial_third_position	GC3_plus_dinucleotide_observed_correction	0.004975124378109453	0.004975124378109453	0.005099059860838157	0.0051172707889125795
SP008	I	ATC	3	full	29440	50450.74879117859	16277.108208067866	-21010.748791178587	-93.54223064693423	-0.7770878065062454	29238	50283.59675165808	16222.781060184658	-21045.59675165808	-93.85298226814673	-0.78223289423304	per_gene_GC3_binomial_third_position	GC3_plus_dinucleotide_observed_correction	0.004975124378109453	0.004975124378109453	0.005099059860838157	0.0051172707889125795
SP008	I	ATT	3	full	144716	145044.1256044111	174261.49215585296	-328.12560441109235	-0.8615689689044802	-0.0032674181785478976	144119	144602.20162417117	173725.8704784451	-483.2016241711681	-1.2706938638861092	-0.004828954849101006	per_gene_GC3_binomial_third_position	GC3_plus_dinucleotide_observed_correction	0.004975124378109453	0.004975124378109453	0.005099059860838157	0.0051172707889125795
SP008	V	GTA	4	full	71685	66987.65560270882	75186.18273448729	4697.344397291177	18.14909664467709	0.09777530057180014	71487	66783.91602555085	74952.5295797024	4703.083974449153	18.198969308105735	0.09817950769357181	per_gene_GC3_binomial_third_position	GC3_plus_dinucleotide_observed_correction	0.004975124378109453	0.004975124378109453	0.005099059860838157	0.0051172707889125795
SP008	V	GTC	4	full	13418	23481.844397291246	8252.006827191459	-10063.844397291246	-65.67465655875785	-0.8073530419068559	13384	23400.58397444927	8222.908904421653	-10016.58397444927	-65.47964082300932	-0.8060121134845537	per_gene_GC3_binomial_third_position	GC3_plus_dinucleotide_observed_correction	0.004975124378109453	0.004975124378109453	0.005099059860838157	0.0051172707889125795
SP008	V	GTG	4	full	31087	23481.844397291246	10154.000532469385	7605.155602708754	49.62974014366172	0.4047581530442953	30921	23400.58397444927	10118.19586949642	7520.41602555073	49.16188407632654	0.4020349467800486	per_gene_GC3_binomial_third_position	GC3_plus_dinucleotide_observed_correction	0.004975124378109453	0.004975124378109453	0.005099059860838157	0.0051172707889125795
SP008	V	GTT	4	full	64749	66987.65560270882	87346.80990585189	-2238.6556027088227	-8.64947797124268	-0.049036978184759376	64577	66783.91602555085	87075.3656463797	-2206.916025550847	-8.5398426293825	-0.048479902006315946	per_gene_GC3_binomial_third_position	GC3_plus_dinucleotide_observed_correction	0.004975124378109453	0.004975124378109453	0.005099059860838157	0.0051172707889125795
SP008	S	AGC	6	full	50130	29298.360603036715	14665.11948018198	20831.639396963285	121.70314162246908	0.7748440624986819	48041	28541.00147630484	14281.236395418493	19499.99852369516	115.4250242517496	0.7512199646800517	per_gene_GC3_binomial_third_position	GC3_plus_dinucleotide_observed_correction	0.004975124378109453	0.004975124378109453	0.005099059860838157	0.0051172707889125795
SP008	S	AGT	6	full	119280	82317.97273029656	94582.84405132073	36962.02726970344	128.82746169587958	0.5350700892282853	113693	80388.6651903617	92332.96797225694	33304.3348096383	117.46361305014541	0.5000768019665108	per_gene_GC3_binomial_third_position	GC3_plus_dinucleotide_observed_correction	0.004975124378109453	0.004975124378109453	0.005099059860838157	0.0051172707889125795
SP008	S	TCA	6	full	63967	82317.97273029656	111701.21114300776	-18350.972730296562	-63.960486237512036	-0.36387711543706575	63826	80388.6651903617	109044.13431820087	-16562.665190361702	-58.41613429963261	-0.33284553071325607	per_gene_GC3_binomial_third_position	GC3_plus_dinucleotide_observed_correction	0.004975124378109453	0.004975124378109453	0.005099059860838157	0.0051172707889125795
SP008	S	TCC	6	full	26973	29298.360603036715	14186.567148056352	-2325.3606030367155	-13.585281763083039	-0.11930182761070693	26904	28541.00147630484	13815.210940126382	-1637.0014763048384	-9.689792277319134	-0.08521373670732324	per_gene_GC3_binomial_third_position	GC3_plus_dinucleotide_observed_correction	0.004975124378109453	0.004975124378109453	0.005099059860838157	0.0051172707889125795
SP008	S	TCG	6	full	20377	29298.360603036715	10837.180155015298	-8921.360603036715	-52.120603292257876	-0.5238674948063816	20308	28541.00147630484	10553.499537638316	-8233.001476304838	-48.73304959035965	-0.49097754723601816	per_gene_GC3_binomial_third_position	GC3_plus_dinucleotide_observed_correction	0.004975124378109453	0.004975124378109453	0.005099059860838157	0.0051172707889125795
SP008	S	TCT	6	full	54122	82317.97273029656	88876.0780224171	-28195.972730296562	-98.27425239382683	-0.604987734778805	54017	80388.6651903617	86761.95083635846	-26371.665190361702	-93.01224879928112	-0.5735741972304229	per_gene_GC3_binomial_third_position	GC3_plus_dinucleotide_observed_correction	0.004975124378109453	0.004975124378109453	0.005099059860838157	0.0051172707889125795
SP008	P	CCA	4	full	33403	30128.180052971053	40184.718234027394	3274.8199470289474	18.866918697538118	0.14886180600726504	33357	30076.184560726047	40114.04644967836	3280.8154392739525	18.91779127403243	0.1493656257311134	per_gene_GC3_binomial_third_position	GC3_plus_dinucleotide_observed_correction	0.004975124378109453	0.004975124378109453	0.005099059860838157	0.0051172707889125795
SP008	P	CCC	4	full	11489	10269.319947029002	4896.4943293902625	1219.680052970998	12.035803228061082	0.1619051279560481	11447	10249.315439274007	4886.8013026948665	1197.684560725993	11.830279938366235	0.1594346325725762	per_gene_GC3_binomial_third_position	GC3_plus_dinucleotide_observed_correction	0.004975124378109453	0.004975124378109453	0.005099059860838157	0.0051172707889125795
SP008	P	CCG	4	full	7475	10269.319947029002	3740.4532486129565	-2794.319947029002	-27.5743503033962	-0.4581689056623256	7464	10249.315439274007	3733.048703492979	-2785.315439274007	-27.512303693128754	-0.4574804008149462	per_gene_GC3_binomial_third_position	GC3_plus_dinucleotide_observed_correction	0.004975124378109453	0.004975124378109453	0.005099059860838157	0.0051172707889125795
SP008	P	CCT	4	full	28428	30128.180052971053	31973.33418796928	-1700.1800529710526	-9.795090829247767	-0.08379949065731607	28383	30076.184560726047	31917.10354413367	-1693.1845607260475	-9.763216706672843	-0.08359304271509202	per_gene_GC3_binomial_third_position	GC3_plus_dinucleotide_observed_correction	0.004975124378109453	0.004975124378109453	0.005099059860838157	0.0051172707889125795
SP008	T	ACA	4	full	78176	65746.48857638927	87990.12359518163	12429.511423610733	48.47499539059643	0.24981018006938513	78042	65310.30319456901	87397.8225508989	12731.696805430991	49.81904954611868	0.25693834306052904	per_gene_GC3_binomial_third_position	GC3_plus_dinucleotide_observed_correction	0.004975124378109453	0.004975124378109453	0.005099059860838157	0.0051172707889125795
SP008	T	ACC	4	full	21787	22914.01142361063	10953.394160959764	-1127.011423610631	-7.445223775157636	-0.07276086097512229	21594	22747.196805430864	10872.647561117157	-1153.1968054308636	-7.646091451191634	-0.07505656774266058	per_gene_GC3_binomial_third_position	GC3_plus_dinucleotide_observed_correction	0.004975124378109453	0.004975124378109453	0.005099059860838157	0.0051172707889125795
SP008	T	ACG	4	full	24608	22914.01142361063	8367.345291667452	1693.988576389369	11.190768575684736	0.10289519632557281	24496	22747.196805430864	8305.662613943745	1748.8031945691364	11.595166664388874	0.1068551547634435	per_gene_GC3_binomial_third_position	GC3_plus_dinucleotide_observed_correction	0.004975124378109453	0.004975124378109453	0.005099059860838157	0.0051172707889125795
SP008	T	ACT	4	full	52750	65746.48857638927	70010.13695219085	-12996.488576389267	-50.68620176314175	-0.3177400472541191	51983	65310.30319456901	69538.86727403982	-13327.303194569009	-52.149653601800736	-0.3292678782950869	per_gene_GC3_binomial_third_position	GC3_plus_dinucleotide_observed_correction	0.004975124378109453	0.004975124378109453	0.005099059860838157	0.0051172707889125795
SP008	A	GCA	4	full	51460	41792.79240739309	55931.86427224638	9667.207592606908	47.287935048501396	0.3001940583401372	51207	41460.93179158407	55482.96540891717	9746.068208415927	47.86410222771063	0.30458518899650905	per_gene_GC3_binomial_third_position	GC3_plus_dinucleotide_observed_correction	0.004975124378109453	0.004975124378109453	0.005099059860838157	0.0051172707889125795
SP008	A	GCC	4	full	11666	14570.207592606987	6968.3158249022235	-2904.2075926069865	-24.059953669692074	-0.3206991289808725	11637	14446.068208416002	6908.261151027623	-2809.0682084160017	-23.37154668365704	-0.3119456525049947	per_gene_GC3_binomial_third_position	GC3_plus_dinucleotide_observed_correction	0.004975124378109453	0.004975124378109453	0.005099059860838157	0.0051172707889125795
SP008	A	GCG	4	full	12258	14570.207592606987	5323.126672110787	-2312.2075926069865	-19.15552031970833	-0.2492884844550337	12150	14446.068208416002	5277.250646350826	-2296.0682084160017	-19.103368569364527	-0.24971113751329052	per_gene_GC3_binomial_third_position	GC3_plus_dinucleotide_observed_correction	0.004975124378109453	0.004975124378109453	0.005099059860838157	0.0051172707889125795
SP008	A	GCT	4	full	37342	41792.79240739309	44502.69323074058	-4450.792407393092	-21.771414367487644	-0.16245290017381178	36820	41460.93179158407	44145.52279370433	-4640.931791584073	-22.792169001279415	-0.1712607202910085	per_gene_GC3_binomial_third_position	GC3_plus_dinucleotide_observed_correction	0.004975124378109453	0.004975124378109453	0.005099059860838157	0.0051172707889125795
SP008	Y	TAC	2	full	55795	55145.129636534526	21211.809119240737	649.8703634654739	2.767407738046861	0.016902216115432064	55645	54992.75591582552	21152.497522080608	652.2440841744829	2.781361293137912	0.017010317934193005	per_gene_GC3_binomial_third_position	GC3_plus_dinucleotide_observed_correction	0.004975124378109453	0.009950248756218905	0.005099059860838157	0.010161956176563987
SP008	Y	TAT	2	full	156638	157287.87036346504	191221.1908807592	-649.8703634650446	-1.63862326198616	-0.0059731496625659184	156238	156890.24408417408	190730.50247791933	-652.2440841740754	-1.6466912561498162	-0.006010238164595364	per_gene_GC3_binomial_third_position	GC3_plus_dinucleotide_observed_correction	0.004975124378109453	0.009950248756218905	0.005099059860838157	0.010161956176563987
SP008	H	CAC	2	full	20468	23538.4975248924	9073.87160528817	-3070.4975248923984	-20.013331200427125	-0.2016474996891267	20410	23437.11564054175	9034.218355810046	-3027.1156405417496	-19.773198698939563	-0.1995142839451537	per_gene_GC3_binomial_third_position	GC3_plus_dinucleotide_observed_correction	0.004975124378109453	0.004975124378109453	0.005099059860838157	0.0051172707889125795
SP008	H	CAT	2	full	69141	66070.50247510757	80535.12839471175	3070.497524892431	11.945516892889621	0.06553466823863119	68841	65813.88435945829	80216.78164418988	3027.115640541713	11.79968055545696	0.0648755997247457	per_gene_GC3_binomial_third_position	GC3_plus_dinucleotide_observed_correction	0.004975124378109453	0.004975124378109453	0.005099059860838157	0.0051172707889125795
SP008	Q	CAA	2	full	73533	77965.6092276154	96411.2981040969	-4432.609227615394	-15.874787034388513	-0.0844454859424464	73108	77445.39301848589	95755.26646455914	-4337.393018485891	-15.585867579026127	-0.08314958278201892	per_gene_GC3_binomial_third_position	GC3_plus_dinucleotide_observed_correction	0.004975124378109453	0.004975124378109453	0.005099059860838157	0.0051172707889125795
SP008	Q	CAG	2	full	31744	27311.39077238429	8865.701895903152	4432.609227615711	26.821776426575735	0.21697746079634714	31446	27108.606981513843	8798.733535440957	4337.3930184861565	26.343603155190127	0.21412186465754884	per_gene_GC3_binomial_third_position	GC3_plus_dinucleotide_observed_correction	0.004975124378109453	0.004975124378109453	0.005099059860838157	0.0051172707889125795
SP008	N	AAC	2	full	123770	127224.23430716687	49032.47107004397	-3454.234307166873	-9.684269580047754	-0.03971168112647045	119893	122410.15173460965	47165.13007796427	-2517.1517346096516	-7.19450100503969	-0.029975656151255945	per_gene_GC3_binomial_third_position	GC3_plus_dinucleotide_observed_correction	0.004975124378109453	0.004975124378109453	0.005099059860838157	0.0051172707889125795
SP008	N	AAT	2	full	360122	356667.7656928338	434859.5289299572	3454.234307166189	5.7838878403363765	0.013904881370311775	346322	343804.8482653905	419049.8699220365	2517.151734609506	4.292925951010347	0.010524132412624216	per_gene_GC3_binomial_third_position	GC3_plus_dinucleotide_observed_correction	0.004975124378109453	0.004975124378109453	0.005099059860838157	0.0051172707889125795
SP008	K	AAA	2	full	348609	344441.40629733336	425852.7034636608	4167.593702666636	7.101133808874768	0.01735120710410433	347529	343312.1385176836	424437.34960489714	4216.861482316395	7.196888192989002	0.017612477196231373	per_gene_GC3_binomial_third_position	GC3_plus_dinucleotide_observed_correction	0.004975124378109453	0.004975124378109453	0.005099059860838157	0.0051172707889125795
SP008	K	AAG	2	full	116330	120497.59370266697	39086.29653633963	-4167.593702666971	-12.00594047998575	-0.05078092497670788	115855	120071.86148231661	38946.65039510347	-4216.861482316614	-12.169387312561865	-0.05157757178210082	per_gene_GC3_binomial_third_position	GC3_plus_dinucleotide_observed_correction	0.004975124378109453	0.004975124378109453	0.005099059860838157	0.0051172707889125795
SP008	D	GAC	2	full	55507	60365.712700520875	23221.87107103283	-4858.712700520875	-19.77543536349835	-0.12105857405582901	54849	59564.92603046814	22913.181630540887	-4715.9260304681375	-19.322872184502096	-0.11899671093249904	per_gene_GC3_binomial_third_position	GC3_plus_dinucleotide_observed_correction	0.004975124378109453	0.004975124378109453	0.005099059860838157	0.0051172707889125795
SP008	D	GAT	2	full	176490	171631.2872994789	208775.12892896688	4858.712700521108	11.727973870749322	0.04027375537722066	174138	169422.07396953146	206073.81836945907	4715.926030468545	11.457292158041408	0.03960908830725111	per_gene_GC3_binomial_third_position	GC3_plus_dinucleotide_observed_correction	0.004975124378109453	0.004975124378109453	0.005099059860838157	0.0051172707889125795
SP008	E	GAA	2	full	237798	229182.5072422454	283465.4684022381	8615.492757754604	17.99655543727031	0.053239535252664526	235207	226458.20407501532	280066.95434075705	8748.795924984675	18.384603032655715	0.05468607245108101	per_gene_GC3_binomial_third_position	GC3_plus_dinucleotide_observed_correction	0.004975124378109453	0.004975124378109453	0.005099059860838157	0.0051172707889125795
SP008	E	GAG	2	full	71744	80359.49275775465	26076.531597761998	-8615.492757754648	-30.392157300228327	-0.16360919636618124	70609	79357.79592498462	25749.045659243446	-8748.795924984617	-31.05656990325427	-0.16851874601734765	per_gene_GC3_binomial_third_position	GC3_plus_dinucleotide_observed_correction	0.004975124378109453	0.004975124378109453	0.005099059860838157	0.0051172707889125795
SP008	C	TGC	2	full	23243	20724.84198469836	10582.404645590615	2518.1580153016403	17.491915261572753	0.16543141819462298	23208	20666.19088789633	10552.216696100575	2541.8091121036705	17.68123978917575	0.16734587655267558	per_gene_GC3_binomial_third_position	GC3_plus_dinucleotide_observed_correction	0.004975124378109453	0.004975124378109453	0.005099059860838157	0.0051172707889125795
SP008	C	TGT	2	full	56142	58660.15801530173	68802.5953544094	-2518.1580153017276	-10.397079493593061	-0.06329994652075399	55965	58506.80911210374	68620.78330389937	-2541.8091121037432	-10.508475736905282	-0.06407911668624816	per_gene_GC3_binomial_third_position	GC3_plus_dinucleotide_observed_correction	0.004975124378109453	0.004975124378109453	0.005099059860838157	0.0051172707889125795
SP008	R	AGA	6	full	79807	36613.72902413161	75262.73456114721	43193.27097586839	225.73251088901367	1.1241199139926952	79261	36388.58832510425	74793.38112787483	42872.41167489575	224.7477281791684	1.12311436309551	per_gene_GC3_binomial_third_position	GC3_plus_dinucleotide_observed_correction	0.004975124378109453	0.004975124378109453	0.005099059860838157	0.0051172707889125795
SP008	R	AGG	6	full	34917	13017.270975868356	11710.782921644133	21899.729024131644	191.9458683766505	1.4234678315892557	34654	12928.411674895708	11629.874195606804	21725.58832510429	191.07284033655532	1.4224418655751854	per_gene_GC3_binomial_third_position	GC3_plus_dinucleotide_observed_correction	0.004975124378109453	0.004975124378109453	0.005099059860838157	0.0051172707889125795
SP008	R	CGA	6	full	12692	36613.72902413161	25769.8335039103	-23921.729024131608	-125.01743524913161	-1.5284281576551835	12648	36388.58832510425	25609.12767916926	-23740.588325104247	-124.45400394464845	-1.5245396028195395	per_gene_GC3_binomial_third_position	GC3_plus_dinucleotide_observed_correction	0.004975124378109453	0.004975124378109453	0.005099059860838157	0.0051172707889125795
SP008	R	CGC	6	full	4612	13017.270975868356	4308.245371255966	-8405.270975868356	-73.67018261396412	-1.496861621667582	4595	12928.411674895708	4278.480098790684	-8333.411674895708	-73.29093300438805	-1.4923070942132106	per_gene_GC3_binomial_third_position	GC3_plus_dinucleotide_observed_correction	0.004975124378109453	0.004975124378109453	0.005099059860838157	0.0051172707889125795
SP008	R	CGG	6	full	3885	13017.270975868356	4009.75234092802	-9132.270975868356	-80.0421631145474	-1.7443102711173688	3869	12928.411674895708	3982.0493294555718	-9059.411674895708	-79.67597906199225	-1.740381772882093	per_gene_GC3_binomial_third_position	GC3_plus_dinucleotide_observed_correction	0.004975124378109453	0.004975124378109453	0.005099059860838157	0.0051172707889125795
SP008	R	CGT	6	full	12980	36613.72902413161	27831.65130111416	-23633.729024131608	-123.51231739935457	-1.4960584616871035	12924	36388.58832510425	27658.08756910272	-23464.588325104247	-123.00714405144181	-1.4933974378299442	per_gene_GC3_binomial_third_position	GC3_plus_dinucleotide_observed_correction	0.004975124378109453	0.004975124378109453	0.005099059860838157	0.0051172707889125795
SP008	G	GGA	4	full	65363	59625.89869874051	67233.39232633669	5737.101301259492	23.49497836408975	0.1325340332802745	64939	59064.743513769055	66593.93192288597	5874.256486230945	24.17067305411547	0.13678683934297772	per_gene_GC3_binomial_third_position	GC3_plus_dinucleotide_observed_correction	0.004975124378109453	0.004975124378109453	0.005099059860838157	0.0051172707889125795
SP008	G	GGC	4	full	15851	21100.60130125955	11191.155212736256	-5249.60130125955	-36.1392308241761	-0.412698930971484	15672	20885.756486231014	11076.215138325451	-5213.756486231014	-36.07660306505466	-0.4143186067329546	per_gene_GC3_binomial_third_position	GC3_plus_dinucleotide_observed_correction	0.004975124378109453	0.004975124378109453	0.005099059860838157	0.0051172707889125795
SP008	G	GGG	4	full	26177	21100.60130125955	10415.785765441642	5076.39869874045	34.946871924408995	0.31100902626899457	26093	20885.756486231014	10308.80921403394	5207.243513768986	36.03153653329264	0.321136533673312	per_gene_GC3_binomial_third_position	GC3_plus_dinucleotide_observed_correction	0.004975124378109453	0.004975124378109453	0.005099059860838157	0.0051172707889125795
SP008	G	GGT	4	full	54062	59625.89869874051	72612.66669548569	-5563.898698740508	-22.78566695662093	-0.1413229761995602	53197	59064.743513769055	71922.04372475494	-5867.743513769055	-24.143874270583325	-0.1509509890167697	per_gene_GC3_binomial_third_position	GC3_plus_dinucleotide_observed_correction	0.004975124378109453	0.004975124378109453	0.005099059860838157	0.0051172707889125795
SP011	F	TTC	2	full	20758	28370.345523097207	8185.936238847369	-7612.345523097207	-45.19456181758785	-0.4507069482629204	20751	28362.643400820594	8183.742205384005	-7611.643400820594	-45.19652881698966	-0.45080180703870015	per_gene_GC3_binomial_third_position	GC3_plus_dinucleotide_observed_correction	0.004975124378109453	0.004975124378109453	0.005099059860838157	0.0051172707889125795
SP011	F	TTT	2	full	145946	138333.65447690294	158518.06376115297	7612.345523097058	20.467017811447906	0.07728221390351112	145904	138292.35659917953	158471.25779461628	7611.643400820467	20.468185538059792	0.07729774245707798	per_gene_GC3_binomial_third_position	GC3_plus_dinucleotide_observed_correction	0.004975124378109453	0.004975124378109453	0.005099059860838157	0.0051172707889125795
SP011	L	CTA	6	full	24308	75094.7720161178	36151.269546835174	-50786.7720161178	-185.33001401425722	-1.6272612067926107	24300	75080.24147865544	36144.31398285944	-50780.241478655444	-185.3241135191882	-1.6274568993263248	per_gene_GC3_binomial_third_position	GC3_plus_dinucleotide_observed_correction	0.004975124378109453	0.004975124378109453	0.005099059860838157	0.0051172707889125795
SP011	L	CTC	6	full	5802	15357.227983882325	2238.3135153343146	-9555.227983882325	-77.10537218194159	-1.4042182774369607	5802	15354.425188011335	2237.908765169745	-9552.425188011335	-77.0897901988372	-1.403954960575842	per_gene_GC3_binomial_third_position	GC3_plus_dinucleotide_observed_correction	0.004975124378109453	0.004975124378109453	0.005099059860838157	0.0051172707889125795
SP011	L	CTG	6	full	4971	15357.227983882325	2731.6221574949045	-10386.227983882325	-83.81107971621225	-1.6272116878748415	4971	15354.425188011335	2731.1282032252216	-10383.425188011335	-83.79610973490995	-1.6269483710137227	per_gene_GC3_binomial_third_position	GC3_plus_dinucleotide_observed_correction	0.004975124378109453	0.004975124378109453	0.005099059860838157	0.0051172707889125795
SP011	L	CTT	6	full	30532	75094.7720161178	43505.44524830465	-44562.7720161178	-162.61752488699665	-1.2983763565974398	30526	75080.24147865544	43497.07472877627	-44554.241478655444	-162.60212762127836	-1.2983807103590599	per_gene_GC3_binomial_third_position	GC3_plus_dinucleotide_observed_correction	0.004975124378109453	0.004975124378109453	0.005099059860838157	0.0051172707889125795
SP011	L	TTA	6	full	166141	75094.7720161178	173611.13722120348	91046.2279838822	332.24396901703267	1.145618500986362	166110	75080.24147865544	173577.73415163008	91029.75852134456	332.21601179121905	1.1456284672371717	per_gene_GC3_binomial_third_position	GC3_plus_dinucleotide_observed_correction	0.004975124378109453	0.004975124378109453	0.005099059860838157	0.0051172707889125795
SP011	L	TTG	6	full	39602	15357.227983882325	13118.212310827199	24244.772016117677	195.64181753929546	1.3666267065430533	39595	15354.425188011335	13115.840168338984	24240.574811988663	195.62580075484036	1.3666349951127377	per_gene_GC3_binomial_third_position	GC3_plus_dinucleotide_observed_correction	0.004975124378109453	0.004975124378109453	0.005099059860838157	0.0051172707889125795
SP011	I	ATA	3	full	180954	157471.15936445253	153218.0355656539	23482.840635547473	59.176614885798195	0.20053477935988487	180899	157406.90132569912	153155.70164202194	23492.098674300883	59.2120274167478	0.20068504217195474	per_gene_GC3_binomial_third_position	GC3_plus_dinucleotide_observed_correction	0.004975124378109453	0.004975124378109453	0.005099059860838157	0.0051172707889125795
SP011	I	ATC	3	full	22722	32094.681271094727	9432.110503294642	-9372.681271094727	-52.317540000989794	-0.4982351358803259	22717	32082.19734860142	9428.458807767936	-9365.197348601421	-52.28593522135306	-0.497991362435262	per_gene_GC3_binomial_third_position	GC3_plus_dinucleotide_observed_correction	0.004975124378109453	0.004975124378109453	0.005099059860838157	0.0051172707889125795
SP011	I	ATT	3	full	143361	157471.15936445253	184386.8539310511	-14110.159364452527	-35.55751536394053	-0.13543456833212072	143280	157406.90132569912	184311.83955020978	-14126.901325699117	-35.60697067589175	-0.1356611012750457	per_gene_GC3_binomial_third_position	GC3_plus_dinucleotide_observed_correction	0.004975124378109453	0.004975124378109453	0.005099059860838157	0.0051172707889125795
SP011	V	GTA	4	full	46290	50021.640540812004	51491.43106678764	-3731.6405408120045	-16.68479354474376	-0.11185064868349542	46276	50005.29642132074	51474.43974757259	-3729.296421320738	-16.677037349867906	-0.11181558039044637	per_gene_GC3_binomial_third_position	GC3_plus_dinucleotide_observed_correction	0.004975124378109453	0.004975124378109453	0.005099059860838157	0.0051172707889125795
SP011	V	GTC	4	full	7856	10258.859459187957	3199.13897697952	-2402.8594591879573	-23.723503702029998	-0.3849820063492866	7852	10255.203578679233	3197.9856434408935	-2403.203578679233	-23.731130032223845	-0.38520252636592345	per_gene_GC3_binomial_third_position	GC3_plus_dinucleotide_observed_correction	0.004975124378109453	0.004975124378109453	0.005099059860838157	0.0051172707889125795
SP011	V	GTG	4	full	12598	10258.859459187957	3904.2068300774213	2339.1405408120427	23.094404904678274	0.29631131467687427	12584	10255.203578679233	3902.7993098942516	2328.796421320767	22.996374998456652	0.29522142796547257	per_gene_GC3_binomial_third_position	GC3_plus_dinucleotide_observed_correction	0.004975124378109453	0.004975124378109453	0.005099059860838157	0.0051172707889125795
SP011	V	GTT	4	full	53817	50021.640540812004	61966.2231261553	3795.3594591879955	16.96969156382425	0.10550858014711459	53809	50005.29642132074	61945.77529909215	3803.703578679262	17.009778650685753	0.10576556671612829	per_gene_GC3_binomial_third_position	GC3_plus_dinucleotide_observed_correction	0.004975124378109453	0.004975124378109453	0.005099059860838157	0.0051172707889125795
SP011	S	AGC	6	full	23072	13585.000859368381	5512.667718128984	9486.999140631619	81.39524338680397	0.7641065797490066	23024	13561.64434688015	5503.283130509328	9462.35565311985	81.2536898465334	0.7635845222166026	per_gene_GC3_binomial_third_position	GC3_plus_dinucleotide_observed_correction	0.004975124378109453	0.004975124378109453	0.005099059860838157	0.0051172707889125795
SP011	S	AGT	6	full	66239	66285.99914063154	59493.81879130287	-46.99914063153847	-0.18254881310501556	-0.0010232774006230059	65928	66163.68898645314	59384.79185582335	-235.6889864531404	-0.9162825863775718	-0.005148319644287834	per_gene_GC3_binomial_third_position	GC3_plus_dinucleotide_observed_correction	0.004975124378109453	0.004975124378109453	0.005099059860838157	0.0051172707889125795
SP011	S	TCA	6	full	66959	66285.99914063154	97568.23259193421	673.0008593684615	2.6139947761922855	0.014573694747061888	66933	66163.68898645314	97389.43140526021	769.3110135468596	2.990832519709685	0.016677878524181258	per_gene_GC3_binomial_third_position	GC3_plus_dinucleotide_observed_correction	0.004975124378109453	0.004975124378109453	0.005099059860838157	0.0051172707889125795
SP011	S	TCC	6	full	15178	13585.000859368381	6586.838791704793	1592.9991406316185	13.667393750606745	0.1599614702449628	15171	13561.64434688015	6575.62556991491	1609.35565311985	13.819612143647378	0.1617784264280652	per_gene_GC3_binomial_third_position	GC3_plus_dinucleotide_observed_correction	0.004975124378109453	0.004975124378109453	0.005099059860838157	0.0051172707889125795
SP011	S	TCG	6	full	13649	13585.000859368381	4097.616106430177	63.9991406316185	0.5490909771401188	0.006780349539008491	13638	13561.64434688015	4090.6404570080217	76.3556531198501	0.6556695588359333	0.008099676613765105	per_gene_GC3_binomial_third_position	GC3_plus_dinucleotide_observed_correction	0.004975124378109453	0.004975124378109453	0.005099059860838157	0.0051172707889125795
SP011	S	TCT	6	full	54516	66285.99914063154	66353.82600049845	-11769.999140631538	-45.71571617051093	-0.2820221172710302	54482	66163.68898645314	66232.22758148365	-11681.68898645314	-45.414630351825075	-0.2802576724970437	per_gene_GC3_binomial_third_position	GC3_plus_dinucleotide_observed_correction	0.004975124378109453	0.004975124378109453	0.005099059860838157	0.0051172707889125795
SP011	P	CCA	4	full	36500	29491.592107403012	39726.07687421514	7008.407892596988	40.810344485164194	0.3075880590009741	36410	29445.83786601294	39662.810082186115	6964.162133987062	40.584193056662386	0.30626632996854	per_gene_GC3_binomial_third_position	GC3_plus_dinucleotide_observed_correction	0.004975124378109453	0.004975124378109453	0.005099059860838157	0.0051172707889125795
SP011	P	CCC	4	full	7932	6064.907892596952	2694.155445551621	1867.0921074030484	23.974725217419806	0.3871709477403153	7923	6053.162133987028	2688.7877007790353	1869.837866012972	24.033266212452038	0.3883296861494401	per_gene_GC3_binomial_third_position	GC3_plus_dinucleotide_observed_correction	0.004975124378109453	0.004975124378109453	0.005099059860838157	0.0051172707889125795
SP011	P	CCG	4	full	3568	6064.907892596952	1676.0110723860123	-2496.9078925969516	-32.061985791093136	-0.7652868959183939	3563	6053.162133987028	1672.6718442477659	-2490.162133987028	-32.0063736894409	-0.7645132335828575	per_gene_GC3_binomial_third_position	GC3_plus_dinucleotide_observed_correction	0.004975124378109453	0.004975124378109453	0.005099059860838157	0.0051172707889125795
SP011	P	CCT	4	full	23113	29491.592107403012	27016.756607847117	-6378.592107403012	-37.14289254032084	-0.35159242896951964	23102	29445.83786601294	26973.730372786973	-6343.837866012938	-36.969205443675634	-0.3500392434546577	per_gene_GC3_binomial_third_position	GC3_plus_dinucleotide_observed_correction	0.004975124378109453	0.004975124378109453	0.005099059860838157	0.0051172707889125795
SP011	T	ACA	4	full	75869	59396.281447329886	79959.25810661883	16472.718552670114	67.59049858418989	0.3531352726533945	75831	59362.19947298138	79914.13557427589	16468.80052701862	67.59381789690542	0.35324056181937946	per_gene_GC3_binomial_third_position	GC3_plus_dinucleotide_observed_correction	0.004975124378109453	0.004975124378109453	0.005099059860838157	0.0051172707889125795
SP011	T	ACC	4	full	13084	12142.21855267012	5387.710476468138	941.7814473298804	8.546752111903931	0.10776734233925714	13075	12136.300527018635	5385.126953513549	938.699472981365	8.52085966938247	0.10747796334175581	per_gene_GC3_binomial_third_position	GC3_plus_dinucleotide_observed_correction	0.004975124378109453	0.004975124378109453	0.005099059860838157	0.0051172707889125795
SP011	T	ACG	4	full	9236	12142.21855267012	3351.6486319600067	-2906.2185526701196	-26.374197137892228	-0.39467327533930213	9234	12136.300527018635	3350.041444414533	-2902.300527018635	-26.345061674058822	-0.39428239803317755	per_gene_GC3_binomial_third_position	GC3_plus_dinucleotide_observed_correction	0.004975124378109453	0.004975124378109453	0.005099059860838157	0.0051172707889125795
SP011	T	ACT	4	full	44888	59396.281447329886	54378.38278495297	-14508.281447329886	-59.53006320658753	-0.4040388695873796	44857	59362.19947298138	54347.69602779598	-14505.199472981381	-59.53450041042467	-0.4042074805684804	per_gene_GC3_binomial_third_position	GC3_plus_dinucleotide_observed_correction	0.004975124378109453	0.004975124378109453	0.005099059860838157	0.0051172707889125795
SP011	A	GCA	4	full	37059	31765.5478686553	42799.96552148007	5293.4521313447	29.70029855977686	0.22235780672134584	37020	31741.860717092783	42767.739912207784	5278.139282907217	29.625429522649064	0.2219149533152391	per_gene_GC3_binomial_third_position	GC3_plus_dinucleotide_observed_correction	0.004975124378109453	0.004975124378109453	0.005099059860838157	0.0051172707889125795
SP011	A	GCC	4	full	7363	6548.452131344685	2910.316536880054	814.5478686553151	10.065776498270058	0.16912758151558835	7361	6543.1392829071965	2907.9378034904094	817.8607170928035	10.110817381957302	0.16990654171331887	per_gene_GC3_binomial_third_position	GC3_plus_dinucleotide_observed_correction	0.004975124378109453	0.004975124378109453	0.005099059860838157	0.0051172707889125795
SP011	A	GCG	4	full	4154	6548.452131344685	1810.483039504192	-2394.452131344685	-29.589445774022415	-0.6565892288721054	4152	6543.1392829071965	1809.003249796482	-2391.1392829071965	-29.56050109636906	-0.6561130539452645	per_gene_GC3_binomial_third_position	GC3_plus_dinucleotide_observed_correction	0.004975124378109453	0.004975124378109453	0.005099059860838157	0.0051172707889125795
SP011	A	GCT	4	full	28052	31765.5478686553	29107.234902135522	-3713.5478686552997	-20.83583220900261	-0.17935626264728713	28037	31741.860717092783	29085.319034505166	-3704.8607170927826	-20.794845338944555	-0.17905171179642607	per_gene_GC3_binomial_third_position	GC3_plus_dinucleotide_observed_correction	0.004975124378109453	0.004975124378109453	0.005099059860838157	0.0051172707889125795
SP011	Y	TAC	2	full	24424	32182.240285488424	8812.451189178966	-7758.240285488424	-43.2469107207186	-0.3979581446912036	24418	32170.28666557506	8809.212038909593	-7752.286665575059	-43.2217511281305	-0.397776634372614	per_gene_GC3_binomial_third_position	GC3_plus_dinucleotide_observed_correction	0.004975124378109453	0.004975124378109453	0.005099059860838157	0.0051172707889125795
SP011	Y	TAT	2	full	165354	157595.75971451105	180965.54881082094	7758.2402854889515	19.542987858724203	0.06932901270829844	165286	157533.71333442448	180894.78796109036	7752.286665575521	19.53183598309165	0.06930370771499014	per_gene_GC3_binomial_third_position	GC3_plus_dinucleotide_observed_correction	0.004975124378109453	0.004975124378109453	0.005099059860838157	0.0051172707889125795
SP011	H	CAC	2	full	11518	11243.421848120237	3081.4741557323987	274.578151879763	2.5895048264354474	0.03480752234707503	11514	11240.767769800834	3080.752139382913	273.2322301991662	2.5771158334971416	0.034647016343422266	per_gene_GC3_binomial_third_position	GC3_plus_dinucleotide_observed_correction	0.014925373134328358	0.004975124378109453	0.015242934264845983	0.0051172707889125795
SP011	H	CAT	2	full	54416	54690.57815187959	62852.52584426756	-274.57815187959204	-1.174112523269127	-0.007261335665704386	54404	54677.232230199	62837.24786061703	-273.2322301989989	-1.1684998628975474	-0.00722742099916222	per_gene_GC3_binomial_third_position	GC3_plus_dinucleotide_observed_correction	0.014925373134328358	0.004975124378109453	0.015242934264845983	0.0051172707889125795
SP011	Q	CAA	2	full	81909	77239.92466894322	89148.25315266816	4669.075331056782	16.80002624339323	0.08467469147198088	81808	77136.38697799049	89026.96969988996	4671.613022009507	16.820434644667586	0.08482982454180639	per_gene_GC3_binomial_third_position	GC3_plus_dinucleotide_observed_correction	0.004975124378109453	0.004975124378109453	0.005099059860838157	0.0051172707889125795
SP011	Q	CAG	2	full	11003	15672.075331057067	3763.7468473315894	-4669.075331057067	-37.29646111861067	-0.5102797741122108	10977	15648.61302200984	3758.030300109775	-4671.61302200984	-37.34469655259846	-0.5115313543220975	per_gene_GC3_binomial_third_position	GC3_plus_dinucleotide_observed_correction	0.004975124378109453	0.004975124378109453	0.005099059860838157	0.0051172707889125795
SP011	N	AAC	2	full	73459	76313.63434401348	20874.689999913317	-2854.6343440134806	-10.333546975327472	-0.055001210757394545	73204	75855.9715015157	20750.573660130332	-2651.971501515698	-9.628839892534703	-0.051339929520658065	per_gene_GC3_binomial_third_position	GC3_plus_dinucleotide_observed_correction	0.004975124378109453	0.004975124378109453	0.005099059860838157	0.0051172707889125795
SP011	N	AAT	2	full	378142	375287.36565598636	430726.31000008585	2854.6343440136407	4.659813278221992	0.010932361387246311	375550	372898.0284984843	428003.42633986875	2651.9715015157126	4.342839798614817	0.01022381484878353	per_gene_GC3_binomial_third_position	GC3_plus_dinucleotide_observed_correction	0.004975124378109453	0.004975124378109453	0.005099059860838157	0.0051172707889125795
SP011	K	AAA	2	full	355371	336893.95771827735	389137.03216726973	18477.04228172265	31.8336063604471	0.07703129034211811	355199	336706.73119660304	388918.95079931594	18492.26880339696	31.8686963671312	0.07713484573994703	per_gene_GC3_binomial_third_position	GC3_plus_dinucleotide_observed_correction	0.004975124378109453	0.004975124378109453	0.005099059860838157	0.0051172707889125795
SP011	K	AAG	2	full	50285	68762.04228172342	16518.96783272709	-18477.04228172342	-70.46250345003072	-0.4514804311453771	50229	68721.2688033977	16509.049200681085	-18492.268803397703	-70.5414874546119	-0.45223225588374133	per_gene_GC3_binomial_third_position	GC3_plus_dinucleotide_observed_correction	0.004975124378109453	0.004975124378109453	0.005099059860838157	0.0051172707889125795
SP011	D	GAC	2	full	31146	32369.582598495625	8860.852197795759	-1223.5825984956246	-6.800874212258797	-0.055590993290408064	30973	32221.65074985269	8820.147053714072	-1248.6507498526917	-6.9561203826539755	-0.05701837712070327	per_gene_GC3_binomial_third_position	GC3_plus_dinucleotide_observed_correction	0.004975124378109453	0.004975124378109453	0.005099059860838157	0.0051172707889125795
SP011	D	GAT	2	full	160059	158835.41740150395	182344.14780220392	1223.5825984960538	3.07015016290594	0.011071123092299878	159378	158129.34925014703	181530.85294628562	1248.6507498529681	3.140036818832982	0.011347301800108655	per_gene_GC3_binomial_third_position	GC3_plus_dinucleotide_observed_correction	0.004975124378109453	0.004975124378109453	0.005099059860838157	0.0051172707889125795
SP011	E	GAA	2	full	211859	200484.61455707054	231466.80859314956	11374.385442929459	25.40314084412467	0.07961269739557908	210864	199435.31022914645	230255.20088538094	11428.689770853554	25.591480877605022	0.08039175133256635	per_gene_GC3_binomial_third_position	GC3_plus_dinucleotide_observed_correction	0.004975124378109453	0.004975124378109453	0.005099059860838157	0.0051172707889125795
SP011	E	GAG	2	full	29400	40774.38544292876	9792.191406849788	-11374.38544292876	-56.329283753068076	-0.471840133207101	29132	40560.68977085282	9740.799114618467	-11428.68977085282	-56.7471138241575	-0.4774704597672534	per_gene_GC3_binomial_third_position	GC3_plus_dinucleotide_observed_correction	0.004975124378109453	0.004975124378109453	0.005099059860838157	0.0051172707889125795
SP011	C	TGC	2	full	15166	9877.147360318466	4922.1734735471355	5288.852639681534	53.21642550821809	0.6186488212963731	15163	9875.705594282888	4921.460894613906	5287.294405717112	53.20462983942911	0.6185740164179248	per_gene_GC3_binomial_third_position	GC3_plus_dinucleotide_observed_correction	0.004975124378109453	0.004975124378109453	0.005099059860838157	0.0051172707889125795
SP011	C	TGT	2	full	42797	48085.85263968137	53040.82652645296	-5288.852639681369	-24.11863949432382	-0.1681009770354654	42791	48078.29440571696	53032.5391053862	-5287.294405716959	-24.113428687736384	-0.1680764687356426	per_gene_GC3_binomial_third_position	GC3_plus_dinucleotide_observed_correction	0.004975124378109453	0.004975124378109453	0.005099059860838157	0.0051172707889125795
SP011	R	AGA	6	full	50363	24020.96297154647	51136.554042054035	26342.03702845353	169.96290640450002	1.0680545285871423	50249	23980.300293126616	51050.35335344695	26268.699706873384	169.6333611002264	1.0672294355186882	per_gene_GC3_binomial_third_position	GC3_plus_dinucleotide_observed_correction	0.004975124378109453	0.004975124378109453	0.005099059860838157	0.0051172707889125795
SP011	R	AGG	6	full	11385	4963.370361786784	4207.107502218945	6421.629638213216	91.15005034987936	1.1976603064159106	11368	4955.366373539965	4200.374734557789	6412.633626460035	91.09583967918236	1.197832719201849	per_gene_GC3_binomial_third_position	GC3_plus_dinucleotide_observed_correction	0.004975124378109453	0.004975124378109453	0.005099059860838157	0.0051172707889125795
SP011	R	CGA	6	full	14269	24020.96297154647	15332.466235260907	-9751.962971546469	-62.92117682481323	-0.7513892337213861	14262	23980.300293126616	15306.62035705728	-9718.300293126616	-62.75712012014929	-0.7496529190129655	per_gene_GC3_binomial_third_position	GC3_plus_dinucleotide_observed_correction	0.004975124378109453	0.004975124378109453	0.005099059860838157	0.0051172707889125795
SP011	R	CGC	6	full	1951	4963.370361786784	1282.8863902423464	-3012.370361786784	-42.75826007084231	-1.3468819752438739	1950	4955.366373539965	1280.8333464357397	-3005.366373539965	-42.69328162013446	-1.3452932898363337	per_gene_GC3_binomial_third_position	GC3_plus_dinucleotide_observed_correction	0.004975124378109453	0.004975124378109453	0.005099059860838157	0.0051172707889125795
SP011	R	CGG	6	full	1875	4963.370361786784	1261.4329403744428	-3088.370361786784	-43.83702110454751	-1.4041901750213555	1872	4955.366373539965	1259.4142292045494	-3083.366373539965	-43.801324884240074	-1.4041715695147823	per_gene_GC3_binomial_third_position	GC3_plus_dinucleotide_observed_correction	0.004975124378109453	0.004975124378109453	0.005099059860838157	0.0051172707889125795
SP011	R	CGT	6	full	7110	24020.96297154647	13732.552889849403	-16910.96297154647	-109.11215460058354	-1.7563011009804794	7106	23980.300293126616	13709.40397929777	-16874.300293126616	-108.96787076935618	-1.7546687028592054	per_gene_GC3_binomial_third_position	GC3_plus_dinucleotide_observed_correction	0.004975124378109453	0.004975124378109453	0.005099059860838157	0.0051172707889125795
SP011	G	GGA	4	full	49925	42523.97219810367	49719.794100342326	7401.027801896329	35.89013755689551	0.23148354654919073	49810	42431.2170623052	49611.16918903513	7378.782937694799	35.82135340818748	0.2313068323172615	per_gene_GC3_binomial_third_position	GC3_plus_dinucleotide_observed_correction	0.004975124378109453	0.004975124378109453	0.005099059860838157	0.0051172707889125795
SP011	G	GGC	4	full	8456	8673.527801896254	4106.121233571107	-217.52780189625446	-2.3356990489472045	-0.03664138712152861	8444	8654.282937694716	4097.002499275785	-210.28293769471566	-2.2604166142938946	-0.03548563381100982	per_gene_GC3_binomial_third_position	GC3_plus_dinucleotide_observed_correction	0.004975124378109453	0.004975124378109453	0.005099059860838157	0.0051172707889125795
SP011	G	GGG	4	full	14707	8673.527801896254	4037.4553979164293	6033.4721981037455	64.78424896547888	0.7617780638202515	14690	8654.282937694716	4028.489154372082	6035.717062305284	64.88037154312046	0.763313957414516	per_gene_GC3_binomial_third_position	GC3_plus_dinucleotide_observed_correction	0.004975124378109453	0.004975124378109453	0.005099059860838157	0.0051172707889125795
SP011	G	GGT	4	full	29307	42523.97219810367	44531.629268170014	-13216.972198103671	-64.093658742109	-0.5370234217401336	29227	42431.2170623052	44434.339157316856	-13204.2170623052	-64.1017536172464	-0.5378166283743868	per_gene_GC3_binomial_third_position	GC3_plus_dinucleotide_observed_correction	0.004975124378109453	0.004975124378109453	0.005099059860838157	0.0051172707889125795
SP012	F	TTC	2	full	21871	30156.211747563484	8585.323052104486	-8285.211747563484	-47.71063757334955	-0.4634269601393027	21867	30150.862766014154	8583.817577081953	-8283.862766014154	-47.707100652797216	-0.4634349159676009	per_gene_GC3_binomial_third_position	GC3_plus_dinucleotide_observed_correction	0.004975124378109453	0.004975124378109453	0.005099059860838157	0.0051172707889125795
SP012	F	TTT	2	full	161179	152893.78825243664	174464.67694789587	8285.211747563357	21.188913674962585	0.07613375068334434	161148	152864.137233986	174431.18242291835	8283.862766014005	21.187518308485505	0.07613605849932387	per_gene_GC3_binomial_third_position	GC3_plus_dinucleotide_observed_correction	0.004975124378109453	0.004975124378109453	0.005099059860838157	0.0051172707889125795
SP012	L	CTA	6	full	26767	83809.33299533985	40251.6478556827	-57042.33299533985	-197.0384976182302	-1.6466371160575106	26762	83792.6588074299	40243.62447155754	-57030.65880742991	-197.01777174596313	-1.6466195710049416	per_gene_GC3_binomial_third_position	GC3_plus_dinucleotide_observed_correction	0.004975124378109453	0.004975124378109453	0.005099059860838157	0.0051172707889125795
SP012	L	CTC	6	full	6283	16427.333671326964	2309.9542866782454	-10144.333671326964	-79.14800753642518	-1.386501955454042	6283	16424.007859236914	2309.4864912472426	-10141.007859236914	-79.13006950598411	-1.3862098525230426	per_gene_GC3_binomial_third_position	GC3_plus_dinucleotide_observed_correction	0.004975124378109453	0.004975124378109453	0.005099059860838157	0.0051172707889125795
SP012	L	CTG	6	full	5024	16427.333671326964	2798.5386432467585	-11403.333671326964	-88.97096335756633	-1.709090302975782	5020	16424.007859236914	2797.9719032041767	-11404.007859236914	-88.98523175152232	-1.7099471857030366	per_gene_GC3_binomial_third_position	GC3_plus_dinucleotide_observed_correction	0.004975124378109453	0.004975124378109453	0.005099059860838157	0.0051172707889125795
SP012	L	CTT	6	full	34811	83809.33299533985	47265.658875779394	-48998.33299533985	-169.25250795734922	-1.2675555381764798	34806	83792.6588074299	47256.2373848022	-48986.65880742991	-169.2290176080211	-1.2674757118031916	per_gene_GC3_binomial_third_position	GC3_plus_dinucleotide_observed_correction	0.004975124378109453	0.004975124378109453	0.005099059860838157	0.0051172707889125795
SP012	L	TTA	6	full	185580	83809.33299533985	194557.39074601853	101770.66700466015	351.54136016564513	1.1468537029670438	185553	83792.6588074299	194518.60950938592	101760.3411925701	351.540664146373	1.1469308473764381	per_gene_GC3_binomial_third_position	GC3_plus_dinucleotide_observed_correction	0.004975124378109453	0.004975124378109453	0.005099059860838157	0.0051172707889125795
SP012	L	TTG	6	full	42245	16427.333671326964	13526.809592594642	25817.666328673036	201.4343095722943	1.3626554278920606	42226	16424.007859236914	13524.070239803144	25801.992140763086	201.3323981039763	1.3622985298229855	per_gene_GC3_binomial_third_position	GC3_plus_dinucleotide_observed_correction	0.004975124378109453	0.004975124378109453	0.005099059860838157	0.0051172707889125795
SP012	I	ATA	3	full	193687	169777.91246949055	167047.86083890896	23909.087530509452	58.02596975293964	0.19007781967872542	193608	169711.517258736	166982.45860743223	23896.482741263986	58.00672214128177	0.19005356737305415	per_gene_GC3_binomial_third_position	GC3_plus_dinucleotide_observed_correction	0.004975124378109453	0.004975124378109453	0.005099059860838157	0.0051172707889125795
SP012	I	ATC	3	full	24478	33180.175061017195	9531.518824719204	-8702.175061017195	-47.77365612571905	-0.4388280833402464	24458	33166.96548252627	9527.719888725256	-8708.96548252627	-47.820454543138226	-0.43943284324354814	per_gene_GC3_binomial_third_position	GC3_plus_dinucleotide_observed_correction	0.004975124378109453	0.004975124378109453	0.005099059860838157	0.0051172707889125795
SP012	I	ATT	3	full	154571	169777.91246949055	196156.62033637127	-15206.912469490548	-36.90629522620921	-0.13537869145865475	154524	169711.517258736	196079.82150384213	-15187.517258736014	-36.866433574434176	-0.13525312843934023	per_gene_GC3_binomial_third_position	GC3_plus_dinucleotide_observed_correction	0.004975124378109453	0.004975124378109453	0.005099059860838157	0.0051172707889125795
SP012	V	GTA	4	full	51622	56731.286179517956	58974.13498253607	-5109.286179517956	-21.451067725299104	-0.13615727677531309	51539	56676.94800432172	58916.79089234936	-5137.948004321719	-21.58174103287813	-0.13709625873979425	per_gene_GC3_binomial_third_position	GC3_plus_dinucleotide_observed_correction	0.004975124378109453	0.004975124378109453	0.005099059860838157	0.0051172707889125795
SP012	V	GTC	4	full	8698	11129.213820482197	3389.6486444948405	-2431.2138204821968	-23.045753519252017	-0.35557795288132843	8695	11117.05199567843	3385.8867929311214	-2422.05199567843	-22.971462387485413	-0.35449826059935274	per_gene_GC3_binomial_third_position	GC3_plus_dinucleotide_observed_correction	0.004975124378109453	0.004975124378109453	0.005099059860838157	0.0051172707889125795
SP012	V	GTG	4	full	14528	11129.213820482197	4106.6019242696275	3398.7861795178032	32.21748243528509	0.3844692621263352	14504	11117.05199567843	4102.044393831933	3386.94800432157	32.122823468886196	0.38366141167693174	per_gene_GC3_binomial_third_position	GC3_plus_dinucleotide_observed_correction	0.004975124378109453	0.004975124378109453	0.005099059860838157	0.0051172707889125795
SP012	V	GTT	4	full	60873	56731.286179517956	69250.61444869972	4141.713820482044	17.388766363905216	0.10165703035413207	60850	56676.94800432172	69183.27792088785	4173.051995678281	17.528734703369842	0.1024943174178933	per_gene_GC3_binomial_third_position	GC3_plus_dinucleotide_observed_correction	0.004975124378109453	0.004975124378109453	0.005099059860838157	0.0051172707889125795
SP012	S	AGC	6	full	24476	14900.108725495907	5522.237552728424	9575.891274504093	78.44847177569224	0.7160260061769387	24274	14863.106844907083	5508.551469982976	9410.893155092917	77.19266643968716	0.7076573328614738	per_gene_GC3_binomial_third_position	GC3_plus_dinucleotide_observed_correction	0.004975124378109453	0.004975124378109453	0.005099059860838157	0.0051172707889125795
SP012	S	AGT	6	full	76346	75577.55794117095	68415.4190470165	768.4420588290523	2.795211661198851	0.01459457268766778	76009	75386.22648842646	68242.55377915775	622.7735115735413	2.268214539419761	0.011869216893534741	per_gene_GC3_binomial_third_position	GC3_plus_dinucleotide_observed_correction	0.004975124378109453	0.004975124378109453	0.005099059860838157	0.0051172707889125795
SP012	S	TCA	6	full	74933	75577.55794117095	110383.79600023515	-644.5579411709477	-2.3445825912037397	-0.012356608923192488	74897	75386.22648842646	110104.88921681352	-489.2264884264587	-1.781820539082336	-0.009392963432397237	per_gene_GC3_binomial_third_position	GC3_plus_dinucleotide_observed_correction	0.004975124378109453	0.004975124378109453	0.005099059860838157	0.0051172707889125795
SP012	S	TCC	6	full	15275	14900.108725495907	7280.374361697075	374.8912745040925	3.071217782640356	0.03584833389793375	15261	14863.106844907083	7262.330986166662	397.89315509291737	3.263710797003414	0.03811251982013028	per_gene_GC3_binomial_third_position	GC3_plus_dinucleotide_observed_correction	0.004975124378109453	0.004975124378109453	0.005099059860838157	0.0051172707889125795
SP012	S	TCG	6	full	15700	14900.108725495907	4364.049064332298	799.8912745040925	6.552940741780346	0.07543923465378902	15683	14863.106844907083	4353.233387529309	819.8931550929174	6.725157516321348	0.07746330683850917	per_gene_GC3_binomial_third_position	GC3_plus_dinucleotide_observed_correction	0.004975124378109453	0.004975124378109453	0.005099059860838157	0.0051172707889125795
SP012	S	TCT	6	full	64703	75577.55794117095	75467.12397399123	-10874.557941170948	-39.55625647802504	-0.22412369359782286	64624	75386.22648842646	75276.44116035057	-10762.226488426459	-39.19729748283417	-0.2222293139388984	per_gene_GC3_binomial_third_position	GC3_plus_dinucleotide_observed_correction	0.004975124378109453	0.004975124378109453	0.005099059860838157	0.0051172707889125795
SP012	P	CCA	4	full	42219	33691.754028174175	45070.47784489986	8527.245971825825	46.4565526942575	0.3254925444501865	42100	33613.04653441204	44964.6127812937	8486.953465587962	46.291140680127334	0.3247945992303914	per_gene_GC3_binomial_third_position	GC3_plus_dinucleotide_observed_correction	0.004975124378109453	0.004975124378109453	0.005099059860838157	0.0051172707889125795
SP012	P	CCC	4	full	9078	6624.74597182569	2969.0432266099688	2453.2540281743104	30.14101726445818	0.4544799294549388	9065	6608.453465587831	2961.692356287875	2456.5465344121694	30.218651301757255	0.45596475517932455	per_gene_GC3_binomial_third_position	GC3_plus_dinucleotide_observed_correction	0.004975124378109453	0.004975124378109453	0.005099059860838157	0.0051172707889125795
SP012	P	CCG	4	full	3824	6624.74597182569	1779.7230844636176	-2800.7459718256896	-34.41035119913058	-0.7927028698034335	3821	6608.453465587831	1775.316778254979	-2787.4534655878306	-34.28922803476618	-0.7902828072576952	per_gene_GC3_binomial_third_position	GC3_plus_dinucleotide_observed_correction	0.004975124378109453	0.004975124378109453	0.005099059860838157	0.0051172707889125795
SP012	P	CCT	4	full	25512	33691.754028174175	30813.75584402654	-8179.754028174175	-44.563411832082245	-0.4012126714299472	25457	33613.04653441204	30741.37808416345	-8156.046534412038	-44.48624574754593	-0.4009520187278747	per_gene_GC3_binomial_third_position	GC3_plus_dinucleotide_observed_correction	0.004975124378109453	0.004975124378109453	0.005099059860838157	0.0051172707889125795
SP012	T	ACA	4	full	84889	67077.65467032499	89740.70374854085	17811.34532967501	68.77138792359125	0.33974311686204794	84858	67029.61731367084	89676.78130931252	17828.38268632916	68.86183282376402	0.3402497182776154	per_gene_GC3_binomial_third_position	GC3_plus_dinucleotide_observed_correction	0.004975124378109453	0.004975124378109453	0.005099059860838157	0.0051172707889125795
SP012	T	ACC	4	full	15686	13196.345329675178	5910.511528607297	2489.6546703248223	21.67266290902578	0.24933039307347618	15670	13187.38268632936	5906.525657415459	2482.61731367064	21.618744815473946	0.24883825415026062	per_gene_GC3_binomial_third_position	GC3_plus_dinucleotide_observed_correction	0.004975124378109453	0.004975124378109453	0.005099059860838157	0.0051172707889125795
SP012	T	ACG	4	full	10067	13196.345329675178	3542.917029356069	-3129.3453296751777	-27.241226369412804	-0.39048762615087795	10055	13187.38268632936	3540.5277926793415	-3132.38268632936	-27.27693132053421	-0.3912281385495014	per_gene_GC3_binomial_third_position	GC3_plus_dinucleotide_observed_correction	0.004975124378109453	0.004975124378109453	0.005099059860838157	0.0051172707889125795
SP012	T	ACT	4	full	49906	67077.65467032499	61353.867693496315	-17171.65467032499	-66.3014782300229	-0.42661527116861453	49851	67029.61731367084	61310.16524059325	-17178.61731367084	-66.35212483432434	-0.4271725437443736	per_gene_GC3_binomial_third_position	GC3_plus_dinucleotide_observed_correction	0.004975124378109453	0.004975124378109453	0.005099059860838157	0.0051172707889125795
SP012	A	GCA	4	full	42364	36529.84165606905	48896.19371290403	5834.158343930947	30.52490473339958	0.21376059518754778	42311	36486.648762023106	48837.8274432075	5824.3512379768945	30.49162495053691	0.21366141418423926	per_gene_GC3_binomial_third_position	GC3_plus_dinucleotide_observed_correction	0.004975124378109453	0.004975124378109453	0.005099059860838157	0.0051172707889125795
SP012	A	GCC	4	full	8222	7224.658343930864	3240.841356641775	997.3416560691358	11.733708683178715	0.18654789752340703	8201	7215.351237976783	3236.633650924834	985.6487620232174	11.603618512284932	0.1847181969331059	per_gene_GC3_binomial_third_position	GC3_plus_dinucleotide_observed_correction	0.004975124378109453	0.004975124378109453	0.005099059860838157	0.0051172707889125795
SP012	A	GCG	4	full	4326	7224.658343930864	1942.6460766236082	-2898.6583439308642	-34.10266920345329	-0.7398288028733231	4321	7215.351237976783	1940.1238664617777	-2894.3512379767826	-34.07395098544353	-0.7396374350731573	per_gene_GC3_binomial_third_position	GC3_plus_dinucleotide_observed_correction	0.004975124378109453	0.004975124378109453	0.005099059860838157	0.0051172707889125795
SP012	A	GCT	4	full	32597	36529.84165606905	33429.318853830635	-3932.841656069053	-20.577024106302552	-0.16433392271609604	32571	36486.648762023106	33389.41503940594	-3915.6487620231055	-20.499191860399325	-0.16377825688922346	per_gene_GC3_binomial_third_position	GC3_plus_dinucleotide_observed_correction	0.004975124378109453	0.004975124378109453	0.005099059860838157	0.0051172707889125795
SP012	Y	TAC	2	full	24622	34229.777457387245	9381.736001511334	-9607.777457387245	-51.930307860593665	-0.475295735690996	24604	34215.4463520055	9377.809961514058	-9611.4463520055	-51.96101683205106	-0.47574665123385995	per_gene_GC3_binomial_third_position	GC3_plus_dinucleotide_observed_correction	0.004975124378109453	0.004975124378109453	0.005099059860838157	0.0051172707889125795
SP012	Y	TAT	2	full	183997	174389.22254261345	199237.26399848855	9607.777457386546	23.007165379979156	0.07737114526433346	183928	174316.5536479952	199154.1900384858	9611.446352004801	23.020747993102155	0.07743132788842329	per_gene_GC3_binomial_third_position	GC3_plus_dinucleotide_observed_correction	0.004975124378109453	0.004975124378109453	0.005099059860838157	0.0051172707889125795
SP012	H	CAC	2	full	11872	11473.682962071574	3145.2006777811393	398.31703792842563	3.7185828410557042	0.0492323283552928	11856	11454.869788807768	3139.943159797638	401.1302111922323	3.747919840868718	0.049654163092685576	per_gene_GC3_binomial_third_position	GC3_plus_dinucleotide_observed_correction	0.004975124378109453	0.004975124378109453	0.005099059860838157	0.0051172707889125795
SP012	H	CAT	2	full	58074	58472.31703792827	66800.79932221901	-398.3170379282674	-1.647228060400281	-0.00986126952209147	57986	58387.1302111921	66702.0568402025	-401.13021119210316	-1.6600715520268898	-0.009945695960229936	per_gene_GC3_binomial_third_position	GC3_plus_dinucleotide_observed_correction	0.004975124378109453	0.004975124378109453	0.005099059860838157	0.0051172707889125795
SP012	Q	CAA	2	full	93128	87567.47928131046	100597.07840677915	5560.520718689542	18.790746737259152	0.08881932122405287	92627	87038.53390585938	99991.46367531817	5588.466094140618	18.9424799756897	0.08977803261953936	per_gene_GC3_binomial_third_position	GC3_plus_dinucleotide_observed_correction	0.004975124378109453	0.004975124378109453	0.005099059860838157	0.0051172707889125795
SP012	Q	CAG	2	full	11492	17052.520718689786	4022.9215932209277	-5560.520718689786	-42.58152100918076	-0.5693346502133105	11364	16952.466094140837	3999.53632468197	-5588.4660941408365	-42.92162720166214	-0.5770034978472482	per_gene_GC3_binomial_third_position	GC3_plus_dinucleotide_observed_correction	0.004975124378109453	0.004975124378109453	0.005099059860838157	0.0051172707889125795
SP012	N	AAC	2	full	76392	80745.10622715388	22098.150954950135	-4353.106227153883	-15.319378978432434	-0.07995275219256909	76063	80305.78948055762	21977.655186512646	-4242.789480557622	-14.971939221070553	-0.07830865716908494	per_gene_GC3_binomial_third_position	GC3_plus_dinucleotide_observed_correction	0.004975124378109453	0.004975124378109453	0.005099059860838157	0.0051172707889125795
SP012	N	AAT	2	full	418493	414139.89377284655	472786.8490450504	4353.1062271534465	6.764344713904901	0.015085290266546245	416155	411912.2105194429	470240.34481348784	4242.789480557083	6.610725898627792	0.01478405964757166	per_gene_GC3_binomial_third_position	GC3_plus_dinucleotide_observed_correction	0.004975124378109453	0.004975124378109453	0.005099059860838157	0.0051172707889125795
SP012	K	AAA	2	full	393589	376176.8454175004	432558.1014315401	17412.154582499585	28.389417653212266	0.06527876578871061	393143	375737.6221264474	432048.97265558044	17405.377873552614	28.394950441282433	0.06532850369273543	per_gene_GC3_binomial_third_position	GC3_plus_dinucleotide_observed_correction	0.004975124378109453	0.004975124378109453	0.005099059860838157	0.0051172707889125795
SP012	K	AAG	2	full	56389	73801.15458249867	17419.898568458506	-17412.154582498668	-64.0945253904522	-0.38822661010516385	56304	73709.37787355202	17398.027344417893	-17405.377873552017	-64.10945478935362	-0.38860773728924225	per_gene_GC3_binomial_third_position	GC3_plus_dinucleotide_observed_correction	0.004975124378109453	0.004975124378109453	0.005099059860838157	0.0051172707889125795
SP012	D	GAC	2	full	34256	36692.00416593495	10051.880455602646	-2436.0041659349517	-12.717223666781063	-0.0991076098154791	34015	36424.414326180246	9978.58057844465	-2409.4143261802456	-12.624529444574058	-0.09873328327753277	per_gene_GC3_binomial_third_position	GC3_plus_dinucleotide_observed_correction	0.004975124378109453	0.004975124378109453	0.005099059860838157	0.0051172707889125795
SP012	D	GAT	2	full	189930	187493.99583406583	214134.1195443983	2436.004165934166	5.625800719827102	0.018623355477189317	188531	186121.5856738207	212567.41942155623	2409.414326179307	5.5848706164289785	0.018556331262618075	per_gene_GC3_binomial_third_position	GC3_plus_dinucleotide_observed_correction	0.004975124378109453	0.004975124378109453	0.005099059860838157	0.0051172707889125795
SP012	E	GAA	2	full	237239	226286.92782682244	260066.5406517798	10952.072173177556	23.02324653297437	0.06818780334982458	235424	224332.33271481402	257800.06429114618	11091.667285185977	23.41805908751302	0.06962368099864137	per_gene_GC3_binomial_third_position	GC3_plus_dinucleotide_observed_correction	0.004975124378109453	0.004975124378109453	0.005099059860838157	0.0051172707889125795
SP012	E	GAG	2	full	33260	44212.07217317758	10432.459348220234	-10952.072173177577	-52.0865823159404	-0.41064681240057194	32711	43802.66728518593	10334.935708853778	-11091.667285185933	-52.99642267856637	-0.42123727452009463	per_gene_GC3_binomial_third_position	GC3_plus_dinucleotide_observed_correction	0.004975124378109453	0.004975124378109453	0.005099059860838157	0.0051172707889125795
SP012	C	TGC	2	full	13586	10819.545971252232	4904.900890979393	2766.4540287477685	26.59616015572476	0.32846722446475096	13583	10818.169322293334	4904.288711154165	2764.8306777066664	26.582244748427797	0.3283321992238198	per_gene_GC3_binomial_third_position	GC3_plus_dinucleotide_observed_correction	0.004975124378109453	0.004975124378109453	0.005099059860838157	0.0051172707889125795
SP012	C	TGT	2	full	52101	54867.45402874771	60782.09910902065	-2766.4540287477066	-11.810439345083562	-0.07463887192096515	52094	54858.83067770661	60772.71128884589	-2764.83067770661	-11.804436667307133	-0.07460595579867213	per_gene_GC3_binomial_third_position	GC3_plus_dinucleotide_observed_correction	0.004975124378109453	0.004975124378109453	0.005099059860838157	0.0051172707889125795
SP012	R	AGA	6	full	56345	26522.07688702742	56239.9371528352	29822.92311297258	183.12449665999839	1.0870794430341637	56197	26458.4807755922	56105.18904673329	29738.5192244078	182.8255497273721	1.086748463453262	per_gene_GC3_binomial_third_position	GC3_plus_dinucleotide_observed_correction	0.004975124378109453	0.004975124378109453	0.005099059860838157	0.0051172707889125795
SP012	R	AGG	6	full	10827	5234.589779639335	4502.108060430643	5592.410220360665	77.29611998494839	1.048413988297259	10796	5222.185891074537	4491.4881533408525	5573.814108925463	77.13053024863851	1.0476998533862243	per_gene_GC3_binomial_third_position	GC3_plus_dinucleotide_observed_correction	0.004975124378109453	0.004975124378109453	0.005099059860838157	0.0051172707889125795
SP012	R	CGA	6	full	15378	26522.07688702742	16588.192252138564	-11144.076887027419	-68.42902229760021	-0.7863061605188478	15345	26458.4807755922	16548.4477644526	-11113.480775592201	-68.32311376534878	-0.7859418350651953	per_gene_GC3_binomial_third_position	GC3_plus_dinucleotide_observed_correction	0.004975124378109453	0.004975124378109453	0.005099059860838157	0.0051172707889125795
SP012	R	CGC	6	full	1840	5234.589779639335	1242.0385432904366	-3394.5897796393347	-46.9187002683361	-1.5081165292736105	1838	5222.185891074537	1239.1087304661703	-3384.185891074537	-46.830419374868825	-1.5062627615139477	per_gene_GC3_binomial_third_position	GC3_plus_dinucleotide_observed_correction	0.004975124378109453	0.004975124378109453	0.005099059860838157	0.0051172707889125795
SP012	R	CGG	6	full	2592	5234.589779639335	1327.9146070767108	-2642.5897796393347	-36.52484861255888	-1.0138702899570835	2587	5222.185891074537	1324.7822234108726	-2635.185891074537	-36.46574519893592	-1.013233075443194	per_gene_GC3_binomial_third_position	GC3_plus_dinucleotide_observed_correction	0.004975124378109453	0.004975124378109453	0.005099059860838157	0.0051172707889125795
SP012	R	CGT	6	full	8288	26522.07688702742	15369.80938422825	-18234.07688702742	-111.96441540447584	-1.6780380112930633	8279	26458.4807755922	15332.984081596003	-18179.4807755922	-111.7632502639184	-1.6761419377988487	per_gene_GC3_binomial_third_position	GC3_plus_dinucleotide_observed_correction	0.004975124378109453	0.004975124378109453	0.005099059860838157	0.0051172707889125795
SP012	G	GGA	4	full	58616	50305.641782320454	57804.93570256468	8310.358217679546	37.0519779953816	0.2205722803517433	58277	49982.11763834546	57433.36355102868	8294.882361654541	37.102477044510486	0.22151253095880538	per_gene_GC3_binomial_third_position	GC3_plus_dinucleotide_observed_correction	0.004975124378109453	0.004975124378109453	0.005099059860838157	0.0051172707889125795
SP012	G	GGC	4	full	9458	9792.358217679506	4268.356283550725	-334.3582176795062	-3.3788456682259125	-0.050118588893498295	9315	9729.8823616545	4241.220761753962	-414.8823616544996	-4.2060184831218415	-0.06286329131699885	per_gene_GC3_binomial_third_position	GC3_plus_dinucleotide_observed_correction	0.004975124378109453	0.004975124378109453	0.005099059860838157	0.0051172707889125795
SP012	G	GGG	4	full	14996	9792.358217679506	4563.475656817288	5203.641782320494	52.585226160184305	0.6148239303078447	14955	9729.8823616545	4534.463951859155	5225.1176383455	52.971500826706134	0.6201077413236563	per_gene_GC3_binomial_third_position	GC3_plus_dinucleotide_observed_correction	0.004975124378109453	0.004975124378109453	0.005099059860838157	0.0051172707889125795
SP012	G	GGT	4	full	37126	50305.641782320454	53559.23235706693	-13179.641782320454	-58.76182283775289	-0.43828523126575075	36877	49982.11763834546	53214.95173535785	-13105.117638345459	-58.61835106789089	-0.43868560286725816	per_gene_GC3_binomial_third_position	GC3_plus_dinucleotide_observed_correction	0.004975124378109453	0.004975124378109453	0.005099059860838157	0.0051172707889125795
SP013	F	TTC	2	full	22446	30451.96937739145	9533.261589416872	-8005.969377391451	-45.878185432111586	-0.4400687120002417	22446	30449.083879580558	9532.34289481911	-8003.083879580558	-45.863823075775564	-0.43993200418292644	per_gene_GC3_binomial_third_position	GC3_plus_dinucleotide_observed_correction	0.004975124378109453	0.004975124378109453	0.005099059860838157	0.0051172707889125795
SP013	F	TTT	2	full	140791	132785.03062260844	153703.73841058265	8005.969377391564	21.97047090922522	0.08446228921401933	140777	132773.91612041934	153690.65710518043	8003.083879580663	21.96347157281923	0.08443958609681587	per_gene_GC3_binomial_third_position	GC3_plus_dinucleotide_observed_correction	0.004975124378109453	0.004975124378109453	0.005099059860838157	0.0051172707889125795
SP013	L	CTA	6	full	27681	75533.44802447928	39336.57788737639	-47852.44802447928	-174.11432562828256	-1.4482030743611494	27677	75526.26050408823	39332.792311128695	-47849.26050408823	-174.1110117421146	-1.4482742722187032	per_gene_GC3_binomial_third_position	GC3_plus_dinucleotide_observed_correction	0.004975124378109453	0.004975124378109453	0.005099059860838157	0.0051172707889125795
SP013	L	CTC	6	full	6699	17192.218642187592	2918.6789191140983	-10493.218642187592	-80.02814665172943	-1.3596723598061082	6699	17190.40616257863	2918.367466119573	-10491.40616257863	-80.0185415622694	-1.3595202609299233	per_gene_GC3_binomial_third_position	GC3_plus_dinucleotide_observed_correction	0.004975124378109453	0.004975124378109453	0.005099059860838157	0.0051172707889125795
SP013	L	CTG	6	full	5850	17192.218642187592	3577.501793147456	-11342.218642187592	-86.50317579427987	-1.5551658608547374	5847	17190.40616257863	3577.1200369908934	-11343.40616257863	-86.51679321267515	-1.5557537320961026	per_gene_GC3_binomial_third_position	GC3_plus_dinucleotide_observed_correction	0.004975124378109453	0.004975124378109453	0.005099059860838157	0.0051172707889125795
SP013	L	CTT	6	full	33015	75533.44802447928	47460.02886003054	-42518.44802447928	-154.70621065731675	-1.1939817010763503	33012	75526.26050408823	47455.46151920895	-42514.26050408823	-154.69833455842402	-1.1939755117023978	per_gene_GC3_binomial_third_position	GC3_plus_dinucleotide_observed_correction	0.004975124378109453	0.004975124378109453	0.005099059860838157	0.0051172707889125795
SP013	L	TTA	6	full	166330	75533.44802447928	169471.47138843674	90796.55197552072	330.3693137810608	1.138855638607908	166318	75526.26050408823	169455.1622123161	90791.73949591177	330.3675219831054	1.138888838723932	per_gene_GC3_binomial_third_position	GC3_plus_dinucleotide_observed_correction	0.004975124378109453	0.004975124378109453	0.005099059860838157	0.0051172707889125795
SP013	L	TTG	6	full	38602	17192.218642187592	15412.741151894454	21409.781357812408	163.28499202293122	1.1668965906029756	38597	17190.40616257863	15411.096454235458	21406.59383742137	163.2692884197051	1.1668618118829288	per_gene_GC3_binomial_third_position	GC3_plus_dinucleotide_observed_correction	0.004975124378109453	0.004975124378109453	0.005099059860838157	0.0051172707889125795
SP013	I	ATA	3	full	169442	147383.91745876212	143975.96465823887	22058.082541237876	57.45696866271593	0.20121178011471513	169411	147359.04338919476	143951.49142807862	22051.95661080524	57.44585960836151	0.20119131490260136	per_gene_GC3_binomial_third_position	GC3_plus_dinucleotide_observed_correction	0.004975124378109453	0.004975124378109453	0.005099059860838157	0.0051172707889125795
SP013	I	ATC	3	full	25366	33588.165082476226	10671.395576642064	-8222.165082476226	-44.863489759130424	-0.405049985510911	25359	33581.913221611	10669.396037488796	-8222.913221611001	-44.87174815922059	-0.40517960471610215	per_gene_GC3_binomial_third_position	GC3_plus_dinucleotide_observed_correction	0.004975124378109453	0.004975124378109453	0.005099059860838157	0.0051172707889125795
SP013	I	ATT	3	full	133548	147383.91745876212	173708.63976511898	-13835.917458762124	-36.03984500292865	-0.1422202284997122	133530	147359.04338919476	173679.11253443238	-13829.043389194761	-36.024979509725846	-0.14217118743713533	per_gene_GC3_binomial_third_position	GC3_plus_dinucleotide_observed_correction	0.004975124378109453	0.004975124378109453	0.005099059860838157	0.0051172707889125795
SP013	V	GTA	4	full	50851	53543.685518475635	55426.52209072868	-2692.685518475635	-11.636744637618587	-0.07443958720513325	50801	53458.50247769496	55340.26009462958	-2657.5024776949576	-11.493843611719596	-0.07356182212323381	per_gene_GC3_binomial_third_position	GC3_plus_dinucleotide_observed_correction	0.004975124378109453	0.004975124378109453	0.005099059860838157	0.0051172707889125795
SP013	V	GTC	4	full	10264	12186.314481524401	4115.846532023325	-1922.3144815244013	-17.41358727791025	-0.24765771514069132	10243	12170.497522305091	4110.606928453593	-1927.4975223050915	-17.471880969511528	-0.2487386749410874	per_gene_GC3_binomial_third_position	GC3_plus_dinucleotide_observed_correction	0.004975124378109453	0.004975124378109453	0.005099059860838157	0.0051172707889125795
SP013	V	GTG	4	full	13600	12186.314481524401	5044.901736948331	1413.6855184755987	12.806092029214188	0.15833862241379826	13590	12170.497522305091	5038.479416547362	1419.5024776949085	12.867138888226535	0.1591511197333796	per_gene_GC3_binomial_third_position	GC3_plus_dinucleotide_observed_correction	0.004975124378109453	0.004975124378109453	0.005099059860838157	0.0051172707889125795
SP013	V	GTT	4	full	56745	53543.685518475635	66872.72964029982	3201.314481524365	13.83484215687346	0.08377607110590264	56624	53458.50247769496	66768.6535603696	3165.4975223050424	13.690949972779796	0.08299348831879132	per_gene_GC3_binomial_third_position	GC3_plus_dinucleotide_observed_correction	0.004975124378109453	0.004975124378109453	0.005099059860838157	0.0051172707889125795
SP013	S	AGC	6	full	27320	15787.829915312883	7234.292103098833	11532.170084687117	91.78037324896519	0.791125315598299	27276	15776.969637680726	7229.282069540429	11499.030362319274	91.54811907529512	0.7897926889258539	per_gene_GC3_binomial_third_position	GC3_plus_dinucleotide_observed_correction	0.004975124378109453	0.004975124378109453	0.005099059860838157	0.0051172707889125795
SP013	S	AGT	6	full	73129	69500.50341802035	64113.585697860304	3628.496581979649	13.763622201473114	0.07341969124530327	73050	69455.36369565252	64071.68939699139	3594.636304347485	13.639613412721374	0.07279765122932232	per_gene_GC3_binomial_third_position	GC3_plus_dinucleotide_observed_correction	0.004975124378109453	0.004975124378109453	0.005099059860838157	0.0051172707889125795
SP013	S	TCA	6	full	69548	69500.50341802035	100765.2445607687	47.49658197964891	0.1801641521383277	0.0009855926740023411	69523	69455.36369565252	100699.39750265617	67.63630434748484	0.25664155309651604	0.0014042166545448554	per_gene_GC3_binomial_third_position	GC3_plus_dinucleotide_observed_correction	0.004975124378109453	0.004975124378109453	0.005099059860838157	0.0051172707889125795
SP013	S	TCC	6	full	18392	15787.829915312883	8213.998197435169	2604.170084687117	20.725648392382137	0.22025901992683375	18389	15776.969637680726	8208.30967863729	2612.030362319274	20.795359182759913	0.22101640717224197	per_gene_GC3_binomial_third_position	GC3_plus_dinucleotide_observed_correction	0.004975124378109453	0.004975124378109453	0.005099059860838157	0.0051172707889125795
SP013	S	TCG	6	full	15004	15787.829915312883	5025.777014996599	-783.8299153128828	-6.238218970308656	-0.07346332710573428	14998	15776.969637680726	5022.296465532551	-778.969637680726	-6.201671175694785	-0.07304762305373269	per_gene_GC3_binomial_third_position	GC3_plus_dinucleotide_observed_correction	0.004975124378109453	0.004975124378109453	0.005099059860838157	0.0051172707889125795
SP013	S	TCT	6	full	52472	69500.50341802035	70512.10242584045	-17028.50341802035	-64.5925612459183	-0.40547227945326925	52461	69455.36369565252	70466.02488664219	-16994.363695652515	-64.4840065526362	-0.4048374381740218	per_gene_GC3_binomial_third_position	GC3_plus_dinucleotide_observed_correction	0.004975124378109453	0.004975124378109453	0.005099059860838157	0.0051172707889125795
SP013	P	CCA	4	full	42722	34014.55104940829	45588.185795131474	8707.448950591708	47.212670411345734	0.3288228176414637	42679	33972.908421788845	45533.458555014535	8706.091578211155	47.234232928092396	0.3291373092231383	per_gene_GC3_binomial_third_position	GC3_plus_dinucleotide_observed_correction	0.004975124378109453	0.004975124378109453	0.005099059860838157	0.0051172707889125795
SP013	P	CCC	4	full	10027	7730.948950591816	3723.5027984717667	2296.0510494081836	26.11350316562127	0.37515124612112993	10024	7723.091578211266	3719.7949637950674	2300.908421788734	26.18205563678572	0.3761864979925371	per_gene_GC3_binomial_third_position	GC3_plus_dinucleotide_observed_correction	0.004975124378109453	0.004975124378109453	0.005099059860838157	0.0051172707889125795
SP013	P	CCG	4	full	4071	7730.948950591816	2278.24432511784	-3659.9489505918164	-41.62541966648618	-0.9251784125942217	4070	7723.091578211266	2275.9756674135588	-3653.091578211266	-41.5685587663005	-0.924065858046958	per_gene_GC3_binomial_third_position	GC3_plus_dinucleotide_observed_correction	0.004975124378109453	0.004975124378109453	0.005099059860838157	0.0051172707889125795
SP013	P	CCT	4	full	26671	34014.55104940829	31901.067081278845	-7343.551049408292	-39.81747780686621	-0.3508742902315835	26619	33972.908421788845	31862.770813776784	-7353.908421788845	-39.89806679681241	-0.35192249249746715	per_gene_GC3_binomial_third_position	GC3_plus_dinucleotide_observed_correction	0.004975124378109453	0.004975124378109453	0.005099059860838157	0.0051172707889125795
SP013	T	ACA	4	full	79376	62729.710082743666	84060.82636200375	16646.289917256334	66.46313367311447	0.3395515558172484	79360	62715.451559557754	84041.71327294208	16644.548440442246	66.46373459634549	0.3395886816558603	per_gene_GC3_binomial_third_position	GC3_plus_dinucleotide_observed_correction	0.004975124378109453	0.004975124378109453	0.005099059860838157	0.0051172707889125795
SP013	T	ACC	4	full	17162	14232.28991725641	6849.41006964364	2929.7100827435897	24.557675407710153	0.27004123311982253	17154	14229.048440442313	6847.851481007328	2924.951559557687	24.520580595915437	0.2696971962610738	per_gene_GC3_binomial_third_position	GC3_plus_dinucleotide_observed_correction	0.004975124378109453	0.004975124378109453	0.005099059860838157	0.0051172707889125795
SP013	T	ACG	4	full	11227	14232.28991725641	4190.846755365728	-3005.2899172564103	-25.19120739241635	-0.3421817651350675	11224	14229.048440442313	4189.893124897845	-3005.048440442313	-25.192052236803026	-0.3422386992511245	per_gene_GC3_binomial_third_position	GC3_plus_dinucleotide_observed_correction	0.004975124378109453	0.004975124378109453	0.005099059860838157	0.0051172707889125795
SP013	T	ACT	4	full	46159	62729.710082743666	58822.916812987016	-16570.710082743666	-66.16136837471005	-0.4425327974395463	46151	62715.451559557754	58809.54212115287	-16564.451559557754	-66.14389787309939	-0.4424548949953142	per_gene_GC3_binomial_third_position	GC3_plus_dinucleotide_observed_correction	0.004975124378109453	0.004975124378109453	0.005099059860838157	0.0051172707889125795
SP013	A	GCA	4	full	43941	37941.28932087697	50865.01323663626	5999.710679123033	30.801670141058196	0.21179640154202176	43844	37884.472277879555	50789.73601465632	5959.527722120445	30.618310529646955	0.21077018534549594	per_gene_GC3_binomial_third_position	GC3_plus_dinucleotide_observed_correction	0.004975124378109453	0.004975124378109453	0.005099059860838157	0.0051172707889125795
SP013	A	GCC	4	full	10411	8647.210679123014	4168.100808539345	1763.7893208769856	18.967438679190916	0.26778777311615165	10403	8635.52772212042	4162.488437063857	1767.4722778795804	19.019897380676177	0.2686291894454214	per_gene_GC3_binomial_third_position	GC3_plus_dinucleotide_observed_correction	0.004975124378109453	0.004975124378109453	0.005099059860838157	0.0051172707889125795
SP013	A	GCG	4	full	4948	8647.210679123014	2550.273902700237	-3699.2106791230144	-39.780574066967915	-0.8053269779387637	4934	8635.52772212042	2546.8399443667754	-3701.5277221204196	-39.832408297186895	-0.8074639669315854	per_gene_GC3_binomial_third_position	GC3_plus_dinucleotide_observed_correction	0.004975124378109453	0.004975124378109453	0.005099059860838157	0.0051172707889125795
SP013	A	GCT	4	full	33877	37941.28932087697	35593.61205212426	-4064.2893208769674	-20.865489306857068	-0.16346030282646767	33859	37884.472277879555	35540.935603913174	-4025.472277879555	-20.681699285517727	-0.16206502295622494	per_gene_GC3_binomial_third_position	GC3_plus_dinucleotide_observed_correction	0.004975124378109453	0.004975124378109453	0.005099059860838157	0.0051172707889125795
SP013	Y	TAC	2	full	26565	34844.358028864255	10563.28052647376	-8279.358028864255	-44.35375872561771	-0.39139191018208563	26560	34836.57786201941	10560.92088998203	-8276.57786201941	-44.343815851631526	-0.3913413099928057	per_gene_GC3_binomial_third_position	GC3_plus_dinucleotide_observed_correction	0.004975124378109453	0.004975124378109453	0.005099059860838157	0.0051172707889125795
SP013	Y	TAT	2	full	161336	153056.64197113598	177337.71947352646	8279.358028864022	21.162675517327216	0.07600249821357669	161300	153023.42213798082	177299.07911001818	8276.577862019185	21.157865402327822	0.07599370437366333	per_gene_GC3_binomial_third_position	GC3_plus_dinucleotide_observed_correction	0.004975124378109453	0.004975124378109453	0.005099059860838157	0.0051172707889125795
SP013	H	CAC	2	full	12876	12976.8659080161	3935.0757165673376	-100.86590801609964	-0.8854407268610013	-0.011257077306624418	12874	12972.41603409377	3933.77527108689	-98.41603409377058	-0.8640829304946462	-0.010986398818034676	per_gene_GC3_binomial_third_position	GC3_plus_dinucleotide_observed_correction	0.29850746268656714	0.3582089552238806	0.30059492746059907	0.35945707005044464
SP013	H	CAT	2	full	56969	56868.13409198388	65909.9242834326	100.86590801612329	0.4229703387660408	0.00255659115517984	56940	56841.5839659062	65880.22472891306	98.41603409380332	0.4127934279647669	0.002495713399890349	per_gene_GC3_binomial_third_position	GC3_plus_dinucleotide_observed_correction	0.29850746268656714	0.3582089552238806	0.30059492746059907	0.35945707005044464
SP013	Q	CAA	2	full	86186	80667.94697428594	94060.0240843696	5518.053025714064	19.428325341554558	0.09545742600866881	86138	80588.63104449594	93968.51544123449	5549.368955504062	19.548197179783827	0.09607292357851731	per_gene_GC3_binomial_third_position	GC3_plus_dinucleotide_observed_correction	0.004975124378109453	0.004975124378109453	0.005099059860838157	0.0051172707889125795
SP013	Q	CAG	2	full	12820	18338.05302571392	4945.975915630234	-5518.053025713922	-40.74827771901868	-0.5164272816550883	12772	18321.368955503953	4941.484558765349	-5549.368955503953	-40.99818586474615	-0.5205257399303433	per_gene_GC3_binomial_third_position	GC3_plus_dinucleotide_observed_correction	0.004975124378109453	0.004975124378109453	0.005099059860838157	0.0051172707889125795
SP013	N	AAC	2	full	73988	79314.40025639773	24007.510825012712	-5326.4002563977265	-18.91288476372521	-0.10029086826619778	73881	79242.95077430193	23985.019178566454	-5361.950774301935	-19.04769827853219	-0.10107854856267515	per_gene_GC3_binomial_third_position	GC3_plus_dinucleotide_observed_correction	0.004975124378109453	0.004975124378109453	0.005099059860838157	0.0051172707889125795
SP013	N	AAT	2	full	355490	350163.5997436019	405470.48917498736	5326.400256398076	9.001156228436251	0.02177982594353451	355279	349917.04922569776	405174.98082143354	5361.9507743022405	9.064425229160232	0.02193942495606126	per_gene_GC3_binomial_third_position	GC3_plus_dinucleotide_observed_correction	0.004975124378109453	0.004975124378109453	0.005099059860838157	0.0051172707889125795
SP013	K	AAA	2	full	339237	325335.56516806554	379478.3287377649	13901.434831934457	24.3721508216784	0.06036489577270366	339006	325083.3158793441	379177.7567353661	13922.684120655875	24.41887374803427	0.06050120136123159	per_gene_GC3_binomial_third_position	GC3_plus_dinucleotide_observed_correction	0.004975124378109453	0.004975124378109453	0.005099059860838157	0.0051172707889125795
SP013	K	AAG	2	full	60240	74141.43483193484	19998.671262234064	-13901.434831934836	-51.05392486147343	-0.29955602016460914	60152	74074.68412065612	19980.24326463275	-13922.684120656122	-51.15499727198393	-0.30036560859901595	per_gene_GC3_binomial_third_position	GC3_plus_dinucleotide_observed_correction	0.004975124378109453	0.004975124378109453	0.005099059860838157	0.0051172707889125795
SP013	D	GAC	2	full	38175	38509.39726754098	11662.641545210789	-334.3972675409823	-1.704038329967367	-0.012582221769534788	37849	38278.45700897719	11591.111446757406	-429.4570089771878	-2.1950402259546333	-0.016277279059865393	per_gene_GC3_binomial_third_position	GC3_plus_dinucleotide_observed_correction	0.06965174129353234	0.009950248756218905	0.07063275173428632	0.010161956176563987
SP013	D	GAT	2	full	170533	170198.60273245888	197045.35845478895	334.3972675411205	0.810559172706157	0.002831742137889688	169741	169311.54299102267	195998.8885532423	429.4570089773333	1.0437017490483467	0.0036547373786612264	per_gene_GC3_binomial_third_position	GC3_plus_dinucleotide_observed_correction	0.06965174129353234	0.009950248756218905	0.07063275173428632	0.010161956176563987
SP013	E	GAA	2	full	213899	203492.92114899124	237196.44389542297	10406.078851008759	23.068133671349788	0.07195095657829216	212363	201808.16728921828	235230.93117154896	10554.832710781717	23.495353583053333	0.07354768736253703	per_gene_GC3_binomial_third_position	GC3_plus_dinucleotide_observed_correction	0.004975124378109453	0.004975124378109453	0.005099059860838157	0.0051172707889125795
SP013	E	GAG	2	full	35738	46144.07885100803	12440.556104576257	-10406.078851008031	-48.44278711770363	-0.36868208387803275	35204	45758.832710780924	12336.068828450316	-10554.832710780924	-49.34167469592744	-0.378306161531091	per_gene_GC3_binomial_third_position	GC3_plus_dinucleotide_observed_correction	0.004975124378109453	0.004975124378109453	0.005099059860838157	0.0051172707889125795
SP013	C	TGC	2	full	15051	10776.786636762201	5902.5634904225435	4274.213363237799	41.17290929300279	0.48191326896654846	15049	10776.437209701366	5902.374088733436	4272.562790298634	41.15767680564033	0.4817683316674649	per_gene_GC3_binomial_third_position	GC3_plus_dinucleotide_observed_correction	0.004975124378109453	0.004975124378109453	0.005099059860838157	0.0051172707889125795
SP013	C	TGT	2	full	42850	47124.213363237795	51998.43650957755	-4274.213363237795	-19.689475212612763	-0.13717180470677076	42850	47122.56279029863	51996.62591126667	-4272.562790298631	-19.68221642585775	-0.13712127251404668	per_gene_GC3_binomial_third_position	GC3_plus_dinucleotide_observed_correction	0.004975124378109453	0.004975124378109453	0.005099059860838157	0.0051172707889125795
SP013	R	AGA	6	full	52785	25440.710265536854	53206.77429042398	27344.289734463146	171.43600238926422	1.0529743777129394	52732	25413.17592944647	53149.047801603665	27318.82407055353	171.3691055084719	1.0530873278937913	per_gene_GC3_binomial_third_position	GC3_plus_dinucleotide_observed_correction	0.004975124378109453	0.004975124378109453	0.005099059860838157	0.0051172707889125795
SP013	R	AGG	6	full	12151	5815.289734463093	5308.928022269047	6335.710265536907	83.08251408974094	1.0630873975857102	12135	5808.82407055348	5303.005301903307	6326.17592944652	83.00364297358033	1.062791333502158	per_gene_GC3_binomial_third_position	GC3_plus_dinucleotide_observed_correction	0.004975124378109453	0.004975124378109453	0.005099059860838157	0.0051172707889125795
SP013	R	CGA	6	full	16231	25440.710265536854	16642.14067081427	-9209.710265536854	-57.74060787167144	-0.648370973117815	16209	25413.17592944647	16624.084843145858	-9204.175929446468	-57.737162913685026	-0.648765477295132	per_gene_GC3_binomial_third_position	GC3_plus_dinucleotide_observed_correction	0.004975124378109453	0.004975124378109453	0.005099059860838157	0.0051172707889125795
SP013	R	CGC	6	full	2059	5815.289734463093	1728.6790433450624	-3756.289734463093	-49.257617805891314	-1.4976809844318433	2053	5808.82407055348	1726.7505028689243	-3755.82407055348	-49.27891410238968	-1.5002853648860806	per_gene_GC3_binomial_third_position	GC3_plus_dinucleotide_observed_correction	0.004975124378109453	0.004975124378109453	0.005099059860838157	0.0051172707889125795
SP013	R	CGG	6	full	2017	5815.289734463093	1660.5390598492042	-3798.289734463093	-49.80837935361392	-1.5274064371349574	2014	5808.82407055348	1658.6865373688424	-3794.82407055348	-49.790620085921	-1.5279485067165377	per_gene_GC3_binomial_third_position	GC3_plus_dinucleotide_observed_correction	0.004975124378109453	0.004975124378109453	0.005099059860838157	0.0051172707889125795
SP013	R	CGT	6	full	8525	25440.710265536854	15220.938913298374	-16915.710265536854	-106.05365045718247	-1.5773109504851774	8523	25413.17592944647	15204.425013109329	-16890.17592944647	-105.95091258081801	-1.5760871970292594	per_gene_GC3_binomial_third_position	GC3_plus_dinucleotide_observed_correction	0.004975124378109453	0.004975124378109453	0.005099059860838157	0.0051172707889125795
SP013	G	GGA	4	full	53999	47589.34892055302	55139.39658458651	6409.65107944698	29.38187501503793	0.1822921744224508	53787	47429.02891503549	54951.573036687114	6357.971084964513	29.194190130479313	0.1814853959848462	per_gene_GC3_binomial_third_position	GC3_plus_dinucleotide_observed_correction	0.004975124378109453	0.004975124378109453	0.005099059860838157	0.0051172707889125795
SP013	G	GGC	4	full	10754	10734.151079446905	5649.84528662875	19.848920553095013	0.19158126725627608	0.0026651538989934114	10713	10693.47108496444	5628.2228278982	19.528915035560203	0.18885077274074114	0.0026321910308255312	per_gene_GC3_binomial_third_position	GC3_plus_dinucleotide_observed_correction	0.004975124378109453	0.004975124378109453	0.005099059860838157	0.0051172707889125795
SP013	G	GGG	4	full	15490	10734.151079446905	5427.143237878237	4755.848920553095	45.90333064418877	0.5291084135661556	15463	10693.47108496444	5406.37307962921	4769.52891503556	46.12285012114786	0.5320692140124568	per_gene_GC3_binomial_third_position	GC3_plus_dinucleotide_observed_correction	0.004975124378109453	0.004975124378109453	0.005099059860838157	0.0051172707889125795
SP013	G	GGT	4	full	36404	47589.34892055302	50430.61489090661	-11185.34892055302	-51.27369959920403	-0.38653707994806213	36282	47429.02891503549	50258.83105578559	-11147.028915035487	-51.184328646142774	-0.38651167281126403	per_gene_GC3_binomial_third_position	GC3_plus_dinucleotide_observed_correction	0.004975124378109453	0.004975124378109453	0.005099059860838157	0.0051172707889125795
SP014	F	TTC	2	full	23084	27713.323110689067	6595.083698708833	-4629.323110689067	-27.80822005337135	-0.263681259152348	23075	27703.409230456902	6592.731190605208	-4628.409230456902	-27.80770466583243	-0.2637276572558006	per_gene_GC3_binomial_third_position	GC3_plus_dinucleotide_observed_correction	0.004975124378109453	0.004975124378109453	0.005099059860838157	0.0051172707889125795
SP014	F	TTT	2	full	164343	159713.67688931074	180831.91630129103	4629.323110689264	11.583677025415746	0.041222019076757856	164284	159655.5907695429	180766.26880939465	4628.409230457095	11.583496865025529	0.0412287787850819	per_gene_GC3_binomial_third_position	GC3_plus_dinucleotide_observed_correction	0.004975124378109453	0.004975124378109453	0.005099059860838157	0.0051172707889125795
SP014	L	CTA	6	full	26257	86845.03498225693	38977.57300945795	-60588.034982256926	-205.5958624022328	-1.7257221146053066	26250	86821.03781854284	38966.84653288552	-60571.03781854284	-205.56658844205717	-1.7257080739983919	per_gene_GC3_binomial_third_position	GC3_plus_dinucleotide_observed_correction	0.004975124378109453	0.004975124378109453	0.005099059860838157	0.0051172707889125795
SP014	L	CTC	6	full	3865	15089.298351076624	1886.3003351839416	-11224.298351076624	-91.37442967117856	-1.9648465838507945	3862	15085.295514790696	1885.802646897814	-11223.295514790696	-91.37838688510473	-1.9655839375715836	per_gene_GC3_binomial_third_position	GC3_plus_dinucleotide_observed_correction	0.004975124378109453	0.004975124378109453	0.005099059860838157	0.0051172707889125795
SP014	L	CTG	6	full	5024	15089.298351076624	1919.044494369228	-10065.298351076624	-81.93927740807626	-1.5865215843656308	5023	15085.295514790696	1918.5381667460017	-10062.295514790696	-81.92569921116844	-1.586425993822811	per_gene_GC3_binomial_third_position	GC3_plus_dinucleotide_observed_correction	0.004975124378109453	0.004975124378109453	0.005099059860838157	0.0051172707889125795
SP014	L	CTT	6	full	28585	86845.03498225693	51653.61724984972	-58260.034982256926	-197.69616458545158	-1.6031681518654073	28580	86821.03781854284	51639.40237517866	-58241.03781854284	-197.65901135042998	-1.603021820616693	per_gene_GC3_binomial_third_position	GC3_plus_dinucleotide_observed_correction	0.004975124378109453	0.004975124378109453	0.005099059860838157	0.0051172707889125795
SP014	L	TTA	6	full	204662	86845.03498225693	201448.2448836748	117816.96501774307	399.79313631033153	1.236723201542427	204609	86821.03781854284	201392.80710978425	117787.96218145716	399.74995339722733	1.2367482493008848	per_gene_GC3_binomial_third_position	GC3_plus_dinucleotide_observed_correction	0.004975124378109453	0.004975124378109453	0.005099059860838157	0.0051172707889125795
SP014	L	TTG	6	full	37410	15089.298351076624	9918.220027464402	22320.701648923376	181.70769514829203	1.3098697210889476	37395	15085.295514790696	9915.603168507834	22309.704485209302	181.64226407967217	1.3096738976661035	per_gene_GC3_binomial_third_position	GC3_plus_dinucleotide_observed_correction	0.004975124378109453	0.004975124378109453	0.005099059860838157	0.0051172707889125795
SP014	I	ATA	3	full	179303	164655.75715753296	150752.22610529466	14647.242842467036	36.09669349616462	0.12294631254153034	179178	164437.258316694	150552.41973340535	14740.741683305998	36.351239345796	0.12385592607421565	per_gene_GC3_binomial_third_position	GC3_plus_dinucleotide_observed_correction	0.004975124378109453	0.004975124378109453	0.005099059860838157	0.0051172707889125795
SP014	I	ATC	3	full	17118	28472.485684933676	7252.844998433657	-11354.485684933676	-67.29065806403125	-0.7340374905563377	17087	28435.483366611523	7243.437529665288	-11348.483366611523	-67.29883060160816	-0.7347763582683045	per_gene_GC3_binomial_third_position	GC3_plus_dinucleotide_observed_correction	0.004975124378109453	0.004975124378109453	0.005099059860838157	0.0051172707889125795
SP014	I	ATT	3	full	161363	164655.75715753296	199778.9288962716	-3292.757157532964	-8.114677086404503	-0.02914305562409273	161045	164437.258316694	199514.1427369293	-3392.258316694002	-8.36544026360379	-0.030073260832913326	per_gene_GC3_binomial_third_position	GC3_plus_dinucleotide_observed_correction	0.004975124378109453	0.004975124378109453	0.005099059860838157	0.0051172707889125795
SP014	V	GTA	4	full	51076	51431.15814881781	49846.07583943328	-355.1581488178126	-1.5660608459326086	-0.009996998473581802	50988	51362.031808012995	49779.17955982827	-374.0318080129946	-1.6503932504277339	-0.010544422018238376	per_gene_GC3_binomial_third_position	GC3_plus_dinucleotide_observed_correction	0.004975124378109453	0.004975124378109453	0.005099059860838157	0.0051172707889125795
SP014	V	GTC	4	full	5379	8960.341851182364	2419.1119424967055	-3581.341851182364	-37.83410705345342	-0.7361621895573909	5375	8948.468191987182	2415.913776783276	-3573.468191987182	-37.77596535007628	-0.7353223978700597	per_gene_GC3_binomial_third_position	GC3_plus_dinucleotide_observed_correction	0.004975124378109453	0.004975124378109453	0.005099059860838157	0.0051172707889125795
SP014	V	GTG	4	full	10074	8960.341851182364	2461.1051421238444	1113.6581488176362	11.764937102948375	0.16900205745146896	10065	8948.468191987182	2457.8514596693813	1116.5318080128181	11.803118042669716	0.16962558375035003	per_gene_GC3_binomial_third_position	GC3_plus_dinucleotide_observed_correction	0.004975124378109453	0.004975124378109453	0.005099059860838157	0.0051172707889125795
SP014	V	GTT	4	full	54254	51431.15814881781	66056.70707594625	2822.8418511821874	12.44724951999927	0.07708613644214769	54193	51362.031808012995	65968.05520371918	2830.9681919870054	12.491479858495449	0.07740350543904458	per_gene_GC3_binomial_third_position	GC3_plus_dinucleotide_observed_correction	0.004975124378109453	0.004975124378109453	0.005099059860838157	0.0051172707889125795
SP014	S	AGC	6	full	19306	12506.775131893875	4052.4096364292513	6799.224868106125	60.79764174790409	0.6263191330698177	19175	12455.251105064784	4035.7455465812477	6719.7488949352155	60.211133179642395	0.6224521749958978	per_gene_GC3_binomial_third_position	GC3_plus_dinucleotide_observed_correction	0.004975124378109453	0.004975124378109453	0.005099059860838157	0.0051172707889125795
SP014	S	AGT	6	full	79444	71915.22486810638	65890.05685675121	7528.775131893621	28.074621155825636	0.1436400838574362	78697	71616.08222826877	65616.25101884687	7080.917771731227	26.459660743923127	0.13602413577222858	per_gene_GC3_binomial_third_position	GC3_plus_dinucleotide_observed_correction	0.004975124378109453	0.004975124378109453	0.005099059860838157	0.0051172707889125795
SP014	S	TCA	6	full	69621	71915.22486810638	92980.33523590011	-2294.2248681063793	-8.555109282718144	-0.0467743629957378	69565	71616.08222826877	92593.95586680585	-2051.082228268773	-7.664393468110113	-0.041921670525256076	per_gene_GC3_binomial_third_position	GC3_plus_dinucleotide_observed_correction	0.004975124378109453	0.004975124378109453	0.005099059860838157	0.0051172707889125795
SP014	S	TCC	6	full	12887	12506.775131893875	4187.1824826122975	380.22486810612463	3.3999133376506876	0.04320491322142298	12876	12455.251105064784	4169.964187484138	420.7488949352155	3.7700467895796077	0.04792848207263467	per_gene_GC3_binomial_third_position	GC3_plus_dinucleotide_observed_correction	0.004975124378109453	0.004975124378109453	0.005099059860838157	0.0051172707889125795
SP014	S	TCG	6	full	6800	12506.775131893875	2042.162805043941	-5706.775131893875	-51.02912122119219	-0.8790547862784615	6795	12455.251105064784	2033.7651385885104	-5660.2511050647845	-50.71768877764881	-0.8741604106332708	per_gene_GC3_binomial_third_position	GC3_plus_dinucleotide_observed_correction	0.004975124378109453	0.004975124378109453	0.005099059860838157	0.0051172707889125795
SP014	S	TCT	6	full	65208	71915.22486810638	84113.85298326303	-6707.224868106379	-25.011080007068518	-0.14124722674972376	65106	71616.08222826877	83764.31824169318	-6510.082228268773	-24.326587700639266	-0.13749208620029826	per_gene_GC3_binomial_third_position	GC3_plus_dinucleotide_observed_correction	0.004975124378109453	0.004975124378109453	0.005099059860838157	0.0051172707889125795
SP014	P	CCA	4	full	26446	25065.220675928293	29884.135307583212	1380.7793240717074	8.721446257952701	0.07736109058416883	26404	25036.94424661911	29849.83644715677	1367.0557533808897	8.63963839627822	0.07669651910672062	per_gene_GC3_binomial_third_position	GC3_plus_dinucleotide_observed_correction	0.004975124378109453	0.004975124378109453	0.005099059860838157	0.0051172707889125795
SP014	P	CCC	4	full	4549	4406.779324071652	1361.4419036404854	142.2206759283481	2.142407533482461	0.04581966420024643	4543	4401.055753380833	1359.6452097035756	141.94424661916673	2.1396333520182305	0.045790536700115556	per_gene_GC3_binomial_third_position	GC3_plus_dinucleotide_observed_correction	0.004975124378109453	0.004975124378109453	0.005099059860838157	0.0051172707889125795
SP014	P	CCG	4	full	2111	4406.779324071652	663.9992473192237	-2295.779324071652	-34.5835434053369	-1.0616200873437784	2109	4401.055753380833	663.1229679726126	-2292.0557533808333	-34.54989583182369	-1.061112454597062	per_gene_GC3_binomial_third_position	GC3_plus_dinucleotide_observed_correction	0.004975124378109453	0.004975124378109453	0.005099059860838157	0.0051172707889125795
SP014	P	CCT	4	full	25838	25065.220675928293	27034.423541457043	772.7793240717074	4.881122730223035	0.04380660552640527	25820	25036.94424661911	27003.39537516701	783.0557533808897	4.948824169463956	0.044429634475567505	per_gene_GC3_binomial_third_position	GC3_plus_dinucleotide_observed_correction	0.004975124378109453	0.004975124378109453	0.005099059860838157	0.0051172707889125795
SP014	T	ACA	4	full	63291	54429.726483290964	64843.57018005708	8861.273516709036	37.98202068508878	0.21760372071708212	63250	54302.4230721522	64692.71144444032	8947.576927847796	38.39687115492908	0.22004702551171387	per_gene_GC3_binomial_third_position	GC3_plus_dinucleotide_observed_correction	0.004975124378109453	0.004975124378109453	0.005099059860838157	0.0051172707889125795
SP014	T	ACC	4	full	8303	9504.273516708909	2933.525086583104	-1201.2735167089086	-12.322035046451054	-0.1949326766029735	8292	9483.076927847662	2927.026394436074	-1191.0769278476619	-12.231090377864227	-0.1936241971277536	per_gene_GC3_binomial_third_position	GC3_plus_dinucleotide_observed_correction	0.004975124378109453	0.004975124378109453	0.005099059860838157	0.0051172707889125795
SP014	T	ACG	4	full	7189	9504.273516708909	1430.7319645992172	-2315.2735167089086	-23.748864033202725	-0.4027608095294317	7182	9483.076927847662	1427.5624377302058	-2301.076927847662	-23.629607133589445	-0.4009452163832521	per_gene_GC3_binomial_third_position	GC3_plus_dinucleotide_observed_correction	0.004975124378109453	0.004975124378109453	0.005099059860838157	0.0051172707889125795
SP014	T	ACT	4	full	49085	54429.726483290964	58660.17276876071	-5344.726483290964	-22.90906735490229	-0.14911112795863468	48847	54302.4230721522	58523.6997233935	-5455.4230721522035	-23.410938904041434	-0.15274513155866706	per_gene_GC3_binomial_third_position	GC3_plus_dinucleotide_observed_correction	0.004975124378109453	0.004975124378109453	0.005099059860838157	0.0051172707889125795
SP014	A	GCA	4	full	32138	28007.0479310138	33377.164879355536	4130.9520689862	24.68405404456861	0.1984869151182688	32121	27975.980754649627	33340.14544695338	4145.019245350373	24.781859535587337	0.1993247719770998	per_gene_GC3_binomial_third_position	GC3_plus_dinucleotide_observed_correction	0.004975124378109453	0.004975124378109453	0.005099059860838157	0.0051172707889125795
SP014	A	GCC	4	full	4072	4905.452068986258	1514.717999858914	-833.4520689862584	-11.899839688596709	-0.2686184401235998	4071	4900.019245350427	1513.0434485828914	-829.0192453504269	-11.843108818826959	-0.2673742189449883	per_gene_GC3_binomial_third_position	GC3_plus_dinucleotide_observed_correction	0.004975124378109453	0.004975124378109453	0.005099059860838157	0.0051172707889125795
SP014	A	GCG	4	full	2418	4905.452068986258	738.7547049328901	-2487.4520689862584	-35.51527670932293	-1.0204206010906174	2412	4900.019245350427	737.9379967179431	-2488.019245350427	-35.54306227663701	-1.022405678888703	per_gene_GC3_binomial_third_position	GC3_plus_dinucleotide_observed_correction	0.004975124378109453	0.004975124378109453	0.005099059860838157	0.0051172707889125795
SP014	A	GCT	4	full	27197	28007.0479310138	30194.362415852567	-810.0479310137998	-4.840353161672673	-0.042341635835534595	27148	27975.980754649627	30160.87310774567	-827.9807546496268	-4.950255124367273	-0.04334200406438066	per_gene_GC3_binomial_third_position	GC3_plus_dinucleotide_observed_correction	0.004975124378109453	0.004975124378109453	0.005099059860838157	0.0051172707889125795
SP014	Y	TAC	2	full	29062	29363.32121842956	6772.362702149679	-301.32121842955894	-1.7584382693498828	-0.014880912323753246	29034	29325.082817582595	6763.55460165712	-291.08281758259545	-1.6997965617833866	-0.014391590948189944	per_gene_GC3_binomial_third_position	GC3_plus_dinucleotide_observed_correction	0.07960199004975124	0.06965174129353234	0.08043990573448546	0.07038491751767478
SP014	Y	TAT	2	full	170296	169994.67878157066	192585.63729785034	301.321218429337	0.7308227384195584	0.0025549536956956513	170064	169772.91718241776	192334.44539834297	291.08281758223893	0.7064515210264554	0.0024714360515919517	per_gene_GC3_binomial_third_position	GC3_plus_dinucleotide_observed_correction	0.07960199004975124	0.06965174129353234	0.08043990573448546	0.07038491751767478
SP014	H	CAC	2	full	8937	9166.497292207221	2116.7041210006055	-229.4972922072211	-2.3970431859787373	-0.03657791055884074	8934	9157.854295657928	2114.7198867443203	-223.85429565792765	-2.3392065317799102	-0.03570138327942512	per_gene_GC3_binomial_third_position	GC3_plus_dinucleotide_observed_correction	0.004975124378109453	0.01990049751243781	0.005099059860838157	0.020252096408417276
SP014	H	CAT	2	full	52776	52546.5027077927	59596.295878999386	229.49729220729932	1.0011649976614985	0.006287203157113926	52719	52495.14570434197	59538.28011325567	223.8542956580277	0.9770254126595198	0.0061389254819377665	per_gene_GC3_binomial_third_position	GC3_plus_dinucleotide_observed_correction	0.004975124378109453	0.01990049751243781	0.005099059860838157	0.020252096408417276
SP014	Q	CAA	2	full	66095	66573.7229092994	75664.15322882669	-478.7229092993948	-1.8553796509309508	-0.010411631977599515	65980	66457.41488884082	75533.22121300458	-477.41488884082355	-1.8519285930582918	-0.010401318629348386	per_gene_GC3_binomial_third_position	GC3_plus_dinucleotide_observed_correction	0.004975124378109453	0.004975124378109453	0.005099059860838157	0.0051172707889125795
SP014	Q	CAG	2	full	12129	11650.27709070068	2559.846771173654	478.72290929932024	4.435229362630008	0.05809389732617186	12109	11631.585111159211	2555.778786995775	477.414888840789	4.426663478414435	0.058029567025059625	per_gene_GC3_binomial_third_position	GC3_plus_dinucleotide_observed_correction	0.004975124378109453	0.004975124378109453	0.005099059860838157	0.0051172707889125795
SP014	N	AAC	2	full	65945	72205.19742542131	16644.470681895753	-6260.197425421313	-23.297203847104107	-0.13083846218131162	65258	70995.93105733911	16366.564632135056	-5737.931057339112	-21.534688610355907	-0.12158067640685907	per_gene_GC3_binomial_third_position	GC3_plus_dinucleotide_observed_correction	0.004975124378109453	0.004975124378109453	0.005099059860838157	0.0051172707889125795
SP014	N	AAT	2	full	425319	419058.80257457885	474619.5293181039	6260.197425421153	9.670535994653711	0.0213925817121407	417630	411892.06894266175	466521.4353678644	5737.931057338254	8.940537126574556	0.019958978892765575	per_gene_GC3_binomial_third_position	GC3_plus_dinucleotide_observed_correction	0.004975124378109453	0.004975124378109453	0.005099059860838157	0.0051172707889125795
SP014	K	AAA	2	full	399015	396478.3157212959	450104.8288583438	2536.6842787041096	4.028623645610196	0.009201006622956006	397864	395180.9107262096	448633.57566584274	2683.0892737904214	4.26812513902281	0.009762093988952912	per_gene_GC3_binomial_third_position	GC3_plus_dinucleotide_observed_correction	0.004975124378109453	0.004975124378109453	0.005099059860838157	0.0051172707889125795
SP014	K	AAG	2	full	66164	68700.68427870519	15074.171141655648	-2536.6842787051864	-9.67800597619177	-0.05427760973850388	65795	68478.08927379156	15025.424334156558	-2683.0892737915565	-10.253197103723274	-0.05766406507802653	per_gene_GC3_binomial_third_position	GC3_plus_dinucleotide_observed_correction	0.004975124378109453	0.004975124378109453	0.005099059860838157	0.0051172707889125795
SP014	D	GAC	2	full	23147	28765.17582368018	6634.958835128063	-5618.17582368018	-33.125451778725115	-0.3134919789707486	22937	28451.63902023121	6562.727548877761	-5514.63902023121	-32.69365267120264	-0.31082895987922793	per_gene_GC3_binomial_third_position	GC3_plus_dinucleotide_observed_correction	0.004975124378109453	0.004975124378109453	0.005099059860838157	0.0051172707889125795
SP014	D	GAT	2	full	171931	166312.82417631976	188443.04116487186	5618.175823680242	13.776295739728933	0.04793013416512729	170001	164486.36097976865	186375.2724511221	5514.639020231349	13.597283205500354	0.04757512821745588	per_gene_GC3_binomial_third_position	GC3_plus_dinucleotide_observed_correction	0.004975124378109453	0.004975124378109453	0.005099059860838157	0.0051172707889125795
SP014	E	GAA	2	full	247121	239659.13192059874	272170.09901099897	7461.868079401262	15.242302478108341	0.0442336100673918	243217	235675.6227244347	267649.05932631745	7541.37727556529	15.534358957362596	0.04544143651627842	per_gene_GC3_binomial_third_position	GC3_plus_dinucleotide_observed_correction	0.004975124378109453	0.004975124378109453	0.005099059860838157	0.0051172707889125795
SP014	E	GAG	2	full	34194	41655.8680794015	9144.90098900094	-7461.868079401502	-36.560276544026365	-0.2847727655869621	33426	40967.37727556529	8993.940673682695	-7541.37727556529	-37.25903368592184	-0.2935008403323779	per_gene_GC3_binomial_third_position	GC3_plus_dinucleotide_observed_correction	0.004975124378109453	0.004975124378109453	0.005099059860838157	0.0051172707889125795
SP014	C	TGC	2	full	16127	8893.017830534192	3478.2766535291926	7233.982169465808	76.71015361280776	0.8586967218376247	16121	8887.35406378265	3476.073612043705	7233.64593621735	76.73102618869073	0.8590789500743807	per_gene_GC3_binomial_third_position	GC3_plus_dinucleotide_observed_correction	0.004975124378109453	0.004975124378109453	0.005099059860838157	0.0051172707889125795
SP014	C	TGT	2	full	43725	50958.98216946575	56373.72334647082	-7233.982169465751	-32.045500683618144	-0.22087573613708159	43691	50924.64593621731	56335.9263879563	-7233.645936217312	-32.05481232706202	-0.22102557283790839	per_gene_GC3_binomial_third_position	GC3_plus_dinucleotide_observed_correction	0.004975124378109453	0.004975124378109453	0.005099059860838157	0.0051172707889125795
SP014	R	AGA	6	full	67443	25627.61113490055	68827.14744226019	41815.38886509945	261.2053555501191	1.395952255504039	67176	25538.634377522056	68589.07021651247	41637.36562247794	260.5459992118581	1.3952470036609863	per_gene_GC3_binomial_third_position	GC3_plus_dinucleotide_observed_correction	0.004975124378109453	0.004975124378109453	0.005099059860838157	0.0051172707889125795
SP014	R	AGG	6	full	11504	4491.05553176617	3188.7928360525348	7012.94446823383	104.64685658544411	1.3569112076034637	11464	4476.032289144651	3178.186168468173	6987.967710855349	104.44899947428134	1.3567199386277826	per_gene_GC3_binomial_third_position	GC3_plus_dinucleotide_observed_correction	0.004975124378109453	0.004975124378109453	0.005099059860838157	0.0051172707889125795
SP014	R	CGA	6	full	4042	25627.61113490055	9678.734240698146	-21585.61113490055	-134.83737409325417	-2.6644074729848435	4041	25538.634377522056	9645.254919203568	-21497.634377522056	-134.52154202952042	-2.659746874443918	per_gene_GC3_binomial_third_position	GC3_plus_dinucleotide_observed_correction	0.004975124378109453	0.004975124378109453	0.005099059860838157	0.0051172707889125795
SP014	R	CGC	6	full	1126	4491.05553176617	479.54226992875255	-3365.05553176617	-50.21321432529108	-1.9953678572990226	1126	4476.032289144651	477.9472006623274	-3350.0322891446513	-50.072858846233196	-1.9905342788740041	per_gene_GC3_binomial_third_position	GC3_plus_dinucleotide_observed_correction	0.004975124378109453	0.004975124378109453	0.005099059860838157	0.0051172707889125795
SP014	R	CGG	6	full	434	4491.05553176617	448.42013007565504	-4057.05553176617	-60.53920864695505	-3.3697870887200505	434	4476.032289144651	446.92858029415976	-4042.0322891446513	-60.41616760593488	-3.364953510295032	per_gene_GC3_binomial_third_position	GC3_plus_dinucleotide_observed_correction	0.004975124378109453	0.004975124378109453	0.005099059860838157	0.0051172707889125795
SP014	R	CGT	6	full	5807	25627.61113490055	7733.363080984633	-19820.61113490055	-123.81206821762832	-2.141737997649698	5803	25538.634377522056	7706.612914859195	-19735.634377522056	-123.49581925028055	-2.1377144926019134	per_gene_GC3_binomial_third_position	GC3_plus_dinucleotide_observed_correction	0.004975124378109453	0.004975124378109453	0.005099059860838157	0.0051172707889125795
SP014	G	GGA	4	full	42898	35086.76396972812	43506.77356642561	7811.236030271881	41.70115686985112	0.2899797491273918	42719	34947.13826920443	43332.944356926644	7771.861730795572	41.573755378499314	0.28969979862377376	per_gene_GC3_binomial_third_position	GC3_plus_dinucleotide_observed_correction	0.004975124378109453	0.004975124378109453	0.005099059860838157	0.0051172707889125795
SP014	G	GGC	4	full	4656	6124.736030271832	2146.694761131133	-1468.7360302718316	-18.767225009063765	-0.39551945957834705	4643	6099.361730795524	2137.764849587919	-1456.3617307955237	-18.6477768304933	-0.3935639056994534	per_gene_GC3_binomial_third_position	GC3_plus_dinucleotide_observed_correction	0.004975124378109453	0.004975124378109453	0.005099059860838157	0.0051172707889125795
SP014	G	GGG	4	full	7720	6124.736030271832	2007.3749581286484	1595.2639697281684	20.38397455477402	0.33392884516806376	7699	6099.361730795524	1999.0245949867995	1599.6382692044763	20.482340906711034	0.3359882206525504	per_gene_GC3_binomial_third_position	GC3_plus_dinucleotide_observed_correction	0.004975124378109453	0.004975124378109453	0.005099059860838157	0.0051172707889125795
SP014	G	GGT	4	full	27149	35086.76396972812	34762.156714314675	-7937.763969728119	-42.37664042088395	-0.37002182501743547	27032	34947.13826920443	34623.2661984987	-7915.138269204428	-42.340179687836354	-0.3705000225114208	per_gene_GC3_binomial_third_position	GC3_plus_dinucleotide_observed_correction	0.004975124378109453	0.004975124378109453	0.005099059860838157	0.0051172707889125795
SP015	F	TTC	2	full	35401	31734.4541775249	25289.068316339464	3666.5458224750982	20.582190827816458	0.15773773066116814	35401	31734.4541775249	25289.068316339464	3666.5458224750982	20.582190827816458	0.15773773066116814	per_gene_GC3_binomial_third_position	GC3_plus_dinucleotide_observed_correction	0.004975124378109453	0.004975124378109453	0.005099059860838157	0.0051172707889125795
SP015	F	TTT	2	full	38904	42570.54582247514	49015.93168366069	-3666.545822475142	-17.770617032099214	-0.129935494250894	38904	42570.54582247514	49015.93168366069	-3666.545822475142	-17.770617032099214	-0.129935494250894	per_gene_GC3_binomial_third_position	GC3_plus_dinucleotide_observed_correction	0.004975124378109453	0.004975124378109453	0.005099059860838157	0.0051172707889125795
SP015	L	CTA	6	full	29878	35602.71981842358	33141.04495289121	-5724.719818423582	-30.339795406941896	-0.2528999970294505	29878	35602.71981842358	33141.04495289121	-5724.719818423582	-30.339795406941896	-0.2528999970294505	per_gene_GC3_binomial_third_position	GC3_plus_dinucleotide_observed_correction	0.004975124378109453	0.004975124378109453	0.005099059860838157	0.0051172707889125795
SP015	L	CTC	6	full	18764	26819.28018157653	17462.468000639856	-8055.280181576531	-49.18776529765577	-0.5152915641758657	18764	26819.28018157653	17462.468000639856	-8055.280181576531	-49.18776529765577	-0.5152915641758657	per_gene_GC3_binomial_third_position	GC3_plus_dinucleotide_observed_correction	0.004975124378109453	0.004975124378109453	0.005099059860838157	0.0051172707889125795
SP015	L	CTG	6	full	29793	26819.28018157653	22421.34282808952	2973.7198184234694	18.158354420016458	0.15170020178515842	29793	26819.28018157653	22421.34282808952	2973.7198184234694	18.158354420016458	0.15170020178515842	per_gene_GC3_binomial_third_position	GC3_plus_dinucleotide_observed_correction	0.004975124378109453	0.004975124378109453	0.005099059860838157	0.0051172707889125795
SP015	L	CTT	6	full	30100	35602.71981842358	33614.27623130211	-5502.719818423582	-29.163242703233188	-0.2422202670689768	30100	35602.71981842358	33614.27623130211	-5502.719818423582	-29.163242703233188	-0.2422202670689768	per_gene_GC3_binomial_third_position	GC3_plus_dinucleotide_observed_correction	0.004975124378109453	0.004975124378109453	0.005099059860838157	0.0051172707889125795
SP015	L	TTA	6	full	35288	35602.71981842358	48091.14156330804	-314.7198184235822	-1.6679479877341437	-0.01280961176788625	35288	35602.71981842358	48091.14156330804	-314.7198184235822	-1.6679479877341437	-0.01280961176788625	per_gene_GC3_binomial_third_position	GC3_plus_dinucleotide_observed_correction	0.004975124378109453	0.004975124378109453	0.005099059860838157	0.0051172707889125795
SP015	L	TTG	6	full	43443	26819.28018157653	32535.726423769327	16623.71981842347	101.50902394093639	0.6958429249273577	43443	26819.28018157653	32535.726423769327	16623.71981842347	101.50902394093639	0.6958429249273577	per_gene_GC3_binomial_third_position	GC3_plus_dinucleotide_observed_correction	0.004975124378109453	0.004975124378109453	0.005099059860838157	0.0051172707889125795
SP015	I	ATA	3	full	50070	43975.341690491034	47567.921883995885	6094.658309508966	29.063288370779645	0.18724967121962208	50070	43975.341690491034	47567.921883995885	6094.658309508966	29.063288370779645	0.18724967121962208	per_gene_GC3_binomial_third_position	GC3_plus_dinucleotide_observed_correction	0.004975124378109453	0.004975124378109453	0.005099059860838157	0.0051172707889125795
SP015	I	ATC	3	full	27244	32524.316619017853	24659.91909520341	-5280.316619017853	-29.27897537676798	-0.25557590843748207	27244	32524.316619017853	24659.91909520341	-5280.316619017853	-29.27897537676798	-0.25557590843748207	per_gene_GC3_binomial_third_position	GC3_plus_dinucleotide_observed_correction	0.004975124378109453	0.004975124378109453	0.005099059860838157	0.0051172707889125795
SP015	I	ATT	3	full	43161	43975.341690491034	48247.15902080053	-814.3416904910337	-3.883309970989322	-0.026966186952633624	43161	43975.341690491034	48247.15902080053	-814.3416904910337	-3.883309970989322	-0.026966186952633624	per_gene_GC3_binomial_third_position	GC3_plus_dinucleotide_observed_correction	0.004975124378109453	0.004975124378109453	0.005099059860838157	0.0051172707889125795
SP015	V	GTA	4	full	38880	37004.63377908591	40311.529227911335	1875.3662209140894	9.748954286826546	0.0713213400746815	38879	37004.357146783506	40311.22621019236	1874.6428532164937	9.745230338550085	0.07129501864439983	per_gene_GC3_binomial_third_position	GC3_plus_dinucleotide_observed_correction	0.004975124378109453	0.004975124378109453	0.005099059860838157	0.0051172707889125795
SP015	V	GTC	4	full	19819	27858.36622091408	21246.8860709881	-8039.366220914078	-48.1663781666614	-0.49121597828634495	19819	27858.142853216483	21246.715474564626	-8039.142853216483	-48.16523299456415	-0.4912044109541014	per_gene_GC3_binomial_third_position	GC3_plus_dinucleotide_observed_correction	0.004975124378109453	0.004975124378109453	0.005099059860838157	0.0051172707889125795
SP015	V	GTG	4	full	31029	27858.36622091408	27280.434621814533	3170.6337790859216	18.99626679950888	0.15550390448009188	31029	27858.142853216483	27280.215580560118	3170.8571467835172	18.997681227445945	0.15551547181233533	per_gene_GC3_binomial_third_position	GC3_plus_dinucleotide_observed_correction	0.004975124378109453	0.004975124378109453	0.005099059860838157	0.0051172707889125795
SP015	V	GTT	4	full	39998	37004.63377908591	40887.15007928597	2993.3662209140894	15.560795606736605	0.11222046599486458	39998	37004.357146783506	40886.84273468283	2993.6428532164937	15.562291828490425	0.11223125091851718	per_gene_GC3_binomial_third_position	GC3_plus_dinucleotide_observed_correction	0.004975124378109453	0.004975124378109453	0.005099059860838157	0.0051172707889125795
SP015	S	AGC	6	full	21418	22559.384700372317	19131.489878408436	-1141.3847003723167	-7.599209571153438	-0.07490224690726546	21416	22557.192466837638	19129.668530511393	-1141.1924668376378	-7.598298897716854	-0.07489676883540737	per_gene_GC3_binomial_third_position	GC3_plus_dinucleotide_observed_correction	0.004975124378109453	0.004975124378109453	0.005099059860838157	0.0051172707889125795
SP015	S	AGT	6	full	31321	30357.615299627672	34962.44602254856	963.3847003723276	5.529246075589523	0.04507107779801133	31318	30354.140866495687	34958.50048835028	963.8591335043129	5.53228562957508	0.045098011987902704	per_gene_GC3_binomial_third_position	GC3_plus_dinucleotide_observed_correction	0.004975124378109453	0.004975124378109453	0.005099059860838157	0.0051172707889125795
SP015	S	TCA	6	full	34924	30357.615299627672	40584.632407136225	4566.384700372328	26.208289040097544	0.20215723353224818	34920	30354.140866495687	40580.05240564023	4565.859133504313	26.206772331049358	0.20215711156860025	per_gene_GC3_binomial_third_position	GC3_plus_dinucleotide_observed_correction	0.004975124378109453	0.004975124378109453	0.005099059860838157	0.0051172707889125795
SP015	S	TCC	6	full	19545	22559.384700372317	18241.641116506402	-3014.3847003723167	-20.069430629949405	-0.2069232032277033	19543	22557.192466837638	18239.904483609676	-3014.1924668376378	-20.069125904541515	-0.20693063583156374	per_gene_GC3_binomial_third_position	GC3_plus_dinucleotide_observed_correction	0.004975124378109453	0.004975124378109453	0.005099059860838157	0.0051172707889125795
SP015	S	TCG	6	full	18545	22559.384700372317	14479.5371648307	-4014.3847003723167	-26.727316940038016	-0.28269052993358923	18545	22557.192466837638	14478.158690141436	-4012.1924668376378	-26.714019312342373	-0.2825503307185596	per_gene_GC3_binomial_third_position	GC3_plus_dinucleotide_observed_correction	0.004975124378109453	0.004975124378109453	0.005099059860838157	0.0051172707889125795
SP015	S	TCT	6	full	32998	30357.615299627672	31351.253410569698	2640.3847003723276	15.154212784298918	0.12031821816683319	32992	30354.140866495687	31347.715401747013	2637.859133504313	15.14058400222026	0.12022099757283983	per_gene_GC3_binomial_third_position	GC3_plus_dinucleotide_observed_correction	0.004975124378109453	0.004975124378109453	0.005099059860838157	0.0051172707889125795
SP015	P	CCA	4	full	29992	24037.700523488787	32524.081775429157	5954.299476511213	38.40468558901319	0.31927288053753405	29992	24037.700523488787	32524.081775429157	5954.299476511213	38.40468558901319	0.31927288053753405	per_gene_GC3_binomial_third_position	GC3_plus_dinucleotide_observed_correction	0.004975124378109453	0.004975124378109453	0.005099059860838157	0.0051172707889125795
SP015	P	CCC	4	full	14715	18043.79947651122	14781.421955083082	-3328.79947651122	-24.781274505053805	-0.2942065727165384	14715	18043.79947651122	14781.421955083082	-3328.79947651122	-24.781274505053805	-0.2942065727165384	per_gene_GC3_binomial_third_position	GC3_plus_dinucleotide_observed_correction	0.004975124378109453	0.004975124378109453	0.005099059860838157	0.0051172707889125795
SP015	P	CCG	4	full	12399	18043.79947651122	11732.94371820539	-5644.79947651122	-42.0227551525623	-0.5412611891481031	12399	18043.79947651122	11732.94371820539	-5644.79947651122	-42.0227551525623	-0.5412611891481031	per_gene_GC3_binomial_third_position	GC3_plus_dinucleotide_observed_correction	0.004975124378109453	0.004975124378109453	0.005099059860838157	0.0051172707889125795
SP015	P	CCT	4	full	27057	24037.700523488787	25124.552551282406	3019.2994765112126	19.474204740945716	0.17069964514387823	27057	24037.700523488787	25124.552551282406	3019.2994765112126	19.474204740945716	0.17069964514387823	per_gene_GC3_binomial_third_position	GC3_plus_dinucleotide_observed_correction	0.004975124378109453	0.004975124378109453	0.005099059860838157	0.0051172707889125795
SP015	T	ACA	4	full	34658	32178.70704512301	43512.86592913439	2479.29295487699	13.821129981535364	0.10708044099661236	34658	32178.1537805182	43512.10897482107	2479.8462194817985	13.824333069413383	0.10710524580185116	per_gene_GC3_binomial_third_position	GC3_plus_dinucleotide_observed_correction	0.004975124378109453	0.004975124378109453	0.005099059860838157	0.0051172707889125795
SP015	T	ACC	4	full	23243	24052.79295487703	19699.843374969518	-809.7929548770298	-5.221451371386084	-0.049407090277733386	23242	24052.34621948184	19699.476378031377	-810.3462194818385	-5.225067280732128	-0.049442365326053256	per_gene_GC3_binomial_third_position	GC3_plus_dinucleotide_observed_correction	0.004975124378109453	0.004975124378109453	0.005099059860838157	0.0051172707889125795
SP015	T	ACG	4	full	17166	24052.79295487703	15637.003955258446	-6886.79295487703	-44.40524494826608	-0.4866384912516686	17165	24052.34621948184	15636.712646720402	-6887.3462194818385	-44.409224745319136	-0.4866957399642798	per_gene_GC3_binomial_third_position	GC3_plus_dinucleotide_observed_correction	0.004975124378109453	0.004975124378109453	0.005099059860838157	0.0051172707889125795
SP015	T	ACT	4	full	37396	32178.70704512301	33613.28674063746	5217.29295487699	29.084454880275043	0.21677447638838512	37396	32178.1537805182	33612.70200042695	5217.8462194817985	29.08778918483468	0.21679928119362368	per_gene_GC3_binomial_third_position	GC3_plus_dinucleotide_observed_correction	0.004975124378109453	0.004975124378109453	0.005099059860838157	0.0051172707889125795
SP015	A	GCA	4	full	38958	34208.779264979385	46370.115928742925	4749.220735020615	25.677549014438636	0.18755042197105193	38958	34208.779264979385	46370.115928742925	4749.220735020615	25.677549014438636	0.18755042197105193	per_gene_GC3_binomial_third_position	GC3_plus_dinucleotide_observed_correction	0.004975124378109453	0.004975124378109453	0.005099059860838157	0.0051172707889125795
SP015	A	GCC	4	full	25045	26100.220735020663	21422.786167325063	-1055.2207350206627	-6.531624754870416	-0.059538231992321326	25045	26100.220735020663	21422.786167325063	-1055.2207350206627	-6.531624754870416	-0.059538231992321326	per_gene_GC3_binomial_third_position	GC3_plus_dinucleotide_observed_correction	0.004975124378109453	0.004975124378109453	0.005099059860838157	0.0051172707889125795
SP015	A	GCG	4	full	15005	26100.220735020663	17004.611948171663	-11095.220735020663	-68.67740180654565	-0.7985982534124028	15005	26100.220735020663	17004.611948171663	-11095.220735020663	-68.67740180654565	-0.7985982534124028	per_gene_GC3_binomial_third_position	GC3_plus_dinucleotide_observed_correction	0.004975124378109453	0.004975124378109453	0.005099059860838157	0.0051172707889125795
SP015	A	GCT	4	full	41610	34208.779264979385	35820.48595576025	7401.220735020615	40.0160823835337	0.2825599150562333	41610	34208.779264979385	35820.48595576025	7401.220735020615	40.0160823835337	0.2825599150562333	per_gene_GC3_binomial_third_position	GC3_plus_dinucleotide_observed_correction	0.004975124378109453	0.004975124378109453	0.005099059860838157	0.0051172707889125795
SP015	Y	TAC	2	full	34817	30640.011534576937	24468.69284547328	4176.988465423063	23.862657823201808	0.1843722340702893	34817	30640.011534576937	24468.69284547328	4176.988465423063	23.862657823201808	0.1843722340702893	per_gene_GC3_binomial_third_position	GC3_plus_dinucleotide_observed_correction	0.004975124378109453	0.004975124378109453	0.005099059860838157	0.0051172707889125795
SP015	Y	TAT	2	full	37011	41187.98846542316	47359.30715452663	-4176.988465423157	-20.581545559903542	-0.15426757688822965	37011	41187.98846542316	47359.30715452663	-4176.988465423157	-20.581545559903542	-0.15426757688822965	per_gene_GC3_binomial_third_position	GC3_plus_dinucleotide_observed_correction	0.004975124378109453	0.004975124378109453	0.005099059860838157	0.0051172707889125795
SP015	H	CAC	2	full	22442	21974.8379712001	17551.582429744944	467.1620287998994	3.151408449203077	0.030348041485810835	22442	21974.8379712001	17551.582429744944	467.1620287998994	3.151408449203077	0.030348041485810835	per_gene_GC3_binomial_third_position	GC3_plus_dinucleotide_observed_correction	0.004975124378109453	0.004975124378109453	0.005099059860838157	0.0051172707889125795
SP015	H	CAT	2	full	28901	29368.162028799885	33791.41757025499	-467.16202879988487	-2.7260207171030113	-0.023133170020712256	28901	29368.162028799885	33791.41757025499	-467.16202879988487	-2.7260207171030113	-0.023133170020712256	per_gene_GC3_binomial_third_position	GC3_plus_dinucleotide_observed_correction	0.004975124378109453	0.004975124378109453	0.005099059860838157	0.0051172707889125795
SP015	Q	CAA	2	full	35869	39187.417402454	45070.8415654883	-3318.417402453997	-16.763229500322762	-0.12765126947664912	35869	39187.417402454	45070.8415654883	-3318.417402453997	-16.763229500322762	-0.12765126947664912	per_gene_GC3_binomial_third_position	GC3_plus_dinucleotide_observed_correction	0.004975124378109453	0.004975124378109453	0.005099059860838157	0.0051172707889125795
SP015	Q	CAG	2	full	32936	29617.582597545996	23734.15843451173	3318.4174024540043	19.28218334748407	0.15320900800664503	32936	29617.582597545996	23734.15843451173	3318.4174024540043	19.28218334748407	0.15320900800664503	per_gene_GC3_binomial_third_position	GC3_plus_dinucleotide_observed_correction	0.004975124378109453	0.004975124378109453	0.005099059860838157	0.0051172707889125795
SP015	N	AAC	2	full	43081	40379.7090824889	32190.465849103846	2701.290917511098	13.442800872766583	0.09342010138091576	43081	40379.7090824889	32190.465849103846	2701.290917511098	13.442800872766583	0.09342010138091576	per_gene_GC3_binomial_third_position	GC3_plus_dinucleotide_observed_correction	0.004975124378109453	0.004975124378109453	0.005099059860838157	0.0051172707889125795
SP015	N	AAT	2	full	52718	55419.29091751098	63608.53415089602	-2701.2909175109817	-11.47468774155767	-0.0720919460539465	52718	55419.29091751098	63608.53415089602	-2701.2909175109817	-11.47468774155767	-0.0720919460539465	per_gene_GC3_binomial_third_position	GC3_plus_dinucleotide_observed_correction	0.004975124378109453	0.004975124378109453	0.005099059860838157	0.0051172707889125795
SP015	K	AAA	2	full	54225	67855.2056488972	77952.20270962613	-13630.205648897201	-52.32519107000034	-0.3234986791021461	54218	67851.33279666353	77947.71255482773	-13633.332796663526	-52.33868956518824	-0.3236025855197367	per_gene_GC3_binomial_third_position	GC3_plus_dinucleotide_observed_correction	0.004975124378109453	0.004975124378109453	0.005099059860838157	0.0051172707889125795
SP015	K	AAG	2	full	64395	50764.7943511028	40667.79729037434	13630.205648897201	60.49522450817641	0.343117338594723	64395	50761.667203336474	40665.28744517275	13633.332796663526	60.51096758120373	0.34320621150668107	per_gene_GC3_binomial_third_position	GC3_plus_dinucleotide_observed_correction	0.004975124378109453	0.004975124378109453	0.005099059860838157	0.0051172707889125795
SP015	D	GAC	2	full	46206	50758.26685905717	40526.709243623256	-4552.26685905717	-20.205719541637116	-0.1355612066203443	46198	50748.65910255251	40519.18238558671	-4550.659102552512	-20.20049525524074	-0.1355379073644253	per_gene_GC3_binomial_third_position	GC3_plus_dinucleotide_observed_correction	0.004975124378109453	0.004975124378109453	0.005099059860838157	0.0051172707889125795
SP015	D	GAT	2	full	72634	68081.73314094284	78313.29075637666	4552.266859057156	17.44666457406212	0.09337660447561795	72617	68066.3408974475	78295.8176144132	4550.659102552498	17.442474661751547	0.09336511012896254	per_gene_GC3_binomial_third_position	GC3_plus_dinucleotide_observed_correction	0.004975124378109453	0.004975124378109453	0.005099059860838157	0.0051172707889125795
SP015	E	GAA	2	full	66156	67552.35466870818	77621.24082497435	-1396.3546687081835	-5.372488512149436	-0.030133825720037484	66131	67533.20440510655	77599.1232668284	-1402.204405106546	-5.3957603014032856	-0.030270070111822565	per_gene_GC3_binomial_third_position	GC3_plus_dinucleotide_observed_correction	0.004975124378109453	0.004975124378109453	0.005099059860838157	0.0051172707889125795
SP015	E	GAG	2	full	51891	50494.645331291744	40425.75917502569	1396.3546687082562	6.214026176305611	0.03935354773716772	51882	50479.795594893374	40413.87673317163	1402.204405106626	6.240976299194232	0.03952764042468435	per_gene_GC3_binomial_third_position	GC3_plus_dinucleotide_observed_correction	0.004975124378109453	0.004975124378109453	0.005099059860838157	0.0051172707889125795
SP015	C	TGC	2	full	20241	19214.261310392987	15956.651440337317	1026.738689607013	7.407097836627902	0.07510115010361568	20240	19213.814574997796	15956.280271491903	1026.1854250022043	7.403192538690474	0.07506341668946914	per_gene_GC3_binomial_third_position	GC3_plus_dinucleotide_observed_correction	0.004975124378109453	0.004975124378109453	0.005099059860838157	0.0051172707889125795
SP015	C	TGT	2	full	24056	25082.73868960695	28340.348559662692	-1026.738689606951	-6.482946693057836	-0.06029687871278331	24056	25082.185425002142	28339.719728508106	-1026.1854250021424	-6.479524778154726	-0.06026505662973483	per_gene_GC3_binomial_third_position	GC3_plus_dinucleotide_observed_correction	0.004975124378109453	0.004975124378109453	0.005099059860838157	0.0051172707889125795
SP015	R	AGA	6	full	19180	20260.14878473227	29660.411376247823	-1080.1487847322715	-7.5886105658657765	-0.0790400435081832	19180	20260.14878473227	29660.411376247823	-1080.1487847322715	-7.5886105658657765	-0.0790400435081832	per_gene_GC3_binomial_third_position	GC3_plus_dinucleotide_observed_correction	0.004975124378109453	0.004975124378109453	0.005099059860838157	0.0051172707889125795
SP015	R	AGG	6	full	20869	15209.51788193443	17285.27376007472	5659.482118065571	45.89009620269779	0.45637418704099963	20869	15209.51788193443	17285.27376007472	5659.482118065571	45.89009620269779	0.45637418704099963	per_gene_GC3_binomial_third_position	GC3_plus_dinucleotide_observed_correction	0.004975124378109453	0.004975124378109453	0.005099059860838157	0.0051172707889125795
SP015	R	CGA	6	full	10001	20260.14878473227	18105.100773651582	-10259.148784732271	-72.0758898820639	-1.0184639847063555	10001	20260.14878473227	18105.100773651582	-10259.148784732271	-72.0758898820639	-1.0184639847063555	per_gene_GC3_binomial_third_position	GC3_plus_dinucleotide_observed_correction	0.004975124378109453	0.004975124378109453	0.005099059860838157	0.0051172707889125795
SP015	R	CGC	6	full	16387	15209.51788193443	10948.930298518208	1177.4821180655708	9.547652337746879	0.10757393125293331	16387	15209.51788193443	10948.930298518208	1177.4821180655708	9.547652337746879	0.10757393125293331	per_gene_GC3_binomial_third_position	GC3_plus_dinucleotide_observed_correction	0.004975124378109453	0.004975124378109453	0.005099059860838157	0.0051172707889125795
SP015	R	CGG	6	full	7336	15209.51788193443	10551.155860802442	-7873.517881934429	-63.84267774294716	-1.0518579786846	7336	15209.51788193443	10551.155860802442	-7873.517881934429	-63.84267774294716	-1.0518579786846	per_gene_GC3_binomial_third_position	GC3_plus_dinucleotide_observed_correction	0.004975124378109453	0.004975124378109453	0.005099059860838157	0.0051172707889125795
SP015	R	CGT	6	full	32636	20260.14878473227	19858.127930705225	12375.851215267729	86.94683234499185	0.6878059755257143	32636	20260.14878473227	19858.127930705225	12375.851215267729	86.94683234499185	0.6878059755257143	per_gene_GC3_binomial_third_position	GC3_plus_dinucleotide_observed_correction	0.004975124378109453	0.004975124378109453	0.005099059860838157	0.0051172707889125795
SP015	G	GGA	4	full	29263	31856.543680821072	34022.751324188095	-2593.5436808210725	-14.530957732878003	-0.1225100612974994	29263	31856.543680821072	34022.751324188095	-2593.5436808210725	-14.530957732878003	-0.1225100612974994	per_gene_GC3_binomial_third_position	GC3_plus_dinucleotide_observed_correction	0.004975124378109453	0.004975124378109453	0.005099059860838157	0.0051172707889125795
SP015	G	GGC	4	full	23593	24594.456319178906	21165.59432709221	-1001.4563191789057	-6.385771849162468	-0.05997304041742519	23593	24594.456319178906	21165.59432709221	-1001.4563191789057	-6.385771849162468	-0.05997304041742519	per_gene_GC3_binomial_third_position	GC3_plus_dinucleotide_observed_correction	0.004975124378109453	0.004975124378109453	0.005099059860838157	0.0051172707889125795
SP015	G	GGG	4	full	14519	24594.456319178906	20396.64867186978	-10075.456319178906	-64.24600264465931	-0.7603707199296618	14519	24594.456319178906	20396.64867186978	-10075.456319178906	-64.24600264465931	-0.7603707199296618	per_gene_GC3_binomial_third_position	GC3_plus_dinucleotide_observed_correction	0.004975124378109453	0.004975124378109453	0.005099059860838157	0.0051172707889125795
SP015	G	GGT	4	full	45527	31856.543680821072	37317.00567685	13670.456319178928	76.59204833606519	0.515125848824082	45527	31856.543680821072	37317.00567685	13670.456319178928	76.59204833606519	0.515125848824082	per_gene_GC3_binomial_third_position	GC3_plus_dinucleotide_observed_correction	0.004975124378109453	0.004975124378109453	0.005099059860838157	0.0051172707889125795
SP016	F	TTC	2	full	23056	26901.818319356757	17089.17113078496	-3845.8183193567565	-23.447575673760422	-0.22255697598654214	23056	26900.461543765032	17088.344514788536	-3844.461543765032	-23.439894641873643	-0.22248421412432204	per_gene_GC3_binomial_third_position	GC3_plus_dinucleotide_observed_correction	0.004975124378109453	0.004975124378109453	0.005099059860838157	0.0051172707889125795
SP016	F	TTT	2	full	47635	43789.181680643196	53601.828869214994	3845.818319356804	18.378300537256717	0.12144616956720208	47631	43786.53845623491	53598.65548521142	3844.4615437650864	18.372371321428865	0.12141210626369184	per_gene_GC3_binomial_third_position	GC3_plus_dinucleotide_observed_correction	0.004975124378109453	0.004975124378109453	0.005099059860838157	0.0051172707889125795
SP016	L	CTA	6	full	26497	32412.061137492707	26166.60927900012	-5915.061137492707	-32.85533601303003	-0.2906967723837455	26497	32410.063308708588	26164.736125765536	-5913.063308708588	-32.84525131007762	-0.2906078455476843	per_gene_GC3_binomial_third_position	GC3_plus_dinucleotide_observed_correction	0.004975124378109453	0.004975124378109453	0.005099059860838157	0.0051172707889125795
SP016	L	CTC	6	full	13066	20321.272195840695	9726.020312076434	-7255.272195840695	-50.89536859267172	-0.6371534685719681	13066	20311.270024624813	9720.241253426406	-7245.270024624813	-50.83771661925751	-0.6364432138260523	per_gene_GC3_binomial_third_position	GC3_plus_dinucleotide_observed_correction	0.004975124378109453	0.004975124378109453	0.005099059860838157	0.0051172707889125795
SP016	L	CTG	6	full	19168	20321.272195840695	12132.254482507999	-1153.2721958406946	-8.090146297838617	-0.08428877469809644	19141	20311.270024624813	12125.045674798188	-1170.2700246248132	-8.211406293717614	-0.08561207633711514	per_gene_GC3_binomial_third_position	GC3_plus_dinucleotide_observed_correction	0.004975124378109453	0.004975124378109453	0.005099059860838157	0.0051172707889125795
SP016	L	CTT	6	full	22360	32412.061137492707	30125.82829648603	-10052.061137492707	-55.83439268318991	-0.5356005738904942	22360	32410.063308708588	30123.67172006008	-10050.063308708588	-55.825016209545176	-0.5355116470544329	per_gene_GC3_binomial_third_position	GC3_plus_dinucleotide_observed_correction	0.004975124378109453	0.004975124378109453	0.005099059860838157	0.0051172707889125795
SP016	L	TTA	6	full	35889	32412.061137492707	54691.398823686286	3476.9388625072934	19.312732695246872	0.14700880183626025	35886	32410.063308708588	54687.48370539494	3475.936691291412	19.307761172663714	0.146977128886176	per_gene_GC3_binomial_third_position	GC3_plus_dinucleotide_observed_correction	0.004975124378109453	0.004975124378109453	0.005099059860838157	0.0051172707889125795
SP016	L	TTG	6	full	41220	20321.272195840695	25357.88880624329	20898.727804159305	146.60352168735636	1.0203357843594025	41214	20311.270024624813	25342.821520554993	20902.729975375187	146.66769622737576	1.0208360270895331	per_gene_GC3_binomial_third_position	GC3_plus_dinucleotide_observed_correction	0.004975124378109453	0.004975124378109453	0.005099059860838157	0.0051172707889125795
SP016	I	ATA	3	full	47216	48949.5324532167	50783.79208101876	-1733.5324532166997	-7.835337399238124	-0.05201871290753392	47216	48949.5324532167	50783.79208101876	-1733.5324532166997	-7.835337399238124	-0.05201871290753392	per_gene_GC3_binomial_third_position	GC3_plus_dinucleotide_observed_correction	0.004975124378109453	0.004975124378109453	0.005099059860838157	0.0051172707889125795
SP016	I	ATC	3	full	24064	29456.935093566382	18104.418525074925	-5392.935093566382	-31.42182564689407	-0.2917253700289312	24064	29456.935093566382	18104.418525074925	-5392.935093566382	-31.42182564689407	-0.2917253700289312	per_gene_GC3_binomial_third_position	GC3_plus_dinucleotide_observed_correction	0.004975124378109453	0.004975124378109453	0.005099059860838157	0.0051172707889125795
SP016	I	ATT	3	full	56076	48949.5324532167	58467.78939390646	7126.4675467833	32.2106907143018	0.19608649041013582	56076	48949.5324532167	58467.78939390646	7126.4675467833	32.2106907143018	0.19608649041013582	per_gene_GC3_binomial_third_position	GC3_plus_dinucleotide_observed_correction	0.004975124378109453	0.004975124378109453	0.005099059860838157	0.0051172707889125795
SP016	V	GTA	4	full	24519	26628.440329090823	29031.273329367647	-2109.440329090823	-12.92689972120979	-0.1190654591581161	24519	26628.108519218793	29030.91831442909	-2109.108519218793	-12.924946878490124	-0.11904748234666862	per_gene_GC3_binomial_third_position	GC3_plus_dinucleotide_observed_correction	0.004975124378109453	0.004975124378109453	0.005099059860838157	0.0051172707889125795
SP016	V	GTC	4	full	12918	16918.559670909213	10963.232479368817	-4000.5596709092133	-30.75665200396437	-0.38921082369143795	12918	16918.391480781243	10963.127356418521	-4000.3914807812434	-30.755511816706733	-0.38919648198011725	per_gene_GC3_binomial_third_position	GC3_plus_dinucleotide_observed_correction	0.004975124378109453	0.004975124378109453	0.005099059860838157	0.0051172707889125795
SP016	V	GTG	4	full	20658	16918.559670909213	13675.555070088267	3739.4403290907867	28.749143708009292	0.2880861164293936	20658	16918.391480781243	13675.42393953908	3739.6085192187566	28.750579675824234	0.28810045814071433	per_gene_GC3_binomial_third_position	GC3_plus_dinucleotide_observed_correction	0.004975124378109453	0.004975124378109453	0.005099059860838157	0.0051172707889125795
SP016	V	GTT	4	full	28999	26628.440329090823	33423.93912117536	2370.559670909177	14.527069918206545	0.12303300682712458	28998	26628.108519218793	33423.53038961341	2369.891480781207	14.523065654406876	0.1230012338181978	per_gene_GC3_binomial_third_position	GC3_plus_dinucleotide_observed_correction	0.004975124378109453	0.004975124378109453	0.005099059860838157	0.0051172707889125795
SP016	S	AGC	6	full	15310	16919.654502815443	12661.947584849535	-1609.6545028154433	-12.374763951877185	-0.14422134401264658	15308	16912.439296302935	12656.68486779947	-1604.439296302935	-12.337301122016735	-0.14379447960968741	per_gene_GC3_binomial_third_position	GC3_plus_dinucleotide_observed_correction	0.004975124378109453	0.004975124378109453	0.005099059860838157	0.0051172707889125795
SP016	S	AGT	6	full	23139	27284.678830517765	28167.867599686746	-4145.678830517765	-25.097833326958867	-0.23775980842479527	23127	27271.560703696945	28154.449625287274	-4144.560703696945	-25.097098124112556	-0.2378143915960282	per_gene_GC3_binomial_third_position	GC3_plus_dinucleotide_observed_correction	0.004975124378109453	0.004975124378109453	0.005099059860838157	0.0051172707889125795
SP016	S	TCA	6	full	33480	27284.678830517765	39254.629425928506	6195.321169482235	37.50631548542451	0.29520357400467817	33454	27271.560703696945	39235.93018961486	6182.439296303055	37.437329733711806	0.2947765665211595	per_gene_GC3_binomial_third_position	GC3_plus_dinucleotide_observed_correction	0.004975124378109453	0.004975124378109453	0.005099059860838157	0.0051172707889125795
SP016	S	TCC	6	full	18693	16919.654502815443	14092.33862336744	1773.3454971845567	13.633193889992974	0.1437939692173701	18690	16912.439296302935	14086.481389300447	1777.560703697065	13.668514424140596	0.14417775672292013	per_gene_GC3_binomial_third_position	GC3_plus_dinucleotide_observed_correction	0.004975124378109453	0.004975124378109453	0.005099059860838157	0.0051172707889125795
SP016	S	TCG	6	full	12624	16919.654502815443	9000.270510988888	-4295.654502815443	-33.02429831878917	-0.4225164918871942	12620	16912.439296302935	8996.529705970072	-4292.439296302935	-33.00661874119796	-0.4223583389541528	per_gene_GC3_binomial_third_position	GC3_plus_dinucleotide_observed_correction	0.004975124378109453	0.004975124378109453	0.005099059860838157	0.0051172707889125795
SP016	S	TCT	6	full	29367	27284.678830517765	29435.946255178842	2082.321169482235	12.60631896039474	0.10610295762895125	29353	27271.560703696945	29421.924222027832	2081.439296303055	12.60401041106847	0.10610881924978127	per_gene_GC3_binomial_third_position	GC3_plus_dinucleotide_observed_correction	0.004975124378109453	0.004975124378109453	0.005099059860838157	0.0051172707889125795
SP016	P	CCA	4	full	22656	18589.337419500076	25881.224302502553	4066.662580499924	29.82676718713325	0.2854108563363491	22656	18589.337419500076	25881.224302502553	4066.662580499924	29.82676718713325	0.2854108563363491	per_gene_GC3_binomial_third_position	GC3_plus_dinucleotide_observed_correction	0.004975124378109453	0.004975124378109453	0.005099059860838157	0.0051172707889125795
SP016	P	CCC	4	full	13785	12113.662580499966	9835.555224073552	1671.3374195000342	15.185405743582523	0.1864569162318393	13785	12113.662580499966	9835.555224073552	1671.3374195000342	15.185405743582523	0.1864569162318393	per_gene_GC3_binomial_third_position	GC3_plus_dinucleotide_observed_correction	0.004975124378109453	0.004975124378109453	0.005099059860838157	0.0051172707889125795
SP016	P	CCG	4	full	7078	12113.662580499966	6281.615848745414	-5035.662580499966	-45.752927314666756	-0.7751791012969169	7078	12113.662580499966	6281.615848745414	-5035.662580499966	-45.752927314666756	-0.7751791012969169	per_gene_GC3_binomial_third_position	GC3_plus_dinucleotide_observed_correction	0.004975124378109453	0.004975124378109453	0.005099059860838157	0.0051172707889125795
SP016	P	CCT	4	full	17887	18589.337419500076	19407.60462467849	-702.3374195000761	-5.1512645279917635	-0.055562386032366566	17887	18589.337419500076	19407.60462467849	-702.3374195000761	-5.1512645279917635	-0.055562386032366566	per_gene_GC3_binomial_third_position	GC3_plus_dinucleotide_observed_correction	0.004975124378109453	0.004975124378109453	0.005099059860838157	0.0051172707889125795
SP016	T	ACA	4	full	29086	26279.325386084198	36383.58635724492	2806.674613915802	17.313503550983153	0.146394016487918	29085	26278.652118757465	36382.67813065024	2806.3478812425346	17.311709800112144	0.14638137659937273	per_gene_GC3_binomial_third_position	GC3_plus_dinucleotide_observed_correction	0.004975124378109453	0.004975124378109453	0.005099059860838157	0.0051172707889125795
SP016	T	ACC	4	full	16350	16212.174613915831	13008.390395308625	137.8253860841687	1.082451835955676	0.01221264147346504	16350	16211.847881242564	13008.139752272584	138.15211875743626	1.0850288598647657	0.012241716278733595	per_gene_GC3_binomial_third_position	GC3_plus_dinucleotide_observed_correction	0.004975124378109453	0.004975124378109453	0.005099059860838157	0.0051172707889125795
SP016	T	ACG	4	full	10734	16212.174613915831	8307.99171091379	-5478.174613915831	-43.02444083049879	-0.5948671189145283	10734	16211.847881242564	8307.831634209253	-5477.847881242564	-43.02230826827125	-0.5948380441092599	per_gene_GC3_binomial_third_position	GC3_plus_dinucleotide_observed_correction	0.004975124378109453	0.004975124378109453	0.005099059860838157	0.0051172707889125795
SP016	T	ACT	4	full	28813	26279.325386084198	27283.031536532722	2533.674613915802	15.629451382632942	0.13278922668254337	28812	26278.652118757465	27282.35048286798	2533.3478812425346	15.627636058927179	0.13277611682987292	per_gene_GC3_binomial_third_position	GC3_plus_dinucleotide_observed_correction	0.004975124378109453	0.004975124378109453	0.005099059860838157	0.0051172707889125795
SP016	A	GCA	4	full	26021	23672.307921311396	33070.566704770026	2348.692078688604	15.26531542152751	0.13647328834980904	26020	23671.70615139989	33069.72158835612	2348.2938486001112	15.262921125907683	0.1364545190691321	per_gene_GC3_binomial_third_position	GC3_plus_dinucleotide_observed_correction	0.004975124378109453	0.004975124378109453	0.005099059860838157	0.0051172707889125795
SP016	A	GCC	4	full	20039	15917.692078688617	13004.948702861908	4121.307921311383	32.66592903267296	0.3321700227483697	20038	15917.29384860012	13004.630666674642	4120.70615139988	32.661567907159935	0.33213412116253893	per_gene_GC3_binomial_third_position	GC3_plus_dinucleotide_observed_correction	0.004975124378109453	0.004975124378109453	0.005099059860838157	0.0051172707889125795
SP016	A	GCG	4	full	10333	15917.692078688617	8305.793625566586	-5584.692078688617	-44.264868967549745	-0.6233475060848919	10333	15917.29384860012	8305.590507276984	-5584.29384860012	-44.262266235030246	-0.6233114133076714	per_gene_GC3_binomial_third_position	GC3_plus_dinucleotide_observed_correction	0.004975124378109453	0.004975124378109453	0.005099059860838157	0.0051172707889125795
SP016	A	GCT	4	full	22787	23672.307921311396	24798.6909668015	-885.3079213113961	-5.754055538664381	-0.05498818347482586	22787	23671.70615139989	24798.057237692272	-884.7061513998888	-5.750217425502991	-0.05495150926597241	per_gene_GC3_binomial_third_position	GC3_plus_dinucleotide_observed_correction	0.004975124378109453	0.004975124378109453	0.005099059860838157	0.0051172707889125795
SP016	Y	TAC	2	full	26080	23585.571317417885	14162.819916749473	2494.4286825821146	16.242313596644628	0.14503639644206598	26077	23581.92488865519	14160.541071991624	2495.0751113448096	16.247778812489436	0.14509349514462463	per_gene_GC3_binomial_third_position	GC3_plus_dinucleotide_observed_correction	0.004975124378109453	0.004975124378109453	0.005099059860838157	0.0051172707889125795
SP016	Y	TAT	2	full	36639	39133.42868258216	48556.18008325046	-2494.428682582162	-12.609478964769355	-0.09502013480923088	36634	39129.075111344864	48550.45892800831	-2495.075111344864	-12.613448337876981	-0.09505651938993273	per_gene_GC3_binomial_third_position	GC3_plus_dinucleotide_observed_correction	0.004975124378109453	0.004975124378109453	0.005099059860838157	0.0051172707889125795
SP016	H	CAC	2	full	16084	14704.058594817698	8898.016954407094	1379.9414051823023	11.379994011460774	0.12940761162978556	16084	14704.058594817698	8898.016954407094	1379.9414051823023	11.379994011460774	0.12940761162978556	per_gene_GC3_binomial_third_position	GC3_plus_dinucleotide_observed_correction	0.004975124378109453	0.004975124378109453	0.005099059860838157	0.0051172707889125795
SP016	H	CAT	2	full	21975	23354.941405182228	29160.983045592926	-1379.9414051822278	-9.029657027065955	-0.08786272072902429	21975	23354.941405182228	29160.983045592926	-1379.9414051822278	-9.029657027065955	-0.08786272072902429	per_gene_GC3_binomial_third_position	GC3_plus_dinucleotide_observed_correction	0.004975124378109453	0.004975124378109453	0.005099059860838157	0.0051172707889125795
SP016	Q	CAA	2	full	33848	32292.529812602545	40343.5083495357	1555.4701873974554	8.655868641569707	0.06786909747824983	33848	32292.529812602545	40343.5083495357	1555.4701873974554	8.655868641569707	0.06786909747824983	per_gene_GC3_binomial_third_position	GC3_plus_dinucleotide_observed_correction	0.004975124378109453	0.004975124378109453	0.005099059860838157	0.0051172707889125795
SP016	Q	CAG	2	full	18912	20467.470187397466	12416.491650464372	-1555.4701873974664	-10.872504810015364	-0.11402795466401851	18912	20467.470187397466	12416.491650464372	-1555.4701873974664	-10.872504810015364	-0.11402795466401851	per_gene_GC3_binomial_third_position	GC3_plus_dinucleotide_observed_correction	0.004975124378109453	0.004975124378109453	0.005099059860838157	0.0051172707889125795
SP016	N	AAC	2	full	32128	37338.57834152944	22259.750932976687	-5210.578341529443	-26.965410796922946	-0.21683269073901423	32128	37338.201170313565	22259.528299815527	-5210.201170313565	-26.963595072656897	-0.21681811764789458	per_gene_GC3_binomial_third_position	GC3_plus_dinucleotide_observed_correction	0.004975124378109453	0.004975124378109453	0.005099059860838157	0.0051172707889125795
SP016	N	AAT	2	full	69138	63927.421658470565	79006.24906702322	5210.578341529435	20.60830795984049	0.11304311225374204	69137	63926.79882968644	79005.4717001844	5210.201170313558	20.606916597861822	0.11303630113705612	per_gene_GC3_binomial_third_position	GC3_plus_dinucleotide_observed_correction	0.004975124378109453	0.004975124378109453	0.005099059860838157	0.0051172707889125795
SP016	K	AAA	2	full	69556	71367.48639376502	88449.65354337651	-1811.4863937650225	-6.780861530573417	-0.037091728477174575	69543	71351.60459805197	88430.33759069037	-1808.6045980519702	-6.770827641275697	-0.03704030683389643	per_gene_GC3_binomial_third_position	GC3_plus_dinucleotide_observed_correction	0.004975124378109453	0.004975124378109453	0.005099059860838157	0.0051172707889125795
SP016	K	AAG	2	full	44481	42669.51360623496	25587.346456623523	1811.486393765037	8.769528224520853	0.05998286870421434	44470	42661.395401948015	25582.662409309676	1808.6045980519848	8.75641028339204	0.05990056178142496	per_gene_GC3_binomial_third_position	GC3_plus_dinucleotide_observed_correction	0.004975124378109453	0.004975124378109453	0.005099059860838157	0.0051172707889125795
SP016	D	GAC	2	full	28121	35092.844683554584	21144.08172168782	-6971.844683554584	-37.2167475329795	-0.31952390518734947	28083	35056.52161700984	21118.542955022276	-6973.521617009843	-37.244979567957714	-0.3199806849304235	per_gene_GC3_binomial_third_position	GC3_plus_dinucleotide_observed_correction	0.004975124378109453	0.004975124378109453	0.005099059860838157	0.0051172707889125795
SP016	D	GAT	2	full	63793	56821.15531644555	70769.91827831246	6971.844683554453	29.247764258781555	0.16696857303871118	63761	56787.478382990295	70725.45704497801	6973.521617009705	29.26347247209687	0.1671000157476598	per_gene_GC3_binomial_third_position	GC3_plus_dinucleotide_observed_correction	0.004975124378109453	0.004975124378109453	0.005099059860838157	0.0051172707889125795
SP016	E	GAA	2	full	57189	54053.042183896425	67425.82297951129	3135.957816103575	13.488390828141057	0.08136112997118904	57183	54045.88367038575	67416.74124380594	3137.1163296142477	13.494267415901637	0.08140083677140435	per_gene_GC3_binomial_third_position	GC3_plus_dinucleotide_observed_correction	0.004975124378109453	0.004975124378109453	0.005099059860838157	0.0051172707889125795
SP016	E	GAG	2	full	30800	33935.95781610346	20563.17702048863	-3135.9578161034588	-17.0231590324903	-0.13988221752924263	30794	33931.11632961413	20560.25875619397	-3137.1163296141312	-17.030662766117636	-0.13995745053860736	per_gene_GC3_binomial_third_position	GC3_plus_dinucleotide_observed_correction	0.004975124378109453	0.004975124378109453	0.005099059860838157	0.0051172707889125795
SP016	C	TGC	2	full	14716	12959.685239745053	10470.710497741122	1756.314760254947	15.427839934488691	0.1833482597080845	14716	12959.685239745053	10470.710497741122	1756.314760254947	15.427839934488691	0.1833482597080845	per_gene_GC3_binomial_third_position	GC3_plus_dinucleotide_observed_correction	0.004975124378109453	0.004975124378109453	0.005099059860838157	0.0051172707889125795
SP016	C	TGT	2	full	18869	20625.314760255005	23114.289502258835	-1756.3147602550052	-12.22931294737549	-0.12839491455773921	18869	20625.314760255005	23114.289502258835	-1756.3147602550052	-12.22931294737549	-0.12839491455773921	per_gene_GC3_binomial_third_position	GC3_plus_dinucleotide_observed_correction	0.004975124378109453	0.004975124378109453	0.005099059860838157	0.0051172707889125795
SP016	R	AGA	6	full	21582	13999.603829761025	23996.766717113354	7582.396170238975	64.08385056793266	0.6244244617407781	21578	13991.715589560576	23983.035879993175	7586.284410439424	64.13478395271026	0.6249701580019585	per_gene_GC3_binomial_third_position	GC3_plus_dinucleotide_observed_correction	0.004975124378109453	0.004975124378109453	0.005099059860838157	0.0051172707889125795
SP016	R	AGG	6	full	20313	9157.062836905598	11389.701450285216	11155.937163094402	116.58104991491254	1.1494032357738888	20276	9150.951077106049	11382.037360818485	11125.048922893951	116.29708058136961	1.147736221020161	per_gene_GC3_binomial_third_position	GC3_plus_dinucleotide_observed_correction	0.004975124378109453	0.004975124378109453	0.005099059860838157	0.0051172707889125795
SP016	R	CGA	6	full	6115	13999.603829761025	11712.181214318196	-7884.603829761025	-66.63800759936159	-1.1948951640904062	6115	13991.715589560576	11705.479559279764	-7876.715589560576	-66.59010198698194	-1.1940820606709077	per_gene_GC3_binomial_third_position	GC3_plus_dinucleotide_observed_correction	0.004975124378109453	0.004975124378109453	0.005099059860838157	0.0051172707889125795
SP016	R	CGC	6	full	8500	9157.062836905598	5390.586681345796	-657.0628369055976	-6.866395379129055	-0.10741599221171146	8499	9150.951077106049	5386.959374801869	-651.9510771060486	-6.815251553032257	-0.10662254454993106	per_gene_GC3_binomial_third_position	GC3_plus_dinucleotide_observed_correction	0.004975124378109453	0.004975124378109453	0.005099059860838157	0.0051172707889125795
SP016	R	CGG	6	full	4258	9157.062836905598	5559.009217170507	-4899.062836905598	-51.19586824269669	-1.1046183455968457	4258	9150.951077106049	5555.268579703165	-4892.951077106049	-51.14907176038543	-1.1036551691065297	per_gene_GC3_binomial_third_position	GC3_plus_dinucleotide_observed_correction	0.004975124378109453	0.004975124378109453	0.005099059860838157	0.0051172707889125795
SP016	R	CGT	6	full	8702	13999.603829761025	11421.754719766863	-5297.603829761025	-44.77355766861935	-0.685935712689065	8702	13991.715589560576	11415.219245403481	-5289.715589560576	-44.71948956209778	-0.6851226092695664	per_gene_GC3_binomial_third_position	GC3_plus_dinucleotide_observed_correction	0.004975124378109453	0.004975124378109453	0.005099059860838157	0.0051172707889125795
SP016	G	GGA	4	full	22828	23614.01357643269	26830.779519584652	-786.0135764326915	-5.114994171421806	-0.048837751416163776	22820	23607.44705282754	26823.406819820873	-787.4470528275415	-5.12503516658254	-0.04894218865334216	per_gene_GC3_binomial_third_position	GC3_plus_dinucleotide_observed_correction	0.004975124378109453	0.004975124378109453	0.005099059860838157	0.0051172707889125795
SP016	G	GGC	4	full	19233	15383.48642356727	12307.120621130218	3849.5135764327297	31.036909462177363	0.32219192517899664	19228	15380.05294717242	12304.443728796758	3847.9470528275797	31.027742052145097	0.32213885292679306	per_gene_GC3_binomial_third_position	GC3_plus_dinucleotide_observed_correction	0.004975124378109453	0.004975124378109453	0.005099059860838157	0.0051172707889125795
SP016	G	GGG	4	full	14494	15383.48642356727	12691.642118740885	-889.4864235672703	-7.171531947596378	-0.08592382733088975	14492	15380.05294717242	12688.881590057325	-888.0529471724203	-7.160773626878633	-0.08580088503475669	per_gene_GC3_binomial_third_position	GC3_plus_dinucleotide_observed_correction	0.004975124378109453	0.004975124378109453	0.005099059860838157	0.0051172707889125795
SP016	G	GGT	4	full	21440	23614.01357643269	26165.45774054432	-2174.0135764326915	-14.147423283085407	-0.13933526809647054	21435	23607.44705282754	26158.26786132512	-2172.4470528275415	-14.139195141185159	-0.13927052070358742	per_gene_GC3_binomial_third_position	GC3_plus_dinucleotide_observed_correction	0.004975124378109453	0.004975124378109453	0.005099059860838157	0.0051172707889125795
SP017	F	TTC	2	full	36640	37265.38515321018	22921.776276571552	-625.3851532101835	-3.239625133843978	-0.02441633676444443	36638	37264.41673215755	22921.14654742198	-626.4167321575515	-3.245011091858485	-0.02445759605579364	per_gene_GC3_binomial_third_position	GC3_plus_dinucleotide_observed_correction	0.004975124378109453	0.004975124378109453	0.005099059860838157	0.0051172707889125795
SP017	F	TTT	2	full	61165	60539.614846789846	74883.22372342859	625.3851532101544	2.5417201971442838	0.014826727615408935	61165	60538.58326784248	74881.85345257816	626.4167321575223	2.5459344806682243	0.014851310761892889	per_gene_GC3_binomial_third_position	GC3_plus_dinucleotide_observed_correction	0.004975124378109453	0.004975124378109453	0.005099059860838157	0.0051172707889125795
SP017	L	CTA	6	full	26705	41315.50564796278	34078.76664896517	-14610.505647962782	-71.88010623826023	-0.6295638882804375	26705	41315.027736316195	34078.39006433016	-14610.027736316195	-71.87817075193047	-0.6295472002018244	per_gene_GC3_binomial_third_position	GC3_plus_dinucleotide_observed_correction	0.004975124378109453	0.004975124378109453	0.005099059860838157	0.0051172707889125795
SP017	L	CTC	6	full	23758	25859.49435203714	12804.237548025165	-2101.4943520371417	-13.06827343366406	-0.12227820602458665	23758	25859.30559701706	12804.149272611792	-2101.305597017061	-13.06714733912421	-0.12226767559207592	per_gene_GC3_binomial_third_position	GC3_plus_dinucleotide_observed_correction	0.004975124378109453	0.004975124378109453	0.005099059860838157	0.0051172707889125795
SP017	L	CTG	6	full	25774	25859.49435203714	13487.930699597982	-85.49435203714165	-0.5316519496577523	-0.004777519058607904	25774	25859.30559701706	13487.83771064385	-85.30559701706079	-0.53048010087456	-0.004766988626097216	per_gene_GC3_binomial_third_position	GC3_plus_dinucleotide_observed_correction	0.004975124378109453	0.004975124378109453	0.005099059860838157	0.0051172707889125795
SP017	L	CTT	6	full	33145	41315.50564796278	41316.593723884325	-8170.505647962782	-40.19688490916533	-0.3178877678718003	33145	41315.027736316195	41316.13715823078	-8170.027736316195	-40.19476617550988	-0.31787107979318713	per_gene_GC3_binomial_third_position	GC3_plus_dinucleotide_observed_correction	0.004975124378109453	0.004975124378109453	0.005099059860838157	0.0051172707889125795
SP017	L	TTA	6	full	50302	41315.50564796278	71527.7301056604	8986.494352037218	44.211349305629874	0.2839293188135239	50300	41315.027736316195	71526.93969430508	8984.972263683805	44.204116667424145	0.2838886449828073	per_gene_GC3_binomial_third_position	GC3_plus_dinucleotide_observed_correction	0.004975124378109453	0.004975124378109453	0.005099059860838157	0.0051172707889125795
SP017	L	TTG	6	full	41841	25859.49435203714	28309.741273867054	15981.505647962858	99.38198762550563	0.6942126124604913	41841	25859.30559701706	28309.546099878433	15981.69440298294	99.38352412380655	0.6942231428930018	per_gene_GC3_binomial_third_position	GC3_plus_dinucleotide_observed_correction	0.004975124378109453	0.004975124378109453	0.005099059860838157	0.0051172707889125795
SP017	I	ATA	3	full	45848	49704.96796796568	50340.421329900106	-3856.9679679656765	-17.30000118780695	-0.11653003287226395	45843	49702.66354336424	50338.09009696639	-3859.663543364237	-17.31249321775041	-0.11662048711386105	per_gene_GC3_binomial_third_position	GC3_plus_dinucleotide_observed_correction	0.004975124378109453	0.004975124378109453	0.005099059860838157	0.0051172707889125795
SP017	I	ATC	3	full	26897	30469.064064068778	18506.594813377378	-3572.064064068778	-20.463960190053623	-0.1798967720747962	26896	30467.67291327165	18505.75239871377	-3571.67291327165	-20.462186465035103	-0.179884539120924	per_gene_GC3_binomial_third_position	GC3_plus_dinucleotide_observed_correction	0.004975124378109453	0.004975124378109453	0.005099059860838157	0.0051172707889125795
SP017	I	ATT	3	full	57134	49704.96796796568	61031.98385672243	7429.0320320343235	33.32209757661991	0.20095759564009824	57134	49702.66354336424	61029.157504319766	7431.336456635763	33.33320652405552	0.201024482828759	per_gene_GC3_binomial_third_position	GC3_plus_dinucleotide_observed_correction	0.004975124378109453	0.004975124378109453	0.005099059860838157	0.0051172707889125795
SP017	V	GTA	4	full	30154	37660.52004293569	41015.38158314243	-7506.520042935692	-38.6808039658241	-0.32069876197884606	30153	37657.48794773387	41012.17438400125	-7504.487947733869	-38.67188945102747	-0.3206304499112959	per_gene_GC3_binomial_third_position	GC3_plus_dinucleotide_observed_correction	0.004975124378109453	0.004975124378109453	0.005099059860838157	0.0051172707889125795
SP017	V	GTC	4	full	17428	23558.97995706432	15436.465948772728	-6130.979957064319	-39.94400937891476	-0.4348592861009495	17427	23557.51205226614	15435.53849001988	-6130.512052266138	-39.94220529960312	-0.43485217456164066	per_gene_GC3_binomial_third_position	GC3_plus_dinucleotide_observed_correction	0.004975124378109453	0.004975124378109453	0.005099059860838157	0.0051172707889125795
SP017	V	GTG	4	full	27599	23558.97995706432	16260.709174039259	4040.020042935681	26.321175344911257	0.22833443696481884	27599	23557.51205226614	16259.732192837668	4041.487947733862	26.331559247907624	0.22842432880257194	per_gene_GC3_binomial_third_position	GC3_plus_dinucleotide_observed_correction	0.004975124378109453	0.004975124378109453	0.005099059860838157	0.0051172707889125795
SP017	V	GTT	4	full	47258	37660.52004293569	49726.4432940457	9597.479957064308	49.455438560308494	0.327501762778917	47251	37657.48794773387	49722.55493314131	9593.512052266131	49.43698225864513	0.3274042090965374	per_gene_GC3_binomial_third_position	GC3_plus_dinucleotide_observed_correction	0.004975124378109453	0.004975124378109453	0.005099059860838157	0.0051172707889125795
SP017	S	AGC	6	full	14077	22006.420898831413	10867.30574155502	-7929.420898831413	-53.45234508811255	-0.6445661535972462	14066	21996.593362016334	10862.6831851207	-7930.593362016334	-53.472189708433866	-0.6450494978537444	per_gene_GC3_binomial_third_position	GC3_plus_dinucleotide_observed_correction	0.004975124378109453	0.004975124378109453	0.005099059860838157	0.0051172707889125795
SP017	S	AGT	6	full	36159	35493.91243450194	42951.89842992265	665.0875654980628	3.5302209794881767	0.026782796833534274	36100	35471.739971317	42926.40578940724	628.2600286829984	3.335786015932969	0.025328383651393425	per_gene_GC3_binomial_third_position	GC3_plus_dinucleotide_observed_correction	0.004975124378109453	0.004975124378109453	0.005099059860838157	0.0051172707889125795
SP017	S	TCA	6	full	51972	35493.91243450194	47746.93654866008	16478.087565498063	87.46410765024889	0.5501565257020897	51953	35471.739971317	47718.59797612566	16481.260028683	87.50828354285773	0.5505305085404097	per_gene_GC3_binomial_third_position	GC3_plus_dinucleotide_observed_correction	0.004975124378109453	0.004975124378109453	0.005099059860838157	0.0051172707889125795
SP017	S	TCC	6	full	21621	22006.420898831413	17220.761711884505	-385.42089883141307	-2.5981280539091256	-0.0254906904112061	21617	21996.593362016334	17213.43662646331	-379.59336201633414	-2.559416091488896	-0.02511321311998006	per_gene_GC3_binomial_third_position	GC3_plus_dinucleotide_observed_correction	0.004975124378109453	0.004975124378109453	0.005099059860838157	0.0051172707889125795
SP017	S	TCG	6	full	13745	22006.420898831413	9866.246130179037	-8261.420898831413	-55.69036206257643	-0.6789979178690931	13744	21996.593362016334	9862.049388077885	-8252.593362016334	-55.643281365784716	-0.6784584772460925	per_gene_GC3_binomial_third_position	GC3_plus_dinucleotide_observed_correction	0.004975124378109453	0.004975124378109453	0.005099059860838157	0.0051172707889125795
SP017	S	TCT	6	full	34927	35493.91243450194	43847.85143779859	-566.9124345019372	-3.009116804510887	-0.023228549132324017	34925	35471.739971317	43821.82703480508	-546.7399713170016	-2.9029501598152545	-0.02240966557342609	per_gene_GC3_binomial_third_position	GC3_plus_dinucleotide_observed_correction	0.004975124378109453	0.004975124378109453	0.005099059860838157	0.0051172707889125795
SP017	P	CCA	4	full	30442	24397.75440441894	31560.162911885705	6044.245595581058	38.69609807265834	0.3193089082216873	30408	24368.288815277836	31524.575281901638	6039.711184722164	38.69043875962408	0.3194401048225048	per_gene_GC3_binomial_third_position	GC3_plus_dinucleotide_observed_correction	0.004975124378109453	0.004975124378109453	0.005099059860838157	0.0051172707889125795
SP017	P	CCC	4	full	12952	14471.745595580956	10932.433114482248	-1519.7455955809564	-12.633114540579072	-0.16005821238320894	12950	14461.21118472206	10924.975123529948	-1511.2111847220604	-12.566745648007755	-0.1592304702062223	per_gene_GC3_binomial_third_position	GC3_plus_dinucleotide_observed_correction	0.004975124378109453	0.004975124378109453	0.005099059860838157	0.0051172707889125795
SP017	P	CCG	4	full	9560	14471.745595580956	6263.490414292365	-4911.745595580956	-40.82962627665242	-0.5981308198641088	9558	14461.21118472206	6259.217526971636	-4903.21118472206	-40.773525526944454	-0.5973821282805312	per_gene_GC3_binomial_third_position	GC3_plus_dinucleotide_observed_correction	0.004975124378109453	0.004975124378109453	0.005099059860838157	0.0051172707889125795
SP017	P	CCT	4	full	24785	24397.75440441894	28982.91355933971	387.2455955810583	2.479199977539804	0.022718430176513094	24743	24368.288815277836	28950.232067596797	374.71118472216403	2.4004028837855746	0.022015038234527783	per_gene_GC3_binomial_third_position	GC3_plus_dinucleotide_observed_correction	0.004975124378109453	0.004975124378109453	0.005099059860838157	0.0051172707889125795
SP017	T	ACA	4	full	38407	35819.36521564587	46628.395136201885	2587.63478435413	13.672377407091526	0.10062815110176496	38363	35786.29035034227	46585.49957239778	2576.7096496577287	13.620941987839053	0.1003071901483057	per_gene_GC3_binomial_third_position	GC3_plus_dinucleotide_observed_correction	0.004975124378109453	0.004975124378109453	0.005099059860838157	0.0051172707889125795
SP017	T	ACC	4	full	22491	22049.13478435406	16712.75686396257	441.8652156459393	2.975733528911981	0.02862512021288742	22480	22029.70964965764	16698.317680468816	450.2903503423586	3.033809127308846	0.029190899157857244	per_gene_GC3_binomial_third_position	GC3_plus_dinucleotide_observed_correction	0.004975124378109453	0.004975124378109453	0.005099059860838157	0.0051172707889125795
SP017	T	ACG	4	full	12463	22049.13478435406	9575.196236522857	-9586.13478435406	-64.55765622729879	-0.823045497257846	12449	22029.70964965764	9566.923632752381	-9580.709649657641	-64.54956087583976	-0.8233954228869582	per_gene_GC3_binomial_third_position	GC3_plus_dinucleotide_observed_correction	0.004975124378109453	0.004975124378109453	0.005099059860838157	0.0051172707889125795
SP017	T	ACT	4	full	42376	35819.36521564587	42820.65176331258	6556.63478435413	34.64352304822222	0.24250452748993587	42340	35786.29035034227	42781.259114380904	6553.709649657729	34.644065913668854	0.24261114930495398	per_gene_GC3_binomial_third_position	GC3_plus_dinucleotide_observed_correction	0.004975124378109453	0.004975124378109453	0.005099059860838157	0.0051172707889125795
SP017	A	GCA	4	full	22977	20460.16527750345	26788.7642405568	2516.834722496551	17.59543986196514	0.1673687832857553	22961	20447.837364083185	26772.994340705674	2513.162635916815	17.575063513197108	0.1672333479600036	per_gene_GC3_binomial_third_position	GC3_plus_dinucleotide_observed_correction	0.004975124378109453	0.004975124378109453	0.005099059860838157	0.0051172707889125795
SP017	A	GCC	4	full	15022	13051.834722496498	9939.480673583159	1970.1652775035018	17.245146095404223	0.2028170314521182	15016	13045.162635916766	9934.554830496716	1970.8373640832342	17.25544001474841	0.20297836741182512	per_gene_GC3_binomial_third_position	GC3_plus_dinucleotide_observed_correction	0.004975124378109453	0.004975124378109453	0.005099059860838157	0.0051172707889125795
SP017	A	GCG	4	full	7372	13051.834722496498	5694.600759968254	-5679.834722496498	-49.716427705658674	-0.824082068020009	7372	13045.162635916766	5691.778609525516	-5673.162635916766	-49.67072338995873	-0.8233444032637075	per_gene_GC3_binomial_third_position	GC3_plus_dinucleotide_observed_correction	0.004975124378109453	0.004975124378109453	0.005099059860838157	0.0051172707889125795
SP017	A	GCT	4	full	21653	20460.16527750345	24601.154325891734	1192.834722496551	8.339225232927747	0.08174718124424037	21637	20447.837364083185	24586.672219272044	1189.162635916815	8.316059038548703	0.08155027589219871	per_gene_GC3_binomial_third_position	GC3_plus_dinucleotide_observed_correction	0.004975124378109453	0.004975124378109453	0.005099059860838157	0.0051172707889125795
SP017	Y	TAC	2	full	37802	31796.470697802153	21384.505852962597	6005.529302197847	33.67920501669088	0.2495923213477206	37797	31786.012650049954	21377.813415707657	6010.987349950046	33.71535897397375	0.24987607021141733	per_gene_GC3_binomial_third_position	GC3_plus_dinucleotide_observed_correction	0.004975124378109453	0.004975124378109453	0.005099059860838157	0.0051172707889125795
SP017	Y	TAT	2	full	46935	52940.52930219797	63352.49414703743	-6005.529302197967	-26.101000247878723	-0.1737067163089283	46898	52908.98734995016	63317.186584292365	-6010.987349950163	-26.13250783514746	-0.17398465889698936	per_gene_GC3_binomial_third_position	GC3_plus_dinucleotide_observed_correction	0.004975124378109453	0.004975124378109453	0.005099059860838157	0.0051172707889125795
SP017	H	CAC	2	full	20495	16308.967518348585	11008.520561055484	4186.032481651415	32.7785214666755	0.32959750499912116	20495	16308.138288894217	11007.957396835165	4186.861711105783	32.78584821595632	0.3296708584445298	per_gene_GC3_binomial_third_position	GC3_plus_dinucleotide_observed_correction	0.004975124378109453	0.004975124378109453	0.005099059860838157	0.0051172707889125795
SP017	H	CAT	2	full	21893	26079.03248165139	31379.479438944458	-4186.032481651389	-25.92130465007859	-0.2524153980180971	21891	26077.861711105754	31378.04260316478	-4186.861711105754	-25.927021494189777	-0.2524824287545842	per_gene_GC3_binomial_third_position	GC3_plus_dinucleotide_observed_correction	0.004975124378109453	0.004975124378109453	0.005099059860838157	0.0051172707889125795
SP017	Q	CAA	2	full	38476	39529.66638977358	48806.46460014928	-1053.666389773578	-5.29958121998636	-0.03897645686246421	38466	39521.68673946503	48797.154659750224	-1055.6867394650326	-5.310278893658336	-0.03906020531235783	per_gene_GC3_binomial_third_position	GC3_plus_dinucleotide_observed_correction	0.004975124378109453	0.004975124378109453	0.005099059860838157	0.0051172707889125795
SP017	Q	CAG	2	full	24458	23404.333610226473	14127.5353998507	1053.666389773527	6.887394936601979	0.06352941976865568	24457	23401.313260535022	14125.84534024975	1055.686739464978	6.901046460289976	0.06365662222829767	per_gene_GC3_binomial_third_position	GC3_plus_dinucleotide_observed_correction	0.004975124378109453	0.004975124378109453	0.005099059860838157	0.0051172707889125795
SP017	N	AAC	2	full	60032	55281.7661847373	37241.304948184275	4750.233815262698	20.203379981353358	0.11892699166114251	60023	55272.114840012015	37234.94064803803	4750.885159987985	20.207914309877427	0.11896258038527914	per_gene_GC3_binomial_third_position	GC3_plus_dinucleotide_observed_correction	0.004975124378109453	0.004975124378109453	0.005099059860838157	0.0051172707889125795
SP017	N	AAT	2	full	84457	89207.23381526278	107247.69505181578	-4750.233815262778	-15.90431433353208	-0.07894324621076537	84439	89189.88515998807	107227.05935196203	-4750.885159988073	-15.90804204900403	-0.07897015818124006	per_gene_GC3_binomial_third_position	GC3_plus_dinucleotide_observed_correction	0.004975124378109453	0.004975124378109453	0.005099059860838157	0.0051172707889125795
SP017	K	AAA	2	full	89906	97149.57835318684	120455.35221797801	-7243.5783531868365	-23.239816908028505	-0.11178973685773264	89902	97145.59093175856	120450.52954481912	-7243.590931758561	-23.240334209007973	-0.11179470965220256	per_gene_GC3_binomial_third_position	GC3_plus_dinucleotide_observed_correction	0.004975124378109453	0.004975124378109453	0.005099059860838157	0.0051172707889125795
SP017	K	AAG	2	full	66005	58761.42164681344	35455.64778202208	7243.57835318656	29.88181791363469	0.16770466801506734	66003	58759.40906824171	35454.47045518099	7243.590931758292	29.88238154395078	0.16771036569205147	per_gene_GC3_binomial_third_position	GC3_plus_dinucleotide_observed_correction	0.004975124378109453	0.004975124378109453	0.005099059860838157	0.0051172707889125795
SP017	D	GAC	2	full	41827	44166.86933481717	29734.55253464427	-2339.869334817173	-11.13379697323084	-0.07852913446970691	41815	44151.92485739226	29723.973037067943	-2336.9248573922596	-11.121668015516192	-0.07845485927175887	per_gene_GC3_binomial_third_position	GC3_plus_dinucleotide_observed_correction	0.004975124378109453	0.004975124378109453	0.005099059860838157	0.0051172707889125795
SP017	D	GAT	2	full	74355	72015.13066518272	86447.44746535536	2339.869334817282	8.719262031697399	0.04612938995538635	74336	71999.07514260763	86427.02696293169	2336.9248573923687	8.709260668855414	0.046082369626238115	per_gene_GC3_binomial_third_position	GC3_plus_dinucleotide_observed_correction	0.004975124378109453	0.004975124378109453	0.005099059860838157	0.0051172707889125795
SP017	E	GAA	2	full	76945	78618.82650291035	97630.61496602028	-1673.8265029103495	-5.969626526743187	-0.031047048927489933	76902	78579.14164997943	97580.70752952225	-1677.1416499794286	-5.982960065104321	-0.031125089545108387	per_gene_GC3_binomial_third_position	GC3_plus_dinucleotide_observed_correction	0.004975124378109453	0.004975124378109453	0.005099059860838157	0.0051172707889125795
SP017	E	GAG	2	full	49733	48059.17349708944	29047.38503397972	1673.8265029105605	7.6352329387409785	0.049391117253586414	49710	48032.85835002036	29031.29247047773	1677.1416499796396	7.652450491465305	0.049513933260325854	per_gene_GC3_binomial_third_position	GC3_plus_dinucleotide_observed_correction	0.004975124378109453	0.004975124378109453	0.005099059860838157	0.0051172707889125795
SP017	C	TGC	2	full	10606	12641.869828297422	6676.668436131041	-2035.869828297422	-18.106910255772696	-0.2533182587414588	10606	12641.869828297422	6676.668436131041	-2035.869828297422	-18.106910255772696	-0.2533182587414588	per_gene_GC3_binomial_third_position	GC3_plus_dinucleotide_observed_correction	0.004975124378109453	0.004975124378109453	0.005099059860838157	0.0051172707889125795
SP017	C	TGT	2	full	22494	20458.130171702473	26423.33156386897	2035.8698282975274	14.233674739629436	0.13686274833499026	22494	20458.130171702473	26423.33156386897	2035.8698282975274	14.233674739629436	0.13686274833499026	per_gene_GC3_binomial_third_position	GC3_plus_dinucleotide_observed_correction	0.004975124378109453	0.004975124378109453	0.005099059860838157	0.0051172707889125795
SP017	R	AGA	6	full	36586	16778.988666536756	35172.62221661704	19807.011333463244	152.91006035584604	1.124612656570038	36566	16772.885162197315	35159.585819926535	19793.114837802685	152.8305787166773	1.124348664900507	per_gene_GC3_binomial_third_position	GC3_plus_dinucleotide_observed_correction	0.004975124378109453	0.004975124378109453	0.005099059860838157	0.0051172707889125795
SP017	R	AGG	6	full	23406	10542.344666796593	13562.942560649059	12863.655333203407	125.28405161241834	1.150645035791381	23397	10537.781504469367	13556.899379362872	12859.218495530633	125.26795306303652	1.1507147640733089	per_gene_GC3_binomial_third_position	GC3_plus_dinucleotide_observed_correction	0.004975124378109453	0.004975124378109453	0.005099059860838157	0.0051172707889125795
SP017	R	CGA	6	full	5315	16778.988666536756	12617.654793179001	-11463.988666536756	-88.50195364695469	-1.6584214424803738	5315	16772.885162197315	12612.978179869515	-11457.885162197315	-88.47092711569617	-1.6578965696730774	per_gene_GC3_binomial_third_position	GC3_plus_dinucleotide_observed_correction	0.004975124378109453	0.004975124378109453	0.005099059860838157	0.0051172707889125795
SP017	R	CGC	6	full	4376	10542.344666796593	3204.140865484928	-6166.344666796593	-60.056385489498325	-1.268414711408965	4375	10537.781504469367	3202.713210385011	-6162.781504469367	-60.03467664134762	-1.2681198313456767	per_gene_GC3_binomial_third_position	GC3_plus_dinucleotide_observed_correction	0.004975124378109453	0.004975124378109453	0.005099059860838157	0.0051172707889125795
SP017	R	CGG	6	full	3364	10542.344666796593	4865.503804522584	-7178.344666796593	-69.91263994809736	-1.647800160732563	3364	10537.781504469367	4863.335903168739	-7173.781504469367	-69.88332339937162	-1.647175597157582	per_gene_GC3_binomial_third_position	GC3_plus_dinucleotide_observed_correction	0.004975124378109453	0.004975124378109453	0.005099059860838157	0.0051172707889125795
SP017	R	CGT	6	full	8917	16778.988666536756	12541.135759547367	-7861.988666536756	-60.69452585641112	-0.911987536356101	8915	16772.885162197315	12536.4875072873	-7857.885162197315	-60.67388314921367	-0.9117862647481397	per_gene_GC3_binomial_third_position	GC3_plus_dinucleotide_observed_correction	0.004975124378109453	0.004975124378109453	0.005099059860838157	0.0051172707889125795
SP017	G	GGA	4	full	34820	27175.28193706656	33488.425987963565	7644.71806293344	46.37398786419653	0.3576153723568202	34804	27163.351759040837	33474.758309337245	7640.648240959163	46.35947694136705	0.3575857851526088	per_gene_GC3_binomial_third_position	GC3_plus_dinucleotide_observed_correction	0.004975124378109453	0.004975124378109453	0.005099059860838157	0.0051172707889125795
SP017	G	GGC	4	full	14938	16757.718062933414	8374.903742693634	-1819.7180629334143	-14.057130164817108	-0.16583346039666602	14937	16753.648240959134	8373.018684033723	-1816.6482409591335	-14.035120519748352	-0.16557963057941966	per_gene_GC3_binomial_third_position	GC3_plus_dinucleotide_observed_correction	0.004975124378109453	0.004975124378109453	0.005099059860838157	0.0051172707889125795
SP017	G	GGG	4	full	12241	16757.718062933414	12717.332893046554	-4516.718062933414	-34.891170792735515	-0.45308840429119307	12241	16753.648240959134	12714.47042211703	-4512.648240959134	-34.86396567981297	-0.4527379956118883	per_gene_GC3_binomial_third_position	GC3_plus_dinucleotide_observed_correction	0.004975124378109453	0.004975124378109453	0.005099059860838157	0.0051172707889125795
SP017	G	GGT	4	full	25867	27175.28193706656	33285.337376296244	-1308.2819370665602	-7.9362312871472644	-0.0711809174345394	25852	27163.351759040837	33271.75258451201	-1311.3517590408374	-7.956599979224164	-0.07138426482754318	per_gene_GC3_binomial_third_position	GC3_plus_dinucleotide_observed_correction	0.004975124378109453	0.004975124378109453	0.005099059860838157	0.0051172707889125795
SP018	F	TTC	2	full	143525	140361.8213214761	147746.80450207705	3163.1786785238946	8.443047393959368	0.03215136909954021	143065	139833.92039650853	147189.53801942873	3231.0796034914674	8.640550064634471	0.032956285171135045	per_gene_GC3_binomial_third_position	GC3_plus_dinucleotide_observed_correction	0.004975124378109453	0.004975124378109453	0.005099059860838157	0.0051172707889125795
SP018	F	TTT	2	full	87820	90983.17867852465	83598.1954979231	-3163.1786785246513	-10.486804500043405	-0.05105001890058334	87384	90615.0796034924	83259.46198057152	-3231.0796034923987	-10.73364974802046	-0.05238171371254753	per_gene_GC3_binomial_third_position	GC3_plus_dinucleotide_observed_correction	0.004975124378109453	0.004975124378109453	0.005099059860838157	0.0051172707889125795
SP018	L	CTA	6	full	27250	78372.76447559144	44476.23395563402	-51122.76447559144	-182.61302359573625	-1.5240788896199937	27200	78147.73289529863	44347.928320106315	-50947.73289529863	-182.2496368177906	-1.522580079700972	per_gene_GC3_binomial_third_position	GC3_plus_dinucleotide_observed_correction	0.004975124378109453	0.004975124378109453	0.005099059860838157	0.0051172707889125795
SP018	L	CTC	6	full	190929	121280.56885774196	157431.2352310763	69648.43114225804	199.99342848214877	0.6546856536274378	190234	120954.93377136807	157005.29764537033	69279.06622863193	199.20041159835986	0.6533033280127004	per_gene_GC3_binomial_third_position	GC3_plus_dinucleotide_observed_correction	0.004975124378109453	0.004975124378109453	0.005099059860838157	0.0051172707889125795
SP018	L	CTG	6	full	165687	121280.56885774196	136827.4778263487	44406.431142258036	127.51176537856355	0.45011039185208657	165448	120954.93377136807	136457.28467199733	44493.06622863193	127.93239846459728	0.45190662981227725	per_gene_GC3_binomial_third_position	GC3_plus_dinucleotide_observed_correction	0.004975124378109453	0.004975124378109453	0.005099059860838157	0.0051172707889125795
SP018	L	CTT	6	full	107556	78372.76447559144	89206.5933118107	29183.235524408563	104.24394948288045	0.4566612184471875	107166	78147.73289529863	88949.24893639555	29018.267104701372	103.80380716413556	0.4555688369617302	per_gene_GC3_binomial_third_position	GC3_plus_dinucleotide_observed_correction	0.004975124378109453	0.004975124378109453	0.005099059860838157	0.0051172707889125795
SP018	L	TTA	6	full	17888	78372.76447559144	41953.123565334114	-60484.76447559144	-216.0545470430753	-2.131329172226979	17848	78147.73289529863	41832.09663246047	-60299.73289529863	-215.70350231211285	-2.130410416779465	per_gene_GC3_binomial_third_position	GC3_plus_dinucleotide_observed_correction	0.004975124378109453	0.004975124378109453	0.005099059860838157	0.0051172707889125795
SP018	L	TTG	6	full	89650	121280.56885774196	129065.33610979636	-31630.568857741964	-90.8262513161242	-0.43597083879312365	89412	120954.93377136807	128716.14379367008	-31542.933771368072	-90.69645034677893	-0.43592714051590276	per_gene_GC3_binomial_third_position	GC3_plus_dinucleotide_observed_correction	0.004975124378109453	0.004975124378109453	0.005099059860838157	0.0051172707889125795
SP018	I	ATA	3	full	17960	44628.590002042874	24225.990914833317	-26668.590002042874	-126.23897851177024	-1.3131568763524468	17954	44599.82486327155	24210.3827386959	-26645.824863271548	-126.17188527824034	-1.3127087414541152	per_gene_GC3_binomial_third_position	GC3_plus_dinucleotide_observed_correction	0.004975124378109453	0.004975124378109453	0.005099059860838157	0.0051172707889125795
SP018	I	ATC	3	full	78442	68753.81999591443	85194.60637096771	9688.180004085574	36.94824229309799	0.19018515134279274	78382	68710.35027345708	85140.52008035724	9671.64972654292	36.8968659377114	0.18999365223994027	per_gene_GC3_binomial_third_position	GC3_plus_dinucleotide_observed_correction	0.004975124378109453	0.004975124378109453	0.005099059860838157	0.0051172707889125795
SP018	I	ATT	3	full	61609	44628.590002042874	48590.40271419871	16980.409997957126	80.37881315393706	0.46516843733048235	61574	44599.82486327155	48559.09718094653	16974.175136728452	80.37520658615897	0.46527878913842247	per_gene_GC3_binomial_third_position	GC3_plus_dinucleotide_observed_correction	0.004975124378109453	0.004975124378109453	0.005099059860838157	0.0051172707889125795
SP018	V	GTA	4	full	32254	76465.96041863177	40482.93048792787	-44211.960418631774	-159.88425539927556	-1.2453266414598785	32198	76353.56887232294	40423.173910098354	-44155.56887232294	-159.79780651266816	-1.2457115591252872	per_gene_GC3_binomial_third_position	GC3_plus_dinucleotide_observed_correction	0.004975124378109453	0.004975124378109453	0.005099059860838157	0.0051172707889125795
SP018	V	GTC	4	full	148055	117607.03958136808	142561.8134413849	30447.96041863192	88.78539831151089	0.3321575336818081	147852	117446.43112767707	142365.79189966462	30405.568872322925	88.72238770987231	0.3321496214073045	per_gene_GC3_binomial_third_position	GC3_plus_dinucleotide_observed_correction	0.004975124378109453	0.004975124378109453	0.005099059860838157	0.0051172707889125795
SP018	V	GTG	4	full	122981	117607.03958136808	123904.08637081303	5373.960418631919	15.670317805147981	0.06446075712833112	122849	117446.43112767707	123733.71907925322	5402.568872322925	15.76450722340662	0.06488296949585691	per_gene_GC3_binomial_third_position	GC3_plus_dinucleotide_observed_correction	0.004975124378109453	0.004975124378109453	0.005099059860838157	0.0051172707889125795
SP018	V	GTT	4	full	84856	76465.96041863177	81197.16969987351	8390.039581368226	30.34100317054029	0.15019808006928675	84701	76353.56887232294	81077.31511098334	8347.43112767706	30.20912691840467	0.1496824792211523	per_gene_GC3_binomial_third_position	GC3_plus_dinucleotide_observed_correction	0.004975124378109453	0.004975124378109453	0.005099059860838157	0.0051172707889125795
SP018	S	AGC	6	full	111356	147656.11474274224	151680.7993646158	-36300.11474274224	-94.46746893538545	-0.4070602157222124	111123	143004.55325545068	146901.4192101142	-31881.55325545068	-84.30717539940706	-0.36390218229299914	per_gene_GC3_binomial_third_position	GC3_plus_dinucleotide_observed_correction	0.004975124378109453	0.004975124378109453	0.005099059860838157	0.0051172707889125795
SP018	S	AGT	6	full	72265	98120.21859059148	83130.08140865316	-25855.21859059148	-82.54085444789088	-0.4412507396339149	72076	94906.11341121623	80406.73290277821	-22830.113411216225	-74.10729727039953	-0.3969796663011324	per_gene_GC3_binomial_third_position	GC3_plus_dinucleotide_observed_correction	0.004975124378109453	0.004975124378109453	0.005099059860838157	0.0051172707889125795
SP018	S	TCA	6	full	68595	98120.21859059148	100923.28089316437	-29525.21859059148	-94.25705536734439	-0.5164438636987693	67409	94906.11341121623	97617.02566556117	-27497.113411216225	-89.25653241134444	-0.4935566982781691	per_gene_GC3_binomial_third_position	GC3_plus_dinucleotide_observed_correction	0.004975124378109453	0.004975124378109453	0.005099059860838157	0.0051172707889125795
SP018	S	TCC	6	full	128215	147656.11474274224	132942.92818821577	-19441.11474274224	-50.59358396095601	-0.20367530776371795	123530	143004.55325545068	128753.96824519245	-19474.55325545068	-51.49826183113188	-0.2111988363390505	per_gene_GC3_binomial_third_position	GC3_plus_dinucleotide_observed_correction	0.004975124378109453	0.004975124378109453	0.005099059860838157	0.0051172707889125795
SP018	S	TCG	6	full	156962	147656.11474274224	161521.86849097934	9305.88525725776	24.217648695780632	0.08817393720803546	154058	143004.55325545068	156432.4015576723	11053.446744549321	29.2295944929033	0.10741215633987727	per_gene_GC3_binomial_third_position	GC3_plus_dinucleotide_observed_correction	0.004975124378109453	0.004975124378109453	0.005099059860838157	0.0051172707889125795
SP018	S	TCT	6	full	199936	98120.21859059148	107130.04165437014	101815.78140940852	325.03927840975206	1.0269121669172183	185536	94906.11341121623	103620.45241868097	90629.88658878377	294.1875857575863	0.9671225038383968	per_gene_GC3_binomial_third_position	GC3_plus_dinucleotide_observed_correction	0.004975124378109453	0.004975124378109453	0.005099059860838157	0.0051172707889125795
SP018	P	CCA	4	full	75838	85259.31149760996	85734.25632546362	-9421.31149760996	-32.26565252787157	-0.16893543598847588	75504	84541.20989381378	85012.43915005997	-9037.209893813779	-31.081369024148927	-0.16310066149347618	per_gene_GC3_binomial_third_position	GC3_plus_dinucleotide_observed_correction	0.004975124378109453	0.004975124378109453	0.005099059860838157	0.0051172707889125795
SP018	P	CCC	4	full	95261	129789.18850239027	114383.34478200124	-34528.18850239027	-95.84170596200055	-0.4462105981697237	94525	128741.79010618641	113460.99700196684	-34216.79010618641	-95.36290975228358	-0.4457105566842319	per_gene_GC3_binomial_third_position	GC3_plus_dinucleotide_observed_correction	0.004975124378109453	0.004975124378109453	0.005099059860838157	0.0051172707889125795
SP018	P	CCG	4	full	130298	129789.18850239027	138972.50365420087	508.81149760972767	1.4123347925020973	0.005644706628346799	129824	128741.79010618641	137851.87739103657	1082.2098938135896	3.0161416110775003	0.012076631830852908	per_gene_GC3_binomial_third_position	GC3_plus_dinucleotide_observed_correction	0.004975124378109453	0.004975124378109453	0.005099059860838157	0.0051172707889125795
SP018	P	CCT	4	full	128700	85259.31149760996	91006.8952383351	43440.68850239004	148.77357161422773	0.5940798876849404	126713	84541.20989381378	90240.6864569373	42171.79010618622	145.04000527824147	0.5838350398283454	per_gene_GC3_binomial_third_position	GC3_plus_dinucleotide_observed_correction	0.004975124378109453	0.004975124378109453	0.005099059860838157	0.0051172707889125795
SP018	T	ACA	4	full	84514	67080.6599525475	67436.6462629662	17433.340047452497	67.31036383869612	0.3332912473302058	84286	66887.98601982494	67243.40758964678	17398.013980175063	67.27064869915822	0.3335436849834667	per_gene_GC3_binomial_third_position	GC3_plus_dinucleotide_observed_correction	0.004975124378109453	0.004975124378109453	0.005099059860838157	0.0051172707889125795
SP018	T	ACC	4	full	72294	100603.84004745253	88646.00200337572	-28309.840047452526	-89.25450310727626	-0.47673474448000824	72095	100357.51398017514	88429.4581264847	-28262.513980175136	-89.21458156316467	-0.47717470775680715	per_gene_GC3_binomial_third_position	GC3_plus_dinucleotide_observed_correction	0.004975124378109453	0.004975124378109453	0.005099059860838157	0.0051172707889125795
SP018	T	ACG	4	full	105859	100603.84004745253	107702.36576682891	5255.159952547474	16.56832710914909	0.07345820089517753	105709	100357.51398017514	107439.27112853274	5351.486019824864	16.89271472221815	0.07494920986552546	per_gene_GC3_binomial_third_position	GC3_plus_dinucleotide_observed_correction	0.004975124378109453	0.004975124378109453	0.005099059860838157	0.0051172707889125795
SP018	T	ACT	4	full	72702	67080.6599525475	71583.98596682867	5621.340047452497	21.704070638509233	0.11609733865734138	72401	66887.98601982494	71378.86315533539	5513.013980175063	21.316457565587775	0.11426169597931475	per_gene_GC3_binomial_third_position	GC3_plus_dinucleotide_observed_correction	0.004975124378109453	0.004975124378109453	0.005099059860838157	0.0051172707889125795
SP018	A	GCA	4	full	142744	132803.2596802616	133584.93232399787	9940.740319738397	27.278115344319797	0.10413916904624121	142491	132339.8265863051	133119.07875390048	10151.173413694894	27.904289330313375	0.1066231162968603	per_gene_GC3_binomial_third_position	GC3_plus_dinucleotide_observed_correction	0.004975124378109453	0.004975124378109453	0.005099059860838157	0.0051172707889125795
SP018	A	GCC	4	full	162199	206626.74031973895	182157.96020623218	-44427.74031973895	-97.73744067402237	-0.34926108949489687	161700	205945.67341369527	181558.11367819482	-44245.67341369527	-97.49772299608671	-0.34894318060766477	per_gene_GC3_binomial_third_position	GC3_plus_dinucleotide_observed_correction	0.004975124378109453	0.004975124378109453	0.005099059860838157	0.0051172707889125795
SP018	A	GCG	4	full	228644	206626.74031973895	221316.7296222108	22017.25968026105	48.43619316033455	0.14607575403598544	228189	205945.67341369527	220587.9331880058	22243.326586304727	49.01436743308249	0.14796508798973224	per_gene_GC3_binomial_third_position	GC3_plus_dinucleotide_observed_correction	0.004975124378109453	0.004975124378109453	0.005099059860838157	0.0051172707889125795
SP018	A	GCT	4	full	145273	132803.2596802616	141800.37784755926	12469.740319738397	34.21787551175974	0.12947556838247162	144191	132339.8265863051	141305.8743798985	11851.173413694894	32.57737390175172	0.1237333761822291	per_gene_GC3_binomial_third_position	GC3_plus_dinucleotide_observed_correction	0.004975124378109453	0.004975124378109453	0.005099059860838157	0.0051172707889125795
SP018	Y	TAC	2	full	68248	58701.28133776692	64218.46679105269	9546.718662233077	39.40309481308617	0.2173930547284529	68162	58603.91837765928	64111.782569365336	9558.081622340716	39.48275123215424	0.21796881212638572	per_gene_GC3_binomial_third_position	GC3_plus_dinucleotide_observed_correction	0.004975124378109453	0.004975124378109453	0.005099059860838157	0.0051172707889125795
SP018	Y	TAT	2	full	28377	37923.71866223303	32406.533208947312	-9546.718662233026	-49.02286245846295	-0.4183719610002016	28302	37860.081622340665	32352.217430634595	-9558.081622340665	-49.12244351655832	-0.41976708021458026	per_gene_GC3_binomial_third_position	GC3_plus_dinucleotide_observed_correction	0.004975124378109453	0.004975124378109453	0.005099059860838157	0.0051172707889125795
SP018	H	CAC	2	full	90925	87189.77357426226	95564.67324337277	3735.226425737739	12.649814545980869	0.06051774855026713	90798	87053.98895765116	95416.17994361592	3744.011042348837	12.689449535762835	0.06074977200442538	per_gene_GC3_binomial_third_position	GC3_plus_dinucleotide_observed_correction	0.004975124378109453	0.004975124378109453	0.005099059860838157	0.0051172707889125795
SP018	H	CAT	2	full	54159	57894.22642573779	49519.32675662719	-3735.22642573779	-15.523845285016119	-0.0962175204854967	54064	57808.01104234883	49445.82005638412	-3744.0110423488295	-15.571953828896913	-0.09660031571388365	per_gene_GC3_binomial_third_position	GC3_plus_dinucleotide_observed_correction	0.004975124378109453	0.004975124378109453	0.005099059860838157	0.0051172707889125795
SP018	Q	CAA	2	full	91866	104166.26494514075	100572.02721562395	-12300.264945140749	-38.11105051738702	-0.1812842802498419	91732	104042.8822672551	100452.85779319885	-12310.882267255103	-38.166557576731655	-0.181680341251287	per_gene_GC3_binomial_third_position	GC3_plus_dinucleotide_observed_correction	0.004975124378109453	0.004975124378109453	0.005099059860838157	0.0051172707889125795
SP018	Q	CAG	2	full	171212	158911.73505485937	162505.9727843765	12300.264945140632	30.855776593090678	0.107557829153986	171036	158725.117732745	162315.1422068016	12310.882267254987	30.900559931408615	0.10776924327344332	per_gene_GC3_binomial_third_position	GC3_plus_dinucleotide_observed_correction	0.004975124378109453	0.004975124378109453	0.005099059860838157	0.0051172707889125795
SP018	N	AAC	2	full	102537	92833.85401240729	101736.2239235334	9703.14598759271	31.846328839782025	0.14342093963668484	102451	92744.16998417239	101637.70260546691	9706.83001582761	31.87381994513852	0.14360482924765156	per_gene_GC3_binomial_third_position	GC3_plus_dinucleotide_observed_correction	0.004975124378109453	0.004975124378109453	0.005099059860838157	0.0051172707889125795
SP018	N	AAT	2	full	51986	61689.14598759291	52786.77607646695	-9703.145987592907	-39.066831247194436	-0.24689133843918415	51921	61627.83001582782	52734.29739453336	-9706.830015827822	-39.101101006170566	-0.24726163489986513	per_gene_GC3_binomial_third_position	GC3_plus_dinucleotide_observed_correction	0.004975124378109453	0.004975124378109453	0.005099059860838157	0.0051172707889125795
SP018	K	AAA	2	full	108739	105293.15964856329	101654.27032285467	3445.840351436709	10.619280029142184	0.04645753372967867	108567	105052.91008298079	101422.33692256536	3514.0899170192133	10.841985600949936	0.047469299444088744	per_gene_GC3_binomial_third_position	GC3_plus_dinucleotide_observed_correction	0.004975124378109453	0.004975124378109453	0.005099059860838157	0.0051172707889125795
SP018	K	AAG	2	full	158506	161951.84035143655	165590.72967714487	-3445.840351436549	-8.562532020794766	-0.031027313173762245	158068	161582.089917019	165212.6630774344	-3514.0899170190096	-8.742109849162622	-0.03172186493744561	per_gene_GC3_binomial_third_position	GC3_plus_dinucleotide_observed_correction	0.004975124378109453	0.004975124378109453	0.005099059860838157	0.0051172707889125795
SP018	D	GAC	2	full	217622	190113.09765996312	208154.39934670372	27508.902340036875	63.090975498486564	0.1949660017971439	217230	189745.01998094202	207752.27048432047	27484.980019057984	63.097221067419156	0.1951608542667292	per_gene_GC3_binomial_third_position	GC3_plus_dinucleotide_observed_correction	0.004975124378109453	0.004975124378109453	0.005099059860838157	0.0051172707889125795
SP018	D	GAT	2	full	96362	123870.90234003717	105829.60065329698	-27508.902340037166	-78.16073071674376	-0.36229942907144425	96156	123640.98001905839	105633.72951568021	-27484.980019058392	-78.16533728159727	-0.3627065393608785	per_gene_GC3_binomial_third_position	GC3_plus_dinucleotide_observed_correction	0.004975124378109453	0.004975124378109453	0.005099059860838157	0.0051172707889125795
SP018	E	GAA	2	full	227820	202476.97398203853	195469.89952101934	25343.02601796147	56.32103778335999	0.17013615683335356	225931	201177.8152338545	194214.70890100874	24753.18476614551	55.18754052633992	0.16741062214325347	per_gene_GC3_binomial_third_position	GC3_plus_dinucleotide_observed_correction	0.004975124378109453	0.004975124378109453	0.005099059860838157	0.0051172707889125795
SP018	E	GAG	2	full	284803	310146.02601796016	317153.1004789795	-25343.02601796016	-45.506701680237285	-0.12298308928491972	283504	308257.18476614385	315220.2910989902	-24753.18476614385	-44.58353286787864	-0.12076522609839377	per_gene_GC3_binomial_third_position	GC3_plus_dinucleotide_observed_correction	0.004975124378109453	0.004975124378109453	0.005099059860838157	0.0051172707889125795
SP018	C	TGC	2	full	79885	81202.71288424227	87233.17921019973	-1317.712884242268	-4.624188432819512	-0.023603146526996945	79714	80920.79825755175	86929.49850820942	-1206.7982575517526	-4.242331437349988	-0.021677292809494614	per_gene_GC3_binomial_third_position	GC3_plus_dinucleotide_observed_correction	0.004975124378109453	0.004975124378109453	0.005099059860838157	0.0051172707889125795
SP018	C	TGT	2	full	55366	54048.28711575792	48017.82078980018	1317.7128842420789	5.667999782272804	0.034751081149024504	55058	53851.20174244843	47842.50149179041	1206.7982575515707	5.2004026954290055	0.031973370624802995	per_gene_GC3_binomial_third_position	GC3_plus_dinucleotide_observed_correction	0.004975124378109453	0.004975124378109453	0.005099059860838157	0.0051172707889125795
SP018	R	AGA	6	full	99297	72698.09336585202	84081.37018055939	26598.906634147977	98.65117778102274	0.44982994574342483	98934	72546.6900418601	83906.8107394306	26387.3099581399	97.96846812742564	0.4475539632286114	per_gene_GC3_binomial_third_position	GC3_plus_dinucleotide_observed_correction	0.004975124378109453	0.004975124378109453	0.005099059860838157	0.0051172707889125795
SP018	R	AGG	6	full	68560	110687.23996748152	97499.39346916639	-42127.239967481524	-126.6234748538236	-0.6910458987677128	68428	110470.97662480673	97309.04919346765	-42042.97662480673	-126.49383500481156	-0.6910046905818883	per_gene_GC3_binomial_third_position	GC3_plus_dinucleotide_observed_correction	0.004975124378109453	0.004975124378109453	0.005099059860838157	0.0051172707889125795
SP018	R	CGA	6	full	100461	72698.09336585202	84293.38727803351	27762.906634147977	102.96827143139447	0.4666433662588123	100291	72546.6900418601	84118.38767297825	27744.3099581399	103.00661758107643	0.4672076976557391	per_gene_GC3_binomial_third_position	GC3_plus_dinucleotide_observed_correction	0.004975124378109453	0.004975124378109453	0.005099059860838157	0.0051172707889125795
SP018	R	CGC	6	full	129843	110687.23996748152	121082.61934992991	19155.760032518476	57.577208966355386	0.2302783594308184	129667	110470.97662480673	120846.2344591136	19196.02337519327	57.75467886680265	0.2311430077393118	per_gene_GC3_binomial_third_position	GC3_plus_dinucleotide_observed_correction	0.004975124378109453	0.004975124378109453	0.005099059860838157	0.0051172707889125795
SP018	R	CGG	6	full	88908	110687.23996748152	97745.24505750713	-21779.239967481524	-65.46270409565246	-0.31610217665293017	88815	110470.97662480673	97554.4208153097	-21655.97662480673	-65.15588937701557	-0.3147905370578222	per_gene_GC3_binomial_third_position	GC3_plus_dinucleotide_observed_correction	0.004975124378109453	0.004975124378109453	0.005099059860838157	0.0051172707889125795
SP018	R	CGT	6	full	63087	72698.09336585202	65453.98466480228	-9611.093365852023	-35.64603964162331	-0.20457326840187967	62918	72546.6900418601	65318.09711969916	-9628.6900418601	-35.74854788044972	-0.2054354589218755	per_gene_GC3_binomial_third_position	GC3_plus_dinucleotide_observed_correction	0.004975124378109453	0.004975124378109453	0.005099059860838157	0.0051172707889125795
SP018	G	GGA	4	full	144412	97247.73193673817	112294.9498590916	47164.26806326183	151.24232967176482	0.5704516979431727	144064	97059.72131196129	112077.80879111374	47004.278688038714	150.87520477031563	0.5697628193599955	per_gene_GC3_binomial_third_position	GC3_plus_dinucleotide_observed_correction	0.004975124378109453	0.004975124378109453	0.005099059860838157	0.0051172707889125795
SP018	G	GGC	4	full	169206	150170.7680632622	163421.2424867659	19035.231936737808	49.120804592749565	0.17217617847329741	168922	149876.27868803905	163100.73065191848	19045.72131196095	49.196133857869974	0.1725846286751241	per_gene_GC3_binomial_third_position	GC3_plus_dinucleotide_observed_correction	0.004975124378109453	0.004975124378109453	0.005099059860838157	0.0051172707889125795
SP018	G	GGG	4	full	104140	150170.7680632622	131923.55335745736	-46030.76806326219	-118.78333664670721	-0.5280775730682565	104020	149876.27868803905	131664.81673605635	-45856.27868803905	-118.44926152226081	-0.5269089974383435	per_gene_GC3_binomial_third_position	GC3_plus_dinucleotide_observed_correction	0.004975124378109453	0.004975124378109453	0.005099059860838157	0.0051172707889125795
SP018	G	GGT	4	full	77079	97247.73193673817	87197.25429668579	-20168.73193673817	-64.67535975637584	-0.3353248076235389	76866	97059.72131196129	87028.64382091221	-20193.721311961286	-64.81818087748158	-0.33652517064913046	per_gene_GC3_binomial_third_position	GC3_plus_dinucleotide_observed_correction	0.004975124378109453	0.004975124378109453	0.005099059860838157	0.0051172707889125795
