sample	AA_A	AA_C	AA_D	AA_E	AA_F	AA_G	AA_H	AA_I	AA_K	AA_L	AA_M	AA_N	AA_P	AA_Q	AA_R	AA_S	AA_T	AA_V	AA_W	AA_Y	codon_TTT	codon_TTC	codon_TTA	codon_TTG	codon_CTT	codon_CTC	codon_CTA	codon_CTG	codon_ATT	codon_ATC	codon_ATA	codon_ATG	codon_GTT	codon_GTC	codon_GTA	codon_GTG	codon_TCT	codon_TCC	codon_TCA	codon_TCG	codon_CCT	codon_CCC	codon_CCA	codon_CCG	codon_ACT	codon_ACC	codon_ACA	codon_ACG	codon_GCT	codon_GCC	codon_GCA	codon_GCG	codon_TAT	codon_TAC	codon_CAT	codon_CAC	codon_CAA	codon_CAG	codon_AAT	codon_AAC	codon_AAA	codon_AAG	codon_GAT	codon_GAC	codon_GAA	codon_GAG	codon_TGT	codon_TGC	codon_TGG	codon_CGT	codon_CGC	codon_CGA	codon_CGG	codon_AGT	codon_AGC	codon_AGA	codon_AGG	codon_GGT	codon_GGC	codon_GGA	codon_GGG	AAA_AAG_ratio	bg	time	dha	rep
Dd2_WT_0h_rep1	0.018783072464532348	0.017765854056303557	0.06461770584740523	0.07009310144260124	0.044426212165577114	0.026939193239146317	0.02431321120146788	0.09391066177071936	0.11789369081511049	0.0766339011518395	0.021754107173686085	0.14622991033483373	0.0192414478980969	0.027424897612386798	0.026036641447076	0.0635684827576461	0.040353520553805616	0.03741567143605959	0.004739219018331301	0.05785949761337483	0.03727596581429889	0.0071502463512782225	0.04815435994675641	0.010401741022261518	0.008760882892582518	0.0017932083189240024	0.006036448203238413	0.0014872607680766424	0.03654983121721201	0.006294090303459321	0.051066740250048016	0.021754107173686085	0.014901932393752468	0.0023685905194776166	0.015488879997268173	0.00465626852556133	0.014571546948809732	0.005165558489642914	0.016630079823244603	0.0030481523301143427	0.0076215869810748954	0.0019760785608143976	0.008724084760950348	0.0009196975952572599	0.01023143220492292	0.004681353954808351	0.02171796135866881	0.003722773035405538	0.007807046173091996	0.0019854653558157623	0.007995659559226306	0.0009949013763982833	0.051765176708949555	0.006094320904425275	0.020955704567249652	0.003357506634218228	0.023773135943022376	0.003651761669364422	0.12623074995252936	0.019999160382304385	0.09652775775863737	0.021365933056473118	0.05610650070811534	0.008511205139289893	0.06000777992733449	0.010085321515266745	0.015525121070034785	0.002240732986268771	0.004739219018331301	0.0029059321854367046	0.000389855691218284	0.00234969757487233	0.000271532060378769	0.020264668581942077	0.003888476583892422	0.01578710109808965	0.004332522837080263	0.011178703219593458	0.001240963196447437	0.011826151919368073	0.0026933749037373516	4.517834887130889	Dd2_WT	0.0	False	1
Dd2_WT_3h_rep1	0.018745153152720715	0.01791445219643504	0.06456241721762628	0.07020689546457262	0.044498834590505174	0.02688672951681276	0.024267816472823472	0.09423364985347106	0.1184931631220286	0.0767136009999414	0.021640601204546566	0.14549166341667907	0.01923976102896233	0.027486279079167154	0.026031132175271518	0.06323686433742977	0.04034208691449163	0.03722168189033849	0.00475589916600366	0.05803131820017267	0.037319104512358404	0.007179730078146771	0.04807195277272533	0.010449208365024915	0.008804910939959897	0.0018126776987190593	0.006072510924354568	0.0015023402991576308	0.036636276320260425	0.006334337100721067	0.05126303643248957	0.021640601204546566	0.014802286562635217	0.002382107268611228	0.015397664780927382	0.004639623278164657	0.014555306437080983	0.0051708867280512456	0.01651111874433006	0.0030184512330419656	0.00762647684105422	0.001999136135557204	0.008684892385704957	0.0009292556666459474	0.010229896274560037	0.004701593258972079	0.021685402739028657	0.003725194641930858	0.007776665544630231	0.0020072364176290007	0.007951188647590195	0.0010100625428712876	0.051888571777740526	0.006142746422432143	0.02090998840892234	0.003357828063901131	0.023809796244747383	0.0036764828344197707	0.12550280304923797	0.01998886036744111	0.09701901195285673	0.021474151169171864	0.05598279943531296	0.00857961778231331	0.06005745423869488	0.010149441225877746	0.015633686994560473	0.002280765201874566	0.00475589916600366	0.0029020921124979157	0.0004012904669866408	0.0023490866156873806	0.0002735756653104443	0.020118198431206876	0.003862902763718627	0.015748767184785746	0.00435632013000339	0.011146327117600847	0.001267687262875527	0.011778655346727895	0.002694059789608493	4.517943977787421	Dd2_WT	3.0	False	1
Dd2_WT_6h_rep1	0.018836249485700746	0.017848746159110678	0.06493256403556644	0.07028394235430149	0.044107452846946296	0.02701882050143289	0.024323322627940118	0.09378472562088935	0.11830213020340068	0.07626269542051504	0.021707847197944666	0.1464027950833414	0.019244748680835824	0.02748563138452616	0.026057486263440156	0.06331351809169104	0.04034333656893108	0.037241589350823535	0.004728023769717104	0.057774374352945274	0.03701089080182123	0.007096562045125061	0.047805417166185755	0.010427699041889943	0.008733729721119198	0.0017958190200023313	0.006011575855158211	0.0014884546161595949	0.036465308067355755	0.006310391608448703	0.05100902594508489	0.021707847197944666	0.014790434762928932	0.0023690497564537007	0.015408340969140384	0.004673763862300523	0.014500010638526914	0.005155876523074037	0.016479831261068147	0.0030288447192697767	0.007601237358364504	0.0019964243720022655	0.008713678943709228	0.0009334080067598259	0.010200663620985035	0.004704477287913186	0.02169748525907458	0.003740710400958283	0.00781673157261444	0.0020156760013850445	0.007992730980154964	0.0010111109315462984	0.05165545781280319	0.006118916540142088	0.020933870399798965	0.0033894522281411547	0.023806587210053073	0.003679044174473089	0.12627236883013035	0.020130426253211032	0.09677244003562312	0.021529690167777563	0.056297067928335	0.008635496107231442	0.06010662342896527	0.010177318925336222	0.015583566704607326	0.002265179454503353	0.004728023769717104	0.002914638946342772	0.0004037853361491536	0.0023530859884562825	0.0002759762560189916	0.020272669099000863	0.0038762858507513038	0.015762700532978156	0.004347299203494804	0.011254426341489033	0.0012787259016854625	0.011802517880588174	0.00268315037767022	4.4948366317160335	Dd2_WT	6.0	False	1
Dd2_WT_16h_rep1	0.01943196616061755	0.01770569670883608	0.06425897805894665	0.0702646139050317	0.04416962246231703	0.027469072541387703	0.024310660214513235	0.09394784283379184	0.11789002862816222	0.07673604641601196	0.021887008668437544	0.14497677763332198	0.01926637985405772	0.02744210030497608	0.026261808687215997	0.06345304220490368	0.040480037441791517	0.037786670178521393	0.004690260371826964	0.057571386725330985	0.037048501492111134	0.007121120970205896	0.048193133710154164	0.010482573257586211	0.008786058069684181	0.001786630020459767	0.006024611600780114	0.001463039757347512	0.03666979300490802	0.006333226805472066	0.050944823023411766	0.021887008668437544	0.015139473332377838	0.002415763179089108	0.015568087909210075	0.004663345757844371	0.014625297324768794	0.005145040837202171	0.016677314246779106	0.0030091297489744768	0.007609069668688046	0.001971334781882503	0.008774778810469565	0.000911196593017605	0.010410502924252012	0.004712954381964722	0.021627385277924384	0.0037291948576504033	0.008179808551177118	0.002068214670554609	0.008176196439506761	0.0010077464993790632	0.051436446602327386	0.006134940123003598	0.020862890646689173	0.003447769567824061	0.023782569900035935	0.0036595304049401463	0.12498768379863519	0.019989093834686795	0.09642968584712963	0.02146034278103259	0.05574326514276293	0.008515712916183716	0.06024061616961091	0.01002399773542079	0.015445450076288898	0.0022602466325471826	0.004690260371826964	0.0029261960509043548	0.0003905068525032204	0.0023532415575234695	0.0002710328537206232	0.02010171463811978	0.003894545409059351	0.01595337805871242	0.004367453313851911	0.011415479447146803	0.0012519772655343315	0.012095809323592156	0.002705806505114415	4.493389822848385	Dd2_WT	16.0	False	1
Dd2_WT_24h_rep1	0.01857873278469431	0.01776481540161003	0.06372243504296186	0.06969349168120532	0.04511770156669533	0.026540465446296364	0.02441982575521572	0.09550590777779469	0.11877224853156418	0.0775194461022008	0.021754977890516454	0.1447684398861455	0.019005212750169486	0.027481902319141993	0.026055506156009843	0.06281448935961137	0.04001388148637594	0.03721709348792116	0.0046731768545064546	0.05858024971936324	0.03777323395139598	0.007344467615299352	0.04859598224936332	0.010539093342359734	0.008889048483015879	0.0018315194200184653	0.006156903274066308	0.0015068993333771001	0.03708637057219801	0.006472849803209625	0.05194668740238706	0.021754977890516454	0.014898610931523141	0.0024220380158090377	0.015304975788742904	0.004591468751846082	0.014646564677431586	0.005156466821370613	0.01644019620111281	0.002975961990015159	0.007542829158880656	0.001946333237230497	0.008620479142173787	0.0008955712118845475	0.010165112101229501	0.0046965999386047634	0.021468278359218333	0.003683891087323343	0.007816924723338505	0.0020088636411114526	0.007797418979772453	0.0009555254404719018	0.05232935492420202	0.006250894795161213	0.020976776515678038	0.003443049239537681	0.023828931837001726	0.0036529704821402667	0.12482198827457251	0.019946451611572966	0.0972266093297515	0.021545639201812676	0.05524216591777489	0.00848026912518698	0.05977450714860159	0.009918984532603734	0.015519050933844012	0.0022457644677660172	0.0046731768545064546	0.0028407826129868683	0.00038763992793714033	0.00231417862032041	0.00027316300486734935	0.019732688938583712	0.0038626107310974966	0.015851766695345017	0.004387975294553057	0.010883821440248867	0.001231544071892638	0.011756012849683676	0.0026690870844711854	4.512588761886054	Dd2_WT	24.0	False	1
Dd2_WT_32h_rep1	0.018609232269255593	0.01754831596653059	0.06400226410725499	0.06971242280181184	0.044808771730077704	0.026801433965000857	0.02448024319983609	0.09438429493521472	0.11811746833749698	0.07673691870396335	0.02197708576421393	0.14593068094397108	0.019140223864680044	0.02751006857370379	0.025924249427745582	0.06364247128463968	0.040307552073302534	0.037131544736397244	0.004699278184583699	0.05853547913031958	0.03738576569750161	0.00742300603257609	0.04793812170616573	0.010518687658395512	0.008816267720035137	0.0018322660238215276	0.006123674200825342	0.0015079013947201082	0.03659204207860062	0.006433983901845034	0.051358268954769075	0.02197708576421393	0.014808671494655616	0.0024132532396075614	0.01529007453721326	0.004619545464920805	0.014908826915789937	0.005206422764004745	0.01655465349256718	0.002997486567567453	0.007625308847891891	0.0019596800818132984	0.008666798071025952	0.0008884368639489025	0.010285646446366693	0.0047171896684847035	0.02160920605703628	0.0036955099014148608	0.007787992545512491	0.001974228316876464	0.007881706601485577	0.0009653048053810612	0.05223113521457262	0.006304343915746964	0.021028989464757453	0.00345125373507864	0.023847000454751587	0.003663068118952205	0.12577851513858337	0.020152165805387697	0.09649014806328193	0.02162732027421504	0.055478382860914874	0.00852388124634011	0.05970010881869474	0.010012313983117093	0.015318400667729389	0.0022299152988012	0.004699278184583699	0.0028107728240720077	0.00038352044495790607	0.0023160042026910462	0.00027178906838688154	0.02005991071029599	0.003915170834414367	0.015803492886250534	0.004338670001387205	0.01100893571982628	0.0012403865671618464	0.011855288377155753	0.002696823300856978	4.461493464741508	Dd2_WT	32.0	False	1
Dd2_WT_48h_rep1	0.018759526888444053	0.017831349096068087	0.06471179997704089	0.07018144591577154	0.04428602421547761	0.026984954080288216	0.024343653533305983	0.09394336141442758	0.11823458968814754	0.07636238211003608	0.021746863793722954	0.14626293724431205	0.019259194860106736	0.0274298626243029	0.02601812640793018	0.06334306280780963	0.04030618835740125	0.03732318425957154	0.004738233189955956	0.05793325953587927	0.037156291539260075	0.0071297326762175305	0.04789487873192356	0.010423880114645121	0.008751533995491645	0.0017885980294625556	0.00601496899885252	0.0014885222396606717	0.036519732764622975	0.006318347959781011	0.05110528069002359	0.021746863793722954	0.014854889155549975	0.0023759695824374207	0.01543407614084421	0.004658249380739935	0.014543147523557735	0.00515966627571425	0.016529007484557965	0.0030259814273303686	0.007623939156208143	0.001995684365397151	0.00871850580695494	0.0009210655315465015	0.0102083468488438	0.004691394904882984	0.02167609941681579	0.0037303471868586685	0.007798006515102361	0.0019988894451404625	0.007960570707004814	0.0010020602211964155	0.051801925021894006	0.00613133451398527	0.02095376771433782	0.0033898858189681633	0.023759348735693537	0.003670513888609363	0.12616922797957164	0.02009370926474041	0.09675007217619787	0.02148451751194967	0.05613393900986395	0.008577860967176946	0.06002798490768068	0.010153461008090853	0.015564513879923346	0.0022668352161447423	0.004738233189955956	0.0028989476971590425	0.00039753038633568366	0.0023371209525073246	0.0002722824680395785	0.02022142516154337	0.0038638349351059437	0.015757431836686486	0.0043548130672020615	0.011197402640976274	0.0012643241525382223	0.011827934307949253	0.0026952929788244652	4.503246215437958	Dd2_WT	48.0	False	1
Dd2_WT_0h_rep2	0.01898901370285412	0.01789038263363224	0.0647622299119499	0.06948124817440879	0.04465119685373281	0.027285628191402636	0.024227942780316893	0.09375289544305282	0.1173775068977049	0.07678048746259826	0.021712192623353867	0.14609468236842243	0.019292293925835025	0.02731278263586749	0.02607376929346898	0.06385443716217763	0.04048501839520031	0.037347313071305996	0.004825720046360841	0.05780325842635403	0.037431901436139114	0.007219295417593694	0.048265902775281	0.010398164687267156	0.008785427822065803	0.0018104069933482694	0.006030458512382997	0.0014901266722530326	0.03656343303665434	0.006280655573412087	0.0509088068329864	0.021712192623353867	0.014861767696121126	0.0023707182463588773	0.015442274998360293	0.004672552130465702	0.014634881313848514	0.005168154040643907	0.016702259398186977	0.003061235382799027	0.007639997330179182	0.001996396781636088	0.008724774790091016	0.0009311250239287385	0.010277461649154376	0.004723821032883916	0.02174812160606041	0.0037356141071016114	0.007903584359734393	0.002004792081258925	0.008076327208502819	0.0010043100533579877	0.0517097261007157	0.006093532325638333	0.020863595502659964	0.00336434727765693	0.023671119107596388	0.003641663528271103	0.12613083965221195	0.019963842716210496	0.09609559335597279	0.021281913541732114	0.056198897748499545	0.008563332163450347	0.05950004108658496	0.009981207087823823	0.015622282388488153	0.0022681002451440894	0.004825720046360841	0.0029167194520894704	0.00040096003767304725	0.0023464924191892935	0.00027394490006708524	0.020397958214871812	0.0038899488118274	0.015826167207023765	0.0043094852774263155	0.011394388125202135	0.001262525667699914	0.011900157906345925	0.0027285564921546647	4.51536433354722	Dd2_WT	0.0	False	2
Dd2_WT_3h_rep2	0.019398708015968727	0.01796161365050586	0.06455165408807129	0.0698535817981264	0.044483430031319285	0.027622601028237114	0.024231389456732626	0.09363598170713582	0.11708592388831096	0.0768446244821301	0.021753122637018434	0.1447678271081446	0.019636370742810442	0.027456975693074724	0.026164004511586465	0.06367580895666655	0.040709285447888495	0.03770882378362524	0.004872029083040229	0.05758624388960667	0.03729786393177474	0.007185566099544543	0.04823222182532658	0.010478338980725454	0.008802453200564423	0.001802331222251115	0.006038348864644183	0.0014909303886183496	0.036563742853808576	0.006299906022891918	0.05077233283043532	0.021753122637018434	0.015066758074909627	0.0024026158909865015	0.015551868344997041	0.0046875814727320685	0.014615639502752421	0.005201504181567537	0.016666157658547134	0.0030432361568152404	0.007728293181564219	0.0020422671721114813	0.008917972336569508	0.0009478380525652315	0.010350414803574437	0.004782308160471988	0.021825660184155972	0.0037509022996860997	0.008078817282489843	0.0020793276167107833	0.008209992330862366	0.0010305707859057356	0.051479485226846367	0.006106758662760304	0.020859629037179934	0.0033717604195526935	0.02378388895458171	0.003673086738493014	0.12485161099695631	0.019916216111188285	0.09582230649397566	0.021263617394335292	0.05598402145670564	0.008567632631365644	0.05976206538700166	0.010091516411124732	0.015661979894116773	0.002299633756389087	0.004872029083040229	0.002956368110948668	0.0004061449012481831	0.0023581298066148943	0.0002752392199412114	0.02027934071291081	0.003869930744073414	0.015849067349315828	0.00431905512351768	0.011540276095363459	0.0012901066363616772	0.012079354806836364	0.0027128634896756115	4.506397228512167	Dd2_WT	3.0	False	2
Dd2_WT_6h_rep2	0.019462255351566832	0.017935937357429342	0.06467429483341422	0.06992760578343965	0.044290978464375345	0.027709169964491014	0.024309171656542117	0.09345983577506688	0.11717041079956164	0.07664746391854371	0.021782113756164918	0.1450100823010548	0.019632728795880544	0.027472955833114293	0.026196700544434414	0.06362531778699562	0.04067457670764591	0.03766777623936875	0.004863553828908363	0.05748707030200169	0.037123085552001105	0.007167892912374242	0.04807331417208889	0.01047763272289588	0.008786765231014182	0.0018034805458556952	0.006022221914639467	0.0014840493320495923	0.03647686063427361	0.006309896086274622	0.05067307905451864	0.021782113756164918	0.015032190976482783	0.0024005169844892142	0.015525259819709382	0.004709808458687371	0.014596595843274177	0.005196602619027918	0.016603133107679666	0.0030410130356763785	0.007723889415970787	0.002044096836067987	0.00891362154336367	0.0009511210004780987	0.010347127808758546	0.004794041726608911	0.02177618938753157	0.0037572177847468866	0.008103681188885542	0.0020973236345804658	0.008227869470221933	0.0010333810578788919	0.05137352129361189	0.006113549008389801	0.020897148640416363	0.003412023016125754	0.02379013144080953	0.0036828243923047624	0.12498405506535337	0.020026027235701443	0.09583066482557531	0.021339745973986336	0.056054681829490596	0.008619613003923629	0.05980848213654637	0.010119123646893277	0.01563428067478813	0.0023016566826412144	0.004863553828908363	0.002956183075956455	0.00040980393515445147	0.002359758981914674	0.0002745007761144336	0.020313877287691157	0.0038740958936463207	0.015867546638651763	0.004328907136642638	0.011588392199010823	0.0013075616326549567	0.012106096531003764	0.0027071196018214694	4.490712539052489	Dd2_WT	6.0	False	2
Dd2_WT_24h_rep2	0.019431117106935625	0.017794620530077618	0.06389315469582318	0.06986198099773487	0.04480228266142623	0.027510341926185754	0.024316125268671242	0.09447219935410855	0.11754124926203857	0.07734095271019095	0.02184214158773769	0.14374011988358543	0.019466382137878397	0.027447185623095102	0.026368119059139123	0.06325087014717379	0.04037085041938051	0.037870823280425646	0.00478738006862443	0.05789210327976729	0.03750744120356764	0.007294841457858593	0.048529809870143346	0.01055773097399846	0.008851769595626573	0.001811673492838037	0.006102005818172189	0.001487962959412346	0.03683933861802207	0.006409581127848778	0.0512232796082377	0.02184214158773769	0.015229271745753854	0.0024574425009575218	0.015530742491049363	0.004653366542664906	0.014710627561724025	0.0051795035352966414	0.016575168257309477	0.0029963852822076182	0.007670629179397511	0.0019950134955033037	0.008893790555959511	0.000906948907018072	0.010353260211069951	0.004773300294316717	0.021539959281213467	0.0037043306327803776	0.00823692172896442	0.0021020227321668994	0.008103131644341222	0.0009890410014630822	0.051678977582552556	0.00621312569721474	0.020855396684366857	0.003460728584304386	0.023786941451850757	0.0036602441712443455	0.12383946997048656	0.019900649913098856	0.09609324745408346	0.021448001807955107	0.05538354499165377	0.008509609704169413	0.05989144245002448	0.009970538547710395	0.015521234052502152	0.002273386477575465	0.00478738006862443	0.002912067379207077	0.0003939349575410485	0.002348217319726772	0.00027277662086196906	0.019914663760122964	0.003874521750513071	0.01605408186584552	0.004387040915956736	0.011393346018708258	0.0012600110066097346	0.012144872871667264	0.0027121120292005	4.480289041119079	Dd2_WT	24.0	False	2
Dd2_WT_32h_rep2	0.019023384050959345	0.01758744721473862	0.06388879793421329	0.06958426707834509	0.044965505780384114	0.02721141396265254	0.024437454874789828	0.09404954795688625	0.11759218557402498	0.0769960552645954	0.021959551146733647	0.14486756969819772	0.019412672787057328	0.027570155405627794	0.025977422156428183	0.06382050456246414	0.04058291125543262	0.03739319223686854	0.00478196325772465	0.05829799780187589	0.03747260996906115	0.007492895811322968	0.04806278106945448	0.010558935987375897	0.008871902023660104	0.0018478383565478712	0.006147771725668571	0.001506826101888467	0.03649596927690582	0.006451213396875505	0.051102365283104925	0.021959551146733647	0.01494006751094492	0.002442686024237467	0.015363975298097302	0.004646463403588852	0.014955582710904866	0.005234812222386686	0.016614298669718818	0.003000196984564086	0.007704818820078366	0.0019990290116929164	0.008802053704542456	0.0009067712507435913	0.010381587852698557	0.00479017130287564	0.021709643206271577	0.0037015088935868482	0.007978515259498983	0.0020272079312879197	0.008029629359830912	0.0009880315003415324	0.05197582230939858	0.0063221754924773065	0.0209751696563653	0.0034622852184245287	0.023901019092290376	0.003669136313337419	0.12476281191076341	0.020104757787434306	0.09606914408951739	0.021523041484507593	0.05533797670640427	0.008550821227809013	0.059596508247586055	0.009987758830759032	0.015340200508872656	0.0022472467058659625	0.00478196325772465	0.00283625251020629	0.00039051603635757655	0.002322103624589857	0.0002724890767210112	0.020095400941247378	0.0039202130336423125	0.015841858960368396	0.004314201948185051	0.011209835597366333	0.0012648961767669864	0.012035340262539817	0.002701341925979403	4.463548711675741	Dd2_WT	32.0	False	2
Dd2_WT_48h_rep2	0.01920243956474248	0.017845400713222596	0.06489072602767584	0.07019618999119728	0.044064533838770854	0.027571045421496573	0.02437413021517118	0.09324095098862735	0.11751812535235437	0.07614015265864581	0.021760755214443567	0.14574386408095197	0.01963023339618682	0.027532130180959683	0.026157152625918917	0.0635959211561643	0.040644685163866594	0.037586180823716266	0.004838080307471248	0.05746730227841636	0.03692417550559536	0.007140358333175493	0.047645879576278125	0.010433226008552928	0.00874505977920331	0.0018042633786830367	0.006022748296231795	0.0014889756196966096	0.03627629822280137	0.006324516359882243	0.05064013640594373	0.021760755214443567	0.014980825615483223	0.00238579946003189	0.015502768149167677	0.004716787599033473	0.014581580024709884	0.005176680262891704	0.016537343911733213	0.003037709597901079	0.0077284269507568604	0.002052346147660807	0.008908780191267607	0.0009406801065015458	0.010309746411450627	0.004785445816028837	0.021797127040711788	0.0037523658956753426	0.007959899118632778	0.0020609432802348596	0.008152870356438318	0.0010287268094365204	0.05134817919634552	0.006119123082070838	0.02094421291869187	0.003429917296479309	0.023853830132310384	0.0036783000486492997	0.12554758640219274	0.02019627767875924	0.09608645866571555	0.02143166668663882	0.056192596802540594	0.008698129225135248	0.06001598942098191	0.010180200570215377	0.015543879371012226	0.0023015213422103707	0.004838080307471248	0.0029472638736054795	0.00040982181176333086	0.002352928571095649	0.0002795643302327855	0.020364125643426607	0.0038984817155018163	0.01582908335265556	0.004338490686566115	0.011506620148883043	0.0013037497396140656	0.012052844181969807	0.0027078313510296545	4.483387133191041	Dd2_WT	48.0	False	2
Dd2_WT_0h_rep3	0.019325127688874455	0.018171182039013745	0.06415758270444825	0.06923365902933697	0.04513599852753432	0.027718940029151533	0.024188924685960095	0.0941553245152767	0.11682398373852587	0.07733425913138389	0.021674790462618627	0.14394634794815264	0.019611369648682434	0.027231678484084535	0.0261516520868246	0.06384438906031663	0.04067147552085898	0.0377143104082218	0.004974909339127454	0.057934094951606535	0.037835397187938484	0.007300601339595832	0.04854447759978083	0.010526609461899447	0.00886994587409982	0.0018293386330782068	0.006065778507161901	0.0014981090553636777	0.036825526993271226	0.0063149453641592026	0.05101485215784626	0.021674790462618627	0.015050607756549898	0.002407712003571601	0.015558758213698589	0.004697232434401709	0.014772675576407641	0.005213181035451267	0.016700899345520617	0.003069283621379816	0.007775305414553525	0.0020397085228312903	0.008844699995226666	0.0009516557160709516	0.01040028224123895	0.004770214027303997	0.021765497707082863	0.0037354815452331695	0.008085621063456377	0.0020619401779704907	0.008165499450799281	0.001012066996648303	0.051821410619923715	0.006112684331682824	0.02084088698705878	0.0033480376989013134	0.023570215814825282	0.0036614626692592525	0.12424565253875842	0.019700695409394228	0.09557242930332473	0.02125155443520114	0.05565605036258449	0.008501532341863767	0.05921605439275705	0.010017604636579918	0.015850950585494426	0.0023202314535193196	0.004974909339127454	0.0029531316962351484	0.00040120706922959016	0.0023560724878022425	0.0002779494024156777	0.020245378738314192	0.003842970743243088	0.01583669959655467	0.004326591834587272	0.011558551576720871	0.0012806684945885613	0.012091398306369265	0.0027883216514728373	4.497197115379864	Dd2_WT	0.0	False	3
Dd2_WT_3h_rep3	0.018940203047619765	0.017914809046501914	0.06449112872042792	0.06989142625693946	0.04448952191168366	0.02702200368051633	0.024332035706754213	0.0941082608309484	0.11809024249405081	0.07667040948189949	0.021723547777976547	0.14568098445619776	0.019352066289833245	0.027476919085644546	0.026009521540282785	0.06338658822614159	0.04043909961742051	0.037315731927559166	0.004785653229875258	0.05787984667172677	0.037291992883804005	0.007197529027879655	0.04805057223773174	0.01045022263942988	0.008804149172723527	0.0018154660673970911	0.006052508349436073	0.0014974910151811756	0.03661953691905508	0.006338638566608876	0.051150085345284445	0.021723547777976547	0.014867998399882431	0.0023831574043144638	0.015402412660853019	0.004662163462509257	0.014597108753192756	0.005190737951464706	0.016555694364144998	0.0030319777202817886	0.007656847315580981	0.0020147475611996023	0.008744886418373805	0.0009355849946788571	0.010245916419382167	0.004736257206344368	0.021719903309804254	0.0037370226818897153	0.007863352127006696	0.0020376345320361846	0.008029745767468835	0.0010094706211080519	0.05174623232789796	0.006133614343828809	0.020935695359220817	0.003396340347533394	0.023806207001063142	0.003670712084581405	0.12560531327072336	0.02007567118547441	0.09667179508021173	0.021418447413839085	0.05589106931391379	0.00860005940651413	0.059792202381350815	0.010099223875588651	0.015622938217120224	0.0022918708293816893	0.004785653229875258	0.0029188317651789924	0.0004013921256033667	0.002346416473746397	0.0002720357424191023	0.020141452381802608	0.003869617055254726	0.01574390844070988	0.004326936992625048	0.011213220576103893	0.0012757157753731311	0.011840977856706063	0.0026920894723332445	4.513482850197128	Dd2_WT	3.0	False	3
Dd2_WT_6h_rep3	0.0188820972213943	0.017893412416167178	0.06459771003311418	0.07021009613374954	0.044298017911462234	0.027033974435722436	0.024381578190693243	0.09402671183348195	0.1184227121761746	0.0764546275993038	0.02169436903694365	0.1457342018347956	0.01934383328707756	0.027516935127547257	0.025989374229560554	0.06323294056723591	0.04037611270601453	0.037287812825015976	0.004756242119231386	0.05786724031531395	0.03713816915034071	0.0071598487611215225	0.04785113739191411	0.010454754593556357	0.0087894653391115	0.0018165719061530557	0.006044779149577275	0.0014979192189914935	0.03655512726269764	0.0063471200105742216	0.05112446456021009	0.02169436903694365	0.014850479689800161	0.0023880104006255847	0.015375192353139156	0.004674130381451075	0.01456295201859	0.005177143461820222	0.01650247036470591	0.003017953086412629	0.007649092358654172	0.002011786205935277	0.008747476962620052	0.0009354777598680622	0.01022896532136419	0.0047179966117503296	0.02169069662960179	0.0037384541432982235	0.007840869832619245	0.0020341480753555854	0.0079984469438705	0.0010086323695489695	0.05171797059407506	0.006149269721238884	0.02096400912628275	0.0034175690644104926	0.02383548510407073	0.003681450023476525	0.12562289627042017	0.02011130556437544	0.09691980951473786	0.021502902661436746	0.055953705507746344	0.008644004525367843	0.06004541362656401	0.010164682507185533	0.015606966966620906	0.002286445449546272	0.004756242119231386	0.0029123104320985973	0.0004064062017100688	0.0023453605476643122	0.0002747228692567902	0.020106172333200868	0.003866249302506284	0.015714896968242655	0.004335677210588129	0.011212787369076944	0.0012876940018384767	0.011839469096239681	0.002694023968567333	4.507289599024862	Dd2_WT	6.0	False	3
Dd2_WT_24h_rep3	0.0189060731733133	0.01779421219775892	0.06353735389361621	0.06936578579833594	0.045289750305046464	0.026975615178345465	0.024418549384050872	0.09533054681754441	0.11793786031092181	0.07768459851513113	0.021801171510663443	0.14402989946268058	0.01928715173827101	0.02745300852505881	0.026174090797300847	0.06308123747472896	0.0402016558123677	0.03752029715415642	0.004748988232396737	0.05846215371831071	0.03789649963633811	0.007393250668708359	0.04869638179926136	0.010582949208429018	0.008891264668049443	0.001835482290779642	0.006161923420966451	0.001516597127645213	0.03706444906417919	0.006466879030748429	0.051799218722616794	0.021801171510663443	0.015056922146211566	0.002451285401948807	0.015392419739397756	0.0046196698665982895	0.0147607956905184	0.005194685423690869	0.016517490502285487	0.002992612683867738	0.007644705128788681	0.001973708966868197	0.008771799964216332	0.0008969376783977985	0.010243651845746295	0.004731800489735335	0.02151661845164681	0.0037095850252392547	0.007985570782907948	0.0020424312523922745	0.007914562119687498	0.0009635090183255834	0.05219607308248267	0.006266080635828041	0.02096273885325126	0.0034558105307996123	0.023783656003800217	0.0036693525212585934	0.1241398420790614	0.019890057383619195	0.09645611158057327	0.021481748730348537	0.055071444475027834	0.008465909418588378	0.05943937574304906	0.009926410055286883	0.01553166408142144	0.002262548116337482	0.004748988232396737	0.0028510298705766855	0.00038603143041508644	0.0023343073500727315	0.0002740790660519613	0.01974486584329629	0.0038707873310701926	0.01593329946801739	0.004395343612166993	0.011069312796699789	0.001241382511522055	0.011947889424143952	0.0027170304459796673	4.490142436323352	Dd2_WT	24.0	False	3
Dd2_WT_32h_rep3	0.018793563648814453	0.017630420174236987	0.06356885837495012	0.06965036980088007	0.04500847220596879	0.026960786252717233	0.024515619707851436	0.09444533409657357	0.11789039230326015	0.07694758892199428	0.02196354498633283	0.14458298261613584	0.01942992612523427	0.02766806017191087	0.025819706116449397	0.06396610181600439	0.04064494188356117	0.03724018568938611	0.004783776312045257	0.05848936879569294	0.03746593053247657	0.007542541673492219	0.047811496647325424	0.010602069772919201	0.008922602795680473	0.0018812431505332507	0.006190101383121345	0.0015400751724145847	0.03654121248004787	0.006475518899165825	0.051428602717359884	0.02196354498633283	0.014839390083907772	0.0024417151113336503	0.015318580661765238	0.004640499832379453	0.015064650816588471	0.005282823142490797	0.016656219707728837	0.003008659723503097	0.007778211836632524	0.0020005766192748133	0.008737257817422605	0.0009138798519043279	0.010389813605532663	0.004748130840848654	0.02179263163710915	0.0037143658000707005	0.007833898612641116	0.0019933554278703503	0.00797521019053047	0.0009910994177725154	0.05208283898037305	0.0064065298153198925	0.02101752218121149	0.0034980975266399464	0.0239770628853093	0.00369099728660157	0.12442674515149241	0.020156237464643435	0.09630928145136504	0.021581110851895107	0.05497762273342422	0.0085912356415259	0.05960288679040445	0.010047483010475622	0.015356412671478423	0.0022740075027585646	0.004783776312045257	0.0028316769316840394	0.0003959192576742951	0.0023218901246209655	0.0002717758820689108	0.0199946671801966	0.003959081245496586	0.01568233828780548	0.004316105632595704	0.010986126121896875	0.001278981604883726	0.011971887557578375	0.0027237909683582562	4.46266562051915	Dd2_WT	32.0	False	3
Dd2_WT_48h_rep3	0.019076843676018654	0.017875382897393766	0.06440721503151232	0.06981335392588728	0.044517299687799265	0.02722615184571434	0.024383018388063633	0.09403551921443148	0.11772815032394851	0.07671658580188875	0.021750187306821062	0.1454283954275618	0.01942442578055321	0.02746922076975266	0.02606658949425955	0.06346773542554693	0.04049570130159902	0.03745417171212664	0.004798675701545536	0.057865376287575675	0.03730727877758907	0.007210020910210197	0.04801192865137229	0.010489238400556263	0.008832579307809181	0.0018173552497500647	0.006067098293534231	0.0014983858988667277	0.03656875405711989	0.006362369835770987	0.05110439532154062	0.021750187306821062	0.014935608834475684	0.0023957144045669222	0.015458290832832974	0.0046645576402510516	0.014614425937399114	0.005193248213420119	0.01657969294738921	0.0030302882090876954	0.0076833483796480626	0.002019039072577586	0.00878336665569633	0.0009386716726312337	0.010261601076538824	0.004744853790699847	0.021758160713702384	0.0037310857206579555	0.00794219309312521	0.00205172000944742	0.008075302834131196	0.0010076277393148295	0.051695539683169714	0.006169836604405958	0.020959981009930406	0.003423037378133227	0.02378820933973399	0.003681011430018671	0.12533880864559396	0.020089586781967837	0.09629491808533483	0.021433232238613674	0.055809497906580005	0.008597717124932321	0.059708596119534364	0.01010475780635292	0.015580908892442506	0.0022944740049512607	0.004798675701545536	0.002925634954381575	0.0004023674465182198	0.002348380281918811	0.0002731002592155877	0.02015651498246719	0.0038935651357835965	0.015782401857996932	0.004334704694228426	0.011282055324905959	0.0012931798817923887	0.011939984993357638	0.0027109316456583542	4.4927856430283	Dd2_WT	48.0	False	3
Dd2_WT_3h_DHA_rep1	0.018772390285545185	0.01774651247855119	0.06503782231209643	0.07036503032018128	0.044043316040721585	0.027035863856042466	0.024274820578345117	0.0934716315033246	0.11789684814441273	0.07623248000955186	0.02176699881220692	0.14695708310946656	0.019257722221655983	0.02747160334294359	0.026049879261570985	0.0635885297104054	0.0403508940796808	0.03729971174023567	0.004746017070026022	0.0576348451230358	0.03696632009720621	0.007076995943515371	0.04792979946588413	0.010358808861874458	0.008710225540015394	0.0017714511564915973	0.005991953016445234	0.0014702419688410614	0.03641352575746579	0.006262275745699661	0.05079583000015916	0.02176699881220692	0.014840963507640423	0.0023532172080547842	0.015467141343708034	0.004638389680832429	0.014526823045573943	0.00515507818791061	0.016585431528142045	0.003029180277478047	0.007598356522717014	0.001976711445669274	0.008761546511724626	0.0009211077415450676	0.01022462105119528	0.004695992900734548	0.02170794573535774	0.0037223343923932337	0.007788887852854201	0.001985208437112388	0.00799965057429037	0.0009986434212882268	0.05157780728524363	0.006057037837792168	0.02091592598584573	0.0033588945924993866	0.023803544278788218	0.003668059064155374	0.12685229893126782	0.020104784178198748	0.09649327632720235	0.021403571817210375	0.056506402205549686	0.008531420106546735	0.060217267906469196	0.01014776241371208	0.015501673572675586	0.002244838905875604	0.004746017070026022	0.0029029475427292373	0.00039429418653639327	0.002337774324554006	0.00026863278528655837	0.020400604355902685	0.0038914123153980817	0.015814575692056854	0.004331654730407937	0.011264684159446838	0.0012404980795882553	0.011855497414755499	0.002675184202251874	4.508279139167472	Dd2_WT	3.0	True	1
Dd2_WT_6h_DHA_rep1	0.018979682095956178	0.017752378381874736	0.06506007755446046	0.07057872165551782	0.04396857140680754	0.02731960433584854	0.02422364862058445	0.09330400001201143	0.11779644873464991	0.07633295995961115	0.021763733102165568	0.14596944588072916	0.019404337979906216	0.027474211472699437	0.026214658685722994	0.06370084724891817	0.040435152274477706	0.037440449515512786	0.004824638951627261	0.05745643213091875	0.03690407757574676	0.007064493831060774	0.04799041963400318	0.010381047215289355	0.008707140978106969	0.0017750019815803973	0.0060091569003741015	0.001470193250257141	0.03639587708061981	0.006251195192364747	0.05065692773902687	0.021763733102165568	0.014938522612367252	0.002362336264292541	0.015511816726908384	0.004627773911944611	0.014571579415041957	0.005166967966342364	0.016634298160097875	0.0030349381441811775	0.00765353328278064	0.001986762978989385	0.008834871074433913	0.0009291706437022755	0.010278128923887771	0.004712785460701728	0.021720752047243327	0.003723485842644886	0.007883129726405933	0.0020078713085586296	0.008079421116583694	0.0010092599444079206	0.05140551241020381	0.006050919720714938	0.020879905847051537	0.0033437427735329116	0.02380072016262525	0.003673491310074187	0.12601370482324856	0.0199557410574806	0.09640124711345521	0.021395201621194695	0.05651791633191407	0.008542161222546387	0.060389320121774975	0.010189401533742839	0.015502587385723594	0.0022497909961511436	0.004824638951627261	0.002919973451481379	0.00039305546034795286	0.0023502385611802066	0.0002685156000345638	0.020403952875865942	0.0038891106873888527	0.015932669850538345	0.004350205762140548	0.011382719693281435	0.0012523042339633085	0.011989733996377715	0.0026948464122260795	4.505741465785365	Dd2_WT	6.0	True	1
Dd2_WT_24h_DHA_rep1	0.01925077996787491	0.01780620415521052	0.0646204969733757	0.07076696558547228	0.04401250350032146	0.027625358387010426	0.024245087566039117	0.09344907697694015	0.11790748793150635	0.07661279038736499	0.021696858829542177	0.14435104113513758	0.019695832671482286	0.027516505110500536	0.026303434651163648	0.06360480291973941	0.04059070221467719	0.03759736117887115	0.004885948554017241	0.05746076130375255	0.03690118663347805	0.007111316866843412	0.04813185678354264	0.010397322967258689	0.008766880660914248	0.0017987132250306714	0.00604834572969848	0.0014696710209202541	0.03643101087718497	0.006281421792033388	0.05073664430772179	0.021696858829542177	0.015034575754883801	0.002392870105411321	0.015540475350959683	0.004629439967616345	0.014660302988394566	0.005155638310005062	0.016657755163614476	0.003012421020177171	0.007781520194430819	0.0020167537246854233	0.008959372931688206	0.0009381858206778406	0.01035579146827263	0.004731765737192283	0.021770520160151508	0.003732624849060771	0.008005743433269381	0.00203372123611502	0.00819333403887987	0.0010179812596106401	0.05138472435544671	0.0060760369483058374	0.020885136826739228	0.0033599507392998895	0.023837509372657658	0.0036789957378428775	0.12455355912856661	0.01979748200657098	0.09653573938868837	0.02137174854281798	0.05608996489864631	0.008530532074729393	0.06056149146644433	0.010205474119027948	0.015533170805567124	0.0022730333496433952	0.004885948554017241	0.002938789867252981	0.0003960661488948776	0.00235083589673649	0.00027159749367171597	0.020250566613417946	0.003868118824130183	0.015987204130235605	0.004358941114371978	0.011444142065640784	0.0012680283879218208	0.012170078896472866	0.0027431090369749575	4.516979001286696	Dd2_WT	24.0	True	1
Dd2_WT_32h_DHA_rep1	0.019154396857726203	0.017798383166951384	0.06451301401785048	0.07058369721849825	0.04409609076988409	0.02750077560270095	0.024307863961001326	0.09359541829245101	0.11805277602765332	0.07665247339553144	0.021693681958517497	0.14460919564497432	0.019602193247008525	0.02753293401707293	0.02626260784033793	0.06359173431636038	0.040546376183843914	0.03746552157508712	0.0048655593300342736	0.05757530657651457	0.03697333783469708	0.007122752935187012	0.048144773765856394	0.01038656318575174	0.008785036813869494	0.0018036274254313838	0.0060577724990878564	0.0014746997055345662	0.036472924407243944	0.006298663715596597	0.050823830169610465	0.021693681958517497	0.01497144310820591	0.002391218082599832	0.015489092435754826	0.004613767948526551	0.014664404012209226	0.005168462886473308	0.016680936192106616	0.0030136741811920627	0.007752988006502894	0.0020117607715415915	0.008906622998083117	0.0009308214708809202	0.010311772395603536	0.004729192026672871	0.021782723261108927	0.00372268850045858	0.007952159845433909	0.002025798829432733	0.00816178376612069	0.001014654416738872	0.05148879536060813	0.006086511215906439	0.020948962292867312	0.003358901668134016	0.02385524373218748	0.0036776902848854476	0.1247777420344827	0.0198314536104916	0.09669274570781358	0.02136003031983974	0.055989208681357365	0.008523805336493112	0.06041581767626035	0.0101678795422379	0.015529997122721545	0.0022683860442298406	0.0048655593300342736	0.0029393435308451205	0.0003988318018966639	0.002350799051885786	0.0002726827972989284	0.020198394592533742	0.003865862451845417	0.015942751139510308	0.004358199518901124	0.01138138518888289	0.001268301031688288	0.012108500929612891	0.0027425884525168823	4.526807511972626	Dd2_WT	32.0	True	1
Dd2_WT_48h_DHA_rep1	0.018992487940402213	0.01778597037929228	0.06452675741598823	0.070482674841636	0.04394827006006072	0.02731434172787196	0.02437117092163937	0.09366059453185681	0.11821301532205855	0.07636036136119238	0.0216998645557996	0.14551559969808966	0.019544331055634745	0.027519959254031872	0.026187988000376673	0.06350655670819419	0.0405401012598229	0.03730602112737514	0.004833059556286207	0.057690874282390225	0.0368486432762102	0.007099626783850518	0.047911031099451065	0.010356089912685423	0.00876246397450067	0.001799960658556678	0.006048908557642601	0.0014819071583559297	0.036426850804008655	0.006301746600321808	0.05093199712752634	0.0216998645557996	0.014873070153721713	0.002391995505612555	0.015416738362760425	0.004624217105280446	0.014644866147553764	0.005158581870749047	0.016624377645764556	0.0030061888079471705	0.007742087403283086	0.0020135472259248896	0.008856117791129927	0.0009325786352968431	0.01031146997905786	0.004715932291861938	0.021794330382787556	0.0037183686061155467	0.00787400700112067	0.002013270278526175	0.008088890818830538	0.0010163198419248316	0.051579995740874934	0.006110878541515288	0.020999576118272297	0.0033715948033670724	0.02384204218955724	0.003677917064474634	0.12553603425620025	0.01997956544188942	0.09682898036536425	0.021384034956694296	0.05598164183442327	0.008545115581564964	0.06031236960484927	0.01017030523678674	0.01551646910577847	0.0022695012735138103	0.004833059556286207	0.0029249907685021423	0.0004008537563967623	0.002349069030231155	0.00027211514087354874	0.02020680679787492	0.003865735438304735	0.01587782367772546	0.004363135626647607	0.011298383499228841	0.0012693488005482787	0.012001946269961726	0.0027446631581331156	4.528096804997591	Dd2_WT	48.0	True	1
Dd2_WT_3h_DHA_rep2	0.01887584001892316	0.017818136451690083	0.064829657459605	0.07010996016702292	0.04415821992821385	0.027133830681826034	0.02429539029235867	0.09357594250572918	0.11762135800262738	0.07636763216176322	0.021793199970586728	0.14670010668320074	0.019351473730463586	0.027490303419766833	0.026006737446721755	0.06364208509965488	0.04048865163855531	0.03730691420510604	0.004766802470727262	0.05766775766545738	0.03705005630994586	0.007108163618267993	0.04794441924938072	0.010387682910482657	0.00875269112187632	0.001782631330599313	0.00601335331772979	0.0014868542316944285	0.036437577165810975	0.006285805722364744	0.05085255961755346	0.021793199970586728	0.01484416304469539	0.0023691758087281216	0.015436547292965128	0.004657028058717398	0.014562468313717322	0.005176986420566394	0.016607658249193732	0.003039243600596222	0.0076342574754394215	0.0019998373115433237	0.008791339751168156	0.0009260391923126845	0.010265669981473845	0.004717454996899005	0.021775657041855155	0.0037298696183273076	0.007833500626315637	0.002003157852083312	0.008030070325714922	0.0010091112148092897	0.051584991970719966	0.006082765694737411	0.02092485499931535	0.0033705352930433205	0.023818532927592232	0.0036717704921746014	0.12658670075980338	0.02011340592339737	0.09630090282205846	0.021320455180568923	0.05628534231132127	0.008544315148283734	0.0599949380005896	0.010115022166433316	0.015549341980003113	0.0022687944716869696	0.004766802470727262	0.0029117532924512056	0.00039846980572046385	0.002342049879601226	0.0002701497607363857	0.020369797564255603	0.0038859309513256143	0.01575684347785236	0.004327471230360112	0.011307991598298517	0.0012554418588770076	0.011884358251611988	0.0026860389730385243	4.51683146567271	Dd2_WT	3.0	True	2
Dd2_WT_6h_DHA_rep2	0.019671352247369923	0.01798146031952401	0.06461256912412053	0.07044979153115291	0.0442969092867567	0.02804967919705623	0.024147736054121193	0.09324247291718563	0.11693727854578159	0.07701766379889279	0.021729708386354043	0.14320386327251242	0.019897598141688712	0.02751353606546489	0.02638446932436905	0.0638686115187056	0.040859815926178385	0.03788390333680773	0.004982280220567043	0.05726930078539059	0.03713036178535198	0.007166547501404716	0.04832723052519562	0.01049400341416428	0.008832908496971239	0.0018042120014014435	0.006071165613323579	0.001488143747836626	0.03646236261503818	0.006281394409314263	0.05049871589283318	0.021729708386354043	0.015201033336187806	0.0024135200671037424	0.01560364958032192	0.004665700353194263	0.01468419594831658	0.0052063613976322315	0.016720014243527166	0.0030489192080063172	0.007822975775487084	0.0020578362003328037	0.009058248880902632	0.0009585372849661914	0.010430801933251311	0.004806435651222054	0.02186387455046128	0.0037587037912437385	0.008195621705609127	0.0021010056136828727	0.008334755232645102	0.001039969695432821	0.051190519618128594	0.006078781167261992	0.020785527283543274	0.0033622087705779207	0.023818133924606095	0.0036954021408587947	0.1234929159778458	0.019710947294666617	0.09568814537109795	0.021249133174683642	0.05604487507368914	0.008567694050431385	0.06025300931257978	0.010196782218573128	0.015653607789519897	0.002327852530004113	0.004982280220567043	0.0029763182090150144	0.0004048239557475881	0.0023754048872029867	0.0002726913462210318	0.020329304466289253	0.003879816254934054	0.016013701167369946	0.004341529758812482	0.011701325448506193	0.00129392333207714	0.012311411984260785	0.002743018432212111	4.503155238591164	Dd2_WT	6.0	True	2
Dd2_WT_24h_DHA_rep2	0.01940997023787421	0.017718032770879997	0.0648117976030441	0.07093811474505075	0.043757959751117216	0.027863763540980805	0.0242603813932924	0.09285344680999387	0.11773959248525892	0.07626601280581269	0.02169970832720132	0.14456998839616192	0.019867522237405223	0.027633350532405256	0.026329009303336356	0.06378823269688422	0.040778682966682675	0.037643707430550115	0.004917361478248108	0.05715336448781985	0.03666274861646223	0.007095211134654985	0.04780596720342876	0.010393278019297509	0.008739067942284644	0.0018007716765596506	0.006053717600887732	0.0014732103633543982	0.036200774027533245	0.006273402563258874	0.05037927021920175	0.02169970832720132	0.015047912485040693	0.002400891451970381	0.01553149744481543	0.004663406048723612	0.01466464703824267	0.005161269311456222	0.01667141483880004	0.0030189485433558417	0.007831449974864338	0.0020463432109732926	0.009040490720170668	0.0009492383313969266	0.010392696256154757	0.004765843460868062	0.021878551716484684	0.0037415915331751744	0.008056468784244101	0.0020591532469560387	0.008260668223935884	0.0010336799827381862	0.05108280465929391	0.006070559828525947	0.0208777843421544	0.003382597051138002	0.023946987965336248	0.0036863625670690075	0.12465028285610359	0.01991970554005832	0.09635628060575603	0.02138331187950289	0.05621386126681252	0.008597936336231581	0.060690364778576936	0.010247749966473815	0.015441096503445112	0.002276936267434885	0.004917361478248108	0.0029548378987875176	0.0004021778889886689	0.002362355716790148	0.0002736014757130355	0.020369955805628406	0.003901997159401033	0.01598158620864981	0.004354450114407175	0.01159402824684036	0.0012899083515323752	0.012229457447590983	0.002750369495017088	4.506143910201252	Dd2_WT	24.0	True	2
Dd2_WT_32h_DHA_rep2	0.01957472806775327	0.01778371750616427	0.06460736578644855	0.07071661463439163	0.04383879829229678	0.02797947766821232	0.024296327021845213	0.09289800448652787	0.11740965796510741	0.0763632129104885	0.02174392423965881	0.1443084956525939	0.019925496622610044	0.027615375845371118	0.02631172139683584	0.06387970269481628	0.04087955888027366	0.03777999250134541	0.004921659124842835	0.05716616870241602	0.03673066914175932	0.007108129150537464	0.04788471084495613	0.01039889138695808	0.008764531937872685	0.001799499031841137	0.006041812610116148	0.0014737670987443152	0.0362408023643393	0.00627269985993794	0.05038450226225063	0.02174392423965881	0.01512213400305252	0.002414245255237736	0.015572072678336322	0.004671540564718827	0.014702005301030802	0.005174457326743545	0.016727356477955178	0.0030270184531024915	0.007839471593795975	0.0020579844705256854	0.009081162779557601	0.000946877778730783	0.010426820796325797	0.00478893747234565	0.02192100632521872	0.003742794286383504	0.008130856672016505	0.0020729764567563036	0.008332860343023215	0.0010380345959572442	0.05110171277760212	0.006064455924813897	0.02090588848007158	0.0033904385417736316	0.023933548822878424	0.0036818270224926943	0.12442201453151268	0.019886481121081212	0.09611787838545799	0.02129177957964943	0.05604240628984509	0.008564959496603457	0.06049932214516711	0.01021729248922453	0.015492194968336532	0.002291522537827741	0.004921659124842835	0.0029704023999001373	0.0004050718820741801	0.002358376284511335	0.0002728956840414089	0.0203596704744807	0.0038891946615035623	0.01596815737539141	0.004336817770917372	0.011635679720318821	0.0012852180597965864	0.01229385776686869	0.002764722121228225	4.514318684631084	Dd2_WT	32.0	True	2
Dd2_WT_48h_DHA_rep2	0.01963180922842875	0.017843330468626583	0.06464471003543067	0.07071162930829955	0.04376597737935255	0.028101534471247146	0.02427484824632116	0.09275933844779176	0.11734495479814257	0.07625798855256283	0.021752430424138124	0.14430333552714772	0.01995985958656061	0.02762579255333591	0.02633733437714135	0.06389824588798788	0.04097200734634078	0.03775184911279496	0.004957201623292039	0.057105822625056965	0.03665146756243689	0.007114509816915655	0.04772214876630954	0.0104368161720602	0.008757511583885196	0.0018095105649590195	0.006047453101747497	0.0014845483636013752	0.036162789708054366	0.006280664866191374	0.05031588387354602	0.021752430424138124	0.015085523839739472	0.0024139275770540254	0.015536948319285098	0.004715449376716365	0.014701741834553592	0.005182665702584382	0.016665012885506158	0.0030267153326242616	0.00785299847453264	0.0020802045242837327	0.00907006474987233	0.0009565918378719027	0.01046481063275021	0.004823975982213478	0.021932614811188505	0.0037506059201885913	0.008126978845414124	0.0020986677114306785	0.008349462537946648	0.001056700133637301	0.051019270184298714	0.006086552440758253	0.020872092857842486	0.003402755388478672	0.02394651508528337	0.003679277468052542	0.12433956925550403	0.019963766271643688	0.09602228366947513	0.02132267112866744	0.05600637763000657	0.008638332405424092	0.06046607289758519	0.010245556410714363	0.015524079156137183	0.0023192513124893994	0.004957201623292039	0.0029855464887859643	0.00041588826269583546	0.0023658867495047822	0.00027691610902450567	0.020425015748303285	0.003897094384416207	0.015955427023183522	0.004337669743946739	0.011707794423930726	0.0013180501607942673	0.012300924441576617	0.0027747654449455333	4.503295252740506	Dd2_WT	48.0	True	2
Dd2_WT_3h_DHA_rep3	0.019001863152751083	0.017816017469447297	0.06485675792712865	0.07038439538786175	0.044175397647028186	0.027281565768825487	0.024246316388413392	0.09352430404422368	0.11783219915732074	0.07652026042807743	0.021765370066702573	0.14567016101890776	0.019439217628340937	0.02751880940425858	0.026145630078521	0.06359146410054371	0.04051205099504973	0.037357810443950895	0.00482485648158852	0.05753555241105854	0.03705438856727832	0.007121009079749863	0.048004763670008985	0.010420645442728799	0.008769261321435576	0.0017963615632558528	0.006038278876592299	0.0014909495540559223	0.036451710072137954	0.0062846559726255505	0.050787937999460187	0.021765370066702573	0.014882941741508062	0.0023740999075571824	0.015440849511664231	0.004659919283221417	0.014571368476359035	0.005178333600468868	0.016597070408393665	0.003031662653032897	0.0076685517677966015	0.00200838747435966	0.008822649613140287	0.0009396287730443912	0.010285851813265788	0.004720457850437497	0.021767439285941968	0.003738302045404479	0.007882372921272009	0.002026471687128918	0.008073154653651805	0.0010198638906983514	0.05145712407165136	0.006078428339407176	0.02086621963926619	0.0033800967491472004	0.023832007243769184	0.003686802160489395	0.12567155533939703	0.019998605679510735	0.09641989274350962	0.02141230641381112	0.05627836003377696	0.00857839789335169	0.06020468508847807	0.010179710299383672	0.015537108162335968	0.0022789093071113285	0.00482485648158852	0.0029236011915462594	0.00039945690389610664	0.0023610470285341757	0.00027199649866638893	0.0203191623449517	0.0038938666173375406	0.01584012871314681	0.004349399742731254	0.01133634739257854	0.0012703791177279913	0.011967539474208604	0.002707299784310354	4.503012934716737	Dd2_WT	3.0	True	3
Dd2_WT_6h_DHA_rep3	0.01895968427268159	0.017757723452666026	0.06490394940344708	0.07054884417541722	0.04397812872854066	0.027244922533884358	0.024282885052347488	0.09340840065648992	0.11795018921957848	0.07628005875649134	0.02176982112075482	0.1460779208115055	0.019400116124302886	0.027534854367093922	0.026128068854488942	0.06362977113737094	0.04052236245668007	0.03726473928825643	0.004820886077218335	0.057536673510784016	0.03689075570054219	0.0070873730279984665	0.04786759972557779	0.010380677161039138	0.00874053468061532	0.0017882498741940882	0.0060223761230822695	0.0014806211919827434	0.03639378344293708	0.0062816595870622905	0.05073295762649054	0.02176982112075482	0.014859240050636798	0.0023670203451895628	0.015405808966283636	0.0046326699261464354	0.01459087750861374	0.00517519848653478	0.01661785430530145	0.0030264160791939726	0.007660581814000181	0.001994567929328438	0.008812478745023214	0.000932487635951054	0.010295002532699452	0.0047236808204869805	0.021778044776124956	0.0037256343273686823	0.007867244956237623	0.0020107643675854312	0.00806899019799665	0.0010126847508618846	0.05146921636357556	0.006067457147208457	0.020915952681492142	0.0033669323708553464	0.02385165129869554	0.003683203068398382	0.12602428619649214	0.020053634615013353	0.09655491484044133	0.021395274379137137	0.0563266278760953	0.008577321527351784	0.06037402483350151	0.010174819341915714	0.015490071316323715	0.002267652136342309	0.004820886077218335	0.0029279415843679107	0.00039614349762227694	0.00235237362909645	0.00026924157472099023	0.020334033133256917	0.0038853916244700787	0.01583967926191309	0.004342689306768222	0.011324412511591456	0.0012597507323142524	0.01196011742515587	0.0027006418648227812	4.512908464244493	Dd2_WT	6.0	True	3
Dd2_WT_24h_DHA_rep3	0.019071524332862078	0.01776244352934991	0.06457138864529417	0.07076656398706767	0.04394216038885764	0.02736868297124199	0.024343365760178585	0.09350556830884633	0.11839979512885064	0.07634337719604249	0.02170875865657357	0.14495986617071502	0.019603797904354518	0.027601895925255804	0.02622021679637932	0.06350949334702881	0.0406052882789128	0.037331362031559866	0.0048483466453291294	0.05753610399529958	0.0368226827246425	0.007119477664215143	0.04780766314975227	0.010382119089469703	0.008787109373476442	0.001812694463406443	0.0060637026917708175	0.0014900884281668196	0.036366668302295395	0.006314323811725029	0.05082457619482591	0.02170875865657357	0.014884984567406122	0.002395131231609928	0.015405694017165359	0.004645552215378457	0.014655044362249993	0.005165712560804396	0.016623469046162676	0.0030054057023784597	0.007757169249141366	0.002019673398552633	0.008887499973438785	0.000939455283221733	0.010318767631407261	0.004720598424566491	0.021838523734791938	0.003727398488147114	0.007907324862373352	0.0020268979134952726	0.008116772448225928	0.0010205291087675265	0.05142390045774592	0.006112203537553658	0.020954393155992925	0.003388972604185662	0.023914931130816244	0.0036869647944395584	0.12496894154264258	0.019990924628072435	0.09694669173552582	0.021453103393324815	0.05599955581066217	0.008571832834632002	0.060536035606295446	0.01023052838077222	0.015478456105598023	0.0022839874237518885	0.0048483466453291294	0.002935750460152476	0.0003986007397265133	0.0023593758980675716	0.00027110055509868444	0.02017068652449029	0.0038891751509430024	0.01588267065107627	0.004372718492257803	0.011312091451677244	0.0012706978670014005	0.012044813857210694	0.0027410797953526535	4.519005477113909	Dd2_WT	24.0	True	3
Dd2_WT_32h_DHA_rep3	0.019317312910562597	0.01783127641319441	0.06458036103109265	0.070561119080352	0.044025592708559436	0.027678133956485478	0.024313182778576012	0.09331460432645579	0.1177912884275898	0.07652516486611406	0.021728995542627617	0.14440282009025973	0.019749050908157692	0.02757265941591964	0.026318700675328457	0.06367299921353645	0.040727158935617666	0.03752000331163065	0.0049143828102495915	0.05745519259769013	0.03689028451977226	0.007135308188787174	0.047946735415497405	0.010420279952906997	0.008790504120956426	0.0018102600422861966	0.006065840726912922	0.001491544607554111	0.036363449346725044	0.0062971288617396145	0.05065402611799113	0.021728995542627617	0.014987100227769948	0.002403897421245784	0.015456102174584645	0.004672903488030272	0.014684952728969827	0.005180014099341386	0.0166530667260605	0.0030187134776497363	0.007799384773243036	0.002044142761137391	0.008958037066262022	0.0009474863075152425	0.010373256666408977	0.004759841937734579	0.021846393628864865	0.0037476667026092427	0.008010952177840895	0.0020587842744961963	0.008213909175903419	0.0010336672823220892	0.05135479609017128	0.0061003965075188465	0.020921376955810336	0.0033918058227656775	0.02387837315188351	0.0036942862640361278	0.12449341261521701	0.019909407475042704	0.09641234544555086	0.021378942982038945	0.055994214192978176	0.008586146838114471	0.060353967929477864	0.010207151150874134	0.01553677727208977	0.0022944991411046386	0.0049143828102495915	0.002962042439074267	0.00040500559533803555	0.0023726112291824423	0.00027472369150466114	0.02025051204021262	0.0038857401413023647	0.015948367907631076	0.0043559498125979755	0.011474081616385587	0.0012862042646606443	0.01215475293783351	0.002763095137605737	4.509687196722008	Dd2_WT	32.0	True	3
Dd2_WT_48h_DHA_rep3	0.01915048648435136	0.017786941876919014	0.06459801582625531	0.07052881693311838	0.04391446604715956	0.027430725174300234	0.024352525885807066	0.09340179311438798	0.11810680001873058	0.07629137085154511	0.021734708978512235	0.1452986262487894	0.01961581711088941	0.02761673699267748	0.026206563677657117	0.06360361026800522	0.04067742383816198	0.037354166704106954	0.00485179984555301	0.057478604123072465	0.03679622253100525	0.007118243516154313	0.04777706018120598	0.010386598395844054	0.008778605963512633	0.0018090722016559334	0.006053694606574101	0.0014863395027524126	0.03635824949800004	0.006300495451996399	0.05074304816439154	0.021734708978512235	0.014904480707733161	0.0023985097390180252	0.015397745813814272	0.004653430443541495	0.014667362019990395	0.005167052503533692	0.016622543054399013	0.003011597095546194	0.0077501850602793975	0.0020350121744303834	0.008887140516674831	0.0009434793595047963	0.010337158995631375	0.0047408301182056784	0.021864731011984943	0.0037347037123399876	0.007924860365067251	0.002038958851912089	0.008153878432573747	0.0010327888347982717	0.05137846569517744	0.006100138427895021	0.020955116774808838	0.003397409110998227	0.0239251106779	0.003691626314777483	0.12526533298035883	0.02003329326843057	0.0966808331680755	0.021425966850655086	0.055996127072024525	0.008601888754230782	0.06032204837233389	0.010206768560784493	0.015499745627644609	0.002287196249274406	0.00485179984555301	0.002946427216848064	0.00040523280847034584	0.0023592541788953233	0.0002734565928539722	0.020239423065846477	0.0038956325286894434	0.015866612638553306	0.004355580242036103	0.011353003239564174	0.001288866854088102	0.012048205180435628	0.002740649900212331	4.512320673413137	Dd2_WT	48.0	True	3
Dd2_R539T_0h_rep1	0.018762995179852148	0.017615905011836623	0.06466144583111481	0.07102968925578951	0.04410332106221633	0.02702616753114062	0.02421719783777615	0.09355343031405881	0.11823871364945093	0.07635352123745841	0.02178585490377366	0.1456490157345656	0.01945270136917485	0.027466389786226866	0.026171209009543284	0.06358211522347879	0.04040446926457079	0.037683529795023325	0.004758022653972089	0.057484305348976326	0.03694294520355948	0.007160375858656848	0.047845079069658146	0.010391434517982724	0.008749581625749502	0.0018024917079722323	0.006066769043835262	0.0014981652722605384	0.036337790650251375	0.00631164779506543	0.050903991868742005	0.02178585490377366	0.015049088727633619	0.0023844593028414765	0.01557527945277351	0.004674702311774717	0.014639569383797662	0.005171751294500421	0.016584884408338683	0.0030381257154196767	0.007724760099641805	0.001997365526121288	0.008806488439994974	0.0009240873034167839	0.010256029823627525	0.004694693294790004	0.021732263681952874	0.0037214824642003877	0.007804361058362444	0.001977375065533909	0.007990311675997211	0.0009909473799585824	0.05136619898413172	0.0061181063648446015	0.020859049422522955	0.0033581484152531934	0.023788274918210995	0.0036781148680158702	0.1255533733343122	0.020095642400253393	0.09668858233221242	0.02155013131723851	0.05609919099663374	0.008562254834481075	0.060734028624176005	0.01029566063161351	0.015380684913735293	0.0022352200981013317	0.004758022653972089	0.002873788063824688	0.00039145952640259413	0.002341442179131532	0.00026824641887462886	0.02023115027571153	0.003916634145710809	0.015912043573972256	0.004384229247337583	0.011147127398475884	0.0012427415113202345	0.011915854303183206	0.002720444318161297	4.486681816869891	Dd2_R539T	0.0	False	1
Dd2_R539T_3h_rep1	0.01858499802869372	0.017627218830420472	0.06502611454754247	0.07101997815806418	0.043832409868404885	0.02688451650468615	0.024260228630089985	0.09345774758410288	0.11828063525176188	0.0758982602913528	0.02184772603748572	0.14712123796156648	0.01928924104497713	0.0274236465459311	0.02606200311471439	0.06340632865696458	0.040240479243336374	0.03754446047601991	0.004673871487527618	0.057518897736357044	0.03676099003757322	0.00707141983083166	0.047613795138573854	0.010352442535357463	0.008668235223641237	0.0017764204955113432	0.00600084205215919	0.0014865248461097076	0.036296157796249645	0.006284259214896518	0.05087733057295673	0.02184772603748572	0.01495927021121695	0.0023643372914750886	0.015526379428672452	0.0046944735446554225	0.014551824201720215	0.005136135003319594	0.016505443523304453	0.003029345137578831	0.0076565118426913485	0.0019704217610424556	0.008743024781511533	0.0009192826597317952	0.010201089233126768	0.004662155493106281	0.02165322925760858	0.003724005259494747	0.0077269050389896995	0.0019562123934512713	0.007913665995118562	0.0009882146011341835	0.05143622603532017	0.0060826717010368705	0.02090026529308685	0.0033599633370031347	0.02374339027377619	0.003680256272154911	0.12685027750738834	0.02027096045417815	0.09667702302743975	0.02160361222432214	0.056443452505346735	0.008582662042195733	0.06067499547549789	0.010344982682566296	0.015402861215579156	0.0022243576148413173	0.004673871487527618	0.0028677519928680334	0.0003905214689391932	0.0023323707489350714	0.00026980296537893925	0.020279656450478818	0.0039039243405626653	0.015812636797215087	0.004388919141378066	0.01113552956694073	0.0012423910738926433	0.011806824041767465	0.002699771822085312	4.4750397305593745	Dd2_R539T	3.0	False	1
Dd2_R539T_6h_rep1	0.018916260747278552	0.017726367509990338	0.06492380054418473	0.07093299978077784	0.04389687922993704	0.027243234900668215	0.02427557333452176	0.09336147701989642	0.11766629248809427	0.0761440610961179	0.021848512494210864	0.1462799552977089	0.019491392110137593	0.027387506851689142	0.02611150753457482	0.06349193829569316	0.040343638508131024	0.03783314063344123	0.004726687932294515	0.05739877369065199	0.03681145101886397	0.007085428211073074	0.04779522639544896	0.010396674061505079	0.008691950369250665	0.0017752022336852279	0.006003263602516385	0.0014817444337115902	0.036338681670110576	0.006285924428412424	0.050736870921373425	0.021848512494210864	0.015127215777950396	0.002375507349289982	0.015618373581969087	0.004712043924231767	0.01459054761055378	0.005147931253953363	0.016529688461574796	0.0030353371102384624	0.007720930068093868	0.0019893259412290714	0.00885018319307203	0.0009309529077426259	0.010247106638838084	0.004693343655645932	0.02166587928034174	0.0037373089333052763	0.007884183988618738	0.00200394622748362	0.008028478454456768	0.0009996520767194246	0.05132403027767352	0.0060747434129784636	0.020893532043409033	0.0033820412911127248	0.023710662815674518	0.003676844036014623	0.1260905132052596	0.02018944209244929	0.09611514741305678	0.02155114507503748	0.05633009331697722	0.008593707227207504	0.060572533835267485	0.010360465945510353	0.015482314404575063	0.0022440531054152752	0.004726687932294515	0.0028799899460902325	0.00039317499696669907	0.002338438309973742	0.00027020789138877693	0.020292733541282998	0.0038957003180897514	0.01585670899906077	0.004372987391094604	0.011310448597051338	0.0012621175378705858	0.011959512486703286	0.0027111562790430076	4.459862669867421	Dd2_R539T	6.0	False	1
Dd2_R539T_16h_rep1	0.01966964564098145	0.017701960691545147	0.0642060938315142	0.07086412184888949	0.04396107367435119	0.027714448306625467	0.024284296207239348	0.09363373637664099	0.11744018952986854	0.07659406395313344	0.021929453549214724	0.14448673236954027	0.01948960168409752	0.02745530856155627	0.026252917849776968	0.06350860099664202	0.04059374116619819	0.03817096971807845	0.004726298577276714	0.05731674546682974	0.03685876677402161	0.007102306900329576	0.048056110607552445	0.010488946807163078	0.008768653488728245	0.001780460210128581	0.0060319391291726344	0.0014679537103884641	0.03659521941886775	0.006316422444876837	0.0507220945128964	0.021929453549214724	0.015332709671015696	0.0024313269454684138	0.01569468695428412	0.004712246147310216	0.014670658300936385	0.00514777962832437	0.01669585003595002	0.00301325249730623	0.007698907518624538	0.001981936441616131	0.008894455774888768	0.0009143019489680805	0.01049299818326069	0.004721386606162117	0.021658560586074245	0.003720795790701133	0.00829405428316756	0.0020959754578630586	0.008254643280953768	0.001024972618997065	0.051197310140851694	0.006119435325978045	0.0208324282760174	0.0034518679312219467	0.02378326410728843	0.0036720444542678427	0.12451038747326525	0.01997634489627502	0.09599769405289366	0.021442495476974886	0.05569603013194053	0.008510063699573668	0.06068404267095162	0.01018007917793787	0.015426269860138767	0.002275690831406381	0.004726298577276714	0.0029343122159084427	0.0003927180606860111	0.002366231503208947	0.0002672419742261033	0.02008686564313626	0.0038941948909887577	0.01591970326749263	0.004372710828254834	0.011519203620691896	0.0012560900947676545	0.012213591017692637	0.00272556357347328	4.476983294970341	Dd2_R539T	16.0	False	1
Dd2_R539T_24h_rep1	0.019087595885872555	0.017691391674437226	0.06410780568732315	0.07040787485293748	0.04461929884153509	0.02726088644904004	0.02425417917605263	0.09463211576984756	0.11778900731876742	0.07717272115310575	0.021843886820768838	0.14423853360093888	0.019324647278167555	0.027405841974363167	0.026351505158447263	0.06313969629362469	0.04018242234356577	0.03785001812713222	0.0047243969732452444	0.057916174620827474	0.03738836024401656	0.007230938597518532	0.048515484711064004	0.010517429596792105	0.008773195031864611	0.0017923307158577806	0.006086291734294672	0.0014879893632325828	0.036841518159598845	0.006394427456421495	0.05139617015382722	0.021843886820768838	0.015224968092613984	0.0024285291221003012	0.015541513653835428	0.004655007258582507	0.014703767751819601	0.005138302225522921	0.01652934374008265	0.0029936685378929052	0.007653604349568452	0.0019574817839203597	0.008819296114981643	0.0008942650296971015	0.010296519238303993	0.004699729880393786	0.021478054232349622	0.0037081189925183707	0.00808718220934766	0.0020431900486292927	0.007989120310204139	0.0009681033176914597	0.0517538096490438	0.006162364971783669	0.02082720068416861	0.0034269784918840194	0.023736211618025364	0.003669630356337805	0.12436585529298219	0.0198726783079567	0.09622754623131291	0.021561461087454502	0.055636651982649665	0.008471153704673476	0.06030872788897137	0.010099146963966108	0.015456990531497777	0.00223440114293945	0.0047243969732452444	0.0028666199664324475	0.00038225043159860955	0.00233645211148184	0.0002714384664946435	0.019900747844346336	0.003873866193960274	0.016068714507578536	0.004426029674861187	0.011248049162833812	0.001231854937472758	0.012066878469437322	0.0027141038792961444	4.462941812756035	Dd2_R539T	24.0	False	1
Dd2_R539T_32h_rep1	0.018677858474361226	0.01744217437928544	0.06422643600816932	0.07003341065071048	0.04451255280368829	0.026980065472700893	0.02442853703435912	0.09392604811495159	0.11783131034084741	0.07650653442286118	0.022045761049044432	0.14631171345864893	0.01922124926557099	0.027499176197691804	0.0259493458849714	0.06382218276491196	0.0403492464447978	0.037348182764781336	0.004679758182528378	0.05820845628511805	0.03713811992065675	0.0073744328830315405	0.04784176833474186	0.010489927841605552	0.008765251877587803	0.0018186881305135869	0.006094463826902992	0.0014964344115094052	0.03642101006797036	0.00640708758968382	0.05109795045729741	0.022045761049044432	0.014904081927660904	0.0024087833252809266	0.015384598287012448	0.004650719224827055	0.014947961019260141	0.005195181934057147	0.016589235568554808	0.0030062340158859236	0.007661561735778932	0.0019588260265870237	0.00871452665150578	0.0008863348516992558	0.010321914644557798	0.004710383037593395	0.02161340977492429	0.0037035389877223108	0.007833768841597871	0.001967501470196734	0.007912788113146453	0.000963800049420165	0.05194147689363284	0.006266979391485214	0.020984114342687914	0.0034444226916712038	0.023828100794928635	0.0036710754027631707	0.12607724993812328	0.020234463520525648	0.09613821721765631	0.02169309312319111	0.055705208330704206	0.008521227677465116	0.05993671222805761	0.010096698422652865	0.015236190208949793	0.002205984170335648	0.004679758182528378	0.0028007038369813613	0.0003785573841249649	0.002306847147930466	0.0002686600490878406	0.020150471342472172	0.003933098884681773	0.015853365045612095	0.004341212421234674	0.011088130132785114	0.0012357180889069185	0.011951885279977554	0.002704331971031304	4.431743166901324	Dd2_R539T	32.0	False	1
Dd2_R539T_48h_rep1	0.018820325139178286	0.017663961251996593	0.0648981617606841	0.07059163580539227	0.043960004436693	0.027112213847463908	0.02427486125285202	0.09337106728887179	0.11774387282499	0.07608007530993013	0.021879533774180893	0.14694018880801463	0.0193543342668036	0.027403383765564057	0.02606224021163503	0.06364635654095388	0.0403420231617934	0.03761881083329413	0.004725607599649135	0.05751134212005937	0.03687850414915512	0.00708150028753788	0.04777158457323479	0.010382573526919243	0.008694933986028735	0.0017732365871885288	0.0059797796325203175	0.0014779670040385127	0.03632087926356368	0.006285249194536167	0.05076493883077195	0.021879533774180893	0.014996234197415196	0.0023680667106985936	0.015565788136016383	0.004688721789163966	0.014581577946445011	0.005161006158916161	0.016591679763843053	0.003036302959587025	0.00766072183014774	0.0019819573114869607	0.008790947477158603	0.0009207076480102973	0.010237928931531443	0.004695497667078958	0.021682295754997877	0.0037263008081851253	0.007828410674735891	0.0019889905379397543	0.008012178946278557	0.0009907449802240846	0.051425239771000615	0.0060861023490587605	0.02090035900390005	0.003374502248951968	0.023734673136281137	0.0036687106292829182	0.1267093801338737	0.020230808674140927	0.09625069974809171	0.021493173076898298	0.05634243161740075	0.008555730143283346	0.060340633708484304	0.010251002096907958	0.015430406102804174	0.0022335551491924183	0.004725607599649135	0.0028930225949499832	0.00039105736929897063	0.0023291227159037177	0.00026851620049005246	0.020375363119830656	0.0039004265923319736	0.015827749720792948	0.00435277161019936	0.011253928753101668	0.0012525481163911548	0.011911141179997307	0.0026945957979737775	4.478198700756089	Dd2_R539T	48.0	False	1
Dd2_R539T_0h_rep2	0.01901201795691404	0.017993147579262223	0.06455595206437142	0.06954597549493045	0.04471275258403102	0.027452383141340277	0.024202826195156013	0.09387848587638287	0.11757515716749264	0.07674312565426952	0.021661056117783344	0.14532896293924005	0.019457311858944545	0.027389071008785085	0.026038580311071875	0.06384658856476333	0.04059196313209499	0.03735839717377808	0.004887736829413383	0.05776850834997469	0.037467615912632916	0.007245136671398106	0.04810137881266304	0.010432410781214548	0.00883261426737361	0.0018170730654065146	0.00606509796443605	0.0014945507631757562	0.03660048743110802	0.0063206290727064575	0.050957369372568395	0.021661056117783344	0.014870847599231289	0.0023735832511140318	0.015445258995539859	0.004668707327892898	0.014665095488641356	0.0051886632516773504	0.016697940616968682	0.0030499586243937075	0.007716016968253782	0.002033941311799625	0.008765607066526775	0.0009417465123643615	0.010325829227233655	0.004773005003313136	0.021772804386122203	0.0037203245154259993	0.007886601728848941	0.0020198285948793662	0.008097071200795943	0.0010085164323897927	0.05165278530258542	0.006115723047389272	0.020833156504321697	0.003369669690834315	0.023729405942741276	0.0036596650660438088	0.1253955517848686	0.01993341115437145	0.09623786040344935	0.021337296764043296	0.055952098698939724	0.008603853365431695	0.059523928793895044	0.010022046701035407	0.015710326878942756	0.002282820700319467	0.004887736829413383	0.0029127242856881066	0.00040654433905606377	0.002346826590443037	0.0002776601432642349	0.02037190082080484	0.0038730297622773897	0.015790645907749087	0.004304179044871349	0.011424793186268238	0.0012880766560301746	0.011983397432974961	0.0027561158660669013	4.510311754468602	Dd2_R539T	0.0	False	2
Dd2_R539T_3h_rep2	0.019059210714995792	0.01793567464359927	0.06451342583476125	0.07003008047840427	0.044425580008453945	0.0273259040356422	0.02428715289061314	0.09384792949834705	0.11782507839351584	0.07672162113487797	0.021716429655038273	0.14509002929883225	0.01952854474841149	0.027502822703823794	0.02606456975284339	0.0634771299453143	0.04051506727462375	0.03747199816358146	0.004854624071818349	0.0578071267525023	0.03722963975671515	0.007195940251738797	0.04810932619742636	0.01044537167817672	0.008810244905920892	0.0018068704155421995	0.00605205616063164	0.0014977517771801547	0.03654400438640001	0.006318781583502406	0.050985143528444646	0.021716429655038273	0.014950277284447717	0.0023918981545188755	0.015463744367756414	0.004666078356858449	0.01460248418624742	0.005194522557839356	0.016597756251092676	0.003036798043882555	0.007713705308184467	0.002030789911209498	0.008837773096581724	0.0009462764324358007	0.010312642191670886	0.004747458737861768	0.02172209019688126	0.0037328761482098368	0.007921668361457575	0.002054557349463676	0.008070336638571573	0.001012648365502966	0.05168748404549943	0.006119642707002864	0.020908353491664974	0.0033787993989481684	0.023827003213807294	0.0036758194900165	0.1251063871653194	0.01998364213351284	0.09647029843185352	0.02135477996166232	0.055938639011698946	0.0085747868230623	0.05990385840156582	0.010126222076838446	0.015638008936227653	0.0022976657073716187	0.004854624071818349	0.0029267389173126142	0.0004064858520744608	0.002342304429049182	0.0002760505758258	0.020181075361383246	0.0038644935448690475	0.015781732598230673	0.004331257380350662	0.0113650085295428	0.0012846178521202132	0.011969488216508943	0.0027067894374702443	4.517503744128675	Dd2_R539T	3.0	False	2
Dd2_R539T_6h_rep2	0.019216553900513852	0.017904443145745068	0.06473008583146767	0.07018455090690962	0.04410104962274648	0.02748253147111432	0.02435057161234882	0.09345276887014177	0.11776971426876462	0.07631315874840179	0.021734866710905618	0.1456106557360042	0.019559679060546585	0.02755232721758631	0.02606513465916554	0.06350857295786005	0.04060230916621299	0.0374941724738349	0.0048196050306478465	0.057547248609082086	0.036952437885057345	0.0071486117376891355	0.0477891998802918	0.010430151552811058	0.008774522718838596	0.0018027214690186722	0.006026854440784138	0.0014897086866575112	0.036392402980872735	0.006315378073211132	0.0507449878160579	0.021734866710905618	0.014947518222381242	0.0023977728551811536	0.015455497183487387	0.004693384212785118	0.014585855586871444	0.0051742858029290885	0.016566072686322292	0.003028531274330847	0.007710382015203743	0.0020364029815314864	0.00886824460388412	0.000944649459927234	0.010325280680985916	0.0047738925734990495	0.021762974267101776	0.0037401616446262457	0.007981769472116063	0.002072755142171752	0.00813904958848781	0.0010229796977382236	0.05143247214915649	0.0061147764599255895	0.020925061939256542	0.0034255096730922757	0.023879124671233216	0.0036732025463530943	0.12546985661402263	0.02014079912198158	0.09635635755374335	0.021413356715021266	0.05607282611799209	0.008657259713475585	0.06001929161537403	0.010165259291535583	0.015604216333536891	0.0023002268122081777	0.0048196050306478465	0.002934477097034774	0.0004115033229424443	0.0023487254606582696	0.00027363071449087675	0.020272237034170148	0.0038815905732362274	0.015776747646363356	0.0043200504176758164	0.011457737921795937	0.0012980179605801096	0.012017169714494893	0.0027096058742433777	4.499824984755906	Dd2_R539T	6.0	False	2
Dd2_R539T_24h_rep2	0.019593470411087985	0.017928619698229627	0.063409866971203	0.06954368848583727	0.04519341212222667	0.0276046706041352	0.02429813010667623	0.09498839908533117	0.11744924592218992	0.07793945108600564	0.021751872328562894	0.14212657222083136	0.019693072820706755	0.027534057912337845	0.026374287865440625	0.06321235897901287	0.04051199643945772	0.03791833230769109	0.004864466431578131	0.058064028201458014	0.03780517286009035	0.00738823926213632	0.048832586517202854	0.010624865045090911	0.008941209710833342	0.0018410627104794269	0.006182090327574684	0.0015176367748244131	0.037022554337944005	0.006462852782995063	0.051502991964392106	0.021751872328562894	0.015256259912223605	0.0024786136386269735	0.015542793588713856	0.004640665168126656	0.014775503235016389	0.005220685795426095	0.016620250881299238	0.0030057514485070974	0.007793693175068902	0.002023108751655014	0.008957371028295764	0.0009188998656870764	0.010372866014333466	0.004779781574244541	0.02164165529572523	0.003717693555154477	0.008279649793349672	0.0021396656102913953	0.008179183207452123	0.0009949717999947984	0.05180931403558727	0.0062547141658707405	0.020840945909769412	0.0034571841969068193	0.02385926947706906	0.003674788435268785	0.12242166515028093	0.019704907070550427	0.09605928045394989	0.021389965468240034	0.054923088359089996	0.008486778612113005	0.059586908684244266	0.009956779801592994	0.015617168716037333	0.0023114509821922937	0.004864466431578131	0.0029121846580987343	0.00039751210444444814	0.002361869382694591	0.0002743565230417196	0.019732168848198773	0.0038579987705652705	0.016039975480239995	0.004388389716921141	0.011379317612946709	0.001270242313393623	0.012216628083014332	0.0027384825947805377	4.490857201082412	Dd2_R539T	24.0	False	2
Dd2_R539T_32h_rep2	0.018929840174093382	0.017557340552312926	0.06400588451072359	0.06986952738744828	0.044729233111219596	0.02715880796413116	0.02441061143664086	0.09417137884062449	0.11793755412947902	0.07685210751600491	0.021925094366200708	0.1451419081124932	0.01938247221112617	0.027585449616243908	0.02606786830751786	0.06357803255106198	0.04043531844027174	0.03742037793652055	0.004743169473452865	0.05809802336243274	0.03732015226128227	0.0074090808499373256	0.04802498426913325	0.010522606515717297	0.00883174723262369	0.001836377799057971	0.006129674789088533	0.0015067169103841595	0.03658561624720986	0.006450237146171484	0.05113552544724314	0.021925094366200708	0.014974545125798912	0.002440293611647631	0.015372283748123133	0.004633255450950877	0.014881125889768452	0.005210656257357296	0.016569009738407695	0.0030005549385883753	0.007683647004988351	0.001990588363690313	0.00880772931764415	0.0009005075248033544	0.010318023229941398	0.004761208782341134	0.0216462548074553	0.003709831620533908	0.007948360134588587	0.0020249957278869533	0.007982328369780725	0.0009741559418371173	0.05182748105799856	0.006270542304434181	0.020951631029201435	0.003458980407439426	0.023904238832079774	0.003681210784164133	0.12502399010276893	0.020117918009724272	0.09632835038842581	0.021609203741053216	0.05545976859489433	0.008546115915829254	0.05984035620448671	0.01002917118296157	0.015319497099862236	0.002237843452450689	0.004743169473452865	0.002827325858711285	0.0003872494958216883	0.0023227089148904322	0.00027190874760114496	0.02000434927732498	0.003912336449615176	0.01591061214427591	0.0043480631462173985	0.011159731499828745	0.001256155599883147	0.012037509111170205	0.002705411753249061	4.457746409481113	Dd2_R539T	32.0	False	2
Dd2_R539T_48h_rep2	0.01905221968765881	0.017713458782073584	0.06481312756735835	0.07028756697472413	0.044026108226085874	0.027316124493092807	0.02431868330679494	0.0932827377206796	0.11787031714367205	0.07623137938917875	0.02177792617896556	0.1462709046254645	0.019500395393532634	0.027515452345690933	0.026095655003788916	0.06364681351185647	0.0404875584067103	0.03756039922228233	0.004775074748716422	0.057458097271672975	0.036905135666269864	0.007120972559816007	0.04779532029744169	0.01040557614063941	0.008739348628121297	0.001791050737577292	0.006013399721350371	0.0014866838640486871	0.03630698159052325	0.006303278972617882	0.05067247715753847	0.02177792617896556	0.014968440974144155	0.0023780240025250148	0.015539810393981552	0.004674123851631609	0.014593720725499382	0.005183157441411218	0.01659870223914715	0.0030334684082890823	0.007693115893362342	0.0020166571872775904	0.008861132064177726	0.0009294902487149769	0.01028595974048929	0.004743956856314523	0.02172170536734299	0.003735936442563495	0.007921042719141331	0.0020351597052644444	0.008095778089616697	0.0010002391736363373	0.05135214560692261	0.006105951664750367	0.020911446947433583	0.0034072363593613563	0.023845190155794643	0.003670262189896291	0.12606212510459158	0.020208779520872914	0.09640713868760764	0.021463178456064415	0.05620388554475463	0.008609242022603724	0.060130866558707134	0.010156700416016995	0.01545488500809678	0.002258573773976803	0.004775074748716422	0.0029132773664659038	0.0003977972857202452	0.002331978880249419	0.000273103726461568	0.02033643895347993	0.00390132574402971	0.015848496193153646	0.0043310015517381345	0.011360773705360793	0.0012752310561415109	0.011981908161386766	0.0026982115702037382	4.491745660362239	Dd2_R539T	48.0	False	2
Dd2_R539T_0h_rep3	0.018781526175661433	0.01801287936138357	0.06430322202327104	0.06912580758364212	0.045248319284977384	0.02725453611858786	0.024273271056646596	0.09439831613239938	0.11722778443224136	0.07708746781203929	0.021729014212784756	0.14533533760434073	0.019486967895231157	0.02720211991928638	0.02601212831032588	0.0636868054213135	0.040393845626048114	0.03747052719474139	0.004853417294021844	0.05811670654105636	0.03790385655217779	0.0073444627327995966	0.04836021345534397	0.010486564691810075	0.008853560172148799	0.001819344549116263	0.006070550263793709	0.0014972346798264805	0.03675612411708277	0.006366224044627233	0.05127596797068939	0.021729014212784756	0.014946123954635864	0.00238278622081488	0.015457895241070286	0.004683721778220364	0.014697584457155598	0.005192984643340669	0.016645985021896195	0.0030597918722156674	0.007740807110730663	0.002024408644687519	0.008781550534634064	0.0009402016051789137	0.010277355329077798	0.0047454592421980624	0.021668603200141755	0.0037024278546305	0.0077985313823509955	0.0020104491702455213	0.00799339606738426	0.000979149555680657	0.05198200008131293	0.006134706459743429	0.020906683970060982	0.0033665870865856136	0.023523950421283395	0.003678169498002985	0.1254468897181413	0.019888447886199413	0.09590844718529977	0.021319337246941593	0.055793347479789	0.008509874543482045	0.05910240653300065	0.010023401050641466	0.015734693912107727	0.0022781854492758447	0.004853417294021844	0.0029081904589748327	0.00039659236940186687	0.0023242634062662234	0.0002723714284434368	0.020216946254816622	0.0038735131718887527	0.015786474610711674	0.0043242360365278445	0.011294591972249274	0.0012686710494676007	0.011932549214192309	0.002758723882678678	4.498659882077643	Dd2_R539T	0.0	False	3
Dd2_R539T_3h_rep3	0.01896570222847218	0.01778884387758943	0.06472705646722049	0.07030575300643838	0.04418424998900576	0.02724252423907012	0.02429928180380605	0.09354586499393766	0.11762696223758608	0.07634650150658942	0.02180968550450622	0.14614552391981048	0.01949551626962051	0.027443302816960138	0.026058792691791687	0.06356515959518869	0.04046470917294859	0.03764333062871883	0.004779762704434428	0.05756147634630498	0.03704970532123764	0.007134544667768116	0.047893156378240716	0.010413928518286673	0.008737323811047618	0.001792022511805186	0.006025175418128931	0.0014848948690802998	0.03642620338717896	0.006297061967868753	0.05082259963888995	0.02180968550450622	0.015028639215706928	0.0023814169204875476	0.01553352983030769	0.004699744662216665	0.014595684526571638	0.005166666202028487	0.01658296519556111	0.0030394660450315876	0.007707547499584642	0.0020117201994223235	0.008838961293842498	0.0009372872767710454	0.010263370771393701	0.00472811976979459	0.02173377714245889	0.0037394414893013985	0.007883183282228529	0.0020220888376944962	0.008051661142816888	0.0010087689657322662	0.05146720192017727	0.006094274426127709	0.02090817330244464	0.0033911085013614067	0.023773426987480886	0.0036698758294792517	0.12599833565778434	0.020147188262026123	0.09621516190639112	0.021411800331194955	0.056140212281623615	0.00858684418559688	0.06010239491765822	0.010203358088780153	0.015526108107825445	0.0022627357697639844	0.004779762704434428	0.0029000661912932575	0.00039815145237083937	0.002341562796522621	0.00027289183954623514	0.020288080146341265	0.00389229747965459	0.01580760471285199	0.004338515699206746	0.011335787247963447	0.0012666685791267896	0.011935066798857885	0.0027050016131219957	4.49355777740066	Dd2_R539T	3.0	False	3
Dd2_R539T_6h_rep3	0.019110275899617325	0.017771940220888266	0.06490253846826363	0.07056576638520437	0.04395014776614373	0.02740370496058899	0.024298173940386452	0.09332419040343033	0.11759486330608196	0.07611925682131289	0.021819941954041272	0.14613819654399327	0.019559243441683274	0.02746261357605852	0.026086176076940235	0.06352477006388066	0.04050637713063595	0.037731317080894514	0.0047625205279004995	0.05736798543205379	0.03685346233995339	0.0070966854261903375	0.04772041532172592	0.010414634696014741	0.008710860169869312	0.0017883686020976075	0.006004820016555097	0.0014801580150502042	0.036343180988893144	0.006296091607337573	0.050684917807199616	0.021819941954041272	0.015063028006899579	0.002383035732619558	0.015565229865405077	0.004720023475970291	0.01456690233633597	0.005163784624222473	0.016560527392433536	0.0030402680304634855	0.007722521028454149	0.0020191110605682957	0.00887743682778801	0.0009401745248728185	0.010280685622080133	0.004737589971828434	0.021736280512589003	0.0037518210241383842	0.007954145981797063	0.002044132743605707	0.008098127578285272	0.0010138695959292813	0.05128138300288712	0.006086602429166672	0.02089185858007	0.003406315360316449	0.023781048454812565	0.003681565121245954	0.12593773464123625	0.020200461902757004	0.09612139589345364	0.021473467412628323	0.05626528363513304	0.008637254833130586	0.06030479152889526	0.010260974856309115	0.01550045266574896	0.0022714875551393043	0.0047625205279004995	0.002914643237195806	0.00040104721416576083	0.0023434245442715386	0.00027352858175213316	0.020297578656519755	0.003895709023905443	0.01581741542746543	0.004336117072089566	0.011419683307628353	0.001282519309712444	0.011995719651733835	0.002705782691514355	4.476286667933547	Dd2_R539T	6.0	False	3
Dd2_R539T_24h_rep3	0.01911683512796507	0.01772160731432853	0.06382892079578893	0.06983502611861643	0.04497938281218222	0.027248325030633184	0.02432524295199897	0.09474027866122638	0.11755414369502716	0.07741129743895121	0.021858496660877087	0.14414244614124988	0.01939662073023117	0.027421499501971324	0.026267133023132376	0.0632427199591283	0.040241094923467224	0.037850544641168375	0.004750335044019634	0.05806804942803657	0.03765643498057034	0.007322947831611877	0.04858666965925242	0.010558614659625267	0.008842549699660019	0.0018086816150379226	0.006119830379404963	0.0014949514259706318	0.03690139272010855	0.006419151005301082	0.051419734935816745	0.021858496660877087	0.015232311229116646	0.0024473713855102702	0.015523607449132427	0.004647254577409031	0.014745805209330744	0.005178425769705619	0.016568181549914147	0.0029971693158291277	0.007670484481673583	0.0019751955601803647	0.008849425182141723	0.0009015155062355002	0.010279613629060531	0.00472934491507044	0.021517704524559582	0.0037144318547766733	0.00808162220693835	0.002056976962443082	0.00800869724297619	0.0009695387156074503	0.051859620818896994	0.006208428609139574	0.020883073242488857	0.0034421697095101123	0.023748189088400873	0.0036733104135704526	0.12424514814321436	0.01989729799803553	0.0960662989263132	0.02148784476871396	0.05536418672292868	0.00846473407286025	0.0598054640794636	0.010029562039152833	0.01547627204838412	0.0022453352659444095	0.004750335044019634	0.0028660503786070144	0.0003853053798155991	0.0023360174747359373	0.00027197409390121625	0.019873111643283193	0.0038800264710654583	0.016014578732888404	0.004393206963184204	0.011234362834572707	0.0012416940623519118	0.012062085273431097	0.00271018286027747	4.470727518759097	Dd2_R539T	24.0	False	3
Dd2_R539T_32h_rep3	0.018896793039741698	0.01759057537319281	0.06374177889039016	0.06957650562028937	0.04505470840873077	0.027092113511990187	0.024443212601542964	0.09434334998502131	0.1175524407544606	0.07707332135203677	0.02200814492053042	0.14483996657530598	0.019398654304693685	0.02753549688878861	0.025941301157320757	0.06381773577452395	0.040492138404748294	0.03745168917632183	0.004773152065622176	0.05837692119474772	0.03755946935521359	0.007495239053517179	0.04808730742260542	0.01058449515451712	0.008885680928468552	0.0018504833981942775	0.006149951690227972	0.0015154027580234165	0.036600710225063615	0.006451005912842427	0.05129163384711527	0.02200814492053042	0.014979442205021216	0.0024440897639119385	0.015382107628885349	0.004646049578503329	0.014993101845601469	0.00524313893284296	0.016637598613900406	0.0030110151797051762	0.007725097601032667	0.0019893051823902867	0.008784860377546345	0.0008993911437243871	0.010352380899378144	0.004755583436346972	0.021674818959377003	0.003709355109646174	0.007923443683307522	0.0020072245647579294	0.007993005583115699	0.0009731192085605443	0.0520450244090597	0.006331896785688023	0.020979798869812914	0.0034634137317300488	0.023860822576522753	0.003674674312265854	0.12474407301587397	0.02009589355943203	0.09598489438576906	0.02156754636869154	0.05521885804218473	0.008522920848205435	0.059546055170635284	0.010030450449654088	0.015344617946697314	0.0022459574264954976	0.004773152065622176	0.0028236384241566957	0.00038620739875498103	0.002318861461901458	0.0002695026544969923	0.020003344519206687	0.003929536683267243	0.01581646216565415	0.004326629052356482	0.011099527753032535	0.0012506252266705723	0.012023913813849225	0.0027180467184378517	4.450431808279556	Dd2_R539T	32.0	False	3
Dd2_R539T_48h_rep3	0.019086464941274264	0.01776931692312849	0.06459085286449559	0.07024700652620207	0.04431549490811095	0.02736781892352764	0.02426939621299807	0.09351191115153307	0.11738712287596025	0.0765185638435253	0.021865356962415844	0.1456390827341588	0.01955333925253689	0.027398242438071006	0.026131189601146125	0.06371581966861041	0.04049830954845275	0.03778829274992366	0.004798592759293278	0.057547825114635576	0.037144479465009435	0.007171015443101519	0.04796962237271839	0.010465855526912584	0.008776759559116812	0.0017946451205210112	0.006020583194554355	0.0014910980697021591	0.03641527256668451	0.006311015593810985	0.050785622991037574	0.021865356962415844	0.015096767554023028	0.0023966426872082387	0.015599375376084993	0.004695507132607398	0.014639342137039895	0.00519030533626625	0.016640302040354247	0.0030435557752875554	0.007728384785445734	0.0020126767962231605	0.00888145434332334	0.0009308233275446567	0.010288563039915863	0.004745686241996611	0.021727016442535337	0.0037370438240049435	0.00794957336522122	0.0020385287210728854	0.008097078992514979	0.0010012838624651804	0.05142789067551955	0.00611993443911603	0.02086630679515711	0.0034030894178409565	0.023724470252347297	0.003673772185723711	0.1255166934065461	0.020122389327612712	0.09594520858386388	0.021441914292096364	0.056021609308201235	0.008569243556294355	0.06003123937190818	0.010215767154293886	0.015501038172040606	0.0022682787510878866	0.004798592759293278	0.0029151404465182977	0.0003950964432604936	0.0023419874867156402	0.00027017941707280934	0.02029876773178703	0.003903546647875432	0.015862220629350766	0.004346565178228116	0.011351185553300678	0.0012752449232791617	0.012028415681065479	0.00271297276588232	4.47465684625136	Dd2_R539T	48.0	False	3
Dd2_R539T_3h_DHA_rep1	0.01831932236423423	0.01784847908120511	0.06439496048170601	0.07097157919409765	0.04427370141730468	0.02642458241976478	0.024318505767676437	0.09456941598456796	0.11973861856875422	0.0764759363408006	0.02160912016586106	0.1451848271246683	0.019173541557918426	0.02763722472464163	0.026007928773585817	0.06297055132332745	0.04029267157985391	0.03693408620542355	0.0047321815667966125	0.05812276535781134	0.03705488262770201	0.007218818789602671	0.04766348961176783	0.010432844420529887	0.008828826450589893	0.0018367129815074013	0.006170550863365079	0.001543512013040513	0.03657624960551097	0.00639741506361579	0.051595751315441196	0.02160912016586106	0.014664878589371695	0.0023975654909307894	0.015258499309040706	0.0046131428160803645	0.014612087109078086	0.005184287232879317	0.01643652482473645	0.0029964485773904263	0.0076456504489624605	0.0019933199862437814	0.008613707055225867	0.0009208640674863151	0.010197644915897084	0.0046569680985712025	0.021738388068423785	0.0036996704969618423	0.007589926467383764	0.0019537971228290583	0.007775360511622215	0.0010002382623991884	0.051890746144924324	0.0062320192128870215	0.020943670827291785	0.003374834940384653	0.023937300840424152	0.0036999238842174774	0.12507156377360149	0.020113263351066807	0.09804927169804996	0.02168934687070426	0.055760645358290804	0.00863431512341521	0.060681798385000756	0.010289780809096892	0.015546805002315358	0.0023016740788897503	0.0047321815667966125	0.0028543686896264826	0.0004004569911521448	0.0023508306582216204	0.0002725001556865316	0.01986298229192507	0.0038782212873181014	0.015690995930267897	0.004438776348631139	0.01080178280949672	0.0012602151719975066	0.011648756800382661	0.0027138276378878886	4.5206189140939435	Dd2_R539T	3.0	True	1
Dd2_R539T_6h_DHA_rep1	0.018643696527027288	0.017586725024609347	0.06510408224047595	0.07120551298893585	0.043749478096114985	0.027020857820606464	0.02425084943971415	0.09326987497420478	0.11836272499108076	0.07595502331132617	0.02183327633271326	0.1466210343973737	0.019318882801471312	0.027469707775529116	0.02615812288745762	0.06353243432463233	0.040295355815025136	0.03743318576627177	0.004737460502857526	0.05745171398257277	0.036688013490489946	0.007061464605625042	0.047621317619907434	0.01036299334356915	0.008689316146176603	0.001771544722335231	0.00601757238091464	0.0014922790984231028	0.036280626555324914	0.006275644452857827	0.05071360396602204	0.02183327633271326	0.014915220463310713	0.002369130523205723	0.015477772713564505	0.004671062066190827	0.0145792616010225	0.00514631681331383	0.01653573515136047	0.003026151949394372	0.007649171084194573	0.001974498153436494	0.008773670318551178	0.0009215432452890687	0.01024606431930609	0.004665480031267558	0.021665090664530123	0.0037187207999213674	0.007744389516485387	0.001960599122124347	0.007942482262071714	0.0009962256263458397	0.051378649751173705	0.006073064231399065	0.020890569417433915	0.003360280022280233	0.0237767943714317	0.0036929134040974178	0.12645846007112674	0.020162574326246963	0.09675763463848538	0.021605090352595373	0.056525329309110826	0.008578752931365128	0.06084733016692651	0.010358182822009336	0.015359111691604949	0.0022276133330043964	0.004737460502857526	0.0028812506126205417	0.00039069971967249943	0.002346179702930278	0.00026875241243134654	0.02033615655776672	0.0039088122517744435	0.01588159673154686	0.004389643708256095	0.011192598300709353	0.0012451802974142092	0.01187878656076575	0.002704292661717151	4.478464707131488	Dd2_R539T	6.0	True	1
Dd2_R539T_24h_DHA_rep1	0.018876677426164414	0.01771788606497735	0.0643622650826145	0.07075517310159565	0.04413946129551783	0.027157461303449072	0.024371355503654366	0.09405410839187214	0.11857175188593082	0.0765772656158383	0.021737484201709463	0.14474421394108905	0.01948252450249621	0.027536555846829153	0.026155536380010665	0.06333052402006348	0.0404357187739924	0.03745165857184897	0.004800070040629075	0.057742308049717236	0.03697596769541551	0.007163493600102321	0.04797265080568327	0.010409329997129766	0.008797158264048222	0.0018152426153116626	0.006093483082607792	0.0014894008510575923	0.036534541636409526	0.0063566434816415005	0.051162923273821125	0.021737484201709463	0.014949530263984845	0.002409440358791543	0.015463304021855445	0.004629383927217137	0.014692078138802904	0.005152838388576477	0.01658305533539181	0.0029879485729304264	0.007732402083144471	0.0019922550065025807	0.008834302838117595	0.0009235645747315636	0.01029627484266347	0.004701594524481589	0.021732902899253243	0.003704946507594101	0.007855247475076458	0.0020102666781758086	0.008017469320066407	0.0009936939528457406	0.051595993258541334	0.0061463147911759	0.02096539754309362	0.003405957960560745	0.02385701045148026	0.0036795453953488914	0.12476056526685524	0.019983648674233814	0.09702451223052473	0.02154723965540609	0.05582456970924671	0.008537695373367786	0.060526014448557576	0.010229158653038079	0.015458591487911958	0.0022592945770653905	0.004800070040629075	0.0028859496102929725	0.00039456912710180515	0.0023410271915569954	0.00026945790810420947	0.020026769544428447	0.003887834039933415	0.015875029963801253	0.004389502579153431	0.011174523368757308	0.001256445729822031	0.011989841434559795	0.002736650770309937	4.502874325537182	Dd2_R539T	24.0	True	1
Dd2_R539T_32h_DHA_rep1	0.01877727304727123	0.017737629231080826	0.06399228835326054	0.07018315005210869	0.044808489909607604	0.0270196717095955	0.024361922856012967	0.0947099996298806	0.1184958380429838	0.07721143868850766	0.0217291630545472	0.14413506737126883	0.01940734833459395	0.02749577381540139	0.02614992821068471	0.06316873255963608	0.0402350511894882	0.03742009331064048	0.004783829923903212	0.0581773107095265	0.03749902437263768	0.0073094655369699245	0.04832602165192155	0.010511307294809497	0.008871523213630635	0.0018368998724060794	0.006156502833234379	0.0015091838225055165	0.036774932577691724	0.006421611400026334	0.05151345565216254	0.0217291630545472	0.014972584384549988	0.0024281956591629414	0.0153972561895706	0.004622057077356948	0.014732761909581003	0.0051708029107304185	0.016517920338669657	0.002990058009934175	0.007706497798981718	0.0019961044526730343	0.00878920108734391	0.0009155449955952887	0.010226237162122228	0.004710458523156147	0.021599513855149317	0.0036988416490605094	0.007855987285075049	0.002017200684276587	0.007927832370472928	0.0009762527074466646	0.05196144701438943	0.006215863695137073	0.020944790843032437	0.0034171320129805284	0.02381227402602864	0.0036834997893727514	0.12422683704169726	0.019908230329571563	0.09693028329045093	0.021565554752532873	0.05547509631451933	0.008517192038741206	0.060055986070378556	0.010127163981730141	0.015480472924394511	0.002257156306686314	0.004783829923903212	0.002862471527917287	0.0003915398746594902	0.00233863017370366	0.00027153240566302645	0.019879616865764674	0.0038775725249561386	0.01588801635785026	0.004397737870890982	0.011080723039624108	0.0012569446411730253	0.01194923037839641	0.0027327736504019545	4.4946807259417465	Dd2_R539T	32.0	True	1
Dd2_R539T_48h_DHA_rep1	0.019041636462198214	0.017659513096150003	0.06431542878391452	0.07042492132399385	0.04438501593969358	0.02735023692035615	0.02428995380753969	0.09354276161171717	0.11757782529958025	0.07671190503730034	0.021884676951970276	0.14492812254359289	0.019568912165352177	0.02754081242821193	0.026145479420142587	0.06393917746211836	0.04057075614944445	0.0376913602411386	0.004815138494590555	0.057616365860994334	0.03711289351127274	0.00727212242842084	0.04804538658481788	0.010468018493212706	0.0088132841732541	0.0018170885801989615	0.006062344533862143	0.0015057826719545482	0.03638414175572292	0.006352362682140632	0.05080625717385362	0.021884676951970276	0.015043701179403787	0.002409124881845217	0.01556956663162522	0.004668967548264374	0.014822444736864625	0.005209491077803297	0.01669349993538519	0.003022652835964095	0.007762027053471828	0.002004674201595689	0.008880660252557938	0.0009215506577267195	0.010367863599189273	0.004742739041222293	0.02174054599725765	0.0037196075117752305	0.007926919242339847	0.0020241660229442055	0.008095457666188001	0.0009950935307261614	0.051442205106899126	0.006174160754095205	0.020882438706461916	0.0034075151010777745	0.0238585510085448	0.003682261419667132	0.12486386516152188	0.020064257382071012	0.0960917043389307	0.021486120960649543	0.05575926915979199	0.008556159624122534	0.060233888728839655	0.010191032595154196	0.015404752562633451	0.0022547605335165527	0.004815138494590555	0.0028905199775351824	0.00039472985633194776	0.002333148842875853	0.0002647817204631312	0.020260535581283417	0.0039305532948177326	0.01592648072350301	0.004335818299433464	0.01125750640705841	0.0012652257319750837	0.012080545055574026	0.002746959725748633	4.472268610742558	Dd2_R539T	48.0	True	1
Dd2_R539T_3h_DHA_rep2	0.018944218887640592	0.017918220063352797	0.06440064918060738	0.07022708176099444	0.04442331700211712	0.027158348318848117	0.024238386031231917	0.09401584734956728	0.11812803224741687	0.0768737936541966	0.021724268752373994	0.14484490652106358	0.019537684368384302	0.027547198965803956	0.02612586732389735	0.06344746459318933	0.04050497260096964	0.037309617803364656	0.0048707995896019405	0.05775932498537822	0.03721573118918512	0.007207585812932002	0.04811971440314177	0.010447878122790475	0.008851246034935058	0.0018189348217261293	0.006112511899195427	0.0015235083724077386	0.03657112864946838	0.006336298536724509	0.05110842016337438	0.021724268752373994	0.014884126512599783	0.0024010071267874782	0.015384993590837606	0.00463949057313979	0.014609447675200745	0.005209114463188892	0.016601737405730423	0.003031855555655857	0.007748350040168542	0.0020357901829153578	0.00880965933845951	0.0009438848068408916	0.01030730376660298	0.004726199955637144	0.02174530142965134	0.0037261674490781794	0.007854746220381913	0.0020306604165744604	0.008041920231843148	0.00101689201884107	0.05162774259264024	0.006131582392737979	0.020880579562786883	0.0033578064684450333	0.02386008433748443	0.0036871146283195266	0.12491095481555464	0.019933951705508934	0.0967423492289513	0.02138568301846558	0.05580522533538293	0.008595423845224446	0.0600843635315838	0.01014271822941065	0.015613241718738482	0.002304978344614314	0.0048707995896019405	0.002908962621264241	0.0004037354116415431	0.0023617933469818253	0.00027041381720413986	0.020126622807793898	0.0038686866856195157	0.015821642800631808	0.004359319326173794	0.011223059255701131	0.0012793414698739122	0.011935132582490232	0.0027208150107828405	4.523696958634363	Dd2_R539T	3.0	True	2
Dd2_R539T_6h_DHA_rep2	0.01885031272296029	0.017797825656539135	0.0645875922815632	0.07043657290750555	0.044162480467179605	0.0270602259043326	0.02431345949749892	0.09382467493424909	0.11833271871243185	0.07646372613414106	0.021728801992552022	0.14568599780153568	0.019418016737301976	0.02758821414481334	0.02606776144970248	0.0634141698869964	0.040494662417938414	0.0372079381955011	0.004813177851505177	0.05775167030375212	0.03699893873065926	0.00716354173652035	0.04783269648789944	0.010417639239087482	0.00881148645974117	0.0018081037424092239	0.006081814027588213	0.0015119861774155286	0.03646930297111951	0.006332296198276674	0.0510230757648529	0.021728801992552022	0.01482666016049592	0.0023902400989530125	0.01535873424566731	0.004632303690384848	0.014584800407515468	0.005185897033962287	0.016585542749736445	0.003023827396936067	0.0076927612520009065	0.0020179778392522395	0.008771845588475614	0.0009354320575732149	0.01028429194812002	0.004721646957730488	0.02176540234126961	0.003723321170818301	0.007813455507500672	0.0020147442406421028	0.008011379968325186	0.001010733006492327	0.05162254147145414	0.006129128832297981	0.0209429869003088	0.003370472597190121	0.02389608571365599	0.0036921284311573536	0.12562202628768127	0.02006397151385443	0.09690048542369843	0.02143223328873342	0.055983536495576615	0.008604055785986582	0.06027008089043454	0.010166492017071009	0.015519548707054952	0.0022782769494841828	0.004813177851505177	0.00290686362539114	0.00039989927149676404	0.002354877892841173	0.0002698800355585214	0.020154705376196895	0.003879396922649238	0.015778636287212926	0.004357604337201957	0.011192563905603123	0.0012711185953700752	0.011894760608715749	0.002701782794643654	4.521250031121929	Dd2_R539T	6.0	True	2
Dd2_R539T_24h_DHA_rep2	0.019031236642238797	0.017842378547008902	0.06392706876736928	0.07046619854971645	0.04439895901692762	0.027190897361019522	0.02436210065010282	0.09432821020113183	0.11871084326605282	0.07695858807374266	0.021677350175102705	0.14373308759216255	0.019650681449449047	0.02765025017199973	0.026179987828110034	0.06327480237199973	0.04059654635735903	0.03730245192421395	0.004859886121281165	0.057858474933011064	0.03714707091498077	0.007251888101946851	0.048070543356359435	0.010459285448692552	0.008903772226611671	0.0018453766491841792	0.006161578341661502	0.001518032051233323	0.03661252579758111	0.0064002470428361465	0.05131543736071456	0.021677350175102705	0.01489401399621027	0.0024298119618700867	0.01538168628115074	0.004596939684982852	0.014693006551962984	0.0052065515195879476	0.016642044916675012	0.0029986592073672734	0.007804703700388692	0.002030555915258102	0.008884133490361911	0.000931288343440344	0.010327232181436318	0.004721333610049095	0.021838020296556113	0.003709960269317506	0.007915373849298468	0.00203866688843542	0.00807149300695241	0.001005702897552499	0.05164807584288836	0.00621039909012271	0.020957486704561098	0.0034046139455417225	0.023961857014255523	0.003688393157744209	0.12385005202965958	0.019883035562502958	0.09723670259440678	0.021474140671646033	0.055380651608920965	0.008546417158448316	0.06031839971462797	0.010147798835088474	0.015538188911349246	0.0023041896356596567	0.004859886121281165	0.0029066994911638427	0.0004000999024730094	0.0023541652317549512	0.0002696715589359622	0.019857153969103022	0.0038773862073034912	0.015854023523902507	0.004395328119879762	0.011153742242968164	0.0012777043064258452	0.012020552779460679	0.002738898032164832	4.528083525260497	Dd2_R539T	24.0	True	2
Dd2_R539T_32h_DHA_rep2	0.019079878451915493	0.01794081816086017	0.06341061122363785	0.07013223994943155	0.04502681430379167	0.0271987570441583	0.0243312544832079	0.0951149270978555	0.11860051154906578	0.07777367675995316	0.021618414178332223	0.14204876480402368	0.019735302021774457	0.027612455477764208	0.026293845640422166	0.06310808766221791	0.04051948729889767	0.03741130669856916	0.004906403802775411	0.05813644339134567	0.037643015111989364	0.007383799191802309	0.04850828728788358	0.010581221961268615	0.008999466923993933	0.0018729737204645634	0.006257944167263033	0.0015537826990794162	0.03689745832100191	0.006465636212888551	0.051751832563965046	0.021618414178332223	0.014991254791008888	0.0024614714698905243	0.015368278523905213	0.004590301913764533	0.014742572762317064	0.005233446076222389	0.016605050074414512	0.0029956559283530427	0.007853820193565595	0.002046718342529982	0.008901400339748733	0.0009333631459301444	0.010304419206248253	0.004736405777639807	0.021769494771467324	0.0037091675435422865	0.007982724065229985	0.002069243509352776	0.008030957295348966	0.000996953581983768	0.051846746945394505	0.0062896964459511605	0.02091104736229714	0.0034202071209107634	0.02391299088716966	0.003699464590594548	0.1223686661005535	0.019680098703470175	0.09712435986390215	0.02147615168516364	0.05490556520357098	0.008505046020066865	0.06003084508081909	0.010101394868612454	0.015616067711098327	0.002324750449761844	0.004906403802775411	0.00289428719049698	0.0004008424254296458	0.002368000827434686	0.00027361774418441877	0.019657424893798656	0.0038739379271122572	0.015925876613229563	0.004431220839646873	0.011079959962210366	0.0012859711352174662	0.012077061828340604	0.0027557641183898595	4.522428472648502	Dd2_R539T	32.0	True	2
Dd2_R539T_48h_DHA_rep2	0.01911012146337826	0.01785403973753083	0.06367650286729773	0.07038338598600428	0.04486121883106465	0.027216537701083007	0.024266279300226495	0.09440283598247431	0.11844197076358447	0.07742909653963528	0.021692061272960608	0.14252109499826626	0.019740535577819768	0.02769219795748105	0.026207394056631104	0.0635768446241004	0.04065730751465423	0.037477212838637544	0.004906000300360093	0.057887361686809774	0.03744131225811172	0.007419906572952931	0.04821515970044795	0.010577451342330435	0.008996531770222256	0.0018747382212312234	0.006210655840221972	0.0015545596651814484	0.0366312584091064	0.0064444110002311655	0.051327166573136754	0.021692061272960608	0.014982836263020003	0.0024510484991824167	0.015418908340314796	0.004624419736120331	0.014816860939779556	0.005253119540648842	0.01669151094997307	0.0030147756621203047	0.0078521607384437	0.0020544508413062328	0.008898124912906133	0.0009357990851637053	0.010372844891167929	0.004757126834335333	0.021811838607091	0.0037154971820599725	0.007943760637561694	0.002061470227166658	0.008099211530069495	0.0010056790685804159	0.05159115486445889	0.006296206822350891	0.020834654904564636	0.0034316243956618586	0.02398957467358149	0.0037026232838995622	0.12266579912540694	0.019855295872859335	0.09690981881073575	0.021532151952848716	0.0550646516751647	0.008611851192133022	0.06021223259768019	0.0101711533883241	0.01553382408965959	0.0023202156478712393	0.004906000300360093	0.0028999150351913254	0.0004054297968688292	0.0023594091354297306	0.0002715603946674655	0.019885411616867885	0.00391516591471073	0.015899095416044055	0.004371984278429698	0.011092338072880226	0.001292213373530286	0.012074633874179987	0.002757352380492506	4.5007029034046235	Dd2_R539T	48.0	True	2
Dd2_R539T_3h_DHA_rep3	0.01889616406036241	0.017709251932619918	0.06503829196569215	0.07067587546257607	0.04389124743816924	0.027227766704036694	0.024264646840124263	0.09322444144082778	0.11786036853520128	0.07610595920716366	0.021817397203988783	0.14643528059835487	0.019463437267250996	0.027487049010091597	0.026120024839441	0.0636347310641612	0.04048486349307979	0.03748517151660843	0.004786754560438374	0.057391276859811484	0.03681424142277927	0.007077006015389968	0.04772711979042385	0.010386502194292413	0.008709411073203652	0.0017835569864886915	0.006014505345725852	0.001484863817029194	0.03629308811097296	0.00626802583418615	0.05066332749566868	0.021817397203988783	0.01493894084958806	0.002364804673546812	0.01548684483183336	0.004694581161640197	0.014566442348793632	0.0051572616503384764	0.016585674474808045	0.0030351344750817718	0.007690710891173954	0.0020075507119908516	0.008826613700503666	0.0009385619635825248	0.010271508681864962	0.004720283278317158	0.021756196377917904	0.003736875154979764	0.007835580676132098	0.002005052546213736	0.00804014503037525	0.0010153858076413255	0.05132683319531585	0.006064443664495635	0.020880159841019406	0.0033844869991048582	0.02380540717202805	0.003681641838063548	0.12627484072501194	0.020160439873342942	0.09639060603496197	0.021469762500239315	0.05642536884483616	0.008612923120855988	0.06041069395072091	0.010265181511855157	0.015449104741640402	0.002260147190979515	0.004786754560438374	0.0029084326183495077	0.0003984673078650669	0.0023533450783085378	0.0002732594773994952	0.020380972000403584	0.003909246114735694	0.01583279139472022	0.004353728962798174	0.011333924848683917	0.0012633252858357496	0.011921473706827126	0.0027090428626898996	4.489598151534631	Dd2_R539T	3.0	True	3
Dd2_R539T_6h_DHA_rep3	0.018931243336422675	0.017618682707851406	0.06517562276155776	0.07080814210108649	0.043798857829983696	0.0272862895292826	0.024273006720959747	0.09298480115503424	0.1177776923742492	0.07602117368678246	0.02182019141788783	0.14658664242178573	0.01944263661374148	0.027466597263289587	0.02613848169883628	0.06374743363321198	0.04046095777031089	0.03755930698459574	0.004778302335340391	0.05732393765778958	0.03673973736217132	0.007059120467812373	0.04773993764246546	0.010359397695301182	0.008685668699219952	0.0017679376574489725	0.005993976865201124	0.0014742551271457764	0.03626902534312892	0.006251323830486152	0.05046445198141917	0.02182019141788783	0.01499511595454389	0.002367111132224865	0.015527230116038767	0.0046698497817882125	0.014583924656956949	0.005167069626241383	0.01661481193456855	0.003041818532954254	0.007666622784291247	0.0019950941184568188	0.008848238572198542	0.0009326811387948722	0.010266682620677092	0.004721730001770604	0.021744107877936035	0.0037284372699271564	0.00785045671457342	0.0019995623462399593	0.008073082906501234	0.0010081413691080613	0.05128044420615208	0.006043493451637494	0.02090142289231426	0.003371583828645486	0.023784342604873988	0.0036822546584155996	0.12642979699563664	0.020156845426149105	0.09633702443576095	0.021440667938488256	0.05658735077972123	0.008588271981836539	0.060540735707488295	0.010267406393598194	0.015387646365543833	0.0022310363423075725	0.004778302335340391	0.0029063994224118295	0.0003924519361526402	0.002347471724033103	0.00026877653541314083	0.02042565156591081	0.0039141573165800215	0.015879427079709275	0.004343955001116292	0.01135685371497583	0.001254883319332969	0.011967605367017934	0.002706947127955866	4.493191383409555	Dd2_R539T	6.0	True	3
Dd2_R539T_24h_DHA_rep3	0.019283872574161073	0.017733657066937743	0.06445275974753412	0.07055783568715387	0.04399111258174482	0.02759034194372228	0.02435280568387846	0.09341189727300783	0.11781672225125939	0.07640392159190335	0.0218007943606881	0.14487412417520765	0.01968145020037927	0.027570698173370926	0.0261965926199478	0.06366747770068411	0.04069053484633993	0.03768788354715756	0.00483793839001065	0.057397579584910895	0.036856477664530915	0.007134634917213902	0.04787295757437083	0.010419274575324046	0.008779629048530751	0.0018030387535209488	0.006050578962692252	0.0014784426774645254	0.03639569481171896	0.006319580864939095	0.050696621596349765	0.0218007943606881	0.015067478579271062	0.002415775683373003	0.015533569169844533	0.004671060114668956	0.014708315377640016	0.0051671001531759814	0.016673354305841527	0.003014425923747532	0.00777652677685211	0.0020195027802160713	0.00895062285084719	0.0009347977924638979	0.01037491144451429	0.004750536431649645	0.021836491775321074	0.0037285951948549203	0.008029546646856026	0.0020529294350539917	0.008184099987638652	0.0010172965046124061	0.051284292468772995	0.006113287116137897	0.020925281210241134	0.003427524473637325	0.02389271859364704	0.003677979579723886	0.12483104630399518	0.02004307787121248	0.0963701430625729	0.02144657918868649	0.055890989947445464	0.008561769800088655	0.06035914116913551	0.010198694518018364	0.01545945893901802	0.0022741981279197246	0.00483793839001065	0.002923557996154002	0.00039652624921287903	0.0023543047447872932	0.00027013467032100487	0.020191960458990528	0.003912321481288531	0.015893782369702784	0.004358286589769831	0.011418028111738851	0.001276379353169974	0.012148640523597053	0.0027472939552164004	4.493497178021292	Dd2_R539T	24.0	True	3
Dd2_R539T_32h_DHA_rep3	0.019210974596920057	0.01779315599500834	0.06385103593952338	0.0700637303255419	0.04476692839128156	0.027418454640829388	0.0243387867812753	0.09436162634020598	0.1179665100119614	0.07730314597068885	0.02175570216048593	0.1433126905768924	0.01967487447106718	0.027559979331255962	0.026296100946351077	0.06339461348605747	0.04053432680061031	0.03768506818505477	0.004865168570641363	0.057847126478347416	0.03745479756757823	0.00731213082370333	0.04837690476224589	0.010530694685862861	0.008894879259189295	0.0018338369471901559	0.006153001659179848	0.0015138286570208193	0.036738520555682136	0.006403640950647953	0.0512194648338759	0.02175570216048593	0.015120246034747035	0.0024473084191471584	0.015475197644095655	0.004642316087064928	0.014746087394597726	0.005201137308010502	0.016618894620736898	0.0030036728588875784	0.007785717016791804	0.0020270343841952217	0.008933055280874748	0.0009290677892054092	0.010327334256378969	0.0047566579613928855	0.021727957452566445	0.0037223771302720117	0.008039324069923208	0.002071200876855374	0.00810202944182009	0.000998420208321384	0.051646249575273306	0.006200876903074106	0.020907372323815884	0.0034314144574594152	0.023868519499229544	0.003691459832026418	0.12347569999031023	0.019836990586582164	0.09650525065570302	0.02146125935625838	0.05533667661600623	0.008514359323517136	0.05994957211411942	0.010114158211422485	0.015505139546240606	0.002288016448767736	0.004865168570641363	0.0029035052492036553	0.00039615252532592337	0.0023548376696652007	0.00027127687819867506	0.01993279578708543	0.0038920255167393353	0.0159780827238698	0.004392245900087823	0.01126291385901234	0.001274952701009949	0.012128637858041259	0.002751950222765839	4.496718904222218	Dd2_R539T	32.0	True	3
Dd2_R539T_48h_DHA_rep3	0.019343074790893245	0.017670043656089693	0.06432429111807017	0.07027951710393827	0.04436125511429041	0.027631310399703974	0.024261803299046623	0.09327919738796894	0.11717839794045973	0.07671151373438707	0.02190233971675027	0.1445021814782635	0.01973683354713029	0.027580780405933095	0.026181166418290498	0.0641406489323447	0.040763323089725655	0.037833045177323416	0.004858856123103246	0.05746042056628703	0.037077932836565075	0.00728332227772534	0.04798365189802199	0.01050347823205288	0.0088424862662821	0.001823704648907835	0.006055507188849735	0.00150268550027254	0.03634782957143529	0.006341136504327817	0.05059023131220584	0.02190233971675027	0.015127496385503071	0.002426121566113218	0.01559344534708453	0.0046859818786225945	0.014845097654601631	0.005230672652479445	0.01676963647267591	0.0030379203425273766	0.0078034025870660035	0.00202953220215384	0.008972306212992009	0.0009315925449184393	0.010428988382296443	0.004781518391874146	0.021817535021270228	0.003735281294284839	0.008052631502956303	0.0020590370912356897	0.008217692890099652	0.0010137133066016023	0.05128758164177515	0.00617283892451188	0.020835690921050795	0.003426112377995828	0.02390019459573918	0.0036805858101939142	0.12445568465721672	0.020046496821046755	0.09577033062074752	0.021408067319712197	0.0557369573527295	0.008587333765340675	0.06010476063652816	0.010174756467410121	0.015394651342437164	0.0022753923136525304	0.004858856123103246	0.0029167927343174043	0.0003975564959286498	0.0023472117711536788	0.0002668115388766007	0.020309499534687237	0.0039478222753731	0.01593298074821559	0.004319813129798575	0.011400655152747687	0.0012754881964880018	0.012201061236532442	0.002754105813935847	4.473562661705747	Dd2_R539T	48.0	True	3
Dd2_C580Y_0h_rep1	0.019103195513709835	0.017539544052953677	0.06476797733119308	0.07066554522189653	0.04434985167491886	0.02758234481304577	0.024189139414997445	0.09305334298863659	0.11753579760137223	0.07653186978387255	0.02181012556362062	0.14500272505592118	0.019577094434349823	0.027457043587551116	0.026307196753446303	0.06399028095803766	0.040522990396515426	0.03787573592146066	0.004804729544256662	0.05733346938824391	0.0371002563284011	0.007249595346517757	0.04806973995343036	0.010449705166136558	0.008705824079169389	0.0017956412262295498	0.006038616624303151	0.0014723427346035516	0.03627834899699135	0.006295592392402325	0.05047940159924291	0.02181012556362062	0.015129176303144925	0.0024055137584922115	0.01565555707851025	0.004685488781313274	0.014730212904928233	0.005181378965372156	0.01667029177160191	0.0030360312927830775	0.007715085536634054	0.0020161875417903465	0.008921180610773212	0.0009246407451522085	0.010322380687723719	0.004775811331254258	0.021705164357804747	0.003719634019732702	0.007955227619618196	0.002033653152945265	0.008124917545817562	0.000989397195328812	0.0512149053646951	0.0061185640235488096	0.020788976299806746	0.003400163115190698	0.02378694879168085	0.003670094795870263	0.1249827458990486	0.02001997915687257	0.09598610544471367	0.02154969215665855	0.05620233199765949	0.008565645333533586	0.06045345855421418	0.010212086667682335	0.015337230517967591	0.002202313534986086	0.004804729544256662	0.002890719931497061	0.0003887052423487337	0.002330545251588367	0.0002734391665014847	0.020428013569325807	0.003944352454026483	0.016080357520376447	0.004343429641134213	0.011438138773541155	0.0012673915074905278	0.012156475856491036	0.0027203386755230512	4.45417524978682	Dd2_C580Y	0.0	False	1
Dd2_C580Y_3h_rep1	0.018340533830660505	0.017678402959039163	0.06444710130915247	0.07112644927340876	0.04434717646331874	0.026537492276224442	0.024265703492861307	0.09439824071001299	0.11977853659587266	0.07650600089544467	0.021649582080409093	0.14514926205535247	0.019137784643609868	0.027574017383045744	0.026045693066162053	0.06304807022772228	0.040137409743275364	0.03709751514513202	0.004707580864479135	0.058027446984816225	0.03710031985588351	0.007246856607435229	0.047730052980029615	0.010458834930024911	0.008824154330114495	0.0018293525104713633	0.006134135690605904	0.0015294704541983786	0.03654307370789043	0.006396141196312487	0.05145902580581008	0.021649582080409093	0.014756718341974867	0.002396962348915817	0.01531366746689739	0.004630166987343947	0.014582848719779416	0.005186231040760887	0.016448885966855738	0.002994955534435347	0.007610883099742311	0.0019882379923202393	0.008623946767198984	0.0009147167843483367	0.01016029561553708	0.004665978126086066	0.02160948276643924	0.0037016532352129785	0.007602178243302137	0.0019659823648701257	0.007787067505874625	0.0009853057166136128	0.05179507200173756	0.006232374983078668	0.020874420432829128	0.0033912830600321786	0.023885003938052988	0.0036890134449927554	0.12508160445888994	0.020067657596462524	0.09802081425917838	0.021757722336694277	0.05581880009167871	0.00862830121747377	0.060822594211916464	0.010303855061492296	0.015429554023411965	0.002248848935627198	0.004707580864479135	0.002842242883718452	0.00039834493617647723	0.00234138622282419	0.0002752205540073078	0.019950411189596513	0.003884737776294387	0.01578015871288048	0.004408339756555145	0.010859522914787608	0.0012629969073284057	0.011714798060342643	0.002700174393765783	4.505104566660768	Dd2_C580Y	3.0	False	1
Dd2_C580Y_6h_rep1	0.01912457652271834	0.017675830278690106	0.0646413029389586	0.07134623605374284	0.04405554161095992	0.02741588534322795	0.02419710305507061	0.09351981486012667	0.11806088932029937	0.07646409981409714	0.021776562726218054	0.14439722214243741	0.019630342915623072	0.027513028308075997	0.026185278017092233	0.06343932993007609	0.04047551741294819	0.0379524127167998	0.004788569285937308	0.057340456746900456	0.03687006781703606	0.007185473793923857	0.047827307764991514	0.010485359270572902	0.008765072468380817	0.0018047837828941496	0.006080348441321711	0.0015012280859360463	0.03635124444831748	0.0063351726873695086	0.05083339772443968	0.021776562726218054	0.015192292042816273	0.0024139146170601925	0.015627414521717505	0.004718791535205831	0.014626160240189917	0.005169940709687468	0.016517748597923963	0.0030167357560993147	0.007777241415693532	0.0020176204748524416	0.008896619817027536	0.0009388612080495618	0.010318186716635942	0.004731540326247586	0.02169646425400161	0.0037293261160630566	0.007959845674240145	0.002044791743087105	0.00810077075549761	0.0010191683498934792	0.05119820121194062	0.006142255534959839	0.020799167918807943	0.0033979351362626647	0.023823949809592328	0.003689078498483671	0.12441434169722736	0.019982880445210068	0.0964597615068631	0.021601127813436274	0.056024658292609185	0.008616644646349413	0.06092824831463728	0.010417987739105553	0.015413068416654812	0.0022627618620352937	0.004788569285937308	0.002902376224720903	0.0004008265822848923	0.0023601114637845626	0.0002751158346111251	0.020209248794166225	0.0038994958320091974	0.01587295486709931	0.0043738930445914375	0.011353883066770048	0.0012916768395391158	0.012029805323597152	0.0027405201133216366	4.465496539808605	Dd2_C580Y	6.0	False	1
Dd2_C580Y_16h_rep1	0.01963381064596647	0.017659306386688774	0.06461541051033573	0.07117109165130057	0.04389704095432892	0.028149708728373243	0.02424369043046172	0.0928955553676128	0.11705352059817292	0.07637374110050302	0.021894626232830474	0.14414180569356383	0.019800367182012595	0.027437997754041484	0.026285037429830224	0.06386829790303905	0.040648806346203985	0.038409131690336946	0.0048066457824186	0.05701440761197847	0.03680125401154483	0.007095786942784083	0.04797462530305672	0.010456086930787228	0.008725335457968358	0.00177817355218723	0.005998432268309237	0.00144108758819425	0.036317173650865446	0.0062841604355281236	0.050294221281219235	0.021894626232830474	0.015436064665823205	0.0024194074871572383	0.01581257339965345	0.004741086137703054	0.01471591347197908	0.005160301242328427	0.01673496245447848	0.003013582963780617	0.0077761489944633486	0.0020193321251315015	0.009064363859056757	0.0009405222033609898	0.010471059953803936	0.004770381995152305	0.021690302591712462	0.0037170618055352798	0.00820247242578303	0.0020996917704527805	0.008320995193626078	0.001010651256104582	0.05092845846845448	0.006085949143523989	0.020785907231939998	0.003457783198521721	0.023765695008489577	0.0036723027455519085	0.12419335272360342	0.019948452969960406	0.0956459846569019	0.021407535941271018	0.05605691497294087	0.008558495537394864	0.06088610856622154	0.010284983085079026	0.015398757661239609	0.002260548725449166	0.0048066457824186	0.002917561752530428	0.00039695430621355926	0.0023323789939544465	0.0002683407134139655	0.02034810833407017	0.0038954294364022734	0.01603296540024949	0.004336836263468336	0.011703179381344733	0.0012989925514707771	0.012414939984702939	0.0027325968108547942	4.4678651909913905	Dd2_C580Y	16.0	False	1
Dd2_C580Y_24h_rep1	0.0191533377306002	0.017762160009379975	0.06400860188934437	0.07001365482270391	0.044760758346672896	0.027219298786198897	0.024299858488717404	0.09468239863018521	0.11787194787120572	0.0773225326940661	0.021792914135220266	0.14426798100828958	0.019272671624863055	0.02747690672252403	0.026184192162575712	0.0631668622073284	0.040309996093201336	0.03765136855421237	0.004737552035126343	0.0580450061875843	0.03749525663702706	0.007265501709645835	0.048533283098577185	0.010543467171667384	0.00884252213576416	0.0018116787928296654	0.00610133522021376	0.0014902462750139487	0.0369028506169318	0.006401915861624741	0.05137763215162867	0.021792914135220266	0.015088623677601509	0.0024359688069178465	0.015476295380746593	0.004650480688946419	0.014679137891025446	0.005161555324806751	0.016533233477960485	0.0029985845872366372	0.007616268088817647	0.001972503998147338	0.008776159489363222	0.0009077400485348472	0.010313249598120274	0.004738163411250717	0.021548944186123953	0.003709638897706398	0.008074305106440591	0.002058181254913677	0.008030946873067338	0.0009899044961785954	0.05185742794220681	0.006187578245377489	0.020864247704646635	0.0034356107840707696	0.02381301972776445	0.003663886994759579	0.12439855513389235	0.019869425874397238	0.096407377920936	0.021464569950269727	0.05550993532160873	0.008498666567735642	0.05999890121147689	0.010014753611227023	0.015497375223105252	0.002264784786274724	0.004737552035126343	0.0028918911299450453	0.0003922367196097028	0.0023365731166126807	0.00026993171535463143	0.019930868860108406	0.003863482066190669	0.015917643371357353	0.0043759161096962994	0.011257825280795558	0.0012543287352317627	0.011999159726137793	0.002707985044033782	4.491465617261273	Dd2_C580Y	24.0	False	1
Dd2_C580Y_32h_rep1	0.01884974520257669	0.01760263666365766	0.06411664767618795	0.06980927115443714	0.04480930553627945	0.027095378241976272	0.02436710423058073	0.09434524155553706	0.11774002150154442	0.07697607181322816	0.02192345483568028	0.1453035407946129	0.01924250030433498	0.027453567657895545	0.026150847503983176	0.06351970256003878	0.04024022954582935	0.03750184512161009	0.00472364363772155	0.05822924446228789	0.037450106714945905	0.007359198821333549	0.04826331167427659	0.010514616613761374	0.008788762458149225	0.0018098411493889484	0.006105773830284416	0.0014937660873676078	0.03667888611799707	0.006415090130339003	0.05125126530720098	0.02192345483568028	0.01500198680911777	0.0024271546619796694	0.015424852430493909	0.004647851220018743	0.014828253886945005	0.005183483838797783	0.016540454299436354	0.002999993927471527	0.0076284496908906015	0.001965302794759659	0.008753979189468455	0.0008947686292162617	0.010277715778759581	0.00472935531591578	0.021534242697850748	0.003698915753303243	0.007933774593830328	0.0020126661297696995	0.007935422442743338	0.0009678820362333232	0.05199631697884909	0.006232927483438796	0.020937788564959838	0.0034293156656208914	0.023786055360361272	0.003667512297534274	0.1252792168990992	0.020024323895513695	0.09615129453037663	0.02158872697116778	0.055624612634916984	0.008492035041270966	0.05977676929480435	0.010032501859632795	0.01537842696057479	0.0022242097030828723	0.00472364363772155	0.002832422051684368	0.00038332709193497465	0.0023294223518807986	0.0002733936203445045	0.020065583563916526	0.0039019330434715794	0.01596862558815648	0.0043636567999820524	0.011173204199670153	0.0012421730379808295	0.011970326334355023	0.0027096746699702655	4.453773242803469	Dd2_C580Y	32.0	False	1
Dd2_C580Y_48h_rep1	0.018848845696713818	0.01776156808588307	0.06479470735702283	0.07005559934524364	0.04426477149321176	0.027065805761819918	0.02429189322127865	0.09364302188657812	0.11769142045970568	0.07638421773713033	0.02180780881667689	0.1466994590783269	0.01928119027420039	0.027415600892748342	0.026001966380208387	0.06366572435260329	0.04041202186370988	0.03744680289639351	0.00474506672245996	0.057722507678084525	0.03713031793190001	0.007134453561311748	0.04799534980842902	0.010410000713061345	0.008738870569320427	0.0017753123797826025	0.005985429062169576	0.0014792552043673699	0.036471270919335524	0.00629626837453428	0.05087548259270832	0.02180780881667689	0.014897425959749291	0.0023650126034129803	0.0155157082583016	0.004668656074929637	0.014576490796208466	0.005169915051035303	0.0166004046326099	0.003029971858576053	0.007616891373434986	0.001986088311121789	0.008755108299566196	0.0009231022900774176	0.01024611341760856	0.004718268849922413	0.021723110835861155	0.0037245287603177506	0.007823446896316857	0.0020024269041936877	0.008025397904338382	0.00099757399186489	0.05163091351740776	0.006091594160676762	0.02092202616662668	0.003369867054651968	0.023762195278189492	0.0036534056145588506	0.12657480308106092	0.02012465599726599	0.096275561400313	0.021415859059392677	0.05624722966631651	0.008547477690706328	0.059934478239509065	0.010121121105734567	0.015514518704746641	0.002247049381136428	0.00474506672245996	0.00290616631888412	0.00039379824984890117	0.0023345253561567565	0.00026920889206832335	0.02040046431610922	0.003888477698064344	0.015778302187539738	0.004319965375710547	0.011266403522828077	0.0012599366211659808	0.01185587063112594	0.0026835949866999206	4.495526475651135	Dd2_C580Y	48.0	False	1
Dd2_C580Y_0h_rep2	0.01924443683313019	0.018123343764896927	0.06470754657841334	0.06981845408256117	0.044712635969845906	0.027909749653928662	0.024120686115843278	0.09361490052982818	0.11746720679992276	0.07701697190157061	0.02160526203919428	0.1439266796865767	0.019653171480367243	0.02745879340023451	0.026111946538410036	0.06376442669992274	0.04073974855632332	0.03748062773011546	0.004966154178983447	0.05755725745993141	0.03746204948073188	0.007250586489114024	0.04821188299994343	0.01055304207073853	0.00886675319358048	0.0018254779865749307	0.0060699223321541386	0.0014898933185791034	0.036527774812823946	0.006276462496171943	0.050810663220832296	0.02160526203919428	0.014903365619067332	0.002406186733096965	0.015452079514338819	0.004718995863612335	0.014698033185313335	0.00518607446416907	0.01658553283640373	0.003035021537862755	0.007733826530148918	0.002074423421523857	0.008883070990573718	0.0009618505381207481	0.010372348947139605	0.004817010083098395	0.02181377055238524	0.003736618973700086	0.007943076355544467	0.002065419399221472	0.008192860096498198	0.001043080981866052	0.05144804226217868	0.006109215197752734	0.020754733298650362	0.0033659528171929155	0.02378632380638699	0.0036724695938475205	0.12414579623924386	0.01978088344733283	0.09616503510070264	0.021302171699220124	0.05605012353672837	0.008657423041684969	0.059749159372077705	0.010069294710483465	0.01580248118235172	0.002320862582545205	0.004966154178983447	0.0029424113887546997	0.0004198438689869324	0.0023568532470500778	0.0002788372440491993	0.02041394045736763	0.0038458242188062265	0.0157832756145003	0.00433072517506883	0.0116174640233674	0.001337323401909327	0.01214382787684171	0.0028111343518102253	4.514330109555133	Dd2_C580Y	0.0	False	2
Dd2_C580Y_3h_rep2	0.018922763032057418	0.017853277365174197	0.0647671607250946	0.07024178708421955	0.04424635734009005	0.02714024706502335	0.02429076675542276	0.0937125205028827	0.11822987319519995	0.07642998886680002	0.02170696102589034	0.14576030944981774	0.01934055301063415	0.02750487131445742	0.026046643453819626	0.06342079221244824	0.04050487001186008	0.037361673237690476	0.004814959280958473	0.057703625070458814	0.0370877824392443	0.0071585749008457504	0.04793093541596078	0.010416803674318442	0.00876585999320436	0.0018046938388497657	0.006027880984686292	0.0014838149597803912	0.03648269539091645	0.0063015227459262725	0.050928302366039985	0.02170696102589034	0.014872185248784071	0.0023814098268672332	0.01543674468049704	0.004671333481542131	0.0145294964773499	0.005180027447885899	0.01652379090024606	0.0030206374484624265	0.007624881418325081	0.0020109848327707837	0.008762984248613529	0.0009417025109247574	0.010260996041629883	0.00475046079378152	0.02176962527879871	0.003723787897649966	0.007841745402070839	0.002027392850200719	0.00803216761240337	0.0010214571673824884	0.051599625395218486	0.006103999675240324	0.02092898505965922	0.0033617816957635417	0.023836700040969074	0.003668171273488344	0.12568558166710767	0.020074727782710078	0.09677692730581651	0.021452945889383446	0.05615901593578538	0.008608144789309225	0.06007289980465175	0.010168887279567808	0.015578247768558833	0.0022750295966153635	0.004814959280958473	0.002925800581194346	0.0004071856243166227	0.002349629306382047	0.00027135651320241036	0.02029879226420866	0.003868047674295304	0.015762136862010723	0.004330534566713476	0.011309947973088895	0.0012775194321486074	0.011848408819034604	0.0027043708407512444	4.511125316067156	Dd2_C580Y	3.0	False	2
Dd2_C580Y_6h_rep2	0.01891029905063867	0.017858615144421282	0.06485755738752505	0.07041896708824982	0.04409608076874392	0.027353683082580148	0.02438988435852397	0.09347259134425914	0.11814210568972666	0.07619807825089987	0.021634649937712913	0.1457900977406252	0.019497052746328333	0.027529760210686025	0.02608926888646348	0.06341036224751538	0.04050669050893214	0.03736715355084513	0.00484456927712413	0.05763253272819855	0.036969118922443714	0.007126961846300204	0.047760715060622926	0.010408856368779733	0.008720481850213279	0.00179466214820195	0.006022706863475599	0.001490655959606394	0.03637056751432115	0.006320080129365221	0.05078194370057277	0.021634649937712913	0.01487044634402599	0.002386702046091825	0.015414355155991743	0.004695650004735566	0.014530532925185562	0.005163550003218255	0.016506886273694666	0.0030138610352339625	0.007672587516944416	0.002063462390139289	0.008805893922484124	0.0009551089167605047	0.010280021520269649	0.004786599659388829	0.021706314044265408	0.003733755285008254	0.007823347931186076	0.0020587221359543877	0.008013450165517244	0.0010147788179809603	0.05151074099720067	0.006121791730997879	0.020980618331649995	0.0034092660268739755	0.02385084503714117	0.003678915173544854	0.12564782172677133	0.020142276013853887	0.09667722972371687	0.021464875966009787	0.056167501042282644	0.00869005634524241	0.060168846523870466	0.010250120564379355	0.01556936895681163	0.00228924618760965	0.00484456927712413	0.0029324097163577678	0.0004143208489709511	0.0023559532709429565	0.00028397879915524073	0.020344636888639855	0.0038508951215430764	0.015779959663776166	0.004322646587260399	0.011392411946922093	0.0013164543364259575	0.01194093901580012	0.0027038777834319794	4.503973369182654	Dd2_C580Y	6.0	False	2
Dd2_C580Y_24h_rep2	0.019554816940204445	0.017783864601449657	0.06380955446577552	0.06987847724335537	0.0446961516890231	0.02752748610245668	0.024333032584523274	0.09431876975455139	0.11771907776956927	0.07728806200064016	0.021784185988166067	0.14379982967978686	0.01946982665122846	0.02750542515042644	0.026315032740066663	0.06335202560546177	0.04047387490630318	0.037908850499312884	0.004742315471947102	0.05773934015575181	0.037419756048611134	0.007276395640411963	0.04852224196291255	0.010535727553239586	0.008863230838046418	0.0018125776550008267	0.006077285085912743	0.0014769989055280384	0.03684335102452241	0.00639741906075295	0.05107799966927603	0.021784185988166067	0.015236144542809624	0.002456280073494378	0.015574497092350616	0.004641928790658266	0.014697866677204671	0.005199266301526396	0.016681366846513297	0.0029987175359565015	0.0076651898476686	0.001992774730929445	0.008899727167240355	0.0009121349053900609	0.010360586301046476	0.004775880034749669	0.021630421487917727	0.0037069870825893084	0.008254512224533144	0.0021173706223030844	0.00818599209499509	0.0009969419983731286	0.0515689153667352	0.0061704247890166115	0.020878300382359487	0.003454732202163786	0.023849359020931802	0.0036560661294946367	0.1239535466501786	0.019846283029608246	0.09632549895521786	0.021393578814351423	0.05533428078101174	0.00847527368476378	0.05993173263873096	0.009946744604624417	0.015510565098027842	0.002273299503421816	0.004742315471947102	0.00292836250392794	0.0003922160210212187	0.0023487612354683553	0.0002696156672551587	0.01990976209922246	0.0038650461450384483	0.01601366023509443	0.004362417077299561	0.01140100743702085	0.0012588853252983021	0.012152672596835407	0.00271492074330212	4.5025425521886016	Dd2_C580Y	24.0	False	2
Dd2_C580Y_32h_rep2	0.01910065599075103	0.017678460613226595	0.06396169352135922	0.06981718629644709	0.044832848399696236	0.02723947897181946	0.024358769296475322	0.09444022527004345	0.11782980073108243	0.07716574211736493	0.021835747319144314	0.14442813712820676	0.019414554935732787	0.027553404533584687	0.026168315158937278	0.06338339749032375	0.04037166037689242	0.03761123032806833	0.00476219250100476	0.0580464990198393	0.03745684468836518	0.007376003711331054	0.048353737602823	0.01051445537557796	0.008845322392982025	0.0018259793195250953	0.006128286299018712	0.001497961127438143	0.03675801151389005	0.006444969944446897	0.0512372438117065	0.021835747319144314	0.01508456353029219	0.002447413807139609	0.015449077138434858	0.004630175852201674	0.014778454801947286	0.005200855153582673	0.016570116822219958	0.0029983927146372165	0.0076687977815000545	0.0019944024073937955	0.008845157980113705	0.0009061967667252336	0.010308024066508567	0.004770925152190648	0.021589448832462003	0.0037032623257311982	0.008040990673199638	0.002062757851923964	0.008017775265022129	0.0009791322006053008	0.0518166975557989	0.0062298014640403965	0.020910307272427636	0.0034484620240476855	0.023891167800377047	0.003662236733207639	0.12446214151342122	0.019965995614785553	0.09633884908220466	0.021490951648877762	0.05543641067156605	0.00852528284979317	0.05983994208826653	0.009977244208180561	0.015428051353403884	0.002250409259822712	0.00476219250100476	0.0028637273919519188	0.0003907683150713526	0.0023331857021629955	0.0002733834590080109	0.019942039684637612	0.0038935383132990054	0.01595672447793658	0.004350525812806422	0.011230433351202869	0.0012521786860827423	0.012049245699799658	0.002707621234734192	4.482763288299306	Dd2_C580Y	32.0	False	2
Dd2_C580Y_48h_rep2	0.019259800362740553	0.017739574872246724	0.0648179817087097	0.07040554992329781	0.044053991597373825	0.02749281155117532	0.024233070146379803	0.09314495409214879	0.11743171570743914	0.07632774487267077	0.021813992113657095	0.14562127661906465	0.019600955552786015	0.027529529210660608	0.026152105359004	0.06389987543038485	0.04064195809524786	0.03772286681994274	0.004821848256581932	0.057288397708487676	0.036919492298638536	0.007134499298735289	0.04786370992637111	0.010441928631464457	0.008738055527390456	0.0017967496670811083	0.00600057339460811	0.0014867277257555322	0.036284234749427685	0.006286895078237197	0.0505738242644839	0.021813992113657095	0.015024558336276502	0.0023915119102967475	0.015604289977312912	0.004702506596056579	0.014636804179409631	0.005192657198897501	0.016678009387125655	0.0030483682898663563	0.007729484423675113	0.0020292606359498637	0.00890027782873785	0.0009419326644231874	0.010343889525359678	0.004767770048345752	0.021798559860917364	0.003731738660625064	0.00800334995526613	0.002048024342425756	0.008190470144342944	0.0010179559207057196	0.051181549148110926	0.006106848560376748	0.020841417726981937	0.0033916524193978665	0.023857340907250668	0.0036721883034099402	0.125530951123166	0.020090325495898644	0.09601166818360694	0.021420047523832194	0.05619422522763541	0.008623756481074291	0.0602356318383854	0.01016991808491241	0.015471029844058733	0.002268545028187989	0.004821848256581932	0.00293251937222428	0.0004016069409108749	0.002349725964133783	0.00027081699463978883	0.02042452143407646	0.003919514941009248	0.01587958904763092	0.004317847039464352	0.011451681130691454	0.0012820874244740552	0.012049515844232687	0.0027095271517771236	4.482327505426085	Dd2_C580Y	48.0	False	2
Dd2_C580Y_0h_rep3	0.018845316234454564	0.018003371049792903	0.06476102010703466	0.06943434550477105	0.044847554206781395	0.027311164851356224	0.024168692606431185	0.09402463346871204	0.11738412971585319	0.07674650998345292	0.021699492718491364	0.14585024833420368	0.01934150663497436	0.02726635645633873	0.026040273078366132	0.06370531235159618	0.04045168981398055	0.03730257216938646	0.004904564180078693	0.0579112465339438	0.03759989455272495	0.007247659654056441	0.04814011938794498	0.010456379555300186	0.008847903591727418	0.001805876673004128	0.006013548871066687	0.0014826819044095327	0.03663643001062699	0.0062849999232102	0.05110320353487484	0.021699492718491364	0.01484695922582774	0.0023718001177613656	0.015412057266470396	0.0046717555593269585	0.014628452736595203	0.005178331243098847	0.016596624201635206	0.003059840702237428	0.007673771765778334	0.0020141555629923833	0.008715972835031704	0.0009376064711719339	0.010265583964361063	0.004728476801109518	0.02173281149511303	0.0037248175533969373	0.007775825312635581	0.002026324665112141	0.008037985683073363	0.0010051805736334802	0.051826895316968054	0.006084351216975743	0.020842265134866516	0.0033264274715646682	0.023613457342972165	0.003652899113366565	0.12593341160810262	0.019916836726101058	0.09611947477123414	0.02126465494461905	0.05617284687075763	0.008588173236277037	0.059396683397374604	0.010037662107396447	0.015725338196314925	0.002278032853477977	0.004904564180078693	0.002918252767600259	0.00040209065463052266	0.002336529909557021	0.00027842102232018227	0.020375265110813896	0.0038667983572156076	0.015786501671262436	0.004318477052995713	0.011357434977944558	0.0012709852538677958	0.011908744738211092	0.002773999881332781	4.520152103176113	Dd2_C580Y	0.0	False	3
Dd2_C580Y_3h_rep3	0.01891669277823895	0.01787120901311334	0.06466488404265919	0.06999535143605365	0.04448346826643686	0.027074272027898083	0.02429256185594142	0.09399155370894817	0.11815069203531181	0.0767098681864675	0.02170244138749585	0.14546831676395905	0.01933579040814754	0.027451993647742295	0.02603247026514005	0.06336624928877702	0.04043722244410716	0.0373701165006442	0.004785157170048507	0.05789968877286897	0.037298684798262705	0.007184783468174155	0.048083677141353365	0.01046609556963164	0.008798396453429391	0.0018105590076841873	0.006055083455989898	0.0014960565583790064	0.036573501133745204	0.006319438903151558	0.05109861367205141	0.02170244138749585	0.014883743957871263	0.0023818897580916995	0.015447336175136057	0.004657146609545179	0.014553025026662393	0.00518745324400162	0.016547661756151567	0.0030264579232257994	0.007648999725617305	0.0020120614217992686	0.008739333660638645	0.0009353956000923185	0.01024978039302465	0.004728188888103315	0.021735304291511503	0.0037239488714676926	0.007847820393422505	0.0020253726712279904	0.008028904896856403	0.00101459481673205	0.05175331728227555	0.0061463714905934195	0.020914051278228554	0.0033785105777128658	0.023787827381821045	0.00366416626592125	0.12548143694436828	0.019986879819590766	0.09674525340353357	0.02140543863177824	0.056054187250066806	0.008610696792592389	0.05987881439328054	0.010116537042773106	0.015589785442230178	0.0022814235708831627	0.004785157170048507	0.0029154486529600915	0.00040303248812257394	0.002350803508073359	0.00027425368553103387	0.02017962122065409	0.0038720301180815487	0.01576165893472846	0.004327272995724536	0.011250694154929271	0.0012760631047359135	0.011848542592332144	0.0026989721759007514	4.51965760047107	Dd2_C580Y	3.0	False	3
Dd2_C580Y_6h_rep3	0.019051069673735183	0.017892489928785612	0.0647839235280106	0.07019916507315424	0.044227790173042715	0.027262358156501337	0.024278472112926896	0.0937463959328543	0.11817066759877079	0.07643027966727044	0.021705216579506015	0.14551871679226427	0.019408681329236982	0.02755190557721477	0.026063578249788506	0.06337585876424894	0.04053314578135521	0.037326888432109885	0.004802107973117162	0.0576712886761063	0.03707603614826578	0.007151754024776933	0.04784110218824912	0.010469241604986825	0.008778785705221765	0.001809796666618331	0.006033551600184053	0.001497801902010335	0.03648230121282675	0.006319315646518152	0.050944779073509396	0.021705216579506015	0.014842216773367993	0.002389436823445958	0.01540162169085507	0.004693613144440861	0.014561078022356606	0.00516837169908091	0.01651988085622634	0.003025361929121895	0.007660886641995737	0.002028980461960128	0.0087725594043296	0.0009462548209515153	0.010294044450374512	0.00474870091253247	0.021749553889790076	0.0037408465286581476	0.007901263249478032	0.0020516765751201218	0.008068428792510617	0.0010297010566264145	0.05153647743669541	0.006134811239410882	0.020891869418768895	0.003386602694158001	0.02386324884763111	0.0036886567295836606	0.1254418670211568	0.020076849771107467	0.09668278615682963	0.02148788144194117	0.056111462977037	0.008672460550973595	0.060027929102634825	0.010171235970519419	0.015603397356757248	0.002289092572028363	0.004802107973117162	0.0029325356226740248	0.0004109872540448425	0.002363511399896834	0.0002764574873100816	0.02022838371870467	0.003872782538758511	0.015743517742818496	0.004336568743044224	0.011354703832364973	0.0012995519403956083	0.011896077959177801	0.0027120244245629546	4.499409884499786	Dd2_C580Y	6.0	False	3
Dd2_C580Y_24h_rep3	0.01899800284581038	0.017728251020857982	0.06396051781398306	0.06976111319944799	0.044816788076381286	0.027066334029692413	0.02436126101110509	0.09477232183560302	0.11799539491702872	0.07724192447323461	0.021822536943583267	0.14487500840873724	0.019161197321855436	0.027479271068272703	0.02613712568211749	0.06316013670265731	0.04026101223249685	0.03755731382379882	0.004691253486264601	0.058153235107071675	0.03753338006858324	0.007283408007798045	0.048491263074784886	0.010524081191737273	0.008829896318307958	0.0018106673195741087	0.006091948183812129	0.0014940683850182559	0.03689869307250715	0.006410662634591818	0.05146296612850406	0.021822536943583267	0.015032858612479027	0.002428645342522537	0.015459121137625844	0.004636688731171418	0.014687248001283187	0.005169062183750392	0.016547005747126437	0.0029928427986034463	0.007577823437687227	0.00195921336168222	0.008723051007446985	0.0009011095150390014	0.010284711150880173	0.004722387643158676	0.021546288833043777	0.003707624605414221	0.008009206068613285	0.002039671912094531	0.007974549799245787	0.0009745750658567751	0.05195051552969781	0.006202719577373866	0.02092173357869922	0.003439527432405874	0.02381348604934539	0.003665785018927312	0.12491831495608241	0.01995669345265482	0.09651859857926605	0.021476796337762668	0.05547387351190341	0.008486644302079653	0.05978251478956546	0.00997859840988253	0.015480781234215047	0.0022474697866429355	0.004691253486264601	0.0028782468336112682	0.0003875348790322879	0.002328263701210382	0.00027030209301649825	0.019889017592412607	0.003874960379481245	0.015904582818289284	0.00436819535695777	0.01117870938812615	0.0012456853379995332	0.011947141784762095	0.002694797518804637	4.494087342512874	Dd2_C580Y	24.0	False	3
Dd2_C580Y_32h_rep3	0.019041027885452932	0.017668556604139678	0.06379108028003806	0.0694135020262552	0.045141113089843164	0.027190886492406294	0.024382395041072077	0.0945759135727118	0.11745265993349334	0.07735353407544458	0.021895724696385	0.14448181351353423	0.01939171591606243	0.027519743926741856	0.026102611538219307	0.0635507728333832	0.040415184816384404	0.0375902931711787	0.004768395634269043	0.05827307495298449	0.037694161344896095	0.007446951744947069	0.04842385915181015	0.010567291036584383	0.008875194480806581	0.0018352606204039478	0.00614824363104006	0.001503685154799476	0.036786432753641525	0.006450665449984409	0.05133881536908587	0.021895724696385	0.015058195345443271	0.002452108151123771	0.015437209700857954	0.004642779973753701	0.014866250821315811	0.005219951370023959	0.01659915977748676	0.0030025261070103374	0.00768465042027231	0.0019904824258359572	0.008811043537863356	0.0009055395320908075	0.010319571624364738	0.0047667681672869935	0.021621219460924525	0.0037076255638081525	0.008020092532493738	0.0020421308064212215	0.008003293552200799	0.0009755109943371742	0.051998629623318394	0.006274445329666094	0.020932583338365427	0.003449811702706652	0.02384520294589876	0.0036745409808430947	0.12449392514573153	0.019987888367802697	0.09595679302948222	0.021495866904011115	0.05528711171345091	0.008503968566587155	0.059440889646041904	0.009972612380213288	0.015419402859679946	0.0022491537444597333	0.004768395634269043	0.002845887165217595	0.00038675435220547665	0.0023348173287874507	0.00027395704245559396	0.01995758849849546	0.003905296259050878	0.0159194740946162	0.004341721554936993	0.011181827071195577	0.0012529750427423126	0.01204165830591208	0.0027144260725563214	4.4639647918352505	Dd2_C580Y	32.0	False	3
Dd2_C580Y_48h_rep3	0.018990073485955897	0.017721200252738524	0.06477069540926991	0.07005008030183667	0.044289838393952334	0.027302621702999963	0.024257249621192627	0.09343728375163611	0.11741996997162238	0.07643457417004257	0.021793017706082066	0.14625446821894766	0.019450275971756463	0.027444218835785558	0.026020206075408565	0.06383424393159137	0.040553800324905354	0.03761824819036606	0.004787749471105977	0.05757018421280381	0.0371213649363726	0.0071684734575797335	0.04796449001436399	0.010433999420790463	0.00875706607637439	0.001793347422765768	0.0060009766326126505	0.0014846946031353142	0.03640467151103274	0.006282793612105416	0.05074981862849795	0.021793017706082066	0.014979595857051307	0.002379736821023964	0.015568295310625146	0.004690620201665647	0.014631741320442222	0.005194519290208226	0.016651338713322326	0.0030467527997959337	0.007669803917232789	0.0020099864440373365	0.0088326913791422	0.0009377942313441381	0.010298234966716321	0.004748073916571821	0.021770663463880804	0.003736827977736407	0.007876039419751206	0.0020240042678072163	0.008082954598500154	0.001007075199897322	0.051470418402459375	0.0060997658103444366	0.02087982367868132	0.0033774259425113033	0.023783945430248015	0.0036602734055375427	0.12609864083993028	0.020155827379017388	0.0960349279054002	0.02138504206622218	0.05619124589460338	0.008579449514666541	0.05991111867700744	0.010138961624829223	0.015466079525890623	0.002255120726847899	0.004787749471105977	0.002915503558033228	0.0003963068009954774	0.002336211491248998	0.00027306393119164044	0.02040871442793476	0.003901177379887908	0.01579226823203852	0.004306852061900702	0.011379214902048485	0.0012723562211476834	0.011948383592502195	0.0027026669873016006	4.490752349610199	Dd2_C580Y	48.0	False	3
Dd2_C580Y_3h_DHA_rep1	0.01895926694402105	0.017570619614204846	0.06495509563482171	0.07105360408091603	0.044081326071578	0.027303812565932437	0.024153591161776577	0.09330167360671565	0.11810605206458727	0.0764498559430825	0.02183065517939784	0.1453109595556498	0.019406229015980606	0.02746778679198891	0.026263228652677585	0.06361285817161794	0.0403817581193145	0.03765267872236341	0.004775643536735404	0.05736330456663803	0.03692843468766428	0.007152891383913714	0.0479956235292647	0.010414854678300523	0.008731817350862774	0.00178307698611124	0.0060363255333883235	0.0014881578651549173	0.03635276139495788	0.006287660785002279	0.05066125142675548	0.02183065517939784	0.015021884065708941	0.00239197186448939	0.015572078845228971	0.0046667439469361095	0.01460064253559004	0.005167021697160577	0.016579383223984747	0.003026985872520651	0.007664466259086179	0.00198534893532836	0.00882937149686077	0.0009270423247052971	0.010285072167615794	0.0047158957637404506	0.02165283425704587	0.003727955930912384	0.007896859008117605	0.0020067933374380716	0.008055543328550512	0.0010000712699148632	0.05126641255502167	0.006096892011616358	0.020796878606426497	0.0033567125553500797	0.023788083188247364	0.003679703603741545	0.12534350629007793	0.019967453265571877	0.09652654189790862	0.02157951016667866	0.05639899957286596	0.008556096061955754	0.06076528611633985	0.010288317964576184	0.015349007707626323	0.0022216119065785224	0.004775643536735404	0.002889957661325818	0.00038940111581102537	0.002353131757268562	0.0002709576144482863	0.02032635000867638	0.003912474833685541	0.015988822480952514	0.00437095802287138	0.011306872095154064	0.0012548304799405788	0.012024760689395191	0.002717349301442599	4.473064548376873	Dd2_C580Y	3.0	True	1
Dd2_C580Y_6h_DHA_rep1	0.0187281595195207	0.017734381290668677	0.06469649092801284	0.07170946179487862	0.0440692652788213	0.027063184473410783	0.024147194032322954	0.09372682484850725	0.11982898692973828	0.07631219825241502	0.02157381208958325	0.1435566799686734	0.019442928198869173	0.027676285491478034	0.026389777906042376	0.06325231354154141	0.040538059060001644	0.03709900420788375	0.0048358402044904785	0.05761915198313999	0.03684546635497855	0.007223798923842753	0.047603551211437334	0.01040161206531091	0.008803682861527929	0.0018292390618931326	0.006129999921149035	0.0015441131310966888	0.03629446101416563	0.006383569336296992	0.05104879449804462	0.02157381208958325	0.014728577194625695	0.0024046764537668675	0.015341400306080898	0.004624350253410286	0.01463559793665414	0.005160143514898241	0.01651536117935815	0.0029851034022385964	0.007714317614086154	0.0020353819305192976	0.008753759860003311	0.0009394687942604103	0.01027852695263034	0.004708773554690081	0.02183452105988255	0.003716237492798677	0.007717147228050736	0.002018114004986233	0.007967011660074241	0.0010258866264094917	0.05140924230622465	0.006209909676915341	0.02078144300308187	0.0033657510292410832	0.02396640900768065	0.003709876483797383	0.123616794546038	0.019939885422635414	0.09812656611182397	0.021702420817914313	0.05597657847283868	0.008719912455174169	0.06129596398017659	0.010413497814702041	0.015409535797745948	0.0023248454929227307	0.0048358402044904785	0.002890590824396201	0.00040485921199597864	0.0023699819523082854	0.00027389923850855603	0.020097453178916383	0.0038586543294758945	0.016014341150353474	0.0044361055284798815	0.011095450928915857	0.001298186755744284	0.01192050465958345	0.002749042129167192	4.521457165314257	Dd2_C580Y	6.0	True	1
Dd2_C580Y_24h_DHA_rep1	0.01929164152883174	0.017714385006563225	0.06444125325398076	0.07121493747376738	0.04400144202484216	0.027644341731243506	0.024220121385520026	0.09344281479422248	0.1182784640389773	0.07661823573451332	0.021694541769929823	0.14351206868399902	0.019770526282266148	0.02762326510269534	0.02632271103271158	0.06354171862987132	0.04064517910919456	0.037771054510736715	0.0048697337150824934	0.05738156419105126	0.03683777245718216	0.0071636695676600025	0.04799623193871673	0.010440944714480673	0.008789112333999228	0.0018120532454208617	0.00608850751739883	0.001491385984496993	0.03637211199101606	0.006320643839926633	0.050750058963279776	0.021694541769929823	0.015101282339435721	0.0024178349083033906	0.015594657207042261	0.004657280055955345	0.01470538447730038	0.005170494320090344	0.01664990710093187	0.0030060839320862646	0.00781423302669676	0.002029216248672551	0.008985640459971569	0.0009414365469252677	0.010377924873678215	0.004747799003135596	0.02179637297339083	0.003723082258989912	0.008013145786876622	0.0020598337184315955	0.008196866319715652	0.0010217957038078733	0.051249194348127795	0.006132369842923467	0.02084720942871283	0.003372911956807194	0.023927617055287405	0.003695648047407936	0.12368466318846229	0.019827405495536726	0.09678696438056898	0.021491499658408308	0.055871601110792174	0.008569652143188583	0.06090761399462379	0.010307323479143583	0.015436069146295889	0.002278315860267336	0.0048697337150824934	0.002924800647744503	0.00040156184200135686	0.002359626534648932	0.0002715301313156849	0.020135385269195977	0.003874463530266499	0.015981818909913244	0.004383372967087857	0.011420137649735563	0.0012828770402703396	0.012184187765422311	0.0027571392758152942	4.503499798475076	Dd2_C580Y	24.0	True	1
Dd2_C580Y_32h_DHA_rep1	0.01885830940298121	0.017616769118793164	0.06458533044342057	0.07101003566726907	0.044138320139238074	0.027275690556710724	0.024259801012446063	0.09375920384085969	0.11876701409702124	0.07656751835255726	0.021693713234419494	0.14458366591746444	0.019490042045988618	0.02756059259519688	0.02622683609550523	0.06338177961525424	0.040355866238103694	0.037461404953977165	0.004798376283329579	0.05760973038946367	0.03695913966926651	0.007179180469971564	0.048026862303930634	0.010395277900010873	0.008774021757171731	0.0018032858047588693	0.006077353287343468	0.0014907172993416952	0.0364506633860191	0.006349214838409172	0.05095932561643141	0.021693713234419494	0.014950324875692589	0.0024021675976559037	0.015494496240027028	0.0046144162406016485	0.014659826106019578	0.0051644093976349215	0.016570999924802515	0.00298975435479663	0.007703746840903172	0.0020086819974095877	0.00885247181040425	0.0009251413972716097	0.010266410719887473	0.004720348668590056	0.021662446065638816	0.003706660783987345	0.007827704153966242	0.0020110925520719558	0.008033814214498197	0.000985698482444816	0.051481801023726334	0.0061279293657373335	0.020881831747018065	0.0033779692654279953	0.023869434041724747	0.0036911585534721313	0.12466457983115976	0.019919086086304678	0.0972002127683294	0.02156680132869185	0.05602554237523196	0.008559788068188617	0.06077699766330314	0.010233038003965932	0.015382728711227775	0.0022340404075653895	0.004798376283329579	0.002883247097052903	0.0003928247391361472	0.0023295192985747105	0.0002703803708768563	0.020124951134082268	0.003871838697918318	0.015972160887416074	0.004378703702448537	0.011216444532095145	0.0012694769206583448	0.012067643376856924	0.0027221257271003102	4.506936902090206	Dd2_C580Y	32.0	True	1
Dd2_C580Y_48h_DHA_rep1	0.018720612448704304	0.017567648728315337	0.06453581502790959	0.0710541918455632	0.04400661126708546	0.02701122173654975	0.024273529844872153	0.09364632126510142	0.11896082051230907	0.07631633360376372	0.0217541158619248	0.14532115129758436	0.01939353465506657	0.02765936798816263	0.026099787569689843	0.06357706500904083	0.040427685973786806	0.03731685217494514	0.004755300855620169	0.05760203233400504	0.036800179653847506	0.007206431613237955	0.04772824208603228	0.010400882260622116	0.008784324667840265	0.0018189068933668598	0.006074565124577435	0.001509412571324754	0.036330796385729475	0.006360500066504722	0.05095502481286722	0.0217541158619248	0.014829791457578335	0.002400312227485913	0.015457521531195768	0.004629226958685128	0.01471658202308655	0.005182746246105097	0.016609155195397914	0.002989858055344393	0.007700646248371754	0.0019935409264846067	0.008787289418360163	0.0009120580618500482	0.010281251517285112	0.004702288549144075	0.02174534376941863	0.0036988021379389885	0.007757659032349302	0.0019857718699194302	0.007985975211404157	0.000991206335031414	0.051419276965692304	0.006182755368312741	0.020877597267068258	0.003395932577803897	0.02397006693475249	0.00368930105341014	0.12522158609104003	0.020099565206544323	0.09731850119684941	0.021642319315459648	0.05594254901904915	0.008593266008860432	0.060808379930537726	0.010245811915025474	0.015329508076738217	0.0022381406515771182	0.004755300855620169	0.0028653468793855682	0.0003935843711314814	0.0023328203823526597	0.0002683820857986982	0.020164124095766588	0.003914599393340276	0.01586859579391193	0.0043710580571095095	0.011085687664090405	0.0012593920083985928	0.01194675146186811	0.0027193906021926407	4.49667615463618	Dd2_C580Y	48.0	True	1
Dd2_C580Y_3h_DHA_rep2	0.01908992617421429	0.01789296135712052	0.06476036871155935	0.07037641922061846	0.044261565426561844	0.027361879943766102	0.02418894445947366	0.093615033231978	0.11765248603866335	0.07670747058560562	0.0217290927292621	0.14511993884197225	0.019503778453633686	0.0275038493166779	0.026108896855964427	0.06360433788302526	0.04058993325422745	0.0374854288682266	0.0048610424941972485	0.05758664615325203	0.03711720512554778	0.007144360301014065	0.04811937336130481	0.010455373288670133	0.00878566798527057	0.0017995617385030197	0.00605646586374928	0.0014910283481078094	0.036486047538125926	0.006284294008106525	0.05084469168574555	0.0217290927292621	0.014948193592275817	0.0023846253488557256	0.01548239848807978	0.004670211439015279	0.014581027891376115	0.005195729169416295	0.016604427771893207	0.0030365179874781547	0.007688650395576189	0.002033124150266198	0.008838129051736745	0.0009438748560545503	0.010322908716236666	0.004749369206629916	0.021783631070380078	0.003734024260980792	0.007917192517507544	0.0020393333931547123	0.00810424298461461	0.0010291572789374245	0.051494027744354874	0.006092618408897152	0.020842938236299714	0.0033460062231739454	0.02383371023371542	0.0036701390829624795	0.12519722679223164	0.019922712049740606	0.09630236176161035	0.021350124277053007	0.056180656451860524	0.008579712259698835	0.060194620274895576	0.010181798945722884	0.015604023590200524	0.0022889377669199945	0.0048610424941972485	0.0029399141248801883	0.00040636671364405413	0.002356367504704361	0.0002724013538916271	0.020319159758714938	0.0038674753041465556	0.015804501894052393	0.004329345264791804	0.011391684794072345	0.0012842498575798996	0.011981539365972267	0.00270440592614159	4.5106230067763855	Dd2_C580Y	3.0	True	2
Dd2_C580Y_6h_DHA_rep2	0.019189543283841533	0.017764805743598962	0.06508551132618794	0.07071279090013753	0.04388816639266147	0.027616204627846277	0.024181463109765315	0.09307347541915073	0.11766224724614577	0.07627723685579382	0.021744967184641816	0.1455599221010101	0.01955274090455303	0.027458325235283385	0.02620825597968707	0.06372567826090147	0.040654696760714946	0.037508446441949464	0.004851879648051687	0.05728364257807781	0.036823215624648895	0.007064950768012577	0.04788372839340016	0.010398412630796178	0.00872578178253642	0.0017858662721765416	0.006011397115459569	0.0014720506614249447	0.036297857906938714	0.006260254205650701	0.05051536330656132	0.021744967184641816	0.014974334901245383	0.002376437602897277	0.015493059071127574	0.00466461486667923	0.014569800051440875	0.005170933528714531	0.016625778701680267	0.003045582232485327	0.0076932653055109745	0.0020144012212685606	0.008899666531304657	0.0009454078464688332	0.010339838395828535	0.004769223386375694	0.021809752814759626	0.003735882163751094	0.00794821019578423	0.002038539179379519	0.008172015873749834	0.0010307780349279505	0.05124853011299082	0.006035112465086993	0.020853765382685085	0.00332769772708023	0.023780647878972747	0.003677677356310637	0.12557780229354973	0.01998211980746038	0.09630168460465861	0.021360562641487158	0.05648963391277501	0.008595877413412919	0.06047357170267775	0.010239219197459782	0.015499617453357992	0.0022651882902409715	0.004851879648051687	0.0029460576606463156	0.00040417893250724806	0.00235792335604368	0.0002694556449632214	0.020443494873223257	0.003870088873357218	0.01588229091721495	0.004348349468311654	0.011521203482875907	0.001282804934114101	0.012084199016970745	0.0027279971938855246	4.508387078607117	Dd2_C580Y	6.0	True	2
Dd2_C580Y_24h_DHA_rep2	0.01927628650168535	0.017739074723681462	0.06483792936915873	0.07094405555930682	0.043784793637169105	0.02787370338264511	0.024262666092762553	0.09288014054029944	0.11789568522390895	0.07615453646659083	0.021701692499636466	0.14471882957345653	0.019816976272681336	0.027582305213452153	0.026279073116026966	0.06372268649086474	0.04078335451051001	0.037637059600281735	0.004908282439810974	0.05720086878607074	0.036702164767853526	0.007082628869315581	0.04775153039978503	0.010374069063406889	0.008736034969741947	0.0017986460984805244	0.006030889470806199	0.0014633664643702263	0.03621774974755015	0.0062623474168483	0.050400043375900996	0.021701692499636466	0.015029935735588208	0.0023937614433759335	0.015541876293967926	0.004671486127349665	0.014656258516799463	0.005164014416064957	0.01665105173533111	0.003019377517320825	0.00780119005155555	0.0020526516457250103	0.009009198141634011	0.0009539364337667637	0.010384765713146648	0.004785188401193401	0.021882010177048106	0.0037313902191218563	0.007966034547118259	0.0020554855285751833	0.008228348188347896	0.00102641823764401	0.0511206879707006	0.006080180815370139	0.020890984577958897	0.003371681514803656	0.023905928225069758	0.003676376988382395	0.12475126640066495	0.01996756317279158	0.09651176091779266	0.021383924306116284	0.056223035957928345	0.008614893411230394	0.06066432265376542	0.010279732905541388	0.015464444413811018	0.0022746303098704463	0.004908282439810974	0.002941452553482667	0.00040689910575318725	0.00235227294531792	0.0002743113933227483	0.020361649327177624	0.0038703349781707627	0.015957785606965574	0.00434635151118487	0.011589035694015534	0.001305394442859219	0.012218757231305062	0.0027605160144652963	4.51328575317619	Dd2_C580Y	24.0	True	2
Dd2_C580Y_32h_DHA_rep2	0.019433943372002948	0.01778434808269225	0.06457584051687507	0.07079648975756896	0.04403296084224351	0.02789144525012576	0.02424326888376147	0.09328870462381852	0.11798930858927464	0.07654872549714242	0.02167334968828785	0.14378311394486887	0.01980943532335199	0.02757350628718371	0.026344173709721887	0.06359752921238293	0.04076360176417128	0.037753950823329295	0.004909335749481661	0.057206968081715215	0.03689587716019841	0.007137083682045096	0.04799942318192816	0.010435284264216086	0.008769245812000006	0.0018107805791638839	0.006058428439087023	0.0014755632207472634	0.03640619531958859	0.0063193086804922945	0.050563200623737634	0.02167334968828785	0.015083685079855783	0.002426507592570516	0.015560598985425153	0.004683159165477836	0.014661179680724347	0.005168254047720475	0.016617309591277725	0.003014768603440666	0.007789946937150855	0.0020576949513091973	0.009009440886311216	0.0009523525485807226	0.010397796596949114	0.00480386265082151	0.02183988506447537	0.0037220574519252828	0.008074699195076088	0.0020878666391742954	0.008238072793208014	0.0010333047445445509	0.051116036294869806	0.006090931786845407	0.020858292714090718	0.003384976169670751	0.023888139950759384	0.0036853663364243257	0.12392267593190028	0.019860438012968603	0.09655590884187665	0.02143339974739799	0.055984927919677664	0.008590912597197409	0.0605636900431957	0.01023279971437325	0.015503704931253224	0.0022806431514390277	0.004909335749481661	0.0029552602371793768	0.0004059337803868911	0.0023634935762375333	0.00027179503069993784	0.02026450564019683	0.0038715116490228908	0.015987232117711078	0.004360458967507068	0.011574232774508041	0.0013029383509171766	0.012248110459870084	0.0027661636648304583	4.504927355427993	Dd2_C580Y	32.0	True	2
Dd2_C580Y_48h_DHA_rep2	0.019465750822907243	0.017773664629614095	0.06453327995692335	0.07080448459026001	0.04403306387383543	0.027863950873626517	0.02424316290232541	0.09294239182262953	0.11759056610310954	0.07645159308497343	0.02183280659262391	0.14394172720225917	0.019828126911023654	0.027654494838355092	0.02620302549382285	0.063980746461076	0.04087670475515055	0.037781370030262496	0.004909015373690426	0.057290073681531176	0.03680694522061693	0.007226118653218504	0.04775149691970266	0.010491684854227318	0.008812091697303891	0.0018353705581120423	0.006062339666888639	0.0014986093887388774	0.03617570826814603	0.00631334456445402	0.050453338990029496	0.02183280659262391	0.015054115431107167	0.0024223074069851945	0.015581523640013582	0.0047234235521565505	0.014769934031719398	0.005206052482965241	0.01669210018897801	0.0030198843065316356	0.007822160487484138	0.0020673079847378516	0.008990839891299297	0.0009478185475023646	0.010467486964763049	0.004808111933885849	0.021868604240695658	0.0037325016158059983	0.008065987096640042	0.0020815927443213985	0.008276263788492668	0.0010419071934531325	0.05112355683036933	0.006166516851161848	0.02081099599879055	0.0034321669035348615	0.023962711782071898	0.0036917830562831952	0.12392389583512545	0.020017831367133712	0.09611319467993214	0.02147737142317741	0.05587235958446813	0.008660920372455208	0.06053843883361513	0.010266045756644882	0.015477372261905617	0.0022962923677084792	0.004909015373690426	0.00294817420576799	0.0004133485329072873	0.002363022039348146	0.00027090392896090453	0.02038323682408179	0.003909538626799922	0.01588537695557474	0.0043221998312637806	0.011549678332162036	0.001308947850018096	0.012246326453045735	0.002758998238400651	4.475091145288437	Dd2_C580Y	48.0	True	2
Dd2_C580Y_3h_DHA_rep3	0.01879591073805952	0.017794530275213296	0.06483397785392672	0.07022671889994865	0.04419862485597985	0.026993551218808243	0.024271428400843686	0.09376251904219696	0.11824901552983044	0.07639973985587413	0.021730926795683985	0.1462695010439853	0.01927812254224314	0.02753046864679859	0.026021954958036407	0.06347480482053675	0.040495391320837265	0.037143077017177804	0.004778275146558164	0.057751461037461295	0.03706111932760904	0.007137505528370805	0.0478616062274683	0.01040744671515106	0.008787214330928265	0.0018018793879735879	0.006047243403762492	0.0014943497905904129	0.036460184527120215	0.0063074638255563404	0.0509948706895204	0.021730926795683985	0.01476522393917436	0.0023713789458687825	0.01535600865184522	0.004650465480289442	0.014564368613332697	0.0051808751331209255	0.016560356595412645	0.0030276958261267056	0.007621541901398128	0.002002917254143583	0.008720089787301018	0.0009335735994004107	0.010265268051316993	0.004720829575181458	0.0217908086586452	0.0037184850356936135	0.007781950894543674	0.0019998766495098164	0.00799866488493604	0.0010154183090699894	0.051646438893706605	0.0061050221437546895	0.02091989508498525	0.003351533315858438	0.0238630414527873	0.003667427194011292	0.12618780575264746	0.02008169529133786	0.09683348462831518	0.021415530901515264	0.05622793997928256	0.008606037874644158	0.06008634565497307	0.010140373244975584	0.015521195739077896	0.0022733345361353996	0.004778275146558164	0.0029151099667356676	0.0004027633745149669	0.0023521133252604864	0.00027280639573012646	0.020263753575087327	0.0038777550774564467	0.01573705479622123	0.0043421070995739285	0.011213797460198691	0.0012641262075723675	0.011819773326705772	0.0026958542243314112	4.521647633842394	Dd2_C580Y	3.0	True	3
Dd2_C580Y_6h_DHA_rep3	0.018987596243182157	0.017738731865455788	0.0649044142441288	0.07055689797221562	0.04401769730189789	0.027300105003714537	0.024226861534562234	0.09341292669858814	0.11811901271884456	0.0763427843522673	0.021728551840937697	0.14571661823394175	0.019417977020970062	0.027542509843033046	0.026145768341101952	0.063618017521726	0.040592646170646826	0.03726707623578902	0.004822413401767351	0.05754139345522937	0.03690636649130742	0.007111330810590472	0.04785216588620203	0.010396006866381077	0.008769570316317152	0.001794370645333328	0.006044470054327828	0.0014862005837058673	0.036382713484010204	0.006292537622016469	0.050737675592561475	0.021728551840937697	0.014846970275604806	0.002371066415264503	0.015404184658156723	0.00464485488676299	0.014597408747169253	0.005176702425773055	0.01661481527461135	0.0030298261908555772	0.0076620133187413775	0.0020113530629846696	0.00880437429832506	0.0009402363409189562	0.010306948703329662	0.004736671731483034	0.02181930494304414	0.0037297207927899957	0.007859531105355252	0.0020178844550765933	0.008089134568998358	0.0010210461137519526	0.05145633163238172	0.006085061822847651	0.020888505386257444	0.003338356148304789	0.023863890592287874	0.0036786192507451704	0.12571132004953267	0.020005298184409073	0.09672126964466204	0.021397743074182515	0.056297274072978506	0.008607140171150282	0.06036427831538263	0.010192619656832992	0.015472831868391743	0.0022658999970640455	0.004822413401767351	0.0029313533188783294	0.0004007944844078154	0.0023606947666639975	0.0002712797309023114	0.02032127461181901	0.0038779902714977557	0.01583892993344927	0.00434271610680023	0.011353762196671318	0.001272361258076493	0.011960583081560845	0.0027133984674058793	4.520162211002583	Dd2_C580Y	6.0	True	3
Dd2_C580Y_24h_DHA_rep3	0.019231641320433535	0.017849060027981527	0.06434875319386116	0.07067004507741252	0.044170436507063246	0.027546747416031955	0.024244622695993066	0.09372061716593216	0.11845957240112809	0.07673204034282614	0.02164546246314022	0.14371256490075315	0.01970655088518682	0.02762439781170107	0.026234345935469132	0.06343256706464848	0.04074463050392741	0.037488623444908456	0.004895212948470007	0.05754210789313166	0.036985938077473184	0.00718449842959006	0.04798211925373554	0.010448904613445631	0.008836590598089123	0.0018352199585898268	0.006128398044411988	0.001500807874554025	0.03647138269437918	0.006336413983972373	0.050912820487580605	0.02164546246314022	0.014973753224925453	0.0024120510916164437	0.015450960309293953	0.004651858819072613	0.014698293593262548	0.005174125918388713	0.016605228177472117	0.0030076225924942778	0.007799245536092761	0.0020509683308404985	0.008907098761670926	0.0009492382565826327	0.010369586465167098	0.004753427948353937	0.02189107537049455	0.00373054071991182	0.007975911091746762	0.002056053019871243	0.008163640687835996	0.001036036520979536	0.05140182479437361	0.006140283098758055	0.020876053710434314	0.003368568985558751	0.023929914090578337	0.0036944837211227337	0.1238332346020912	0.019879330298661953	0.09702772930460178	0.02143184309652631	0.05575050933681394	0.008598243857047216	0.060428289987130956	0.010241755090281563	0.015545901697443104	0.002303158330538421	0.004895212948470007	0.0029433495699333722	0.0004070112571057493	0.002366610996849111	0.000274216760328678	0.0200762135659823	0.003871083217048512	0.015883533547400325	0.004359623803851893	0.011395643981132852	0.0012987877114793984	0.012098808047125098	0.002753507676294605	4.527269487164551	Dd2_C580Y	24.0	True	3
Dd2_C580Y_32h_DHA_rep3	0.019206924376373554	0.017757699777412858	0.06446331367527595	0.07045237236500519	0.04425032756612379	0.02751722107490786	0.024283102756979303	0.09361130380958839	0.11804390416928293	0.0766986773591464	0.021681610720864424	0.14428764753064127	0.019633183472914966	0.027573912057323128	0.02624813033170189	0.06358317821418379	0.04070919440257037	0.03758566441992388	0.004860485353895309	0.05755214656588462	0.03705548645501815	0.007194841111105645	0.04804140088620428	0.010426568904377332	0.008819612522841738	0.001823410181884455	0.006098541625351765	0.0014891432384868282	0.03646677672722968	0.006330358820862452	0.05081416826149626	0.021681610720864424	0.01501805349708064	0.00241725795174068	0.015498391003833342	0.004651961967269216	0.014700939395205951	0.0051795049530754846	0.016635306349809795	0.0030209913539959335	0.007750601099948019	0.002035280344512295	0.00890376070830551	0.0009435413201491425	0.01035202100724591	0.004771172266035313	0.02185239495709099	0.0037336061721981594	0.007970700772033405	0.0020517669612596192	0.008164733971962514	0.0010197226711180175	0.051425537699669524	0.006126608866215096	0.020912592748529434	0.0033705100084498686	0.023885686004004248	0.0036882260533188807	0.12439091673919021	0.019896730791451073	0.09663757574271328	0.02140632842656965	0.05588522381366501	0.008578089861610945	0.06027999117700746	0.010172381187997735	0.015479196427979227	0.0022785033494336325	0.004860485353895309	0.002931134453526719	0.00040267757349085495	0.0023531740850687793	0.0002725548619231686	0.020158760836806292	0.0038876753252903326	0.015930548937891465	0.004358040419800904	0.011380056959880784	0.0012870189114715222	0.012107299161634407	0.002742846041921146	4.514439553434404	Dd2_C580Y	32.0	True	3
Dd2_C580Y_48h_DHA_rep3	0.019090469090871684	0.017641490788919748	0.06440697592502899	0.07071504799445345	0.044093396605848996	0.027378480759447453	0.024270006471752162	0.09343910679107593	0.11842027174907443	0.07646651075904172	0.021756461605974876	0.14460483514230482	0.019603639537828017	0.027691533838073566	0.026140019928152035	0.06378065089427926	0.0406892624918493	0.0374948863719653	0.004828379371940271	0.057488573882118005	0.036850051122013366	0.007243345483835632	0.047793161617116935	0.010453055273714937	0.00881628756719754	0.0018272621637267922	0.006074150621571062	0.0015025935157144477	0.03631787728261459	0.006361899558268389	0.05075932995019296	0.021756461605974876	0.014961593122538268	0.0024081848180643184	0.015472716884547702	0.004652391546815012	0.014778523343128012	0.005197616624471477	0.016660304034311315	0.0030076786949772704	0.007759079815032301	0.0020258988717327866	0.008885487001660888	0.0009331738494020455	0.010380700863755721	0.0047548184144253006	0.02183758501989089	0.0037161581937773876	0.00790849256956263	0.002033663395560735	0.008129399793658043	0.001018913332090276	0.05130787857212029	0.006180695309997715	0.020863692367043114	0.0034063141047090467	0.024000565822616848	0.0036909680154567177	0.12453812566495412	0.02006670947735071	0.09690181124805367	0.021518460501020766	0.055793310370875954	0.008613665554153039	0.06051210540330084	0.010202942591152618	0.015374702615664863	0.0022667881732548853	0.004828379371940271	0.002919893901507139	0.00039830676806815456	0.0023381193099951954	0.00026843039127884803	0.020218606582235565	0.003917921615155608	0.015890688129893547	0.004324581427409152	0.011274342418255357	0.0012829325187867992	0.01208784848092533	0.002733357341479967	4.503194419668496	Dd2_C580Y	48.0	True	3
Cam3II_revWT_0h_rep1	0.018584326393629023	0.017734174669261065	0.06448140442947549	0.06991709249260783	0.04442211573016978	0.026755890131992664	0.02428020536264763	0.09405483936020807	0.11788656989283927	0.0763900948807235	0.021862282995289598	0.14711984287501872	0.019242768714926514	0.02742006282288932	0.02594789396615246	0.0635627114418814	0.04041610471095973	0.03725225023222786	0.004743481276112422	0.05792588762098785	0.037252524110161944	0.007169591620007832	0.047876604263072574	0.010407235184473408	0.008794678811409534	0.0017966842022330777	0.006018292797321702	0.0014965996222132054	0.03649362579194501	0.006313531309011338	0.05124768225925172	0.021862282995289598	0.014827517157179148	0.0023620932608789166	0.015401950353907243	0.004660689460262551	0.014574291391496677	0.005182973495971718	0.016617813096308498	0.0030447637023733954	0.007639361061075087	0.0019869046726442223	0.008696245032779113	0.0009202579484280951	0.010233957755084289	0.004698547760344986	0.021766359058667358	0.0037172401368630974	0.007709587007410104	0.0019663287109333745	0.007914477378233616	0.0009939332970519278	0.05180510704808333	0.006120780572904516	0.020921911037611107	0.0033582943250365237	0.02376656137721091	0.003653501445678409	0.12692635836121494	0.0201934845138038	0.09649879113498742	0.021387778757851854	0.05595425408706473	0.008527150342410755	0.05986296630323654	0.010054126189371298	0.015492016278315283	0.002242158390945781	0.004743481276112422	0.0028826454055379683	0.00039477750708426484	0.002330558814842989	0.000269480184757731	0.02024963795240209	0.003893231803329027	0.01574621739348185	0.004324214660447655	0.011088386747124927	0.0012251749706177627	0.01174215682550272	0.002700171588747253	4.511865969230718	Cam3II_revWT	0.0	False	1
Cam3II_revWT_8h_rep1	0.018957191093961753	0.01783874825047617	0.06450791347758983	0.0706996166965594	0.04420176779728058	0.027278465557041564	0.024269671199317548	0.09375338115262974	0.1178205478220374	0.07638345639763826	0.021843888078217365	0.14536343405627555	0.019572422575684444	0.02736344627218894	0.026168291371616536	0.06334032380731518	0.040403688238107464	0.037740786415149774	0.0048032775416126565	0.057689682199299694	0.03704452136695405	0.007157246430326527	0.04775876598969854	0.010502186625057669	0.008753645067356016	0.0018103093731772955	0.006055186741097172	0.0015033626012515742	0.03638412545640206	0.0063066964275277195	0.05106255926869996	0.021843888078217365	0.015097458012746846	0.002376236556861471	0.015523442150452801	0.004743649695088658	0.014578468480450756	0.005167560858913579	0.016486291951431562	0.003026448437003647	0.007778214650027557	0.0020254352377174632	0.008820873360971159	0.0009478993269682643	0.010283748967785108	0.004718616232570191	0.021663306885511192	0.0037380161522409736	0.007875418154071586	0.0020222778246037913	0.008040210323567878	0.0010192847917184983	0.051546779310599034	0.006142902888700661	0.02086135447776883	0.0034083167215487186	0.02367134144683665	0.003692104825352291	0.1252930373107086	0.020070396745566963	0.09624876622862737	0.02157178159341003	0.05589776707115041	0.008610146406439418	0.060360152675302946	0.010339464021256458	0.015567715763776373	0.0022710324866997947	0.0048032775416126565	0.00290844280074474	0.00040598022590384285	0.0023479541047957595	0.00027324502004220507	0.020196687863084206	0.0038848662164314165	0.015853937081678756	0.004378732138451232	0.011307216201552426	0.001284836436863511	0.011948869193950887	0.002737543724674739	4.461790316754849	Cam3II_revWT	8.0	False	1
Cam3II_revWT_16h_rep1	0.019233497265245515	0.017817800739704154	0.06452167492318107	0.07098204947861622	0.04387039746647398	0.02790955695698416	0.024341460014962707	0.09298739200750972	0.11754936257192189	0.07609596677768106	0.021828624581486426	0.14538608865307334	0.019752408003517956	0.027568830726844094	0.02617855417637336	0.06345033512098104	0.04069011173930079	0.03766480166049199	0.004844725653070715	0.05732636148257994	0.036757502764937486	0.0071128947015365	0.0475584523920261	0.010495650522977067	0.008741006210404516	0.0017911938770666983	0.006022254007326421	0.0014874097678802705	0.03609885242402722	0.006288021795430856	0.050600517788051635	0.021828624581486426	0.015009093856495981	0.0023720516507137503	0.01551783309818763	0.004765823055094625	0.014573545134143467	0.005164076305721749	0.016460437077267014	0.0030060779026127903	0.007884105679977466	0.0020485578343205756	0.00887264004651022	0.0009471044427096925	0.010461856734543263	0.004759262848960946	0.0217204062470959	0.0037485859087006855	0.007958427097407983	0.002047763285608676	0.008178494255426575	0.0010488126268022816	0.05117175267036197	0.0061546088122179715	0.02086201886834147	0.0034794411466212375	0.023864622922763444	0.0037042078040806494	0.1252267588105518	0.020159329842521535	0.09592393615298088	0.021625426418941014	0.055836366727187885	0.008685308195993191	0.06064348044327546	0.010338569035340764	0.01552213423664189	0.002295666503062263	0.004844725653070715	0.0029120621959669926	0.00041716358742750217	0.0023523777495104495	0.00027501794922915265	0.020354926081930597	0.0038912726193054163	0.015838880503401185	0.00438305219083808	0.011647921666444853	0.0013157305435511234	0.012207531718192628	0.0027383730287955576	4.4357014883629855	Cam3II_revWT	16.0	False	1
Cam3II_revWT_24h_rep1	0.019468561625166057	0.01755248032071641	0.06460457491697547	0.07196269544201657	0.0435913893285769	0.027949727104219044	0.02418529368284805	0.09288054227169301	0.11822246973789491	0.07607079171778468	0.021913995587662303	0.1445350406382448	0.01946624401053903	0.027577637783923872	0.026430130978412243	0.06332527313036447	0.04063834994933728	0.037897828956478946	0.004740036609504457	0.056986936207641455	0.03655159204797054	0.007039797280606367	0.04766240416177872	0.010472443233549494	0.008689848432809363	0.0017745556936316304	0.006004233731440205	0.0014673064645752596	0.03614242936170011	0.006269586619251365	0.05046852629074154	0.021913995587662303	0.015200528459214524	0.002386061384624043	0.015587276277304758	0.004723962835335616	0.01454478612960125	0.005102118144561575	0.01661278398444655	0.0029912580539840816	0.00778582737286252	0.001966369016321466	0.008798918951623888	0.0009151286697311545	0.010527501865485922	0.004707936908244493	0.021645090636718003	0.0037578205388888587	0.00813088631743666	0.0020391628503655334	0.0082556069380033	0.0010429055193605604	0.05090711221339903	0.0060798239942424235	0.020737077629401895	0.003448216053446153	0.02389999727303123	0.0036776405108926427	0.12459191312347491	0.019943127514769888	0.09640591540371286	0.02181655433418205	0.05599790099240242	0.00860667392457305	0.061612080553614855	0.010350614888401713	0.015301464948062827	0.0022510153726535845	0.004740036609504457	0.0029102905166493625	0.00041422848578239347	0.0023635677082945975	0.00026814637667324666	0.02018049508308044	0.0038938317346905744	0.01605276252091189	0.004421135370100752	0.011619900523482392	0.00127270274578982	0.012336410433625988	0.0027207134013208446	4.418934077626761	Cam3II_revWT	24.0	False	1
Cam3II_revWT_32h_rep1	0.018982783593001294	0.017657312140802937	0.06400475045647643	0.07012392692049671	0.04485461632407968	0.02724798787560068	0.02432322773896412	0.09449606771104838	0.11813840806876658	0.07707296652127824	0.021861217449935577	0.14420504778246002	0.01931101131970128	0.027464406919632603	0.026316197063344603	0.06324687355436517	0.04029761015792585	0.037479770132619994	0.004787310698278256	0.05812850757122169	0.03751617190557762	0.0073384444185020615	0.04821703177044074	0.01057983635643136	0.008827826848583561	0.0018209752493386453	0.006120966694218473	0.0015063296022654585	0.03672732776030835	0.006422236343950788	0.05134650360678923	0.021861217449935577	0.015020765970809332	0.002423574025884547	0.015384095372951264	0.004651334762974852	0.014723147165164801	0.005185165780694095	0.01650207546270667	0.0029999110824252273	0.0076577432132837004	0.0019852069833202497	0.00876802589122388	0.0009000352318734483	0.01030158907870972	0.004733917866144686	0.02154530929617671	0.0037167939168947393	0.007980438625097983	0.002039209826259083	0.007979529413263312	0.0009836057283809164	0.05187586786596987	0.0062526397052518196	0.020881082981302364	0.0034421447576617535	0.023780161683825383	0.0036842452358072206	0.12427285111954123	0.019932196662918778	0.09644808158826935	0.02169032648049722	0.0554612521075362	0.008543498348940224	0.06004497519465354	0.010078951725843178	0.01541096917543161	0.0022463429653713273	0.004787310698278256	0.002855822996464819	0.000393518837244842	0.00235104523845	0.0002742857988873584	0.019932920243741215	0.0039036538196331664	0.01604350518826782	0.004398019004029763	0.011206421702281973	0.0012537288971396917	0.01206762974158459	0.002720207534594424	4.446594276715489	Cam3II_revWT	32.0	False	1
Cam3II_revWT_40h_rep1	0.018811174785090225	0.017567266609111152	0.06395635824638542	0.07008032140861604	0.044666504232719145	0.027125541724746762	0.02439345514363903	0.09373006253120121	0.11744748540608073	0.07658868838669602	0.022116332428159722	0.14566684651743045	0.019384224594234438	0.02753489761061513	0.02583799891463578	0.06425164571890392	0.04055566373514885	0.037389810104402586	0.004774274945734257	0.05812144695644912	0.037217331622522234	0.007449172610196909	0.04761574211716681	0.0106202129327923	0.008869156672784723	0.0018603142315111712	0.006095049661816505	0.001528212770624503	0.03629994370218775	0.0063830462863020895	0.051047072542711375	0.022116332428159722	0.014876610257284085	0.002411399234164784	0.01541683545366809	0.004684965159285635	0.015062804819350448	0.005264409705489129	0.016648616977364424	0.0030224362017491286	0.007755425572547561	0.001989905288024043	0.008736180706561557	0.000902713027101279	0.010421803353634336	0.00473055753771959	0.02169234539443839	0.0037109574493565363	0.007826041140250935	0.001975025823116607	0.008010842891738822	0.000999264929983859	0.051783231034989476	0.0063382159214596485	0.02091813421932274	0.0034753209243162915	0.023853939371659715	0.003680958238955416	0.12539565317667203	0.020271193340758418	0.09579096161528793	0.0216565237907928	0.05535420292560998	0.00860215532077543	0.05993747778783181	0.010142843620784235	0.015313599214359607	0.0022536673947515457	0.004774274945734257	0.002838128649081598	0.0003964589118044026	0.002301096648474407	0.0002649805439309317	0.020271558595665488	0.003981819419285293	0.01572852122435162	0.004308812936992822	0.011088724714682276	0.0012696963196990234	0.012045613854302297	0.002721506836063166	4.423191946253772	Cam3II_revWT	40.0	False	1
Cam3II_revWT_48h_rep1	0.018783813296427032	0.017603820184032462	0.064898138314495	0.07091553283894445	0.04382495450908252	0.027202645136156278	0.024206802707178343	0.09301449022867472	0.11777205741232585	0.07585608133814052	0.021968924334009408	0.14705440271388368	0.01929750966843436	0.02750518826231404	0.026073768347876478	0.06397230126574308	0.04045955939672173	0.037474103330322917	0.004759053489324584	0.05735685322591256	0.03671407394660609	0.0071108805624764265	0.047449468166189036	0.010455089035471446	0.008708179070770853	0.0017875546545554303	0.0059675236517431765	0.0014882667594105761	0.036074235753536056	0.006271703096516459	0.0506685513786222	0.021968924334009408	0.014880830370229402	0.002357733704501388	0.015522305152192894	0.004713234103399231	0.014705533359386708	0.00515994545956996	0.016623875379235594	0.0030336216765842776	0.007654809833554998	0.0019822160016941316	0.008736312786653062	0.0009241710465321669	0.010307845360875631	0.004689071990609247	0.021731834500014598	0.0037308075452222606	0.007798126079277084	0.001962286004380669	0.008021874104458636	0.0010015271083106407	0.051242195420372644	0.0061146578055399125	0.020819817771862394	0.003386984935315949	0.023825232283248166	0.0036799559790658713	0.1267488832851214	0.020305519428762277	0.09615775576967785	0.021614301642648	0.05627997753598563	0.008618160778509366	0.060619878890765054	0.01029565394817939	0.015372535785685135	0.0022312843983473274	0.004759053489324584	0.002906812817873535	0.0003953475511216601	0.002325468641781263	0.00026644489694490915	0.020493813973967257	0.0039555114169992755	0.015834806510420917	0.004344887929734195	0.011265628840793471	0.0012600070525281405	0.011956991727020498	0.002720017515814168	4.448802342054176	Cam3II_revWT	48.0	False	1
Cam3II_revWT_0h_rep2	0.018805331473492184	0.017480945152546386	0.06521438401105949	0.07209717888102937	0.0433917155654884	0.02734297154715676	0.02405959624581721	0.09234909278194289	0.11800098500812355	0.07552667557458922	0.021910605036986646	0.1467563888276997	0.019503306934183205	0.02742490808474303	0.026225735946969066	0.06385173811369624	0.04044581331213169	0.03796566261706429	0.004831906948202793	0.05681505793707811	0.03641282307619098	0.006978892489297417	0.04726437216307606	0.010402593162297922	0.008642716224903185	0.001771947639250777	0.0059703436847103105	0.0014747027003509806	0.03586648889203883	0.006198689526518433	0.050283914363385626	0.021910605036986646	0.015147154884011577	0.002359114508643804	0.01568341907093146	0.004775974153477448	0.014542462463832274	0.005115531065995573	0.016583794560751427	0.003050466096950857	0.007738463633730914	0.0020029695290280534	0.008822335579531732	0.0009395381918925058	0.010280156544806997	0.0046915431519979865	0.021741305136448202	0.003732808478878514	0.00776589027783361	0.001957676876881061	0.008062250932428797	0.001019513386348718	0.05080166229122814	0.0060133956458499685	0.020720010006489542	0.0033395862393276656	0.023742946965150766	0.0036819611195922624	0.12656775891123964	0.02018862991646007	0.09640346075413132	0.021597524253992223	0.05659427868144026	0.00862010532961922	0.061585906526524924	0.010511272354504442	0.015249015275341669	0.0022319298772047187	0.004831906948202793	0.0028916846545374605	0.0003979334824499616	0.002338418559309101	0.0002736165689339401	0.020630346230021315	0.00392913769614478	0.015944478968644638	0.004379603713093966	0.011353402672665585	0.0012635979671894878	0.011987883013676232	0.0027380878936254546	4.4636347953776	Cam3II_revWT	0.0	False	2
Cam3II_revWT_8h_rep2	0.019165360686263847	0.017724600574178448	0.0651105647523676	0.0719069652819086	0.043439917926718155	0.027641687833017466	0.024196836646574807	0.09260499874613817	0.11819941354254707	0.0754703347995806	0.02182230938801216	0.1456360040900396	0.019615441464892674	0.027459458181014234	0.026291672863212167	0.06344702573066348	0.04050149834345353	0.03793269970877657	0.004814281193857204	0.05701892824678327	0.03641629604582869	0.007023621880889469	0.04709564684851047	0.010457909637590811	0.00864820369408829	0.0017891055939847822	0.005996439392596021	0.001483029632810236	0.035969069702438294	0.006250473079175791	0.05038545596452408	0.02182230938801216	0.015118966507097034	0.00237067033827325	0.0156176428547677	0.0048254200086385885	0.014472127869611422	0.0051171328202454305	0.01643579914597819	0.003033245946513538	0.007780947327222575	0.0020360195285133607	0.008849481278908543	0.0009489933302481951	0.010312292588256746	0.004726547330226519	0.021697475322521993	0.00376518310244828	0.007905479000978235	0.002034697314373274	0.008166667568406573	0.001058516802505766	0.05094080237947088	0.006078125867312395	0.020780564466953776	0.0034162721796210296	0.023754159598232127	0.0037052985827821052	0.12546405730937846	0.020171946780661136	0.09650814520002889	0.02169126834251818	0.0563660813465366	0.008744483405830998	0.061346266649855395	0.0105606986320532	0.015441738315649468	0.0022828622585289783	0.004814281193857204	0.002922996171086379	0.000417707489423891	0.0023723649700252715	0.00028299258818049056	0.020480947447887542	0.0039077725004273605	0.01588522245951215	0.0044103891849839845	0.011530788242667702	0.0013133205888259114	0.012045033006724559	0.0027525459947992954	4.4491702226032706	Cam3II_revWT	8.0	False	2
Cam3II_revWT_16h_rep2	0.01939662985944342	0.017696869886085393	0.06477181984627045	0.07186827963711598	0.04328096258865846	0.027997220976852165	0.02429367940604464	0.09240535207774955	0.1176744794162046	0.0756099518590209	0.021840594915280894	0.14559202454654321	0.019827980922907676	0.0276356427178671	0.026240551977298	0.06341681590949695	0.0407963715392988	0.03790010933257859	0.004796158222940141	0.05695850436234329	0.036280981066422496	0.006999981522235964	0.04713990301847052	0.010485456646875883	0.008690692424633207	0.0017817750080363602	0.006021046429022492	0.001491078331982453	0.03587758770811618	0.006245501001570717	0.05028226336806265	0.021840594915280894	0.015125830357255711	0.00238259372496451	0.015571911245452087	0.004819774004906279	0.014494149019754743	0.005130903035765323	0.01643969703889291	0.0030046385891928907	0.007914513236335696	0.0020445058174118785	0.008917453639304003	0.000951508229856101	0.010484913409479008	0.0047579775561644505	0.021766486784755932	0.003786993788899407	0.008015905270667796	0.0020584223675716097	0.008241774896523212	0.0010805273246808059	0.050817787123415524	0.00614071723892776	0.020801422040777735	0.003492257365266905	0.02393208480436294	0.0037035579135041626	0.12536034642248123	0.020231678124061996	0.09596466975092087	0.021709809665283724	0.05600856779669374	0.008763252049576708	0.061336642907866924	0.010531636729249061	0.015392499995985832	0.002304369890099561	0.004796158222940141	0.002931057248507988	0.00043014326383775987	0.002380318723261818	0.0002786329453994617	0.020444440796582298	0.0039029874293087965	0.015826009136971124	0.0043943906593198485	0.011713891520155726	0.0013223485993770052	0.01220732104690761	0.0027536598104118213	4.420336761605907	Cam3II_revWT	16.0	False	2
Cam3II_revWT_24h_rep2	0.01927958040976074	0.01756730968942802	0.06451555119229975	0.07146567157184412	0.04377585734999033	0.02760757001521811	0.024232059862558202	0.09350572086279078	0.11839919039503294	0.07625429352842798	0.021924800233976464	0.14489889905270265	0.019279277315242187	0.027542836037278206	0.026393880432178312	0.06315294096018627	0.04046468750139452	0.03772213228584101	0.004707430139029554	0.0573103111648199	0.036707381044985714	0.007068476305004617	0.04779910803063363	0.010481534718036088	0.008695120169146189	0.001786167293428105	0.006015992785310834	0.0014763705318731463	0.03638325139403205	0.006300034957729388	0.050822434511029344	0.021924800233976464	0.015112320294639209	0.0023939342922835783	0.015507021085392377	0.0047088566135258456	0.014538949262883518	0.0051120303222150585	0.016539665288019045	0.002996348450004161	0.0076896630249166055	0.001954483183075221	0.00872663672320628	0.0009084943840440803	0.010429390541004696	0.004688756175982584	0.021591836819506115	0.003754703964901128	0.008072548538847287	0.002038523181540425	0.008141287569662726	0.0010272211197103016	0.05119866834923883	0.006111642815581074	0.020792985709097978	0.0034390741534602253	0.02385827835565731	0.0036845576816208958	0.12493190585380436	0.0199669931988983	0.09664259856376883	0.021756591831264105	0.05592817772771195	0.008587373464587801	0.0612090202635226	0.010256651308321514	0.015325420154289423	0.0022418895351385974	0.004707430139029554	0.0029024866532511074	0.00040783238443781655	0.002363827654453305	0.0002698430416923876	0.020086301003250567	0.0038796466338139176	0.01602300534574357	0.004426885352600125	0.011452908008050653	0.0012553318548383621	0.012180540705598122	0.0027187894467309696	4.441991618599653	Cam3II_revWT	24.0	False	2
Cam3II_revWT_32h_rep2	0.01877809420421789	0.01756477170825936	0.06434019992915133	0.07037291083465165	0.04441651914273692	0.027122034306156804	0.0243645478024777	0.09414293151783125	0.11815994191986905	0.07648163544363974	0.02195984032164233	0.1457885194520364	0.01915118704187862	0.027423178555010887	0.026255033044762243	0.06329186119722054	0.04021904672390322	0.03742939464715491	0.00469671248216009	0.05804163972523898	0.03718081856415935	0.007235700578577571	0.047894532784946445	0.010525025863969584	0.008704985723598381	0.0017973591232729258	0.006061293242425548	0.0014984387054268508	0.036561445628924535	0.006365146157328671	0.05121633973157804	0.02195984032164233	0.014964280702357974	0.0024039289427122807	0.015381973451282569	0.004679211550802087	0.014702133593726279	0.005139876522566813	0.01644491136388096	0.003008230438773165	0.007608291458889718	0.001965693974212022	0.008681387252819223	0.0008958143559576544	0.010280958499417592	0.004698894539922365	0.021511264766601118	0.0037279289179621496	0.007879588659531525	0.002001967028559952	0.007909780739686114	0.0009867577764403014	0.05184029228908003	0.006201347436158953	0.020928037193997058	0.003436510608480642	0.023737444945588625	0.0036857336094222614	0.12569747672470521	0.020091042727331202	0.09638986827154188	0.021770073648327174	0.05578947248701979	0.008550727442131539	0.06022177447067714	0.010151136363974507	0.015344983345648334	0.002219788362611027	0.00469671248216009	0.002844054639376782	0.00039344154846926134	0.002347674478509801	0.00027518649078740184	0.020087020464052266	0.003909688814221057	0.01598280803233277	0.004411867855286226	0.01120700798993215	0.0012397162418264884	0.011961832029129992	0.002713478045268178	4.4276317034393005	Cam3II_revWT	32.0	False	2
Cam3II_revWT_40h_rep2	0.01837941016834016	0.017382315733396353	0.06483601276462495	0.07128700982975995	0.04337253036568676	0.026916472712689387	0.0244378272068926	0.09282650357449321	0.11869546255554862	0.07514536571926256	0.022143393576593295	0.14814772980395674	0.01907907118521538	0.02769283624086758	0.025659726029885557	0.06434316205659237	0.04050493246546984	0.036999072822000365	0.00463610802073579	0.05751505716798848	0.03616172820490979	0.007210802160776969	0.046631339120226614	0.010490393083142712	0.008681707549815594	0.0018300520295769385	0.005995037080326413	0.0015168368561742987	0.035876845124946835	0.006338248025458845	0.05061141042408753	0.022143393576593295	0.014601999345621341	0.002366717208986547	0.015316223023586097	0.004714133243806379	0.014983095693308596	0.005178253590149011	0.016590876300660643	0.003028561470739074	0.007647390382757082	0.0019525327854437327	0.008589882303306947	0.0008892657137076201	0.01039040984903445	0.004659772170684089	0.021724091975948923	0.0037306584698023767	0.007581670221288966	0.001908735271387994	0.007888107409880517	0.0010008972657826816	0.051273665245585555	0.006241391922402924	0.020951719780655288	0.00348610742623731	0.024008381768493167	0.003684454472374413	0.1275066770717468	0.020641052732209945	0.09679508467416709	0.021900377881381536	0.05611777001783192	0.00871824274679302	0.060923310699066764	0.010363699130693191	0.015160967986288737	0.002221347747107614	0.00463610802073579	0.0028260850777087746	0.0003940433958154378	0.002288809619207759	0.0002610601239044896	0.020549944097029663	0.004012430904705377	0.015561943309561588	0.004327784503687507	0.011045117779445756	0.0012621575474059288	0.011897367694727205	0.0027118296911104968	4.419790617241212	Cam3II_revWT	40.0	False	2
Cam3II_revWT_48h_rep2	0.018718247982579962	0.017607745878457075	0.06495638180823557	0.07102466115349587	0.043752736656140254	0.027071156555508825	0.02419637217026341	0.09300609102250754	0.1182529140903629	0.07572746181506927	0.021922529039297034	0.14714521354367796	0.019204299039542537	0.02750628478323674	0.026130419249418568	0.06388765180530494	0.04039264542108414	0.03737199053183857	0.004749297971527088	0.05737589948245187	0.03667606225950879	0.007076674396631458	0.047352767862219584	0.010428793776525745	0.008697481649860594	0.0017893614147676661	0.005965157924701285	0.0014938991869944004	0.03608979650643764	0.006264135140420771	0.05065215937564913	0.021922529039297034	0.014816570158647959	0.0023541229575592365	0.0154841644754962	0.004717132940135178	0.014643899602985335	0.005154283922343519	0.016598695951452535	0.003041065329704698	0.007619418532758454	0.0019797987445075893	0.008683969849323467	0.000921111912953027	0.010260464938331847	0.004681707784166071	0.021723385501906667	0.003727087196679554	0.0077586899592981045	0.001959871950977235	0.007992888734612623	0.0010067973376920005	0.051275046172705965	0.0061008533097459084	0.02081521511254682	0.0033811570577165903	0.02382118622820245	0.0036850985550342915	0.12684209029863075	0.0203031232450472	0.09659443010525734	0.021658483985105566	0.056328506705400024	0.008627875102835544	0.060705821078623164	0.010318840074872715	0.015371236776615976	0.002236509101841098	0.004749297971527088	0.0028975567223447586	0.00040037222021586304	0.002331016152650472	0.0002686677283146547	0.020497011942460126	0.003952695056358724	0.015864876425137106	0.004367930000755713	0.011206808556152418	0.0012564246221888355	0.011886830577346992	0.0027210927998205805	4.459888797927171	Cam3II_revWT	48.0	False	2
Cam3II_revWT_0h_rep3	0.018777214213802584	0.017609546240128237	0.06497726138486541	0.07145016859463243	0.043753894906580604	0.02723865340577066	0.02409006486583087	0.09277545247440369	0.1183118896849141	0.07594947518255743	0.02184022346472064	0.14621081234999728	0.019410657795675558	0.027476696141580298	0.02621647161348041	0.06395904408086982	0.040466713384605134	0.03754102958530139	0.0048560629674727655	0.05708866766281094	0.036705150357438876	0.007048744549141726	0.047505192847058834	0.010418571017135727	0.008740116359391266	0.0017886449841559263	0.006007776225943444	0.0014891737488722313	0.036052525251918446	0.00624642598502024	0.050476501237465006	0.02184022346472064	0.01492349987639439	0.0023499148946261976	0.015552567026517338	0.004715047787763456	0.014628993056821256	0.005165945783947602	0.016644792030667162	0.003051622270796418	0.007688421786003158	0.002012476113988228	0.008769156285820201	0.0009406036098639689	0.010318836988747457	0.004701257309973747	0.02173206000903623	0.003714559076847703	0.0077595164052920015	0.001973562421673965	0.008029589132363485	0.001014546254473131	0.05104456853757582	0.006044099125235118	0.020754891959738286	0.003335172906092585	0.023796565451095833	0.0036801306904844636	0.1261145329530469	0.020096279396950377	0.09674312240462679	0.021568767280287317	0.05636827003534266	0.008608991349522756	0.061089896843017626	0.010360271751614802	0.0153718855447653	0.0022376606953629376	0.0048560629674727655	0.002905902112847852	0.00040042888387147675	0.002347370596883202	0.000273009142705377	0.020550046883315635	0.003917644055321746	0.015933593715607857	0.004356167161564644	0.011287604731083114	0.0012672339157858523	0.011952350929922806	0.0027314638289788903	4.485333869453205	Cam3II_revWT	0.0	False	3
Cam3II_revWT_8h_rep3	0.019197452879391643	0.017761162100842814	0.06503980798534376	0.07185730046530404	0.04353339545524762	0.027671601492369805	0.024190822677697576	0.09270802765326108	0.11825488533002555	0.07569300198485722	0.021793862028749087	0.14519227617255462	0.01956746154176059	0.027443043672108796	0.02635082512389143	0.06341856687924734	0.04049351752017127	0.037919054463793116	0.004828205919291935	0.057085728654090694	0.03650530631010558	0.007028089145142036	0.04725955200364884	0.010487272083697007	0.008665689704039442	0.0017875772937070026	0.006003397014926357	0.0014895138848385594	0.035996191624131715	0.006250373035873438	0.050461462993255934	0.021793862028749087	0.015114421653372038	0.002371041053865097	0.01561264252252175	0.004820949234034236	0.014476004265317354	0.00510779752072154	0.016430244725761687	0.003032335724147746	0.007749062956166314	0.002030045776343037	0.008834201000460187	0.0009541518087910504	0.010320752695013707	0.004719313047556687	0.021691251050235217	0.003762200727365654	0.007924863238810254	0.002044873746385771	0.008164831882264882	0.0010628840119307368	0.05099789036614279	0.006087838287947907	0.020772359768981213	0.0034184629087163627	0.023743289246480136	0.0036997544256286595	0.1251029371042105	0.020089339068344127	0.09651350572806046	0.021741379601965097	0.05630635561383607	0.008733452371507687	0.061284537542986565	0.010572762922317482	0.015473724640092907	0.002287437460749906	0.004828205919291935	0.0029456844137201624	0.0004200692098625933	0.002378313890175096	0.00028449409506614033	0.020471559260556434	0.003900625382742581	0.01591626614088552	0.004405997374181917	0.011553952981477244	0.0013146746838113461	0.012043002877636799	0.0027599709494444164	4.4391619802883655	Cam3II_revWT	8.0	False	3
Cam3II_revWT_16h_rep3	0.019323017567384464	0.01782061497141455	0.06487123080398292	0.07121542460888562	0.04358131986037356	0.02789604534471914	0.024336202349600156	0.09265785580294475	0.11808525029958676	0.07570430429127936	0.021777656544117025	0.1455093842613411	0.019624830842290514	0.027619679063955724	0.026275052540454563	0.0633871762327194	0.04072754328778861	0.037498203490577614	0.00483437300242392	0.0572548348341601	0.03655031961910865	0.007031000241264907	0.04724270499915508	0.010468686436406858	0.008707751870693276	0.0017903336219409374	0.006003264407828716	0.0014915629552545002	0.03596558376612404	0.0062683309542571845	0.05042394108256353	0.021777656544117025	0.014893297194239983	0.002373467188580888	0.015446014442117816	0.0047854246656389285	0.01448548870565481	0.005137989233524053	0.016417148451817607	0.0030077005212961663	0.007786074744889999	0.0020505689620194823	0.008833825194591416	0.0009543619407896186	0.010419289538216124	0.0047637036903025	0.021756213445432642	0.0037883366138373466	0.007965106519437794	0.0020696257910681587	0.008215186841569732	0.0010730984153087802	0.05109976864819428	0.006155066185965817	0.020849029317688703	0.0034871730319114506	0.023908207891179548	0.0037114711727761775	0.12531167806718388	0.020197706194157238	0.09640237228376346	0.021682878015823304	0.056088373534801776	0.008782857269181142	0.06083715895722168	0.010378265651663946	0.015506767475722836	0.002313847495691716	0.00483437300242392	0.002948583118347503	0.00042976453723388814	0.002379024487246101	0.00028051656615384984	0.02044703903003743	0.0038918102903893275	0.01584860055649282	0.004388563274980397	0.01167766244851957	0.0013323120793610331	0.012144415092585991	0.0027416557242525472	4.446013680167957	Cam3II_revWT	16.0	False	3
Cam3II_revWT_24h_rep3	0.019304726495263047	0.017711946567589752	0.0640755035066071	0.07077701428930225	0.04415634408368955	0.02742395665113099	0.024302197492983162	0.09400025849180642	0.11802403198321343	0.0766491425317509	0.021947922509499	0.14480578137759065	0.01929672295040711	0.02751401181441596	0.026249877347357488	0.06318420085774176	0.0404973685521626	0.03772283400715464	0.004710355341611026	0.057645803148723335	0.03701408911139882	0.00714225497229073	0.04797496198009712	0.010550310166244255	0.00878692410630838	0.0017988003382558408	0.00605156791415469	0.0014865780266906103	0.036568890211761254	0.006333712185154539	0.05109765609489063	0.021947922509499	0.01513090160291323	0.002415476003357608	0.015487737023048028	0.004688719377835776	0.014591255791714875	0.005144880954046333	0.01656764090882674	0.0029993744857963163	0.00768579181879467	0.001971344644434222	0.008728345072343909	0.0009112414148343052	0.01044787729878041	0.004701866339617831	0.021615479597296414	0.0037321453164679387	0.008102148228571856	0.0020521965943407026	0.008123229913143607	0.0010271517592068805	0.05147470717818613	0.006171095970537209	0.020850949522944418	0.0034512479700387435	0.02382938610185904	0.0036846257125569197	0.1248209625221625	0.01998481885542814	0.09641834851303227	0.021605683470181162	0.05552094221848856	0.008554561288118538	0.06060906165613814	0.01016795263316411	0.01543892699706334	0.0022730195705264137	0.004710355341611026	0.0029136417879246207	0.0004067585581573719	0.0023593889804375033	0.0002673010527951046	0.01999266659302158	0.0038883821243359093	0.01590466213737464	0.0043981248306682475	0.011367064409193797	0.001251757578322145	0.012090844211630009	0.002714290451985042	4.4626382056417215	Cam3II_revWT	24.0	False	3
Cam3II_revWT_32h_rep3	0.018524974500669523	0.017502843242900353	0.06456338783475575	0.0705400667710569	0.04415389844454131	0.026863134595535354	0.02443118466825609	0.09407935210968149	0.11875269574723203	0.07613977625945911	0.021935444957708057	0.1468180910997801	0.018942337076653937	0.027452589824085098	0.026184924262726176	0.06316316338063663	0.04012389260678349	0.0371512145327889	0.0046229921151642915	0.058054035969585596	0.03695935213737105	0.0071945463071702576	0.047703692032312506	0.010449254681930155	0.008672988831600057	0.001794270812459844	0.0060303917286851	0.0014891781724714506	0.03649448546891673	0.0063769439331865475	0.05120792270757822	0.021935444957708057	0.01480907809759085	0.002387720071996411	0.015295164019571586	0.004659252343630051	0.014634672830869572	0.005125541242473897	0.01640835466267197	0.0030046000622535743	0.007521364972694933	0.0019424051128240376	0.00859728983356496	0.0008812771575700056	0.01023262192537997	0.004674957011124396	0.021502201645956225	0.0037141120243229034	0.007764021615316023	0.001969864679709834	0.007817735701077173	0.0009733525045664933	0.05186933118053211	0.00618470478905349	0.020987946708826442	0.0034432379594296495	0.023775881643134322	0.003676708180950775	0.12658531098195086	0.02023278011782925	0.09693788063481197	0.021814815112420057	0.05599456228973034	0.008568825545025407	0.060407739762258314	0.010132327008798585	0.015296137431677148	0.002206705811223206	0.0046229921151642915	0.0028348575829792596	0.00039102811245626904	0.002338122700789291	0.0002735158411570209	0.020086927221649	0.0039030673607186135	0.015937143991253556	0.004410256034090781	0.011087120857010378	0.0012264182292629233	0.01186211136757018	0.002687484141691869	4.443671886983874	Cam3II_revWT	32.0	False	3
Cam3II_revWT_40h_rep3	0.018258647124714172	0.01728336941264379	0.06481524416375806	0.07077636537504842	0.04345457245653159	0.02677409412032286	0.02457427071902545	0.09287241785226844	0.11866943938924279	0.07504275866311859	0.02222118068288388	0.14903001291031728	0.018939062881650006	0.027652280334470185	0.025625171657229114	0.0643123890340583	0.040441915837410955	0.036802653645576555	0.004584690225489868	0.0578694635142398	0.03621190526097184	0.007242667195559748	0.04662120438416553	0.010449867486016473	0.008664783778898498	0.0018231482042988516	0.005982624152353837	0.0015011306573854022	0.035882078401579164	0.006343645652321081	0.0506466937983682	0.02222118068288388	0.014527133543071379	0.0023557586028069666	0.01524740275851105	0.004672358741187162	0.015009604909174863	0.0051857227240609425	0.016581775308348274	0.0030315576871369925	0.007598311792536822	0.0019306266822472992	0.0085327394567268	0.0008773849501390847	0.010365779067147043	0.004658204030348019	0.021699772767229505	0.00371815997268639	0.007546763046497782	0.0018878003917835407	0.007834873156154947	0.000989210530277903	0.05159803474475956	0.00627142876948024	0.021074717144362137	0.0034995535746633125	0.02397366992277915	0.003678610411691034	0.12833691604633027	0.020693096863987025	0.09674226651248378	0.021927172876759014	0.0561403342742152	0.008674909889542861	0.06052747847363905	0.010248886901409376	0.015085429496199966	0.002197939916443824	0.004584690225489868	0.002803319298337579	0.00038892594055614803	0.0022833466002704908	0.0002617001861841762	0.020495090050358922	0.0040086383549783	0.015568735300388827	0.004319144331491892	0.010992824973704716	0.001240101979900803	0.011842683605215678	0.0026984835615016657	4.411980835660878	Cam3II_revWT	40.0	False	3
Cam3II_revWT_48h_rep3	0.01856369939453627	0.01748364015024889	0.06491410050408485	0.07100808928377969	0.04359069758260113	0.026891007280202224	0.024290230540922633	0.09300809072536952	0.11832911489363913	0.07539554761129262	0.021992906021026114	0.14810780196997567	0.019126787197022828	0.02761125567476828	0.026071551704690582	0.06386580441043865	0.04043610116375564	0.037213183737498566	0.00468704069714267	0.0574133494570039	0.0365151963955417	0.00707550118705943	0.04709321677549228	0.010406295357692037	0.008673170954171711	0.0017869110046167072	0.005948750278188359	0.0014872032411315152	0.03604104530320954	0.00628103447573148	0.050686010946428495	0.021992906021026114	0.014725594343619803	0.0023541910431057285	0.015432875535209023	0.004700522815564012	0.014674499518229264	0.0051601739633611084	0.016587098655518134	0.0030313717217082957	0.007598543649913112	0.001962057473049455	0.008658650681785948	0.0009075353922743112	0.010275435842855035	0.0046646345102864945	0.02176784896216238	0.003728181848451729	0.007699199921718835	0.0019317191753857501	0.007937072627054223	0.0009957076703774625	0.05127666156120595	0.006136687895797953	0.020883449225259143	0.003406781315663491	0.02392222700842996	0.0036890286663383213	0.1275765538716979	0.020531248098277787	0.09662317497173208	0.021705939921907055	0.05628583401151286	0.00862826649257198	0.06071541226667819	0.0102926770171015	0.015256056722406404	0.002227583427842489	0.00468704069714267	0.0028868117376555863	0.000399053873092407	0.002319703660426451	0.0002663303260013821	0.020443233427876174	0.003969427123745674	0.015827256968806304	0.00437239513870845	0.011087740145161487	0.0012451677311241607	0.011851751195981395	0.0027063482079351816	4.4514623793929164	Cam3II_revWT	48.0	False	3
Cam3II_revWT_8h_DHA_rep1	0.018916605052308324	0.01744027327428776	0.06547992751904967	0.07290803167001329	0.043086428492767885	0.027679841083821124	0.024038264074874745	0.09202483608657105	0.11870836001151328	0.07533035026654597	0.021797950087245586	0.14576639060181307	0.019536557109400905	0.027466911353619002	0.0264278607147535	0.06365576052213134	0.04038098004538955	0.03785632998309077	0.004800180277224738	0.056698161773578476	0.03614256162593997	0.006943866866827917	0.04713200188914895	0.010381832673637249	0.008597069614547186	0.0017680605979408842	0.005984949923619014	0.0014664355676526893	0.03576416575369442	0.006191794746277239	0.0500688755865994	0.021797950087245586	0.015118173887445232	0.0023500089731467344	0.015641397101826385	0.004746750020672416	0.014537716671670094	0.0050902800980718544	0.016497933669345145	0.003020313371197546	0.007774867727999375	0.0019859586228029077	0.008843407915397042	0.0009323228432015808	0.010340861804476542	0.00467059245134198	0.02163771036888944	0.0037318154206815862	0.007802144800840128	0.0019557982056823946	0.008132940836417466	0.0010257212093683324	0.05070100375838568	0.0059971580151927965	0.020671145003625338	0.0033671190712494074	0.023776042565596383	0.003690868788022619	0.12570150171731279	0.020064888884500285	0.09685242403657843	0.021855935974934855	0.056818215595442964	0.008661711923606704	0.062257757429920374	0.010650274240092917	0.015222217098713475	0.002218056175574284	0.004800180277224738	0.0028899063267244307	0.00040129453322306315	0.002351716641381922	0.00027249753285522323	0.020582236542092184	0.003927280169754526	0.016081905394305252	0.004430540286263609	0.01148838385304709	0.0012678769388059052	0.012183696324758183	0.0027398839672099456	4.431401343216422	Cam3II_revWT	8.0	True	1
Cam3II_revWT_16h_DHA_rep1	0.019059828224400378	0.0174732016981705	0.06497516051452054	0.07362369005182777	0.04290328234769654	0.027804553401641813	0.0241064333530517	0.09235531640067884	0.11794152246971526	0.0752679257533798	0.021825104857992276	0.1448021213758578	0.020008213805811827	0.027467220673949667	0.02639258169643885	0.06352901179298018	0.04055970604588399	0.0384509647979118	0.004836482878136813	0.05661767785995359	0.03596911880776851	0.0069341635399280226	0.047016125578117	0.010422817829455455	0.008565454237531474	0.0017637155252878825	0.006028522796346348	0.0014712897866416455	0.03579659517450689	0.006185696069959823	0.050373025156212135	0.021825104857992276	0.015495476746308688	0.002361651328996861	0.015794432010112738	0.004799404712493515	0.014621839252913207	0.005083684223782993	0.01648018622643069	0.003006839375596263	0.008020066676898687	0.0020074461290230656	0.009040875006693727	0.0009398259931963457	0.010419236270928245	0.004670343491619623	0.021725429724606855	0.003744696558729269	0.007882212073554775	0.001962614189990517	0.008172709099002603	0.0010422928618524817	0.050585849006693814	0.0060318288532597766	0.02072029756627049	0.0033861357867812094	0.023778457743169445	0.003688762930780223	0.12476236733748684	0.020039754038370945	0.09614862226049822	0.021792900209217037	0.056349173986375414	0.008625986528145129	0.06271607232383052	0.01090761772799726	0.015233654851864283	0.002239546846306219	0.004836482878136813	0.0029042195137977413	0.00040806233133395154	0.0023583330416370495	0.00027396795556071157	0.02040409010031116	0.003932372613945864	0.015986635186571497	0.0044613636675378985	0.011498797581571928	0.0012782673273466674	0.012244381087697438	0.0027831074050257802	4.411924128383489	Cam3II_revWT	16.0	True	1
Cam3II_revWT_24h_DHA_rep1	0.019117629833264153	0.017492260140357457	0.0651423409855036	0.07393401638615497	0.04271167924594732	0.027922309615604296	0.024072394870110713	0.09211345008792132	0.11858042011991862	0.07500492934558634	0.021758336899706087	0.14457620565675752	0.019958407392733614	0.027574927535144643	0.026448263097803806	0.06341471553239049	0.040553627846243424	0.0382632009019004	0.004855034633975171	0.056505849872976174	0.035795381472387346	0.006916297773559971	0.04671333702870084	0.010435588415659414	0.008571478007029478	0.0017775945864942993	0.0060229485978190705	0.0014839827098832292	0.035647427563345234	0.006212969271815821	0.05025305325276027	0.021758336899706087	0.015327932700456168	0.002376070819566661	0.015726161735238692	0.004833035646638884	0.01456290178110042	0.005068339907049296	0.016414420832759576	0.002991151797302814	0.007981675969122928	0.0020340891312118073	0.00899371507841485	0.0009489272139840254	0.010439417056321452	0.004666629508458463	0.021720034833025224	0.003727546448438284	0.007869180557293295	0.001984509527173041	0.008197726595665008	0.0010662131531328104	0.05044422421853296	0.006061625654443214	0.020677298963976208	0.003395095906134505	0.023886111325854928	0.0036888162092897163	0.12450946781414728	0.020066737842610254	0.09664025405871611	0.021940166061202505	0.05641179754490943	0.008730543440594176	0.06297371254649489	0.010960303839660082	0.015223896084160865	0.0022683640561965935	0.004855034633975171	0.0029140206383046078	0.0004135087840761799	0.002364056063756236	0.0002816285308638606	0.020447576462283602	0.0039303247518947815	0.015989760337649105	0.004485288743153817	0.011564551053222625	0.0013059261633390203	0.012252433874458502	0.002799398524584148	4.404718441471059	Cam3II_revWT	24.0	True	1
Cam3II_revWT_32h_DHA_rep1	0.019036900320223038	0.01763687359758992	0.06499161080405544	0.0723808469406511	0.0433257094109721	0.027795636511202017	0.024233638326616614	0.09258126399826072	0.11849649405915677	0.07552881116443773	0.021786152261744022	0.1450674103967462	0.01964399287146493	0.02753266814725975	0.026241816904778007	0.0635452954427586	0.04049348144551561	0.037760746139479696	0.004818042173948085	0.05710260908313962	0.03625802683014227	0.007067682580829828	0.04703139382281532	0.010461471094661836	0.008699143611472593	0.0018021021538988968	0.006039405995811159	0.0014952944857779351	0.0358807054954909	0.006287862868192144	0.050412695634577676	0.021786152261744022	0.015021493648788983	0.0023786362813806683	0.015588256715144905	0.0047723594941651406	0.014600195613456237	0.005114009052260942	0.016468198768101946	0.0030120568325199223	0.007810358337086093	0.0020333755982254384	0.008865621356381092	0.0009346375797723048	0.010351133485615461	0.004728652720373197	0.0216793616250855	0.003734333614441452	0.007858786246731867	0.0019906049036884496	0.008152948307844661	0.0010345608619580589	0.050971684557311395	0.0061309245258282215	0.02079853919877506	0.003435099127841555	0.02384156419503898	0.003691103952220768	0.12492506789235695	0.02014234250438924	0.096671001834064	0.021825492225092762	0.05622160926204637	0.008770001542009064	0.06177360461589219	0.010607242324758914	0.015355426746283445	0.002281446851306475	0.004818042173948085	0.0029037456359162794	0.00041584769076831213	0.0023346018098422674	0.0002845985356822436	0.02044779312543979	0.0039030420509797597	0.01591043745931859	0.004392585773250316	0.011547869449561982	0.0013142793212820136	0.012179020559709115	0.0027544671806489086	4.429270178059094	Cam3II_revWT	32.0	True	1
Cam3II_revWT_40h_DHA_rep1	0.01910550897005723	0.01773396805648992	0.06518955655835144	0.07240399356031356	0.04307105307491454	0.02789372259601737	0.024241966605045333	0.0921443315047715	0.1189347892349866	0.0751004130784002	0.021750133950403223	0.14513180800550687	0.019705863776438855	0.02761696830775511	0.02632979724095358	0.0634479881418241	0.040648569341742116	0.03771694696446916	0.004879309928331057	0.05695331110322841	0.03602266277665087	0.007048390298263667	0.04670699367391592	0.010432111034472773	0.00865356847975118	0.0018172017024687215	0.006003908983609754	0.0014866292041818478	0.035720478290335624	0.006285971873048914	0.05013788134138697	0.021750133950403223	0.014988586380742363	0.0023967197937288824	0.0155315204023843	0.004800120387613611	0.01457869610269336	0.005110023344147988	0.016394832793127638	0.0030022086791436373	0.007800150741643722	0.0020705495770164764	0.008889271814690743	0.0009458916430879129	0.010395051012590905	0.004774692015222043	0.021734297748215555	0.003744528565713614	0.007833881359250026	0.0020083070035929293	0.008204821830150654	0.0010584987770636202	0.05082332751860912	0.006129983584619291	0.020773084283591585	0.003468882321453748	0.02391338509369848	0.0037035832140566286	0.1249038641469931	0.020227943858513783	0.0969944219456263	0.021940367289360305	0.056313803906075016	0.008875752652276426	0.06177779390662738	0.010626199653686181	0.015422307726249557	0.0023116603302403616	0.004879309928331057	0.0029359612970734374	0.00042098633923860805	0.0023695685496400577	0.00028075765613036285	0.020468072526331295	0.003894154696380181	0.015907211549417048	0.004415311849454065	0.011586184078517237	0.0013445608046692566	0.012204391503531574	0.002758586209299302	4.4208203384390234	Cam3II_revWT	40.0	True	1
Cam3II_revWT_48h_DHA_rep1	0.019142637931452492	0.01761481210991492	0.06455704600483034	0.0724179069311134	0.04336079636676262	0.027726270149225858	0.024241689573061467	0.09298157984256544	0.11791348576446607	0.0757797024860555	0.0218957475393974	0.1442786959440691	0.019983710981968186	0.027576777347993724	0.026336838218974725	0.06357692920712313	0.040675116996444494	0.03807976787392147	0.004866815207202195	0.05699367352345735	0.03625332699597689	0.007107469370785733	0.0471955169818247	0.010509572065694492	0.00868497276498517	0.0018028669940218765	0.006084643818477302	0.0015021298610519765	0.035998308526893445	0.00628414516306616	0.05069912615260584	0.0218957475393974	0.015254545903745751	0.0024075109805531533	0.01564876286895765	0.004768948120664917	0.014766817003733184	0.005149759719818812	0.016512424134600637	0.0029969043586755787	0.0079900530091955	0.002044441126869359	0.009011791663617175	0.0009374251822861547	0.010449016784757582	0.004714368485864956	0.021773041311975824	0.0037386904138461317	0.007946940083109366	0.001999631819529417	0.008150916914462833	0.0010451491143508755	0.05083609579084039	0.006157577732616956	0.020819565041276418	0.0034221245317850478	0.023879175905423957	0.0036976014425697664	0.12422385080670761	0.020054845137361485	0.09615161042900973	0.021761875335456343	0.05589289530285648	0.008664150701973851	0.06177101047471198	0.010646896456401425	0.01532745020984774	0.002287361900067181	0.004866815207202195	0.0029044235148848467	0.0004079757992711982	0.0023561802783945845	0.00027444958634259325	0.020208798482382266	0.003942225507912643	0.015951982286981213	0.00444182675310029	0.011397603129937215	0.0013009061804807548	0.012227915611257304	0.002799845227550584	4.418351311495253	Cam3II_revWT	48.0	True	1
Cam3II_R539T_0h_rep1	0.019130997770663776	0.017738656708356313	0.06416187124093689	0.07194974754386405	0.04432218563659192	0.027437500601565523	0.024047188443531136	0.09352207706506077	0.1170029703459933	0.07689159238834493	0.021863282050910295	0.14349787736038477	0.019954929412717017	0.02734244753292111	0.02628848756204613	0.06367494733820318	0.04047162574231526	0.03857177764441038	0.004888286495351339	0.057241551115832	0.03711939241127212	0.007202793225319798	0.04804422894849665	0.010539530731918828	0.008847811604697348	0.0018114828510840278	0.006141140209830282	0.001507398042317798	0.03630913256414992	0.006286696977260011	0.050926247523650846	0.021863282050910295	0.015570481643673804	0.0024086963428984897	0.015836913953957404	0.004755685703880679	0.014740028666280058	0.005190306963379258	0.016642115432156518	0.003046643536556049	0.007971892960765703	0.00203684433904815	0.008996532558121608	0.0009496595547815558	0.010358009721415245	0.004717562405738912	0.021666061967450866	0.003729991647710233	0.007980699675730733	0.002023889983875788	0.00810729688682003	0.0010191112242372263	0.051137424065365755	0.006104127050466247	0.02070810319579505	0.0033390852477360863	0.023649029352556136	0.003693418180364972	0.12366465926942029	0.019833218090964486	0.09554721643530098	0.021455753910692325	0.0556193492684348	0.008542521972502083	0.06133611414735328	0.010613633396510763	0.015471154373600996	0.002267502334755317	0.004888286495351339	0.002905789773770369	0.0003995567679769887	0.0023520117530145515	0.00027467384962202954	0.020151450101491195	0.00390440263834011	0.015971412174693472	0.0043850432429687215	0.011285846287173787	0.001264531427618585	0.012118786663150112	0.002768336223623041	4.453221118820052	Cam3II_R539T	0.0	False	1
Cam3II_R539T_8h_rep1	0.018924338305252017	0.017598968326314482	0.06500369667640679	0.07298069385851826	0.043367829949566096	0.02744784390574675	0.02411534392104823	0.09264383867769299	0.11760909890937664	0.07547661839074277	0.021849931988376165	0.1457550949597142	0.019766344719543815	0.02730754467164325	0.026195464613564368	0.06339115421040407	0.0402706760863224	0.03855702977374723	0.004765699594518996	0.0569727884615002	0.03636853532680039	0.006999294622765706	0.04714313538761798	0.010436805182860883	0.008612921130621875	0.0017751334201908003	0.006029311496983557	0.0014793117724676732	0.03591396971772937	0.006219062950711567	0.05051080600925205	0.021849931988376165	0.015516588026176354	0.002362294111960961	0.015819138342956902	0.00485900929265302	0.014497708762436287	0.005097110141511299	0.01642327094829126	0.0030260048858294056	0.00788495920852517	0.002009985366410622	0.008924050470468691	0.0009473496741393328	0.010262365419465715	0.004680337435334383	0.02159420239774897	0.0037337708337733355	0.00782743390837663	0.001991563758033674	0.008072908142303659	0.0010324324965380518	0.05091961754662922	0.00605317091487098	0.02072099166787943	0.0033943522531688004	0.023619373032984257	0.003688171638658994	0.12557727851025463	0.02017781644945958	0.09592355152028174	0.021685547389094895	0.056331180944967855	0.008672515731438941	0.06208676662841898	0.010893927230099276	0.015352396153002877	0.002246572173311605	0.004765699594518996	0.0028970759347523773	0.00040654718911367345	0.002356190726353597	0.00027683131156802806	0.020434096013693146	0.0039129634586426735	0.015842138051657836	0.004416681400118855	0.011402286210669682	0.001296850770123368	0.011997734247220915	0.002750972677732787	4.423386221208289	Cam3II_R539T	8.0	False	1
Cam3II_R539T_16h_rep1	0.019193510073705827	0.01757629699449566	0.06493504914610546	0.07250314419494587	0.04324286674825809	0.027969360868328862	0.02427308580205942	0.09210287247186957	0.11826469589270562	0.07546253450843055	0.021762451382180234	0.14558390541494196	0.019698540840750334	0.027629857704832898	0.02623373972987513	0.06340491853251906	0.040567765961316136	0.03788090170068459	0.004768211909342264	0.05694629012265255	0.03622612755207853	0.0070167391961795614	0.04707527824008362	0.010439246815358566	0.00867666690299097	0.001782566466789518	0.00601200527200046	0.0014767708112074073	0.035724655793173764	0.006230224386803907	0.05014799229189191	0.021762451382180234	0.015119417860568706	0.0023660280648700716	0.015590369445754778	0.00480508632949103	0.014489456149915543	0.005109554518579408	0.016437119195843685	0.002997118796515237	0.007887897490677196	0.002017775139609394	0.008853406338210561	0.0009394618722531825	0.0104499387066162	0.004720131555231584	0.021649460757841302	0.003748234941627052	0.007902827796618755	0.0020245701363105577	0.008208478034396073	0.0010576341063804414	0.05082747948924117	0.006118810633411385	0.020769999337966968	0.0035030864640924497	0.023936783516652686	0.003693074188180211	0.12538108990638908	0.020202815508552872	0.09639621080089844	0.021868485091807176	0.05618920747307475	0.008745841673030705	0.061873798936183305	0.010629345258762564	0.0153143327171135	0.0022619642773821606	0.004768211909342264	0.002903086020518044	0.0004205437276002819	0.0023521251536855383	0.0002763521380285591	0.02046159153213827	0.003910078339526918	0.01587772178117329	0.004403910908869419	0.011652938513291465	0.00131993526262834	0.012270111924227141	0.002726375168181917	4.407996731196181	Cam3II_R539T	16.0	False	1
Cam3II_R539T_24h_rep1	0.01931400707049713	0.017556260741017495	0.06444341349966708	0.07219189924740727	0.04350650265608044	0.027706655197453703	0.024175747503236863	0.09312793804987463	0.11784835964586865	0.07595034135288355	0.02191113066731382	0.1453787523067168	0.01944132093620147	0.02749977600460831	0.026308004021776767	0.06324968197495848	0.04044986854370482	0.03810365429227689	0.00470438733792444	0.05713229895053136	0.036481724716365425	0.0070247779397150135	0.047581698602395604	0.010482490063937092	0.0086497893979318	0.001763675864542196	0.0060054509237412535	0.0014672365003355957	0.03620625641549314	0.006245478605907934	0.05067620302847355	0.02191113066731382	0.015303314205435287	0.0023871817721173804	0.01565320996276185	0.004759948351962371	0.014577107540600893	0.00508683010957371	0.016541069771691508	0.0029984988860659793	0.00778666676024465	0.0019592723911457423	0.008789049584284307	0.0009063322005267709	0.010488361739496186	0.004665076316964946	0.021569543614285477	0.003726886872958205	0.008097152200799053	0.0020086229147327377	0.008176422450935267	0.001031809504030074	0.05104780595412966	0.0060844929964016985	0.020738506347102146	0.0034372411561347164	0.023815722615694247	0.0036840533889140633	0.12531027117803858	0.0200684811286782	0.0960598619899248	0.021788497655943845	0.055856165652837485	0.00858724784682959	0.0617050783476465	0.01048682089976077	0.015306706363267123	0.002249554377750372	0.00470438733792444	0.0029048271847340566	0.00040613104897054177	0.002357584111679051	0.0002668706322185594	0.02015625894697602	0.00388991672005037	0.0159465986948911	0.00442599234928346	0.011519106645882623	0.0012572597508964693	0.01221549617573009	0.002714792624944519	4.408741874119987	Cam3II_R539T	24.0	False	1
Cam3II_R539T_32h_rep1	0.018621969034700196	0.017553847024038498	0.06436415050641697	0.07065096806754245	0.044371251839686404	0.02702154677368352	0.024330207491450824	0.09418423474441857	0.1178990603909238	0.0764109816559061	0.02192835541927075	0.1462337815305309	0.019147137096910568	0.027367082749753305	0.026165772375841737	0.06331664497642356	0.04010456300785159	0.037597447532622126	0.00467583818932113	0.05805515959270706	0.0371499220166847	0.007221329823001706	0.047865446588393694	0.010516144916807055	0.008697884488908238	0.0017888618060580548	0.006057246163997229	0.0014853976917418152	0.03654597559180504	0.006362842289957354	0.05127541686265619	0.02192835541927075	0.015055617893126653	0.0023939696533307464	0.015444362825673718	0.004703497160491008	0.01471992581260653	0.005131402530186602	0.016445522307492782	0.0030078819428138123	0.007631179968835978	0.0019436341032863969	0.008682601166880194	0.0008897218579079996	0.010272813539488307	0.004667068802326544	0.021460062334470422	0.0037046183315663176	0.007827406948271314	0.0019675532166319055	0.00785387884649667	0.0009731300233003078	0.051870289901353284	0.006184869691353772	0.02090942319068438	0.003420784300766441	0.02368654695940052	0.0036805357903527845	0.12606345491264295	0.020170326617887948	0.09613312444093157	0.02176593594999223	0.05583384674435513	0.008530303762061847	0.060390822130234424	0.01026014593730803	0.015344903066883873	0.0022089439571546243	0.00467583818932113	0.002834840918728438	0.00038930572530768316	0.002329266668254301	0.0002731118659122504	0.020100333774272495	0.003911578609051331	0.015928418374990462	0.004410828822648599	0.011151976584994096	0.0012318200724367589	0.01192998658317416	0.002707763533078506	4.416677723475791	Cam3II_R539T	32.0	False	1
Cam3II_R539T_40h_rep1	0.0186224243985016	0.01746639248800053	0.0641693740462589	0.0703545489449409	0.04423000863806839	0.026951863205471344	0.02444963521948101	0.09354251151939792	0.11756409940029611	0.07606553663987951	0.022140406839104405	0.14711522575304334	0.019261556968166896	0.02758719189924025	0.025692089443833707	0.06425649792845475	0.04053628732076591	0.0373258780641163	0.0046718345091549445	0.05799663677382353	0.03686760245409627	0.007362406183972121	0.04732194333146733	0.0105554421623403	0.008779144293991667	0.0018395736084097214	0.006056219907422669	0.0015132133362478302	0.036202518462543576	0.006384599766294507	0.05095539329055984	0.022140406839104405	0.014832015223848825	0.0023912769800920196	0.015410416454895054	0.004692169405280403	0.015039171254838692	0.0052243901465686155	0.016652488019803326	0.0030242178303730143	0.007713695545107238	0.001961575649268556	0.008694735638084226	0.0008915501357068784	0.010412585129626119	0.004708086985336165	0.021699576862688544	0.0037160383431150833	0.00774833790216685	0.0019354034436484177	0.007947606172923968	0.0009910768797623591	0.051701392189709365	0.006295244584114165	0.020971536264783548	0.0034780989546974632	0.02392183757096051	0.0036653543282797406	0.12661696679760087	0.02049825895544246	0.09588537314516768	0.021678726255128435	0.05556602990519829	0.008603344141060615	0.06015168349468056	0.010202865450260345	0.015236851479209603	0.002229541008790925	0.0046718345091549445	0.0028270373933670773	0.0003925223214286044	0.002286532211081234	0.00026257754793447693	0.020323943239516667	0.0039922874373544285	0.015618595547443069	0.004304824422579244	0.011045926511876481	0.001246131996451738	0.011947512540658307	0.0027122921564848197	4.4230169252902725	Cam3II_R539T	40.0	False	1
Cam3II_R539T_48h_rep1	0.018637974681729303	0.01755361782411485	0.06466302080876449	0.07060521541784485	0.04405905009919811	0.026929272324418607	0.024291730252535608	0.09342045520705529	0.1175655314940452	0.07601696832876549	0.021995439801911574	0.14745226392153543	0.01927213040948681	0.027498341356890818	0.025969075594930703	0.06387218908005579	0.040405117913671185	0.03748977690481106	0.004713384493057819	0.05758944408517683	0.03689227100647292	0.007166779092725193	0.04758012139809047	0.010438466108281183	0.008738607322436654	0.0017936329453936849	0.00598219226556369	0.00148394828899981	0.0362533629473239	0.006302615667479466	0.05086447659225193	0.021995439801911574	0.014917239305850665	0.002363138383939176	0.015514596403034608	0.004694802811986616	0.014712470847994066	0.005186061156001202	0.016616327493874837	0.003033538784568862	0.007661555520114012	0.001972404569790001	0.008726686463082743	0.0009114838565000567	0.010272056279110337	0.0046843935456074735	0.021737323049897585	0.003711345039055788	0.007757132911745904	0.001953798095659349	0.007942277048905213	0.0009847666254188374	0.05144896586065377	0.006140478224523054	0.020897924100124556	0.0033938061524110517	0.02382856763723438	0.0036697737196564367	0.12708232846594936	0.020369935455586085	0.09603015485194685	0.021535376642098345	0.05609799588231365	0.00856502492645083	0.06037210327721408	0.010233112140630777	0.01533184674912468	0.0022217710749901703	0.004713384493057819	0.002875624391675346	0.0003909849641691686	0.002309045717414489	0.0002629332246912693	0.020380334510013604	0.0039434562876032135	0.01579318949154768	0.004337297805432753	0.01111245999722658	0.0012372822328140837	0.011883865029389165	0.0026956650649887794	4.4591815805172725	Cam3II_R539T	48.0	False	1
Cam3II_R539T_0h_rep2	0.018856226681304728	0.017453102119967746	0.06542107390795272	0.07166450522005034	0.04316894754414457	0.02743489029934377	0.02408299969272935	0.09190424819301635	0.11789452675784369	0.07513736839148046	0.021973623026320752	0.14806583231099502	0.01933770149876366	0.027535898438175617	0.026181045329784193	0.06410986273949484	0.040625706735605394	0.037566711964260556	0.004863621530409934	0.056722107618356374	0.036241198644643695	0.006927748899500875	0.04696625784579317	0.010371156348940844	0.008645353733008586	0.0017604835455264196	0.005922165016705116	0.0014719519015063097	0.035669057049671084	0.00618885569337021	0.05004633544997505	0.021973623026320752	0.014867376782229054	0.0023487416970246556	0.015590032082713949	0.004760561402292898	0.014521919465584779	0.0051094012345951284	0.01662592857725668	0.0030505732600732104	0.0076358484916215705	0.0020065709941371637	0.008756335577526237	0.0009389464354786924	0.010336479902124005	0.004712323619849729	0.021849367825122933	0.0037275353885087297	0.007775704729648417	0.001966575990288494	0.008085459878530417	0.0010284860828374013	0.05070205541440652	0.006020052203949854	0.020735706647064863	0.0033472930456644886	0.02386986903957222	0.003666029398603397	0.12767495631053088	0.020390876000464124	0.09630775961900591	0.02158676713883778	0.056764714462804094	0.008656359445148632	0.06125482874530786	0.010409676474742486	0.015216228010808559	0.0022368741091591867	0.004863621530409934	0.0029288309110417007	0.0004040075277658752	0.002345682559960097	0.00027677710471602304	0.020835153791105065	0.0039668864108799735	0.015878748799451625	0.0043469984268488734	0.011443407536907379	0.0012703985556760651	0.011984432050508512	0.0027366521562518114	4.461425789215747	Cam3II_R539T	0.0	False	2
Cam3II_R539T_8h_rep2	0.01899183516781687	0.017751361011088252	0.06543691194445488	0.07122715431601329	0.043412444535152514	0.027589341498125506	0.02422890903173208	0.0924248648756169	0.11839136467648571	0.0752361138931902	0.021805738979652736	0.1468666282035399	0.01930765642530553	0.02747587890726467	0.026312304181080947	0.06366134242145068	0.04054730256354991	0.037344598818012484	0.004822758671839156	0.05716548987862778	0.036438040353109304	0.006974404182043209	0.047024428910544334	0.01041135054781437	0.008631663969328433	0.0017722839197007155	0.0059182444771504975	0.0014781420686518375	0.03586426416262823	0.006223813383320141	0.05033678732966852	0.021805738979652736	0.014768847526693054	0.0023447442815308474	0.015435222843252527	0.004795784166536056	0.014455927225895572	0.005107641052102076	0.01645727226081254	0.003038809614541474	0.007603388452527353	0.0020230650344060914	0.008733698696519078	0.0009475042418530084	0.010292230795155921	0.004722631591782647	0.02176208620541838	0.003770353971192966	0.007820256524955821	0.0020184194001243217	0.008104028208309775	0.0010491310344269513	0.05110400894227079	0.006061480936356992	0.020810141355608845	0.0034187676761232347	0.023777078033443897	0.0036988008738207704	0.12659496071516077	0.02027166748837913	0.09667750930358422	0.021713855372901488	0.05666553198503916	0.008771379959415713	0.0608050409339634	0.010422113382049894	0.015481838791159558	0.0022695222199286946	0.004822758671839156	0.0029469612817819187	0.0004193807740611971	0.0023778399630535454	0.00028426757447786723	0.020675614704894547	0.003926077563204468	0.01588309950861418	0.004400755079092238	0.011558397890511815	0.0013083501216406156	0.011991368393816424	0.0027312250921566503	4.452341956013766	Cam3II_R539T	8.0	False	2
Cam3II_R539T_16h_rep2	0.019197476917302943	0.01781022023059372	0.06535144904664646	0.0712543350651271	0.04334203558409049	0.02798777980459792	0.024290488349206787	0.09225675969949693	0.11830710569054638	0.07525412623637864	0.02176600214622992	0.14615909725551923	0.01955511553652346	0.027627861899074478	0.026314744243496745	0.06348037665423545	0.04073100700582002	0.03727565439643262	0.0048981840301733515	0.057140180208507196	0.036358310565033955	0.00698372501905654	0.046952774393706126	0.010437610696019683	0.008659843688988506	0.0017863363785637003	0.005939809056925615	0.0014777520221750144	0.03579311082831181	0.006236207660880461	0.05022744121030465	0.02176600214622992	0.014732255599497241	0.002350804633035863	0.015377991437706696	0.00481460272619282	0.014436040795769928	0.00510905569934029	0.016390188839078435	0.0030162718421998845	0.0077212950841528336	0.002070617741982421	0.008792119606890183	0.0009710831034980253	0.010408591979702448	0.004759229517607554	0.021782877794804454	0.003780307713705562	0.007854889387225542	0.0020629943698150573	0.008208204901734312	0.0010713882585280305	0.051016547958540444	0.006123632249966751	0.020807227494770573	0.003483260854436215	0.02391034753298766	0.003717514366086819	0.12588565212913605	0.020273445126383176	0.09658739729015006	0.021719708400396314	0.056504803277747984	0.008846645768898471	0.060846775088455325	0.010407559976671771	0.01550574071125264	0.00230447951934108	0.0048981840301733515	0.002963946985744514	0.000434466202987014	0.002389561806503061	0.0002865273000811614	0.020638827322555904	0.0038899921552909993	0.015841564736236158	0.004398677211944836	0.011756971242945185	0.0013628518321371992	0.012133736923754862	0.0027342198057606773	4.446993279540883	Cam3II_R539T	16.0	False	2
Cam3II_R539T_24h_rep2	0.01976576024270811	0.017588073991177573	0.06477748845512164	0.0721111807381995	0.043063783711565246	0.028163300404431716	0.02422952846382409	0.0922174054230726	0.11839462140417667	0.07549920463121082	0.021901971202273655	0.14510155827375396	0.019429895325018858	0.02770784911055209	0.026452206582022603	0.06343610577790174	0.04089490852776476	0.03759213905401037	0.004768649172404265	0.056904369508809505	0.03612094408275351	0.006942839628811735	0.04713496125718488	0.01051441090048835	0.008672145755475633	0.0017681934361636169	0.005943890547934083	0.0014656027339642612	0.03589502610758331	0.0062089959165882915	0.05011338339890099	0.021901971202273655	0.014958220195656624	0.0023853645488352174	0.015482500194967315	0.004766054114551214	0.014500694076683359	0.0050904776273116474	0.01658009324650388	0.0029960483852032164	0.007741455413887683	0.0019957524254665495	0.008766539301928127	0.0009261481837364958	0.010641664579043546	0.004704812308953252	0.02178455646851949	0.003763875171248473	0.008219774350992989	0.0020750165998173393	0.008377662116213843	0.0010933071756839422	0.05078226334636899	0.006122106162440517	0.02072678457917671	0.0035027438846473775	0.0240105046135782	0.0036973444969738895	0.1250083252825769	0.020093232991177053	0.09655746444861452	0.021837156955562147	0.056056338423508906	0.008721150031612735	0.06172017294676696	0.010391007791432543	0.015282454277198234	0.0023056197139793384	0.004768649172404265	0.0029694084049174205	0.00043126089366564413	0.0024104439908826263	0.00027195446216321143	0.020374555993009653	0.0038942364491899805	0.015940137325837413	0.004429001504556289	0.011804141597272012	0.0013046166678498542	0.012325589223118962	0.002728952916190887	4.421704924551561	Cam3II_R539T	24.0	False	2
Cam3II_R539T_32h_rep2	0.01878224392953772	0.017627876134515663	0.06411746652352157	0.07023080953495196	0.044559633253632026	0.02691531668293319	0.02438509900883283	0.09462338916521976	0.11826833996010938	0.07675441450156201	0.021885174049659083	0.14559448545228676	0.01906363956553686	0.027473650937749883	0.02622947229400005	0.06312899402428987	0.04020777958647394	0.03731620259687896	0.00467566192187057	0.05816035087643784	0.037300030090781706	0.007259603162850322	0.04805260036615994	0.010548008863174821	0.008781049585369252	0.0018051352718048586	0.0060752218991507135	0.0014923985159024183	0.036748077028809396	0.006398672698292992	0.05147663943811737	0.021885174049659083	0.014928117016111646	0.0024025435486966706	0.015338475835810585	0.004647066196260065	0.014681093590625235	0.0051437655887317	0.016469211927053334	0.0029915548874379673	0.007570769505278831	0.0019508103766822792	0.008654340068578526	0.0008877196149972209	0.010280497775237598	0.00468896678336007	0.021530256030480206	0.0037080589973960674	0.0079110055810729	0.002004448671550668	0.00788664732190084	0.000980142355013312	0.051939381990573324	0.006220968885864514	0.020940192704319183	0.0034449063045136467	0.02377665885137998	0.0036969920863699044	0.12548869779020572	0.020105787662081046	0.09656127313436781	0.021707066825741573	0.05557603226879437	0.008541434254727196	0.06014517894296416	0.01008563059198781	0.015394301601844126	0.002233574532671536	0.00467566192187057	0.0028557092965945195	0.00039677994752276244	0.002339389013185719	0.0002706816065558127	0.019940067629164906	0.0039033004012767277	0.015955829288698417	0.004411083141442818	0.011084264651670204	0.001234485074140279	0.011910391308331688	0.002686175648791018	4.4483795949740905	Cam3II_R539T	32.0	False	2
Cam3II_R539T_48h_rep2	0.01825350686032836	0.01739200306767241	0.06468228127790536	0.0707721324020008	0.04385608297034096	0.02666705031711431	0.02451302509559789	0.09363896972950209	0.11897881531850711	0.07551322450529016	0.022014522561391314	0.14797927099682018	0.018900493958693823	0.027598201193362707	0.025900625586633603	0.06354261070948285	0.04022789742165072	0.03685553995172687	0.004618456795206122	0.05809528928077229	0.03661654655576264	0.0072395364145783235	0.047035063307059775	0.010448242356184844	0.008689024000006332	0.001817140428988984	0.006024440294262321	0.0014993141187879132	0.03621979733676916	0.006378569602989846	0.05104060278974309	0.022014522561391314	0.014608662333960642	0.0023784800881754145	0.015203684893136768	0.004664712636454041	0.014788763206430463	0.0051476379498290505	0.016431244839326304	0.002997446285550607	0.007547270377777783	0.0019484643844160639	0.008524388520068224	0.0008803706764317536	0.010255787242866386	0.004666742044930849	0.021612610710006433	0.003692757423847055	0.00758562955027952	0.0019237831958211248	0.007764288811375404	0.0009798053028523123	0.05183580533698589	0.0062594839437863994	0.021043878669936723	0.003469146425661168	0.02390968192193393	0.0036885192714287765	0.127465637359962	0.020513633636858188	0.0970434295259598	0.021935385792547307	0.05601713565308889	0.008665145624816472	0.06054431384826713	0.010227818553733664	0.01518424842006884	0.00220775464760357	0.004618456795206122	0.002801320245398801	0.0003926009096500503	0.0023092272099708997	0.00027015847285035907	0.02022779315351302	0.003949725274833412	0.015750104843866904	0.004377213904896589	0.010965657161089458	0.0012383135385755674	0.011779721399007861	0.0026833582184414245	4.424058479925662	Cam3II_R539T	48.0	False	2
Cam3II_R539T_40h_rep2	0.01866381627840242	0.017476547199034007	0.06446748786459025	0.07084411819505233	0.04387930948995258	0.027009545148089432	0.024364951968937603	0.09319184584605844	0.1178816961397992	0.07580470857962346	0.022031510955277653	0.14708483637804592	0.01926376669661756	0.027697792426810953	0.025893497127645645	0.06420167467246737	0.040614358947116645	0.037254886214944265	0.004725598138273458	0.05764805173326115	0.0366215361356495	0.007257773354303076	0.047160204549397296	0.01049348663974444	0.008782455231999376	0.001842811632147585	0.006021320384732717	0.0015044301416020436	0.03610893569406943	0.006341963278913473	0.05074094687307553	0.022031510955277653	0.014778758021695456	0.0023824130051371133	0.015406784742695077	0.004686930445416619	0.01492934889180538	0.00519560190308694	0.016668092538736135	0.003010570570407039	0.007665402545239824	0.0019808531418598796	0.008712639773520102	0.0009048712359977546	0.010401366008376592	0.00470034898735917	0.02178753366469303	0.003725110286687853	0.0077269161232329225	0.0019491789209586737	0.007991462320391187	0.0009962589138196379	0.05140706554206831	0.00624098619119284	0.020911547328185492	0.0034534046407521117	0.024013615008467923	0.0036841774183430306	0.12659973823688975	0.020485098141156163	0.09623114688674476	0.02165054925305443	0.05582297596019599	0.008644511904394263	0.060601085519060884	0.010243032675991448	0.015239935058665393	0.002236612140368612	0.004725598138273458	0.0028567175987903527	0.00040262165745160925	0.0022996217054997016	0.00026326306656207884	0.020412983514632103	0.003985077253799775	0.01575472274080323	0.004316550358538672	0.011076950660930862	0.0012567841873691171	0.011967242571671189	0.0027085677281182613	4.444743907509349	Cam3II_R539T	40.0	False	2
Cam3II_R539T_0h_rep3	0.018989815818805305	0.017417408890729312	0.0650948368865749	0.07134322618927477	0.043511798052332726	0.027447234354879953	0.02416701239572102	0.09224418813617324	0.1173935197412818	0.07553413065774053	0.02201258731613008	0.14729540984365005	0.01950746929294083	0.027514177489311165	0.026093338672410323	0.06421240052787955	0.040635777770303486	0.037869022944879586	0.0047849621467422245	0.05693168287223874	0.036441715162396915	0.007070082889935809	0.04730355853530682	0.010392818560265664	0.008655094652969089	0.001768439875447475	0.005952590906688968	0.0014616281270625187	0.035858216245780346	0.00623600693845173	0.05014996495194116	0.02201258731613008	0.015075961977065636	0.002372500614103337	0.015683191157069946	0.004737369196640666	0.014685297793339753	0.005157489231656204	0.01667880790418396	0.00304560065936716	0.007716918662849733	0.0019988342437562653	0.008867273024748209	0.0009244433615866267	0.010373251240262166	0.004740941495284554	0.021796504010152085	0.003725081024604685	0.007878747853958246	0.001974393993173909	0.008123134960847772	0.0010135390108253805	0.05087696641764363	0.006054716454595104	0.020788178156877127	0.0033788342388438933	0.023851589653724095	0.003662587835587069	0.12697420809362991	0.02032120175002015	0.09589286868021711	0.021500651061064694	0.05649107770663049	0.008603759179944407	0.061021097804012644	0.010322128385262124	0.015198821264099101	0.002218587626630212	0.0047849621467422245	0.002900835597355439	0.00039591300465428137	0.002323294348285313	0.0002652210493644548	0.02068617338146753	0.003959031557864942	0.015893974063097272	0.00431410060965356	0.011414780834532574	0.0012569797590251974	0.012069469452851466	0.0027060043084707153	4.459998369717674	Cam3II_R539T	0.0	False	3
Cam3II_R539T_8h_rep3	0.019368135871944876	0.017700308154571794	0.06522975879571712	0.07182992947548368	0.043318783910058695	0.027835041883914995	0.024200537651986917	0.09237261540652074	0.117477841232687	0.07542138168478446	0.021863671360851007	0.14582488951793726	0.019703419447006477	0.02745593563284464	0.02637482254412429	0.06360811514671377	0.04059311110023736	0.03811752113924788	0.004807745417219543	0.05689643462614747	0.036351102388704766	0.0069676815213539295	0.047213385904692574	0.01042243019684472	0.008613810029592044	0.0017578885445697738	0.005949573723566996	0.0014642932855183546	0.03591379498440899	0.006219140743398991	0.050239679678712755	0.021863671360851007	0.015226449602639028	0.002369924762805873	0.015693904647183336	0.004827242126619642	0.014479668631846876	0.0051105030470086415	0.016496539091259903	0.003034884132154551	0.007773651489916614	0.002034516526521803	0.008943414675376429	0.0009518367551916317	0.010356985991085078	0.0047365161142347454	0.021729484182753098	0.0037701248121644413	0.008017264007908911	0.0020479852920936904	0.00824716245709402	0.0010557241148482523	0.050860496529450974	0.0060359380966964965	0.02078960938837874	0.003410928263608177	0.02375103548039486	0.0037049001524497795	0.12569289586383625	0.02013199365410101	0.09588028247931925	0.02159755875336775	0.05652298271872457	0.00870677607699254	0.061276257144917114	0.01055367233056657	0.015435354752699105	0.002264953401872691	0.004807745417219543	0.00295125122967671	0.00041585249768604773	0.0023806097541714303	0.0002800325481639208	0.020591479826570912	0.0038950404178728815	0.015960325695744973	0.004386750818681208	0.01166385542648747	0.001306306256991609	0.012122903942727848	0.00274197625770807	4.43940371104991	Cam3II_R539T	8.0	False	3
Cam3II_R539T_16h_rep3	0.019353402726594464	0.017676743394964313	0.0651030922446936	0.07194611421079274	0.04308628220056059	0.028111212082795597	0.024297819581375737	0.09198798628575605	0.11831972943631831	0.07530100243163898	0.02174304500945128	0.1459087515156209	0.019674657040942456	0.027732765430092857	0.026328516119512268	0.06337315569633875	0.040808127534060594	0.03754662198587407	0.004803987294492149	0.05689698777812437	0.03611755690538319	0.0069687252951774045	0.04696155764694544	0.010432629043926266	0.008670818963157434	0.0017788023774175505	0.005980017217258569	0.0014771771829337145	0.035686550068101563	0.0062327374070902854	0.05006869881056421	0.02174304500945128	0.014916970795165057	0.002368410374308152	0.01546702929127067	0.004794211525130194	0.014434593535737155	0.005108171500346727	0.016401847787811553	0.002996264629466613	0.007816808093027396	0.0020503009316799013	0.008861862153180477	0.0009456858630546806	0.01048912518571798	0.004752462689958446	0.021782745440007502	0.003783794218376664	0.0079486289260953	0.0020530349451649637	0.008264240261335383	0.0010874985939988149	0.05078351265222392	0.006113475125900448	0.020796300457203345	0.003501519124172394	0.02402949212280455	0.0037032733072883055	0.12563105176618775	0.020277699749433158	0.09651997724638176	0.021799752189936558	0.056268325804824444	0.008834766439869149	0.06146309137754291	0.010483022833249828	0.015377596556522738	0.0022991468384415768	0.004803987294492149	0.002937655079617017	0.000433941371479484	0.0023763019562354744	0.0002817110150472057	0.02054226967563542	0.0038900085673412776	0.015895900018726164	0.004403006678406925	0.01178078579086373	0.0013354185856796297	0.012268922163608224	0.0027260855426440122	4.427572222171332	Cam3II_R539T	16.0	False	3
Cam3II_R539T_24h_rep3	0.019994772020986602	0.017629724133399655	0.06436057022793547	0.07200788752739838	0.043433814733761344	0.02809861335186262	0.024156273140994097	0.09294653035468811	0.11768489701765072	0.07614214748596362	0.021873161779590533	0.14392795197652683	0.01959430681311238	0.027640339132803567	0.0265420222551339	0.06330056444723148	0.04081386656303579	0.038219658929475944	0.004744607252416311	0.05688829085603254	0.036403489446777744	0.0070303252869836	0.04768123950555848	0.010517417955064832	0.008701490930314434	0.0017727692090177582	0.006005775260515577	0.0014634546254925515	0.036227193785398765	0.006270522057695823	0.05044881451159352	0.021873161779590533	0.015365902821150633	0.002422989706225026	0.015676917229158083	0.004753849172942205	0.014571013514878333	0.005104876965238514	0.016609580047581604	0.0029979196952757783	0.007777856615956514	0.001987917025729772	0.00890827478036165	0.0009202583910644409	0.010624405143071702	0.004742892666911865	0.02170043027354467	0.0037461384795075547	0.008411656222359742	0.002110489099218659	0.008397481498240036	0.0010751452011681655	0.05078636470452439	0.006101926151508149	0.020694011073760933	0.003462262067233166	0.023949867440985127	0.003690471691818439	0.12401770267675143	0.01991024929977541	0.0959984937247638	0.021686403292886926	0.05573313560346012	0.008627434624475348	0.06164319015452678	0.010364697372871596	0.015339946483556216	0.002289777649843438	0.004744607252416311	0.0029658382384067455	0.0004212499635427991	0.002395969580567027	0.0002707723938292282	0.02013431931358951	0.003882854910667735	0.016069829573243995	0.004418362505544101	0.011752156194438817	0.0012767739946638204	0.012343621582061967	0.0027260615806980145	4.426667365180422	Cam3II_R539T	24.0	False	3
Cam3II_R539T_32h_rep3	0.018837548037436	0.017499334361311816	0.06438889835769473	0.07075824631967494	0.04409998417950368	0.027030310975458705	0.024367467970705686	0.09396098464356674	0.11830228937980085	0.07624328269282678	0.021950625780721992	0.14613786650942562	0.01913006018289558	0.027499053581036624	0.02626199104697452	0.06324045027391377	0.0402493697065722	0.03747964722645139	0.004649294189596214	0.0579132945844322	0.03690374033469867	0.007196243844805007	0.04772918623983553	0.010493715946074764	0.008695136570119924	0.0017930092523305908	0.006045261411360822	0.0014869732731051574	0.03650064220657891	0.006370615691372186	0.05108972674561565	0.021950625780721992	0.014999875181963518	0.002403142819222156	0.015396650718490749	0.0046799785067749644	0.01467146173430836	0.005130363139941367	0.016445272922112907	0.002996522946043196	0.007590032128171331	0.0019549715501428326	0.008696377264992537	0.0008886792395888832	0.010312083822921697	0.004700552444843385	0.021518954624236884	0.003717778814570225	0.007916663294599098	0.002003933435103017	0.007925741408678284	0.0009912098990555991	0.0517203490079388	0.0061929455764933965	0.02091552798942066	0.0034519399812850283	0.023815703896159588	0.0036833496848770356	0.125974757145745	0.02016310936368063	0.09652489699590455	0.021777392383896293	0.05582396368771243	0.0085649346699823	0.06056639769790001	0.010191848621774921	0.015280489049353264	0.0022188453119585515	0.004649294189596214	0.0028575239378610443	0.00039884124396199995	0.0023474872075800197	0.0002743163523493444	0.020077807596249768	0.003919021935258167	0.0159758542887021	0.0044079680165200075	0.011178804094552481	0.001232214208599559	0.011931232250981149	0.0026880604213255182	4.432344116060549	Cam3II_R539T	32.0	False	3
Cam3II_R539T_40h_rep3	0.018837030759808113	0.017366029111518286	0.0649622297984405	0.07204603914030389	0.04305177754802637	0.027359873362177205	0.02436420531451274	0.09235741466248064	0.11842125902746678	0.07504859102142906	0.02211508412599972	0.14709330188133238	0.01931810560305837	0.027669422052013955	0.025930486894548493	0.06408240966381136	0.040579912648460864	0.037558948855534464	0.004661117384648898	0.057176761144427976	0.03590754551147294	0.0071442320365534264	0.04661720099296955	0.010493498430681992	0.00864741820273354	0.001807442179027231	0.005985802081803915	0.001497229134212834	0.035752909652882345	0.006304190411899019	0.05030031459769928	0.02211508412599972	0.014899066279404075	0.002380342306875165	0.0155154737577014	0.004764066511553823	0.014859101824205105	0.005153634737003694	0.016523942610480444	0.003023635198525394	0.0077060693861374105	0.0019723394932317693	0.008739760132402857	0.0008999365912863316	0.010446500125356823	0.00469596713814111	0.0217058808740081	0.003731564510954831	0.007785424542613061	0.001965272866985674	0.008053204583068482	0.0010331287671408978	0.050971229688620584	0.006205531455807392	0.02087818801929396	0.003486017295218779	0.023984831816470636	0.0036845902355433207	0.12660800949922163	0.020485292382110738	0.09650756692872312	0.021913692098743668	0.056223432835018725	0.008738796963421778	0.06152175289997242	0.010524286240331457	0.01513714396455312	0.0022288851469651674	0.004661117384648898	0.0028663269153050073	0.0004016301609065699	0.002329849436672942	0.0002662977815268783	0.020542966329198817	0.003979128964397901	0.015713085206737733	0.004353297393399364	0.011318778667263047	0.0012812891652989272	0.012040094146027781	0.0027197113835874505	4.403984800637771	Cam3II_R539T	40.0	False	3
Cam3II_R539T_48h_rep3	0.018897096173920762	0.017434651654475906	0.0651734989666973	0.07193623130272098	0.04316856890646563	0.027416873627010376	0.024205899010393665	0.09229756908043747	0.11795237217604304	0.0751853541937614	0.022024838707190252	0.14718494603055687	0.019390563371971075	0.02753596172014629	0.026176837165677307	0.06399551208040208	0.04053737162776077	0.03779792158980085	0.00473783716868919	0.05695009544587894	0.036151106135627394	0.0070174627708382365	0.04692149853938481	0.010438101233647653	0.008618696478046837	0.001775702487130359	0.00595200701119503	0.0014793484443567176	0.035790713381310194	0.006251842302263218	0.050255013396864064	0.022024838707190252	0.014998548060762135	0.002365450362945826	0.01565747733128869	0.004776445834804195	0.014663216075979568	0.005137452329223475	0.01655677692662776	0.0030314237626162775	0.007699901760218653	0.001983932624877464	0.008785760138470768	0.0009209688484041911	0.010364300552896869	0.004697533170303819	0.021734124266310897	0.0037414136382491825	0.007821045956445682	0.0019692199009501486	0.008083042334230005	0.0010237879822949257	0.05084327558963059	0.006106819856248347	0.02079103067906679	0.0034148683313268736	0.02384526305970024	0.0036906986604460503	0.126747454931881	0.02043749109867586	0.09622900356840065	0.021723368607642388	0.05648282793903575	0.008690671027661544	0.06142070345896435	0.01051552784375663	0.01519985434310676	0.0022347973113691446	0.00473783716868919	0.0029015585315378114	0.0004016463571217057	0.00233592494349608	0.000268646902498212	0.02063548477428296	0.003971158211672036	0.015886457041308998	0.004382603389714499	0.011378369627947558	0.0012774484354432154	0.012041911253293326	0.00271914431032628	4.4297459250655455	Cam3II_R539T	48.0	False	3
Cam3II_R539T_8h_DHA_rep1	0.018798900610231505	0.017434843966768088	0.06516229331337434	0.0738459927135562	0.043056637636339455	0.027394478196359293	0.024013001180394657	0.0923697751889	0.11813445824027022	0.07537844286265044	0.02182324379510607	0.14555999660474864	0.01976861275844876	0.02731638184618981	0.0263248452783825	0.06336773753073864	0.04020435804581548	0.03856148317248757	0.004768868244467358	0.05671564881477067	0.03611631669689378	0.006940320939445676	0.04713020587482396	0.010395581661832094	0.008588567185983338	0.0017576220760760646	0.0060320494318989535	0.00147441663203604	0.03582175992635807	0.00618021273771996	0.05036780252482197	0.02182324379510607	0.015550107825814405	0.002351874605769375	0.015850050035715997	0.004809450705187797	0.014507967629326046	0.005084341995845799	0.016437222782982146	0.003004933583686554	0.007912844851116603	0.001973779169276051	0.008950426381316885	0.0009315623567392211	0.010308481433934766	0.004635464733897708	0.021539662588748947	0.003720749289234057	0.0077882966324453705	0.0019388796456843715	0.008054057902976154	0.001017666429125609	0.05070885339713656	0.006006795417634109	0.020658491241265457	0.0033545099391292005	0.023625648622329246	0.003690733223860563	0.1254410726740975	0.020118923930651147	0.09633628523364145	0.021798173006628778	0.05654415588983229	0.00861813742354205	0.06287160004968274	0.010974392663873452	0.015222802981709412	0.0022120409850586737	0.004768868244467358	0.0028818018655385647	0.00039464924503438645	0.002342249901571553	0.0002708391583933121	0.020408438325912145	0.003924833212985957	0.01598357239061633	0.004451732717228356	0.011310783805838918	0.001258159705777361	0.012087439543494652	0.002738095141248359	4.419466035265698	Cam3II_R539T	8.0	True	1
Cam3II_R539T_16h_DHA_rep1	0.01892097799586557	0.01745408693933312	0.065052367795135	0.0739984216593949	0.042928385735856354	0.027625143760230862	0.024134133718795105	0.09234653685510952	0.11804981480361396	0.07515350604049963	0.02177055649956129	0.14524946444921344	0.01989357584236585	0.027410037687716715	0.02631701273758484	0.06335370280455772	0.04030990633801351	0.03854898002510717	0.00479779140590776	0.05668559690613749	0.035977386443322885	0.00695099929253347	0.04690771704036253	0.010401404483520426	0.008574788278984617	0.0017586250739761112	0.0060387542290007545	0.0014722169346551835	0.03574375641212358	0.006208460373584191	0.050394320069401755	0.02177055649956129	0.015535972504834038	0.0023507676741854992	0.015848556100527694	0.004813683745559937	0.014564093677781465	0.005070281246577461	0.01644052664368716	0.0029917712845498414	0.007976133972164906	0.001991762588784701	0.00899423168683161	0.0009314475945846324	0.010363327558044828	0.004642180592800307	0.02158500869549622	0.003719389491672158	0.007823194458747683	0.0019532065496387497	0.008110035065072563	0.001034541922406573	0.050656463212611434	0.006029133693526055	0.02073561060466438	0.003398523114130727	0.023716343305511034	0.0036936943822056803	0.12513698923778596	0.02011247521142747	0.09621510647281571	0.021834708330798248	0.05639714930882081	0.008655218486314188	0.06294721394549563	0.01105120771389927	0.015228838714412548	0.002225248224920571	0.00479779140590776	0.0028827969693885685	0.00040222616691386483	0.002344671233886295	0.00027510532671720086	0.020363410221629866	0.003923619730331933	0.01595165018460532	0.004460562856073594	0.011408753289896264	0.0012829966932578801	0.01218241201345594	0.002750981763620779	4.406521260332229	Cam3II_R539T	16.0	True	1
Cam3II_R539T_24h_DHA_rep1	0.019463510122537043	0.01754611140501257	0.06475897296095603	0.07361323978300141	0.04300692491287592	0.02806474928477174	0.024077228231616513	0.09228965666399525	0.11809671359905764	0.07553389051034948	0.02176811113012824	0.1439218967844708	0.0199561751310742	0.027534753270396558	0.026433400085299676	0.0633950422925255	0.04060116284778394	0.03849300485727515	0.004816573376175476	0.05662888275069678	0.03603152901674764	0.006975395896128284	0.04711513994846467	0.010471232314977324	0.008649015652422607	0.0017809635448286034	0.006037855500832995	0.0014796835488232701	0.03579787814839588	0.006215652604428213	0.050276125911171164	0.02176811113012824	0.015484157008966435	0.002389971483796347	0.015792993595594114	0.004825882768918255	0.014561943426926521	0.005080489028692632	0.01650780568561074	0.0029979949687217737	0.008005580605762634	0.0020143282172202168	0.008997916810664312	0.0009383494974270334	0.010512769469828818	0.004685041364382525	0.021656812936064702	0.003746539077507893	0.00805759814082194	0.0020272030032388376	0.00830556119631668	0.0010731477821595867	0.05056101272905652	0.006067870021640262	0.020649817530084505	0.003427410701532007	0.023839337583874468	0.0036954156865220897	0.12395410567089549	0.019967791113575308	0.09622732639012092	0.02186938720893672	0.056079146875183276	0.008679826085772762	0.0627359178755362	0.010877321907465215	0.015272420884872307	0.0022736905201402625	0.004816573376175476	0.002921592958639313	0.0004172507189857323	0.0023835629497750217	0.00027556440200347896	0.020340121064910736	0.0039066881176631025	0.01598021171393631	0.004455217341959818	0.011642712288189066	0.0013041043268598692	0.012347238857873016	0.002770693811849789	4.400092488682012	Cam3II_R539T	24.0	True	1
Cam3II_R539T_32h_DHA_rep1	0.01904557940756174	0.017563637285319414	0.06442013465961105	0.07226256078749552	0.043761226994431454	0.027445177418472952	0.024223783227284284	0.09357792073914982	0.11801574480917423	0.07612106191794603	0.02182326905671744	0.14452964070832564	0.019613118900840276	0.027431781704295093	0.026370721194225934	0.06319634286413688	0.040287992316288414	0.03818030228988054	0.004755525670465326	0.05737447804837795	0.03666342014924583	0.007097806845185622	0.047606790761238686	0.010490112422269274	0.008681782545656455	0.0017874255327020555	0.006069951550427394	0.0014849991056521629	0.03627784878478831	0.006298367326533563	0.051001704627827944	0.02182326905671744	0.015363305968581617	0.0024030904113432733	0.01566621414490918	0.004747691765046477	0.014657257639199846	0.005104067669812161	0.016460944712053442	0.002993265866528303	0.00783958936847638	0.001979144414867693	0.008882096074650639	0.0009122890428455645	0.01036863627860203	0.004676476372477243	0.021530120453687893	0.003712759211521251	0.007971717597591521	0.0020045774608846846	0.00805513623691216	0.0010141481121733738	0.05124301929095204	0.0061314587574259095	0.02079833835759288	0.0034254448696914063	0.023747869819070667	0.0036839118852244265	0.12453836265003881	0.019991278058286814	0.09624593146836857	0.021769813340805657	0.05583963139984392	0.00858050325976713	0.061682320635354435	0.010580240152141087	0.015325159518856215	0.0022384777664631976	0.004755525670465326	0.0028912046144852497	0.0004003182315983597	0.00234614982494218	0.000271436506500086	0.02007400693867648	0.003906800037866641	0.01601074748558934	0.004450864531110719	0.011323578242527247	0.0012551074725416366	0.012120765748027621	0.002745725955376448	4.421072884808056	Cam3II_R539T	32.0	True	1
Cam3II_R539T_40h_DHA_rep1	0.018782530817037305	0.017369834219897955	0.06486038764557894	0.07173903126019267	0.04361518573132695	0.027334402182098094	0.02431407210416969	0.09292096209145988	0.11825190744328778	0.07563808373337243	0.021999084918043966	0.1462429617703102	0.019359064577610132	0.027527010759111716	0.026180402449670757	0.06368876935050506	0.040310812980511534	0.03766988023137472	0.004708833157129035	0.05748678257731099	0.03640986654733886	0.007205319183988088	0.04719889805794673	0.010449540777039409	0.008663918362140722	0.0018063025727201455	0.006027559679609677	0.0014918642839157432	0.03599551863152053	0.00632876193002066	0.05059668152991869	0.021999084918043966	0.015027076903932342	0.0023841128540924416	0.015521677506981416	0.004737012966368517	0.014744297251611173	0.005138282316165712	0.016510409391624285	0.0030097979251326695	0.007715451377733307	0.001977785487245356	0.008769209489426277	0.0008966182232051906	0.010349592570874125	0.004691262620590335	0.021566506059334804	0.0037034517297122767	0.007804671159861955	0.001972651508357569	0.008003141819298744	0.0010020663295190369	0.05131381142355675	0.006172971153754241	0.020868942188223234	0.0034451299159464544	0.02384385539678872	0.0036831553623229963	0.12599647772615208	0.020246484044158117	0.09638423485324286	0.021867672590044927	0.05620372243633977	0.008656665209239175	0.06129678032709192	0.010442250933100746	0.015167260394171444	0.0022025738257265125	0.004708833157129035	0.0028487934357547943	0.0003970668819810278	0.00232900061381425	0.0002682304544384852	0.02033880461338431	0.003947177852586909	0.015942959527118793	0.004394351536563407	0.011286700845611976	0.0012653580873493318	0.012070061051142628	0.002712282197994161	4.407612856665915	Cam3II_R539T	40.0	True	1
Cam3II_R539T_48h_DHA_rep1	0.018722160521791466	0.017435242809271095	0.06509103369348114	0.07222881488561526	0.04322828275098778	0.02733044722097618	0.024224835244577563	0.09247688042484531	0.11838325449051551	0.0751911918116909	0.021972689871730608	0.1467214563963292	0.01937822926921131	0.02759819507518026	0.026116844957333872	0.06390364006481392	0.0404419918094124	0.037670364216327495	0.004723015447163977	0.05716142903874475	0.03615055420514837	0.007077728545839409	0.04684737827306869	0.010431774255542377	0.00864734502010529	0.0017883923209873016	0.005982259670452186	0.001494042271535062	0.03581562247821833	0.006278093811006416	0.050383164135620565	0.021972689871730608	0.014950132735189137	0.0023701170050764134	0.015586339755598172	0.004763774720463769	0.014743142018931366	0.00511591740670333	0.016535707177853746	0.0030178194828627343	0.0077230354425537225	0.0019775503701210386	0.008764996812992273	0.0009126466435442757	0.010357457735901755	0.004664997881693179	0.021698889631733772	0.003720646560083695	0.00774644140915056	0.0019499702569647339	0.008017626132319839	0.001008122723356335	0.051024216242741574	0.006137212796003179	0.020805061622414016	0.003419773622163547	0.02391274005704254	0.0036854550181377207	0.1263600685410647	0.02036138785526447	0.09651479584113327	0.02186845864938223	0.05639228563373224	0.008698748059748903	0.06167311114924527	0.010555703736369996	0.015215464869834177	0.0022197779394369176	0.004723015447163977	0.002875556725991684	0.00039835971944048357	0.0023222167459518786	0.0002693999687530026	0.02051476309657962	0.003976290881883114	0.015869568625170246	0.0043817431720265775	0.011291494660939497	0.0012748446744092932	0.012036364246619207	0.002727743639008181	4.41342471312489	Cam3II_R539T	48.0	True	1
