sample	AA_A	AA_C	AA_D	AA_E	AA_F	AA_G	AA_H	AA_I	AA_K	AA_L	AA_M	AA_N	AA_P	AA_Q	AA_R	AA_S	AA_T	AA_V	AA_W	AA_Y	codon_TTT	codon_TTC	codon_TTA	codon_TTG	codon_CTT	codon_CTC	codon_CTA	codon_CTG	codon_ATT	codon_ATC	codon_ATA	codon_ATG	codon_GTT	codon_GTC	codon_GTA	codon_GTG	codon_TCT	codon_TCC	codon_TCA	codon_TCG	codon_CCT	codon_CCC	codon_CCA	codon_CCG	codon_ACT	codon_ACC	codon_ACA	codon_ACG	codon_GCT	codon_GCC	codon_GCA	codon_GCG	codon_TAT	codon_TAC	codon_CAT	codon_CAC	codon_CAA	codon_CAG	codon_AAT	codon_AAC	codon_AAA	codon_AAG	codon_GAT	codon_GAC	codon_GAA	codon_GAG	codon_TGT	codon_TGC	codon_TGG	codon_CGT	codon_CGC	codon_CGA	codon_CGG	codon_AGT	codon_AGC	codon_AGA	codon_AGG	codon_GGT	codon_GGC	codon_GGA	codon_GGG	AAA_AAG_ratio	bg	time	dha	rep
Dd2_WT_0h_rep1	0.018844921458903704	0.017825991672493095	0.06410017292735418	0.0700779520691871	0.044594972566626846	0.026936455143192282	0.024340035907792025	0.09420709920615256	0.11818948170679924	0.07692250238639353	0.021793747102889366	0.14489608621149727	0.019305813407557933	0.027485261975805888	0.026097113523830918	0.06363735092593774	0.040464910879594466	0.03749625377102309	0.0047572823861434495	0.05802659477082561	0.03741783948765729	0.007177133078969557	0.048335937443583346	0.010440827717159425	0.008793255047872893	0.0017998710426769436	0.00605977452701876	0.00149283660808217	0.036660239161906194	0.006312781377742785	0.051234078666503584	0.021793747102889366	0.014941431046200444	0.002377884941419698	0.015524071066960033	0.004652866716442917	0.014602523784557708	0.005184527097481724	0.016676141193971334	0.0030589020504379447	0.0076505421411193	0.0019827259375373198	0.008749631919363225	0.0009229134095380869	0.010261385400000262	0.004697840390490422	0.02177289577958732	0.0037327893095164596	0.007833684275504712	0.0019922987708534995	0.008020648986179497	0.0009982894263659945	0.051917382526832624	0.006109212243992988	0.020981285008333236	0.00335875089945879	0.023828784214583697	0.0036564777612221907	0.12510614416502183	0.019789942046475432	0.09677423413903886	0.021415247567760386	0.05562278641832212	0.008477386509032063	0.06002647767871175	0.010051474390475348	0.015577361660811076	0.002248630011682018	0.0047572823861434495	0.0029095234117316416	0.0003902336017649834	0.002351704031808544	0.0002726204612112502	0.02023789875668149	0.0038773580428075366	0.015830075402208082	0.004342956615106416	0.011149060113376668	0.0012434473663812309	0.011842576978471173	0.002701370684963211	4.518940714219329	Dd2_WT	0.0	False	1
Dd2_WT_3h_rep1	0.01880380559284244	0.017971844257189923	0.06409683589776402	0.07020786905455052	0.044660809394883705	0.026874266661524038	0.024295816033537882	0.0945136071182831	0.11877246089140936	0.07699027152128074	0.021678667424810203	0.14416459672725832	0.01930165350599755	0.02754976754543818	0.026092447756083142	0.06331105724297982	0.04045041617400708	0.03729912757763291	0.0047731703657814106	0.058191509256745606	0.0374551641384663	0.007205645256417401	0.04824570035880705	0.010486754117998756	0.008835981520268424	0.0018191680248839106	0.006094987719472626	0.001507679779849973	0.03674138596821626	0.006351195854570879	0.05142102529549597	0.021678667424810203	0.014840209307590177	0.002390998651138513	0.015430239880198069	0.004637679738706151	0.014588106123341497	0.005189260727615307	0.016554977754407067	0.003028620950903425	0.007654122378173932	0.002005650409739406	0.008709533871810528	0.000932346846273683	0.010259180567629653	0.004717519378539092	0.021738846851762788	0.0037348693760755457	0.007801302463467636	0.0020138997693180363	0.007975307221370744	0.0010132961386860237	0.05203381478183984	0.006157694474905763	0.020936627716911314	0.0033591883166265665	0.023867616214807253	0.003682151330630928	0.1243824062580161	0.01978219046924223	0.0972515187770606	0.021520942114348757	0.055547093426837627	0.00854974247092639	0.060087019172725895	0.010120849881824627	0.01568333046037262	0.002288513796817302	0.0047731703657814106	0.0029056752182256913	0.0004019329200895404	0.002350921970337427	0.00027462765770372053	0.020098162497525555	0.0038519291891869595	0.015792380226728665	0.004366909762998098	0.011111814418492143	0.0012702699852533302	0.011790551631847602	0.002701630625930962	4.518924787787038	Dd2_WT	3.0	False	1
Dd2_WT_6h_rep1	0.018887997935159474	0.017909455152039216	0.06443303444145553	0.070274259521686	0.04427732579254894	0.02700219144252687	0.02434782018456186	0.09408248678483072	0.11860413532406118	0.07655490718029681	0.02174731031385307	0.14502561414770965	0.019311293211561074	0.027555928102321842	0.026121124691224074	0.06339599479511282	0.04045494557745161	0.037323182950782824	0.004746249997347535	0.05794474245346895	0.03715376860163424	0.0071235571909147016	0.04798882168994416	0.010467377595914732	0.00876670562705334	0.0018026912990801785	0.006035181139868665	0.0014941298284357474	0.036578483834856006	0.006328059925703613	0.05117594302427111	0.02174731031385307	0.014830503632555987	0.002378412315374484	0.015443080200794296	0.004671186802058056	0.01453467976695764	0.005175358701214278	0.016528563336615364	0.003039707323504261	0.007630504852325124	0.0020032719445214624	0.008740829194736172	0.0009366872199783138	0.010231332183820835	0.004721169915423007	0.021751491561974125	0.00375095191623365	0.007836370274026337	0.00202146336204266	0.008015671784803807	0.0010144925142866708	0.051809631133346454	0.0061351113201225	0.02095954367382601	0.0033882765107358516	0.023870171463178696	0.003685756639143147	0.12510765753981137	0.019917956607898267	0.09702241632568538	0.0215817189983758	0.05583232554439375	0.008600708897061772	0.06012497563935317	0.010149283882332839	0.01563611677844226	0.002273338373596954	0.004746249997347535	0.002919131276105026	0.00040422375313401657	0.0023559996151730454	0.00027709754102288737	0.020251294839384103	0.0038663908274371747	0.01580664592945555	0.004358026576333551	0.011216589599198239	0.0012812722263735002	0.01181301148040842	0.0026913181365467117	4.495583337591742	Dd2_WT	6.0	False	1
Dd2_WT_16h_rep1	0.019486821876882412	0.017762592161881387	0.06374571358893216	0.07023286241950752	0.044335104732687744	0.027459905284588578	0.024345435365020512	0.09423061178230842	0.11819543194262888	0.07701982765276126	0.021915820727068464	0.14366631988657422	0.019328968871508465	0.027508760924882178	0.02633035433455702	0.06353524405139571	0.040590385440880436	0.037866809946264145	0.004708081508502537	0.05773494750116789	0.0371873911003241	0.0071477136323636415	0.048371094109320764	0.01052107342283301	0.008818230920637726	0.0017933263009424563	0.006047635617193029	0.0014684672818342775	0.03677129174335265	0.006349808773007044	0.051109511265948725	0.021915820727068464	0.015180623291394106	0.002425088487735963	0.015599790681204474	0.004661307485929601	0.014658405232151285	0.005163959379105865	0.016718441828027397	0.003019315058775176	0.007637626181265029	0.00197756720841451	0.008799535038495626	0.0009142404433332971	0.010442242158518498	0.004729419950279448	0.021680825155508596	0.0037378981765738956	0.008200520705477983	0.00207464257070868	0.008200549208929684	0.0010111093917660621	0.051584763808868464	0.006150183692299425	0.02089505460389028	0.00345038076113023	0.023842519751285797	0.003666241173596382	0.12387457986809729	0.01979174001847693	0.09668299946885985	0.021512432473769032	0.055260204453248536	0.00848550913568362	0.060232421979461256	0.01000044044004627	0.015494634546492105	0.0022679576153892813	0.004708081508502537	0.0029326541671390602	0.00039104671781068696	0.0023575284870110133	0.00027210004759712763	0.020089799161713214	0.00388532339162277	0.015998894971662635	0.004378129943336496	0.01138314263186347	0.0012543773611374117	0.01210925249046481	0.0027131328011228873	4.494284855362093	Dd2_WT	16.0	False	1
Dd2_WT_24h_rep1	0.018629490279834626	0.017815700609318155	0.06328963401604286	0.06969669548283589	0.0452668392994906	0.026537762059074328	0.024451924102812578	0.09575421682795383	0.11902671472583336	0.07777086679909435	0.021778880332657284	0.14355910991851414	0.019059575177678725	0.027539285059365107	0.02611811630708394	0.06289048951751536	0.04011060960872362	0.03728955303723893	0.004688722531169847	0.05872581430776238	0.03789834911482098	0.007368490184669625	0.04875348121449963	0.01057322051792719	0.008917192724019241	0.001837528634603202	0.006177539369605312	0.001511904338439769	0.03717422299377722	0.006488482894928309	0.052091510939248305	0.021778880332657284	0.014935710289513673	0.002430182880607807	0.015333971316923121	0.004589688550194331	0.014681490507514605	0.005173119246089059	0.01647478728003566	0.002984731883010824	0.007567583995842772	0.0019517867100633847	0.008642085935075232	0.0008981185366973352	0.010191425327728966	0.004710846407115326	0.021517833668512697	0.0036905042053666302	0.007838032338089117	0.0020150741282661724	0.00781813582626019	0.0009582479872191467	0.05246030788784694	0.006265506419915437	0.021005518696221408	0.0034464054065911696	0.02388077083346046	0.0036585142259046477	0.12379460711487704	0.019764502803637108	0.09743919067436237	0.021587524051470987	0.05483799040450763	0.008451643611535227	0.05979143555838242	0.009905259924453472	0.015563237521663997	0.0022524630876541592	0.004688722531169847	0.0028470895690414786	0.000388223179122861	0.0023187434469154724	0.00027411180423742666	0.019722851419486105	0.003853509181379098	0.01589241171263488	0.0043975365951318185	0.010856886311415506	0.001233398195398121	0.011772390027535988	0.002675087524724715	4.513680700113582	Dd2_WT	24.0	False	1
Dd2_WT_32h_rep1	0.018660964203508178	0.017597843658355823	0.06362715478479716	0.0697148800837259	0.04495366694017799	0.026796107007648767	0.024507079538157554	0.09462473141335698	0.11836037060373282	0.07697863343795885	0.021992612536229854	0.1447374463628633	0.019191840886919147	0.027559679982932787	0.02598663056858217	0.06371095231892712	0.04040481919879864	0.03720287427599086	0.004714463495385688	0.058677248701950575	0.03750717713317673	0.007446489807001256	0.04808765186811237	0.010552067029077539	0.008844204067482259	0.0018382536949916933	0.006143676890712797	0.0015127798875822058	0.03667506783636414	0.006450708765139364	0.05149895481185348	0.021992612536229854	0.014844647537541718	0.002421213130927057	0.015319758732011558	0.004617254875510525	0.014944293115539338	0.005222768728951603	0.01658391727678677	0.0030057010494688795	0.0076496726084802295	0.00196501408587054	0.008686297036702833	0.0008908571558655464	0.010311842167837528	0.004731240953919869	0.02166154723581694	0.003700188841224304	0.007809955850986145	0.0019800889300915516	0.007902900052013356	0.0009680193704171245	0.052357489778781324	0.00631975892316925	0.02105270733285687	0.0034543722053006825	0.02389275541243734	0.0036669245704954493	0.12476864874709323	0.019968797615770046	0.0966944232676569	0.021665947336075922	0.05512651696592054	0.00850063781887663	0.05971938885883754	0.009995491224888348	0.0153613654362265	0.002236478222129322	0.004714463495385688	0.002816982599895694	0.00038424169140715636	0.0023204614625012493	0.0002727119835805731	0.020048891030189697	0.003905381117990826	0.01584393625323994	0.004348296577957559	0.010978467406396816	0.0012424023926198911	0.011872704924067225	0.0027025322845648327	4.46296770539321	Dd2_WT	32.0	False	1
Dd2_WT_48h_rep1	0.018811076396212045	0.01789141157002624	0.06421376553899516	0.07017415685493235	0.04445596980965705	0.02697179917660263	0.02436446684994334	0.09424192657464349	0.1185305460169242	0.07665326654307378	0.021784850930920065	0.14489178583796977	0.019324684304907996	0.027494626592229343	0.026083128186816962	0.06342695683134755	0.04041973298692461	0.03740589547466833	0.004756445550992145	0.05810350797221294	0.0372991341305865	0.0071568356790705475	0.04807740155163339	0.010463395267415881	0.008784486603381134	0.0017953518698417728	0.006038449637792847	0.0014941816130087562	0.03663137956543804	0.006337041231671171	0.05127350577753428	0.021784850930920065	0.014895118483671659	0.0023853553063596213	0.015468784031600772	0.004656637653036279	0.014579438087932873	0.005179151086149851	0.016576765193975936	0.003036770555791122	0.007652947362953697	0.002002520178106238	0.0087449316095986	0.0009242851542494631	0.010239409597633479	0.004708055283963713	0.021731400827841335	0.003740867277486084	0.007817483385074457	0.0020048674998594577	0.00798326595250182	0.001005459558776311	0.05195681656010244	0.0061466914121105	0.020975601707375013	0.003388865142568325	0.02381832343002761	0.0036763031622017318	0.1250112207773585	0.01988056506061128	0.09699561290564208	0.02153493311128211	0.055665688358976076	0.00854807718001909	0.06005001373908068	0.01012414311585167	0.01561649606365473	0.0022749155063715126	0.004756445550992145	0.0029035103223725707	0.00039803791987920505	0.002340079464020221	0.0002733862322311896	0.020200439645298687	0.0038543922621990774	0.015802301782936644	0.004365812465377131	0.011160422773028731	0.0012668915494201186	0.011841174509962306	0.0027033103441914744	4.504105603876998	Dd2_WT	48.0	False	1
Dd2_WT_0h_rep2	0.019049205884454606	0.017951271022096347	0.06426231893795312	0.06950443200164544	0.04481898536869339	0.0272869081799752	0.024254205473596767	0.09403760558333428	0.11768244997467683	0.07706575354706105	0.021748058845584037	0.14467161501942452	0.019359644618701773	0.0273828844473775	0.026140085134062997	0.06394670285496977	0.04060082316087236	0.03743483134820773	0.004843661608953801	0.05795855698835867	0.03757278209941737	0.007246203269276021	0.048446429740066174	0.010436513036033417	0.008816944687078674	0.0018171547869786063	0.006053151948050044	0.0014955593488541158	0.03667090753113682	0.006298277922794785	0.05106842012940268	0.021748058845584037	0.014904686525470999	0.0023800724460754093	0.015479641227767679	0.00467043114889364	0.014671701914746533	0.005187227451211803	0.016752310526651847	0.0030720425402540595	0.007668367334424785	0.002003117983126762	0.0087539434606281	0.0009342158405221278	0.01030830535997572	0.004740733512649164	0.0218063150885942	0.0037454691996532757	0.007929971748031645	0.002011171619539684	0.008100299637979294	0.001007762878903985	0.05185148502011124	0.0061070719682474245	0.020888315759573773	0.0033658897140229943	0.023734548067496104	0.003648336379881396	0.12492266339564898	0.01974895162377555	0.09634911604487766	0.021333333929799178	0.05573057872801947	0.008531740209933653	0.05953933353408648	0.009965098467558959	0.015674918342801325	0.0022763526792950206	0.004843661608953801	0.002921705583004165	0.0004014826630693692	0.0023503544281447976	0.000275034132853292	0.020384631269672188	0.003878789152433342	0.015871078165248066	0.004320430161743308	0.011366864427834845	0.001265576002673517	0.011917702825945849	0.002736764923520993	4.51636468832908	Dd2_WT	0.0	False	2
Dd2_WT_3h_rep2	0.019452526305409692	0.018021059081743007	0.06405953689665875	0.06983825600381646	0.0446489881304387	0.027618656516747615	0.024255032287611694	0.0939239171398891	0.1173764300073718	0.07712982079024888	0.021792323166429824	0.14341830464337874	0.019701790633988137	0.02752292793914477	0.026228745522258824	0.06375956469005485	0.04082321671235109	0.037789373877145094	0.004890211298295269	0.057749318357017826	0.037436936293539655	0.007212051836899051	0.04841162129834574	0.010517104251395815	0.00883440869469793	0.0018089627931949374	0.006061216280304453	0.0014965074723100101	0.03667265321992989	0.006317261845267766	0.05093400207469143	0.021792323166429824	0.015106221081321007	0.0024118504506734206	0.015585829194472205	0.004685473150678464	0.014653550638706036	0.005220481991764923	0.01671326851364544	0.0030538883647307164	0.007756949458235604	0.0020490763575390443	0.008944629692127367	0.0009511351260861182	0.010380832947333739	0.004799043013637049	0.02188194641177923	0.0037613943396010686	0.008100532834440597	0.0020854442835907864	0.008232498326075529	0.001034050861302777	0.05162734841391472	0.006121969943103111	0.020884253878351685	0.003370778409260011	0.02384375157528526	0.003679176363859513	0.12371257429111762	0.01970573035226112	0.09606388944626673	0.021312540561105077	0.05552718673982853	0.008532350156830222	0.05977525682550542	0.01006299917831105	0.015713364357832726	0.0023076947239102797	0.004890211298295269	0.0029608290527198284	0.0004068171917107371	0.0023607610016967745	0.0002763247925583126	0.02025801786392475	0.00386035731728299	0.01589378771745416	0.00433022576611901	0.011512561774488096	0.0012928267341555	0.012092544563650023	0.002720723444453997	4.507387993976712	Dd2_WT	3.0	False	2
Dd2_WT_6h_rep2	0.01950129245780168	0.017996013723265807	0.06416858885527886	0.06991347950267972	0.044458361541112636	0.02769918479458408	0.0243251141600458	0.09374995714711934	0.11747454200982184	0.07693534827801442	0.021819944714967898	0.14365978123730405	0.01970013342097207	0.02753973701601587	0.02626366637896523	0.06372149548308204	0.0407903230231029	0.037748859048858684	0.004881863705981087	0.05765231350102611	0.03726374507471918	0.007194616466393455	0.04825436921301476	0.010516629430367911	0.008819233744699423	0.001810256067926702	0.006045195822443563	0.001489663999562054	0.03658699604974572	0.006327640838220588	0.05083532025915304	0.021819944714967898	0.01507249090290713	0.0024098136017307176	0.015559660029402017	0.004706894514818817	0.014636912131565299	0.005215824458476602	0.01665281142595005	0.0030518562129016255	0.007753051416030572	0.0020510551215394937	0.008941598989808263	0.0009544278935937427	0.010377974052810476	0.004810909678892569	0.021833971118764766	0.0037674681726350833	0.00811632134406413	0.002102056900067449	0.008245993342272577	0.0010369208713975231	0.05152306478380794	0.006129248717218171	0.02091672717689958	0.003408386983146219	0.023850770971490683	0.003688966044525186	0.12384169050260346	0.01981809073470059	0.09608272465823979	0.021391817351582052	0.0555855263207856	0.008583062534493258	0.059817787736983256	0.010095691765696461	0.01568612182893771	0.002309891894328097	0.004881863705981087	0.0029619121817112144	0.0004103910493086376	0.002363816407645571	0.0002755941014810595	0.020298452178853395	0.0038656390753350578	0.01591194117988859	0.004340011458930159	0.011554843258513239	0.001310143615516971	0.012119117212992558	0.0027150807075613124	4.491564371511142	Dd2_WT	6.0	False	2
Dd2_WT_24h_rep2	0.01948778291067398	0.01784929292146026	0.06340329285556873	0.06983851465172036	0.044961314986689774	0.0275139653022242	0.024352332362782968	0.09473725614210143	0.11782184639902549	0.077610064511834	0.021871210364587213	0.1424737618014905	0.019526257162331806	0.02750814617937953	0.026432917793653282	0.06333448144996712	0.04047845230331177	0.037949991738025976	0.004804499742523033	0.05804461842064881	0.03764083144402747	0.007320483542662304	0.048698541888405784	0.010594426367634892	0.008881738833440978	0.0018181188984361864	0.006123950456402165	0.0014932880675139872	0.03693240260145008	0.006427113703823522	0.05137773983682784	0.021871210364587213	0.01526864898544325	0.00246635239928562	0.015563416435437905	0.004651573917859195	0.014749274523867126	0.005197347029836646	0.016613117113447484	0.0030059315159943908	0.007697608984373066	0.0020010603865039398	0.008917825062568429	0.0009097627288863701	0.010381536394377867	0.004788734172399253	0.021596565105754886	0.00371161663077976	0.008260468409221013	0.002108893410195632	0.008126208726931806	0.0009922123643255323	0.051816130912192566	0.0062284875084562385	0.020887966265962864	0.0034643660968201023	0.023842141272421666	0.0036660049069578626	0.12276141642606127	0.019712345375429225	0.09632789575885678	0.0214939506401687	0.05492820425347562	0.008475088602093107	0.059885719476521514	0.009952795175198849	0.015568639465150396	0.0022806534563098667	0.004804499742523033	0.002918365744466195	0.0003944071411947365	0.0023528115178598962	0.00027379105237013965	0.01990366365284166	0.0038651476139798142	0.016096202393546796	0.004397339944215518	0.011371151011901275	0.0012622284257410173	0.012161785502634978	0.002718800361946926	4.481628220492682	Dd2_WT	24.0	False	2
Dd2_WT_32h_rep2	0.019074926609344504	0.017637427511272702	0.06351059990606782	0.06958366738850272	0.04511205127007159	0.027206393547250147	0.02446639535759751	0.09429040040767236	0.1178394122785196	0.07724154693673627	0.021977743720393322	0.14364522179228567	0.019466716097990625	0.02762666094070111	0.02604191539878592	0.0638968239345895	0.040683947059272946	0.03746393676318706	0.004797465943841898	0.058436747135916664	0.03759523090986723	0.007516820360204356	0.04821481323735585	0.010592834903005622	0.008900225113756948	0.0018539490931767505	0.006167970128608752	0.001511754460832337	0.03658023900995685	0.006468258089426073	0.05124190330828944	0.021977743720393322	0.014976139789865183	0.002450813484866497	0.015393302576098772	0.0046436809123566024	0.014993960218105408	0.005251314085364766	0.016647410337120062	0.0030086777427432484	0.007729696641053255	0.002004534130004175	0.008823149237507915	0.0009093360894252783	0.010407697960243474	0.0048045903763484984	0.021765292222769142	0.0037063664999118307	0.008000564338965385	0.0020330310036430804	0.008050451736768938	0.0009908795299671033	0.052099233101017384	0.006337514034899282	0.021001003182226072	0.003465392175371437	0.02395233610829255	0.003674324832408563	0.12372423854591846	0.01992098324636722	0.09627643935950325	0.021562972919016345	0.054985061058348425	0.008525538847719399	0.05961115514755908	0.009972512240943638	0.015383513443479513	0.0022539140677931883	0.004797465943841898	0.002842663926538521	0.0003913471065563777	0.0023267966002817318	0.0002734207789884242	0.020084740456151395	0.003910721095104608	0.015883515106993436	0.00432417187942743	0.011180040477028358	0.0012670603871143067	0.012052004203384798	0.0027072884797226826	4.464896362903524	Dd2_WT	32.0	False	2
Dd2_WT_48h_rep2	0.019254520070986346	0.01790615648834803	0.06438820203982482	0.07017276627002167	0.04423620031889992	0.027555844627836383	0.024401093983873415	0.09353964101120782	0.11781714020029056	0.07643536595701036	0.021800469666191095	0.14434491969720212	0.019698695711869163	0.0276051625932384	0.026223483500147478	0.06368484853882864	0.04076986647417655	0.0376714089846471	0.004857007542643892	0.057637206322756256	0.03706835261041622	0.007167847708483694	0.04783087735823458	0.01047345142851781	0.00877854232883248	0.0018111757939400803	0.006046542252688323	0.0014947767947971029	0.03638900177078091	0.006343797819347362	0.05080684142107956	0.021800469666191095	0.015020781619894988	0.0023953730910715666	0.015540471438208844	0.0047147828354717055	0.014620747971696347	0.005196603043086443	0.01658658223060734	0.0030488854442792196	0.00775843179407591	0.0020594515178708923	0.008936709023189136	0.0009441033767332255	0.010341476475783448	0.004802977721462371	0.02186215788340857	0.0037632543935221564	0.00797856646952183	0.0020685211422711127	0.008175036956607868	0.0010323955025855354	0.051501883073884355	0.006135323248871901	0.020972192947347534	0.003428901036525881	0.023919545015174463	0.003685617578063935	0.12436184976188558	0.01998306993531654	0.09633484342222051	0.021482296778070054	0.0557261775242324	0.008662024515592408	0.06002363920993099	0.01014912706009067	0.01559625690385535	0.002309899584492681	0.004857007542643892	0.002952020652485777	0.00041038256337138436	0.0023560147867916475	0.00028071408174811424	0.02034206329460979	0.003889966554549492	0.015874454855275385	0.004349896560475174	0.011469417813143258	0.0013062451965305173	0.012064016922086536	0.0027161646960760706	4.484382858008124	Dd2_WT	48.0	False	2
Dd2_WT_0h_rep3	0.0193783279384858	0.01822697291219497	0.06370256272614318	0.06925929983750817	0.0452902540873864	0.027722200672916565	0.024212582760083232	0.09441124988164984	0.11709710357196706	0.07759474871296344	0.021707156613608627	0.14264218560594064	0.019672523964867333	0.027296705307203527	0.02621674830119425	0.06393210367764074	0.04077560242240128	0.03779024683269892	0.004991865763208155	0.05807955840993809	0.03796490293318863	0.007325351154197766	0.04870828655202755	0.010562059960377231	0.008898882872156883	0.0018355857443317044	0.006086727287491124	0.0015032062965789396	0.03692248820846473	0.006331382692262025	0.05115737898092308	0.021707156613608627	0.015088899372081585	0.0024162335897135053	0.015590639546817036	0.0046944743240867936	0.014807931720905991	0.005230742645073812	0.0167471288693861	0.0030792199879357343	0.007801346068653674	0.002045884144981671	0.008870771483007207	0.0009545222682247804	0.010428454337085566	0.004785684432755332	0.021817296215911212	0.0037441674366491726	0.008108906272768108	0.0020676374599660013	0.008186579737724253	0.001015204468027439	0.051953367709766274	0.006126190700171812	0.02086343271963422	0.003349150040449011	0.023628693788193423	0.0036680115190101054	0.12313911165704537	0.019503073948895253	0.09579965926266769	0.021297444309299373	0.05522841345346525	0.008474149272677927	0.0592567771809851	0.010002522656523074	0.015899040915549414	0.0023279319966455565	0.004991865763208155	0.0029589946999232166	0.00040198566918128606	0.002360715148699146	0.00027895330569627734	0.02023433740512735	0.003832743049211764	0.015879828016947956	0.004336271460746372	0.011531833061235262	0.0012835521935587835	0.012110969597941432	0.002795845820181087	4.498176300939426	Dd2_WT	0.0	False	3
Dd2_WT_3h_rep3	0.018990594771864548	0.01797405029889311	0.06400035934618105	0.06986347582033026	0.04465619552890668	0.027016053074190163	0.02435736407738735	0.09439684371283838	0.1183678651241164	0.07695590431796329	0.021762366316406326	0.14436235350531415	0.019417030919030104	0.02754203310718302	0.026072316665030147	0.06346788536236536	0.040551961967984204	0.03739556111133221	0.004803516173759397	0.05804626879892412	0.03743207306044445	0.0072241224684622286	0.048229683222366745	0.010488948442241226	0.008836646137101861	0.001822076130392194	0.00607547636566117	0.0015030740202000984	0.03672928421483074	0.0063561232540118	0.05131143624399583	0.021762366316406326	0.01490704071371543	0.002392315255425223	0.015436465075606465	0.004659740066585086	0.014630947344919518	0.005209861724312376	0.016602261326298644	0.0030426622010326764	0.0076855164674609604	0.0020215979208630832	0.008771118070833665	0.0009387984598723959	0.01027608667469472	0.00475287142615123	0.02177560874630947	0.0037473951208287764	0.00788283868649731	0.0020435751161199437	0.008051308916985562	0.0010128720522617305	0.05189668919254838	0.006149579606375736	0.02096152774325913	0.0033958363341282205	0.023865452239194927	0.003676580867988092	0.1244918913772409	0.019870462128073245	0.09690353605366904	0.021464329070447364	0.05543390671615352	0.008566452630027522	0.05979931370321151	0.01006416211711874	0.01567409538581763	0.0022999549130754814	0.004803516173759397	0.002922705426028395	0.0004020394505671667	0.0023482737265679383	0.00027310949056986804	0.02012189126580845	0.0038602614999936865	0.015788552718877698	0.0043376358524190774	0.011182814867831311	0.00127816632118837	0.011855029359372098	0.002700042525798383	4.5146314956141955	Dd2_WT	3.0	False	3
Dd2_WT_6h_rep3	0.018928478115227527	0.017951323524127594	0.06412260537926477	0.07020008630922979	0.04446248310189852	0.027010849819767146	0.02440381505131494	0.09431226220496113	0.11870554714094923	0.07673621556223749	0.021732062730281346	0.14442010030078653	0.01940733772901956	0.02758051201632212	0.026056315670941414	0.06330935800207779	0.04048965296576301	0.03736587198161925	0.004773920053634045	0.05803120234057673	0.037276332896901264	0.007186150204997256	0.04802731944613308	0.010493032070235228	0.008821626814956835	0.0018232179584735451	0.00606757822754106	0.0015034410448977428	0.036662789984570156	0.006364483474143504	0.05128498874624746	0.021732062730281346	0.01488787189100841	0.0023970823456304514	0.015408702671065288	0.004672215073915102	0.014594056933049321	0.005195982870831689	0.016548352926063048	0.003028455845324991	0.007677441599045328	0.0020185067137552417	0.008772726134435858	0.0009386632817831341	0.010259353082212003	0.004734502646592713	0.021747079106959846	0.003748718129998447	0.007857723630571498	0.0020396357490756177	0.008019187355008138	0.001011931380572275	0.05186635440692802	0.006164847933648707	0.02098744937105193	0.0034163656802630093	0.02389336426395171	0.0036871477523704073	0.12451103521185265	0.019909065088933885	0.09715379810990288	0.02155174903104636	0.055509247614755126	0.008613357764509645	0.06006237148275058	0.010137714826479212	0.015656886334731047	0.0022944371893965482	0.004773920053634045	0.002917985057623092	0.00040709510674848495	0.0023492841435435235	0.0002757968614914258	0.02008612951600637	0.003856379910802366	0.015759668159267194	0.0043464863422676935	0.011170867262036093	0.0012901365994706145	0.011848132582202459	0.002701713376057978	4.507931025456358	Dd2_WT	6.0	False	3
Dd2_WT_24h_rep3	0.018958549504223255	0.017844705786265146	0.06311375983986565	0.0693557822008197	0.04543832441367816	0.026973849475281694	0.02444999995018053	0.09557687329900616	0.11818587392297622	0.0779338780932956	0.021820262994250807	0.14284446216732594	0.019341803451752838	0.027505821250211934	0.026237149443095173	0.06315352353298757	0.04029921228186515	0.037593683521552915	0.004764629004072898	0.058607855867292655	0.03802110267937057	0.007417221734307594	0.04885198673777897	0.010617040060492338	0.008919385799465291	0.0018414596198292868	0.006182392802916085	0.0015216130728136377	0.03715055233293104	0.006482988404967896	0.05194333256110723	0.021820262994250807	0.01509374880409095	0.0024594665801379173	0.015422069427161912	0.004618398710162135	0.014794528953181903	0.005211265880937051	0.016551288796037525	0.0030012910762907703	0.007669488841111877	0.0019792176375420674	0.008793664264700709	0.000899432708398182	0.010269882460873644	0.0047460503733125	0.02156790271073707	0.0037153767369419374	0.008007781033695704	0.0020487881119553037	0.007935683846426272	0.0009662965121459727	0.0523267340041033	0.0062811218631893566	0.020990761318081218	0.0034592386320993155	0.023831730341020048	0.0036740909091918855	0.1231361836355142	0.019708278531811743	0.0966643215827564	0.021521552340219817	0.05467614593500347	0.008437613904862177	0.05944525081650047	0.009910531384319235	0.015575496955535442	0.002269208830729702	0.004764629004072898	0.0028574317403506334	0.0003866638169280022	0.002339044334342574	0.00027502175973134573	0.019733641399840175	0.003861507426700146	0.015973962007277805	0.004405025784464814	0.011043344770769762	0.0012433806650467372	0.01196402371669124	0.0027231003227739547	4.491512510559407	Dd2_WT	24.0	False	3
Dd2_WT_32h_rep3	0.018842516757420234	0.01767907185851216	0.0632218564498326	0.06965553354782188	0.04514761214331437	0.026959490400401215	0.024542636635998302	0.0946748446283476	0.11812691320026185	0.07718168401095471	0.021980926069376294	0.1434056654841643	0.01947990833199431	0.02771489521978725	0.025883435298880732	0.06403583692181107	0.04074236242026582	0.03730268931038652	0.004798589545086638	0.05862353176538208	0.037582331617054585	0.007565280526259787	0.04795586585852027	0.010634544803604241	0.008949815964525777	0.0018871608088160846	0.006209416481853069	0.0015448800936352833	0.03661981916111188	0.00649139670787258	0.051563628759363135	0.021980926069376294	0.014871843450201244	0.0024494425779914373	0.015345434304076894	0.004635968978116947	0.015101258606722585	0.005298511833395541	0.016686675326888264	0.0030168776530494915	0.007802054669167877	0.002005643364695279	0.008755833828614237	0.0009163764695169187	0.010415356845111683	0.004761977566623799	0.021845167631399938	0.0037198603771304026	0.0078545513609771	0.0019989955065908725	0.007995211527981562	0.0009937583618706983	0.052201846910572315	0.006421684854809761	0.021041021325693868	0.0035016153103044362	0.024020432370454908	0.0036944628493323427	0.12343016773090289	0.019975497753261413	0.09650860294585852	0.021618310254403333	0.05465182983491812	0.008570026614914471	0.059623624398160456	0.010031909149661419	0.015398482056071224	0.0022805898024409366	0.004798589545086638	0.002838134602766599	0.00039692454041849353	0.00232644341501663	0.000272662264314301	0.019981941762584145	0.00395057173917104	0.015723515309128182	0.004325755167236527	0.010958826060542227	0.0012812157611742335	0.011989784317177586	0.00272966426150717	4.464206582760146	Dd2_WT	32.0	False	3
Dd2_WT_48h_rep3	0.01911914832991944	0.017934640480137525	0.06391028896080989	0.06978835833877975	0.044684519623806665	0.02721931468168172	0.02440104030486758	0.09432775235144113	0.11802195164269985	0.07700358050748243	0.021789535080722233	0.14408974521951196	0.01948894491933977	0.027537049583875962	0.0261296683759637	0.06355638955311471	0.04061507571384954	0.03753414904827569	0.00481678149475956	0.05803206578896084	0.03744764765938182	0.007236871964424848	0.0481917952258231	0.010528273028268182	0.0088650965711256	0.0018241111425072339	0.006090248337490504	0.0015040562022678138	0.036678715373767545	0.006380733040537662	0.05126830393713592	0.021789535080722233	0.014973687739121385	0.0024049973828496525	0.015493269560516875	0.0046621943657877765	0.014653642175822598	0.0052122852953333226	0.01662652516035147	0.0030410495616930502	0.00771200982098478	0.0020256934122689315	0.008809316820530837	0.000941924865555217	0.01029224815090311	0.004761564886070013	0.021819582167673723	0.0037416805092026976	0.007957089966319456	0.002056530674926056	0.00809451670037861	0.0010110109882953207	0.051846204665189376	0.006185861123771468	0.02098033838815225	0.00342070191671533	0.02384939348150463	0.003687656102371332	0.12420308976848778	0.019886655451024183	0.09654015692747925	0.02148179471522061	0.05534733960675246	0.008562949354057428	0.059712692280499705	0.010075666058280046	0.015631975860680266	0.0023026646194572605	0.00481678149475956	0.0029299299229296437	0.0004028858006848088	0.0023511432736935123	0.0002741838053752502	0.020137831640704887	0.003885055719209391	0.015826335151658957	0.00434519042162153	0.011251449994770174	0.0012954811370970195	0.01195364528935924	0.002718738260455287	4.494045223282817	Dd2_WT	48.0	False	3
Dd2_WT_3h_DHA_rep1	0.018837336252811983	0.01780956653388505	0.06451070083708949	0.07033768430777851	0.04421791447059802	0.027032096551953357	0.02430712403478168	0.09377791081654939	0.1182109528801578	0.07653341795894573	0.021807764640771603	0.14555026203353688	0.01932653687339095	0.027538130625791055	0.026111379736197964	0.06366716118573872	0.04046867532745179	0.03738068943190467	0.0047648150328914686	0.05780988046777369	0.037113114176032296	0.007104800294565725	0.04811959046669364	0.01039934713701734	0.0087439155769188	0.0017785053690467245	0.006016072376614275	0.0014759870326549627	0.036528815246425365	0.006280033823919922	0.0509690617462041	0.021807764640771603	0.014881728002568885	0.002362827277416967	0.015502576177981998	0.004633557973936827	0.014561111939996601	0.005175192399013154	0.016636529660072202	0.0030403833480187013	0.007628453305592156	0.0019837498155816074	0.008789845319212387	0.0009244884330048031	0.010256043496555307	0.0047131877301760765	0.021766208307403338	0.003733235793317071	0.007816690112501416	0.0019922359766717064	0.008026229629525008	0.0010021805341138533	0.051737228900980765	0.006072651566792926	0.020946837092131368	0.0033602869426503125	0.023864315318889776	0.003673815306901278	0.1256663752163127	0.01988388681722419	0.09675528233534782	0.02145567054480999	0.056017348196177236	0.00849335264091225	0.06022234187731993	0.01011534243045858	0.015556436846419589	0.002253129687465461	0.0047648150328914686	0.002906239692433972	0.00039463975252089056	0.002339508772724675	0.00026975803938953015	0.020374463649168336	0.003879480189469726	0.015858585251778166	0.0043426482273507296	0.011235768385957707	0.0012431450814711941	0.011869572566743317	0.0026836105177811395	4.509543625461401	Dd2_WT	3.0	True	1
Dd2_WT_6h_DHA_rep1	0.019042027922758258	0.017812022305945044	0.06457037714960688	0.070570661964834	0.044135174257356975	0.027305247388731742	0.024253326272443056	0.09359368888839462	0.1180948089006355	0.07662123450421651	0.02180162493300701	0.14460338535353937	0.019470939592410964	0.027537735556672	0.02627222733917929	0.0637820469067592	0.04054929108879933	0.03751884813378409	0.004842881987911287	0.057622449553015036	0.0370441290088156	0.007091045248541375	0.048172256950219317	0.010419960548655816	0.008739230768302006	0.0017817688882393198	0.0060322437433632595	0.001475773605436792	0.03650482019192561	0.00626768914808482	0.050821179548384186	0.02180162493300701	0.014977613482737812	0.002371558065130933	0.015545128477127166	0.00462454810878818	0.014605941514076124	0.005186353505950853	0.016684472797667722	0.0030456710051793004	0.007682478942846338	0.0019935914277817443	0.008862385464322156	0.0009324837574607264	0.010307747664267794	0.004729531595707179	0.021778114116276403	0.0037338977125479485	0.007909942944764277	0.002014635401433586	0.008104735552355906	0.0010127140242044905	0.05155682389120608	0.0060656256618089556	0.020908392287569258	0.0033449339848737997	0.023858793554341035	0.0036789420023309663	0.12486083251658311	0.01974255283695624	0.09665104021475152	0.021443768685883994	0.05606109134034657	0.00850928580926031	0.06041464866485466	0.010156013299979344	0.015554314254454037	0.0022577080514910083	0.004842881987911287	0.0029222446700473475	0.00039332071745671254	0.0023510419728077275	0.0002695925017906257	0.020382231061794102	0.003877377022091108	0.015975335167442765	0.004360692309634111	0.01134841120825965	0.00125470056520597	0.011999274858642238	0.0027028607566238877	4.507185356759373	Dd2_WT	6.0	True	1
Dd2_WT_24h_DHA_rep1	0.01930796790209004	0.01786262425693977	0.06414902636756006	0.07074287291728176	0.04417035904873981	0.027611252253062754	0.02427324329158536	0.0937260609293858	0.11818330690338957	0.07688699096403817	0.021733590667173015	0.14308008066861155	0.019760097661269956	0.027578470644084824	0.02635697466375273	0.0636843520477343	0.040701431704041814	0.037670524319232984	0.00490339111036194	0.05761738167966384	0.03703376606433002	0.007136592984409784	0.048305019880080693	0.010434141183800805	0.008797546000957534	0.0018050933097020772	0.006070198322800638	0.0014749922666964417	0.0365341703723719	0.006298362513479313	0.050893528043534586	0.021733590667173015	0.01507128300889291	0.002401705061513587	0.015570990138678274	0.004626546110148214	0.01469264923083585	0.0051738467038996115	0.016705854278223645	0.0030224768985805703	0.007809413113838789	0.002023351880861386	0.008985954777503092	0.0009413778890666901	0.010384332579976056	0.004747616509203008	0.021827149345036777	0.0037423332698259745	0.00803003076645375	0.002040090518842596	0.00821656691335126	0.0010212797034424325	0.05152742985168958	0.006089951827974259	0.02091193630850395	0.00336130698308141	0.02389398559545883	0.003684485048625994	0.12347944622974916	0.01960063443886241	0.09676854404448414	0.021414762858905444	0.055649544373838344	0.00849948199372172	0.0605710065535308	0.010171866363750968	0.015581997883046405	0.002280626373893364	0.00490339111036194	0.0029407826394046406	0.00039630134939959503	0.0023511667929705343	0.0002726279823387134	0.02023212446877721	0.003857400467417419	0.01602694697072075	0.004369148928918499	0.011410173569044798	0.001270238898167198	0.012180088749305363	0.0027507510365453957	4.518777288455587	Dd2_WT	24.0	True	1
Dd2_WT_32h_DHA_rep1	0.019209207545466706	0.01785302030525509	0.06407103249326679	0.07057491360736742	0.044249903036468356	0.027487496208979986	0.024332726684156064	0.0938633101768092	0.11831404059844013	0.07691882595580399	0.02173047669138521	0.1433490777119783	0.019664686526652146	0.027592076672733487	0.02631283022729887	0.06367274649905302	0.04065238916580853	0.037540805661770794	0.0048824815163581075	0.057727952714947975	0.037102507439213644	0.00714739559725471	0.048312879452664464	0.010422343668697409	0.008814819759635245	0.0018098416308868206	0.0060790496323667115	0.0014798918115533424	0.03657227374001014	0.006315058925418441	0.05097597751138062	0.02173047669138521	0.015007884593053016	0.0023997942102918523	0.015520942414277103	0.004612184444148819	0.014697867513454843	0.0051862383689880165	0.016728048745746047	0.0030234827678487057	0.0077800298288431425	0.0020181907639941874	0.008932573720761533	0.0009338922130532817	0.010339178581209734	0.004744534933664114	0.02183643369144209	0.0037322419594925907	0.007975309427403994	0.0020317045700500606	0.008184333749536076	0.0010178597984765708	0.051627697817854694	0.0061002548970932775	0.020973240549743706	0.0033594861344123576	0.023909235761356066	0.003682840911377422	0.12371408215115057	0.019634995560827723	0.09691473040510257	0.021399310193337562	0.055575495846255804	0.008495536647010984	0.06044223921013889	0.010132674397228534	0.015577196102982555	0.0022758242022725365	0.0048824815163581075	0.002939813487920051	0.00039915527626680527	0.002349481168840817	0.00027368952528642224	0.020181681975050613	0.003855427127964785	0.015982486666811693	0.004368204102173078	0.011348769969893339	0.0012704224041018397	0.012118388984675732	0.0027499148503090766	4.528871703316675	Dd2_WT	32.0	True	1
Dd2_WT_48h_DHA_rep1	0.019049253757284584	0.017841386696305705	0.06407435095569981	0.07047852670422913	0.04410423986147338	0.02729778305596116	0.024395216685687504	0.09393337186243306	0.11848254092251392	0.07663054872722062	0.021737817599339265	0.14422534031704393	0.019607692767203363	0.027579087345194164	0.026242823586563463	0.06358979307357503	0.04064994622790405	0.03738228769783382	0.004850178430904798	0.05784781372562933	0.03697958817507573	0.007124651686397649	0.04808134913849276	0.01039240772955309	0.008792797189720427	0.001806249332162967	0.0060705382061590875	0.0014872071311322734	0.03652729473030131	0.006317686874274362	0.05108839025785739	0.021737817599339265	0.014910429763654998	0.002400772621494291	0.015448898322369764	0.004622186990314767	0.01468074678957897	0.005176575745540556	0.01667152980465512	0.0030161217610337734	0.0077695154154012415	0.0020201521940094416	0.008882313147369706	0.0009357120104229729	0.010339185487440514	0.004731543402925448	0.021851083894733243	0.003728133442804844	0.007898153235082512	0.0020194470232892297	0.008112093748885371	0.0010195597500274696	0.05172295070102848	0.006124863024600851	0.021023159522513542	0.003372057163173962	0.02389614505655507	0.0036829422886390946	0.12444530686207901	0.01978003345496492	0.09705843646004746	0.02142410446246647	0.05555618637379276	0.008518164581907052	0.060341241627982996	0.01013728507624614	0.0155644071978679	0.0022769794984378038	0.004850178430904798	0.002926745347620662	0.0004013046593065728	0.0023490866167878858	0.0002731388853559464	0.020189304965606177	0.0038555140071604246	0.015918882246287066	0.004373665831205331	0.011264168050379175	0.0012716997967031185	0.012009937242657896	0.002751977966220972	4.53033808858088	Dd2_WT	48.0	True	1
Dd2_WT_3h_DHA_rep2	0.018940058879840814	0.017880107535358493	0.06431969324165575	0.07009207666139435	0.044330612693653904	0.02712961043590163	0.024327301230647726	0.09387795637825536	0.11792086054934652	0.07666456303685504	0.021832945806028518	0.14530032099655	0.019418928767146452	0.027555560248615312	0.026068472091777546	0.0637180265690421	0.040607787158704674	0.03738943530283006	0.00478534442623089	0.057840337990165025	0.03719497424090187	0.00713563845275204	0.04813127345245552	0.010427768103876828	0.008786147540901458	0.0017895661619242095	0.006037139261969747	0.001492668515727264	0.036551881637491915	0.006302981086812158	0.05102309365395129	0.021832945806028518	0.01488531837134823	0.0023787225871230535	0.015472293365963839	0.0046531009783949365	0.01459783173226864	0.005196785465099232	0.01665570788157726	0.003050302763797246	0.007664019870003229	0.0020068393374828384	0.00881865896158797	0.0009294105980724169	0.010297281566629944	0.004734562876939848	0.021835463604594707	0.0037404791105401748	0.007861055735463064	0.002010247061820507	0.008056073398658955	0.0010126826838982863	0.051742074446906546	0.00609826354325848	0.02095549249077948	0.003371808739868247	0.023878143022010734	0.003677417226604578	0.1254068957894673	0.01989342520708272	0.09655319284813241	0.02136766770121411	0.05580903525328116	0.00851065798837459	0.060011326281071725	0.010080750380322617	0.015602998824335563	0.002277108711022928	0.00478534442623089	0.00291456361650405	0.0003990103666907482	0.0023428259021130936	0.0002712656847075977	0.020342529145963052	0.003874869580336669	0.01580202364941874	0.004338782872343319	0.011278412823118042	0.0012582263096105317	0.01189871406361961	0.0026942572395534446	4.518658479635859	Dd2_WT	3.0	True	2
Dd2_WT_6h_DHA_rep2	0.019728744734707537	0.018037262724282237	0.06413353070089838	0.07042129665544059	0.04445194627204029	0.028045278011779882	0.024174082262747778	0.09351069957253538	0.11721174827964877	0.07728616196227449	0.02176656911264127	0.14196737620349706	0.019960194175516026	0.02757565331912693	0.026441099681163316	0.06394685103290057	0.04096934222306312	0.0379556451949884	0.004999726297310957	0.05741679158343684	0.03726055662173801	0.007191389650302281	0.048496281417937305	0.01053034752869749	0.008862980113334315	0.0018105476215072272	0.006092611343771574	0.001493393937026565	0.03656292623671197	0.00629724935808041	0.05065052397774301	0.02176656911264127	0.01523717331228398	0.0024221969391001303	0.015633253965059817	0.004663020978544473	0.014717963518898808	0.005224293006222408	0.016765911881197897	0.00305892415004452	0.0078502586446613	0.0020643787372718607	0.009083833536928277	0.0009617232566545875	0.010459076722053776	0.004822209307219696	0.021919642268456847	0.003768413925332804	0.008219901451723615	0.0021073881198422372	0.008358111820783309	0.0010433433423583751	0.051324789357552546	0.006092002225884298	0.020810936538829327	0.0033631457239184518	0.02387438978438142	0.0037012635347455076	0.12244990395023583	0.019517472253261236	0.09591923920184503	0.021292509077803733	0.05559819709074873	0.00853533361014964	0.060256361678210066	0.010164934977230526	0.015701764723608267	0.002335498000673968	0.004999726297310957	0.002978798165493304	0.0004053676845777782	0.00237610187608132	0.00027369909974329763	0.02031053358601939	0.0038692248905175383	0.016055181759580248	0.0043519510956873675	0.0116742046005037	0.0012964858486343358	0.012324114114218777	0.0027504734484230706	4.504834956338497	Dd2_WT	6.0	True	2
Dd2_WT_24h_DHA_rep2	0.019468071181034722	0.017775440733769104	0.06433608946738507	0.07091941053012107	0.04392006059848052	0.027844226890177338	0.024287386909530525	0.09313686467559448	0.11802331101463379	0.0765474571942987	0.021736854517086006	0.14325489532390207	0.019934035798892687	0.027698196337338853	0.026380795662608248	0.0638707861386503	0.040894511499199086	0.03772254852056175	0.0049355747414455056	0.057313482265290136	0.03679884622765694	0.007121214370823581	0.0479829316922066	0.010431408057006854	0.008770660705295311	0.0018074280836253376	0.0060762774278130425	0.0014787512283515655	0.0363072736646674	0.00629091441410138	0.05053867659682571	0.021736854517086006	0.015085900256453297	0.0024100503894451254	0.015564422268515014	0.004662175606148307	0.014698931511125177	0.005180020352801266	0.016720626345291558	0.003029307481058423	0.007860374955069065	0.002053161870065076	0.009067895881981114	0.0009526030917774324	0.010422383646847269	0.004782375913077202	0.021937994742685513	0.0037517571965891058	0.008080348983492408	0.0020656147123726373	0.008284812223213001	0.0010372952619566746	0.051228239685144034	0.0060852425801461016	0.02090391822437108	0.0033834686851594424	0.024005849230245135	0.003692347107093718	0.1235391385044657	0.01971575681943638	0.09659809262534813	0.021425218389285648	0.05576690584407419	0.008569183623310883	0.06070820184813059	0.01021120868199049	0.015490609971639495	0.002284830762129608	0.0049355747414455056	0.002955709678774145	0.00040230917214662996	0.0023614310110189472	0.00027467300031040374	0.020350416867999873	0.0038914835803739944	0.01602175954652645	0.004364913253831673	0.011554730917012979	0.0012921423197121073	0.012239139482987544	0.0027582141704647115	4.508616475697398	Dd2_WT	24.0	True	2
Dd2_WT_32h_DHA_rep2	0.019630428280210586	0.01783952196918679	0.06414817842193679	0.07069618680787942	0.04399662224077421	0.027966529928870033	0.024321905871706614	0.09317283318197844	0.11767997611929742	0.07663634196516483	0.021779722947905228	0.14302650574160813	0.019990066745387072	0.027676610295052785	0.026365847828523567	0.06396243816740574	0.04099338265448851	0.03785660817431417	0.004939411944827103	0.05732088071348258	0.03686312852417991	0.007133493716594303	0.048056615356001635	0.010435881254282447	0.008795281727492046	0.0018059061280493681	0.006063548999607337	0.0014791084997320039	0.03634366521124056	0.0062894463228580525	0.050539721647879836	0.021779722947905228	0.015159046004462419	0.002423204989814554	0.015604519365396492	0.004669837814640708	0.014737464429170975	0.005192713462743745	0.016774790786764117	0.0030371919788854122	0.007867649640524072	0.002064716285259564	0.009107563663557224	0.0009501371560462148	0.010455971581947462	0.004805069443078192	0.02197954191737677	0.0037527997120860787	0.00815375338595841	0.002079066231722482	0.008356060093840859	0.0010415485686888315	0.05124228259439965	0.006078598119082935	0.020930891658812237	0.0033910142128943783	0.02398936292044323	0.0036872473746095563	0.12334081938914356	0.019685686352464572	0.09634725704387717	0.02133271907542026	0.05561235760032267	0.008535820821614122	0.06051399195344733	0.010182194854432088	0.015540251539569661	0.00229927042961713	0.004939411944827103	0.002971853546340364	0.0004054820132581095	0.0023577710712262517	0.0002739339457062231	0.020341598020820275	0.00387867948902121	0.01600935836127193	0.004347448890720687	0.011603669369792704	0.0012875968361539974	0.012302931524384818	0.0027723321985385152	4.516407716393233	Dd2_WT	32.0	True	2
Dd2_WT_48h_DHA_rep2	0.01968377175384284	0.017899284189605836	0.06419549411900866	0.07069569198026696	0.04392126897794571	0.028093745500693688	0.02429777283340288	0.09302691273207173	0.1176195270935479	0.07652660727403592	0.021788668937739848	0.14301857073388863	0.02002343735160569	0.02768753982281207	0.026392193515321703	0.06398353875314584	0.041086998946860236	0.037826110296972644	0.004974886977190124	0.057257978210041166	0.03678175513158189	0.007139513846363818	0.047890703446175284	0.010473385071754849	0.008787777459462772	0.0018159562518366395	0.006068911801749984	0.001489873243056386	0.03626214903194403	0.006297599315854097	0.050467164384273594	0.021788668937739848	0.015122216103915764	0.0024227265043512895	0.015568457423191732	0.004712710265513865	0.01473946567461646	0.005200616447070897	0.016710796050909346	0.0030367116983293263	0.007880843962008156	0.0020868272236529662	0.00909594174673269	0.0009598244192118788	0.010493765406480862	0.004839933421743645	0.021992798033093716	0.003760502085542012	0.008147690894579588	0.0021044931099094403	0.00837140322723683	0.001060184522116985	0.051157033774649585	0.00610094443539158	0.020895196841795968	0.0034025759916069126	0.02400257016357479	0.0036849696592372787	0.12325311991202942	0.0197654508218592	0.09625540815932648	0.02136411893422141	0.05558800824821972	0.008607485870788946	0.06048150831271054	0.01021418366755641	0.015572213326949014	0.0023270708626568215	0.004974886977190124	0.0029875955411024268	0.000416367018814136	0.0023659699011793246	0.00027795504777048763	0.02040856786270562	0.003887381019514193	0.015996153672132234	0.0043481523343230945	0.011678380606301572	0.0013205906814646802	0.012312476761503568	0.0027822974514238705	4.505470525402427	Dd2_WT	48.0	True	2
Dd2_WT_3h_DHA_rep3	0.019062569829977886	0.0178769492336511	0.06434520743111281	0.07034599289556742	0.044344255041977684	0.027275471722395694	0.024276892402890403	0.09381968723984585	0.11812190890486421	0.07681198871743329	0.02180256388493441	0.144335547255429	0.019506689080282368	0.027582297768444515	0.02620581788067204	0.06366990378677485	0.0406293966338183	0.037439135894031396	0.0048432355254875116	0.05770448887040909	0.0371964410221219	0.0071478140198557895	0.04818800564793707	0.010460133030520595	0.008802220703918189	0.0018032457186009363	0.006061742527812773	0.001496641088643724	0.036562820002322166	0.006302083803109792	0.05095478343441389	0.02180256388493441	0.014922891329402995	0.0023833844520386597	0.015476238574352416	0.004656621538237324	0.014604033159486038	0.005197861447049574	0.016646444460274114	0.0030425810455347113	0.007697845604114557	0.002015323564181531	0.008850566888233182	0.0009429530237530951	0.01031662043649131	0.0047373930101705175	0.021826721865319886	0.0037486613218365825	0.007907924507159882	0.0020333859828821155	0.00809785428857997	0.0010234050513559189	0.05161075666344418	0.0060937322069649115	0.02089558911675967	0.003381303286130734	0.023890133368667674	0.0036921643997768414	0.12454594047078946	0.01978960678463953	0.09666448071700975	0.021457428187854455	0.055800768064248094	0.008544439366864715	0.06020597191751562	0.010140020978051806	0.01558982670549876	0.002287122528152343	0.0048432355254875116	0.00292575622335287	0.000400033987396414	0.002361177676006037	0.0002730940671717894	0.02029595166983965	0.0038830320045907724	0.01588533746119162	0.0043604184655533125	0.011305765220534846	0.0012729228778324587	0.011981339975997934	0.0027154436480304536	4.504942524832717	Dd2_WT	3.0	True	3
Dd2_WT_6h_DHA_rep3	0.019020580054109143	0.01781801227235229	0.0644006379803048	0.07051013522983061	0.044146722894999046	0.027228040816954194	0.024314767143155207	0.09370323382243263	0.11823797526396504	0.07657204289453087	0.021808956438995778	0.14473859372672948	0.019468105529570526	0.027601551686206375	0.026183177573057513	0.06371304503184859	0.04064152706403493	0.03734759491683956	0.004839269319397978	0.057706030340685124	0.03703244977591134	0.007114273119087712	0.04805142889425144	0.010420080545641636	0.008773350810998939	0.0017951305612280504	0.006045721284039446	0.001486330798371364	0.03650505728209589	0.006298765055034285	0.050899411485302457	0.021808956438995778	0.01489988187312729	0.0023763557241052225	0.015441124161724495	0.004630233157882549	0.014625649982139213	0.0051947544692456885	0.016668188215591823	0.0030373523343312256	0.00768989938269612	0.002001599656713507	0.008840750956673742	0.0009358555334871556	0.010325612722789063	0.004740743132235932	0.02183899044353528	0.0037361807654746463	0.007892950103399942	0.0020176244295692265	0.008093748594493393	0.0010162569266465808	0.05162336703136914	0.0060826633093159855	0.020946783059851967	0.0033679840833032407	0.023912423254170413	0.003689128432035961	0.12489610220545032	0.019842491521279166	0.09679981931487362	0.021438155949091414	0.05585727277004893	0.008543365210255883	0.06037714921969775	0.010132986010132862	0.01554215945150915	0.002275852820843141	0.004839269319397978	0.002928813839162638	0.0003964805257402668	0.0023512354771207783	0.0002703322552540357	0.020312078748946343	0.0038750212815942915	0.015882750459134103	0.00435356501664569	0.011288015045317894	0.001262033897537129	0.011969255367014969	0.0027087365070842047	4.515305306330518	Dd2_WT	6.0	True	3
Dd2_WT_24h_DHA_rep3	0.01913026898207078	0.01781993264569872	0.06408625409689432	0.07072533932516363	0.044104576860649836	0.027350805133839678	0.024373652025639448	0.09379065616989865	0.11866763692695101	0.07662450093597158	0.02174698142755603	0.1436811849568229	0.019669556652352472	0.0276649507358303	0.026272564318186357	0.06359241260123635	0.040723296985952354	0.037410411816858974	0.0048663150420852775	0.05769870236034137	0.036958947805202695	0.0071456290554471405	0.04798404717337402	0.010420221675837645	0.008818938407890602	0.0018193530350122376	0.006086309909261666	0.0014956307345954133	0.03647231411036401	0.006331471065349781	0.050986870994184856	0.02174698142755603	0.014923272897542682	0.002404223506391116	0.015439097805156695	0.0046438176077684854	0.01468862789267626	0.005184498119395488	0.01667215712332365	0.0030157619837217443	0.007785632873382143	0.0020264846491806843	0.008914694458943316	0.00094274467084633	0.010348551395367315	0.004737014941753299	0.021899834167137415	0.0037378964816943312	0.00793168078025081	0.0020335252573507674	0.00814105726436742	0.001024005680101786	0.0515716177208221	0.006127084639519277	0.020982823031898738	0.0033908289937407093	0.02397250082186861	0.0036924499139616915	0.12388530628790065	0.01979587866892225	0.0971784155188907	0.021489221408060314	0.05554329542622376	0.008542958670670567	0.060540711968715154	0.010184627356448482	0.015528010427367286	0.0022919222183314333	0.0048663150420852775	0.00293480260222523	0.0003991669829862585	0.0023559606602034317	0.00027215834445866525	0.02015282652840176	0.0038785409537174485	0.01592637806374777	0.004384097664565004	0.0112754128484364	0.0012729360939031152	0.012053665804093979	0.002748790387406183	4.522193413784661	Dd2_WT	24.0	True	3
Dd2_WT_32h_DHA_rep3	0.0193720681522288	0.017886591936526555	0.06411997714922599	0.07053378005642108	0.04418150973963268	0.02766517633492911	0.024339655001775977	0.09358524753077493	0.11805521543426475	0.07679525013620335	0.021764215560715207	0.1431495813273106	0.019813287614674997	0.027633390269734184	0.026372576593823638	0.06375611826680494	0.040839077935484365	0.037595649190048736	0.004931837145250161	0.057609794624169736	0.037021202693884044	0.007160307045748639	0.04811636360642102	0.010456882256658103	0.00882105634971627	0.0018165788287629312	0.00608748144640503	0.0014968876482399974	0.036463008679469104	0.006313557856517038	0.050808680994788795	0.021764215560715207	0.015024485777018287	0.0024126702934162566	0.015487816909466535	0.00467067621014766	0.014719723211610074	0.005198185683474958	0.016700536335847043	0.003028727993276556	0.007826986216262854	0.0020507836642165256	0.008984868167344685	0.0009506495668509333	0.010401758101363713	0.004775632143314527	0.021904443869730766	0.0037572438210753635	0.008033531897339484	0.002064926144272622	0.0082365497949687	0.0010370603156479973	0.05149513975251979	0.006114654871649942	0.020946828046882134	0.0033928269548938413	0.023933724074624668	0.0036996661951095174	0.12343572511137421	0.019713856215936385	0.0966375459975911	0.02141766943667365	0.05556237192633222	0.00855760522289377	0.060364684175020715	0.010169095881400365	0.015584491089142968	0.002302100847383588	0.004931837145250161	0.0029629486570092872	0.00040557692473564	0.0023713366962780863	0.0002757517782790128	0.020233650160584093	0.0038752948820122103	0.015990327806069415	0.004366634731452197	0.011441385404788876	0.001288532034152274	0.012164701459511144	0.0027705574364768172	4.512047694233147	Dd2_WT	32.0	True	3
Dd2_WT_48h_DHA_rep3	0.01920598220273557	0.017843779043524792	0.06414423553075889	0.07050869653417144	0.044073129434855175	0.02742183152155908	0.024378726677477036	0.09367720392256573	0.11836648200301943	0.07656700798140176	0.021769674611469187	0.14400048912051183	0.019680507687088816	0.027679151734841964	0.02626010577148855	0.06368827988022423	0.040793842340298946	0.03743487088594621	0.004869372524189141	0.0576366305918722	0.03692949969561711	0.0071436297392380626	0.0479503666320553	0.010423848401778742	0.008809732395077473	0.001815482153325972	0.006075809814673851	0.0014917685844904303	0.036459390735136016	0.0063173759107494525	0.05090043727668026	0.021769674611469187	0.014943099644932633	0.0024074257581877204	0.015432815734258042	0.004651529748567815	0.01470360111135163	0.005185425636747256	0.01666993234876622	0.003021848896814713	0.0077782069372906775	0.0020417211142208487	0.008913868843791367	0.0009467107917859256	0.010365923435284547	0.0047569200918055905	0.021926289477612534	0.003744709335596271	0.007947760349061677	0.0020452478919102263	0.008176723263339947	0.0010362506984237217	0.0515219240289894	0.006114706562882803	0.02098036093771033	0.0033983657397667053	0.023981983110701998	0.003697168624139965	0.12417142837928291	0.01982906074122892	0.09690431521506546	0.02146216678795397	0.05556954752642948	0.00857468800432941	0.06034418433318028	0.010164512200991162	0.01554880182887955	0.002294977214645243	0.004869372524189141	0.0029460104698182175	0.00040588041799554465	0.0023565399432309065	0.0002745036454295336	0.020222500102359115	0.0038849717841852984	0.015910227768549962	0.004366943526464384	0.011322026799690852	0.0012911378796187424	0.012060459313244768	0.0027482075290047162	4.5151226422047355	Dd2_WT	48.0	True	3
Dd2_R539T_0h_rep1	0.018827328700472615	0.01767531263364158	0.06414528710219175	0.07101180973946015	0.04427121159361204	0.027011799738016446	0.02424545867372506	0.0938500979009756	0.11853325819428927	0.07664214317529522	0.02182277430426842	0.14431523240615085	0.019516443701926914	0.027530157254161663	0.02623640471349214	0.06365885420226744	0.04052099349638386	0.0377591395280204	0.004776220876864701	0.057650072064783765	0.037083792239166996	0.00718741935444504	0.04802617625394402	0.010430708849648314	0.008781958956027158	0.0018092492366072863	0.006090313292889373	0.0015037365861790503	0.036446609033286975	0.006330966991569459	0.05107252187611916	0.02182277430426842	0.015084188348170218	0.002393831333446512	0.015607242792388466	0.004673877054015206	0.014673545135709754	0.0051909288495602885	0.016630845133141108	0.0030488374521540473	0.007753928417126011	0.002004168846328459	0.008831062068077666	0.0009272843703947767	0.010286145831502141	0.004711449434592452	0.02179260797447705	0.0037307902558122263	0.007831638417953677	0.001984296682903626	0.008017007698141305	0.0009943859014740072	0.05151674048631804	0.006133331578465726	0.020885151296401182	0.0033603073773238756	0.023846524621130693	0.0036836326330309714	0.12443082365406871	0.019884408752082146	0.09693541763293646	0.0215978405613528	0.0556155503272678	0.008529736774923947	0.060749886751249454	0.010261922988210695	0.01543213449328238	0.002243178140359199	0.004776220876864701	0.0028784239671830504	0.00039194831749066563	0.0023446713955869434	0.0002693250284045137	0.020208922646570156	0.0039057749851320748	0.015956704777248424	0.004395331227578544	0.011108687970438446	0.0012448848450824983	0.011930066743432265	0.0027281601790632355	4.488199519649793	Dd2_R539T	0.0	False	1
Dd2_R539T_3h_rep1	0.018650078041020708	0.017690724938728707	0.06447445731187106	0.07099349821363049	0.04401126193017454	0.02687420153783584	0.024292173071091147	0.09377575792258186	0.11858462182755462	0.07620629076986185	0.021887959320509374	0.14570547507226378	0.019356690193573157	0.02749580348276766	0.026127177271347835	0.0634938802774358	0.04036262259865864	0.03762588321557561	0.004693065795016213	0.05769837720850095	0.036911200211606814	0.007100061718567721	0.04780714929459069	0.010394394863491065	0.008702875106814247	0.0017835566909534908	0.006025806563087469	0.0014925082509248805	0.036414863323777476	0.006304489774192984	0.05105640482461139	0.021887959320509374	0.014996470986901054	0.0023743070359370623	0.015561407891490053	0.0046936973012474395	0.014590535187751165	0.0051566536486630475	0.0165544224677329	0.003040771112600302	0.007687390702567465	0.0019776287589077465	0.008769004764549745	0.0009226659675482025	0.01023339541135644	0.004679769319523182	0.02171498361570039	0.0037344742520786255	0.0077538466732748855	0.0019633936529801503	0.007940945132103354	0.0009918925826623171	0.05159950737934454	0.006098869829156412	0.020930363924296837	0.003361809146794308	0.0238088960701344	0.0036869074126332554	0.12566031302535194	0.020045162046911827	0.09693292777009374	0.021651694057460882	0.05592698372443006	0.008547473587440993	0.060688293289603665	0.010305204924026824	0.015457899700445652	0.0022328252382830547	0.004693065795016213	0.002871417634027569	0.00039090646002443505	0.002334318055219599	0.00027096417727961726	0.02025834207868796	0.0038931557820004177	0.015858711353530584	0.00440085959126603	0.011099031583321315	0.0012448572868393878	0.011822236715449361	0.002708075952225776	4.476921182834281	Dd2_R539T	3.0	False	1
Dd2_R539T_6h_rep1	0.01896947619327256	0.017788555846836127	0.06438793328274361	0.07089942571398639	0.04407134541497324	0.027230312320080385	0.02429777109466083	0.09367020014467803	0.11797666745231336	0.07644515692586329	0.02188770090069519	0.14491239890700808	0.019557846685986445	0.027458684437087395	0.026177957905936133	0.06358269877561172	0.04045855281816412	0.037908472543932245	0.004745525452295288	0.05757331718387561	0.03695803540906954	0.007113310005903696	0.047984332734016866	0.010437549686647795	0.008725927700043842	0.001782211742330267	0.006027549841920698	0.0014875852209038296	0.03645498566751436	0.0063050197588510855	0.05091019471831259	0.02188770090069519	0.015161536209331607	0.002385191686710025	0.015650743400823956	0.004711001247066661	0.014629313843072258	0.005167931768051364	0.0165786613690721	0.0030465361837206414	0.007751394393972019	0.0019964533939988405	0.00887568506322056	0.0009343138347950232	0.01027860426313757	0.004710598851893814	0.0217215889631718	0.0037477607399609364	0.007904722230920383	0.0020097839469875632	0.008051708423099192	0.001003261592265421	0.05148259693304087	0.006090720250834738	0.020916441935359565	0.003381329159301267	0.02377493947153662	0.0036837449655507744	0.12493888164058103	0.01997351726642703	0.09637373232933938	0.021602935122973982	0.05583133635538078	0.008556596927362837	0.060572181014028594	0.010327244699957787	0.01553614763318922	0.002252408213646908	0.004745525452295288	0.0028855167015610856	0.00039352350493806435	0.0023424926779640597	0.000271337786454896	0.02027464250685597	0.003885613104839385	0.01590082727121085	0.004384259963807173	0.011273442632292687	0.0012645993957527183	0.011972832252273297	0.002719438039761685	4.461140663559611	Dd2_R539T	6.0	False	1
Dd2_R539T_16h_rep1	0.01972120238503551	0.017759965071401762	0.06368033241314122	0.07083055984089462	0.04412843993573136	0.027698207068064078	0.02431454228261172	0.09392307437036047	0.11774565617414134	0.07688323467737994	0.021960859871376436	0.1431738492650724	0.019552788558874136	0.027523823076195553	0.026322422237665684	0.06360213564437103	0.04070751474087964	0.03824425131813293	0.004744502138777479	0.05748263892989276	0.036999146923360836	0.007129293012370523	0.04823761020839204	0.010528134716185293	0.008801347443650756	0.00178725319011727	0.0060553995124885155	0.0014734896065460728	0.036700582998895545	0.006333150541396016	0.050889340830068915	0.021960859871376436	0.015370119112825289	0.0024408652197698984	0.015723728713670306	0.004709538271867434	0.01470702751639356	0.005167034135010033	0.016740449976628213	0.0030238351720966042	0.007728085548322137	0.0019884680797058944	0.008918765092620686	0.0009174698382254162	0.010525135076493271	0.004738234301699489	0.02171366111018816	0.0037304842524987225	0.008312957779798623	0.0021018601386865693	0.008277904500363132	0.0010284799661871829	0.05134794985117737	0.006134689078715395	0.02086111574269592	0.0034534265399157995	0.02384473279574378	0.003679090280451772	0.12339036272249332	0.01978348654257908	0.09625290327864185	0.02149275289549949	0.055200739347363914	0.008479593065777304	0.060676945302823165	0.01015361453807145	0.01547622601922295	0.0022837390521788102	0.004744502138777479	0.0029406953111436335	0.0003932657244165404	0.0023705407769168164	0.0002683115227543998	0.02007770880110338	0.003886080043139239	0.015965691736849863	0.0043839171655844274	0.01148185058832889	0.0012584425727143259	0.01222502119334865	0.0027328927136722136	4.478388773491965	Dd2_R539T	16.0	False	1
Dd2_R539T_24h_rep1	0.01914347810636018	0.01774448082996651	0.06362554867578789	0.07039486881438142	0.04477453199491055	0.027255685723814652	0.024288284866156702	0.09489695384950603	0.11805949724327988	0.07743709654805718	0.021868218193910747	0.14301177830106143	0.01938279183041166	0.027462121102782105	0.026414717782186507	0.0632246877281363	0.040282393013922856	0.03792378573218824	0.004741015973644975	0.05806806368953407	0.03751869110993027	0.007255840884980279	0.04868155530763449	0.01055338865388097	0.008802502913084497	0.0017985714620583544	0.006107859095465229	0.0014932191159336362	0.03693538750831975	0.006411647120528652	0.051549919220657624	0.021868218193910747	0.015261700214189234	0.0024371638429477823	0.015571418278044098	0.004653503397007121	0.014741074960026789	0.005155741119829399	0.01656748009770605	0.0030030818979959895	0.007680048105189612	0.0019634167668206733	0.008842396494073066	0.0008969304643283089	0.010324146874679613	0.004714656908335373	0.02152977134398198	0.003713817886925885	0.008110561400626468	0.0020498788631266246	0.008011899920436582	0.0009711379221705058	0.0518911819698117	0.0061768817197223715	0.020857743283636602	0.003430541582520102	0.023787564367523866	0.0036745567352582374	0.1233264274605425	0.019685350840518926	0.09645570387473229	0.02160379336854759	0.05518581163343252	0.008439737042355368	0.06031626564454428	0.010078603169837146	0.015503063476036727	0.0022414173539297834	0.004741015973644975	0.0028727504108639387	0.00038258473095055035	0.0023411472405068536	0.000272430495446815	0.019892390715384643	0.0038649189371934346	0.016109809064697472	0.004435995839720878	0.011218428437062793	0.0012338693517769173	0.012082787700325013	0.002720600234649931	4.464757750143995	Dd2_R539T	24.0	False	1
Dd2_R539T_32h_rep1	0.01873230620104919	0.01749363934040447	0.06381363172887032	0.07002556653574507	0.04466301420917262	0.026973965456918693	0.02445818120782072	0.09417936042581988	0.11808971561644614	0.07675984053988877	0.02206283618627634	0.14507941264562516	0.01927696378681084	0.027553503519215067	0.02601570958353888	0.06390349755700696	0.04044916774787084	0.037419531900937594	0.004695586802207196	0.05835456900837513	0.03726406144912181	0.007398952760050809	0.04799875719674222	0.010524910577659698	0.008794332433131331	0.0018249465197944154	0.006115362499401045	0.0015015313131600584	0.03650958070737336	0.006424819836601329	0.051244959881845194	0.02206283618627634	0.014939751143356475	0.0024170853316844865	0.015414966850200466	0.004647728575696169	0.014987125464083649	0.005212288676190796	0.016625220102067392	0.003015086912559979	0.007687176544291826	0.0019644610653743733	0.008736454022988446	0.0008888721541561922	0.010348913891656729	0.004725049609466714	0.021667078109464322	0.0037081261372830803	0.007856910650111366	0.00197351645779855	0.007935190097521517	0.000966688995617755	0.052071945988586665	0.00628262301978846	0.021010495805370764	0.003447685402449959	0.023877953256381798	0.0036755502628332683	0.12503548004423487	0.02004393260139029	0.09635588073828567	0.021733834878160472	0.05531970345343588	0.008493928275434449	0.059945829699785826	0.010079736835959245	0.015280810247465842	0.00221282909293863	0.004695586802207196	0.0028074497452705593	0.00037931768742943656	0.002311954050324155	0.0002696144886640811	0.020140178922668155	0.003923597479436985	0.015895820772698525	0.004351552839152122	0.011056638172401512	0.0012378684442529528	0.011969007072111838	0.0027104517681523933	4.433450483012096	Dd2_R539T	32.0	False	1
Dd2_R539T_48h_rep1	0.018875800515937367	0.017726955243654842	0.06436845099172168	0.07056735069163096	0.04413787422014281	0.027106621018683857	0.02430049373992447	0.09368663509063054	0.11805906594014867	0.07638663332845548	0.02192148258163161	0.14550128216484512	0.019422898703503975	0.027475358857514773	0.02612858262347332	0.06373479236983931	0.04046145814938059	0.03770260644979026	0.004744846647275828	0.057690810671814446	0.03702798955899386	0.007109884661148942	0.04796413374743047	0.010424388271215895	0.008729459630288067	0.0017803420201512456	0.0060043774763586435	0.0014839321830111755	0.03643919389447146	0.006305107551004504	0.050942333645154575	0.02192148258163161	0.015034783219399028	0.002377983068344348	0.015602424269692201	0.004687415892354684	0.014622596090123282	0.005181565197431962	0.016642979305220313	0.003047757722072387	0.007691487178627519	0.0019890120730366345	0.008818276834635621	0.0009241226172042002	0.010270234609890651	0.004713108200007314	0.021740625674168977	0.003737489665313649	0.007850292414683257	0.0019951387089978097	0.008035945406378624	0.0009944239858776746	0.05158836106918328	0.0061024496026311605	0.02092623000446946	0.0033742637354550087	0.023799722422942583	0.0036756364345721907	0.125496947931956	0.020004334232889116	0.09651353911604829	0.021545526824100374	0.05584895241909522	0.008519498572626471	0.06035061323489903	0.01021673745673193	0.015484901694400722	0.0022420535492541204	0.004744846647275828	0.0028973298857993247	0.0003914777599613941	0.0023318835128971404	0.0002696653927975772	0.020349492431264285	0.003890401623727079	0.01587380733546106	0.004364418736556826	0.011222240922889213	0.001255107218413254	0.011926159671972506	0.0027031132054088827	4.479516323921598	Dd2_R539T	48.0	False	1
Dd2_R539T_0h_rep2	0.019071182080508044	0.018051480808117096	0.06407714899994753	0.069552338186746	0.04487418444595627	0.027448588723512714	0.024231891594531513	0.09415293970603938	0.11785561894430523	0.07701731321550144	0.02169804743370192	0.1439958971334656	0.01952240406755659	0.02745419562387512	0.026096871996144834	0.06392545540639935	0.04070537193827384	0.03744157929401162	0.004905312779475912	0.057922177621930145	0.037603070895347826	0.007271113550608447	0.04827365356192759	0.010469492245891223	0.008863397527323442	0.0018236312839628697	0.006087311787491487	0.0014998268089048276	0.036704825448389156	0.006338739146663371	0.051109375110986864	0.02169804743370192	0.014912061518987564	0.002382405340969287	0.015480758256489785	0.0046663541775649915	0.01469649125050012	0.005207094456791807	0.016746334642996137	0.003060313245511395	0.0077434707839755665	0.0020404804282979894	0.008793704232169961	0.0009447486231130744	0.010355608771024302	0.004789398579464764	0.02183094098173045	0.0037294236060543186	0.007911781125677331	0.0020261099791226197	0.008121461527848083	0.0010118294478600135	0.051792495622250995	0.006129681999679148	0.020860213184741606	0.0033716784097899072	0.023788650389007245	0.0036655452348678757	0.1242756027348289	0.019720294398636692	0.09647229435655187	0.021383324587753355	0.055507711076935244	0.00856943792301228	0.05955285040544565	0.00999948778130035	0.01576057635740922	0.0022909044507078776	0.004905312779475912	0.0029164105635269047	0.00040691045787855123	0.002349256539808435	0.00027871998493981024	0.02035390134119137	0.0038613204694085148	0.015831384304806313	0.004314190145184816	0.011393373575256802	0.0012910108363747427	0.012000259022617487	0.0027639452892636814	4.511566663109226	Dd2_R539T	0.0	False	2
Dd2_R539T_3h_rep2	0.019112099125811837	0.01799499549111746	0.06403826398511417	0.07000846369977128	0.044588884862561226	0.02732119602040922	0.024310506393269368	0.09413158069320365	0.11810204566628914	0.07700237839100203	0.02175359710705188	0.14376817232409872	0.01959335757662654	0.02756645421280106	0.026124666344175027	0.06356069906020108	0.04062991203163596	0.0375503709621461	0.004872605890138604	0.05796975016257562	0.03736671069775766	0.007222174164803567	0.04828585742163396	0.010483450582550772	0.008841813868953703	0.0018133483720332206	0.0060746662879276455	0.001503241857902731	0.036650405500358946	0.006336125130442564	0.05114505006240215	0.02175359710705188	0.01498939645928399	0.002400938511374629	0.015497068094610374	0.0046629678968771035	0.014638742427841321	0.005213238834562007	0.016645594192127498	0.0030472578599696244	0.007741884794392614	0.0020374975872385222	0.008864478898088236	0.0009494962969071698	0.010342717172208575	0.004763732950497432	0.021781210474773858	0.0037422514341560954	0.007942824689213224	0.0020608210816568783	0.008092492795020568	0.001015960559921165	0.051834552843511246	0.006135197319064373	0.0209318457490939	0.003378660644175469	0.023884867379152522	0.003681586833648536	0.12398987385486455	0.019778298469234172	0.09670146542419927	0.02140058024208986	0.05549830910025141	0.008539954884862755	0.05991461018300345	0.010093853516767828	0.01568942430052802	0.0023055711905894407	0.004872605890138604	0.00293020920570197	0.00040705661608723536	0.0023438519011528725	0.0002771236049649025	0.020161048377797763	0.003854817367902852	0.015824538938157693	0.004341886078110354	0.011336544372687676	0.0012872477257785458	0.011983009561046086	0.0027143943608969093	4.518637547687162	Dd2_R539T	3.0	False	2
Dd2_R539T_6h_rep2	0.019253856178482492	0.017964326446773864	0.06424300372574775	0.07017097504086826	0.04426895482623174	0.027472155153083898	0.024363692941130725	0.09374432786824025	0.11806686516812266	0.07660188643963009	0.02177351172413068	0.1442481645761306	0.01962618620386439	0.027622165495174517	0.026130975349485473	0.06359981946578644	0.04072170680901198	0.0375744258973545	0.004837880597742946	0.05771512009300665	0.03709349477919855	0.007175460047033194	0.04797043571366504	0.010469329690992022	0.0088072358355286	0.0018094783584053772	0.006050037820289034	0.0014953690207500131	0.036503087121221606	0.006333271802170929	0.05090796894484771	0.02177351172413068	0.014987169126571722	0.002407170020887168	0.015489886631710068	0.004690200118185541	0.01462496342038517	0.00519352005342688	0.016613960896212414	0.003039295548537395	0.007739652740929162	0.0020432713067853824	0.008895282664577304	0.0009479794915725437	0.010356502540818572	0.004790870169731256	0.021823719588390297	0.0037506145100718543	0.007993549666945866	0.002077072027544062	0.008156722389112846	0.0010265120948797185	0.051584242723564724	0.006130877369441926	0.02094194789385325	0.0034217450472774726	0.023942150307313437	0.003680015187861079	0.12431515329177273	0.01993301128435787	0.09660280584657815	0.021464059321544503	0.05562157523580503	0.008621428489942724	0.06003178969262355	0.010139185348244716	0.015655906090205583	0.002308420356568279	0.004837880597742946	0.0029398534352330446	0.0004120841454637233	0.0023522448636291832	0.0002747287129876351	0.020255268145251974	0.0038728114019726105	0.01582092691158584	0.004331137280586047	0.011424175560095621	0.001300661749265235	0.012029705047198025	0.002717612796525016	4.500677360205266	Dd2_R539T	6.0	False	2
Dd2_R539T_24h_rep2	0.019643953158039986	0.017978450666242776	0.06298154525639182	0.0695299304379631	0.04533848585741693	0.027602230118390025	0.024327015900554975	0.09522953104973228	0.11769611019273318	0.07818488257010434	0.02177481955451953	0.1409708139193453	0.019748036881246562	0.027583973928057722	0.02643788374864288	0.06328988190794799	0.04060922101418071	0.03798847967039438	0.0048801807598916735	0.05820457340820387	0.0379268607311578	0.007411625126259127	0.04898618685430917	0.010658288289657205	0.008968777800091957	0.0018469370875663028	0.006202143204512164	0.0015225493339675353	0.03710683805705313	0.006478667208837647	0.05164402578384151	0.02177481955451953	0.015292728201397522	0.002486749601043939	0.015570874230474388	0.004638127637478527	0.014811641643157769	0.005236943552038661	0.016655091178148236	0.0030143825261946438	0.007818521871277727	0.0020286787097015028	0.008979371724223069	0.0009214645760442612	0.010398842921286927	0.004793911599891289	0.021693092150748917	0.0037233743422535838	0.008300596233236085	0.00214588098624667	0.008199612887247134	0.0009978630513100958	0.051935545952078686	0.006269027456125183	0.020866883879410783	0.0034601320211441913	0.023904973479333756	0.003679000448723966	0.12143853760902085	0.019532276310324462	0.0962669510481854	0.021429159144547783	0.05452204346671671	0.00845950178967511	0.05958944331138956	0.009940487126573534	0.01566031061195479	0.002318140054287987	0.0048801807598916735	0.0029184338765941547	0.00039828662807665766	0.0023663433170342846	0.00027528083159494366	0.019722424636621848	0.0038493983717868266	0.01608126183128732	0.004398277264055518	0.011354724527565026	0.0012723233400657326	0.012230454709934944	0.0027447275408243235	4.492334505466519	Dd2_R539T	24.0	False	2
Dd2_R539T_32h_rep2	0.01898275808716956	0.017607530404370884	0.0636022244082755	0.06986637829022668	0.04487688405866553	0.027151270837111625	0.02444073473086987	0.09441775092123704	0.11818024873666891	0.07709947115278805	0.021943974367642307	0.14394420270525043	0.019437412362396676	0.02763434693258795	0.026132153856417577	0.06365378126662788	0.040536029989249295	0.03749440254817851	0.004758823022376216	0.05823962132188973	0.037443773167052254	0.007433110891613275	0.04817822028113339	0.010556703709277394	0.008860213951442725	0.001842487800285137	0.006150112963803529	0.0015117324468458665	0.03667222479620548	0.006467565639274351	0.05127796048575721	0.021943974367642307	0.015011134449683832	0.0024484903594040957	0.015403611611259029	0.004631166127831558	0.014917314388149644	0.0052273820749209245	0.016602523476678958	0.003009088956299566	0.007708726182140852	0.001996134556956189	0.00882952434346795	0.0009030272798316853	0.010344543861284002	0.004775694420701577	0.021701254920887276	0.0037145367863764427	0.007970947563539506	0.0020309471056676677	0.00800386939935469	0.000976994018607693	0.051953795975019736	0.006285825346869992	0.020978257231543493	0.0034624774993263765	0.023949490133322284	0.0036848567992656647	0.1240079911705455	0.019936211534704915	0.0965334284350824	0.021646820301586503	0.055082274900317675	0.008519949507957817	0.05985547492307106	0.010010903367155623	0.015363010473898996	0.002244519930471887	0.004758823022376216	0.0028337247179562467	0.00038798482312827996	0.0023274345658452307	0.0002728495165674471	0.01999426893708961	0.0039032034334891743	0.015952217935455086	0.004357942297465288	0.011127611577662367	0.0012581424897002633	0.012053985561167964	0.0027115312085810293	4.459473820642722	Dd2_R539T	32.0	False	2
Dd2_R539T_48h_rep2	0.019097429910217234	0.01777410230901423	0.06431678652064028	0.07026649248190446	0.04419537832957791	0.027309215965559602	0.024335568539717762	0.09357858031018318	0.1181658713868528	0.07652224457991912	0.021817854083837164	0.1449107960277352	0.019566711708483706	0.02758116567255141	0.026160204296320117	0.06372846158727147	0.04060765767064362	0.03764429247988033	0.004793588437061796	0.057627597702628826	0.03704728217360265	0.007148096155975259	0.04797785310791758	0.010445203877161163	0.008772172593500972	0.001797829943632765	0.006036822511332583	0.0014923625463740486	0.03641835549804857	0.006322177426730729	0.050838047385403894	0.021817854083837164	0.015008808800727176	0.0023874655499568475	0.015575703607056185	0.0046723145221401275	0.014630465715519065	0.005202565569120292	0.016646210966301173	0.003044214222654084	0.0077224726071630535	0.0020234079377340333	0.008888019371285293	0.0009328117923013249	0.010317257866618806	0.004761160711967433	0.021782622909652036	0.003746616182405351	0.00793692839883194	0.002040530562078701	0.008116201074613794	0.0010037698746928007	0.051505634948883536	0.006121962753745289	0.020930511365463242	0.0034050571742545188	0.023904974592889726	0.0036761910796616845	0.12491379382215283	0.019997002205582384	0.09665218215074628	0.021513689236106533	0.0557429621130186	0.008573824407621684	0.06014054893195591	0.010125943549948549	0.015507421948523446	0.0022666803604907853	0.004793588437061796	0.002918000284068554	0.00039824405547644886	0.0023351534745663046	0.00027421282728675095	0.020313627139090296	0.003891377974586553	0.015892575468773238	0.004342018186148821	0.01132852877141043	0.001277681299957536	0.011996668846488695	0.002706337047702943	4.492589861739494	Dd2_R539T	48.0	False	2
Dd2_R539T_0h_rep3	0.01883814427624546	0.01807253502388572	0.0638055817619724	0.06914789730779265	0.04541174187878053	0.027260498011406648	0.02429959310611822	0.09467049684857834	0.11751389274620794	0.07736066958154611	0.02176506640003406	0.14398757015240887	0.019551569669169915	0.027268876664897704	0.026078138558064946	0.06377444150954012	0.04050393918674506	0.03754866868495087	0.004870787211766159	0.05826989141988825	0.038040976298968424	0.00737076557981211	0.04853181784983944	0.010523654962729268	0.008884200324979514	0.0018258367504072467	0.006092553596099069	0.0015026060974915685	0.03685769211885787	0.006384109542621771	0.05142869518709869	0.02176506640003406	0.014984623455225679	0.0023918020915572433	0.015491203467806754	0.0046810396703611985	0.014730836886866053	0.005211424384793932	0.016694979903334642	0.0030701707211235854	0.007768190338713801	0.002031228741139954	0.008808996959986699	0.0009431536293294629	0.010306709500707209	0.004761693404519817	0.021723991042516582	0.0037115452390014472	0.00782318744418057	0.00201679668942524	0.008015764560468984	0.0009823955821706678	0.052121225941144864	0.0061486654787433915	0.02093094505865062	0.0033686480474676016	0.023584080931321045	0.0036847957335766597	0.12429733075284682	0.01969023939956204	0.09614732082531863	0.021366571920889314	0.05532358020960652	0.008482001552365887	0.05914062373615696	0.010007273571635694	0.01578641361066423	0.002286121413221489	0.004870787211766159	0.0029137939455958738	0.0003972807560400778	0.002328431447087858	0.0002734080362439379	0.020205269768603613	0.0038617598448182845	0.015830934834644986	0.0043342895384522115	0.011268779050036398	0.0012715848791988807	0.011953556365611065	0.0027665777165603047	4.499894563400642	Dd2_R539T	0.0	False	3
Dd2_R539T_3h_rep3	0.019020805923882694	0.01785045929271532	0.06420026621548754	0.07028459678891524	0.04435768536554273	0.027233463344875475	0.024324491098695965	0.09384844348571379	0.1179260304774764	0.0766442666831598	0.02184997054304175	0.14477829486648006	0.01956213104509644	0.02751162556227154	0.026123873622524107	0.06364420438089075	0.040582796204140355	0.03772377131350553	0.0047985884641324255	0.057734235321452214	0.03719541675255839	0.007162268612984335	0.04808011247369304	0.010454362649244379	0.00877099839576297	0.0017989383004036175	0.00604917429250567	0.0014906805715501359	0.03654031085910304	0.006315379195798785	0.05099275343081197	0.02184997054304175	0.015066666790233168	0.002391029304895574	0.0155686067910071	0.004697468427369682	0.01463080373468472	0.0051865155226951815	0.01663012172741673	0.00305058431600784	0.007737605532644631	0.0020187706962242285	0.00886509445638764	0.0009406603598399423	0.010294855409237112	0.004745470824247648	0.021792240230617117	0.0037502297400384753	0.007904949570261006	0.002028284119811581	0.008075206277395318	0.0010123659564147884	0.0516240464430311	0.006110188878421115	0.02093375905720796	0.0033907320414880045	0.02383545290727784	0.0036761726549937013	0.12484335464813097	0.019934940218349097	0.09646508253723621	0.021460947940240206	0.05564725058412941	0.008553015631358128	0.06011438503823174	0.010170211750683503	0.015579397704267754	0.002271061588447567	0.0047985884641324255	0.0029047991102140744	0.0003985759012777841	0.0023446552487385243	0.00027402067778649266	0.020263951397629848	0.0038822276824564297	0.01585239598256109	0.004349426701946144	0.011301351846208384	0.001269315098169291	0.011949528172085869	0.002713268228411933	4.494912471054459	Dd2_R539T	3.0	False	3
Dd2_R539T_6h_rep3	0.019156391301163485	0.0178331995247563	0.06438177915708171	0.07053985168138305	0.04412371815110045	0.02738354606371063	0.024317339166577138	0.09362911760216489	0.11789959673951345	0.07641784969353743	0.021861600442883964	0.1447742539804531	0.01962658359710807	0.02753398746651626	0.026151459416578735	0.06361034389694177	0.04062527103494012	0.037810925728895085	0.0047813240833012765	0.057541861271393276	0.03699929720789862	0.007124420943201826	0.047907730812023465	0.010455228228589433	0.008744676965984589	0.0017953930768584167	0.006028836925769655	0.001485983684311881	0.03645859703668233	0.0063146090680797785	0.05085591149740278	0.021861600442883964	0.015100234237373163	0.0023926967082868525	0.015599753673473998	0.004718241109761074	0.01460374673756678	0.0051836990875574794	0.016609377407300473	0.0030514817436178717	0.007752881979299354	0.0020261836343907665	0.008903903411351204	0.0009436145720667467	0.010312661442821202	0.004755068851012437	0.021795096615042836	0.0037624441260636393	0.007970313560256275	0.0020491587252907087	0.008119385553941608	0.0010175334616748938	0.05143919336118804	0.006102667910205238	0.020913244312724535	0.0034040948538526044	0.02384548806519578	0.003688499401320477	0.12478420991130047	0.019990044069152627	0.09637480163585524	0.021524795103658203	0.05577827532606857	0.008603503831013132	0.06030856812715575	0.010231283554227297	0.01555325534123051	0.0022799441835257886	0.0047813240833012765	0.002919901069830032	0.0004013857755222154	0.0023470906407643305	0.00027466379549690253	0.020276485515733703	0.0038855534051654675	0.015861387538858854	0.0043470305961063995	0.01137872704099814	0.0012850956137246518	0.012005510340572487	0.0027142130684153485	4.4773853210559045	Dd2_R539T	6.0	False	3
Dd2_R539T_24h_rep3	0.019172055640028152	0.017774917266902897	0.0633546432405462	0.06981053452703406	0.04513579801844032	0.027243960189034452	0.024359033605544506	0.09500137485466778	0.11782590188856094	0.07767523462864344	0.021883689943912564	0.14291777565954789	0.019454037337195067	0.027477767009282752	0.026333021495012945	0.06332235999109057	0.0403446957305469	0.03792590359555363	0.004767022867949984	0.058220272510505	0.03778764965663527	0.00734814836180506	0.04875187892073988	0.010594727184338794	0.008872016729982208	0.0018149776356161107	0.006141442366836151	0.001500191791130296	0.03699216848931347	0.006436073498088361	0.051573132867265954	0.021883689943912564	0.015268984211799702	0.0024560612325525873	0.01555451128815406	0.004646346863047284	0.0147832194295394	0.00519589457349566	0.01660459696445417	0.003006468708042661	0.007696798068018068	0.0019810135554504736	0.008872008628021035	0.0009042170857054918	0.010307224388260792	0.004744534381728004	0.02157153881384328	0.003721398146714819	0.008104638660716383	0.0020636894305516747	0.008031148019245905	0.0009725795295141859	0.051996857065767614	0.006223415444737387	0.020913485006634813	0.0034455485989096928	0.023799388121071324	0.0036783788882114267	0.12320823982040555	0.01970953583914233	0.09629482021568816	0.02153108167287278	0.05492173597900933	0.008432907261536868	0.059801127564561594	0.010009406962472463	0.015522509594119332	0.0022524076727835638	0.004767022867949984	0.002872421899440884	0.00038589017777570676	0.002340809891984954	0.00027296572369023004	0.019861699636974223	0.003870480678584449	0.016057302138606105	0.004403631663515066	0.011207063066526995	0.0012437244281292823	0.012076486115109872	0.002716686579268302	4.472363334026593	Dd2_R539T	24.0	False	3
Dd2_R539T_32h_rep3	0.018948864174158704	0.017640173087631474	0.06335189314219618	0.06957117619315777	0.04519973613812328	0.02708692695916883	0.02447137541137385	0.09458354767165648	0.11779576608400825	0.07731605436332964	0.02202454324439832	0.143658253114317	0.019451661142411023	0.027586219661803586	0.02600617504478006	0.06389054511947873	0.04059131549733626	0.037520352208355714	0.004788522630748532	0.058516899111566205	0.03768076191449217	0.007518974223631108	0.04823727406482788	0.010618145752112383	0.00891379262099234	0.0018565199388954365	0.0061700142406551205	0.0015203077458464764	0.03668380079250745	0.006467817589237564	0.05143192928991147	0.02202454324439832	0.015013890036340198	0.0024521373118002896	0.01541095443086313	0.004643370429352094	0.01502956313792728	0.005259540128043622	0.016670483913494523	0.0030195522292320856	0.007749682048755959	0.001994738377297341	0.008805358358454812	0.0009018823579029076	0.010378648706564813	0.004769798377881447	0.021728068648873472	0.0037147997640165284	0.007945565041086634	0.0020131431633235073	0.008014259725147854	0.0009758962446007079	0.05216966537572919	0.006347233735837015	0.021004494838962447	0.003466880572411404	0.023907388243080058	0.0036788314187235272	0.12374376651137146	0.019914486602945553	0.09618998561398562	0.021605780470022633	0.054854018851394924	0.008497874290801259	0.059557803499816125	0.010013372693341635	0.015387533856737311	0.0022526392308941617	0.004788522630748532	0.0028302491127639813	0.0003870505593667449	0.002323743203186704	0.0002704146457270849	0.01999121815741327	0.0039201875533679395	0.015858079826022452	0.004336637697713093	0.011069566835022384	0.0012526642552221573	0.012040755064583923	0.0027239408043403615	4.4520486426049874	Dd2_R539T	32.0	False	3
Dd2_R539T_48h_rep3	0.0191348398863335	0.017830430501441667	0.06406910014888581	0.07021899225409323	0.04448811007661315	0.027364789472502146	0.024290002528552734	0.09381521731734446	0.11768947999779963	0.07681457177869842	0.021906268815281103	0.14427143358527375	0.01961958089781848	0.027466904599437084	0.026197123626641873	0.0637974566953374	0.040618878094391145	0.03786948003329227	0.004817383310518654	0.0577199563797436	0.03728943987163063	0.0071986702049825204	0.04815520079714822	0.010506337828266342	0.008810207250206032	0.0018015855776252485	0.00604433711838292	0.0014969032070696598	0.036528481896077276	0.006330306611976999	0.05095642880929019	0.021906268815281103	0.015134376206394795	0.0024063102563346276	0.01563501325037954	0.0046937803201833085	0.014677636804892053	0.005210106004741839	0.016688562451370525	0.0030546951856155733	0.0077581549373561915	0.0020195100501850037	0.008907749342331869	0.0009341665679454172	0.010320196865671543	0.00476297619835244	0.02178771690001242	0.0037479881303547386	0.00796737934995717	0.0020440288176419258	0.008118546215754424	0.0010048855029799793	0.051584096706406825	0.006135859673336778	0.020888288853105546	0.0034017136754471897	0.02378645335664795	0.0036804512427891355	0.12436402904600055	0.019907404539273192	0.09619712304233602	0.021492356955463608	0.05553517359466555	0.008533926554220259	0.060036143551286496	0.010182848702806726	0.015553882506298843	0.0022765479951428243	0.004817383310518654	0.0029198018460520666	0.00039555436999033405	0.0023452326953263087	0.0002712905046496033	0.02027274612320154	0.0038937101255158706	0.01590761289399331	0.00435763131663025	0.011318505771155656	0.001277654849572016	0.012047560147419683	0.0027210687043547903	4.475875923784226	Dd2_R539T	48.0	False	3
Dd2_R539T_3h_DHA_rep1	0.018381182436434364	0.017906420071100153	0.06389580191488368	0.07093463530202966	0.04443753801742074	0.02640414535557465	0.024350675282887698	0.09485943990122826	0.1199969264238189	0.07675710115956394	0.021645549874989685	0.14393517890974744	0.01923518195177388	0.02769274426055156	0.026065443664272808	0.06304796926403998	0.04040503786403048	0.03701289660745427	0.0047498860467237915	0.058286245691473906	0.037192160567126084	0.007245377450294653	0.047838644148456344	0.010471233366618874	0.008860769515779146	0.001843369674076549	0.006193975827470362	0.001549108627162682	0.03668203873959695	0.006415006151052823	0.051762395010578485	0.021645549874989685	0.01470279536865188	0.002406626787675362	0.015289293627668834	0.004614180823458191	0.014645069390616059	0.005202944250601234	0.016479099504140088	0.0030066339667692123	0.00767365823459916	0.001999942695495922	0.00863771379887829	0.0009238672228005073	0.010226772289367308	0.004672901302010754	0.02179660998092403	0.003708754291728384	0.007616196643287582	0.0019604221669652223	0.007801019676543169	0.0010035439496383896	0.052038940651215275	0.006247305040258634	0.02097206046994253	0.0033786148129451685	0.023989291851841087	0.0037034524087104733	0.12402083678395323	0.019914342125794224	0.09827233820344468	0.021724588220374215	0.05528754689238791	0.008608255022495782	0.06069033878860751	0.010244296513422147	0.015596914221464326	0.0023095058496358273	0.0047498860467237915	0.0028548368332927416	0.00040126560722491124	0.0023488854193774527	0.0002735621523362686	0.01984656981786651	0.0038676523340468723	0.015736422130461416	0.004450471521580016	0.010760333620843792	0.0012622831059533482	0.011660161801130987	0.0027213668276465227	4.5235535516977405	Dd2_R539T	3.0	True	1
Dd2_R539T_6h_DHA_rep1	0.018709764289592517	0.017648108566447315	0.0645679328878476	0.07118080496816893	0.043923158746665684	0.027004777223532228	0.024283438301452107	0.0935752098169789	0.11866288760972918	0.07625523796093937	0.02187102218252943	0.1452495952135424	0.01938556180506449	0.02753608069308242	0.026218973857989363	0.06361533135058965	0.04041368774786981	0.03751456820509546	0.0047562970989755374	0.05762756147390792	0.036833949888773226	0.007089208857892456	0.04780952500223786	0.010403805903914362	0.008723288685548362	0.001778534538636979	0.0060419208542250875	0.0014981629763767285	0.036393699731479226	0.006293988802571578	0.050887521282928096	0.02187102218252943	0.01495312031897089	0.002378817739131881	0.015512291908082338	0.0046703382389103555	0.014614794060699973	0.005166481285072685	0.016583629452106466	0.0030371541129465248	0.007679251394735902	0.001981627657659405	0.008799807472344726	0.0009248752803244556	0.01027707572080537	0.004682702489393906	0.02172552266219509	0.0037283868754754397	0.00777229565249913	0.0019677329925520634	0.007969858801473474	0.000999876843067852	0.051539011576675245	0.006088549897232675	0.020920738540550807	0.003362699760901302	0.023837437336603054	0.003698643356479366	0.1253044965753851	0.019945098638157303	0.0970120263108192	0.021650861298909977	0.0560221985950207	0.0085457342928269	0.060862932060093605	0.010317872908075332	0.015412346784752092	0.002235761781695225	0.0047562970989755374	0.0028838741533932003	0.0003909934300497808	0.002347104283398493	0.00026987748712302526	0.02031568544193645	0.0038975869978275486	0.01592604295700911	0.004401081547015756	0.01115322364084206	0.0012477931246204197	0.01189131152784305	0.002712448930226698	4.480746745890581	Dd2_R539T	6.0	True	1
Dd2_R539T_24h_DHA_rep1	0.01892973436363982	0.01777335369838815	0.06387637034503749	0.07073056627481107	0.04429872464424771	0.027137572644850953	0.024398465422563197	0.09433393729498817	0.1188404936640083	0.0768525336693001	0.021771092371093006	0.14349768032374036	0.01954526848223459	0.0275996479040559	0.026211299716614102	0.06341031474951953	0.04054772602966805	0.03752657956375525	0.004817426970764492	0.057901211866719954	0.03710965314569747	0.00718907149855024	0.04814569842844043	0.010446590728229989	0.008827913536865432	0.001821677217618861	0.00611583634814055	0.0014948174100048476	0.03663717829648113	0.006373699432430757	0.05132305956607628	0.021771092371093006	0.014985694120622908	0.002418360587554163	0.015493876780950244	0.004628648074627932	0.014723938393630245	0.0051711902129551865	0.016629411018351196	0.002998023137483775	0.007760136668904245	0.001998838206509087	0.008859623146591987	0.0009266704602292704	0.010325135674536464	0.004717554306708934	0.02179051452842581	0.003714521519996843	0.00787671399164873	0.0020162940842994624	0.008039794760997275	0.0009969315266943493	0.05174031367350764	0.006160898193212312	0.02099099137910807	0.003407474043455129	0.02391432832466887	0.003685319579387031	0.12370618575770996	0.019791494566030392	0.09725279671675552	0.02158769694725278	0.055367863669477345	0.008508506675560149	0.06053696296469154	0.010193603310119531	0.015506489683809382	0.002266864014578769	0.004817426970764492	0.0028882638043260934	0.00039489211296623737	0.002341607915522314	0.00027048390206229256	0.020010095825077966	0.00387765616202116	0.015916119171402416	0.004399932810334751	0.011134356046968176	0.0012584005543082397	0.012000855663335265	0.0027439603802392695	4.505010282216871	Dd2_R539T	24.0	True	1
Dd2_R539T_32h_DHA_rep1	0.018828228781343426	0.017788847426487474	0.06355526305532597	0.07017558454805606	0.04495811905262985	0.027006823485717393	0.02439044296739842	0.09496455744231495	0.11874209368274036	0.07746674162020815	0.021752919290910045	0.1429518700337889	0.0194640431486682	0.027553091602925257	0.02620744047185488	0.0632416233795792	0.04033504343684269	0.037492802780823405	0.0047998391796894215	0.05832462461269594	0.037624575390617185	0.007333543662012663	0.04848590973856892	0.010546007600959702	0.008900262542738234	0.0018429378006813869	0.0061773453468321965	0.0015142785904277182	0.03686556510843143	0.006437843502882778	0.051661148831000744	0.021752919290910045	0.015007842804306755	0.0024364782473720757	0.015427272012051218	0.004621209717093359	0.01476496105403734	0.005187754134894042	0.01655670320641972	0.002999158287475831	0.007731958623228738	0.002002061421057504	0.008811727941141531	0.0009182951632404256	0.010252822153206064	0.004725123220159377	0.021651517713289225	0.0037055803501880153	0.00787730302801415	0.002023136491852348	0.007948601136206115	0.0009791881252708139	0.05209441296957045	0.006230211643125489	0.020970888409126674	0.0034195545582717474	0.023864361224737958	0.0036887303781872978	0.12322945696625429	0.0197224130675346	0.09713989675558421	0.021602196927156148	0.055063886207876965	0.008491376847449002	0.060075676923168356	0.010099907624887708	0.015524859220441445	0.002263988206046029	0.0047998391796894215	0.0028660172692366757	0.0003921111067196231	0.0023403968967877797	0.0002724870029508761	0.01986586894041969	0.003867177756332582	0.0159286264220198	0.004407801774140126	0.011045481067758874	0.0012586786204333686	0.011963411831488583	0.0027392519660365657	4.49676007876169	Dd2_R539T	32.0	True	1
Dd2_R539T_48h_DHA_rep1	0.019096623048569475	0.01771324608244658	0.06389056465972241	0.07042740378394777	0.04453733527846015	0.027347724962725167	0.024314386166090995	0.09380499850006471	0.11784182078612894	0.07697358713294383	0.02191624653583763	0.1436512552327307	0.019628514931456464	0.027595163521981093	0.02620471258718951	0.064014669816601	0.040677415865210585	0.03776485714868051	0.004831811232801436	0.05776766272641107	0.037240701223880235	0.007296634054579912	0.04820919140646547	0.010503823209039092	0.008842962638750928	0.001823292026391396	0.006083318116553487	0.0015109997357434573	0.03647845157011958	0.006369386250532726	0.0509571606794124	0.02191624653583763	0.015079650434134622	0.0024176859043003552	0.015600702969801731	0.004666817840443805	0.014859822800263203	0.005226872081508549	0.016735791278835673	0.003032278571182009	0.0077886685991351125	0.002010732127010407	0.008904650334560204	0.0009244638707507378	0.010395605777448623	0.0047580762928100834	0.02179554283291629	0.003728190962035592	0.007950114783301217	0.0020303813505883686	0.008117886305194652	0.0009982406094852362	0.051578863073959744	0.006188799652451321	0.02090496867970795	0.0034094174863830476	0.023908431041636747	0.0036867324803443458	0.12378910602129761	0.019862149211433092	0.0963132649032243	0.021528555882904643	0.05536180010618432	0.008528764553538092	0.060261633857464955	0.010165769926482816	0.015451156017476724	0.0022620900649698568	0.004831811232801436	0.0028946190920360283	0.00039524900893140913	0.0023355603033657015	0.0002657456190771321	0.020238917415898592	0.003920987668912988	0.015967599505005512	0.004345939058773727	0.01123052862846346	0.0012675519553783125	0.012095616443527461	0.0027540279353559342	4.47374479863299	Dd2_R539T	48.0	True	1
Dd2_R539T_3h_DHA_rep2	0.01900375995095772	0.017975849908865495	0.06392787783536039	0.07018486025010409	0.0445846323484019	0.027151813436538427	0.02426951786446635	0.09429628406860921	0.11839542716852766	0.07715119424984351	0.021761643617679752	0.1435542679709753	0.019601527246563295	0.027607962684280514	0.02618334367288127	0.06353326955395154	0.04062003967777618	0.03738764205873783	0.004888457072132049	0.057920629363347395	0.037351049036349594	0.0072335833120523	0.048293732754432155	0.010485447682353289	0.008882568089939886	0.0018254960463831525	0.006134915835952917	0.0015290338407821075	0.0366755249589014	0.006353283565246565	0.05126747554446125	0.021761643617679752	0.014923025369549993	0.0024099570744081375	0.015417711774898228	0.004636947839881471	0.014647502510002526	0.005227516536367598	0.0166473467053464	0.0030421247000470427	0.007776409310917845	0.0020424029018342752	0.008835668831792012	0.0009470462020191634	0.010336658400592023	0.004742190980472486	0.021805146941608497	0.0037360433551031787	0.007879870747742037	0.002037448424526286	0.008066197244546974	0.0010202435341424253	0.051773771832635644	0.0061468575307117475	0.020909567284922933	0.0033599505795434185	0.023915756132077026	0.0036922065522034878	0.12382148628300076	0.019732781687974564	0.09697059783371573	0.02142482933481194	0.05536347769154387	0.008564400143816521	0.06008370312976135	0.01010115712034274	0.015663063123132207	0.0023127867857332886	0.004888457072132049	0.0029098311431324997	0.00040456496155231395	0.0023603147697786936	0.00027144962365602905	0.020108970289721653	0.0038598088124663227	0.015866736697326668	0.004370446477435063	0.01119359203180987	0.0012818657141871954	0.011948020704603102	0.0027283349859382605	4.526084960506729	Dd2_R539T	3.0	True	2
Dd2_R539T_6h_DHA_rep2	0.018909845269479357	0.017856016295231827	0.06412091451278207	0.0704050060649704	0.04432723549752391	0.027041613854217626	0.024344296005509528	0.09411081509582164	0.11860860174493938	0.0767474195423003	0.021766520199056692	0.14435434672312628	0.019482785022223663	0.027652619730989803	0.02612295495758886	0.06349899289902937	0.04061356200375898	0.037287893504891235	0.004831198411318128	0.05791736266524081	0.03713719271830947	0.007190042779214446	0.048010488064438264	0.010456214394512548	0.00884354849281878	0.0018147561501055329	0.006104774801018537	0.001517637639406621	0.03657594809109066	0.006348902653320168	0.051185964351410825	0.021766520199056692	0.014865620686436678	0.00239940876426428	0.015392915089488982	0.004629948964701293	0.01462271407277369	0.0052046360372523335	0.016632191773559072	0.0030343274917824913	0.007721348499424292	0.0020247338504480726	0.008798016796784427	0.0009386858755668705	0.010314256933158985	0.004738107777076678	0.021827439210266093	0.003733758083257219	0.007838314069229024	0.002021543144505246	0.008035814948394044	0.0010141731073510449	0.05177254086784249	0.0061448217973983175	0.020972261167787075	0.0033720348377224525	0.023954879450181585	0.003697740280808219	0.12449927237876142	0.01985507434436486	0.09713582300310086	0.02147277874183852	0.05554719625145274	0.008573718261329326	0.06027930257773144	0.010125703487238956	0.015569850556504257	0.00228616573872757	0.004831198411318128	0.002907149423928747	0.00040050972681775394	0.0023528212964084327	0.000270942853314765	0.020135363228967005	0.003869760294694777	0.015822797333093216	0.004368734324025944	0.011154804947133171	0.0012736067884749405	0.011903692680190384	0.002709509438419134	4.523672700722106	Dd2_R539T	6.0	True	2
Dd2_R539T_24h_DHA_rep2	0.019079132663540103	0.017896511708444043	0.0634656615449069	0.07041983543352832	0.04455466745924732	0.027166316383187977	0.024387622492710082	0.0946018303627845	0.1189628368162317	0.07722702719373882	0.021711217183059767	0.14252187716265366	0.019712619245995818	0.02771172474058026	0.026235294858173788	0.06336765749389014	0.040709225399372564	0.03737765103751409	0.00487705076204468	0.058014240058395714	0.03727760595304831	0.007277061506199008	0.048238844928813106	0.010495736623419601	0.008933863305418274	0.001851651854339955	0.006183486030585186	0.0015234444511627021	0.03671243813396136	0.006417166800890048	0.051472225427933074	0.021711217183059767	0.014930682771010471	0.0024385334902851993	0.015412665566812863	0.0045957692094055445	0.014731853580207274	0.005224069111661436	0.0166869555714505	0.003008492031920497	0.007832022581991354	0.0020370092893488368	0.008909227182698664	0.0009343601919569626	0.01035583456807518	0.004736907394770623	0.021896970301541738	0.003719513134985022	0.00793425490299942	0.002044185392627511	0.008091745240521055	0.0010089471273921173	0.05178854823204119	0.0062256918263545215	0.020982028611787752	0.0034055938809223313	0.02401773961736904	0.003693985123211219	0.12282665565204687	0.01969522151060679	0.09745529277363565	0.02150754404259604	0.05494640025353866	0.00851926129136825	0.06031550347992669	0.01010433195360164	0.015584792265735102	0.002311719442708941	0.00487705076204468	0.0029063260383282484	0.0004010404258355776	0.00235098826430178	0.00027066948336924087	0.01984693262642435	0.003869354572226087	0.015899350775010448	0.004406919871328494	0.011112164395295273	0.0012796335863457316	0.012028390013306233	0.002746128388240737	4.531214376714694	Dd2_R539T	24.0	True	2
Dd2_R539T_32h_DHA_rep2	0.019128177620621113	0.017990402182902394	0.06300172385131705	0.07009013863372843	0.0451717504777975	0.027174469533875617	0.02435865424073818	0.09536401608042697	0.11882343987024038	0.07802111090739615	0.02164443773143305	0.14093501033578149	0.01979083591425547	0.027669719691964387	0.026342180012314642	0.06318915975675586	0.040621635593953896	0.03748308288989319	0.004922315634286212	0.058277739040318036	0.037764364103820086	0.007407386373977411	0.04866281690636388	0.010614965255109488	0.009027224700678632	0.0018788696660826873	0.006278377340693869	0.0015588570384676061	0.03698567152306055	0.00648129036796234	0.05189705418940408	0.02164443773143305	0.015025441429140321	0.002469558614909267	0.01539769329120741	0.00459038955463619	0.014779381176325497	0.005249571253690756	0.016642754830198298	0.0030044833941009833	0.007878938715433069	0.00205253343835858	0.008923235562519085	0.0009361281979447362	0.010329945363216363	0.004750619492190031	0.021824647261957694	0.0037164234765898027	0.008002800103663535	0.0020749641737951943	0.008050513987042441	0.0009998993561199448	0.05197350999018146	0.006304229050136574	0.020935854997670877	0.003422799243067305	0.023964823348567903	0.0037048963433964836	0.12142785390812712	0.019507156427654358	0.0973182221853561	0.021505217684884285	0.05452064783263825	0.008481076018678809	0.06002885078094586	0.010061287852782574	0.015658901592460934	0.0023315005904414586	0.004922315634286212	0.0028934446730645076	0.0004015790126601262	0.002364821416251678	0.00027454284052394885	0.019647279335307865	0.0038656897671324646	0.015966313556819475	0.004441478512994904	0.011040105593483906	0.0012877042131903605	0.012084352645405796	0.002762307081795554	4.5253307179382665	Dd2_R539T	32.0	True	2
Dd2_R539T_48h_DHA_rep2	0.019160746807194994	0.017903506629932016	0.06328690912507844	0.07036095959653114	0.04500261325545682	0.0272025947324879	0.024293354438062662	0.09464512579975337	0.11867084636402148	0.07767168790571198	0.02171944768463931	0.14137736203698853	0.019794843058928934	0.027743642507083624	0.026261527991480293	0.06365484881998519	0.040757896974904395	0.03754397214708435	0.004921693560965365	0.05802642056370913	0.03755980432674824	0.007442808928708581	0.048366107245176315	0.010610751703624126	0.009024255682158477	0.001880533281011785	0.006230529981251933	0.001559510012489327	0.036717401631528875	0.006460306606565156	0.05146741756165934	0.02171944768463931	0.01501611332247043	0.002459004412834109	0.015445981073794995	0.004622873337984816	0.014853422153426707	0.005268914424291166	0.016728224617145487	0.0030236209181925652	0.0078769783125664	0.002060135196021377	0.00891921366938912	0.0009385158809520391	0.010398595123918712	0.004771270849513817	0.021865332210870978	0.0037226987906008873	0.007964965003629263	0.0020672833521163453	0.008119948841440969	0.0010085496100084189	0.05171548512164955	0.006310935442059578	0.020858955236868666	0.0034343992011939967	0.024036863426214104	0.0037067790808695215	0.12170116675675322	0.019676195280235308	0.09710506638027197	0.0215657799837495	0.05469931071753546	0.00858759840754297	0.060220579056169406	0.010140380540361737	0.015576461452013251	0.002327045177918764	0.004921693560965365	0.0029019388144452193	0.00040625052333564666	0.002359292309906518	0.00027246578812370974	0.01987284436632836	0.003907822340600905	0.01593960220915423	0.004381978346514971	0.011058884454128382	0.0012942875844086485	0.012085626055380308	0.0027637966385705617	4.502738433455397	Dd2_R539T	48.0	True	2
Dd2_R539T_3h_DHA_rep3	0.018961772233083304	0.01777256170176575	0.06448914510019713	0.07063754276945342	0.044067836496990635	0.02721766909038618	0.02429719079403526	0.09353574006395976	0.11816354475539258	0.07641096622745512	0.02185894078352333	0.14504649353195326	0.01953295356477354	0.027554980985941845	0.026183539663613677	0.06371610219202328	0.04061035308693594	0.0375680120422111	0.004806027697352464	0.05756862721895242	0.036962607415584485	0.007105229081406151	0.04791861955697176	0.010427920174513898	0.008743808168151816	0.0017907172664936297	0.00603908136167847	0.0014908196996455537	0.03640994537112944	0.006286904489233771	0.05083889020359656	0.02185894078352333	0.014978431167347721	0.002374604555688464	0.015523322483605962	0.004691653835568953	0.014601246312779505	0.005177670731183603	0.01663655551641485	0.003046578482894836	0.007721491547197328	0.002014861949867968	0.008854502093344218	0.0009420979743640271	0.010303760202558524	0.004738088371489708	0.021820300802986862	0.0037482037099008433	0.007863174385640614	0.0020123489466173875	0.008067140373612145	0.0010191085272131593	0.05148835252426349	0.006080274694688935	0.02091111057162263	0.0033860802224126288	0.023867228198489333	0.0036877527874525106	0.12510142781090833	0.019945065721044937	0.09664679691467092	0.021516747840721658	0.055912017494326706	0.008577127605870418	0.06041334556246755	0.010224197206985862	0.015503866043564258	0.0022686956582014905	0.004806027697352464	0.0029115108777030786	0.000398930578057157	0.0023546135328327243	0.00027441934520594367	0.02035618230347783	0.0038978688452726527	0.01587892378529252	0.00436514154452225	0.01129885263679344	0.0012658308267930953	0.011935445075664936	0.002717540551134707	4.491700959183126	Dd2_R539T	3.0	True	3
Dd2_R539T_6h_DHA_rep3	0.01899498232423528	0.01768196017096962	0.06461748799382629	0.07077203513758774	0.04397448513761065	0.027276571719264696	0.024304845751284877	0.09329213317180535	0.11809028594812018	0.07632586093550461	0.021862325780465736	0.14519697967912576	0.019511831464990543	0.027538561211149143	0.026198206058725686	0.0638338063124309	0.0405873430777339	0.037643119273849175	0.004797581076899488	0.05749959777442051	0.03688730991038375	0.007087175227226903	0.047931594947056164	0.010400703207108277	0.008719933082054437	0.0017750251995519394	0.0060183939527321305	0.00148021054700166	0.03638398638431838	0.006269441491835359	0.050638705295651606	0.021862325780465736	0.015034418521371214	0.0023769354564541195	0.015563965692106845	0.004667799603917001	0.014621896106613722	0.005187571747575609	0.01666582188953296	0.0030532447526557503	0.007697223593262451	0.002002337334445888	0.008876067714889963	0.0009362028223922406	0.010298341987540333	0.004739560720132995	0.021809612878481138	0.0037398274915794332	0.007876877803123657	0.0020066058610167265	0.008099516678077439	0.0010119819820174588	0.05144058707071768	0.006059010703702833	0.020932436471459422	0.0033724092798254547	0.02384955715646664	0.0036890040546825034	0.1252604862185555	0.019936493460570262	0.09660144780215632	0.021488838145963855	0.05606763292547384	0.008549855068352446	0.06054319349015006	0.010228841647437682	0.015442534221901864	0.0022394259490677564	0.004797581076899488	0.002908651985196246	0.00039266823632618235	0.0023481296334547934	0.00026991678519959326	0.020403235700453503	0.0039020361155993524	0.015923591006308323	0.004355248412240547	0.011324731168409057	0.0012572813652499842	0.011979125502135759	0.0027154336834698954	4.495424422017926	Dd2_R539T	6.0	True	3
Dd2_R539T_24h_DHA_rep3	0.01933701532584008	0.01779255631214361	0.06393514374649055	0.07051697302479375	0.0441579253091247	0.027574749947315756	0.024380437474397294	0.09370395818308737	0.11810035446556319	0.07669203312409213	0.021837294410764534	0.14357786953775728	0.01974814892903268	0.02763699642924795	0.026253083013531492	0.06375539921029125	0.040811179375986883	0.03776992034000967	0.004856366181093357	0.057562595659436534	0.036996444730100275	0.0071614805790244235	0.04805400756908101	0.010458435209397146	0.008811899388547213	0.0018098225828891254	0.006073765941318789	0.001484102432858828	0.036503424898134004	0.006337479002419522	0.05086305428253384	0.021837294410764534	0.015106631084430734	0.0024252098580103596	0.015568312780575338	0.004669766616993237	0.014744411040187122	0.005186364427292134	0.01672198791732697	0.0030250923033761506	0.007805803753859791	0.0020263762216149563	0.008977832775758435	0.0009381361777994996	0.010405494112414525	0.004767449705687558	0.021899045692784037	0.0037391898651007575	0.008050378651064373	0.002059087829055118	0.008206682728697427	0.0010208661170231614	0.0514342163609294	0.006128379298507134	0.020952242142066715	0.003428195332330579	0.02395284214470093	0.003684154284547019	0.12373482493203633	0.01984304460572096	0.09661204838044	0.02148830608512318	0.055406975870497026	0.008528167875993522	0.060356630946176	0.010160342078617749	0.01551024124665873	0.0022823150654848823	0.004856366181093357	0.0029252618331618244	0.0003968428651488246	0.0023540220425183897	0.0002712147319198764	0.02017557939493207	0.003901964127176811	0.015936563929582207	0.00436917761120037	0.011381896215612733	0.0012785908447219359	0.012159043288500905	0.00275521959848018	4.4960290493686985	Dd2_R539T	24.0	True	3
Dd2_R539T_32h_DHA_rep3	0.019260136836392733	0.01784495110076799	0.06342169758915227	0.0700376559572313	0.04491610875628658	0.027407039050901725	0.024364581211143408	0.09461601604774236	0.11820716529393357	0.07755807685453965	0.021782306521441835	0.14213669451883057	0.019733095422662276	0.02761663239737068	0.02635313619969893	0.0634742439277847	0.04063913091166293	0.03775739629724217	0.004881448459480205	0.05799248664573387	0.037579879888715445	0.007336228867571131	0.048536527848198834	0.010565478256402609	0.008923546667844368	0.0018398491528913358	0.006173741808617831	0.0015189331205846728	0.03683001425053566	0.006419657729907674	0.05136634406729902	0.021782306521441835	0.015155155145277053	0.0024556710081059595	0.015505069230742302	0.00464150091311685	0.01478109465834619	0.005218081589227284	0.016659646405893624	0.0030129254517657035	0.007811527580400769	0.0020330389671398136	0.008956655291672878	0.0009318735834488183	0.010354135741370046	0.0047715205966244725	0.021783484348729724	0.0037299902249386878	0.008059233911453237	0.0020769825363356627	0.0081224504911186	0.0010014698974852322	0.05177735622589219	0.0062151304198416815	0.020931620952603976	0.0034329602585394326	0.023919994754254683	0.003696637643115996	0.12248294322208073	0.019653751296749844	0.09671091737139223	0.021496247922541352	0.05493461774351178	0.008487079845640493	0.05995682505950209	0.010080830897729213	0.015549878950541829	0.002295072150226161	0.004881448459480205	0.002905709203093158	0.00039690398992136915	0.0023548713377192286	0.00027222919920889745	0.019919767214086708	0.003882728608465187	0.016020641603014623	0.0044027808667416535	0.011231368051704469	0.0012768741702372773	0.012140124090504982	0.002758672738455	4.498967341643814	Dd2_R539T	32.0	True	3
Dd2_R539T_48h_DHA_rep3	0.019398237113602973	0.01772420648867963	0.06388704244552063	0.07027275327666269	0.04451541574764583	0.02762791080750485	0.024287986803978673	0.09354348860163374	0.11744895563773555	0.07697606508151578	0.02193519754470852	0.1432164764905262	0.019797844250676433	0.027637281969137215	0.02624233163808408	0.06421707103246281	0.04087405049187481	0.0379096266455524	0.004875854719401459	0.0576122032130957	0.037207264888585716	0.007308150859060112	0.04814913761057727	0.01053980773087489	0.008872566705429989	0.0018300416888902846	0.006076571986665463	0.0015079393590778744	0.0364427724480586	0.006358374261037681	0.05074234189253746	0.02193519754470852	0.015164226441668587	0.0024348359050047237	0.015626258578940917	0.004684305719938174	0.014882483783219961	0.005248560684341492	0.01681273289908848	0.0030477211299208594	0.007830531152071921	0.0020356234131469263	0.008997087123614095	0.0009346025618434869	0.010457595237418597	0.00479724192565811	0.02187500353726956	0.003744209791528542	0.00807544896156299	0.0020653536730802138	0.008240460627481051	0.001016973851478718	0.05142439438937065	0.006187808823725051	0.020860097007320517	0.0034278897966581578	0.023951777299911672	0.003685504669225542	0.12337060722146838	0.019845869269057837	0.09599706673370578	0.021451888904029773	0.05532942763356483	0.008557614811955792	0.060123465319250925	0.010149287957411764	0.015441311186944067	0.002282895301735562	0.004875854719401459	0.002921144286341823	0.00039817206329308537	0.0023498310511415885	0.00026779444170985784	0.020287598244483115	0.003937974291408903	0.01597527691294126	0.004330112882656467	0.011374045335399706	0.0012777735872038854	0.012214767601683659	0.0027613242832176003	4.474993655019003	Dd2_R539T	48.0	True	3
Dd2_C580Y_0h_rep1	0.019161054896797303	0.017595300002976617	0.06427799905491136	0.07063900100594828	0.044510067096373444	0.02757756640110767	0.024215546353305265	0.0933299474410061	0.11782478551534589	0.0768055612897317	0.021841133397565674	0.14372957380213364	0.019638866280963025	0.027518758547916532	0.026364888303455014	0.06407133581596783	0.04063297568692526	0.03795450713529575	0.004822223514590736	0.057488908457682945	0.03723458219601056	0.00727548490036289	0.04824151534884688	0.010487177301799357	0.008736279727378319	0.001802133549177466	0.006060818951161125	0.0014776364113685506	0.03637877070796004	0.006314371660821019	0.05063680507222504	0.021841133397565674	0.015165531451984135	0.0024144711952010026	0.015689692353836396	0.0046848121342742185	0.014767157277374753	0.005199765083425874	0.01671358432023439	0.0030459604731376514	0.007742797567005817	0.0020225443029097488	0.008945867098684059	0.0009276573123634024	0.01035119499548365	0.004791797541762875	0.021762578165285564	0.0037274049843931717	0.007979380025963866	0.0020399753806071646	0.008149060296173068	0.0009926391940532026	0.0513552749705928	0.006133633487090144	0.02081340022236198	0.0034021461309432844	0.02384315061464737	0.0036756079332691607	0.12391199180553152	0.01981758199660212	0.09622673722736176	0.021598048287984138	0.05574851017402701	0.00852948888088434	0.06045442370006316	0.010184577305885114	0.015385411025908586	0.0022098889770680303	0.004822223514590736	0.00289500585169656	0.0003888493450782731	0.0023336941854386686	0.0002744804652210911	0.020411089213508	0.003933779448287163	0.016119763317621463	0.004353095138398961	0.011409073278645163	0.0012698310111075974	0.01217113249399071	0.0027275296173641978	4.455344109999817	Dd2_C580Y	0.0	False	1
Dd2_C580Y_3h_rep1	0.01839685105341208	0.017733068806986788	0.06398633388517584	0.07109484976562035	0.04450410493865659	0.026520108587173293	0.02429591226104055	0.09467258815155981	0.12003737388307834	0.07677351579050735	0.02167900849246048	0.14392925093883613	0.01919519109152518	0.02762997841515759	0.026102252640659036	0.06312716987660519	0.04024399789650874	0.03717034435086359	0.004724408172114402	0.05818369100205861	0.037231871693522836	0.007272233245133758	0.04789661660405761	0.010495498387851352	0.008854577473484717	0.0018357272637476256	0.006156299432629511	0.001534796628736542	0.03664222800546907	0.006413740437781968	0.051616619708308775	0.02167900849246048	0.014790771187068551	0.00240566517618932	0.01534419216737714	0.00462971582022858	0.014616950313939656	0.005204091887261578	0.01648803428851694	0.003004517505872127	0.0076375875223254185	0.0019945040051666217	0.008645541907103869	0.0009175576569292698	0.010188026758998187	0.004681308465310682	0.021665489942549857	0.0037091727296500124	0.0076254706208132815	0.0019723313029748443	0.007810690986143117	0.0009883581434808352	0.05193591845770662	0.006247772544351991	0.020901777427309382	0.0033941348337311666	0.02393671643915499	0.0036932619760025967	0.12405340570067723	0.01987584523815889	0.09823975024762888	0.021797623635449452	0.05538652422427791	0.008599809660897932	0.06082683571444182	0.010268014051178526	0.015476802362462344	0.002256266444524444	0.004724408172114402	0.002844332802826348	0.00039891094968715784	0.002341640391524897	0.00027624556952755825	0.019938346518275966	0.0038752293627389092	0.015822253653611736	0.004418869273481338	0.010820932761023088	0.0012652038957924733	0.011726805402595178	0.0027071665277625563	4.506901848138238	Dd2_C580Y	3.0	False	1
Dd2_C580Y_6h_rep1	0.019177393730052728	0.017732124291983172	0.06417770032324334	0.07132046123370091	0.04421553856826946	0.02740257687417898	0.024222562979018245	0.09379844937728699	0.11833911257094751	0.0767392384684409	0.02180979019770237	0.14312428345521128	0.019689698849958755	0.027570383951409008	0.02624589446946859	0.06352443983480355	0.04058743909632733	0.03801899916281343	0.004806013902391873	0.057497898662791605	0.037004252672239515	0.007211285896029941	0.047999388826983444	0.010523008596103688	0.008796107974957284	0.0018113228410298722	0.006102759600092391	0.0015066506292742148	0.03645341573210698	0.006353289203006597	0.0509917444421734	0.02180979019770237	0.015220780363054628	0.0024229239586881996	0.0156577627751763	0.004717532065894299	0.01466257266640149	0.005188313076764568	0.01656157735486108	0.0030268111189144468	0.00780524505792752	0.0020241226230163193	0.00891837636408333	0.0009419548049315835	0.010347607539837898	0.004747731623990899	0.02175408464239204	0.0037380152901064986	0.007980679266421443	0.002050830421336905	0.008123333962477844	0.001022550079816535	0.05134070253087795	0.006157196131913656	0.020823769836589807	0.0033987931424284395	0.023876675074961683	0.003693708876447324	0.12334016078050739	0.01978412267470388	0.09669299645969279	0.021646116111254714	0.055592677472703085	0.00858502285054026	0.06093435775800763	0.010386103475693282	0.015461629917207446	0.002270494374775726	0.004806013902391873	0.0029062148412132864	0.0004012980687382819	0.0023621450018998626	0.0002761676911136896	0.020194936329454297	0.003890229288407669	0.01591557181151688	0.00438449705498659	0.01131753643340075	0.0012940241450802815	0.012043028256921573	0.0027479880387763756	4.466990566008194	Dd2_C580Y	6.0	False	1
Dd2_C580Y_16h_rep1	0.01967745769858165	0.017717114031454227	0.06410018860829865	0.07112351527411787	0.04405885273057133	0.028143507145101707	0.024267767473614924	0.09317481865662844	0.1173654965262009	0.0766532925678686	0.021918305595850167	0.14287994181635016	0.01986288796633197	0.027492272908933253	0.026357511272085805	0.06396775059749972	0.040763564530680516	0.038478285475695	0.004824593642675248	0.05717287548145993	0.03693700196490219	0.007121850765669141	0.04815053339799105	0.010494220650016924	0.00875646740151987	0.001784777558633709	0.0060209459890892035	0.0014463475706178418	0.03641931781365999	0.006300483927825535	0.050455016915142904	0.021918305595850167	0.015468436934036463	0.002428542502456433	0.01584142970307112	0.004739876336130981	0.01475487292849245	0.005179002740105546	0.016782962527177436	0.0030238029071335626	0.007804624641219241	0.002025802446322352	0.009088713847045217	0.0009437470317451577	0.010502277589005288	0.004786923892203005	0.021747829139756227	0.003726533909715994	0.008217080975273147	0.0021045762862706135	0.008341694394879959	0.0010141060421579307	0.05107198631321305	0.006100889168246877	0.020809147868785783	0.0034586196048291408	0.023815766434430306	0.003676506474502947	0.12312191587252647	0.0197580259438237	0.09590253517264374	0.02146296135355715	0.05557619518364674	0.008523993424651913	0.060857377668237955	0.010266137605879917	0.015448487378189522	0.0022686266532647072	0.004824593642675248	0.002926031335124932	0.0003975436937243463	0.0023391227663335625	0.00026938146503433126	0.020339775589182783	0.003887333905407938	0.016077403902981267	0.004348028108887369	0.011672093327586806	0.0013016475189987899	0.01242989888509897	0.00273986741341714	4.4682806623397004	Dd2_C580Y	16.0	False	1
Dd2_C580Y_24h_rep1	0.019205498533268438	0.01781470179647947	0.06355128632227008	0.07000011886439696	0.044912222750198016	0.027223371848084196	0.02433114717463575	0.09493691694089756	0.11813656209074644	0.07758007780642541	0.02181782802581723	0.14305372933707303	0.01932999223529629	0.027532779306749997	0.026245524635978526	0.06324595725324865	0.040411089310939785	0.03772503465319291	0.0047536837047148775	0.0581924774095865	0.03762241189446425	0.00728981085573377	0.04869487325419148	0.01057847015266538	0.008871340090618483	0.0018178054477012249	0.00612228186422466	0.0014953069970241796	0.036993453534922456	0.0064179267229045305	0.051525536683070576	0.02181782802581723	0.015126362944360696	0.002444399483220299	0.015505845239263459	0.004648426986348454	0.014713908846696665	0.005178638638061544	0.016571057158882366	0.0030077650893217964	0.007641945084300481	0.001978271675897725	0.008799361699305357	0.0009104137757927237	0.010340723761346367	0.004752936920881235	0.02160123949766963	0.0037161891310425505	0.008095510058806139	0.002064475253346649	0.00805263537446067	0.0009928778466549782	0.051990850931637425	0.006201626477949075	0.020892452614911777	0.0034386945597239755	0.023863785894909728	0.00366899341184027	0.12336647699964039	0.01968725233743264	0.09662823730336358	0.021508324787382863	0.055082923714297495	0.008468362607972584	0.06000373897316961	0.009996379891227354	0.015542925017208827	0.002271776779270643	0.0047536837047148775	0.0028976876607906665	0.0003926846495161227	0.002340618156255049	0.00027089231533261165	0.01991976964832265	0.0038548178719636328	0.015958158076932828	0.004385483777151248	0.011233930972495332	0.0012566160231277364	0.01201852995790136	0.002714294894559764	4.492597087805151	Dd2_C580Y	24.0	False	1
Dd2_C580Y_32h_rep1	0.018901870874792698	0.017653056988625026	0.0637093403726217	0.06981727129853768	0.04495581336473449	0.027094399371592585	0.02439552194950859	0.0945906202593925	0.1179913735143501	0.0772225040829737	0.021941471779407137	0.1440955521620744	0.01929731681239966	0.0275059160050012	0.02621189364082268	0.0635949054061766	0.04033643521380837	0.03757489829281037	0.004739063116773107	0.058370775493597246	0.037572941658859195	0.0073828717058752975	0.0484170181793961	0.010548411715429466	0.008816634725651053	0.0018158129957564916	0.006125956577055561	0.0014986698896850344	0.03676527135455907	0.006431605160078013	0.05139374374475541	0.021941471779407137	0.015037949465178897	0.0024352231202996863	0.015455263764964356	0.004646461942367425	0.014864244703480273	0.005199985221010854	0.016575791549015447	0.003008554082054924	0.007653187417734941	0.001970816926433276	0.008776071704967048	0.0008972407632643932	0.010303246568183927	0.00474350650597354	0.021585560281860244	0.003704121857790655	0.007956168072327435	0.0020187047745492733	0.0079563685312476	0.0009706294966683887	0.05212300162990904	0.006247773863688209	0.020963540285972287	0.003431981663536302	0.02383405624146531	0.0036718597635358916	0.12425672247466593	0.019838829687408462	0.09636268936164218	0.02162868415270793	0.0552449413460485	0.0084643990265732	0.05980017313947262	0.010017098159065065	0.01542222155850425	0.0022308354301207767	0.004739063116773107	0.0028383863232236684	0.00038386555743351493	0.0023339087274604864	0.00027433218449802684	0.020054214355219317	0.0038921154953957845	0.01600826812460605	0.004373132723600929	0.011146479028319662	0.0012441805978976289	0.011988149700734722	0.002715590044640573	4.455319088358757	Dd2_C580Y	32.0	False	1
Dd2_C580Y_48h_rep1	0.018901799300802182	0.01782312414667044	0.06428896377779303	0.07005069173652385	0.044436216374953895	0.02706828065482322	0.024315041713488045	0.09394383944803905	0.11799678743429369	0.0766789549255112	0.021848633979198236	0.14529179356355554	0.019347683015493396	0.027480463359800537	0.026065909387564864	0.06374533759505248	0.04052717674905294	0.03753126784760542	0.004763488718860248	0.05789454627091773	0.03727442321916036	0.00716179315579354	0.04818101558580689	0.010450007243150284	0.008771917722052599	0.0017821376097973518	0.0060089239052642535	0.0014849528594398256	0.03658363950586023	0.006315095371180863	0.051045104570997965	0.021848633979198236	0.014937765802198518	0.0023745018772938923	0.015553034609327377	0.004665965558785634	0.014614194554787244	0.005189577665734599	0.016648914572376557	0.00304100759083277	0.007646359950240757	0.0019928627774641783	0.008782078779969196	0.0009263815078192643	0.010277243778294552	0.004735296265154943	0.021779260799560572	0.0037353759060428774	0.007844472252931452	0.0020084311502592917	0.0080478276176374	0.0010010682799740374	0.05178749571448283	0.0061070505564349035	0.020946149500572137	0.0033688922129159102	0.02382138049424136	0.0036590828655591774	0.1253894997651079	0.01990229379844762	0.09652932612716489	0.021467461307128802	0.0557767397119101	0.008512224065882926	0.05995958894194907	0.010091102794574782	0.015567859099662296	0.002255265047008143	0.004763488718860248	0.0029100377785579224	0.0003942764158061358	0.002336763126300907	0.0002703143984672044	0.020372963043884466	0.003878680167436851	0.015823514344533295	0.004331003323899401	0.011240616344784881	0.0012626216405585305	0.01187338997404042	0.002691652695439388	4.49654128851789	Dd2_C580Y	48.0	False	1
Dd2_C580Y_0h_rep2	0.019298891117663745	0.018179908397633518	0.0642621293876434	0.06983890234947458	0.04486520210006191	0.027915060434462995	0.024145042576372705	0.0938678739779074	0.11774353228606231	0.07727706234681632	0.02163521523480892	0.14262716649850032	0.019715306793194193	0.02752086616588135	0.02617573289366977	0.063848658458773	0.04084810836083176	0.03755478615080844	0.004982865744044865	0.05769768872538861	0.03758977677486005	0.007275425325201859	0.048376230995039814	0.010588164002455921	0.008895251011041582	0.0018320605045475894	0.006090487914112318	0.0014948679196190929	0.03662412064028464	0.006291732759537883	0.05095202057808487	0.02163521523480892	0.014942712170705814	0.002414610850836253	0.01548324284327802	0.004714220285988356	0.014732583095055589	0.005203276616435292	0.01663094347639372	0.003044679134099889	0.007759728595113869	0.002080627577476654	0.008910196072162391	0.000964754548441277	0.01040071201031803	0.00483243559340962	0.021869907329163225	0.0037450534279408884	0.007964638723062847	0.002070515541701463	0.008217474909638851	0.0010462619432605824	0.05157602912114717	0.006121659604241439	0.020778477657454247	0.0033665649189184564	0.023842777521216173	0.003678088644665173	0.12305159718877848	0.019575569309721857	0.09639679484350046	0.021346737442561853	0.05563599466964593	0.008626134717997478	0.059784754160405074	0.010054148189069512	0.01585120068865849	0.002328707708975027	0.004982865744044865	0.002947880123049642	0.00042056452968893205	0.002361228681921174	0.0002798427073765573	0.020398822021055765	0.003838354115732747	0.01582512807818237	0.004341088773451094	0.011592653768936537	0.0013403121404090789	0.012163509907891714	0.0028185846172256645	4.5157624251892114	Dd2_C580Y	0.0	False	2
Dd2_C580Y_3h_rep2	0.018978462002599252	0.017914501830837672	0.06427297308135956	0.07023625034822681	0.04441512627269109	0.027140978561494007	0.024319068572994196	0.09400565088533835	0.11852588389371535	0.07671980224428078	0.021747672235780037	0.14435368410097396	0.01940629252753738	0.02757205234263644	0.026107652366514564	0.06351061098685412	0.040625892161968616	0.037443030368360226	0.004833248312251	0.05787116690358675	0.03722954057243454	0.007185585700256548	0.04811328947636208	0.010456086475631137	0.008798260243073184	0.0018115178982174803	0.006051184603648696	0.0014894635473481957	0.03659397037458218	0.006320018907863815	0.05109166160289236	0.021747672235780037	0.014911420734298717	0.002390732349429871	0.01547228371663574	0.004668593567995899	0.014568621582366059	0.0051993904391643845	0.016571841360390017	0.0030315042388171	0.007653808593124415	0.002017858477627742	0.008789584969925072	0.0009450404868601501	0.01029161730162451	0.004767461354140557	0.02183203264377994	0.0037347808624236087	0.007864332114891365	0.002033516064744254	0.008055686717759093	0.0010249271052045366	0.05175173787433988	0.0061194290292468706	0.020957068444956407	0.003362000128037789	0.02389760488282397	0.003674447459812472	0.12450076941107081	0.019852914689903148	0.09702429909071435	0.021501584803001	0.05570181653206445	0.008571156549295108	0.06009766653454772	0.010138583813679082	0.015631178100771897	0.002283323730065774	0.004833248312251	0.002928743135280184	0.00040771650233133026	0.002350681545820647	0.0002724514039845113	0.020281338284659414	0.003857915081457148	0.01580658689582588	0.00434147288327201	0.01128438033310815	0.0012802192485573897	0.01186388498889032	0.0027124939909381474	4.5124254783848565	Dd2_C580Y	3.0	False	2
Dd2_C580Y_6h_rep2	0.018950293441965225	0.01791639108222499	0.0643627142837277	0.07040667287321539	0.044258105380310345	0.02735801188478726	0.024406463403029363	0.09375372015633848	0.11842272188300713	0.07647575614516555	0.021673637255925523	0.14447781986852762	0.019561843037756543	0.02759876727035105	0.02614994783939207	0.06350423979631199	0.04062353948735699	0.037446182238487905	0.004862362771788661	0.05779080990033023	0.03710512578642262	0.007152979593887727	0.04793522785676666	0.010446525542290848	0.008751694424926475	0.001801227802234903	0.006045033639581645	0.0014960468793650103	0.03647646329192934	0.006338029216845623	0.05093922764756353	0.021673637255925523	0.014908143494672024	0.0023956780508289735	0.015448804126125294	0.004693556566861618	0.014569351094736187	0.005182273264447149	0.016555667261388702	0.003024312021926935	0.007700583765771128	0.002070432137061611	0.008832488419103895	0.0009583387158199064	0.010309772547624274	0.004802966397250084	0.021766886766423816	0.0037439137760588138	0.007836933311690724	0.0020628497805614287	0.008032369493146216	0.0010181408565668577	0.051654077993803164	0.006136731906527067	0.02099934130663517	0.003407122096394194	0.023913181071001315	0.0036855861993497366	0.12453920011693491	0.019938619751592702	0.09691337456250369	0.021509347320503438	0.055703672321247635	0.008659041962480064	0.06018620438926723	0.010220468483948166	0.015619311494937147	0.0022970795872878447	0.004862362771788661	0.002936202113201986	0.00041492061118035626	0.002357753801974874	0.00028507713367256695	0.020331102703242634	0.0038415334505703747	0.015822834314329695	0.0043331598650325895	0.011370315047108946	0.0013191113373237032	0.011956786099253689	0.0027117994011009224	4.505639948922234	Dd2_C580Y	6.0	False	2
Dd2_C580Y_24h_rep2	0.019605604675916277	0.01783708785541548	0.0633528160495163	0.0698642542050265	0.04484971272378479	0.027532963412063766	0.02436310249319433	0.09457366959757679	0.11799468598439836	0.07754855696170662	0.0218088664588182	0.14255719855531843	0.019527761738831143	0.02756222326232603	0.02637979544636142	0.06342896446109204	0.04057951437192513	0.03798424383934385	0.0047587649401698824	0.057890212967214624	0.03754862629681543	0.007301086426969362	0.04868549570555754	0.010571212138545462	0.00889255463156458	0.0018187529023888302	0.006098478112338228	0.0014820634713119882	0.036933690799158196	0.006413234309084578	0.05122674448933402	0.0218088664588182	0.015274864042139635	0.0024649091574077842	0.015604705149440097	0.004639765490356336	0.014733196296959714	0.00521670577165483	0.016717704383036873	0.0030078341396573374	0.0076914889411732286	0.0019985584042103138	0.008922894175820054	0.0009148202176275493	0.010389088856477602	0.004791146361452974	0.02168398154852992	0.0037152976054646305	0.008273939152409456	0.0021236208743154847	0.008208038480280915	0.0010000061689104205	0.051705165595168266	0.0061850473720463615	0.020905961512031074	0.003457140981163254	0.02390079275914719	0.003661430503178838	0.12290379444253595	0.01965340411278247	0.09655423263440027	0.021440453349998084	0.05490560367450019	0.008447212375016113	0.059933786085819285	0.009930468119207208	0.015556615872010193	0.0022804719834052883	0.0047587649401698824	0.002935003520847605	0.00039276203206032304	0.0023534104872662805	0.0002705892399957915	0.019897489329932523	0.003856034539850767	0.016055777627613302	0.004372252538578119	0.011380504016279772	0.001261220625417549	0.012169705084318052	0.0027215336860483916	4.503367119073016	Dd2_C580Y	24.0	False	2
Dd2_C580Y_32h_rep2	0.019152887069529934	0.0177292498340701	0.0635454476398	0.06981131573279774	0.044980824608504305	0.027236818223682888	0.02438956146430295	0.09468664339707125	0.11808667314470209	0.07741387960391874	0.021856911906090504	0.14322272105645997	0.019469865680305492	0.02760550901329755	0.026230109431131955	0.06345940794305781	0.040471961117673316	0.03768369831955525	0.004777938756740099	0.05818857605730817	0.03758082754542694	0.007399997063077365	0.04850832030446539	0.01054850099307695	0.008873426105222917	0.0018320306356453754	0.006148680466180729	0.001502921099327375	0.03684488312452295	0.006461643087341173	0.05138011718520714	0.021856911906090504	0.015120783849455774	0.002455600525147198	0.01547899329591975	0.004628320649032535	0.014814626780941743	0.005217506930347791	0.01660524862978874	0.003007131017757217	0.0076939238837819115	0.001999983370371022	0.008867170875847841	0.0009087875503047147	0.010334625449890245	0.004785393502397406	0.021643394232171424	0.0037085479332142407	0.008063072027820636	0.002068972201335079	0.008038859388986474	0.0009819834513877439	0.05194368293515312	0.006244893122155052	0.020937909287680755	0.003451652176622197	0.023939064219345035	0.0036664447939525144	0.12344177223137001	0.019780948825089958	0.0965543667761837	0.021532306368518377	0.05505028669344726	0.008495160946352736	0.05985022671528747	0.009961089017510267	0.015472097703526652	0.0022571521305434477	0.004777938756740099	0.002869748500691808	0.0003913442624873898	0.002337574715512563	0.00027433025373103763	0.019930615692026008	0.0038842788921963013	0.0159969475047187	0.004360164193990459	0.011203135621062421	0.0012542603577517144	0.0120656394937382	0.0027137827511305506	4.484162779578152	Dd2_C580Y	32.0	False	2
Dd2_C580Y_48h_rep2	0.01931239177517847	0.01779979157180715	0.0643175587424117	0.07039805441248906	0.0442218615712101	0.027495774729307816	0.024255247546567944	0.09343853877752774	0.11773321779796443	0.0766170727200975	0.02185470103507481	0.14423795543777584	0.019666283234123564	0.027595686674084907	0.02621379381747843	0.06397754186042046	0.04076352737029061	0.03780489174898713	0.004840433150301404	0.05745567602690069	0.03706043786179276	0.007161423709417344	0.048045230603129145	0.010481476405367651	0.00877070285401206	0.0018035509121296278	0.006023727158532534	0.0014923847869264947	0.03639422312379074	0.006305903173795732	0.05073841247994127	0.02185470103507481	0.015063951729073122	0.002400960468018128	0.01564039070640715	0.00469958884548873	0.014673623064290483	0.0052123895169612884	0.01672447758977119	0.00305911009645098	0.007758640366070622	0.002035885341731446	0.008926429142075174	0.0009453283842463218	0.010375142367357638	0.004784937741985245	0.02186091734482043	0.0037425299161273017	0.008023639348155458	0.002054114121297053	0.008213114270970186	0.0010215240347557753	0.05133264300726267	0.006123033019638018	0.020864476001652952	0.0033907715449149937	0.02391737236636785	0.0036783143077170587	0.12435641713433634	0.0198815383034395	0.09626101573672728	0.02147220206123715	0.05572960251242035	0.008587956229991341	0.06025526486791812	0.010142789544570941	0.015523109314494778	0.0022766822573123723	0.004840433150301404	0.00293711204052457	0.0004018051838423005	0.002353279865504049	0.0002719111998742627	0.020398573189071387	0.003909368403875121	0.015921536662586742	0.004328148865146505	0.011427102420024628	0.0012848283162444818	0.012066527722919924	0.002717316270118784	4.483052807634629	Dd2_C580Y	48.0	False	2
Dd2_C580Y_0h_rep3	0.018904459862259478	0.018065124821734516	0.06426047183802104	0.06946204556518537	0.04501400242675983	0.0273149432439735	0.024196858728811627	0.09430459840117382	0.1176823290867749	0.07702718176499525	0.021736287766477198	0.1444359934556871	0.019407370615934925	0.027337560211602087	0.0261047320040726	0.06380194028820968	0.040567475772564074	0.03738506242379822	0.004922490159925276	0.0580690715620393	0.03773956157055129	0.007274440856208541	0.048317067779350666	0.010494413088423847	0.008879181169162167	0.0018125449560390495	0.006035860729961904	0.001488114042057614	0.036742454858066	0.006302329036416239	0.05125981450669158	0.021736287766477198	0.014887903924276318	0.002380768456058325	0.0154474403109471	0.004668949732516475	0.014665988054401918	0.005197181958422554	0.016646810105407087	0.003070677248909075	0.007701946827834135	0.002020833747336318	0.008743848845327667	0.0009407411954368046	0.010295985770308973	0.004744984239461976	0.021791672430015542	0.003734833332777585	0.007801217104800673	0.0020326805525877224	0.008061962082207334	0.0010086001226637493	0.051970907142831556	0.0060981644192077385	0.02086836742601484	0.0033284913027967883	0.023677670404497527	0.003659889807104559	0.12473371574183847	0.019702277713848637	0.09636668167454183	0.021315647412233053	0.055705101041149556	0.00855537079687149	0.05943824459047814	0.010023800974707233	0.015778835367536544	0.002286289454197972	0.004922490159925276	0.002923383280187683	0.00040259519439198184	0.002340416984727679	0.00027951356071771505	0.020363356659022416	0.0038579262620466255	0.01583031373108787	0.004328509252959673	0.011329771626502923	0.0012741839854794152	0.011928704189104649	0.0027822834428865113	4.520936184149724	Dd2_C580Y	0.0	False	3
Dd2_C580Y_3h_rep3	0.01897372589155733	0.01793108219338155	0.0641583950741918	0.06996797181839595	0.04465128082346109	0.02706977075667188	0.02432132897781946	0.09428188294598858	0.11843771445946635	0.07699702591425757	0.021743247009902756	0.1441338413168114	0.01940069219198307	0.02751720863473779	0.02609366757132938	0.06344488449710992	0.04055529077268507	0.037451919647476246	0.00480321837124	0.058065851131532856	0.037439734597258786	0.007211546226202307	0.04826401393644498	0.010505186597377484	0.00883063874050282	0.0018172494792158347	0.006078263376269781	0.001501673784446671	0.03668279793329129	0.006337195027193684	0.051261889985503614	0.021743247009902756	0.014923436320270189	0.0023911055231447286	0.015482002125829356	0.004655375678231975	0.014586744803659676	0.005206501174659236	0.01659435229947019	0.0030371585884375538	0.007677702142326057	0.0020187683169264974	0.008765552188041177	0.0009386695446893335	0.010280408111490124	0.004744896497592548	0.021795310021661032	0.0037346761419413577	0.007871296994228557	0.002031889739054842	0.008052527045214248	0.0010180121130596823	0.05190414993571116	0.006161701195821698	0.020942178917554375	0.003379150060265086	0.02384720898475379	0.0036699996499840026	0.1243537207396034	0.019780120577208016	0.09698526421955497	0.021452450239911377	0.05558265305850355	0.008575742015688247	0.059885243037751106	0.010082728780644843	0.015641506791700628	0.002289575401680923	0.00480321837124	0.002918645929501051	0.00040361605737003844	0.002352233646264367	0.0002753445997755391	0.02015818292096413	0.0038619447099191313	0.01580589946056739	0.004337927877850991	0.011221237196458702	0.0012787251475629411	0.011862964736380724	0.002706843676269516	4.5209411109187885	Dd2_C580Y	3.0	False	3
Dd2_C580Y_6h_rep3	0.019100476699826504	0.017951052340894738	0.06429364049766437	0.07017960790858836	0.044392634321234026	0.027250550284227272	0.02430196924124843	0.09403161282826732	0.11845597215081297	0.07671276261437199	0.0217442037107354	0.14420036093688476	0.01947336637337626	0.027615854313221513	0.026126710950954365	0.06345561032699258	0.04065082954938123	0.0374072426008851	0.004820070841670826	0.05783547150876203	0.03721447336678027	0.007178160954453755	0.048018082958145185	0.010507702491222655	0.00881081473531508	0.0018164582841680434	0.006056354447626134	0.0015033496978948918	0.036590423677101115	0.006336872760452285	0.051104316390713916	0.0217442037107354	0.014881525707834074	0.002398576472914714	0.015435955926686581	0.004691184493449727	0.014595265925119567	0.005187168131306476	0.016565340282478132	0.0030358943074892254	0.007689460700477538	0.0020357171798618943	0.008798667592443852	0.0009495209005929723	0.010324689006546666	0.004765264319194514	0.021809855803368427	0.003751020420271624	0.007919730175553743	0.00205743932177374	0.008090121696370575	0.0010331855061284465	0.05168529430400002	0.006150177204762009	0.020916227869083377	0.003385741372165052	0.023921515033964745	0.0036943392792567697	0.12432608607244539	0.01987427486443938	0.0969198249669353	0.02153614718387767	0.05565532068123837	0.008638319816425995	0.06003602721950776	0.01014358068908061	0.015653933669624705	0.0022971186712700334	0.004820070841670826	0.0029371137242550673	0.00041156125543471354	0.0023662471543702238	0.0002775425564512562	0.020208926665785634	0.0038630150148135528	0.015787035748641765	0.004347210511801337	0.011319129961504434	0.0013022467591950596	0.011909300133809576	0.0027198734297182036	4.500332586856165	Dd2_C580Y	6.0	False	3
Dd2_C580Y_24h_rep3	0.019052817501579736	0.01778232147175869	0.06348576669300066	0.06973682934073795	0.04497354566699865	0.02707325512177144	0.024396348080382643	0.09503514943385702	0.11826932075483443	0.07750732313509825	0.021847378141825222	0.1436287851529858	0.019219041994153495	0.02753654186374673	0.026202113745485332	0.0632358767926925	0.0403681063832992	0.037634395186499046	0.0047078227955123005	0.05830726074378108	0.03766494151853729	0.007308604148461355	0.04865769272653761	0.010560193910491024	0.008859550250647146	0.001816951061667125	0.006113617519482675	0.001499317666272663	0.03699071541938541	0.006427069683118308	0.05161736433135331	0.021847378141825222	0.015071818689659816	0.0024373458192358576	0.015490750010422166	0.004634480667181211	0.014721855160488816	0.0051866486451833576	0.016583047821647004	0.00300221675811808	0.00760417250869826	0.0019649778436033783	0.008746037607309461	0.0009038540345423963	0.010313058955811794	0.004737666658491888	0.02160263857918957	0.0037147421898059384	0.008031552927790321	0.0020464174038271367	0.007997245730357774	0.0009776014396045034	0.05208975226967401	0.006217508474107069	0.020953197354859975	0.0034431507255226704	0.023865567926371005	0.0036709739373757275	0.12386266867801717	0.019766116474968634	0.09674735211932146	0.021521968635512957	0.055029930458180526	0.008455836234820137	0.059777449652508766	0.009959379688229181	0.01552766839171227	0.002254653080046422	0.0047078227955123005	0.0028845077413516456	0.0003880819683190772	0.002332769849652724	0.00027129607947285617	0.019876508396351737	0.0038656000109035162	0.01594719441898482	0.004378263687704212	0.011157667731899861	0.0012479276327129242	0.011966284026986712	0.0027013757301719427	4.495283575484849	Dd2_C580Y	24.0	False	3
Dd2_C580Y_32h_rep3	0.019092976252938248	0.01771887436454599	0.06338340681654726	0.06941198753223259	0.04528752943560948	0.027191340292617147	0.02441248828007065	0.09481849084607843	0.11770388173412222	0.07759931149874955	0.021914074141523982	0.14328226677209005	0.019445940022286813	0.02757220056685533	0.02616585325481156	0.06362586248408601	0.04051492608759528	0.03766223946454585	0.004783862937571788	0.05841248721512182	0.03781679995247606	0.007470729483133419	0.04857681699218907	0.010601052537756823	0.008903170605884596	0.0018412507063773021	0.006168407655462692	0.0015086130010790433	0.036871286752079124	0.006467468227819697	0.05147973586617961	0.021914074141523982	0.015093844170857643	0.002460182499203381	0.015467009011420172	0.0046412037830646565	0.014903002073018588	0.0052364185376277475	0.01663310752903242	0.0030111630674974476	0.007709390719299989	0.0019958904341740693	0.008832594265436276	0.0009080646033764757	0.010345691700095394	0.0047810596852373155	0.02167521348762438	0.0037129612146381886	0.008042436302144842	0.0020482530566014482	0.008024001471724575	0.000978285422467384	0.05212305575634334	0.006289431458778488	0.020959614020321024	0.0034528742597496275	0.023893264624308623	0.003678935942546708	0.12347843407216383	0.01980383269992621	0.09616778110055278	0.021536100633569435	0.05490800365741435	0.00847540315913292	0.059454658508007546	0.00995732902422504	0.01546308068492773	0.0022557936796182595	0.004783862937571788	0.002852174909005571	0.0003874555659250141	0.0023395730024780054	0.00027489080503913065	0.01994623498531137	0.003895936291598443	0.01596029693066883	0.004351462041695008	0.011156707469526066	0.0012549466917045038	0.012059249638527674	0.002720436492858902	4.465422164245048	Dd2_C580Y	32.0	False	3
Dd2_C580Y_48h_rep3	0.019044121681886603	0.017783797938818333	0.06424201610628556	0.07001973408819447	0.04446224039176282	0.0273085626807963	0.024281985250678744	0.09373868053649632	0.11772401732120266	0.07673075936989136	0.021835761397252802	0.14486578157308436	0.019517316793393615	0.027513143953796216	0.026086460836591368	0.06391899004424059	0.040676564088096674	0.037701821839275784	0.004806569420753169	0.05774167468750232	0.03726604713478122	0.007196193256981602	0.048150468623726156	0.010474379473981384	0.008790464173136024	0.0018003514437765363	0.006024622428099675	0.001490473227171583	0.03651815568799368	0.006301937889277548	0.0509185869592251	0.021835761397252802	0.01501924526061474	0.0023893358999553184	0.015605045814838627	0.004688194863867095	0.014672618026919115	0.005214458039084641	0.01670102630705637	0.0030580069937002803	0.007699550990593066	0.002016736972978046	0.008859809067038267	0.0009412197627842364	0.010330231772265585	0.004765456663397051	0.021832746874141388	0.003748128778292648	0.007897631612200874	0.002030104791929547	0.008105634223973682	0.0010107510537825002	0.05162621164912838	0.006115463038373935	0.020905363093563705	0.00337662215711504	0.02384646344359312	0.0036666805102030958	0.12492579305147684	0.01993998852160751	0.09628585622967185	0.021438161091530804	0.0557016879742154	0.00854032813207016	0.059912029716944995	0.01010770437124947	0.01552027438337133	0.002263523555447001	0.004806569420753169	0.002920521075126166	0.00039676666031658787	0.002339846103826936	0.000274190800744066	0.02038198326521551	0.003890897412264682	0.015837228178461876	0.004317908018115736	0.011357850728949619	0.001275021491584118	0.011964819824938475	0.002710870635324085	4.49133000813721	Dd2_C580Y	48.0	False	3
Dd2_C580Y_3h_DHA_rep1	0.019020044413174092	0.01762849812996621	0.06445624130234551	0.07102507671874651	0.04424465040168954	0.027299324582707698	0.024183183044157373	0.09358721197591213	0.11839272808341592	0.07673134898183619	0.021863809958465315	0.1440089502780713	0.019469666112840393	0.027530168778649455	0.02632058084072651	0.06369322130508229	0.04049565495102855	0.03773012985187263	0.004793324509308539	0.057526185780004006	0.0370654950925419	0.007179155309147639	0.04817257138730777	0.010453027072837877	0.008763354623627404	0.0017897446677713983	0.006059026061613731	0.001493625168677998	0.036458100937868824	0.006305762799121362	0.05082334823892195	0.021863809958465315	0.01505856289378638	0.0024011106497307966	0.015605739258396057	0.0046647170499593965	0.014635413747394497	0.005185845874902095	0.016625456685491674	0.003037204492916963	0.007692730204334812	0.0019919266312464308	0.008854832008179232	0.0009301772690799183	0.010314468848784704	0.004732206546537887	0.021712579175490538	0.003736400380215417	0.00792249930663606	0.002013404158567326	0.008080701172743615	0.0010034397752270935	0.05141438559861417	0.006111800181389837	0.02082447849227985	0.0033587045518775225	0.02384503094044113	0.0036851378382083233	0.12424734033022844	0.019761609947842863	0.09676784938758366	0.021624878695832257	0.05593397803206663	0.008522263270278881	0.06077150871111649	0.010253568007630023	0.015399205048242907	0.002229293081723304	0.004793324509308539	0.002892459396480862	0.0003896770679171682	0.002353968375361154	0.00027201627946784674	0.020307512728378104	0.003901787775998945	0.0160310741612653	0.00438138556023418	0.011276323721116385	0.0012571476545608156	0.012040791064623345	0.002725062142407152	4.474838945858857	Dd2_C580Y	3.0	True	1
Dd2_C580Y_6h_DHA_rep1	0.018784313518444645	0.01778655657038179	0.06425917839392303	0.07165859256439655	0.04421937528538055	0.027040584208772207	0.024170380126615126	0.09399196170743279	0.12007430380083181	0.07656947576783953	0.021607789746923064	0.14241590648482247	0.0195017097756063	0.027724039304791174	0.02643684410901376	0.06332755755623064	0.04063433661659038	0.037173337524392794	0.004852562366896977	0.057771194570714536	0.03697116441101353	0.007248210874367021	0.047763951954891214	0.010436624536798118	0.008832905464149965	0.0018353229409744044	0.006151364413044811	0.0015493064579809963	0.03639029369491689	0.006400470764104453	0.05120119724841144	0.021607789746923064	0.01476474031952713	0.002413038610147782	0.015369866779227742	0.004625691815490139	0.014665385882536347	0.0051773495874997836	0.016557038172777674	0.0029943089208876155	0.007740585741986124	0.002041500144432493	0.008777274191932924	0.0009423496972547584	0.010304704422259591	0.004723507781738583	0.021881249163062645	0.003724875249529563	0.0077407439884545695	0.0020242038056047552	0.007990283423375575	0.0010290823010097438	0.05154680177311921	0.006224392797595323	0.020801826592796866	0.00336855353381826	0.024011438636132	0.0037126006686591744	0.12265176330131271	0.01976414318350976	0.09833749954391943	0.02173680425691238	0.0555667656024966	0.008692412791426442	0.061289356139589204	0.01036923642480734	0.015454024793273938	0.0023325317771078513	0.004852562366896977	0.0028896362021821136	0.0004053050317147492	0.0023667615387903424	0.0002748804225482829	0.020084167356162974	0.003849307636366247	0.016054118597127073	0.004446142316651202	0.011053626388812035	0.0013004540815356313	0.011930466238071265	0.002756037500353276	4.524009066909998	Dd2_C580Y	6.0	True	1
Dd2_C580Y_24h_DHA_rep1	0.019345573893994276	0.017768751663180333	0.06397658184054796	0.07119044413631985	0.044156747765693755	0.027626588066704916	0.024245113961529768	0.09371404740143116	0.11854462636628349	0.07688737970823145	0.021729611596707367	0.1422874987785556	0.0198316805943702	0.02767574287356958	0.02637622091827342	0.06362271346609363	0.04075538550561711	0.037842378330310386	0.004886936555391022	0.05753597657719473	0.036968028806060496	0.007188718959633261	0.04816531145968499	0.010477370409447805	0.008819360557979312	0.0018183811489126999	0.006110243851598424	0.0014967122806082294	0.03647107070324786	0.006337779207645206	0.050905197490538096	0.021729611596707367	0.015134630170954736	0.0024266140449500234	0.015625711875581906	0.004655422238823717	0.014738080478727876	0.005188505803720724	0.016695523576280794	0.003015731963362333	0.007841626576847848	0.002035690737536032	0.009009794977641039	0.0009445683023452795	0.010406094624931143	0.00476357083288493	0.021853129150579527	0.0037325908972215154	0.008035058809985736	0.0020657987629886616	0.008219609716708784	0.001025106604311094	0.051389366081300104	0.006146610495894629	0.020870707701423775	0.003374406260105993	0.023976363554594114	0.0036993793189754654	0.12264741096470434	0.01964008781385125	0.09701414436901087	0.021530481997272612	0.0554353828403474	0.008541199000200554	0.06091907490084948	0.010271369235470364	0.015482929619520693	0.00228582204365964	0.004886936555391022	0.002926288763574435	0.00040196393884498523	0.002359099974729101	0.0002725421000974965	0.02012102500361132	0.0038638466403905897	0.01602266099900734	0.004393665142020062	0.011381935484951889	0.0012851874896579408	0.012194968142890054	0.002764496949205032	4.505897470446793	Dd2_C580Y	24.0	True	1
Dd2_C580Y_32h_DHA_rep1	0.018912482088148764	0.017671780362609798	0.0641118892452529	0.0709747772167046	0.04429496181036798	0.02726207312020513	0.02428640781002342	0.09403335741168378	0.11903104676787064	0.07683739950738841	0.021724708745152817	0.14335436730189569	0.019551679958213313	0.027622402819267994	0.026279180164196433	0.06346667550068483	0.04046410625681328	0.037538015725370875	0.0048154585394665095	0.05776722964868271	0.03709059631356048	0.007204365496807503	0.04819649978142676	0.010431755368954266	0.008804319442993218	0.0018096020323361652	0.006099172810948473	0.0014960500707295226	0.036549920891381045	0.0063662133267446686	0.05111722319355806	0.021724708745152817	0.014987050243885428	0.002410898539728081	0.01552643889082751	0.004613628050929858	0.014694860394964628	0.005182483268372671	0.016614434602676843	0.0029994202150648163	0.00773102995640563	0.0020151266471950084	0.008877375060503845	0.0009281482941088291	0.010294532615893795	0.004735987379837405	0.021717990604713966	0.003715595656368117	0.007849928796548293	0.002017146230373153	0.008056586193243466	0.0009888208679838483	0.05162455009316793	0.0061426795555147755	0.020906468747489127	0.003379939062534293	0.023925596003466717	0.003696806815801277	0.12362580121564748	0.01972856608624821	0.09742543157732045	0.021605615190550195	0.055583134843975514	0.008528754401277398	0.060777169759044944	0.010197607457659652	0.01543035225834246	0.0022414281042673376	0.0048154585394665095	0.0028848366216278746	0.00039309771876413384	0.0023291778661111433	0.00027139184840406033	0.02011324594556611	0.003862231074039752	0.01601209941411033	0.004388576695178889	0.011181809246202271	0.001271792183272613	0.012078885848389398	0.002729585842340845	4.509264407334817	Dd2_C580Y	32.0	True	1
Dd2_C580Y_48h_DHA_rep1	0.018776973691492567	0.01762156936157629	0.06408325547740126	0.07104215977234232	0.044160533273334204	0.02699555690120175	0.024301468693747733	0.09391539153674809	0.11922477137870069	0.0765816350614028	0.021785267984892807	0.14406841347283833	0.019453647510337506	0.027715307065379644	0.026158336465586317	0.06365881549377807	0.040535418404563726	0.03739297426494266	0.004772108142551004	0.0577563960471821	0.0369293387442445	0.007231194529089704	0.047894025590381306	0.010437108901987702	0.008814429825570933	0.0018252123761461994	0.006096144403253946	0.0015147139640627005	0.03642736364672111	0.00637777207159048	0.0511102558184365	0.021785267984892807	0.014866303286703318	0.00240899280396217	0.01548989633215423	0.0046277818421229374	0.014753534616724266	0.005200354998188611	0.016651985996445313	0.0029994656322130625	0.007727517689784525	0.001999735913747305	0.008811420188988455	0.0009149737178172214	0.010309277834825535	0.004717725977203007	0.021801280061903655	0.003707134530631531	0.007781061642286384	0.0019919278651676395	0.008009606035110667	0.0009943781489278724	0.0515586818324478	0.0061977142147343	0.020902941123029595	0.0033985275707181383	0.024021668558037012	0.0036936385073426336	0.12416662712788314	0.019901786344955198	0.09754292380505383	0.02168184757364685	0.05551682941063818	0.008566426066763076	0.06082694611890362	0.010215213653438707	0.015376063171309655	0.0022455061902666366	0.004772108142551004	0.00286817973701937	0.00039419834055687226	0.0023336335402710496	0.00026937605445444154	0.02014779676628554	0.0039056774839212683	0.01591123500150886	0.0043817137917757255	0.011048727116620024	0.0012617771494631816	0.011958573354707534	0.0027264792804110095	4.498828961587764	Dd2_C580Y	48.0	True	1
Dd2_C580Y_3h_DHA_rep2	0.019148840949556885	0.017952864127755166	0.06426844862371286	0.07034798293636409	0.04442686599296636	0.027357775810933405	0.024217826905328168	0.09390463940166317	0.11794027407341626	0.07699328253046572	0.021767837380996545	0.14378259030264007	0.01956954745413525	0.027566210158808876	0.02616606481291027	0.06369065892889893	0.04070335562214192	0.03756462029191543	0.004879128914593896	0.05775118478079662	0.03725613014285048	0.007170735850115879	0.04829928391893202	0.01049409655032732	0.00881756571823835	0.0018062944770200371	0.006079415197468357	0.0014966266684796447	0.036594394096216	0.006301866004685201	0.05100837930076197	0.021767837380996545	0.014986721927191702	0.0023937757060862896	0.015516432359255265	0.004667690299382171	0.014618635026096696	0.005214783543557558	0.016653474457054333	0.0030472754012880634	0.007717281209335034	0.0020400195240091023	0.008865082765208325	0.0009471639555827875	0.01035297094297523	0.004766020218206307	0.021840114541059604	0.003744249919900769	0.007942037803030355	0.002046048357297432	0.008128112115111765	0.0010326426741173332	0.051643705384679474	0.006107479396117144	0.020871053526192996	0.003346773379135173	0.02389086528590697	0.0036753448729019093	0.1240729866526971	0.019709603649942977	0.09654531594665039	0.021394958126765864	0.0557240824481326	0.008544366175580265	0.06020299146518222	0.010144991471181863	0.015655774519514578	0.00229708960824059	0.004879128914593896	0.0029413967992895805	0.00040694851595171264	0.0023558594197027605	0.0002734770340138438	0.02029950228856662	0.0038569882123356655	0.015848114938446626	0.004340268105505744	0.011364473732989175	0.001286890404806395	0.011994149045252561	0.002712262627885271	4.51252652024912	Dd2_C580Y	3.0	True	2
Dd2_C580Y_6h_DHA_rep2	0.01925129386539975	0.017826181342133776	0.06457330736727497	0.07067878966257844	0.0440569654288546	0.027610874046908894	0.02420898516888235	0.09336826770756987	0.11795405932377681	0.07656966894310854	0.021785250879525028	0.14420442620265655	0.01962070355786996	0.027530393017851984	0.026256169622779282	0.06381697375559928	0.04077561651806266	0.037590795229627307	0.004870468615336636	0.057450809744203434	0.036965017160577054	0.007091948268277549	0.048068089932648515	0.010437841042375743	0.008758452771692961	0.0017927665539581574	0.006034746950653723	0.0014777716917794292	0.03640883441506488	0.006277814346383414	0.050681618946121575	0.021785250879525028	0.015014656595647064	0.0023858113244441584	0.015528075644617194	0.004662251664918889	0.014607684560318607	0.005190556026627123	0.016676331387505017	0.0030565435902164956	0.007722729546946702	0.0020214443365860046	0.008927704134425516	0.0009488255399117387	0.01037068073593148	0.004786338721046337	0.021871924120540214	0.0037466729405446334	0.007974242377765778	0.0020452343796343335	0.008197369849829158	0.0010344472581704808	0.051401019517015215	0.006049790227188217	0.020880523703621607	0.003328461465260743	0.023845680238746635	0.003684712779105349	0.12443053922882168	0.01977388697383487	0.09654984170631656	0.021404217617460246	0.05601248071730475	0.008560826649970226	0.06048437035193588	0.010194419310642562	0.015552809840119317	0.002273371502014458	0.004870468615336636	0.002945292989434555	0.0004041879309106548	0.002355310091549756	0.0002705495630631167	0.020426118342017303	0.003859739848914738	0.015922674074064787	0.004358154973756413	0.011491672989374915	0.0012853576195029598	0.012097615234668388	0.002736228203362634	4.5107858381871955	Dd2_C580Y	6.0	True	2
Dd2_C580Y_24h_DHA_rep2	0.019325020220379817	0.017796404434014212	0.06434906828862826	0.07091104413641638	0.04394676217673274	0.027854982477129576	0.024285775129426708	0.09316309107663931	0.11817831679139872	0.07643487791339375	0.02173853258490233	0.14343660547527565	0.019882686519626633	0.02764522070389582	0.026332032209631897	0.06381364151313078	0.04090160321529676	0.03771582662888003	0.004926497125108158	0.057362011380092635	0.0368381478226131	0.007108614354119646	0.04792780526195052	0.01041205942389983	0.008767414265353558	0.0018053197396767548	0.0060534294033808165	0.0014688498191322713	0.03632237232527759	0.0062799069871160955	0.05056081176424562	0.02173853258490233	0.015067627679949316	0.0024028569543385063	0.015574802143759246	0.00467053985083297	0.0146945848910143	0.005182780135680822	0.016699169519136924	0.0030298332819979658	0.007829952749105244	0.002059488293796677	0.009035978192720107	0.0009572672840046052	0.01041467329536724	0.004801858816149865	0.02194336992981689	0.0037417011739627605	0.007984512601363016	0.0020609216890673174	0.00824969165436684	0.0010298942755826426	0.05126720413575374	0.006094807244338896	0.020914758523940313	0.0033710166054863955	0.023963374145044417	0.0036818465588514043	0.12366837571307243	0.0197682297622032	0.09675223236863376	0.021426084422764963	0.05576659838551799	0.008582469903110257	0.06067028445494463	0.010240759681471754	0.015513854942588496	0.002282549491425715	0.004926497125108158	0.002942081579804111	0.00040724124029600073	0.0023509108110250287	0.00027538209691026276	0.020346739829016223	0.0038605338562845413	0.0159993391505752	0.0043570773310212954	0.011552022401479161	0.0013078293139211635	0.012226810923795248	0.0027683198379340026	4.515628262242617	Dd2_C580Y	24.0	True	2
Dd2_C580Y_32h_DHA_rep2	0.019483937849491116	0.017840526683932673	0.0640926945422415	0.07076993843379897	0.044190765273072724	0.027882091448488612	0.02426746664103792	0.09356314254071262	0.11826033038442149	0.07682130755620219	0.021709944823669086	0.1425278736998917	0.01987364475106174	0.027636701280584465	0.026395836222155862	0.06368698869135374	0.04087699253912236	0.0378319834174287	0.004927040757016234	0.057360792464316385	0.0370283344964719	0.0071624307766008245	0.048171145564925404	0.010472228452602154	0.008799458069408036	0.001817212476103844	0.0060803388673180536	0.0014809241258446856	0.036507212139468816	0.006336796306524479	0.05071913409471932	0.021709944823669086	0.01512119065240378	0.0024354599249289013	0.015593275979370397	0.004682056860725616	0.014698440314027396	0.005186454692454611	0.016663302962824283	0.003024766571892521	0.007817775911487468	0.0020643840798746094	0.009035986854394487	0.0009554979053051729	0.01042688053267403	0.004820027149986774	0.021898836998200936	0.0037312478582606223	0.008094348153224955	0.0020937414295077355	0.008259115205349958	0.0010367330614084657	0.05125527635839075	0.006105516105925631	0.020882152562798226	0.003385314078239692	0.023945330800110423	0.0036913704804740423	0.12285954311575818	0.019668330584133517	0.09678685441245587	0.021473475971965632	0.0555333507847232	0.008559343757518292	0.06057363027594819	0.01019630815785079	0.015552211300173624	0.0022883153837590505	0.004927040757016234	0.002956258806099809	0.00040622713232576146	0.002362511098912179	0.0002728229901465196	0.020251987919288394	0.003862036230866535	0.016027489082992258	0.004370527111679335	0.01154450885644663	0.0013053629807557668	0.012258570998548582	0.002773648612737633	4.507274674059033	Dd2_C580Y	32.0	True	2
Dd2_C580Y_48h_DHA_rep2	0.019517412888112606	0.01782757234653374	0.06411427437439007	0.07080272803365589	0.044183743469609044	0.027862922131630913	0.024268152143499557	0.09320043370711961	0.1178577881010974	0.07671144899203632	0.021864028190105404	0.14266663560690016	0.019888224752805016	0.027708519199653316	0.026261863079477053	0.06406178847283836	0.040984290633710924	0.03785374238339201	0.004925961003366261	0.057438470490066215	0.036933353130307524	0.007250390339301519	0.04791381188770316	0.010527363990092542	0.008841714187735598	0.0018416923810708067	0.006083047747136087	0.001503818798298127	0.03626895614377144	0.0063300932305019155	0.05060138433284626	0.021864028190105404	0.015089857826113853	0.0024308409439485154	0.015612672960486407	0.004720370652843231	0.01480854824374837	0.005223587592972213	0.01673457474329854	0.0030295117006226015	0.007848901680257429	0.002073455021330877	0.009015025038519066	0.0009508430126976453	0.010495152543923303	0.004823612254140177	0.02192443115835868	0.0037410946772887567	0.008086640109617783	0.0020874920672364784	0.008298128912657726	0.0010451517986006201	0.05125721164633336	0.006181258843732858	0.020834946758180286	0.003433205385319272	0.024012334084115673	0.003696185115537645	0.1228463847883782	0.019820250818521963	0.09633786534598451	0.02151992275511288	0.055482424278458994	0.008631850095931082	0.06056361804149751	0.010239109992158383	0.015523800293120072	0.0023037720534136654	0.004925961003366261	0.0029519968222595514	0.0004139536481728121	0.0023652059806029586	0.00027188590105407237	0.020365429674555093	0.003900136517641535	0.015926518262699727	0.004332302464687931	0.011523476544268824	0.0013114391132204126	0.012261794148885475	0.0027662123252562005	4.47668267410931	Dd2_C580Y	48.0	True	2
Dd2_C580Y_3h_DHA_rep3	0.01885801613954718	0.017855530290200084	0.06432928096226545	0.07019235495853238	0.04436754660297777	0.026990083777233168	0.02430235771431899	0.09405775483238503	0.11853382493521354	0.07669064792005133	0.021769222332618392	0.14492006309948904	0.019344582610778916	0.02759522023516363	0.026079100936467186	0.06355433895452067	0.04061791052143106	0.03722515320466719	0.004796530376194188	0.057920479595944645	0.037203025174222734	0.007164521428755039	0.048044242400139034	0.01044684745986482	0.008820071262839487	0.0018087405328411784	0.006070687245421315	0.0015000590189454981	0.03657150115634887	0.006324987723255328	0.05116126595278083	0.021769222332618392	0.014805847927666517	0.0023806952986310825	0.015391913658609742	0.004646696319759848	0.014598912927507339	0.0052002472568004774	0.016608427522411387	0.0030385639488402835	0.007650605845607262	0.002009778008887519	0.008747316674755399	0.0009368820815287392	0.010296240818675279	0.0047377763872799685	0.02185470067044187	0.0037291926450339387	0.00780829721292431	0.0020067951148673826	0.008023991282911057	0.00101893252884443	0.051800105403132374	0.006120374192812273	0.020949436585442762	0.0033529211288762257	0.023922239992732065	0.003672980242431564	0.12504848859601542	0.019871574503473616	0.09707520359151206	0.021458621343701485	0.055759241406497004	0.008570039555768452	0.060092226750589776	0.010100128207942606	0.015573984475597928	0.002281545814602156	0.004796530376194188	0.0029162687634460126	0.0004033095521429682	0.0023510679102692815	0.0002739075290891459	0.020241022707043043	0.0038671645919181436	0.01578144248505804	0.004353104696461738	0.011184596875622177	0.001266800287379938	0.011834811994666359	0.0027038746195646953	4.523832264741718	Dd2_C580Y	3.0	True	3
Dd2_C580Y_6h_DHA_rep3	0.019049220521770552	0.017798492254751164	0.06441298923064953	0.07053072085047705	0.04418539171456891	0.027285951816696807	0.024255912542333075	0.09370528218206214	0.11840261573612253	0.07663300532890834	0.021767413155541898	0.14437051559832179	0.019484923221426996	0.027608567122232783	0.026199232115164693	0.06369562036181114	0.040714307024283934	0.03734979950117302	0.00484081087511358	0.05770922884659001	0.03704718459748221	0.007138207117086693	0.0480346925561919	0.010435220544818304	0.008802206415021326	0.0018012062100904347	0.006067774164374396	0.001491905438411981	0.03649230422801396	0.006309663368429304	0.050903314585618885	0.021767413155541898	0.01488716825113028	0.002380350100301224	0.01544011275066286	0.00464216839907866	0.014629830444781266	0.005196076990895191	0.01666392504509916	0.0030406572841783154	0.00769113016642288	0.0020182778135780484	0.008831916949688734	0.0009435982917373313	0.010337665468644654	0.004753635569863192	0.021882527829321756	0.0037404781564543328	0.00788560356848314	0.0020246942871035593	0.008114299822015463	0.0010246228441683886	0.051608951117652235	0.0061002777289377716	0.02091643178673941	0.0033394807555936663	0.02392416025803223	0.003684406864200552	0.12457274688448369	0.01979776871383809	0.09696292052614053	0.021439695209981995	0.05583768192469723	0.008575307305952304	0.060379979916571826	0.01015074093390523	0.015524462570794753	0.002274029683956409	0.00484081087511358	0.00293138915809543	0.00040115489789951817	0.0023586796218826784	0.00027237152294171194	0.020298372657752247	0.00386675793910497	0.015882193739432292	0.0043534431749130634	0.011316750921926893	0.001274883784455067	0.011972883568994225	0.00272143354132062	4.522588571175026	Dd2_C580Y	6.0	True	3
Dd2_C580Y_24h_DHA_rep3	0.019284822075329153	0.01790389539008666	0.06389017985569456	0.07062643460615084	0.044326956845721195	0.0275335577108518	0.0242734551711678	0.09399308744821777	0.11871566554700518	0.0770024802904845	0.021681199287597635	0.14248057857247515	0.019769297643553743	0.027686672010436786	0.02628454097135396	0.06351864483674574	0.04085804255816986	0.03756213494868463	0.004912581574143253	0.05769577265612994	0.03711723563025053	0.007209721215470667	0.04815178658932809	0.010485570940388095	0.00886703141150276	0.001841619893000371	0.006150261889206969	0.0015062095670582306	0.03657237790032461	0.006353308194409036	0.051067401353484136	0.021681199287597635	0.015010077402086736	0.0024207813233141193	0.01548194068409581	0.004649335539187966	0.014733713702779067	0.005192167967517729	0.016651954481261486	0.0030176807789502194	0.007826843423102131	0.002057451289621309	0.008932584183840332	0.0009524187469899716	0.01039816699476	0.004769338587213526	0.021950366321322974	0.0037401706548733592	0.007997494894964978	0.0020621923231018096	0.00818566949387682	0.001039465363385547	0.0515407524972402	0.006155020158889738	0.020903416061176676	0.0033700391099911247	0.023986472867250957	0.0037001991431858294	0.1227897076570149	0.019690870915460245	0.09724877538875427	0.0214668901582509	0.055320247708203624	0.008569932147490937	0.06042813274460098	0.010198301861549864	0.01559305964857465	0.00231083574151201	0.004912581574143253	0.002942336701868039	0.0004076136027585459	0.0023631018879292027	0.00027524159623514775	0.02006210590370104	0.003861022002536204	0.015925730456057347	0.004370516726505677	0.01136149125854098	0.0013010357074539978	0.012109907569695776	0.00276112317516105	4.530175291896029	Dd2_C580Y	24.0	True	3
Dd2_C580Y_32h_DHA_rep3	0.019261740811911267	0.017813731597563366	0.06398744248804991	0.07041181723774753	0.04440826793609682	0.02750810903575522	0.024310969820981486	0.09388668891321988	0.11830642435989723	0.07697120015065291	0.021717433230911964	0.14304611239284618	0.019695556020715634	0.027636657546366128	0.026299592414637758	0.06366766773975875	0.04082375744754527	0.03766113925613524	0.004877965261615104	0.05770772633759235	0.037187996861428776	0.007220271074668044	0.04821275002728	0.010463485141833692	0.008850053552966284	0.001829819849367852	0.006120558190441663	0.0014945333887634155	0.03656820216790578	0.0063476558412820456	0.05097083090403205	0.021717433230911964	0.015054822947981501	0.002426129223052414	0.01553000922574725	0.004650177859354074	0.014736618580330702	0.005197620948465648	0.01668051501224063	0.003031050574687687	0.007778198249730841	0.0020417297937682997	0.008928936165333645	0.0009466918118828472	0.010380709350106342	0.004787162825725915	0.021912390324288555	0.0037434949474244575	0.007993139556248727	0.0020579380912897367	0.008187561665594784	0.0010231014987780174	0.05156637315967623	0.0061413531779161215	0.020939214593822735	0.003371755227158749	0.023942540013506864	0.0036941175328592648	0.12333985747356187	0.01970625491928431	0.0968616802880624	0.02144474407183483	0.0554415921483514	0.008545850339698518	0.0602784081352439	0.010133409102503627	0.015527426331838417	0.0022863052657249505	0.004877965261615104	0.0029315483628850557	0.00040305382038967054	0.002351642194164209	0.00027358225427624743	0.020144270762747347	0.0038775918612867356	0.015971458568879382	0.004368307214043194	0.011349418782399699	0.001289268745555631	0.01211920784649955	0.0027502136613003435	4.516802810217675	Dd2_C580Y	32.0	True	3
Dd2_C580Y_48h_DHA_rep3	0.019145754612682354	0.017695780596415536	0.06397095025700675	0.0706903021810931	0.044247084302929646	0.027368153181987546	0.024297641080354412	0.0937047112000925	0.1186817799884334	0.07673150580864706	0.021791839086814976	0.143345033888226	0.01966419933127779	0.02774859829812359	0.026196718370950185	0.06386166987409801	0.040801852029736914	0.03757060227951075	0.00484537038611618	0.057640453245503334	0.036979044821757595	0.007268039481172048	0.04795884008749541	0.010489396039077652	0.008846260624115488	0.0018336043932074071	0.006095517474338984	0.0015078871904121228	0.03641369970594934	0.0063791668149827995	0.050911844679160344	0.021791839086814976	0.014998258916890878	0.002416816803321611	0.015504799781385758	0.004650726777912502	0.014815191539282575	0.005215142926847592	0.01670364024427405	0.0030174099237537874	0.007786105979594206	0.002032026868019792	0.00890983278839215	0.000936233695271642	0.01040935272391632	0.00477049910058992	0.021896706995848406	0.003725293209382271	0.007931067253293792	0.0020398798245236482	0.008152599582423018	0.0010222079524418962	0.0514446260677045	0.006195827177798835	0.020889180808775092	0.0034084602715793214	0.024052807119358685	0.003695791178764906	0.1234757297098415	0.019869304178384496	0.09712463838792412	0.02155714160050928	0.05538576833507426	0.008585181921932486	0.06052102935641118	0.010169272824681908	0.015421507275228634	0.0022742733211869024	0.00484537038611618	0.0029218490789433243	0.00039897933626899105	0.002337797696640761	0.00026942163426269954	0.020202394463125686	0.003907890776814314	0.015933397675961157	0.004335272948873253	0.011243192117759855	0.0012853804662775097	0.01209903815834247	0.0027405424396077112	4.5054506848732485	Dd2_C580Y	48.0	True	3
Cam3II_revWT_0h_rep1	0.018647157127815766	0.01779687022719124	0.06396265675175074	0.06993263939438335	0.04459907058116256	0.026756470084654097	0.02430963949437451	0.09435750097311464	0.11820964997819795	0.07669088398895166	0.02190368597078986	0.14563335904751798	0.01931145451051349	0.027490990576417934	0.026019509949111123	0.06364423616229437	0.04053643840871988	0.037334848642440764	0.004762327473906716	0.05810061065669164	0.03740090090520623	0.00719816967595633	0.04806578848897721	0.010448023992382337	0.00882844029955094	0.001803866316939742	0.006042280421860167	0.0015024844692412525	0.036603852731593806	0.006334517699453747	0.051419130542067086	0.02190368597078986	0.014867631474427786	0.0023717814376087443	0.0154401700170351	0.004655265713369135	0.01461079057915847	0.005203123916406379	0.016669142584417918	0.003056106066356166	0.007669388622125615	0.0019939152188052697	0.008724566539599429	0.0009235841299831742	0.010265439517704329	0.004716011355643599	0.021826345366508317	0.0037286421688636335	0.007736917877679275	0.001973149367741162	0.007939545208847576	0.0009975446735477527	0.05196418204223151	0.006136428614460133	0.02094976289567582	0.0033598765986986917	0.023830679726212278	0.0036603108502056576	0.1256680211745602	0.01996533787295778	0.09676751968318881	0.021442130295009142	0.05547039893587264	0.008492257815878094	0.059899436244830795	0.010033203149552555	0.0155462475011846	0.00225062272600664	0.004762327473906716	0.002888343784063711	0.00039546484507983656	0.0023354848166525378	0.000270612697122281	0.020221780210147915	0.0038832928058075136	0.01579364272885303	0.004335961077339727	0.011058686930661627	0.001228166109645347	0.011761126513808865	0.0027084905305382575	4.512962021581986	Cam3II_revWT	0.0	False	1
Cam3II_revWT_8h_rep1	0.019000176452083364	0.017899172288305898	0.06400250637705965	0.07068655066934103	0.04437098083072849	0.027272069569081795	0.024285591172293744	0.09404923509659459	0.11812643403290285	0.07667409807151356	0.021883300513321047	0.14400404141024267	0.01963684762954435	0.027431880654605934	0.026234613761623303	0.06343466114911518	0.040519715467361786	0.03780993204146104	0.004821674751991563	0.057856518060828165	0.03718646962002969	0.007184511210698804	0.047940883281577674	0.010541862992780522	0.008786417464120495	0.0018171904866707892	0.0060786209933782745	0.0015091228529858075	0.03649431207372545	0.006326204886814475	0.05122871813605466	0.021883300513321047	0.015129280661000673	0.0023855856594446377	0.01555452772611294	0.004740537994902798	0.014618263941820454	0.005186858753617907	0.016534675312489214	0.0030372494047695656	0.0078076590845502555	0.0020325002136445344	0.00884550437802163	0.0009511839533279282	0.010313983194165528	0.004735287508835317	0.02172187512708062	0.0037485696372803164	0.007891026290249877	0.0020264187187114986	0.008059895119400867	0.0010228363237211218	0.051698180344782525	0.006158337716045637	0.020879072289263452	0.003406518883030292	0.023733060589820783	0.0036988200647851514	0.12414351183775064	0.019860529572492028	0.09650355443426051	0.02162287959864234	0.05542588041992108	0.008576625957138564	0.060377702769267697	0.010308847900073333	0.01561990212018216	0.002279270168123736	0.004821674751991563	0.00291379733081796	0.0004065380552518012	0.00235176526408253	0.0002743454130561392	0.02018237391174787	0.0038752398246701706	0.015898443776267316	0.004389723922147559	0.011272439697071989	0.0012873871661978889	0.011966649884147926	0.002745592821663989	4.463029727100722	Cam3II_revWT	8.0	False	1
Cam3II_revWT_16h_rep1	0.01927268614181688	0.017878226942409897	0.06401338138442902	0.0709230331836092	0.04403918394301283	0.027886714853764965	0.024357127976607575	0.09328259105972053	0.11786274789405382	0.07638663502425902	0.021865638559377076	0.14407090237249173	0.019819071778902176	0.02763914517996182	0.026244078335909665	0.06355640582669096	0.040807939333057285	0.03773460681125473	0.0048634461704530315	0.05749643722821791	0.036899031763504016	0.007140152179508814	0.04774038742369871	0.010535364359898935	0.00877400534281548	0.0017980878487926146	0.0060456363913428774	0.0014931536577104014	0.03620866097972379	0.006306900122655858	0.050767029957340885	0.021865638559377076	0.0150428064348398	0.002381413058659287	0.015547307570914817	0.004763079746840824	0.01461645852491124	0.005183491811468343	0.016510478828622728	0.0030167234846628856	0.007914145315388135	0.0020556831563137315	0.008898798356333882	0.0009504449508664242	0.010493143451475248	0.004776184414416215	0.021779184385591118	0.0037594270815747063	0.007970907366531424	0.0020510524467118375	0.008198220103976622	0.0010525062245969959	0.05132562121294708	0.006170816015270829	0.02087910012460698	0.0034780278520005962	0.02392788135790663	0.0037112638220551898	0.1241085665396967	0.019962335832795036	0.09618399641999575	0.021678751474058067	0.055362451396612965	0.00865092998781606	0.060617395909800635	0.01030563727380856	0.015574145269770448	0.00230408167263945	0.0048634461704530315	0.0029177720729791643	0.0004176874144616474	0.0023563211567617193	0.0002761279404627941	0.020345723770574597	0.0038835294064511754	0.015882375908262074	0.0043937938429822665	0.011604831168120335	0.0013183710301583114	0.012217151033519053	0.002746361621967264	4.436786709561876	Cam3II_revWT	16.0	False	1
Cam3II_revWT_24h_rep1	0.019517637991854835	0.017610813498669782	0.06405817795728949	0.07188971748771225	0.04376233714594747	0.02792893346119346	0.02421641290989222	0.09317653905224463	0.1185449936981969	0.07636389805546669	0.021943358275583552	0.14323639822044362	0.019530251188164184	0.027645036205014933	0.02650017434862171	0.06342442281951986	0.040761690912863247	0.03797235712467473	0.004758801129756922	0.05715804851688948	0.03669504228169022	0.0070672948642572534	0.04784633541580126	0.010512693253022561	0.008722132644258272	0.0017815526595086608	0.0060281071837629385	0.0014730768991129942	0.036249074882094584	0.006287460822521151	0.05064000334762889	0.021943358275583552	0.015237577177659622	0.0023956294794584714	0.015617357947348993	0.004721792520207647	0.014584063465119706	0.005121641847718328	0.01665680185319614	0.0030018052252099962	0.00781615901657886	0.001972995344135749	0.008822697080400586	0.0009183997470489895	0.01055998211650609	0.0047250864208880725	0.021708519588803248	0.003768102786665837	0.008147500054878385	0.0020449483448477	0.008278492358518956	0.0010466972336097946	0.05106206891187675	0.006095979605012725	0.020766016013245805	0.0034503968966464143	0.023960999369541738	0.003684036835473195	0.12347859694012812	0.01975780128031551	0.09667341971761013	0.021871573980586777	0.05548909945376331	0.008569078503526183	0.06156701121611993	0.010322706271592316	0.01535170082484011	0.00225911267382967	0.004758801129756922	0.0029167373927141147	0.0004147172925598946	0.0023682468773586584	0.0002692459360472504	0.020173954652650553	0.0038861557756251323	0.016098689170673645	0.004432537679268146	0.011577117196101373	0.0012754778072317156	0.012347958753551564	0.0027283797043088096	4.420048589251854	Cam3II_revWT	24.0	False	1
Cam3II_revWT_32h_rep1	0.019033673787966623	0.017707399121744183	0.06356728401354482	0.07011376078834826	0.045003050162243596	0.027242569555618667	0.02435448498575004	0.09474570000895041	0.11839416828648669	0.07732250442297377	0.021886596382573748	0.1430108162805781	0.019366884794808744	0.027517525669815402	0.026378925519132807	0.06333015523188337	0.040397142985134214	0.03755248335444176	0.00480319090626991	0.05827168374173497	0.03764054942022107	0.007362500742022529	0.048372718289791866	0.010614213663078718	0.008855889211947403	0.0018270315964518855	0.006141272866357032	0.0015113787953468637	0.036814489837690374	0.006439166538192799	0.051492043633067246	0.021886596382573748	0.015056967440765125	0.0024317431667444447	0.015413967577189878	0.004649805169742309	0.014760397899200414	0.005201959373546397	0.01653924139100221	0.0030085654772487648	0.007682766967719118	0.001990832153620679	0.008790624460389012	0.0009026612130799341	0.010327101952429852	0.004748301787552028	0.0215992759784106	0.0037224632667417325	0.008001285518882476	0.0020452792093757738	0.008000601942334006	0.00098650711737437	0.052003943862394035	0.0062677398793409365	0.02090912963240729	0.003445355353342749	0.023828800515454517	0.003688725154360887	0.12325240876272542	0.019758407517852693	0.09666432694775524	0.021729841338731445	0.05505307819276629	0.008514205820778538	0.06005334393527922	0.010060416853069036	0.015454345009292752	0.0022530541124514292	0.00480319090626991	0.0028618427827354375	0.0003940855851862287	0.002355783332598962	0.0002752375648257733	0.019925315432416647	0.0038946756584689306	0.016084404681188658	0.004407571572597749	0.011176206107357143	0.0012557399028832836	0.012084411813505457	0.0027262117318727808	4.448459859458797	Cam3II_revWT	32.0	False	1
Cam3II_revWT_40h_rep1	0.018861790847791708	0.01761667624698508	0.06359959159352768	0.0700868180650135	0.044809238189040715	0.027125085407810164	0.02442257379543253	0.09396722167734661	0.11769887817361492	0.07683042312507052	0.02214144080077098	0.14443020314444394	0.019437444754734738	0.0275869392376098	0.02590254106753386	0.0643235238938708	0.040655674876841345	0.037452131084690386	0.004789695272145129	0.058262108745725634	0.03733689277681268	0.007472345412228035	0.04776516756210773	0.010654168398519289	0.00889705199849228	0.0018663480148393688	0.006114481287005969	0.0015332058641058836	0.03638038426180659	0.006399920453325037	0.05118691696221498	0.02214144080077098	0.014909518980487382	0.0024193471461552976	0.015442898620766568	0.004680366337281138	0.01510209922214015	0.005280831934010066	0.0166844980319845	0.003031027479675706	0.0077800869883506395	0.001995354826586778	0.008756684224618873	0.0009053187151784452	0.010448137472735748	0.004744803477902077	0.021745434608895158	0.00371729931730836	0.007846987590412335	0.001980763618730891	0.008031828771079016	0.0010022108675694634	0.051908591928651736	0.006353516817073899	0.020943488479899977	0.003479085315532551	0.02390164014810415	0.0036852990895056524	0.12434855548183679	0.02008164766260715	0.0960006019333916	0.021698276240223312	0.05502051760173863	0.008579073991789057	0.05995971192634276	0.01012710613867075	0.015356285610726035	0.002260390636259045	0.004789695272145129	0.002844597270652177	0.00039742461115432437	0.002305684901699654	0.0002658781468459128	0.02025298346858309	0.003972083757477291	0.015770243895454013	0.004318712241727777	0.01106079052463242	0.0012721708883404277	0.01206459784496431	0.002727526149873008	4.424342324273202	Cam3II_revWT	40.0	False	1
Cam3II_revWT_48h_rep1	0.018840229914559303	0.017665834053396678	0.06438260918959313	0.07091827952491916	0.043999393738606625	0.02720148797006385	0.024233782755748494	0.09331694422864908	0.11809847308283973	0.07615697218151381	0.022013917222998693	0.14556826626188774	0.019365311041925636	0.027576669269221338	0.026145803439556754	0.0640644074961178	0.04058488647959024	0.03755691673885042	0.00477821638058152	0.057531599029379925	0.03686053818024353	0.007138855558363098	0.04763802199820289	0.010496542337627571	0.008741999799873402	0.0017947397871498814	0.0059914455277899	0.0014942227308701794	0.03618248190534714	0.006292762165404826	0.05084170015789712	0.022013917222998693	0.01491910747002343	0.0023674643794497525	0.015559677600693773	0.004710667288683464	0.014749296387925413	0.005180143742670741	0.01667514413306974	0.0030449328272687177	0.007684982959973461	0.0019890180110834718	0.008763695904022477	0.0009276141668462286	0.010339462173040371	0.00470657252233457	0.021796660732787188	0.0037421910514281163	0.007821477507503637	0.0019674834254389717	0.0080459873705617	0.001005281611054996	0.0514008870464159	0.006130711982964024	0.020845431776427333	0.0033883509793211615	0.02388963266272534	0.003687036606495996	0.12548866215371918	0.02007960410816856	0.096429309244874	0.02166916383796573	0.055802080853381515	0.008580528336211611	0.06064798105347973	0.010270298471439426	0.015426114764095914	0.0022397192893007646	0.00477821638058152	0.0029121585600954836	0.0003960487975039779	0.0023298359965573967	0.00026756972554301326	0.020468365193113177	0.003946525212070017	0.0158830902644111	0.004357100095445781	0.011234201868612997	0.0012628785392723282	0.011976090832441241	0.002728316729737281	4.450070614904107	Cam3II_revWT	48.0	False	1
Cam3II_revWT_0h_rep2	0.018874764643158397	0.01754657381243942	0.06464925274253011	0.07208888898048228	0.04357503340834058	0.027336688453497245	0.02408870722449156	0.092670169273357	0.11835291236476835	0.07584316414508134	0.021957794795450895	0.1452279235926621	0.01957317283670349	0.027499784327147808	0.026299985215473897	0.06394670935550459	0.040573953947406836	0.03804253527417393	0.004852455795505052	0.056999529811825204	0.036566663259606336	0.00700837014873425	0.04746294185338101	0.010446067504045411	0.008678003520141418	0.0017795475854522822	0.0059957582937626795	0.0014808453882985454	0.035981490295244827	0.006221110370827943	0.050467568607284234	0.021957794795450895	0.015178985446172496	0.0023693617114552102	0.015719650749702455	0.004774537366843766	0.014582217466711183	0.005136843140079956	0.016639602084438918	0.0030625313023420445	0.007770435294395281	0.002010450998838807	0.008849013778944302	0.0009432727645251014	0.010313103907324062	0.004709916997828807	0.021806053681179806	0.003744879361074165	0.0077948012436693265	0.0019649294158041995	0.008091434487055137	0.0010235994966297346	0.05096943759499817	0.006030092216827034	0.020746816958435367	0.0033418902660561933	0.023810668813950685	0.003689115513197124	0.12526117777008947	0.01996674582257262	0.09669675967438975	0.021656152690378603	0.056066864058612255	0.008582388683917856	0.0616084997424257	0.010480389238056581	0.015305671969217166	0.002240901843222253	0.004852455795505052	0.0028969971817964495	0.0003984716699669134	0.002343193316088625	0.00027483496925528986	0.02060592062948697	0.003919594732445517	0.01599432716719074	0.004392160911175881	0.011314948785337845	0.0012665888544246557	0.012008563296912647	0.0027465875168220955	4.465094103134496	Cam3II_revWT	0.0	False	2
Cam3II_revWT_8h_rep2	0.01920319810288619	0.017787050669979633	0.06459919941516835	0.07189014292960685	0.043614646302819575	0.02762315943440002	0.02420814792463155	0.09291392905159875	0.11852567811019063	0.07577108499987452	0.021866293709633555	0.14422106327690423	0.019681466658530614	0.027531521397141948	0.026360442086390806	0.0635455357014772	0.040626815205997834	0.03800402342973289	0.004833812083900413	0.057192789509134624	0.0365629885416004	0.007051657761219176	0.04728343087022342	0.010499429502560989	0.008682145508441765	0.0017962624086003598	0.006020845280216749	0.0014889714298312315	0.03608375472828446	0.00627090801994432	0.05055926630336996	0.021866293709633555	0.015148683817174666	0.002380474869214698	0.015650163377336726	0.004824701366006804	0.01451295621129353	0.0051371840656200705	0.016486685099675328	0.0030443833083091208	0.007811911639229631	0.00204330348621444	0.008873726699229428	0.00095252483385711	0.010344495711834725	0.00474412381871202	0.02176153965335	0.0037766560221010877	0.007916303389272662	0.002038531264583177	0.008185901853497145	0.0010624615955332072	0.05109864633884827	0.006094143170286353	0.020795801093287585	0.003412346831343965	0.023819103706519393	0.0037124176906225548	0.1242576619657861	0.01996340131111814	0.09677805372763595	0.02174762438255468	0.055889381061515184	0.008709818353653167	0.061358046739013204	0.010532096190593657	0.01549546782745681	0.002291582842522822	0.004833812083900413	0.002928800238198078	0.0004181509266171863	0.002376673548621684	0.0002841898024651666	0.020465567012722192	0.003898760003856952	0.01593071853003411	0.0044219090404545814	0.01148785080318197	0.0013162814420165105	0.012058033707334928	0.0027609934818666124	4.450051740146319	Cam3II_revWT	8.0	False	2
Cam3II_revWT_16h_rep2	0.01943999503697519	0.01775761685180798	0.06426098628113276	0.0718004825537355	0.04345369326776026	0.027965416353494966	0.024313977833591578	0.09271027369122706	0.11800144218968402	0.07590928288323855	0.02187920903710685	0.14423274082221685	0.019894969569463898	0.027711366160462318	0.026307565125184867	0.06352559374178703	0.04092015223238365	0.037965948352490925	0.004815449281722455	0.0571338387345332	0.03642583908946373	0.007027854178296528	0.04732670355011294	0.010526626080641949	0.008724715638788573	0.0017889022970181121	0.006045296840730805	0.0014970384759461573	0.03599075523853209	0.006265159719380715	0.05045435873331425	0.02187920903710685	0.015154674578648593	0.0023923461008306074	0.015601329723906732	0.004817597949104999	0.014536572210006777	0.005150966640358881	0.016492036305680798	0.0030155373852282525	0.00794562855521997	0.002051836024141376	0.00894246699315226	0.0009550379969502903	0.010518075089806834	0.004775643221648339	0.021828050198159945	0.0037983837227685375	0.00802915949479357	0.002062526289804656	0.008263759457946723	0.0010845497944302407	0.05097657622077768	0.006157262513755517	0.02082244459763817	0.0034915332359534068	0.023999845345221316	0.0037115208152410026	0.12420109961517266	0.020031641207044187	0.09623547838183402	0.02176596380784999	0.055530994636839255	0.008729991644293512	0.06130176386443065	0.010498718689304859	0.01544452637110942	0.0023130904806985594	0.004815449281722455	0.0029370713667705877	0.00043058251080331186	0.0023847102740591304	0.0002797991334267726	0.02043573190941121	0.0038947492911011058	0.015869796841850744	0.0044056049982743204	0.011665209619487476	0.0013251255234372236	0.012213039192283696	0.002762042018286569	4.421374547499995	Cam3II_revWT	16.0	False	2
Cam3II_revWT_24h_rep2	0.01933615448460543	0.017623979431011263	0.06397608752193551	0.07140543839439865	0.04394391900453034	0.02759204237840486	0.02427017726842371	0.09379588672978424	0.11871084156750239	0.07654166704584436	0.02195331195409971	0.14360099287769384	0.01934203634193198	0.027611376935559612	0.026463559970080847	0.06324606925138002	0.04058300298162201	0.037798872115042154	0.004725719706738473	0.057478864039410556	0.03684845740738232	0.007095461597148014	0.04797935089944994	0.010520871657459357	0.008726947910941429	0.0017930084457275335	0.006039424698163558	0.001482063434102538	0.036487471175404046	0.006317861212014398	0.050990554342365796	0.02195331195409971	0.015150513576505372	0.0024033287596456746	0.015538218589482483	0.004706811189408621	0.014576008045727295	0.005131181543828448	0.01658137907997472	0.0030067194296697873	0.007719029834698723	0.0019609224792342178	0.008750444163658127	0.0009116398643409122	0.010460769001254403	0.0047054149166876795	0.021653217655518454	0.003763601408161473	0.008094130990031171	0.002045139344249098	0.008166072030229083	0.0010308121200960764	0.051351386695433196	0.006127477343977361	0.02082699979369846	0.003443177474725249	0.02391985714176472	0.0036915197937948925	0.12382363769621782	0.019777355181476036	0.0969023888493886	0.021808452718113793	0.055424671751728063	0.00855141577020745	0.06117345469073007	0.010231983703668578	0.015374079033538152	0.0022499003974731104	0.004725719706738473	0.002909193349320649	0.0004083142464418264	0.002368872487201101	0.0002709276758182293	0.020079981710261974	0.003870799441917789	0.016068263294999392	0.004437988916299646	0.011415329236358017	0.0012579226217495937	0.012192456269634765	0.0027263342506624842	4.443340850536491	Cam3II_revWT	24.0	False	2
Cam3II_revWT_32h_rep2	0.01883224921466877	0.017616619357141587	0.06389013078024754	0.07036897166440323	0.04456979881898338	0.02711631514966495	0.024397310003780096	0.0944025573578694	0.11842722416091978	0.0767400504590678	0.021985902941694908	0.14453605695287922	0.019209231538421634	0.02748040009494178	0.026318853402446836	0.06337987729352962	0.04032087829525815	0.03750488520702197	0.004712983659214083	0.05818970364784523	0.03730935925751084	0.007260439561472544	0.048055725136211445	0.010560759125456953	0.008734025215978958	0.0018036088420212832	0.006082265254645033	0.0015036668847541257	0.03665221859151786	0.006382739089480722	0.05136759967687081	0.021985902941694908	0.015000751360221339	0.002412333289708709	0.015413653862988881	0.004678146694103044	0.014741070490900926	0.005157293486518435	0.016485151328438342	0.00301722421195496	0.007634276974911867	0.0019715083205558087	0.008704908177235841	0.0008985380657181156	0.010306882040114491	0.00471373222175315	0.02156697497433348	0.003733289059057032	0.007902120797948149	0.0020082722479957465	0.00793205031147411	0.000989805857250768	0.05197297544982766	0.00621672819801757	0.020957878429460442	0.0034394315743196528	0.02378966609998857	0.0036907339949532082	0.12462779680546605	0.01990826014741315	0.09661579271650199	0.021811431444417786	0.05537085097754657	0.008519279802700968	0.06023500971894402	0.010133961945459208	0.015389900478317849	0.002226718878823738	0.004712983659214083	0.0028502227751521806	0.0003939736488503264	0.002352567478088004	0.0002761818479311261	0.020078989850914497	0.00390014792480245	0.016024284386737767	0.004421623265687433	0.011176469443113547	0.0012419076708380316	0.01197814183464218	0.002719796201071192	4.429594314463434	Cam3II_revWT	32.0	False	2
Cam3II_revWT_40h_rep2	0.018433500512474263	0.017433929070467445	0.06444470722202508	0.07129355471785778	0.04351940212722909	0.026911670043685394	0.024472856204744587	0.09307671051660962	0.11897056910700554	0.07539794283218383	0.02217470207628548	0.14683799038821488	0.019135736712149742	0.027748044531153503	0.025728942282174587	0.06442604394812305	0.04061422283750376	0.03706341886669217	0.0046520985111853175	0.057663957492234755	0.03628536217087511	0.0072340399563539815	0.04678698454257079	0.010526146249328286	0.008710862841299481	0.001836426133262723	0.006015436017817603	0.001522087047904955	0.035961188695088624	0.006355900148011788	0.050759621673509205	0.02217470207628548	0.014636581981216085	0.002375071980284838	0.015342949935534263	0.004708814969656988	0.015024832490317403	0.00519536876510641	0.016631928210410544	0.0030378230452550404	0.007673264744921955	0.001958143565545517	0.008612287649832538	0.0008920407518497316	0.010418312061955658	0.00467480078192561	0.021782922304050784	0.0037381876895717023	0.007603321972168536	0.0019148434569684174	0.007911281676494214	0.0010040534068430952	0.051406638681608885	0.0062573188106258715	0.020982144756999433	0.0034907114477451535	0.024059107058320334	0.003688937472833168	0.12639714450210898	0.0204408458861059	0.09702610773225828	0.021944461374747266	0.055752127484913004	0.008692579737112079	0.060948365552245726	0.010345189165612056	0.015205600712223455	0.00222832835824399	0.0046520985111853175	0.002832778627560719	0.0003950943638038408	0.002293623505686387	0.0002620020425578042	0.020532418875823383	0.004003672561210274	0.015606529098302274	0.004338914644263564	0.011014536783651092	0.001264955557676558	0.011913917371742232	0.002718260330615515	4.421439472828061	Cam3II_revWT	40.0	False	2
Cam3II_revWT_48h_rep2	0.0187754716955153	0.017669732891960895	0.06443943419220072	0.07102661603441705	0.043927007614104535	0.02706747670919201	0.02422207126373294	0.0933100814831388	0.11857665104015742	0.07602786873139272	0.02196805324262042	0.14566169841784346	0.01927207907942315	0.027579988778065383	0.02620062291670662	0.06397999060585488	0.04051831009254493	0.03745781208376373	0.004768500174119237	0.05755053295324595	0.03682248856635113	0.007104519047753402	0.047540784927718925	0.010470279352317612	0.008731257776157826	0.0017964752960145179	0.005989201026368609	0.0014998703528152156	0.03619849139730959	0.006285232561061131	0.05082635752476807	0.02196805324262042	0.014856013360070508	0.002363836792207152	0.015522507304294327	0.004715454627191742	0.014685966046713444	0.005174388093823207	0.016650102454273903	0.0030523510067707337	0.0076494425686407614	0.0019866244908426207	0.008711478558823859	0.0009245334611159109	0.0102921204116649	0.004699127507693027	0.021788616932724502	0.0037384452404625075	0.007782167809811829	0.001965072225007696	0.008017728150479093	0.0010105035102166856	0.05143381969481019	0.006116713258435759	0.020839462695722052	0.0033826085680108875	0.023887427642323204	0.003692561135742179	0.1255812992928237	0.020080399125019778	0.09686397844377927	0.021712672596378154	0.05584838188734056	0.008591052304860153	0.060734162766815834	0.010292453267601217	0.0154247338206808	0.0022449990712800926	0.004768500174119237	0.0029024614556393386	0.0004009854288343567	0.002335076966480766	0.00026980247871790405	0.0204738084090867	0.003943374595186884	0.015912497013533405	0.004379799573500852	0.01117550960942934	0.0012593830515441815	0.011903189375803785	0.002729394672414705	4.461172525575545	Cam3II_revWT	48.0	False	2
Cam3II_revWT_0h_rep3	0.018842611763669723	0.01767220069812188	0.06444465909630948	0.07144343293610543	0.04392575297476117	0.02723878222892759	0.02411811929011494	0.09307197331329845	0.11864062806655715	0.07624530218347599	0.021883613957857692	0.14476445931598755	0.01947743392696562	0.027546756902340055	0.026287848017652257	0.06405100495557726	0.040591090728443656	0.037619403714301086	0.004875363487466104	0.057259562442066717	0.03684938688276021	0.007076366092000964	0.04769058887310296	0.010459279510967597	0.008773147859553814	0.0017957390169875025	0.006031595359093438	0.0014949515637706758	0.03615764990312181	0.00626729591115764	0.050647027499019004	0.021883613957857692	0.014960673402906348	0.002359427655934362	0.015587657872329037	0.004711644783131335	0.014667906312679946	0.005185981924047267	0.01669629736853437	0.0030628917533869265	0.007717941848363356	0.002019360764364919	0.008796061497332208	0.0009440698169051393	0.010349859734947488	0.00471853156766251	0.02179689557312123	0.0037258038527124278	0.007786962202307441	0.00198061578307445	0.008056711415755683	0.0010183223625321492	0.051199765078120255	0.0060597973639464646	0.02078034889986861	0.0033377703902463286	0.02385989314468067	0.0036868637576593843	0.1248778492725215	0.019886610043466053	0.09701722015009007	0.021623407916467087	0.055870821623669124	0.00857383747264035	0.06111147871772277	0.010331954218382665	0.015426217757335214	0.0022459829407866657	0.004875363487466104	0.002910557376318553	0.00040118632549318394	0.002351728154313054	0.00027414364333711375	0.02052942167929717	0.00390850591763159	0.01598213333565329	0.004368099182537064	0.011257829093359034	0.001270122354287824	0.011971561346284609	0.002739269434996123	4.486675760124175	Cam3II_revWT	0.0	False	3
Cam3II_revWT_8h_rep3	0.019240413548507376	0.01782180560665487	0.06453340189210541	0.07183500443798112	0.043703847689236894	0.027651581721449103	0.024204643346079795	0.0930086672045637	0.11857453751805715	0.07598698234825906	0.02183664248435796	0.14382314865599055	0.01963160501329216	0.027512869775652024	0.026415944603544895	0.06351275644628811	0.040614227709243354	0.03798735673336605	0.004847293177173012	0.057257270088197386	0.03664851397403649	0.007055333715200401	0.04744312963589903	0.01052777459420633	0.008698958347350244	0.0017945642833377968	0.00602721941445514	0.001495336073010532	0.03610709655271517	0.006270368319976588	0.05063120233187195	0.02183664248435796	0.015143004006496893	0.002380573006229676	0.01564423187601056	0.004819547844628917	0.014514330616865204	0.005127441938349397	0.016479760136489822	0.0030431766886664493	0.00777913822550052	0.002037161088920583	0.008857719311514951	0.0009575863873561059	0.010352748793148103	0.004736462427855131	0.021752004185699936	0.0037730123025401887	0.007939239262958695	0.002049278779517397	0.008185156931150295	0.0010667385748809879	0.0511535111731583	0.0061037589150390896	0.02078874321590425	0.0034159001301755434	0.02380640934191466	0.003706460433737364	0.12393462141815256	0.019888527237837992	0.09677808347810146	0.02179645403995568	0.05583529602170326	0.00869810587040215	0.061293053316344236	0.01054195112163688	0.015525859530348225	0.0022959460763066447	0.004847293177173012	0.002951106869545632	0.0004204363601024154	0.0023821761841316385	0.0002856662908772098	0.020456529579167458	0.0038915174867497717	0.015959604502904564	0.004416954395983434	0.011509704357576544	0.0013176848919911133	0.012055880106404536	0.0027683123654769102	4.440083845780368	Cam3II_revWT	8.0	False	3
Cam3II_revWT_16h_rep3	0.019363177273516035	0.01788027648460222	0.06436728800146507	0.0711635069444565	0.04375225772334601	0.02785503365896135	0.024354485666017816	0.09295733261163298	0.11840597085997959	0.07599875182233518	0.02181814959491225	0.14415431897029368	0.01969328351683142	0.02769239211249484	0.026342736957864446	0.06349490341454754	0.040849812041828346	0.03757433632292323	0.004853501346693621	0.057428484675297806	0.036693868859841376	0.007058388863504631	0.047426672334250436	0.010509089808720935	0.008741209691697858	0.0017973050650763982	0.006027046675539556	0.00149742824704998	0.036076586360506833	0.006287767820790593	0.050592978430335556	0.02181814959491225	0.014929255200061624	0.0023830099234148365	0.015477966945660901	0.004784104253785861	0.014527006873793196	0.005157575316422087	0.01646860206380254	0.003018520334997863	0.007816363336447441	0.0020578571699558174	0.008861259823159594	0.0009578031872685653	0.010451672587832337	0.004781020599406157	0.021817541203975013	0.003799577650614837	0.007976721264785346	0.002073642361456443	0.008235838674629077	0.0010769749726451709	0.05125696291860462	0.006171521756693184	0.02086889815096733	0.0034855875150504854	0.02397351354528881	0.0037188785672060297	0.12415790485238433	0.01999641411790936	0.09666783487624651	0.021738135983733066	0.055617513943728936	0.008749774057736142	0.06081373887886446	0.010349768065592046	0.015557794497060145	0.0023224819875420754	0.004853501346693621	0.0029543217752045392	0.0004303303761413316	0.002383060110409911	0.00028167103791928717	0.0204391359034808	0.0038840629220510607	0.01589350359729587	0.0043998500608935075	0.011622572572607232	0.0013351907247855233	0.012147319178749793	0.002749951182818798	4.446923827718455	Cam3II_revWT	16.0	False	3
Cam3II_revWT_24h_rep3	0.019355315003363745	0.01776752025665629	0.06358090070668225	0.07074291883129204	0.044319475868334596	0.0274143441725122	0.024332521770665236	0.09427767005046697	0.11832133948321136	0.07692793305003112	0.02197183828514304	0.14351847440467358	0.019357014749361016	0.02757850016985602	0.026317528979304748	0.06327232087658527	0.04061274482923088	0.03779509900848875	0.0047278960390669195	0.05780864346507378	0.03715092185463205	0.007168554013702548	0.04814946984843594	0.01058846291066381	0.008818306387460487	0.0018054191253712869	0.0060742023921825745	0.0014920723859170168	0.03666830098682987	0.006350083734192855	0.05125928532944425	0.02197183828514304	0.015166905951377185	0.0024246174724551614	0.015517928005810179	0.00468564757884622	0.014626779929239461	0.005163400468940187	0.01660881676875875	0.0030094738630591722	0.00771402393193136	0.001977663750108721	0.008751051917429467	0.0009142751498914662	0.010478620053491804	0.004718024479042535	0.02167538315553242	0.0037407171411641205	0.008121511393988737	0.0020576003231756847	0.008145585476125518	0.0010306178100738031	0.05162211162396023	0.006186531841113547	0.020878710019363544	0.0034538117513016916	0.023887577392371715	0.003690922777484306	0.12372661220791858	0.019791862196755005	0.09666567441651451	0.021655665066696847	0.05505692127218096	0.008523979434501287	0.06059717014399073	0.010145748687301304	0.015486725070272545	0.0022807951863837443	0.0047278960390669195	0.0029200887256356357	0.0004073746805961963	0.0023638951790215025	0.000268336350022712	0.01998471109480727	0.0038791387517804333	0.015948886174952565	0.004408947869076139	0.011334795776989197	0.0012542654530294309	0.012103755595414897	0.0027215273470786736	4.46375921121775	Cam3II_revWT	24.0	False	3
Cam3II_revWT_32h_rep3	0.018579514135227907	0.0175556164821838	0.06409144398376526	0.07052577924342304	0.0443110276846784	0.02685489178709139	0.024466030740871475	0.09434691542061857	0.11902351203304029	0.0764045146728376	0.021964548485624073	0.14555255522508337	0.01900153439188118	0.02751200748964867	0.026249266095301812	0.06325169512999301	0.0402289982089706	0.03723153076305724	0.004639520198047911	0.05820909782865424	0.03709113750359539	0.007219890181083009	0.04786874122446348	0.010485765676271788	0.00870285186337606	0.0018006822061217534	0.006051965129255566	0.0014945085733489459	0.03658796000971425	0.0063953299199106745	0.051363625490993645	0.021964548485624073	0.014847752858143734	0.0023963419862560276	0.015328647038339825	0.004658788880317653	0.01467341656275861	0.005143395529934599	0.016448059304190816	0.003013887730866021	0.007547909163786192	0.0019482855899898511	0.008621324112857019	0.0008840155252481173	0.010259364589389405	0.004690146403063165	0.021558851740811652	0.0037206354757063752	0.007786547169896715	0.0019761753447407084	0.007840326671564722	0.0009764649490257606	0.052008527242669904	0.006200570585984333	0.021019338108905015	0.0034466926319664595	0.02383010294030311	0.003681904549345563	0.12550567819424865	0.020046877030834714	0.09716722394921917	0.021856288083821125	0.05555626835592041	0.008535175627844848	0.0604133330909317	0.010112446152491343	0.015341746233077427	0.0022138702491063715	0.004639520198047911	0.0028410774312601565	0.0003914924867450665	0.002342981254010019	0.0002745348745090889	0.020079379073122496	0.0038935569291204653	0.01597884424434507	0.004420335804432411	0.011054856788479792	0.0012285808659078827	0.011877631009444391	0.0026938231232593256	4.445733126163638	Cam3II_revWT	32.0	False	3
Cam3II_revWT_40h_rep3	0.018311327978414376	0.01733389450679856	0.06443377795593405	0.07077004068068772	0.043599863093914754	0.026768994811392093	0.024606813599332433	0.09311918314164742	0.11893386857866681	0.07529054480997847	0.022250321225393634	0.1477608227176088	0.018995230818549376	0.027705168779424416	0.0256929223082637	0.0643929064889144	0.04054895590904463	0.03686866168565322	0.004600227147297593	0.05801647376308329	0.03633388211093768	0.007265980982977072	0.046773813842646936	0.010484924359210843	0.008693357384415599	0.001829410020252995	0.006002800695123159	0.0015062385083289462	0.035964807635578376	0.006361501173238136	0.05079287433283091	0.022250321225393634	0.014563140870240946	0.0023639086078028233	0.015274021659101421	0.004667590548508024	0.015050554648523475	0.005202599482561053	0.016621379706081737	0.003040513943990546	0.007623588941016276	0.0019362889770959085	0.008555318099829397	0.0008800348006077946	0.010393159211229417	0.004672934999450706	0.021757628740883793	0.003725232957480715	0.007568161455614965	0.0018936992244974768	0.00785720773128662	0.0009922595670153157	0.0517293444155972	0.006287129347486093	0.02110302409685071	0.0035037895024817222	0.024022601558023812	0.0036825672214006048	0.1272619859132405	0.020498836804368276	0.09696459683269901	0.0219692717459678	0.05578401015132118	0.008649767804612869	0.06054259903420966	0.010227441646478062	0.015129111227664513	0.0022047832791340463	0.004600227147297593	0.0028100591026808453	0.0003899352614578452	0.0022881314312128767	0.0002626296997489554	0.02047907860162478	0.003998780106132799	0.015612433084630653	0.004329733728532523	0.010962417942752092	0.0012427305353263835	0.011859407821912714	0.0027044385114009034	4.413646385456346	Cam3II_revWT	40.0	False	3
Cam3II_revWT_48h_rep3	0.01862344256387555	0.01754644864984576	0.06437691777864854	0.07100981693482739	0.0437693043336581	0.026889107286282573	0.02431852048825478	0.09332030994014517	0.11866113844166172	0.07570276421517724	0.022039680417514987	0.1465917649196222	0.01919646211252509	0.027684102558960536	0.02614339065090303	0.06395959450776735	0.0405621541633469	0.03730377287972836	0.004706558369993316	0.05759474878726166	0.03666520322634501	0.007104101107313088	0.04728498394676449	0.010448935043717	0.008707946580468754	0.0017942768443336725	0.005973307563260733	0.0014933142366326043	0.0361516074158303	0.006302846817819391	0.050865855706495475	0.022039680417514987	0.014766776505498382	0.0023641936123867248	0.015473309940772636	0.004699492821070611	0.014719550438767909	0.005180930533970359	0.016638984199144766	0.003042902391530524	0.00762931605961113	0.0019689753058969705	0.008687181168609448	0.0009109895784075401	0.010307417429989077	0.004682505754803279	0.021832422758809866	0.003739808219744676	0.007723703322871117	0.001937270656160382	0.007962923995089138	0.0009995445897549137	0.05144160289104807	0.006153145896213592	0.020909537944189305	0.0034089825440654746	0.02398783651884745	0.0036962660401130853	0.1262931024608673	0.0202986624587549	0.09690165262733401	0.02175948581432771	0.055784387034238526	0.008592530744410016	0.060745370199319366	0.010264446735508017	0.015310188004644877	0.002236260645200881	0.004706558369993316	0.0028917961650300494	0.000399733564384594	0.0023238559538439067	0.00026748732700807124	0.020417425837565808	0.003959801106787994	0.01587576000363885	0.004384757636997559	0.011056597134171375	0.001248098048194414	0.011869527343942211	0.0027148847599745723	4.453306178932239	Cam3II_revWT	48.0	False	3
Cam3II_revWT_8h_DHA_rep1	0.01898008052939883	0.01750203567879665	0.06493487134152366	0.0728566036028424	0.043260276620018516	0.02766098336353984	0.02406894250074271	0.0923335713611402	0.11902911566627729	0.07563185025989402	0.021840311661278512	0.144398949261964	0.019602557095133134	0.027539310595708074	0.02648570162324642	0.06374783023935772	0.040508555705291806	0.03792666160188159	0.00481973006586347	0.05687206122610117	0.036288531639428565	0.006971744980589949	0.047320637484287366	0.010423149160550064	0.008631052846781945	0.0017752111334882255	0.006009423496877496	0.0014723761379089267	0.03587653513331209	0.006212212904420404	0.050244823323407704	0.021840311661278512	0.015148125436896595	0.0023597412803822776	0.015673456891648896	0.0047453379929538195	0.014574820852238926	0.0051104314243200655	0.016548735419964437	0.003031237462619961	0.007805978379915201	0.0019930576014699055	0.008867680938363175	0.0009358401753848533	0.010372969463743983	0.004688072800042167	0.021704726280830578	0.003742787160675078	0.007827987989504678	0.0019620243141161378	0.008160474390416915	0.0010295938353610996	0.05085954149930958	0.006012519726791586	0.020699176391396755	0.0033697661093459543	0.02384150989179655	0.003697800703911523	0.12453813906324031	0.01986081019872369	0.09712364806971857	0.021905467596558717	0.05631215766430967	0.00862271367721399	0.06225031192654236	0.01060629167630005	0.015275611333592055	0.002226424345204595	0.00481973006586347	0.0028917000042271786	0.00040134000656146917	0.002351991486520958	0.00027365409365845444	0.02056613314208618	0.0039164719381281545	0.016125300030335025	0.004441716001943338	0.011442920547130957	0.0012705451615485407	0.012199303334812532	0.002748214320047811	4.433762833027878	Cam3II_revWT	8.0	True	1
Cam3II_revWT_16h_DHA_rep1	0.019119522147775098	0.017533361887776377	0.06445273222496184	0.07357575768655097	0.043074364090065195	0.027778644447352164	0.024133039306996052	0.09266385530484006	0.11825512441590601	0.07556638505976841	0.021867457800433865	0.14346672838300947	0.020070880794707185	0.027537243358086813	0.02644952173649389	0.06362254353569052	0.040682720952197916	0.038504514586729655	0.0048559301666010225	0.056789672114057596	0.03611264073198046	0.00696172335808474	0.047202534190201206	0.010464055059483147	0.008598915115496262	0.0017707666512182137	0.006052854167942529	0.0014772598754270612	0.03590813666879892	0.006206104144841613	0.05054961449119953	0.021867457800433865	0.01551173604120468	0.0023712978379521066	0.015822856580469186	0.004798624127103677	0.014659985177367304	0.005103687223004449	0.016533073181954964	0.0030178158008170464	0.008051436668721011	0.00201475235899399	0.009061323043108506	0.0009433687238836803	0.010450517578841172	0.004687583817248283	0.021788781167995742	0.0037558383881127204	0.007906208342422033	0.001968575746957341	0.008198524551733338	0.0010462135066623877	0.05074275298549689	0.0060469191285607085	0.02074474695542698	0.003388292351569075	0.023841868960658135	0.003695374397428678	0.12362130528231063	0.01984542310069883	0.09641517716279713	0.021839947253108883	0.05585849766741225	0.008594234557549582	0.0627139975821732	0.010861760104377772	0.015285617243006127	0.002247744644770252	0.0048559301666010225	0.002906610078667286	0.00040806637089873784	0.002359644248381613	0.0002751170012431296	0.020386855755139155	0.003921126397407607	0.016027602495586765	0.004472481541716359	0.011449794126891179	0.0012806867477909206	0.012256660339054813	0.002791503233615249	4.414625000940539	Cam3II_revWT	16.0	True	1
Cam3II_revWT_24h_DHA_rep1	0.019176707696533294	0.017551446728637964	0.06461559081848696	0.07387614061520399	0.0428815178321955	0.02788743184739152	0.024099970699520468	0.09241896616538407	0.11889203481486883	0.0753004434083966	0.0218019408119879	0.14326670946292433	0.020021406559627794	0.02764298449266566	0.02650421896169503	0.06351221248660037	0.040678026036892925	0.03832066894265604	0.004874558759392122	0.05667702285893875	0.03593785839341679	0.0069436594387787135	0.046896980346626274	0.010476653011696854	0.008604931079298765	0.0017847090947385354	0.006047183580186102	0.00148998629585006	0.03575793268082532	0.006233425654194437	0.05042760783036432	0.0218019408119879	0.015346414794554435	0.002385738612755216	0.015755434468015448	0.004833081067330937	0.014602162195656443	0.005088173229511288	0.016465776640237753	0.0030017995250421576	0.008012864990076958	0.0020413399613608296	0.009014740383678369	0.0009524612245116389	0.010470585418504126	0.004683703623926448	0.021784836463764386	0.0037389005306979633	0.007892352835871705	0.001990156174986106	0.008223944991368361	0.0010702536943071235	0.050599584083592324	0.006077438775346426	0.020702279661943532	0.003397691037576936	0.023948093052475927	0.003694891440189733	0.12338369101642456	0.01988301844649978	0.09690576764317717	0.021986267171691668	0.05591768439626289	0.008697906422224061	0.06296343914269514	0.010912701472508845	0.015274878232227907	0.002276568496410057	0.004874558759392122	0.0029161934339808388	0.000413498116598317	0.0023648292149611315	0.00028280305916081273	0.020433210862899974	0.003921090033252752	0.016030776450359212	0.004496118686634717	0.01150928156494349	0.0013084881801024239	0.0122618992321023	0.002807762870243303	4.407558904221259	Cam3II_revWT	24.0	True	1
Cam3II_revWT_32h_DHA_rep1	0.019090239498513885	0.01769452685596661	0.06449709715342487	0.07234216971874124	0.04348988590184132	0.0277769516002209	0.0242560692953411	0.09286849866117936	0.1188047807632995	0.07581082094383176	0.021825337864328494	0.14375324249890906	0.01970606194515793	0.02759846340054922	0.026303780445220082	0.06364194277116193	0.040607726133939565	0.03782965259432249	0.004836405576538299	0.05726634637751231	0.0363956198934594	0.007094266008381922	0.047206432290315826	0.010500493138648655	0.008731413963544774	0.001808987092197559	0.006062478414059753	0.0015010160450651905	0.03598312754874865	0.006307158215063413	0.050578212897367296	0.021825337864328494	0.01505213968223194	0.0023878487403939676	0.015617339375083668	0.004772324796612918	0.014640886280856984	0.005132963900602519	0.01651449532647421	0.0030220322980195166	0.007839721936473913	0.00203982659165124	0.008888549366200992	0.0009379640508317875	0.010380679993467042	0.0047452888199696515	0.02173727218355275	0.003744485136950124	0.007879827112008034	0.0019954480408835725	0.008176858815730747	0.0010381055298915311	0.051119411957631256	0.0061469344198810515	0.02081902298506088	0.003437046310280221	0.023901109294453472	0.003697354106095747	0.12379737978425383	0.019955862714655218	0.09693037656212442	0.021874404201175094	0.055762846654398054	0.008734250499026824	0.061766708442584216	0.010575461276157036	0.015405138410829949	0.0022893884451366596	0.004836405576538299	0.002908561631777624	0.0004161844311805725	0.002337775684936317	0.0002857316686591064	0.02043737977623141	0.003894185188977294	0.015952311581170442	0.004403215447496022	0.011503956075988826	0.0013171164278660454	0.01219379881300736	0.0027620802833586665	4.431223619654853	Cam3II_revWT	32.0	True	1
Cam3II_revWT_40h_DHA_rep1	0.019160507227159226	0.01779153100329621	0.0646978252431342	0.07236428691831585	0.04323099165265322	0.027876838521359026	0.024269241444050536	0.09242483497218473	0.11923362330244232	0.07537564251997583	0.02178763892802972	0.14384553090323465	0.019767226697901874	0.02768309000917359	0.026390354299417874	0.06354667760013166	0.04076066163010705	0.0377878617265143	0.004897577416760374	0.05710805798415769	0.0361565864279977	0.007074405224655519	0.04687771661095685	0.010470252028619335	0.008685093702646019	0.0018240336471756194	0.006026345000087463	0.0014922015304905589	0.03582125323464426	0.0063047666204233115	0.05029881511711715	0.02178763892802972	0.015019927082155425	0.0024058248479779183	0.015561475413215542	0.004800634383165416	0.014620102786220729	0.005128642448556668	0.016439055734500142	0.0030120018897299063	0.007828893859001448	0.0020770792424678183	0.008912073929693756	0.0009491796667388538	0.010424000803375962	0.004791292435157723	0.02179172199091688	0.0037536464006564874	0.007855378875067055	0.0020136420596356674	0.00822935078318453	0.0010621355092719734	0.05096217719211546	0.006145880792042233	0.020797435294361396	0.0034718061496891417	0.023973045680936254	0.0037100443282373358	0.12379653820193932	0.020048992701295322	0.09724719478734035	0.021986428515101967	0.05585672551358453	0.008841099729549665	0.061771807779425154	0.010592479138890698	0.015471525144658197	0.0023200058586380122	0.004897577416760374	0.002940268563540223	0.00042138281349764835	0.002372206685025607	0.0002818525450280856	0.020459700626078648	0.0038871741150455596	0.015948679433316338	0.004425964259009972	0.011542871271173072	0.0013474214619203918	0.012220497265807689	0.002766048522457876	4.423055555409716	Cam3II_revWT	40.0	True	1
Cam3II_revWT_48h_DHA_rep1	0.019193990099601647	0.01767088035910897	0.0640922752265037	0.07239014567369056	0.043519234745690555	0.027708841880366035	0.024264829938015414	0.0932625343052789	0.11820566464632071	0.07605496965445532	0.021931497197636034	0.14299324792156934	0.020043549500982763	0.02764205444091654	0.026396375543318765	0.06367112623229165	0.040786436525783204	0.03813807612981787	0.004884749184620686	0.05714952079403127	0.03638592556176443	0.007133309183926123	0.047366952341808335	0.010547672560140204	0.00871597940051202	0.0018094845064315613	0.006107146264975164	0.0015077345805880394	0.03609766593593691	0.006303109204230877	0.050861759165111105	0.021931497197636034	0.015278013215465394	0.002416508668674841	0.015676252140780427	0.004767302104897208	0.014809033053078149	0.005168168471889125	0.016558905500716287	0.00300703076540686	0.008018907910074796	0.0020512293376631855	0.009032766931039563	0.0009406453222052188	0.01047718450910234	0.00473030054928308	0.021831618260447178	0.003747333206950601	0.007967622487051594	0.002004510004559906	0.008173115996175153	0.0010487416118149925	0.0509769654612807	0.00617255533275057	0.020841008442277948	0.0034238214957374663	0.023938127581183983	0.0037039268597325553	0.12312500851094008	0.019868239410629273	0.09639942552188721	0.021806239124433496	0.05545721883541362	0.008635056391090077	0.061777778792770376	0.010612366880920196	0.015376060036493685	0.0022948203226152873	0.004884749184620686	0.002907884027580165	0.0004083976407853714	0.0023585247492519403	0.0002755056004714458	0.02019528570608195	0.003932702735119285	0.015993236917933952	0.00445282660729589	0.011357846744550744	0.0013032658480331125	0.012240394083447884	0.0028073352043342954	4.420726791621458	Cam3II_revWT	48.0	True	1
Cam3II_R539T_0h_rep1	0.019192116674081643	0.017796570585714377	0.06368831817142061	0.0719241589511543	0.044486630072339786	0.027426004438082567	0.02407323594440711	0.09380482906980829	0.11730686021625336	0.07717528007792201	0.021899975253288698	0.14217490543622663	0.020013645707482333	0.027409456115534015	0.026356779460487496	0.06375873652894604	0.040579682229454656	0.03862040030780806	0.004906553603678769	0.05740586115590955	0.03725727023622579	0.007229359836113994	0.04822146906945355	0.010578546622928345	0.008879753898442967	0.001818245313417352	0.0061642821322661625	0.0015129830414136259	0.036408867202569445	0.006306431594858733	0.05108953027238011	0.021899975253288698	0.015589632876402845	0.0024178427792962915	0.015859364954710853	0.004753559697398075	0.014777126402511631	0.005209319620852041	0.01669058198285484	0.0030572506716801335	0.008000690991027206	0.0020436103502035883	0.009016414455997997	0.0009529299102535458	0.010386421272572428	0.004733882069346323	0.02172002202504234	0.0037393568624935593	0.008006959116876034	0.0020303953531671183	0.008132093530523167	0.0010226686735153251	0.05128584742162475	0.006120013734284802	0.020730659049444728	0.003342576894962383	0.023709251313876946	0.0037002048016570696	0.12254493379900702	0.019629971637219617	0.09580104293359767	0.021505817282655684	0.05517576039976163	0.008512557771658977	0.06134429872533667	0.010579860225817627	0.015521236588320398	0.002275333997393979	0.004906553603678769	0.0029109555660202925	0.00040034976133985627	0.0023563916166427267	0.0002757461553865917	0.020132387576916003	0.0038920702741313917	0.016016560291872605	0.004396776069225423	0.01124673459680649	0.0012671028332156566	0.012136499895166896	0.0027756671128935225	4.454657159710022	Cam3II_R539T	0.0	False	1
Cam3II_R539T_8h_rep1	0.0189750245264297	0.017661862790491936	0.0644864844330791	0.07294516607619035	0.043544955542221195	0.027428428477885937	0.02413533152597829	0.09295930016153271	0.11794089806866945	0.07578270178518114	0.021891975125772956	0.1443497734640704	0.01982781636358908	0.027380068567790385	0.02626460768429511	0.06349164031137251	0.04039286633072318	0.03860515218747339	0.004785240880051298	0.05715070569720197	0.03651728804290801	0.0070276674993131815	0.04733429643185085	0.01047892842278168	0.00864744025470924	0.0017823804860112823	0.006054268155838782	0.0014853880339892934	0.03603008796215591	0.006239625794829711	0.050689586404547085	0.021891975125772956	0.015531295937075432	0.0023721979972041282	0.01584508727227167	0.004856570980922156	0.01453990958038185	0.005117489839103481	0.016475090663202376	0.003037352801302825	0.0079166057465831	0.0020173546010384086	0.008942973843383113	0.0009508821725844625	0.010294367178817166	0.004698040883591498	0.021655607237587075	0.003744851030727434	0.007846559592205348	0.001996333270169652	0.008095777067979766	0.0010363545960749324	0.05108158522963706	0.006069120467564911	0.02074154472468499	0.0033937868012933027	0.02368476724648514	0.0036953013213052426	0.12438136786485457	0.019968405599215852	0.09620079430522445	0.021740103763445005	0.05584897014747092	0.00863751428560818	0.06209228781888941	0.010852878257300944	0.015406629906233132	0.002255232884258803	0.004785240880051298	0.002902250362460934	0.000407036844518986	0.002359784060478309	0.0002780198278746255	0.02041911864688095	0.0039026787805010355	0.015888842990989156	0.004428673597973098	0.0113554195338547	0.0012995165953932194	0.012014024772338183	0.0027594675762998375	4.425038415271122	Cam3II_R539T	8.0	False	1
Cam3II_R539T_16h_rep1	0.019224871177026738	0.017637178472462847	0.06440977491453143	0.07242781670190807	0.04341942311128604	0.027926746055530468	0.0242851153623424	0.0924167049227693	0.11860321300028522	0.07576774129850815	0.0218048963867683	0.14422055125865788	0.019765108917176206	0.027707492048079582	0.026305949969586552	0.06352023835690769	0.040695392560143026	0.037946394365784106	0.004787872768331879	0.057127518351914285	0.03637424991239194	0.007045173198894104	0.04726541220492985	0.010481251894650202	0.008711546406757338	0.0017898375631525997	0.0060368530370641825	0.0014828401919539764	0.035839616782300576	0.0062505895853653265	0.05032649855510339	0.0218048963867683	0.01514755593305791	0.002375943321909957	0.015618268275830835	0.00480462683498541	0.014534225894359737	0.005129916386652348	0.016488636171746333	0.003008173596567225	0.007919785657427278	0.0020249835102681166	0.008877327671983723	0.0009430120774970899	0.01048370743881864	0.0047381410883761965	0.02171391949812238	0.003759624534825811	0.007908431162662403	0.002027553248168427	0.008227279725258448	0.0010616070409374607	0.050991156097191195	0.0061363622547230875	0.02078494420207512	0.003500171160267277	0.024006229925446945	0.0037012621226326374	0.12421056610485329	0.02000998515380459	0.09667792490690902	0.021925288093376193	0.055700127097296895	0.00870964781723453	0.06183201267932804	0.010595804022580035	0.01536640008725075	0.002270778385212095	0.004787872768331879	0.0029093333925921793	0.00042116850607656307	0.002356432008722008	0.0002775356385670505	0.020457387193964574	0.003901899113617482	0.015925295220963163	0.004416185202665588	0.01159552142062446	0.0013227639672075825	0.012273750649581007	0.0027347100181174173	4.4094255224913645	Cam3II_R539T	16.0	False	1
Cam3II_R539T_24h_rep1	0.019368270778274695	0.017615999209118674	0.06388506711165079	0.07212190396858524	0.043683962673354795	0.02767068225032862	0.024210486981109842	0.09344075954439823	0.11817757678357307	0.07625526789254325	0.021946592865176025	0.1440256927638257	0.019505035747857506	0.027572870429720998	0.026381807333932868	0.06335247532310118	0.04057509511734636	0.03817443690356892	0.004723776404178291	0.0573122399183551	0.03663066295718489	0.0070532997161699106	0.04777284658797016	0.010524438539780342	0.008683576862564137	0.001770860090904129	0.00603028367245584	0.001473262138868638	0.03631898862231581	0.006264914442723722	0.050856856479358704	0.021946592865176025	0.015334994184429955	0.0023971626524322454	0.015683665801246048	0.004758614265460678	0.014618308822657964	0.005107020811108704	0.016585940994697755	0.0030095743712994037	0.007818094582654962	0.001966111881100546	0.00881112858926407	0.0009097006948379274	0.010521322688082235	0.004682733178482066	0.021633911129097443	0.0037371281216846096	0.008117324616440798	0.0020142815054702322	0.008200946313665695	0.001035718342697967	0.05121106949505222	0.006101170423302882	0.02077034328015035	0.003440143700959492	0.023881215507754277	0.0036916549219667212	0.12415034717579364	0.01987534558803208	0.09633547187694042	0.021842104906632662	0.05533588513310729	0.008549181978543501	0.06166667825286654	0.010455225715718695	0.01535790496722583	0.0022580942418928465	0.004723776404178291	0.0029114122649557183	0.00040674267124582143	0.0023621740219207355	0.00026800979065832515	0.020150363844745344	0.0038812664785920136	0.015995008872909167	0.004438459712243098	0.011467728303724976	0.0012598032731863712	0.012220378990747589	0.0027227716826696844	4.410539748286201	Cam3II_R539T	24.0	False	1
Cam3II_R539T_32h_rep1	0.01867762823694712	0.01760806812921425	0.0638793996716751	0.07063025070668343	0.04453080160741768	0.027005966908424477	0.024365791449147457	0.09445827318788291	0.11817711312871199	0.07668031517452836	0.021955945555969282	0.14496934340615872	0.019204935707977704	0.027430112953313362	0.026232297100464763	0.06340818498410232	0.040211582414892096	0.03766949528386785	0.004692701873899385	0.05821179251872188	0.0372837366748668	0.0072470649325508795	0.04803338659223271	0.010553346054966859	0.008728262947159386	0.0017953319675905594	0.006079189295436765	0.0014907983171420583	0.036641792050466006	0.0063814384353750525	0.05143504270204186	0.021955945555969282	0.015089040661354199	0.0024027415053507343	0.015475176455327878	0.004702536661835039	0.014760322507129848	0.005149497337718556	0.016485551238057523	0.0030174217167762323	0.007658263278142787	0.0019496016789558048	0.00870454318146812	0.0008925275694109925	0.010299744500802678	0.004682464386689112	0.02151828232720514	0.003711091200195163	0.007850538336649041	0.0019739620286700513	0.007876845850136902	0.0009762820214911254	0.052011076216728104	0.006200716301993781	0.020941576057465654	0.003424215391681804	0.023743519505906467	0.003686593447406894	0.12498494468391844	0.019984398722240275	0.09636857146605989	0.021808541662652097	0.0553826726400103	0.008496727031664793	0.060392253354205096	0.010237997352478335	0.01539196444045871	0.0022161036887555405	0.004692701873899385	0.002841265041209792	0.0003898654364868019	0.002334243564595047	0.00027414092499726886	0.02009363665576306	0.0039017555286570975	0.015971384177586576	0.004421397955589278	0.011114974772475682	0.001233803562670302	0.011942828831735851	0.002714359741542642	4.41884528350167	Cam3II_R539T	32.0	False	1
Cam3II_R539T_40h_rep1	0.018676599843288545	0.01751769693464063	0.06379279125260715	0.07036391698294021	0.04437907962712951	0.026945813592749543	0.024481387900664283	0.09379413216725488	0.11782973642610714	0.07631906152107666	0.022168602489585222	0.1458146107915288	0.019317883486396306	0.02764025047620228	0.025760488639461936	0.06433357550709856	0.0406398840712921	0.03739131068862797	0.004687802608921096	0.05814537499242703	0.03699258824269558	0.007386491384433933	0.047478747534669845	0.010591188715643676	0.008808368025034553	0.0018458418529104452	0.006076511106624482	0.0015184042861936514	0.036288536435255134	0.006402441774959145	0.05110315395704059	0.022168602489585222	0.014865335747042994	0.002399613622156879	0.015437773023029582	0.004688588296398516	0.01508021634024362	0.005241717736294364	0.01669338036035679	0.0030333318305061927	0.007739528600032103	0.0019671645513601524	0.008716912887173824	0.0008942774478302249	0.010440159922024654	0.004723056507184423	0.021753629938459033	0.0037230377036239896	0.007770750725674776	0.0019414545551686006	0.00797020059697146	0.0009941939654737103	0.05183422046110257	0.006311154531324458	0.02099893142526329	0.003482456475400996	0.023970563196272093	0.0036696872799301867	0.12551683245976467	0.020297778331764143	0.09610755244829083	0.021722183977816306	0.055212450313523245	0.0085803409390839	0.060177682142216235	0.01018623484072398	0.01528116319069357	0.0022365337439470613	0.004687802608921096	0.0028340430070362636	0.00039354447224654125	0.002291539376182481	0.0002635171157255006	0.02030266210015648	0.003982267139541117	0.015662274092653264	0.0043155705756178836	0.011014494583458047	0.0012487910890271207	0.01196377916408233	0.0027187487561820484	4.424396393403181	Cam3II_R539T	40.0	False	1
Cam3II_R539T_48h_rep1	0.01869312442152053	0.017615987155367985	0.06414834973541404	0.07060514186638031	0.044233566658930044	0.02692718837329145	0.02431726717406199	0.09372272936590681	0.11788548041798637	0.07631645509362937	0.02203808655830131	0.14598983692303225	0.019339385721019068	0.027569909252971838	0.026039617391507633	0.06396047713586717	0.04052782868318733	0.03757278504474472	0.004732236537098897	0.05776454648978101	0.037038738736616034	0.0071948279223140125	0.04776781902674216	0.0104797661618524	0.008772366292845628	0.0018007407534541093	0.006005926303159001	0.0014898365555760722	0.03636084638229957	0.00632372056834095	0.05103816241526629	0.02203808655830131	0.014956124015973902	0.0023728591827112244	0.015551181516173148	0.004692620329886444	0.014755506151766509	0.0052061100176112535	0.016667331948820467	0.0030447283877045833	0.007691613134762072	0.0019791011667254486	0.008753864597149011	0.0009148068223825393	0.01030346160862003	0.004701764630063169	0.021800443807676217	0.003722158636827912	0.007780046000909747	0.001958667474417463	0.00796598425818698	0.0009884266880063406	0.05160812473239562	0.006156421757385382	0.020922027643119515	0.0033952395309424766	0.023893063014297826	0.003676846238674011	0.12584924981628007	0.020140587106752164	0.09629704458122332	0.02158843583676305	0.05562002948102221	0.008528320254391836	0.06039787494939439	0.010207266916985931	0.015385830818590395	0.0022301563367775907	0.004732236537098897	0.00288089156159021	0.0003916384915011398	0.002313243267354955	0.0002640373862509065	0.020353632181302685	0.003933168448661666	0.015840594019878036	0.004349212664932385	0.011083221501173792	0.0012399660388788091	0.011900196195047738	0.002703804638191111	4.460584606932875	Cam3II_R539T	48.0	False	1
Cam3II_R539T_0h_rep2	0.018927384320924574	0.017519931794645404	0.06484482338717171	0.07169259449658275	0.043356072610035115	0.027433582882292324	0.024111492988438385	0.09223318822697507	0.11826100999176112	0.07546038203697193	0.02202298878724521	0.14642680911677033	0.019412275306372084	0.027609151981657056	0.0262583909865181	0.06421065533846011	0.04076315009251828	0.0376575233391552	0.004885016938227025	0.05691357537727805	0.036398138165042046	0.006957934444993071	0.04716872139849768	0.010415915826812389	0.008681099128337779	0.0017683287534846015	0.005948109519289339	0.0014782074105501347	0.035786792470121766	0.0062124336975326825	0.05023396205932062	0.02202298878724521	0.014907943311887708	0.0023592892342900063	0.0156335756417954	0.004756715151182087	0.014564597990163347	0.005131395402323188	0.016684595149035957	0.0030631494936791495	0.007667735150535353	0.002014167209050655	0.008787570146589787	0.0009428028001962856	0.01037145039450181	0.004731572717296229	0.02191973144517365	0.0037403955355465924	0.00780566193150535	0.001974095888423904	0.008114865279323468	0.0010327612216718511	0.050875978275392	0.0060375971018860495	0.02076217599062475	0.0033493169978136366	0.02393676711666509	0.003672384864991967	0.1262651830307509	0.020161626086019423	0.09661313939885181	0.0216478705929093	0.05622760363123599	0.008617219755935721	0.06130692962419665	0.010385664872386102	0.015273754638361964	0.002246177156283441	0.004885016938227025	0.0029334738823749464	0.0004047265663893771	0.0023505957516246232	0.0002780506906964838	0.020807813453822557	0.003959103849435917	0.01593124176810742	0.004360302327325249	0.011408340499560694	0.0012737841994261423	0.012006881894612739	0.0027445762886927497	4.462939621899679	Cam3II_R539T	0.0	False	2
Cam3II_R539T_8h_rep2	0.019034025234932084	0.017813579126840597	0.06492099874549223	0.07122292248911863	0.04359043543066266	0.027556718567006238	0.024242492657448725	0.0927397187111442	0.11871709046779208	0.07554254264970037	0.021851470636553717	0.14540974409393886	0.019379339090641858	0.02754944515974913	0.02637914517903315	0.06374996654426575	0.0406767630732831	0.03743499659092018	0.004842776676491579	0.05734582887498499	0.03658753295909168	0.007002902471570981	0.04721641782785077	0.010453483019691387	0.00866603067430363	0.0017795669760696032	0.005942852220731352	0.001484191931053634	0.03598136296356813	0.006244714387338129	0.05051364136023793	0.021851470636553717	0.014809840924454372	0.0023546529344949225	0.015474677611864482	0.004795825120106408	0.014491656952117002	0.00512814883917886	0.016510799331740704	0.00305027897554139	0.007634388644792083	0.0020305781265203124	0.008763272931808093	0.0009510993875213663	0.010325857270535473	0.004740705111908524	0.021827740444230276	0.0037824602466088237	0.0078335072767788	0.0020229256062467894	0.00812451698080596	0.0010530753711005343	0.05126791927399489	0.006077909600990098	0.020827254928532393	0.0034152377289163303	0.023843617259863337	0.003705827899885793	0.1253486527686782	0.020061091325260644	0.09694842360082914	0.021768666866962945	0.056185012411902865	0.008735986333589364	0.06083200061458494	0.010390921874533688	0.01553514195466751	0.0022784371721730873	0.004842776676491579	0.002950907602580783	0.00041985317229590024	0.002380122756374595	0.0002854973662860446	0.020653128210060944	0.003915954235626851	0.015930190551474873	0.004412573730020953	0.011506950906848196	0.0013114879001391911	0.011998485488888651	0.0027397942711302006	4.453576518641213	Cam3II_R539T	8.0	False	2
Cam3II_R539T_16h_rep2	0.01923468071968975	0.0178715622441744	0.0648347616415029	0.07120784187096633	0.04351804366678801	0.027936247187043944	0.02430495852798575	0.09256622093668837	0.1186355641706626	0.07555736107956938	0.021808021711472947	0.14475703378611923	0.019627434881744316	0.027705374369588483	0.026384605153447954	0.06358866699127631	0.04086121910771834	0.037362771838340726	0.004918234645343507	0.057319395469876695	0.03650607362848218	0.007011970038305829	0.04714214048069194	0.010479284651570771	0.008694393418975587	0.0017935984613518157	0.005964176118616965	0.001483767948362321	0.035909011280426596	0.006256376235209279	0.05040083342105249	0.021808021711472947	0.014773847797560448	0.0023606109399712835	0.015414274156750233	0.004814038944058761	0.014478107175014136	0.005129337465038532	0.016443028085100578	0.0030274803252867202	0.007752540411310069	0.0020781418595686874	0.008822015205746069	0.0009747374051194892	0.010442338264767476	0.004777352280996782	0.021849272349392886	0.0037922562125611973	0.007864422156495899	0.002066907169174954	0.00822816957230133	0.0010751818217175637	0.051178818396390414	0.006140577073486283	0.020825461843034	0.003479496684951751	0.023979870744946463	0.0037255036246420193	0.12468696444889056	0.020070069337228675	0.0968611264021059	0.021774437768556705	0.05602480507041874	0.008809956571084162	0.06083389710762803	0.010373944763338302	0.015558129263053416	0.002313432981120985	0.004918234645343507	0.00296904684510333	0.0004351853872997186	0.002392653888153586	0.00028774936832870885	0.020628592571640257	0.0038821213691960913	0.015889540749161248	0.004410428915401365	0.011694501482827593	0.0013658964651929513	0.012133021835477261	0.002742827403546138	4.448387022969559	Cam3II_R539T	16.0	False	2
Cam3II_R539T_24h_rep2	0.01980606464458831	0.017648932478418963	0.0642060052877848	0.07201172549905133	0.0432419563606053	0.02812364592734039	0.02425463256651735	0.09253252278707219	0.11873378708996163	0.07580783973808335	0.021938056997116095	0.14375014493313665	0.019500086645312945	0.027785124304314176	0.026527901189611944	0.06354596927576564	0.041028345818198114	0.037678741622497715	0.004788676575118608	0.05708984025950454	0.03627057947217749	0.00697137688842781	0.047327801211393364	0.010557097050230611	0.008706835160502519	0.001775514685972417	0.00596890261114777	0.0014716890188366566	0.03601031356990331	0.006228415240459049	0.05029379397670984	0.021938056997116095	0.015000994015594344	0.0023954954920335806	0.015516602956458332	0.004765649158411463	0.01454017200780481	0.005111023179828786	0.016628444033512615	0.003007264172262606	0.007773264731477763	0.002002966995705877	0.008794161846082794	0.0009296930720465122	0.010677173336748788	0.0047231674055831455	0.021852654086955053	0.00377535098891113	0.008229170537867397	0.002079762657127064	0.008399599690887277	0.0010975317587065738	0.050950306439420896	0.006139533820083644	0.02075226358607377	0.0035023689804435797	0.02407957231078631	0.0037055519935278655	0.12384806996822754	0.01990207496490909	0.09684041392717344	0.021893373162788186	0.05552180125586326	0.008684204031921551	0.061651355893718174	0.010360369605333153	0.015334291311270527	0.002314641167148437	0.004788676575118608	0.002975966521767174	0.00043200614477245615	0.0024149444536940585	0.0002731333052193423	0.020372332629920772	0.003886733252436051	0.015989937988895368	0.004441912775263548	0.011751298866994046	0.001307570861736031	0.012327362416667688	0.002737413781942627	4.423275171309441	Cam3II_R539T	24.0	False	2
Cam3II_R539T_32h_rep2	0.018835473825813583	0.017681167095096855	0.06364831728392299	0.07021257742440273	0.04471824780317685	0.026907366854323506	0.02441976259511625	0.0948933969463702	0.1185432088354931	0.07702233691891391	0.0219099289570617	0.14433092500675587	0.019122550217989892	0.027530112636343966	0.026296727778450782	0.06320968540686042	0.04031497335516053	0.03739623100333471	0.004692413961062304	0.05831459609434987	0.03743296596858691	0.007285281834589936	0.04821996293134034	0.010584837139915045	0.008811171314683472	0.0018115587918743714	0.006097037834724988	0.0014977689063756876	0.03684361954150043	0.006416375162252521	0.05163340224261725	0.0219099289570617	0.014967035103163719	0.0024112411947855377	0.01537174391558451	0.004646210789800947	0.014715576940706375	0.005161576510293839	0.016507223681781855	0.0030010095161895328	0.007597505123829814	0.0019567800680002725	0.008677778414394727	0.0008904866117650776	0.010308216196316446	0.004704351567228384	0.021587673349254766	0.0037147322423609387	0.00793264130568225	0.0020107950884739375	0.007908747882070593	0.0009832895495868064	0.05207805655541614	0.006236539538933733	0.02097144230085122	0.0034483202942650316	0.02382826576027223	0.0037018468760717364	0.12441564293780485	0.019915282068951014	0.09679156220452936	0.02175164663096374	0.05513805036855807	0.008510266915364929	0.06014398413175915	0.010068593292643582	0.015440317065987759	0.002240850029109096	0.004692413961062304	0.0028623712219457927	0.00039741547768509436	0.002344528358209944	0.0002716911185697918	0.01993113868470509	0.003893160073183727	0.015999141859536128	0.004421579742504034	0.011053037158634855	0.0012366812437699297	0.011924978505018754	0.002692669946899966	4.449849882479489	Cam3II_R539T	32.0	False	2
Cam3II_R539T_48h_rep2	0.01830708883013711	0.017443695333422278	0.0642503825994625	0.07075731697356781	0.04400848244619165	0.026655909370810773	0.024546568326660266	0.09389984881163227	0.119241350000096	0.0757710105734725	0.022042671510297013	0.14671642079469832	0.018958321177924193	0.027656327457103544	0.025968667415590552	0.06363013942390787	0.04033379119736451	0.03693132747464106	0.0046346098001775245	0.05824607048284197	0.036744235056311754	0.007264247389879894	0.047194659518045565	0.010484244470459304	0.008718522861350364	0.0018235537493895453	0.006045441368249996	0.0015045886059777368	0.03630956520110984	0.006396972532773037	0.05119331107774939	0.022042671510297013	0.014646314752531009	0.0023869207578183305	0.015234778510691901	0.0046633134535998206	0.014828094517248595	0.005165190962444701	0.016471309105209515	0.0030064204680172258	0.007573153255764073	0.001954265271748738	0.008547837283084128	0.0008830653673272529	0.010282624531104689	0.004681774279492372	0.02167032027628825	0.0036990721104792016	0.007607653825128089	0.001929983131616213	0.0077865686092151816	0.0009828832641776298	0.0519705021569511	0.006275568325890871	0.021073304810245445	0.0034732635164148227	0.02396286590758215	0.003693461549521394	0.12638650710447208	0.020329913690226246	0.09726535331585467	0.021975996684241328	0.055613331028268764	0.008637051571193736	0.060549638956888426	0.01020767801667938	0.015228877129037382	0.002214818204384896	0.0046346098001775245	0.0028080485772704355	0.0003934485827893857	0.002314379284698057	0.0002711455613978919	0.020219722392494907	0.0039394019784929225	0.015793941412002514	0.004387703997432269	0.010931941625812612	0.00124057324794611	0.01179399764231872	0.002689396854733334	4.425981433897934	Cam3II_R539T	48.0	False	2
Cam3II_R539T_40h_rep2	0.0187198006639401	0.017530566710258176	0.06405244712353057	0.07085874534181803	0.04403516638155617	0.02700873280172959	0.024394710579470638	0.09345736604455371	0.11816826683138854	0.0760731759131239	0.022066303896484445	0.14571912861576486	0.019324850680836506	0.0277436697204808	0.0259633896295535	0.06428253125215691	0.0407245510655601	0.03732857380307285	0.004742699408005575	0.05780532353671502	0.03675224368335711	0.0072829226981990566	0.04732686931283119	0.01053098146449238	0.008813320020088255	0.0018494812740751652	0.006042648478148518	0.0015098753634883995	0.03619966809981206	0.006360695495456288	0.05089700244928536	0.022066303896484445	0.014815658435911268	0.0023912138100730756	0.015438413095149503	0.0046832884619390025	0.01497075932155271	0.005213820412252754	0.016712940171036413	0.003020431331164752	0.007692592537912366	0.0019868518919617544	0.008737576554236738	0.0009078296967256455	0.010430260837054993	0.004716215642170869	0.021844548706438444	0.003733525879895787	0.007749860264687163	0.0019552651712013347	0.00801511475510819	0.00099956047294341	0.05154826933257153	0.006257054204143491	0.020937816101259544	0.0034568944782110947	0.024057291758221126	0.0036863779622596728	0.12544453999114144	0.02027458862462342	0.09647047325506122	0.02169779357632732	0.05543439312828032	0.00861805399525025	0.060633450065817975	0.010225295276000055	0.015286482033838877	0.0022440846764193003	0.004742699408005575	0.0028631212709205847	0.0004036097776134973	0.0023044441721130323	0.0002642593987656737	0.020389557491221275	0.003975022524929008	0.015800155751648618	0.004327799258492093	0.011048830053533357	0.0012594734733219809	0.011985146700114623	0.002715282574759628	4.44609600122255	Cam3II_R539T	40.0	False	2
Cam3II_R539T_0h_rep3	0.019055227793693973	0.017481403148762457	0.06457606388797968	0.0713479053135342	0.043691645500367256	0.027449345648054617	0.024196132825376724	0.09255494957916907	0.11772864307653508	0.0758437375681738	0.022056197499733872	0.14575348401124116	0.019577863650913508	0.027579268265276135	0.026166139761593814	0.06430981845327939	0.040765208020839376	0.0379490070871266	0.0048049662404768744	0.05711299266787218	0.03659244352334388	0.00709920197702338	0.047497815174084246	0.010435587648797295	0.00868957811672816	0.0017758947606768046	0.005977304433246006	0.0014675574346412778	0.035968244107109505	0.0062580887867387065	0.050328616685320855	0.022056197499733872	0.015113375836834192	0.00238265050552234	0.015720392649419414	0.004732588095350648	0.014729089298343313	0.0051785126512279645	0.01673398119000629	0.0030573226765774637	0.0077479816642400485	0.0020061406697412993	0.008895697006625104	0.0009280443103070579	0.010406366686576844	0.004759454629734592	0.021862749420530986	0.003736637283996955	0.007906066710921393	0.0019811158468440587	0.008150505125555289	0.0010175401103732307	0.051041504472773024	0.0060714881950991615	0.02081497221102289	0.003381160614353832	0.023911377519955212	0.003667890745320923	0.12565930681973192	0.020094177191509237	0.09617184994756432	0.021556793128970752	0.056006566026643986	0.008569497861335698	0.06105043909951087	0.010297466214023337	0.01525419754141222	0.002227205607350238	0.0048049662404768744	0.0029064625218986366	0.00039638415444833076	0.0023287593867214952	0.0002663823690112505	0.020660985702357214	0.003949926934767155	0.015941868650301425	0.004326282679212677	0.011384223790016698	0.0012600817111523054	0.012091289349132998	0.002713750797752614	4.461324528754529	Cam3II_R539T	0.0	False	3
Cam3II_R539T_8h_rep3	0.019414129064502607	0.01776401571859038	0.06470154444521824	0.07181416956562633	0.04349788087335373	0.02782326247836403	0.02421285660647389	0.09268772123135083	0.1178150629749732	0.07573087733836416	0.021910305239163944	0.1443648265450603	0.019771967398807516	0.027525731022147146	0.02644227637103779	0.06370798488758525	0.04072078431641343	0.03819160615798904	0.004827765588116773	0.05707523217686138	0.03650159747305191	0.006996283400301823	0.047407517320293434	0.010464957791391753	0.008648510345454163	0.0017651459577482217	0.005974407811390033	0.0014703381120865376	0.036030736474582985	0.006239920130077304	0.050417064626690544	0.021910305239163944	0.015257203268447674	0.0023799949351798752	0.01572914282733902	0.004825265127022473	0.014521267149571773	0.005131232532373374	0.01654929185526034	0.003046314804382827	0.007805409951394868	0.002042190823623201	0.008968919779382144	0.0009554468444073018	0.01039040615688491	0.0047547687926435215	0.02179333782213764	0.0037822715447473646	0.008033026577708083	0.0020523544390237494	0.008268969851434176	0.0010597781963365988	0.05102334102606205	0.006051891150799334	0.020805562617387276	0.0034072939890866134	0.023814404255115083	0.003711326767032063	0.12445021551191038	0.019914611033149916	0.09615950345269433	0.021655559522278867	0.056031097629000645	0.00867044681621759	0.061293399195718155	0.010520770369908176	0.015490258795457474	0.0022737569231329065	0.004827765588116773	0.002956882720246891	0.00041609045248344257	0.0023849977808780205	0.00028125240774106076	0.02057415923203065	0.003885719313966288	0.016005021192347733	0.004398031817340644	0.011625086159513442	0.0013094892522428788	0.012138086432918438	0.002750600633689272	4.440407247560013	Cam3II_R539T	8.0	False	3
Cam3II_R539T_16h_rep3	0.019389311065993335	0.01773607465520445	0.06460142486316345	0.07189437318353642	0.043259525842754616	0.02806764241957181	0.024311675936574288	0.09229193412926687	0.11865346536187596	0.07560109195958448	0.02178415506694142	0.14452471263825278	0.01974391566670376	0.02780323189433149	0.026399446023649367	0.06348387183823656	0.0409338022721373	0.03762276816123834	0.004823466767130535	0.05707411025385258	0.03626301397286406	0.00699651186989056	0.047148774970432475	0.01047385480676956	0.00870513664703897	0.0017858989386935569	0.006004309359552567	0.0014831172370973476	0.03579891849877294	0.006252440464707152	0.05024057516578678	0.02178415506694142	0.014952309862740694	0.0023781630161268464	0.015498798924338832	0.004793496358031975	0.01447736528777272	0.005128265549253498	0.016453432538004152	0.003007211134981618	0.007848047456475462	0.002057775026009628	0.00888890105524797	0.0009491921289707018	0.01052258690008871	0.004770304134835476	0.021845418642785868	0.0037954925944272432	0.007956589749248273	0.0020566751353759322	0.00828451146402402	0.0010915347173451116	0.050944102048536034	0.00613000820531655	0.020812754815141873	0.0034989211214324152	0.024093352149964012	0.003709879744367478	0.1244489153526232	0.020075797285629592	0.09679593864203513	0.02185752671984082	0.05579791963956343	0.008803505223600024	0.06144084397746835	0.010453529206068062	0.01542816636341507	0.00230790829178938	0.004823466767130535	0.002944087332271122	0.0004345109079290495	0.002381034445308369	0.00028290027282713945	0.020535159951300726	0.0038824373769238397	0.015942075093182566	0.004414837972131125	0.011723758297458253	0.0013384539016712523	0.012271090599003394	0.002734339621438914	4.428494581418956	Cam3II_R539T	16.0	False	3
Cam3II_R539T_24h_rep3	0.020040172665153334	0.017687231912322004	0.06382703141202328	0.07195330985467749	0.043602504030846846	0.02808017376374744	0.02418112858356073	0.09324008639550216	0.11800294999503227	0.07643308608390433	0.021905983181196177	0.14262159853681755	0.019658341743776193	0.027704310199585348	0.026612430639855467	0.06339924193641366	0.0409350773188405	0.03829488976891918	0.004763238092865695	0.057057213884960545	0.03654507526167773	0.007057428769169114	0.04786360426844859	0.010557395364166599	0.008733860391373438	0.00177968056019763	0.0060293900863947324	0.0014691554133233272	0.03633357316468071	0.00628852322577466	0.050617990005046784	0.021905983181196177	0.015401300923429631	0.002432587691018164	0.015708440038750823	0.0047525611157205605	0.014609625279666891	0.005124174520365232	0.016654271996431595	0.003008447602333315	0.007807895249599218	0.001994695729319988	0.008932255301166024	0.000923495463690959	0.01065670142960178	0.004760051302222067	0.02176270492877405	0.0037556196582426106	0.008426750224413039	0.0021151195546972243	0.008419294338293536	0.0010790085477495354	0.05093932886251179	0.006117885022448755	0.02071846716337035	0.003462661420190382	0.024008093941197746	0.003696216258387601	0.12289661164513199	0.019724986891685562	0.09626262121780933	0.021740328777222935	0.05523408235825917	0.00859294905376412	0.06161269623428676	0.010340613620390737	0.015389261327072426	0.002297970585249577	0.004763238092865695	0.0029728823548387	0.0004217161222665323	0.0024014171525879864	0.0002718732610864888	0.020128400241362553	0.0038743222962540737	0.016114927242421435	0.004429614506654323	0.011712109823216705	0.0012795477103345468	0.012354794502260397	0.0027337217279357904	4.4278364970571396	Cam3II_R539T	24.0	False	3
Cam3II_R539T_32h_rep3	0.018890681923458424	0.017551889092723337	0.06392327648600386	0.07074507906107946	0.0442560151506482	0.027025199148586237	0.024399919125388032	0.09422757285465427	0.11857160923082934	0.07650724904894206	0.021979444454603852	0.1448777784669733	0.019188728144776554	0.02755796895128535	0.0263268397655007	0.06332913115897805	0.0403551914740426	0.037555129649517294	0.004665791345389006	0.05806550546662012	0.03703457532344384	0.007221439827204353	0.0478938047690897	0.01053022067013865	0.008724855966009828	0.0017993848441616195	0.006066717355407454	0.0014922654441348112	0.03659451613776778	0.006388915985988597	0.051244140730897905	0.021979444454603852	0.015035264283535806	0.002411777149386872	0.015429145453187722	0.004678942763406897	0.014709583693876694	0.0051481441887206774	0.01648608211980471	0.003005771512057212	0.00761660641384801	0.001961010659251199	0.008719681911149274	0.0008914291605280675	0.010339659276942836	0.004715812482499954	0.021575833280582938	0.0037238864340168754	0.007938400049688033	0.002009921404663552	0.007947996348413157	0.0009943641206936803	0.05185695594152998	0.006208549525090136	0.020945160872902525	0.0034547582524855074	0.023869506012616105	0.0036884629386692456	0.1248991535201019	0.01997862494687139	0.09675213084908549	0.02181947838174385	0.055390555148312835	0.008532721337691023	0.06057229246674364	0.010172786594335834	0.015326059328376987	0.0022258297643463487	0.004665791345389006	0.0028639722633131506	0.00039934683223541575	0.0023525665408049116	0.0002753330459396835	0.02007049641806077	0.003909053226457985	0.01601773526391351	0.004417885819294029	0.011148554367789339	0.0012344560418855756	0.011947760547234832	0.0026944281916764902	4.4342091573571745	Cam3II_R539T	32.0	False	3
Cam3II_R539T_40h_rep3	0.01889059264445727	0.017417867860035477	0.06455840581704982	0.07202818891336554	0.04319986546520215	0.02735432660234599	0.024394891654081013	0.09261236743624662	0.11869624765886932	0.07530443244578675	0.02214806465693493	0.14583078583348436	0.01937444849218008	0.027720873814170377	0.02599764964503647	0.06416237772184899	0.040687930952551105	0.03761825470743101	0.0046773540178515725	0.05732507366107112	0.036031904990789954	0.007167960474412195	0.046775281582498926	0.01052946125432425	0.00867689342396722	0.0018138408273601385	0.006006511502959171	0.001502443854677046	0.035841011293956185	0.006322047303132657	0.05044930883915779	0.02214806465693493	0.01492772019447961	0.0023887798141392414	0.01554113387940474	0.004760620819407422	0.014897998536683136	0.005171129448806598	0.016566550140286195	0.0030328767906816216	0.007732523747299552	0.0019782689374962755	0.00876089596895889	0.0009027598384253639	0.010474241445171022	0.004711209760469688	0.021763278601522117	0.003739201145388278	0.007806877845144753	0.001970914500371848	0.008076382279389293	0.001036418019551376	0.051103905752274144	0.006221167908796978	0.02090537530555027	0.003489516348530744	0.024032853544346505	0.0036880202698238718	0.1255322964327399	0.02029848940074446	0.09673737770502594	0.021958869953843385	0.05584710443099735	0.008711301386052467	0.06152811201269773	0.010500076900667822	0.01518189380168327	0.0022359740583522067	0.0046773540178515725	0.0028730554383664246	0.00040245614537506744	0.0023347960156585522	0.00026726786313359386	0.020524018958476758	0.003969803846914691	0.015756027668326504	0.004364046514176327	0.011286848314465789	0.0012840555393653478	0.012057271275008892	0.0027261514735059606	4.405389617424021	Cam3II_R539T	40.0	False	3
Cam3II_R539T_48h_rep3	0.018955031962603827	0.01749687305612374	0.06464419868093202	0.07192206992378734	0.04334387563990855	0.027413283117747964	0.024230904556540853	0.09260520189833027	0.11828583090612121	0.07548958837920951	0.022070610427383196	0.14570954769771582	0.019458700996700825	0.02760663778226813	0.0262483451664253	0.06409505667048837	0.04066206868616633	0.0378773823045168	0.0047573926064318145	0.05712739954059801	0.03629839150694935	0.007045484132959195	0.04711130499847778	0.010480424784786613	0.00865308154546489	0.0017830275374833813	0.005976395993970302	0.0014853535190265336	0.03590051867600857	0.006273324902819778	0.050431358319501914	0.022070610427383196	0.015033040703068528	0.0023753744030988334	0.015693437196618903	0.0047755300017305324	0.014708503337525908	0.005158106429838042	0.016610013652164874	0.0030427468346903644	0.007730858104283525	0.001990998988996174	0.008812394240141002	0.0009244496632801227	0.010396629263923223	0.004715440280261857	0.02179754328003244	0.0037524558619488075	0.007844498842981246	0.0019742598574699856	0.008108548172477558	0.0010277250896750373	0.05100384646184773	0.00612355307875028	0.020814330958059207	0.0034165735984816445	0.023909306526151565	0.003697331256116564	0.12548959707533175	0.020219950622384072	0.09650751234548277	0.02177831856063845	0.05599140087012369	0.008652797810808324	0.06143725117500067	0.010484818748786677	0.015253474769898155	0.002243398286225585	0.0047573926064318145	0.0029071857849161976	0.00040221263376433153	0.002340583932253008	0.00026980203841299325	0.020612840413552262	0.003962846002716913	0.015933844611904117	0.004394716165174654	0.011345046954315798	0.0012806617633694334	0.012060132909947783	0.002727441490114949	4.4313573647466	Cam3II_R539T	48.0	False	3
Cam3II_R539T_8h_DHA_rep1	0.018863968636297718	0.017497805927275494	0.06463622695738044	0.07378323715486476	0.04323509366948618	0.027372885628333763	0.024041018172851536	0.09269111929933697	0.11846662329156496	0.07568860945413194	0.02186774596913126	0.14416308939447117	0.01983037860540002	0.027392129616107486	0.02638212280017581	0.06346528297632228	0.040326819707016376	0.038609572884871796	0.004788777552482021	0.056897492302497965	0.03626614122319253	0.006968952446293646	0.04732429693102614	0.010438204414555154	0.008623184399538563	0.001764928140812971	0.006057418794262843	0.0014805767739362711	0.03593774997495392	0.006201607989558276	0.05055176133482478	0.02186774596913126	0.015564305825690275	0.002361871419728483	0.015876312946844835	0.0048070826926082	0.014548763792018988	0.005104770221233955	0.016488713439538446	0.0030162169769585804	0.007945043428073704	0.001981181162652695	0.008969015702051122	0.0009351383126224998	0.010339834483207092	0.004653121930265989	0.021601839517739432	0.003732023775803867	0.00781520470535707	0.0019454988660507404	0.00808164050176994	0.0010216245631199654	0.05087511537990969	0.006022376922588275	0.020683453202424217	0.0033575649704273196	0.02369370366805083	0.003698425948056657	0.12425052946359477	0.019912559930876397	0.09661705467216801	0.021849568619396957	0.056052721397003576	0.008583505560376875	0.06286185489722444	0.010921382257640326	0.015277514763333128	0.0022202911639423663	0.004788777552482021	0.002882924393247711	0.0003947712883707027	0.0023418426987959966	0.00027201693570254136	0.020394038767085062	0.003912779779487259	0.01602705151550117	0.004463515968557687	0.011263759676116671	0.0012606433048307538	0.01210185600079193	0.002746626646594409	4.421920466951288	Cam3II_R539T	8.0	True	1
Cam3II_R539T_16h_DHA_rep1	0.018970876192087104	0.017514871061056318	0.06454059400799961	0.07393452339613688	0.043102265669377374	0.027589426696607383	0.024152601610332246	0.09266033772328394	0.11837311197825857	0.07545565372608196	0.021813057940791945	0.143913593777676	0.019954467654991277	0.0274821815889457	0.026375574057470104	0.06345819229615353	0.04043274622686351	0.038595135510958	0.004817393169847943	0.056863395715080776	0.03612323809035098	0.006979027579026397	0.047096277817504445	0.010443017815698646	0.008608767521708511	0.001765770495350205	0.006063567050389969	0.0014782530254301763	0.03585709326560225	0.006229332290366004	0.050573912167315695	0.021813057940791945	0.015548147619973876	0.002360519659189425	0.01587392146480285	0.004812546766991844	0.014606124373277872	0.005090324304656235	0.016492831610999438	0.003002784754435997	0.008007820628691362	0.0019990832662574484	0.009012588630520584	0.000934975129521879	0.010394494750804905	0.004659570187231307	0.021648648025117626	0.0037300332637096715	0.007841245355117892	0.001958038732546511	0.008133106678991952	0.0010384854254307484	0.050818632345116604	0.006044763369964171	0.02075417570103725	0.0033984259092949983	0.023781450856720534	0.0037007307322251635	0.12399587750638008	0.019917716271295943	0.09648896451249682	0.021884147465761755	0.055919011650241116	0.008621582357758494	0.0629343437143104	0.011000179681826466	0.015281453551213872	0.0022334175098424453	0.004817393169847943	0.0028847366961542763	0.00040239333238345726	0.0023451352368491136	0.0002762745939578701	0.02035395071556931	0.003912176537214683	0.015994789925789753	0.004472244272335632	0.011355753906769739	0.0012854881152657232	0.012188984759597208	0.0027591999149747105	4.409080347473256	Cam3II_R539T	16.0	True	1
Cam3II_R539T_24h_DHA_rep1	0.01950891100897564	0.017604461248501235	0.06425746258517864	0.07355018272744297	0.043173875886751076	0.028035524030176492	0.024095647979940932	0.09258754989981079	0.11841157900126612	0.07582362270605619	0.021805591029271595	0.142637150200728	0.02001639242023082	0.027602700668238136	0.026491658384956016	0.06350123713407672	0.04071786268723712	0.0385433728221826	0.00483547178717489	0.056799745791803705	0.03617155462720576	0.007002321259545317	0.047295822499650454	0.01051130678079873	0.008681460789219919	0.0017879173016827124	0.006061612445926366	0.0014855028887780276	0.03590540200000235	0.0062349159763674345	0.050447231923441006	0.021805591029271595	0.015501582430112744	0.0023994716067339624	0.015817855767602588	0.004824463017733307	0.014603642528210368	0.0050996149375239505	0.016556682851199506	0.0030085056897844356	0.008036218110268202	0.0020213067305413636	0.00901712790006653	0.0009417396793547253	0.010543970287088351	0.004701915611651783	0.021714933996219106	0.0037570427922778865	0.008073478492231957	0.002031465766274999	0.008326932704466576	0.0010770340460021064	0.05071619188744804	0.006083553904355662	0.02066810663756025	0.0034275413423806808	0.02390086123157044	0.003701839436667696	0.12285226189119128	0.01978488830953674	0.09649273890673794	0.02191884009452817	0.05561236174561154	0.008645100839567113	0.0627158807294903	0.010834301997952675	0.0153224669800749	0.002281994268426337	0.00483547178717489	0.002924380304070415	0.00041748368544002805	0.002384764499158735	0.00027668581794382024	0.020334330077291865	0.003898461050066598	0.016022078874813765	0.004466265203529253	0.011593511894635151	0.0013066559792146769	0.012356679867003112	0.0027786762893235533	4.402273956587075	Cam3II_R539T	24.0	True	1
Cam3II_R539T_32h_DHA_rep1	0.01909510292775267	0.017617931328749756	0.06395548797944116	0.07224215116640507	0.04392110193950222	0.027424624491182797	0.024247683716682907	0.09385590101481503	0.11830595093162542	0.07639551131256478	0.021855246393302316	0.14326159165035474	0.01967066223867145	0.027494647233649763	0.02642847776644933	0.06329177814431167	0.04039368761973691	0.03823609307846709	0.004773051560259582	0.05753331750607546	0.0367975557551711	0.007123546184331119	0.04777861548650242	0.010527808339978108	0.00871223341608995	0.001793948121397434	0.0060924145969617075	0.0014904913516351592	0.03637630294747328	0.0063169779435283	0.05116262012381346	0.021855246393302316	0.015385783627946823	0.0024120550942094187	0.015693204903230586	0.004745049453080272	0.014697438625772252	0.005122195682735807	0.01650566262399441	0.003003072547994149	0.007867789421887476	0.001985589875898291	0.008901984215649174	0.0009152987252365093	0.010396064691504689	0.004692128998372318	0.021585418277348806	0.003720075652511103	0.007991304904065142	0.0020094141104733177	0.008076823326737639	0.0010175605864765676	0.05138688561474691	0.006146431891328545	0.020820284746141057	0.0034273989705418508	0.023804696782687797	0.003689950450961965	0.12345520080685429	0.019806390843500447	0.09649090119801171	0.021815049733613718	0.0554034377732233	0.008552050206217856	0.06169208797631473	0.010550063190090345	0.015371987763638946	0.002245943565110812	0.004773051560259582	0.0028951353860712805	0.0004005134539363413	0.002348795657098579	0.0002724760750460346	0.02006606250201539	0.0038973461617996634	0.016050571398596863	0.004460985795700232	0.011282451203920643	0.0012570781526006756	0.012132155706726676	0.002752939427934801	4.423134596357748	Cam3II_R539T	32.0	True	1
Cam3II_R539T_40h_DHA_rep1	0.01883635252963825	0.01742343707859613	0.06441663472630854	0.0716957103059801	0.04377002014140677	0.02731916564519944	0.02434334617470371	0.09318866999672415	0.11852762964214786	0.07590223261387526	0.02202623568053249	0.1449967090806355	0.019416430681106395	0.027588721448936405	0.02624401330258635	0.0637841878280158	0.040418803929699855	0.03773398448775151	0.0047256153486707145	0.057642099357484655	0.03653942736039028	0.007230592781016489	0.04736314056902933	0.010486051683491752	0.008693932678387405	0.001812785120719215	0.006049100612977502	0.0014972219492700532	0.03608985456257036	0.00634731654756568	0.0507514988865881	0.02202623568053249	0.015057551860709822	0.002392755316356328	0.015548880940594877	0.004734796370090477	0.01478582060774698	0.005156158718429597	0.016552719201187532	0.0030190799041030615	0.007742448961595954	0.001983866254165364	0.008790632755622496	0.0008994827097225814	0.01037676037354568	0.0047067010527034195	0.02162526684555432	0.003710075657896433	0.007826639627433688	0.001978256862044019	0.008026147005506112	0.00100530903465443	0.051453479041173325	0.006188620316311331	0.020894930358510765	0.0034484158161929455	0.023899877572707888	0.003688843876228516	0.12493208321247874	0.020064625868156747	0.09661626939591461	0.02191136024623325	0.05579222165856146	0.00862441306774709	0.06128293902881441	0.010412771277165687	0.015213797553392307	0.0022096395252038242	0.0047256153486707145	0.002854222387092397	0.0003976115217875744	0.0023329287150844332	0.00026923019701623657	0.020331943290610683	0.003938466105937945	0.015985190063279555	0.004404830418326155	0.011249365783334849	0.0012674434486258798	0.012083442441161078	0.002718913972077634	4.409414491394881	Cam3II_R539T	40.0	True	1
Cam3II_R539T_48h_DHA_rep1	0.018782297785942755	0.017492995273396175	0.06459353697064252	0.07220035790045704	0.04339362671594573	0.027316736556520727	0.02425703944155752	0.09276628891230243	0.11868716285182573	0.07547672463247332	0.02201290896382017	0.1453552235539021	0.019440255934573082	0.027665109773902765	0.02618390646113302	0.06400165865457486	0.04056113751115338	0.03774171235519181	0.0047413380689120274	0.05732998168177259	0.036289345168159515	0.007104281547786217	0.04702494239960852	0.01047145274219593	0.008679787653821045	0.0017953100008060799	0.006005417174420576	0.0014998146616211634	0.035918134578377454	0.006298298506795341	0.050549855827129626	0.02201290896382017	0.014981941530775422	0.002379446278282394	0.015618238666392703	0.004762085879741295	0.01478645193798825	0.005135203181252552	0.016582780890276507	0.0030282730119722302	0.007752115184466159	0.0019839530525038707	0.008788336601803297	0.0009158510957997548	0.010387623435843131	0.004681697349673502	0.021761784425480993	0.0037300323001557565	0.007771029787931878	0.001956054110717608	0.00804349710813854	0.0010117167791547307	0.051176292212354396	0.006153689469418196	0.020833407920623655	0.0034236315209338654	0.02397345652642332	0.003691653247479446	0.1251901091573679	0.020165114396534203	0.09677094077723485	0.02191622207459089	0.0559316922654194	0.008661844705223123	0.0616773209445816	0.010523036955875439	0.015265465897004575	0.0022275293763916	0.0047413380689120274	0.0028803207801517136	0.00039897227662140866	0.0023255782836410148	0.0002704874663592673	0.02050112303957305	0.003967826593512275	0.01591500651325908	0.004393541141100533	0.011253463089439298	0.001277649817925661	0.01205027979877228	0.0027353438503834883	4.415493712733848	Cam3II_R539T	48.0	True	1
