species_id	aa	clr_unmasked	pred_clr_unmasked	residual_unmasked	cohens_d_unmasked	clr_masked	pred_clr_masked	residual_masked	cohens_d_masked	prop_unmasked	prop_masked	count_unmasked	count_masked	genome_gc	cds_gc	p_unmasked	q_unmasked	p_masked	q_masked
SP001	A	-0.6733595898091327	-0.6739689262873209	0.0006093364781881716	0.001320734223477737	-0.6722952521156585	-0.6731884390419975	0.0008931869263389958	0.0019374319757546824	0.019604747503755845	0.01964922593735575	80280	80155	0.1934457185627277	0.2374027103707859	4.246981448421332e-09	4.246981448421332e-08	4.273672807967563e-09	4.273672807967563e-08
SP002	A	-0.7677880757832447	-0.704484032077031	-0.06330404370621368	-0.13721124534662701	-0.7655365286593683	-0.7036794897652602	-0.061857038894108096	-0.1341755029601286	0.017507265202801162	0.01757572127092523	65177	65135	0.1859495149416887	0.2294841701575988	4.246981448421332e-09	4.246981448421332e-08	4.273672807967563e-09	4.273672807967563e-08
SP003	A	-0.7455298805584833	-0.7202216896491228	-0.02530819090936054	-0.0548553960985385	-0.7445404739372613	-0.7194047413374766	-0.025135732599784744	-0.0545224864323187	0.017896081819515366	0.017926179373988837	66977	66946	0.1820834727758324	0.224206090781797	4.246981448421332e-09	4.246981448421332e-08	4.273672807967563e-09	4.273672807967563e-08
SP004	A	0.1628362216025534	0.15784932867508616	0.004986892927467235	0.01080906919885912	0.16308196034947897	0.15797409335686163	0.005107866992617338	0.011079589890507202	0.050853738082459646	0.05087013409206366	214711	214691	0.3977864492770924	0.4467449757172462	4.246981448421332e-09	4.246981448421332e-08	4.273672807967563e-09	4.273672807967563e-08
SP005	A	-0.0958091799337415	0.11076890500806336	-0.20657808494180485	-0.4477571200306138	-0.09549575951398177	0.11093078320101246	-0.20642654271499422	-0.4477644854697855	0.03920348291187992	0.039220320010179166	152279	152270	0.3862208841827124	0.4013850289931742	4.246981448421332e-09	4.246981448421332e-08	4.273672807967563e-09	4.273672807967563e-08
SP006	A	0.0311083712871285	0.1822718241219512	-0.1511634528348227	-0.3276461407523995	0.03131437663309653	0.18237733654372024	-0.1510629599106237	-0.32767408506817974	0.04436999330639861	0.044383319274375034	145765	145745	0.4037859696479289	0.4200062898141283	4.246981448421332e-09	4.246981448421332e-08	4.273672807967563e-09	4.273672807967563e-08
SP007	A	-0.049425836411532004	0.15241344110734412	-0.20183927751887612	-0.43748577510712877	-0.049321978544856336	0.15254249090081284	-0.2018644694456692	-0.43786878909640237	0.04120991977150884	0.04121603511284085	159002	159000	0.3964510935896607	0.4195374370042632	4.246981448421332e-09	4.246981448421332e-08	4.273672807967563e-09	4.273672807967563e-08
SP008	A	-0.3849948372593056	-0.46883824807519614	0.08384341081589053	0.18173023615279704	-0.38560840266402296	-0.4682194654010061	0.08261106273698315	0.1791935257647977	0.027238734572822654	0.027261010292738044	112744	112312	0.2438371982251849	0.2897468622786375	4.246981448421332e-09	4.246981448421332e-08	4.273672807967563e-09	4.273672807967563e-08
SP011	A	-0.5282565228419376	-0.5641272334511347	0.03587071060919711	0.0777496125997602	-0.5279216616524893	-0.5634333344430631	0.03551167279057377	0.0770291731194491	0.022552096904624494	0.02256787363504609	76942	76923	0.2204289347197997	0.2373709569363915	4.246981448421332e-09	4.246981448421332e-08	4.273672807967563e-09	4.273672807967563e-08
SP012	A	-0.5060483877365745	-0.5765205330528956	0.07047214531632118	0.15274807508310514	-0.505612131986221	-0.5758168644032741	0.07020473241705305	0.15228267389851688	0.02314567039316132	0.023155336858416774	87748	87714	0.2173844524888822	0.23889371411476	4.246981448421332e-09	4.246981448421332e-08	4.273672807967563e-09	4.273672807967563e-08
SP013	A	-0.38495532606303956	-0.4998820407046888	0.11492671464164922	0.24910316492197915	-0.3852618269194674	-0.49923878620006723	0.11397695928059981	0.2472300018033555	0.02672127980813654	0.026715019149441344	93234	93163	0.2362111197732971	0.2552617917765347	4.246981448421332e-09	4.246981448421332e-08	4.273672807967563e-09	4.273672807967563e-08
SP014	A	-0.6717238756756966	-0.7150722364660704	0.04334836079037385	0.09395738754676539	-0.6700391951633916	-0.7142593474698118	0.04422015230642018	0.09591893312003597	0.018504584485920714	0.018559307969559926	67015	66986	0.1833484642807999	0.215792342063103	4.246981448421332e-09	4.246981448421332e-08	4.273672807967563e-09	4.273672807967563e-08
SP015	A	0.3072607533897007	0.23210879475810042	0.07515195863160029	0.16289155052930554	0.3072607533897007	0.2321750206819475	0.0750857327077532	0.16287016209164484	0.06129025562518162	0.06129025562518162	121067	121067	0.4160286956708644	0.4372808967570699	4.246981448421332e-09	4.246981448421332e-08	4.273672807967563e-09	4.273672807967563e-08
SP016	A	0.12515104702529867	0.0107910902682542	0.11435995675704447	0.2478747196189028	0.12515104702529867	0.011031781000586438	0.11411926602471223	0.24753868258257272	0.050068800199043806	0.050068800199043806	79287	79287	0.3616607839477382	0.3886674477951951	4.246981448421332e-09	4.246981448421332e-08	4.273672807967563e-09	4.273672807967563e-08
SP017	A	-0.23467181157664388	-0.07557465272438879	-0.1590971588522551	-0.34484241478377037	-0.2350654477516798	-0.07526587985264666	-0.15979956789903316	-0.3466248591751823	0.033918298115085385	0.033904755642995506	67069	67037	0.3404445640264728	0.3772457386607378	4.246981448421332e-09	4.246981448421332e-08	4.273672807967563e-09	4.273672807967563e-08
SP018	A	0.9307773868476997	0.6670566650521037	0.263720721795596	0.5716135422441153	0.93119570072904	0.6667800214478807	0.2644156792811593	0.5735500339553581	0.10198174161094964	0.10208701243388886	679975	679532	0.5228760329447381	0.5782784866934	4.246981448421332e-09	4.246981448421332e-08	4.273672807967563e-09	4.273672807967563e-08
SP001	R	-0.3765282886700895	-0.4075961712098869	0.03106788253979742	0.10019080567190566	-0.37517473260610534	-0.4068767651735825	0.03170203256747717	0.10229164765110299	0.026379918494771122	0.026447416126360243	108024	107887	0.1934457185627277	0.2374027103707859	2.384009954321694e-08	1.0268683772911776e-07	2.481487262886101e-08	9.925949051544404e-08
SP002	R	-0.36724215971347507	-0.427859432787971	0.060617273074495936	0.19548462690329405	-0.3660125834744939	-0.4271224778645081	0.061109894390014186	0.19718078869656844	0.026132032620955318	0.02620741593413695	97286	97124	0.1859495149416887	0.2294841701575988	2.384009954321694e-08	1.0268683772911776e-07	2.481487262886101e-08	9.925949051544404e-08
SP003	R	-0.3841071642702905	-0.438309872455696	0.05420270818540551	0.17479829839508543	-0.3835914061231725	-0.4375638669859635	0.053972460862791005	0.17415072480568447	0.025687500517691142	0.02571851722529472	96137	96047	0.1820834727758324	0.224206090781797	2.384009954321694e-08	1.0268683772911776e-07	2.481487262886101e-08	9.925949051544404e-08
SP004	R	0.11590926493904535	0.1447647152928383	-0.028855450353792944	-0.09305593373699686	0.11609194631604211	0.14500575219638023	-0.028913805880338123	-0.09329499100944569	0.0485224547373866	0.04853503851782207	204868	204836	0.3977864492770924	0.4467449757172462	2.384009954321694e-08	1.0268683772911776e-07	2.481487262886101e-08	9.925949051544404e-08
SP005	R	0.037123216678836626	0.11350141420693471	-0.07637819752809809	-0.24631202774458535	0.037449743988588344	0.11376952652184846	-0.07631978253326012	-0.24625791065870184	0.044777151101243556	0.044796969121729924	173929	173921	0.3862208841827124	0.4013850289931742	2.384009954321694e-08	1.0268683772911776e-07	2.481487262886101e-08	9.925949051544404e-08
SP006	R	0.058640556869825354	0.16098223775662313	-0.10234168088679776	-0.3300416579318056	0.05871010561816579	0.16120922956329797	-0.10249912394513219	-0.330729717371449	0.045608568296802626	0.045616041220662706	149834	149793	0.4037859696479289	0.4200062898141283	2.384009954321694e-08	1.0268683772911776e-07	2.481487262886101e-08	9.925949051544404e-08
SP007	R	0.0428480537766984	0.14115506660103005	-0.09830701282433166	-0.3170302580309799	0.042918610294636055	0.14139922962113183	-0.09848061932649577	-0.3177633734104126	0.04519348271478389	0.04519868399428265	174372	174364	0.3964510935896607	0.4195374370042632	2.384009954321694e-08	1.0268683772911776e-07	2.481487262886101e-08	9.925949051544404e-08
SP008	R	-0.10755287461420684	-0.27138112352344823	0.1638282489092414	0.5283296738684471	-0.10600899055546217	-0.27077968578617295	0.16477069523071078	0.5316588412396684	0.035948306936443554	0.036055409179117426	148794	148544	0.2438371982251849	0.2897468622786375	2.384009954321694e-08	1.0268683772911776e-07	2.481487262886101e-08	9.925949051544404e-08
SP011	R	-0.40222221482157344	-0.33465685487726105	-0.0675653599443124	-0.21789151029721585	-0.40178934677156103	-0.3340006175380005	-0.06778872923356055	-0.2187311110325827	0.025581319005664807	0.025601723905249753	87277	87264	0.2204289347197997	0.2373709569363915	2.384009954321694e-08	1.0268683772911776e-07	2.481487262886101e-08	9.925949051544404e-08
SP012	R	-0.42145450171416476	-0.3428865059024503	-0.07856799581171447	-0.2533739076140434	-0.4207458963815313	-0.34222314131881015	-0.07852275506272116	-0.2533661517246033	0.025188854753753553	0.025206238500141233	95494	95483	0.2173844524888822	0.23889371411476	2.384009954321694e-08	1.0268683772911776e-07	2.481487262886101e-08	9.925949051544404e-08
SP013	R	-0.37828482194187196	-0.2919954544965143	-0.08628936744535765	-0.2782745568255217	-0.37787213026475247	-0.2913761638303459	-0.08649596643440655	-0.2790929856916127	0.026900120029302282	0.026913166258902284	93858	93854	0.2362111197732971	0.2552617917765347	2.384009954321694e-08	1.0268683772911776e-07	2.481487262886101e-08	9.925949051544404e-08
SP014	R	-0.3547125061801716	-0.4348904277534111	0.0801779215732395	0.25856575674996457	-0.3547927396030195	-0.43414738367511074	0.07935464407209125	0.2560503738561082	0.025407130956200667	0.025437332949881708	92013	91811	0.1833484642807999	0.215792342063103	2.384009954321694e-08	1.0268683772911776e-07	2.481487262886101e-08	9.925949051544404e-08
SP015	R	0.18140684803296414	0.1940759972611411	-0.012669149228176968	-0.040856735785667384	0.18140684803296414	0.19427432839791525	-0.012867480364951112	-0.041518970900287944	0.05404229403527743	0.05404229403527743	106750	106750	0.4160286956708644	0.4372808967570699	2.384009954321694e-08	1.0268683772911776e-07	2.481487262886101e-08	9.925949051544404e-08
SP016	R	-0.006048883906884975	0.04711211095368739	-0.053160994860572366	-0.17143887738657299	-0.006048883906884975	0.04743771936254615	-0.053486603269431124	-0.17258302804545947	0.04391246114004361	0.04391246114004361	69538	69538	0.3616607839477382	0.3886674477951951	2.384009954321694e-08	1.0268683772911776e-07	2.481487262886101e-08	9.925949051544404e-08
SP017	R	-0.03384660719841111	-0.010238227390400478	-0.02360837980801063	-0.07613465740843366	-0.033763012496500544	-0.00986295103385082	-0.023900061462649724	-0.07711734762663594	0.04146210346599345	0.041465332814088394	81986	81986	0.3404445640264728	0.3772457386607378	2.384009954321694e-08	1.0268683772911776e-07	2.481487262886101e-08	9.925949051544404e-08
SP018	R	0.7207484883931532	0.48289893398417016	0.23784955440898303	0.7670409611731189	0.7212123319819139	0.48284713159205384	0.2383652003898601	0.7691232112220523	0.08266240427618851	0.08275150024675482	551161	550827	0.5228760329447381	0.5782784866934	2.384009954321694e-08	1.0268683772911776e-07	2.481487262886101e-08	9.925949051544404e-08
SP001	N	1.3230083525948486	1.3510305099252737	-0.028022157330425124	-0.050884473926399755	1.3127250016516236	1.3437693800159334	-0.031044378364309733	-0.05671259901730214	0.14433539147711621	0.1430305435634999	591046	583467	0.1934457185627277	0.2374027103707859	9.193988347962456e-09	6.129325565308304e-08	1.0533839276972103e-08	7.022559517981401e-08
SP002	N	1.3870895501680698	1.3872725416892675	-0.00018299152119771733	-0.000332288024056862	1.3736039859639542	1.37975993962092	-0.006155953656965751	-0.011245840622724804	0.15103227794158453	0.14925540873930415	562275	553139	0.1859495149416887	0.2294841701575988	9.193988347962456e-09	6.129325565308304e-08	1.0533839276972103e-08	7.022559517981401e-08
SP003	N	1.3667896777045867	1.4059637659487927	-0.039174088244205985	-0.0711348825983678	1.361719438168258	1.3983214713027872	-0.036602033134529144	-0.0668654531914546	0.14795399108475732	0.14730747829868315	553729	550129	0.1820834727758324	0.224206090781797	9.193988347962456e-09	6.129325565308304e-08	1.0533839276972103e-08	7.022559517981401e-08
SP004	N	0.5281613487948986	0.3631006686863494	0.16506068010854924	0.29972802501319273	0.5278956530071681	0.3626944759323454	0.16520117707482274	0.3017933876041736	0.07327934330900601	0.07326548958578177	309395	309208	0.3977864492770924	0.4467449757172462	9.193988347962456e-09	6.129325565308304e-08	1.0533839276972103e-08	7.022559517981401e-08
SP005	N	0.6524391423846586	0.41901691625767157	0.23342222612698704	0.42386341062701705	0.6527339781534754	0.4182227380951258	0.23451124005834967	0.42841063739158514	0.08284852288782432	0.08288256428497653	321811	321786	0.3862208841827124	0.4013850289931742	9.193988347962456e-09	6.129325565308304e-08	1.0533839276972103e-08	7.022559517981401e-08
SP006	N	0.6231644707400318	0.3340946786091419	0.2890697921308899	0.5249119162079485	0.6231167246608275	0.33388974937690596	0.2892269752839215	0.5283666266972749	0.08020769949839082	0.08021143252156807	263500	263397	0.4037859696479289	0.4200062898141283	9.193988347962456e-09	6.129325565308304e-08	1.0533839276972103e-08	7.022559517981401e-08
SP007	N	0.6101634712264685	0.369556737075994	0.2406067341504745	0.43690951221314395	0.6102636478512471	0.3691057476762829	0.2411579001749642	0.44055291209183217	0.07969989801353167	0.07971143163318155	307510	307505	0.3964510935896607	0.4195374370042632	9.193988347962456e-09	6.129325565308304e-08	1.0533839276972103e-08	7.022559517981401e-08
SP008	N	1.0720144252924646	1.1074019081840245	-0.03538748289155991	-0.06425891587445381	1.0562917547601889	1.1018312411845645	-0.045539486424375664	-0.08319260262620229	0.11693863242560504	0.11527927289409075	484023	474938	0.2438371982251849	0.2897468622786375	9.193988347962456e-09	6.129325565308304e-08	1.0533839276972103e-08	7.022559517981401e-08
SP011	N	1.2439975748368375	1.220574264804791	0.02342331003204645	0.0425335849250106	1.2406821485569712	1.2142183301071878	0.026463818449783405	0.04834472465825519	0.13269883318526735	0.13230782094386453	452737	450976	0.2204289347197997	0.2373709569363915	9.193988347962456e-09	6.129325565308304e-08	1.0533839276972103e-08	7.022559517981401e-08
SP012	N	1.2249866785375567	1.2352934783288407	-0.010306799791284016	-0.018715764066986537	1.2249705234238892	1.228835411597695	-0.003864888173805703	-0.007060468426056357	0.130691920981045	0.1306873648725347	495471	495055	0.2173844524888822	0.23889371411476	9.193988347962456e-09	6.129325565308304e-08	1.0533839276972103e-08	7.022559517981401e-08
SP013	N	1.143110714194334	1.1442718481510126	-0.001161133956678606	-0.0021084633080522912	1.1434519955886093	1.138445352133292	0.005006643455317317	0.009146253771679425	0.12316516811553996	0.12321610250657528	429741	429692	0.2362111197732971	0.2552617917765347	9.193988347962456e-09	6.129325565308304e-08	1.0533839276972103e-08	7.022559517981401e-08
SP014	N	1.3379292863471683	1.3998478885497927	-0.06191860220262435	-0.11243586502591227	1.328487892488199	1.3922480300702738	-0.06376013758207466	-0.1164785158055336	0.13805769444234284	0.13693392746170263	499984	494238	0.1833484642807999	0.215792342063103	9.193988347962456e-09	6.129325565308304e-08	1.0533839276972103e-08	7.022559517981401e-08
SP015	N	0.07735746216014115	0.2749045488005275	-0.19754708664038634	-0.35871897587538354	0.07735746216014115	0.2751103214249595	-0.19775285926481834	-0.3612595646271363	0.0487018772711579	0.0487018772711579	96201	96201	0.4160286956708644	0.4372808967570699	9.193988347962456e-09	6.129325565308304e-08	1.0533839276972103e-08	7.022559517981401e-08
SP016	N	0.37166126871460475	0.5377580788302316	-0.16609681011562688	-0.30160949793862873	0.37166126871460475	0.5361399927612645	-0.1644787240466597	-0.3004735934561243	0.0640656465671574	0.0640656465671574	101452	101452	0.3616607839477382	0.3886674477951951	9.193988347962456e-09	6.129325565308304e-08	1.0533839276972103e-08	7.022559517981401e-08
SP017	N	0.5330755131761218	0.6403325225313494	-0.10725700935522764	-0.19476432280372527	0.5331591078780324	0.6380027043778114	-0.10484359649977892	-0.19153074279817334	0.07309076031767224	0.07309645311875705	144528	144528	0.3404445640264728	0.3772457386607378	9.193988347962456e-09	6.129325565308304e-08	1.0533839276972103e-08	7.022559517981401e-08
SP018	N	-0.5462007933695519	-0.24167221286982388	-0.304528580499728	-0.5529829995443413	-0.545407772502349	-0.23788207515250548	-0.3075256973498435	-0.5617951616440968	0.023285145224232934	0.023317917103902183	155256	155213	0.5228760329447381	0.5782784866934	9.193988347962456e-09	6.129325565308304e-08	1.0533839276972103e-08	7.022559517981401e-08
SP001	D	0.522029572838413	0.4603731231284328	0.06165644970998019	0.5660531749257092	0.5138063631249875	0.45626536951937324	0.057540993605614266	0.5391559188409569	0.06479062514041678	0.06433730025168405	265314	262452	0.1934457185627277	0.2374027103707859	3.352151056605155e-07	8.655662695646082e-07	2.9697563193113436e-07	8.396283934422105e-07
SP002	D	0.5238136509938296	0.4673066000991586	0.05650705089467101	0.5187777712643687	0.5159161857142431	0.4630687993828274	0.052847386331415724	0.49517707899081914	0.06370210935986975	0.06330543527740068	237155	234609	0.1859495149416887	0.2294841701575988	3.352151056605155e-07	8.655662695646082e-07	2.9697563193113436e-07	8.396283934422105e-07
SP003	D	0.5252350251431881	0.4708824253675101	0.05435259977567797	0.4989982688462972	0.5205347437998226	0.46657755502158027	0.05395718877824229	0.5055758663675519	0.0637740713021689	0.06351889349391603	238679	237215	0.1820834727758324	0.224206090781797	3.352151056605155e-07	8.655662695646082e-07	2.9697563193113436e-07	8.396283934422105e-07
SP004	D	0.23492999813763987	0.2713718870076682	-0.036441888870028305	-0.33456429931012344	0.23342547103518957	0.2708091172691869	-0.037383646233997314	-0.3502826919024478	0.054655366546522165	0.05457737968867288	230762	230337	0.3977864492770924	0.4467449757172462	3.352151056605155e-07	8.655662695646082e-07	2.9697563193113436e-07	8.396283934422105e-07
SP005	D	0.29216846199986407	0.2820692457360586	0.010099216263805444	0.09271849834491981	0.29110093725935543	0.28130583199689096	0.009795105262464465	0.09177959306932522	0.057785809466534305	0.057730849087390686	224459	224136	0.3862208841827124	0.4013850289931742	3.352151056605155e-07	8.655662695646082e-07	2.9697563193113436e-07	8.396283934422105e-07
SP006	D	0.28872962205453434	0.2658227399420994	0.022906882112434968	0.21030262703066227	0.28692842915942274	0.2653640522575065	0.02156437690191626	0.20205701560306336	0.05740805734276505	0.05731015077090801	188598	188194	0.4037859696479289	0.4200062898141283	3.352151056605155e-07	8.655662695646082e-07	2.9697563193113436e-07	8.396283934422105e-07
SP007	D	0.2872170927501575	0.27260699992276427	0.014610092827393228	0.13413178134333295	0.28672249498767505	0.2720210639053092	0.014701431082365823	0.1377515938952534	0.057703736436901215	0.05767777145858164	222641	222505	0.3964510935896607	0.4195374370042632	3.352151056605155e-07	8.655662695646082e-07	2.9697563193113436e-07	8.396283934422105e-07
SP008	D	0.3369997304795969	0.41376444206488183	-0.07676471158528492	-0.7047585276074252	0.3352318928207695	0.4105308997889885	-0.075299006968219	-0.7055475191829257	0.056071888641171415	0.05605300620525523	232088	230932	0.2438371982251849	0.2897468622786375	3.352151056605155e-07	8.655662695646082e-07	2.9697563193113436e-07	8.396283934422105e-07
SP011	D	0.3846141293163746	0.43541548893396	-0.05080135961758536	-0.4663951790500547	0.3834207747246345	0.4317758508382331	-0.04835507611359863	-0.45308438139497026	0.05618774670134274	0.05614119241669454	191699	191359	0.2204289347197997	0.2373709569363915	3.352151056605155e-07	8.655662695646082e-07	2.9697563193113436e-07	8.396283934422105e-07
SP012	D	0.4333458697261595	0.4382314273079665	-0.004885557581806976	-0.04485314015763976	0.43207392183276555	0.43453897232954997	-0.0024650504967844156	-0.023097386442306484	0.05921660523837019	0.05914022634097923	224498	224028	0.2173844524888822	0.23889371411476	3.352151056605155e-07	8.655662695646082e-07	2.9697563193113436e-07	8.396283934422105e-07
SP013	D	0.4214066691243894	0.4208180443942945	0.000588624730094911	0.005404023405130961	0.42039553800099805	0.41745220189116206	0.0029433361098359923	0.027578896110712223	0.0598488513528231	0.059792682493201056	208821	208515	0.2362111197732971	0.2552617917765347	3.352151056605155e-07	8.655662695646082e-07	2.9697563193113436e-07	8.396283934422105e-07
SP014	D	0.4147481572473824	0.46971239452106406	-0.05496423727368166	-0.5046135669907275	0.4103192799857708	0.4654294697484218	-0.05511018976265103	-0.5163794216456236	0.054843876758150216	0.054670809274098925	198620	197324	0.1833484642807999	0.215792342063103	3.352151056605155e-07	8.655662695646082e-07	2.9697563193113436e-07	8.396283934422105e-07
SP015	D	0.2932870174553058	0.2544990535496047	0.03878796390570105	0.3561030552521728	0.2932870174553058	0.25425275752149407	0.03903425993381171	0.3657488507260951	0.060439757932156606	0.060439757932156606	119387	119387	0.4160286956708644	0.4372808967570699	3.352151056605155e-07	8.655662695646082e-07	2.9697563193113436e-07	8.396283934422105e-07
SP016	D	0.27411453927902246	0.3047856630035911	-0.03067112372456865	-0.281584279414341	0.27411453927902246	0.3035961709251301	-0.02948163164610762	-0.2762412534624167	0.05811138243880445	0.05811138243880445	92023	92023	0.3616607839477382	0.3886674477951951	3.352151056605155e-07	8.655662695646082e-07	2.9697563193113436e-07	8.396283934422105e-07
SP017	D	0.3150966463575673	0.3244092190949821	-0.009312572737414815	-0.08549651154965847	0.3151802410594778	0.3228516596363537	-0.007671418576875921	-0.07188076660576757	0.05877538201988081	0.0587799598428104	116221	116221	0.3404445640264728	0.3772457386607378	3.352151056605155e-07	8.655662695646082e-07	2.9697563193113436e-07	8.396283934422105e-07
SP018	D	0.16000512669226077	0.15567255552164816	0.004332571170612615	0.039776303667382454	0.1606618311812612	0.15727988938869325	0.003381941792567955	0.03168860703268601	0.04718242791280847	0.04724239285319929	314594	314464	0.5228760329447381	0.5782784866934	3.352151056605155e-07	8.655662695646082e-07	2.9697563193113436e-07	8.396283934422105e-07
SP001	C	-0.7776127978505118	-0.8049272265381956	0.027314428687683745	0.441075953653332	-0.7756263604135848	-0.8035558288459672	0.02792946843238242	0.45034520461804844	0.017663821212067932	0.017720228439978124	72332	72286	0.1934457185627277	0.2374027103707859	0.32460331178179136	0.3606703464242126	0.3437474612386249	0.38194162359847206
SP002	C	-0.7883109961822082	-0.8060508284184394	0.017739832236231212	0.2864644730707464	-0.7859631271739089	-0.804638854313974	0.018675727140065046	0.30113441581050543	0.01715162684403458	0.017220350928887344	63853	63818	0.1859495149416887	0.2294841701575988	0.32460331178179136	0.3606703464242126	0.3437474612386249	0.38194162359847206
SP003	C	-0.7987916001635277	-0.8066303073742227	0.007838707210695017	0.1265801784800115	-0.797780262211949	-0.8051974066609591	0.0074171444490100935	0.11959681376170547	0.016967844900535167	0.016996754107438453	63503	63475	0.1820834727758324	0.224206090781797	0.32460331178179136	0.3606703464242126	0.3437474612386249	0.38194162359847206
SP004	C	-0.8182204942485095	-0.7742987056430776	-0.043921788605431944	-0.7092531576190824	-0.8178940255841375	-0.7740333896617336	-0.04386063592240386	-0.7072253131839423	0.01906581452335286	0.019073501368595844	80498	80497	0.3977864492770924	0.4467449757172462	0.32460331178179136	0.3606703464242126	0.3437474612386249	0.38194162359847206
SP005	C	-0.7824533634560458	-0.7760322618994278	-0.006421101556618014	-0.10368854955649282	-0.7820808394408003	-0.7757043423442285	-0.006376497096571843	-0.1028170262765393	0.01972962689118552	0.019739266991702895	76636	76636	0.3862208841827124	0.4013850289931742	0.32460331178179136	0.3606703464242126	0.3437474612386249	0.38194162359847206
SP006	C	-0.8210584396211378	-0.7733994408004959	-0.04765899882064184	-0.7696019783293596	-0.8207152181836234	-0.773166599792365	-0.047548618391258346	-0.7666917231367499	0.018923349893325486	0.0189316308290116	62167	62167	0.4037859696479289	0.4200062898141283	0.32460331178179136	0.3606703464242126	0.3437474612386249	0.38194162359847206
SP007	C	-0.8019582536863169	-0.7744988613801738	-0.027459392306143138	-0.4434168397464702	-0.8018418173219541	-0.7742263172143253	-0.02761550010762881	-0.44528266181323034	0.019416953598100747	0.019420079248595158	74917	74917	0.3964510935896607	0.4195374370042632	0.32460331178179136	0.3606703464242126	0.3437474612386249	0.38194162359847206
SP008	C	-0.7359922712721158	-0.7973740750818913	0.06138180380977554	0.9911991190416636	-0.7340653586383257	-0.7962754428527412	0.06221008421441554	1.0030986867034042	0.019175675819327956	0.01924017481028036	79370	79267	0.2438371982251849	0.2897468622786375	0.32460331178179136	0.3606703464242126	0.3437474612386249	0.38194162359847206
SP011	C	-0.8097604508684845	-0.8008827269565649	-0.008877723911919544	-0.1433583175212645	-0.809281960237968	-0.7996573874769495	-0.009624572761018468	-0.15519021423253163	0.017018893728674905	0.017033245905871724	58064	58058	0.2204289347197997	0.2373709569363915	0.32460331178179136	0.3606703464242126	0.3437474612386249	0.38194162359847206
SP012	C	-0.7939717089844688	-0.8013390627409114	0.007367353756442596	0.11896871873764012	-0.793178304814546	-0.8000972436974667	0.006918938882920722	0.11156356070694155	0.017355065401154956	0.01736851553157396	65795	65793	0.2173844524888822	0.23889371411476	0.32460331178179136	0.3606703464242126	0.3437474612386249	0.38194162359847206
SP013	C	-0.8608809222870071	-0.7985171438298345	-0.06236377845717256	-1.0070561376531981	-0.8604256123575491	-0.7973772321853083	-0.06304838017224079	-1.0166156845500078	0.016602190563426947	0.016610950337624324	57927	57927	0.2362111197732971	0.2552617917765347	0.32460331178179136	0.3606703464242126	0.3437474612386249	0.38194162359847206
SP014	C	-0.771025417200866	-0.8064406984861336	0.03541528128526761	0.5718892804023372	-0.7692210717679053	-0.8050146450811047	0.03579357331319932	0.5771489757053301	0.01675533927073456	0.016806900799347026	60680	60661	0.1833484642807999	0.215792342063103	0.32460331178179136	0.3606703464242126	0.3437474612386249	0.38194162359847206
SP015	C	-0.6950262841114727	-0.7715643852611731	0.07653810114970039	1.2359444285445185	-0.6950262841114727	-0.7713978132504075	0.07637152913893475	1.2314431261136967	0.022495917104824854	0.022495917104824854	44436	44436	0.4160286956708644	0.4372808967570699	0.32460331178179136	0.3606703464242126	0.3437474612386249	0.38194162359847206
SP016	C	-0.7324068458541536	-0.7797135619545039	0.04730671610035031	0.7639132839552305	-0.7324068458541536	-0.7792527003392835	0.0468458544851299	0.7553600948291862	0.021239022437263628	0.021239022437263628	33633	33633	0.3616607839477382	0.3886674477951951	0.32460331178179136	0.3606703464242126	0.3437474612386249	0.38194162359847206
SP017	C	-0.9406111597633908	-0.7828936496095796	-0.1577175101538112	-2.5468371311858644	-0.9405275650614804	-0.7823179461185032	-0.15820961894297714	-2.551031122841205	0.016743586475869127	0.0167448905792447	33108	33108	0.3404445640264728	0.3772457386607378	0.32460331178179136	0.3606703464242126	0.3437474612386249	0.38194162359847206
SP018	C	-0.6820310264633127	-0.755549096038903	0.07351806957559026	1.1871766757262274	-0.6818393776588827	-0.7559608809969226	0.0741215033380399	1.195162867785363	0.02032771813630651	0.020344089639978337	135537	135418	0.5228760329447381	0.5782784866934	0.32460331178179136	0.3606703464242126	0.3437474612386249	0.38194162359847206
SP001	E	0.6200243791018604	0.6159360160566159	0.004088363045244514	0.02953652142730621	0.6186167231884837	0.613661608752513	0.004955114435970742	0.036089495605954536	0.07146127720178405	0.07144657162307158	292630	291453	0.1934457185627277	0.2374027103707859	0.12209713120041088	0.14364368376518927	0.12368216660919196	0.1455084313049317
SP002	E	0.5939720258247329	0.6197770683704864	-0.025805042545753554	-0.18642942998219317	0.5932727626672634	0.6174569662297649	-0.024184203562501505	-0.1761403736443518	0.06833185464061052	0.0683969181809032	254391	253478	0.1859495149416887	0.2294841701575988	0.12209713120041088	0.14364368376518927	0.12368216660919196	0.1455084313049317
SP003	E	0.607379566992232	0.6217580271273973	-0.014378460135165305	-0.10387768678419278	0.6060532199635582	0.6194143586357518	-0.013361138672193573	-0.09731294032288346	0.0692339426903213	0.06918996745538838	259113	258394	0.1820834727758324	0.224206090781797	0.12209713120041088	0.14364368376518927	0.12368216660919196	0.1455084313049317
SP004	E	0.5629285692949563	0.5112318916481557	0.051696677646800526	0.3734844509005544	0.5612863616581114	0.5102030903569866	0.05108327130112478	0.3720538685800417	0.07587186870727579	0.0757531779098774	320341	319707	0.3977864492770924	0.4467449757172462	0.12209713120041088	0.14364368376518927	0.12368216660919196	0.1455084313049317
SP005	E	0.5826772244290838	0.5171580834664127	0.06551914096267109	0.4733453192699258	0.5808983420295233	0.5160587816080088	0.06483956042151451	0.47224480103572897	0.07726584414942476	0.07713746436196423	300126	299481	0.3862208841827124	0.4013850289931742	0.12209713120041088	0.14364368376518927	0.12368216660919196	0.1455084313049317
SP006	E	0.5830380741547708	0.5081577393482051	0.07488033480656575	0.5409755907246531	0.5812655748057624	0.5071655095160031	0.07410006528975921	0.5396916691292938	0.07705297076883881	0.0769237679632376	253136	252601	0.4037859696479289	0.4200062898141283	0.12209713120041088	0.14364368376518927	0.12368216660919196	0.1455084313049317
SP007	E	0.565963331374082	0.5119161274710267	0.054047203903055285	0.39046590982800206	0.5655221958813779	0.5108791862115417	0.05464300966983615	0.397980446840951	0.07625386984867903	0.07622363283730813	294214	294050	0.3964510935896607	0.4195374370042632	0.12209713120041088	0.14364368376518927	0.12368216660919196	0.1455084313049317
SP008	E	0.6248568286000122	0.5901154381558762	0.034741390444136044	0.25099038708443877	0.6232175793375717	0.588148203728413	0.03506937560915868	0.25542015089755526	0.07477560469316696	0.07476003636014995	309505	308003	0.2438371982251849	0.2897468622786375	0.12209713120041088	0.14364368376518927	0.12368216660919196	0.1455084313049317
SP011	E	0.6177240482119404	0.6021098248143045	0.015614223397635851	0.11280550157879503	0.6163951556237763	0.5999998999223769	0.016395255701399436	0.11941127016135974	0.07093816781743888	0.07086978589073327	242024	241562	0.2204289347197997	0.2373709569363915	0.12209713120041088	0.14364368376518927	0.12368216660919196	0.1455084313049317
SP012	E	0.6214203728448168	0.6036698165259469	0.017750556318869903	0.1282395132860688	0.6188022313859248	0.6015413332910013	0.017260898094923482	0.12571598779424198	0.07146990839960846	0.0712817013323337	270952	270021	0.2173844524888822	0.23889371411476	0.12209713120041088	0.14364368376518927	0.12368216660919196	0.1455084313049317
SP013	E	0.6004613379276144	0.5940230382911194	0.006438299636495004	0.04651372029936231	0.597125968778475	0.5920093173450773	0.005116651433397679	0.03726601510599236	0.07158438105806919	0.07135116829370965	249768	248823	0.2362111197732971	0.2552617917765347	0.12209713120041088	0.14364368376518927	0.12368216660919196	0.1455084313049317
SP014	E	0.7854842004564999	0.6211098458888907	0.16437435456760918	1.1875282581455409	0.7791529022659445	0.618773888444472	0.16037901382147246	1.168085578928399	0.07945784167163229	0.0790565593916418	287761	285340	0.1833484642807999	0.215792342063103	0.12209713120041088	0.14364368376518927	0.12368216660919196	0.1455084313049317
SP015	E	0.2882150204881505	0.5018845704889042	-0.21366955000075372	-1.5436631170269983	0.2882150204881505	0.5009669690144241	-0.21275194852627355	-1.5495324297173407	0.060133983761569046	0.060133983761569046	118783	118783	0.4160286956708644	0.4372808967570699	0.12209713120041088	0.14364368376518927	0.12368216660919196	0.1455084313049317
SP016	E	0.23065091920304448	0.5297426708929966	-0.29909175168995217	-2.1607987927580132	0.23065091920304448	0.5284936572839105	-0.29784273808086603	-2.1692726426668445	0.055639753443325245	0.055639753443325245	88109	88109	0.3616607839477382	0.3886674477951951	0.12209713120041088	0.14364368376518927	0.12368216660919196	0.1455084313049317
SP017	E	0.4015511009725488	0.5406138551270327	-0.13906275415448394	-1.0046637180623659	0.40163469567445953	0.53923551316029	-0.13760081748583042	-1.0021855523620748	0.06408289942671731	0.06408789063487809	126716	126716	0.3404445640264728	0.3772457386607378	0.12209713120041088	0.14364368376518927	0.12368216660919196	0.1455084313049317
SP018	E	0.649993043182421	0.44713602938539565	0.20285701379702537	1.4655475720691151	0.6487683710265842	0.44686974047747546	0.20189863054910878	1.470484654633983	0.0770157117532193	0.07696864899296242	513511	512334	0.5228760329447381	0.5782784866934	0.12209713120041088	0.14364368376518927	0.12368216660919196	0.1455084313049317
SP001	Q	-0.3300703400063199	-0.3868354436280838	0.0567651036217639	0.5651330892266395	-0.32912817563981467	-0.3866710670261133	0.057542891386298645	0.5728960582481769	0.027634389853653962	0.02769370196657728	113161	112971	0.1934457185627277	0.2374027103707859	0.0004887485915908596	0.000751920910139784	0.0004869348798324908	0.0007491305843576781
SP002	Q	-0.3373101427128891	-0.3921643708706897	0.05485422815780061	0.5461090958719805	-0.33610132813603283	-0.39200074753360453	0.055899419397571704	0.5565336787865299	0.0269260409204372	0.027003154080431344	100242	100073	0.1859495149416887	0.2294841701575988	0.0004887485915908596	0.000751920910139784	0.0004869348798324908	0.0007491305843576781
SP003	Q	-0.32903503506369264	-0.39491267634105787	0.06587764127736523	0.6558542581743451	-0.32820306947524625	-0.3947494414877914	0.06654637201254515	0.6625345598428087	0.027141845235598233	0.027183212185833642	101580	101517	0.1820834727758324	0.224206090781797	0.0004887485915908596	0.000751920910139784	0.0004869348798324908	0.0007491305843576781
SP004	Q	-0.28785497897632	-0.2415729958976608	-0.04628198307865922	-0.4607668867664967	-0.2875233969968418	-0.2413880858757268	-0.04613531112111502	-0.4593223811070678	0.03240337004617092	0.0324166000060658	136811	136810	0.3977864492770924	0.4467449757172462	0.0004887485915908596	0.000751920910139784	0.0004869348798324908	0.0007491305843576781
SP005	Q	-0.2846300307846032	-0.24979476494547542	-0.03483526583912777	-0.3468074598942442	-0.2844558171654385	-0.24961101710302647	-0.03484480006241203	-0.34691424301551305	0.03245792845932999	0.03246734848892668	126077	126052	0.3862208841827124	0.4013850289931742	0.0004887485915908596	0.000751920910139784	0.0004869348798324908	0.0007491305843576781
SP006	Q	-0.2963068295797415	-0.2373080360375805	-0.05899879354216103	-0.5873709079664692	-0.2960016803557026	-0.23712252314674748	-0.058879157208955146	-0.5861998982904232	0.03198119947266962	0.031993976472307915	105065	105061	0.4037859696479289	0.4200062898141283	0.0004887485915908596	0.000751920910139784	0.0004869348798324908	0.0007491305843576781
SP007	Q	-0.2610209450230268	-0.24252227818254324	-0.01849866684048357	-0.18416611740542485	-0.2609045086586639	-0.24233750234540458	-0.018567006313259304	-0.1848528023892106	0.03335087103182574	0.03335623969926387	128679	128679	0.3964510935896607	0.4195374370042632	0.0004887485915908596	0.000751920910139784	0.0004869348798324908	0.0007491305843576781
SP008	Q	-0.4535478093934542	-0.3510129737027975	-0.10253483569065669	-1.0208001879695348	-0.4535191029336119	-0.350843533453404	-0.1026755694802079	-1.0222362418097737	0.025434004876394134	0.025471158852349393	105274	104938	0.2438371982251849	0.2897468622786375	0.0004887485915908596	0.000751920910139784	0.0004869348798324908	0.0007491305843576781
SP011	Q	-0.337195070276737	-0.36765352129222595	0.03045845101548894	0.30323345536608864	-0.3368279910571507	-0.3674864332498716	0.030658442192720903	0.3052349345174117	0.027300076470638236	0.027320054920875213	93141	93121	0.2204289347197997	0.2373709569363915	0.0004887485915908596	0.000751920910139784	0.0004869348798324908	0.0007491305843576781
SP012	Q	-0.3289609170287029	-0.3698177933851601	0.040856876356457184	0.40675646265574483	-0.3324999026083971	-0.3696510112712029	0.0371511086628058	0.3698758126279859	0.02762980854576498	0.0275316848332537	104748	104292	0.2173844524888822	0.23889371411476	0.0004887485915908596	0.000751920910139784	0.0004869348798324908	0.0007491305843576781
SP013	Q	-0.3243019977895268	-0.35643422681583425	0.03213222902630747	0.3198969911932448	-0.3242404482770903	-0.356265552881952	0.03202510460486169	0.3188414024930169	0.02839217482319466	0.028395971907270594	99064	99025	0.2362111197732971	0.2552617917765347	0.0004887485915908596	0.000751920910139784	0.0004869348798324908	0.0007491305843576781
SP014	Q	-0.49470243022159194	-0.3940134147903755	-0.10068901543121644	-1.0024238609865845	-0.49351042365022424	-0.3938500528229418	-0.09966037082728246	-0.9922169747642616	0.02208812109250097	0.022142530409459286	79993	79919	0.1833484642807999	0.215792342063103	0.0004887485915908596	0.000751920910139784	0.0004869348798324908	0.0007491305843576781
SP015	Q	-0.25465494950656553	-0.22860488447906674	-0.026050065027498792	-0.259345139606173	-0.25465494950656553	-0.22841814136343203	-0.026236808143133505	-0.26121322033174427	0.0349425458433444	0.0349425458433444	69022	69022	0.4160286956708644	0.4372808967570699	0.0004887485915908596	0.000751920910139784	0.0004869348798324908	0.0007491305843576781
SP016	Q	-0.2809922036291788	-0.26725413422620825	-0.013738069402970565	-0.13677131030082457	-0.2809922036291788	-0.26707285433447436	-0.013919349294704453	-0.13858080732826136	0.033356571950357766	0.033356571950357766	52822	52822	0.3616607839477382	0.3886674477951951	0.0004887485915908596	0.000751920910139784	0.0004869348798324908	0.0007491305843576781
SP017	Q	-0.297830131255912	-0.2823363942659749	-0.015493736989937112	-0.15425010948858958	-0.29774653655400146	-0.28215724631118844	-0.015589290242813025	-0.1552067113040637	0.03184232298835229	0.03184480308310111	62964	62964	0.3404445640264728	0.3772457386607378	0.0004887485915908596	0.000751920910139784	0.0004869348798324908	0.0007491305843576781
SP018	Q	-0.016472976200689143	-0.15264887858821646	0.13617590238752733	1.3557186278962927	-0.015767074354467843	-0.1524513987915463	0.13668432443707845	1.3608268338243843	0.03954911947591495	0.03960133134927938	263698	263602	0.5228760329447381	0.5782784866934	0.0004887485915908596	0.000751920910139784	0.0004869348798324908	0.0007491305843576781
SP001	G	-0.3103476814400702	-0.3169267444223387	0.006579062982268513	0.020322094025821177	-0.31166646044953494	-0.317083630668863	0.005417170219328082	0.016733634561431444	0.028184823656052623	0.028181528249431705	115415	114961	0.1934457185627277	0.2374027103707859	1.0413556486524312e-10	2.0827112973048625e-09	9.952205240660985e-11	1.990441048132197e-09
SP002	G	-0.36662561470928107	-0.33871361513024223	-0.027911999579038838	-0.0862174874176874	-0.3665481221413406	-0.3388732650698979	-0.027674857071442682	-0.08548761180164823	0.026148149162893382	0.026193384607040543	97346	97072	0.1859495149416887	0.2294841701575988	1.0413556486524312e-10	2.0827112973048625e-09	9.952205240660985e-11	1.990441048132197e-09
SP003	G	-0.3947000627272141	-0.34994983083046904	-0.04475023189674504	-0.13822917073965754	-0.39407854257836206	-0.350110906098827	-0.043967636479535055	-0.13581599462267938	0.025416831548512403	0.02545021295647205	95124	95045	0.1820834727758324	0.224206090781797	1.0413556486524312e-10	2.0827112973048625e-09	9.952205240660985e-11	1.990441048132197e-09
SP004	G	0.40179772666936686	0.276966552170819	0.12483117449854786	0.3855915154407689	0.4015129558752028	0.27688500206809097	0.12462795380711184	0.384975651624593	0.06458066979336062	0.06456722895357389	272668	272498	0.3977864492770924	0.4467449757172462	1.0413556486524312e-10	2.0827112973048625e-09	9.952205240660985e-11	1.990441048132197e-09
SP005	G	0.2686515951241677	0.243352541117558	0.0252990540066097	0.07814634936195342	0.2678512135767242	0.24326672703343	0.024584486543294204	0.07594145966248418	0.05644272277166548	0.056404105769594835	219242	218985	0.3862208841827124	0.4013850289931742	1.0413556486524312e-10	2.0827112973048625e-09	9.952205240660985e-11	1.990441048132197e-09
SP006	G	0.3270529314821697	0.2944034817470106	0.0326494497351591	0.1008510162005538	0.3268040397475191	0.2943241435416747	0.032479896205844405	0.10033037392154122	0.05965082473752955	0.05964160314758252	195966	195850	0.4037859696479289	0.4200062898141283	1.0413556486524312e-10	2.0827112973048625e-09	9.952205240660985e-11	1.990441048132197e-09
SP007	G	0.275247693083568	0.27308549141234584	0.0021622016712221637	0.006678833411960054	0.2751641026254857	0.27300344899196916	0.0021606536335165294	0.006674257380374356	0.057017174417595066	0.05701494711662339	219992	219948	0.3964510935896607	0.4195374370042632	1.0413556486524312e-10	2.0827112973048625e-09	9.952205240660985e-11	1.990441048132197e-09
SP008	G	-0.026087687736103034	-0.17046958988285965	0.1443819021467566	0.445981836465348	-0.02595825631138794	-0.17060789784719488	0.14464964153580695	0.44682262932518235	0.03899943562937472	0.039060340130027585	161423	160924	0.2438371982251849	0.2897468622786375	1.0413556486524312e-10	2.0827112973048625e-09	9.952205240660985e-11	1.990441048132197e-09
SP011	G	-0.23980956120089286	-0.23850306873034055	-0.0013064924705523118	-0.004035629830896771	-0.23968562071725716	-0.23865000683072002	-0.00103561388653714	-0.003199010483780903	0.030092471144717678	0.03010717198565955	102668	102621	0.2204289347197997	0.2373709569363915	1.0413556486524312e-10	2.0827112973048625e-09	9.952205240660985e-11	1.990441048132197e-09
SP012	G	-0.1898157555770954	-0.2473515131017484	0.05753575752465301	0.17772243211748084	-0.19134548302915305	-0.24749957363890462	0.05615409060975157	0.17345994187896177	0.03175468810049534	0.031705556098191964	120386	120103	0.2173844524888822	0.23889371411476	1.0413556486524312e-10	2.0827112973048625e-09	9.952205240660985e-11	1.990441048132197e-09
SP013	G	-0.16023099244163488	-0.19263392714462968	0.032402934702994796	0.10008955492925678	-0.1599213314641903	-0.19277504668422363	0.03285371522003333	0.1014851005633649	0.03345444217327554	0.03346721884043509	116727	116710	0.2362111197732971	0.2552617917765347	1.0413556486524312e-10	2.0827112973048625e-09	9.952205240660985e-11	1.990441048132197e-09
SP014	G	-0.4479582737673742	-0.34627327563552046	-0.10168499813185372	-0.31409519845308626	-0.4473450891054319	-0.3464338845280287	-0.10091120457740321	-0.311714631843627	0.023145123568228294	0.023188710563565834	83821	83695	0.1833484642807999	0.215792342063103	1.0413556486524312e-10	2.0827112973048625e-09	9.952205240660985e-11	1.990441048132197e-09
SP015	G	0.24185594900047447	0.32998558469647843	-0.08812963569600396	-0.27222398507241763	0.24185594900047447	0.3299107601275816	-0.08805481112710711	-0.27200124255272895	0.05740985990075502	0.05740985990075502	113402	113402	0.4160286956708644	0.4372808967570699	1.0413556486524312e-10	2.0827112973048625e-09	9.952205240660985e-11	1.990441048132197e-09
SP016	G	0.11009262664188443	0.17197137867277756	-0.06187875203089313	-0.19113752526179426	0.11009262664188443	0.17187650979454905	-0.061783883152664615	-0.19085036663129007	0.0493204914714907	0.0493204914714907	78102	78102	0.3616607839477382	0.3886674477951951	1.0413556486524312e-10	2.0827112973048625e-09	9.952205240660985e-11	1.990441048132197e-09
SP017	G	0.035827038934742	0.11030882737311154	-0.07448178843836954	-0.2300670949549044	0.03588788089636831	0.11020613651935607	-0.07431825562298776	-0.22956903336745732	0.04445393509808919	0.04445638595408728	87902	87900	0.3404445640264728	0.3772457386607378	1.0413556486524312e-10	2.0827112973048625e-09	9.952205240660985e-11	1.990441048132197e-09
SP018	G	0.6148276855656887	0.6405253245904446	-0.02569763902475597	-0.07937754022270106	0.6153085465379383	0.6404898923949477	-0.025181345857009374	-0.07778515761472155	0.07435449230760001	0.07443590045978273	495767	495475	0.5228760329447381	0.5782784866934	1.0413556486524312e-10	2.0827112973048625e-09	9.952205240660985e-11	1.990441048132197e-09
SP001	H	-0.4642059822857783	-0.5974505454747475	0.1332445631889692	1.305783751679261	-0.46463990291014445	-0.5970726536089446	0.13243275069880012	1.302601141579196	0.02416548472363046	0.02418404925721707	98956	98654	0.1934457185627277	0.2374027103707859	0.5368146913103348	0.5650680961161418	0.5361359420664595	0.5643536232278521
SP002	H	-0.4267563114886152	-0.5986241208722393	0.17186780938362406	1.68428780551118	-0.42748860160809266	-0.5982438506066222	0.17075524899852956	1.6795390951442324	0.024622181250391163	0.024644811795381156	91665	91333	0.1859495149416887	0.2294841701575988	0.5368146913103348	0.5650680961161418	0.5361359420664595	0.5643536232278521
SP003	H	-0.4874846433281666	-0.599229372837218	0.1117447295090514	1.095087474014047	-0.4871748678413771	-0.5988478759515098	0.1116730081101327	1.0984094725834281	0.023164641280785256	0.02318783494521184	86695	86596	0.1820834727758324	0.224206090781797	0.5368146913103348	0.5650680961161418	0.5361359420664595	0.5643536232278521
SP004	H	-0.47997871753841626	-0.5654597850318471	0.08548106749343087	0.8377061422822905	-0.47990558927894345	-0.5651467265110975	0.0852411372321541	0.838427066433491	0.026739414959908937	0.026743419556135177	112897	112867	0.3977864492770924	0.4467449757172462	0.5368146913103348	0.5650680961161418	0.5361359420664595	0.5643536232278521
SP005	H	-0.5200986345586152	-0.5672704432448603	0.047171808686245154	0.4622791342898173	-0.5197361480837706	-0.5669537151949382	0.047217567111167646	0.4644293537441153	0.025648270386495916	0.02566054482761996	99626	99625	0.3862208841827124	0.4013850289931742	0.5368146913103348	0.5650680961161418	0.5361359420664595	0.5643536232278521
SP006	H	-0.4885810966977413	-0.5645205243260409	0.07593942762829964	0.7441990002115593	-0.4882840190789822	-0.5642093693365795	0.07592535025759728	0.746797505892495	0.02638706549045165	0.026397394474068074	86687	86683	0.4037859696479289	0.4200062898141283	0.5368146913103348	0.5650680961161418	0.5361359420664595	0.5643536232278521
SP007	H	-0.5137107189540668	-0.565668842931138	0.05195812397707111	0.5091845583281014	-0.5136042879926218	-0.5653553607279647	0.05175107273534285	0.5090206619382434	0.02590391501041247	0.025907825682123235	99946	99945	0.3964510935896607	0.4195374370042632	0.5368146913103348	0.5650680961161418	0.5361359420664595	0.5643536232278521
SP008	H	-0.6138768305952457	-0.58956145870967	-0.024315371885575643	-0.23828827806800823	-0.6121355237753328	-0.5891995550816369	-0.022935968693695852	-0.2255969074566961	0.02166629943920501	0.02173514130821295	89679	89546	0.2438371982251849	0.2897468622786375	0.5368146913103348	0.5650680961161418	0.5361359420664595	0.5643536232278521
SP011	H	-0.6803958185780148	-0.5932261620097274	-0.08716965656828735	-0.8542541508797117	-0.6799199214496904	-0.5928568313943303	-0.08706309005536006	-0.8563476926750255	0.019369288699961046	0.019385572708549702	66083	66076	0.2204289347197997	0.2373709569363915	0.5368146913103348	0.5650680961161418	0.5361359420664595	0.5643536232278521
SP012	H	-0.7315922944801835	-0.5937027938656548	-0.13788950061452865	-1.3513036863970516	-0.7309969906164264	-0.5933324972951772	-0.1376644933212492	-1.3540602699027493	0.01847214334681828	0.01848279739921702	70030	70014	0.2173844524888822	0.23889371411476	0.5368146913103348	0.5650680961161418	0.5361359420664595	0.5643536232278521
SP013	H	-0.6732578906905096	-0.5907553667867343	-0.08250252390377522	-0.8085167049802606	-0.673002937109798	-0.5903910435521257	-0.08261189355767229	-0.8125659724533527	0.020028528454510957	0.020035081501261143	69882	69868	0.2362111197732971	0.2552617917765347	0.5368146913103348	0.5650680961161418	0.5361359420664595	0.5643536232278521
SP014	H	-0.7404018376325936	-0.5990313308704684	-0.14137050676212515	-1.385417207866447	-0.7388598719376813	-0.5986502353419955	-0.14020963659568586	-1.3790941570437332	0.017276385161982592	0.017325003788801273	62567	62531	0.1833484642807999	0.215792342063103	0.5368146913103348	0.5650680961161418	0.5361359420664595	0.5643536232278521
SP015	H	-0.5457111748194082	-0.5626038525298768	0.01689267771046854	0.16554659754035164	-0.5457111748194082	-0.5622965819195984	0.016585407100190186	0.1631331382023403	0.026118632278209944	0.026118632278209944	51592	51592	0.4160286956708644	0.4372808967570699	0.5368146913103348	0.5650680961161418	0.5361359420664595	0.5643536232278521
SP016	H	-0.6073871276203436	-0.5711154734565265	-0.03627165416381717	-0.35545868079038334	-0.6073871276203436	-0.5707909529638178	-0.03659617465652587	-0.359957930598614	0.02406743998216689	0.02406743998216689	38112	38112	0.3616607839477382	0.3886674477951951	0.5368146913103348	0.5650680961161418	0.5361359420664595	0.5643536232278521
SP017	H	-0.6932174677919952	-0.5744369992562646	-0.11878046853573065	-1.1640370317462005	-0.6931338730900848	-0.5741057472690463	-0.1190281258210385	-1.1707539997198118	0.02144323004535285	0.021444900188647753	42401	42401	0.3404445640264728	0.3772457386607378	0.5368146913103348	0.5650680961161418	0.5361359420664595	0.5643536232278521
SP018	H	-0.6118767895964559	-0.5458762644531352	-0.06600052514332067	-0.6467987231285498	-0.6110750539704208	-0.5456028944277342	-0.06547215954268659	-0.6439805056675569	0.021805006884015585	0.021835885887352108	145387	145348	0.5228760329447381	0.5782784866934	0.5368146913103348	0.5650680961161418	0.5361359420664595	0.5643536232278521
SP001	I	0.8778725162525374	0.9894107190817989	-0.11153820282926152	-0.27507559371757817	0.8795599075638484	0.9904272686722347	-0.11086736110838635	-0.2732854244125837	0.0924810596070479	0.09274864615949566	378705	378351	0.1934457185627277	0.2374027103707859	2.567170943227944e-08	1.0268683772911776e-07	2.4411384080458643e-08	9.925949051544404e-08
SP002	I	0.9213914276585319	1.0158919959738228	-0.09450056831529097	-0.23305736757986928	0.9228925935400768	1.0169324341957195	-0.09403984065564275	-0.2318059842711009	0.0948024689467813	0.09510177164392918	352938	352446	0.1859495149416887	0.2294841701575988	2.567170943227944e-08	1.0268683772911776e-07	2.4411384080458643e-08	9.925949051544404e-08
SP003	I	0.9505818007143472	1.0295492734766571	-0.07896747276230998	-0.19474963647854676	0.9512945793465991	1.0306020318623572	-0.0793074525157581	-0.1954909957553804	0.09758204168836516	0.09771911916940282	365208	364938	0.1820834727758324	0.224206090781797	2.567170943227944e-08	1.0268683772911776e-07	2.4411384080458643e-08	9.925949051544404e-08
SP004	I	0.2813851082580479	0.2675515295610682	0.01383357869697971	0.034116381444082564	0.28164126111310894	0.2679168934773537	0.013724367635755241	0.03383024180096578	0.057254286809194775	0.057273342899603445	241735	241715	0.3977864492770924	0.4467449757172462	2.567170943227944e-08	1.0268683772911776e-07	2.4411384080458643e-08	9.925949051544404e-08
SP005	I	0.3999840885949096	0.30840833484013186	0.09157575375477772	0.22584418786799454	0.4002966138101133	0.3088105554823213	0.091486058327792	0.22551097120010563	0.06436428259553241	0.0643918681014692	250012	249997	0.3862208841827124	0.4013850289931742	2.567170943227944e-08	1.0268683772911776e-07	2.4411384080458643e-08	9.925949051544404e-08
SP006	I	0.3705203459287418	0.24635747345064485	0.12416287247809693	0.30621056282280595	0.37072675408929157	0.24670371831169557	0.12402303577759599	0.30571385149396824	0.06230086992466578	0.06231960630856419	204672	204644	0.4037859696479289	0.4200062898141283	2.567170943227944e-08	1.0268683772911776e-07	2.4411384080458643e-08	9.925949051544404e-08
SP007	I	0.34632255767801884	0.27226884054885536	0.07405371712916348	0.18263132890423586	0.3464389940423817	0.2726384599285061	0.0738005341138756	0.18191657206911044	0.06121715083241433	0.06122700528341249	236197	236197	0.3964510935896607	0.4195374370042632	2.567170943227944e-08	1.0268683772911776e-07	2.4411384080458643e-08	9.925949051544404e-08
SP008	I	0.7197158939744	0.8113965143722205	-0.09168062039782054	-0.22610281005630728	0.721671095495358	0.8122524782118825	-0.0905813827165245	-0.2232809672033545	0.08221606794094596	0.08249494222546934	340302	339870	0.2438371982251849	0.2897468622786375	2.567170943227944e-08	1.0268683772911776e-07	2.4411384080458643e-08	9.925949051544404e-08
SP011	I	0.9804923742636915	0.894089133034258	0.08640324122943355	0.2130877338654258	0.9808384504854186	0.8950196934841903	0.08581875700122832	0.2115412073956815	0.10195962971680071	0.10203210172097145	347862	347780	0.2204289347197997	0.2373709569363915	2.567170943227944e-08	1.0268683772911776e-07	2.4411384080458643e-08	9.925949051544404e-08
SP012	I	0.9417909179974688	0.9048441473088835	0.03694677068858532	0.0911181516764009	0.9424914785450883	0.9057844098050356	0.036707068740052695	0.09048205675031956	0.0984596721672974	0.09852683014395118	373274	373228	0.2173844524888822	0.23889371411476	2.567170943227944e-08	1.0268683772911776e-07	2.4411384080458643e-08	9.925949051544404e-08
SP013	I	0.8747482735871311	0.8383365903485381	0.03641168323859301	0.08979851863351629	0.8751214117471107	0.8392168567000903	0.03590455504702039	0.08850387946708076	0.09417585611157796	0.09421780353212277	328593	328566	0.2362111197732971	0.2552617917765347	2.567170943227944e-08	1.0268683772911776e-07	2.4411384080458643e-08	9.925949051544404e-08
SP014	I	1.020587096714387	1.0250805327643469	-0.004493436049959776	-0.011081715124697945	1.0219241455604628	1.0261292599207221	-0.004205114360259277	-0.010365507496146023	0.10051726299315047	0.10077948179172759	364029	363745	0.1833484642807999	0.215792342063103	2.567170943227944e-08	1.0268683772911776e-07	2.4411384080458643e-08	9.925949051544404e-08
SP015	I	0.30708728138847263	0.2031085124943779	0.10397876889409474	0.2564325124670411	0.30708728138847263	0.2034157426774894	0.10367153871098322	0.2555478923002303	0.0612796244040188	0.0612796244040188	121046	121046	0.4160286956708644	0.4372808967570699	2.567170943227944e-08	1.0268683772911776e-07	2.4411384080458643e-08	9.925949051544404e-08
SP016	I	0.6010218701174239	0.3951699608174244	0.20585190929999952	0.5076721224859037	0.6010218701174239	0.3956504487016501	0.2053714214157738	0.5062356991518566	0.08058148324262063	0.08058148324262063	127606	127606	0.3616607839477382	0.3886674477951951	2.567170943227944e-08	1.0268683772911776e-07	2.4411384080458643e-08	9.925949051544404e-08
SP017	I	0.42657539581705883	0.4701189113448958	-0.04354351552783697	-0.10738704840623477	0.42665899051896944	0.470667010313921	-0.04400801979495156	-0.1084787285183338	0.06570676206543595	0.06571187975096474	129927	129927	0.3404445640264728	0.3772457386607378	2.567170943227944e-08	1.0268683772911776e-07	2.4411384080458643e-08	9.925949051544404e-08
SP018	I	-0.5228375500693359	-0.17434307054209497	-0.3484944795272409	-0.8594573288041641	-0.5218745032201085	-0.17437633760155768	-0.34749816561855085	-0.8565747639724098	0.0238355665139885	0.023873171779661844	158926	158909	0.5228760329447381	0.5782784866934	2.567170943227944e-08	1.0268683772911776e-07	2.4411384080458643e-08	9.925949051544404e-08
SP001	L	0.6808502985803794	0.7309043111694915	-0.05005401258911213	-0.6461783040857518	0.6832284737383434	0.7324864414971567	-0.049257967758813304	-0.6363419765070696	0.07594289261510269	0.0762152573921003	310982	310906	0.1934457185627277	0.2374027103707859	0.8026212867753824	0.8026212867753824	0.7778811925134458	0.7778811925134458
SP002	L	0.7103041444051585	0.7312669898819159	-0.020962845476757308	-0.27062237847299403	0.7128188023550217	0.7328953196051293	-0.020076517250107617	-0.25935967823248135	0.07676188051034642	0.07708230965358003	285775	285666	0.1859495149416887	0.2294841701575988	0.8026212867753824	0.8026212867753824	0.7778811925134458	0.7778811925134458
SP003	L	0.7216463831622351	0.7314540353873176	-0.009807652225082508	-0.1266130676453542	0.7227681962659669	0.7331061916793192	-0.010337995413352341	-0.13355200658428734	0.07761479450400378	0.07775562140286181	290479	290383	0.1820834727758324	0.224206090781797	0.8026212867753824	0.8026212867753824	0.7778811925134458	0.7778811925134458
SP004	L	0.647014178802318	0.7210179691145161	-0.07400379031219806	-0.955360844142505	0.6473186305748495	0.7213407395418693	-0.07402210896701977	-0.9562590027248381	0.08252750146963458	0.0825589567205259	348442	348430	0.3977864492770924	0.4467449757172462	0.8026212867753824	0.8026212867753824	0.7778811925134458	0.7778811925134458
SP005	L	0.6303709799865431	0.7215775302562542	-0.09120655026971103	-1.177441945735507	0.6307180897091069	0.721971579712773	-0.09125349000366612	-1.1788636201239002	0.08104023441844371	0.08107777095789528	314787	314779	0.3862208841827124	0.4013850289931742	0.8026212867753824	0.8026212867753824	0.7778811925134458	0.7778811925134458
SP006	L	0.636603151893891	0.7207277024097601	-0.08412455051586909	-1.0860160169485562	0.6369388845038002	0.7210134975588626	-0.08407461305506236	-1.0861228726991712	0.08129286043247544	0.08132782546996002	267065	267063	0.4037859696479289	0.4200062898141283	0.8026212867753824	0.8026212867753824	0.7778811925134458	0.7778811925134458
SP007	L	0.6309246051472907	0.7210825758282381	-0.09015797068094744	-1.1639051812421528	0.6310410415116535	0.7214135761048217	-0.09037253459316819	-1.167482945430301	0.08137185406734217	0.08138495292832527	313961	313961	0.3964510935896607	0.4195374370042632	0.8026212867753824	0.8026212867753824	0.7778811925134458	0.7778811925134458
SP008	L	0.6822098888564765	0.7284662881534352	-0.04625639929695868	-0.5971525579014987	0.6851698948082592	0.7297378538247912	-0.04456795901653199	-0.575753820545951	0.07918958214346804	0.07953807075180314	327775	327688	0.2438371982251849	0.2897468622786375	0.8026212867753824	0.8026212867753824	0.7778811925134458	0.7778811925134458
SP011	L	0.7345588424130003	0.7295988186045018	0.0049600238084984705	0.06403202474715615	0.7350965562873015	0.7310146503176379	0.004081905969663624	0.0527323442446935	0.07972979983685873	0.07980176263150791	272019	272007	0.2204289347197997	0.2373709569363915	0.8026212867753824	0.8026212867753824	0.7778811925134458	0.7778811925134458
SP012	L	0.7270637394091675	0.729746115683307	-0.0026823762741395862	-0.034628459579690234	0.7278676170020839	0.7311807106592808	-0.003313093657196897	-0.042800396810859016	0.07943347398580006	0.07949586731043877	301143	301137	0.2173844524888822	0.23889371411476	0.8026212867753824	0.8026212867753824	0.7778811925134458	0.7778811925134458
SP013	L	0.7089157319719096	0.7288352504246861	-0.019919518452776508	-0.2571534225973287	0.7093602652264028	0.7301538159152429	-0.020793550688840035	-0.26862271721652486	0.07978466376318803	0.07982590009256424	278380	278377	0.2362111197732971	0.2552617917765347	0.8026212867753824	0.8026212867753824	0.7778811925134458	0.7778811925134458
SP014	L	0.8609868246288085	0.7313928330089614	0.12959399161984708	1.6730092432755617	0.8629432024589521	0.7330371931089361	0.12990600935001595	1.6781984826230378	0.0856894069465054	0.08596616926009075	310329	310279	0.1833484642807999	0.215792342063103	0.8026212867753824	0.8026212867753824	0.7778811925134458	0.7778811925134458
SP015	L	0.7466920215080256	0.7201353791038535	0.026556642404172104	0.34283617363121155	0.7466920215080256	0.7203457218545531	0.02634629965347246	0.34035623388337055	0.09511171388447609	0.09511171388447609	187875	187875	0.4160286956708644	0.4372808967570699	0.8026212867753824	0.8026212867753824	0.7778811925134458	0.7778811925134458
SP016	L	0.8171908828749701	0.72276578847075	0.09442509440422009	1.218992128885351	0.8171908828749701	0.7233112027837781	0.09387968009119196	1.2127902124502852	0.10002677492831076	0.10002677492831076	158399	158399	0.3616607839477382	0.3886674477951951	0.8026212867753824	0.8026212867753824	0.7778811925134458	0.7778811925134458
SP017	L	0.8658074415581475	0.723792264232689	0.14201517732545843	1.8333620361649778	0.8658910362600581	0.7244684349373168	0.14142260132274131	1.8269762587268499	0.1019450445639289	0.1019529847311643	201584	201584	0.3404445640264728	0.3772457386607378	0.8026212867753824	0.8026212867753824	0.7778811925134458	0.7778811925134458
SP018	L	0.8065906649815885	0.7149659284502322	0.09162473653135628	1.182840571647082	0.8069511009069507	0.7145177668902767	0.09243333401667397	1.1941055049471554	0.09007179473335312	0.09015955309209701	600564	600138	0.5228760329447381	0.5782784866934	0.8026212867753824	0.8026212867753824	0.7778811925134458	0.7778811925134458
SP001	K	1.116963256512776	1.1821221777296724	-0.06515892121689637	-0.18246306793265255	1.1182606228290286	1.182857084483048	-0.06459646165401933	-0.1807704524457091	0.11745961857428365	0.11775354280773688	480991	480354	0.1934457185627277	0.2374027103707859	1.0597913167380203e-06	2.3550918149733784e-06	1.0352313628968494e-06	2.3005141397707762e-06
SP002	K	1.139192610160978	1.2045049334243956	-0.06531232326341763	-0.18289263624828264	1.1403348048920314	1.2052621377507593	-0.06492733285872787	-0.181696381449325	0.11787168707692398	0.11820138354281835	438822	438053	0.1859495149416887	0.2294841701575988	1.0597913167380203e-06	2.3550918149733784e-06	1.0352313628968494e-06	2.3005141397707762e-06
SP003	K	1.1415148841858347	1.2160484668819176	-0.0745335826960829	-0.2087147225392189	1.1418603941441676	1.2168171708101765	-0.07495677666600886	-0.20976335367036755	0.11811120085908675	0.1182336849850826	442040	441551	0.1820834727758324	0.224206090781797	1.0597913167380203e-06	2.3550918149733784e-06	1.0352313628968494e-06	2.3005141397707762e-06
SP004	K	0.7441535592635645	0.5719855158566935	0.17216804340687097	0.4821183164682862	0.7443570207043736	0.5721126079631027	0.1722444127412709	0.48201866828641704	0.09094645887936396	0.09097193525518057	383988	383936	0.3977864492770924	0.4467449757172462	1.0597913167380203e-06	2.3550918149733784e-06	1.0352313628968494e-06	2.3005141397707762e-06
SP005	K	0.8099687416674023	0.6065188918248141	0.20344984984258818	0.5697160585140257	0.8093851855381133	0.6066803858825143	0.20270479965559907	0.5672607664320799	0.09698375732686358	0.09693841938018859	376717	376357	0.3862208841827124	0.4013850289931742	1.0597913167380203e-06	2.3550918149733784e-06	1.0352313628968494e-06	2.3005141397707762e-06
SP006	K	0.7781191087836328	0.5540716749934251	0.22404743379020764	0.6273950115858952	0.7783160563051013	0.554180921434198	0.2241351348709033	0.6272326486952737	0.09365091057634678	0.0936781889219469	307664	307619	0.4037859696479289	0.4200062898141283	1.0597913167380203e-06	2.3550918149733784e-06	1.0352313628968494e-06	2.3005141397707762e-06
SP007	K	0.7870256230152421	0.5759727261338339	0.21105289688140827	0.5910067008762822	0.7867087271296349	0.5761037902762776	0.21060493685335735	0.5893689646066324	0.09511916347769969	0.09509325941083548	367003	366844	0.3964510935896607	0.4195374370042632	1.0597913167380203e-06	2.3550918149733784e-06	1.0352313628968494e-06	2.3005141397707762e-06
SP008	K	1.0309318636785076	1.0316593254113586	-0.0007274617328509869	-0.0020370947999239627	1.0327829892509035	1.0322443419332858	0.0005386473176176576	0.0015073816246458892	0.11223183939403603	0.11260080657395395	464541	463903	0.2438371982251849	0.2897468622786375	1.0597913167380203e-06	2.3550918149733784e-06	1.0352313628968494e-06	2.3005141397707762e-06
SP011	K	1.1370227299247224	1.1015535638506988	0.03546916607402362	0.09932351147030499	1.1374128035232505	1.1022082086125216	0.035204594910728915	0.09851856258421542	0.1192363077548965	0.11932630979833007	406806	406728	0.2204289347197997	0.2373709569363915	1.0597913167380203e-06	2.3550918149733784e-06	1.0352313628968494e-06	2.3005141397707762e-06
SP012	K	1.1302066611261647	1.1106440188912075	0.019562642234957295	0.05478082897010262	1.1307641558201218	1.1113077195122605	0.019456436307861313	0.054448010065801605	0.11887384299344182	0.11893790802224868	450667	450547	0.2173844524888822	0.23889371411476	1.0597913167380203e-06	2.3550918149733784e-06	1.0352313628968494e-06	2.3005141397707762e-06
SP013	K	1.070762448430034	1.0544298716140164	0.01633257681601763	0.04573574911064554	1.0708249342745746	1.0550375720236138	0.01578736225096078	0.044180262261360466	0.1145690867799245	0.11458451619415319	399748	399591	0.2362111197732971	0.2552617917765347	1.0597913167380203e-06	2.3550918149733784e-06	1.0352313628968494e-06	2.3005141397707762e-06
SP014	K	1.283676208712323	1.212271355527562	0.07140485318476109	0.19995341135257558	1.2843462467658553	1.2130362967191295	0.0713099500467258	0.19955786437453343	0.13076719382410132	0.13102090393179217	473581	472896	0.1833484642807999	0.215792342063103	1.0597913167380203e-06	2.3550918149733784e-06	1.0352313628968494e-06	2.3005141397707762e-06
SP015	K	0.29072064473642123	0.5175163785444719	-0.22679573380805063	-0.6350910145811836	0.29072064473642123	0.5175892088083547	-0.22686856407193345	-0.6348820341375456	0.06028484585235563	0.06028484585235563	119081	119081	0.4160286956708644	0.4372808967570699	1.0597913167380203e-06	2.3550918149733784e-06	1.0352313628968494e-06	2.3005141397707762e-06
SP016	K	0.4900437484661433	0.6798523751702346	-0.18980862670409127	-0.5315168468371049	0.4900437484661433	0.6800869236239018	-0.19004317515775848	-0.5318277484220307	0.07211706958513385	0.07211706958513385	114202	114202	0.3616607839477382	0.3886674477951951	1.0597913167380203e-06	2.3550918149733784e-06	1.0352313628968494e-06	2.3005141397707762e-06
SP017	K	0.6093105593154146	0.7432014370781057	-0.13389087776269115	-0.3749316266832455	0.6093941540173252	0.7434990935043062	-0.134104939486981	-0.37528697339659306	0.07888073333252418	0.07888687709573494	155977	155977	0.3404445640264728	0.3772457386607378	1.0597913167380203e-06	2.3550918149733784e-06	1.0352313628968494e-06	2.3005141397707762e-06
SP018	K	0.0012232411283656123	0.1984831761751178	-0.19725993504675218	-0.5523825787265015	0.0017491623310088075	0.19823818739060362	-0.1964890250595948	-0.5498661854093851	0.040255218503753964	0.04030110848122973	268406	268260	0.5228760329447381	0.5782784866934	1.0597913167380203e-06	2.3550918149733784e-06	1.0352313628968494e-06	2.3005141397707762e-06
SP001	M	-0.5606056176091805	-0.6197500659316891	0.05914444832250865	0.46763161236873224	-0.5604230569122282	-0.6195030684451127	0.05908001153288456	0.4684738318062127	0.021944701671716787	0.02197510320957826	89862	89643	0.1934457185627277	0.2374027103707859	0.04147400559472417	0.05529867412629889	0.04094497507123941	0.05459330009498588
SP002	M	-0.5318677640858416	-0.6152654240304632	0.08339765994462167	0.6593921034654514	-0.5325407712116281	-0.6150214016976041	0.08248063048597598	0.6540285963222952	0.02216548304096583	0.02218717088780254	82519	82225	0.1859495149416887	0.2294841701575988	0.04147400559472417	0.05529867412629889	0.04094497507123941	0.05459330009498588
SP003	M	-0.5412728297113445	-0.6129525446630666	0.0716797149517221	0.5667429763521576	-0.5424286888598532	-0.612710056716185	0.07028136785633177	0.5572947744925768	0.021951574034910153	0.021941371500731277	82155	81941	0.1820834727758324	0.224206090781797	0.04147400559472417	0.05529867412629889	0.04094497507123941	0.05459330009498588
SP004	M	-0.764672868424874	-0.7419979462476364	-0.022674922177237655	-0.1792815846426922	-0.7645459475343088	-0.7416698483647406	-0.02287609916956823	-0.18139559483297388	0.020114572285415588	0.02011866692699053	84926	84908	0.3977864492770924	0.4467449757172462	0.04147400559472417	0.05529867412629889	0.04094497507123941	0.05459330009498588
SP005	M	-0.6187382656615934	-0.7350787881703345	0.11634052250874105	0.9198582059286636	-0.6184322122248328	-0.7347552805221391	0.11632306829730632	0.9223815655886046	0.023239107018548345	0.023248916467200127	90268	90262	0.3862208841827124	0.4013850289931742	0.04147400559472417	0.05529867412629889	0.04094497507123941	0.05459330009498588
SP006	M	-0.6896697277564605	-0.7455871897904341	0.05591746203397363	0.4421171161818581	-0.689467566954094	-0.7452567107695337	0.05578914381543976	0.4423789586069986	0.021580396118746133	0.021586794527055628	70896	70886	0.4037859696479289	0.4200062898141283	0.04147400559472417	0.05529867412629889	0.04094497507123941	0.05459330009498588
SP007	M	-0.6822630901075071	-0.7411990629232709	0.05893597281576379	0.46598327951377205	-0.6821703384990442	-0.7408714950271041	0.05870115652805996	0.4654697082252559	0.021885881418376486	0.021888886066276213	84443	84441	0.3964510935896607	0.4195374370042632	0.04147400559472417	0.05529867412629889	0.04094497507123941	0.05459330009498588
SP008	M	-0.6699827019531964	-0.6498970246568715	-0.020085677296324933	-0.15880945593373438	-0.6682089911316333	-0.6496300273936599	-0.01857896373797341	-0.14732154086450164	0.020484165248492194	0.02054991692749451	84786	84663	0.2438371982251849	0.2897468622786375	0.04147400559472417	0.05529867412629889	0.04094497507123941	0.05459330009498588
SP011	M	-0.70832309405436	-0.6358929120876032	-0.07243018196675677	-0.5726766203411346	-0.7080836638543305	-0.635635205284697	-0.07244845856963356	-0.5744786792344887	0.018835840782796716	0.018847219043930833	64263	64241	0.2204289347197997	0.2373709569363915	0.04147400559472417	0.05529867412629889	0.04094497507123941	0.05459330009498588
SP012	M	-0.7246764309316227	-0.6340715351252713	-0.09060489580635145	-0.7163768488191383	-0.7238951732236314	-0.6338150366410131	-0.09008013658261826	-0.7142887358950009	0.018600336943416243	0.018614526054027226	70516	70513	0.2173844524888822	0.23889371411476	0.04147400559472417	0.05529867412629889	0.04094497507123941	0.05459330009498588
SP013	M	-0.6805249574772975	-0.645334684478253	-0.035190272999044425	-0.27823548226379013	-0.6801417206588345	-0.6450707139145284	-0.03507100674430608	-0.27809488333734617	0.01988350737773233	0.019892564694601107	69376	69371	0.2362111197732971	0.2552617917765347	0.04147400559472417	0.05529867412629889	0.04094497507123941	0.05459330009498588
SP014	M	-0.7670288328212925	-0.6137093322577832	-0.1533195005635093	-1.212236267132393	-0.7656173753171984	-0.6134663422508764	-0.15215103306632205	-1.2064787332375375	0.016822437390275245	0.016867577031801827	60923	60880	0.1833484642807999	0.215792342063103	0.04147400559472417	0.05529867412629889	0.04094497507123941	0.05459330009498588
SP015	M	-0.5475930626943722	-0.7529114628336036	0.2053184001392313	1.623370869612751	-0.5475930626943722	-0.7525761248209152	0.20498306212654294	1.6254093064342356	0.026069526161410287	0.026069526161410287	51495	51495	0.4160286956708644	0.4372808967570699	0.04147400559472417	0.05529867412629889	0.04094497507123941	0.05459330009498588
SP016	M	-0.6950272242318825	-0.7203855834256099	0.02535835919372742	0.20049845307755232	-0.6950272242318825	-0.7200718233879654	0.025044599156082925	0.19859067438011996	0.02204795364401091	0.02204795364401091	34914	34914	0.3616607839477382	0.3886674477951951	0.04147400559472417	0.05529867412629889	0.04094497507123941	0.05459330009498588
SP017	M	-0.7508594720049456	-0.7076928720673582	-0.043166599937587424	-0.341301124650237	-0.7507758773030351	-0.7073875324940919	-0.04338834480894316	-0.34404705789640827	0.020242148211981083	0.020243724806926863	40026	40026	0.3404445640264728	0.3772457386607378	0.04147400559472417	0.05529867412629889	0.04094497507123941	0.05459330009498588
SP018	M	-1.0554539143658686	-0.816833425202391	-0.23862048916347756	-1.886677232717818	-1.0545446778764873	-0.8164556807572294	-0.2380889971192579	-1.8879221905580301	0.01399307399041937	0.014014396660058995	93300	93285	0.5228760329447381	0.5782784866934	0.04147400559472417	0.05529867412629889	0.04094497507123941	0.05459330009498588
SP001	F	0.12915567315021156	0.224541346413755	-0.09538567326354344	-0.655405631388904	0.13158842736762158	0.22614048026384942	-0.09455205289622784	-0.6473692950832541	0.04374104995614112	0.043900320666110854	179117	179083	0.1934457185627277	0.2374027103707859	4.625997995824818e-06	8.59278777452343e-06	4.237681729067132e-06	8.475363458134264e-06
SP002	F	0.17259129424171582	0.2334403815488664	-0.06084908730715058	-0.41810088581954885	0.17512791744180492	0.2350860413903794	-0.05995812394857447	-0.4105151315720567	0.04483527954007687	0.04502342557042067	166916	166856	0.1859495149416887	0.2294841701575988	4.625997995824818e-06	8.59278777452343e-06	4.237681729067132e-06	8.475363458134264e-06
SP003	F	0.17845763028148265	0.23802991070349322	-0.05957228042201057	-0.4093278028807222	0.17955434091711595	0.2396995655501749	-0.060145224633058963	-0.4117961533427554	0.04508588863454853	0.04516656018396783	168737	168677	0.1820834727758324	0.224206090781797	4.625997995824818e-06	8.59278777452343e-06	4.237681729067132e-06	8.475363458134264e-06
SP004	F	-0.002971723498459081	-0.018039489712122936	0.015067766213663854	0.10353230722187695	-0.002649324380875404	-0.017708618513939067	0.015059294133063663	0.10310643004306196	0.043083740986201775	0.0431009358390137	181905	181902	0.3977864492770924	0.4467449757172462	4.625997995824818e-06	8.59278777452343e-06	4.237681729067132e-06	8.475363458134264e-06
SP005	F	-0.002171667206879945	-0.00430955715753728	0.0021378899506573354	0.014689681007746255	-0.0018230629885565674	-0.0039069030396870486	0.002083840051130481	0.014267422267892512	0.04305175968299344	0.043071764939513535	167227	167223	0.3862208841827124	0.4013850289931742	4.625997995824818e-06	8.59278777452343e-06	4.237681729067132e-06	8.475363458134264e-06
SP006	F	-0.0048260223261180684	-0.025161753897162575	0.020335731571044506	0.13972908649762328	-0.004497023667094774	-0.024868119365350216	0.020371095698255442	0.139474728028663	0.04280389148147145	0.04282201358795782	140620	140618	0.4037859696479289	0.4200062898141283	4.625997995824818e-06	8.59278777452343e-06	4.237681729067132e-06	8.475363458134264e-06
SP007	F	-0.0019010527948495704	-0.016454236992069604	0.014553184197220034	0.09999655662276011	-0.0017906137556796737	-0.016115077765652408	0.014324464009972735	0.09807527054710252	0.043215696844898926	0.04322239428638677	166741	166740	0.3964510935896607	0.4195374370042632	4.625997995824818e-06	8.59278777452343e-06	4.237681729067132e-06	8.475363458134264e-06
SP008	F	0.13916826463951354	0.16471965923761278	-0.025551394598099242	-0.17556649061085797	0.14224143326969232	0.1660060329668689	-0.023764599697176564	-0.16270902304767063	0.046007440221650764	0.04621513412356383	190430	190401	0.2438371982251849	0.2897468622786375	4.625997995824818e-06	8.59278777452343e-06	4.237681729067132e-06	8.475363458134264e-06
SP011	F	0.24705906717520865	0.19250852009535674	0.05455054707985191	0.3748229113265087	0.24756906495198744	0.19394017972158595	0.05362888523040149	0.3671807492726667	0.04896685500504577	0.049009693299770576	167063	167051	0.2204289347197997	0.2373709569363915	4.625997995824818e-06	8.59278777452343e-06	4.237681729067132e-06	8.475363458134264e-06
SP012	F	0.23063645929048954	0.19612274346905456	0.034513715821434976	0.23714760231367346	0.23143843952426832	0.19757329900063936	0.03386514052362896	0.231864369700551	0.04835127472177901	0.048389161820336896	183306	183302	0.2173844524888822	0.23889371411476	4.625997995824818e-06	8.59278777452343e-06	4.237681729067132e-06	8.475363458134264e-06
SP013	F	0.17584341327082637	0.1737728738402678	0.002070539430558571	0.014226908049927517	0.17628647973905767	0.17510657964300363	0.0011799000960540373	0.008078418924330295	0.04681758985288099	0.04684171859784109	163353	163351	0.2362111197732971	0.2552617917765347	4.625997995824818e-06	8.59278777452343e-06	4.237681729067132e-06	8.475363458134264e-06
SP014	F	0.3692466754564419	0.236528190043621	0.1327184854128209	0.9119235599316625	0.3712324489984448	0.2381899935849113	0.13304245541353352	0.9109014340675466	0.052404321671146316	0.05257512424081981	189785	189760	0.1833484642807999	0.215792342063103	4.625997995824818e-06	8.59278777452343e-06	4.237681729067132e-06	8.475363458134264e-06
SP015	F	-0.1766856207514443	-0.039695570550951076	-0.13699005020049324	-0.9412739594297914	-0.1766856207514443	-0.039477921810704475	-0.13720769894073984	-0.939419596111231	0.03777601940754736	0.03777601940754736	74619	74619	0.4160286956708644	0.4372808967570699	4.625997995824818e-06	8.59278777452343e-06	4.237681729067132e-06	8.475363458134264e-06
SP016	F	0.012035487357927413	0.024846693921272145	-0.012811206563344732	-0.08802723343267312	0.012035487357927413	0.025401782934242445	-0.013366295576315032	-0.09151498122002902	0.04471381453689162	0.04471381453689162	70807	70807	0.3616607839477382	0.3886674477951951	4.625997995824818e-06	8.59278777452343e-06	4.237681729067132e-06	8.475363458134264e-06
SP017	F	0.14279429471999086	0.05003329450715954	0.09276100021283132	0.6373712092462981	0.14287788942190138	0.050720064263595876	0.0921578251583055	0.6309767422460498	0.04947268714624979	0.04947654041259742	97826	97826	0.3404445640264728	0.3772457386607378	4.625997995824818e-06	8.59278777452343e-06	4.237681729067132e-06	8.475363458134264e-06
SP018	F	-0.14408737157951929	-0.16653820404407815	0.022450832464558867	0.15426218134442393	-0.14370261937964396	-0.16698371475739143	0.023281095377747474	0.15939861527913654	0.03481084704887201	0.03484561110689629	232105	231946	0.5228760329447381	0.5782784866934	4.625997995824818e-06	8.59278777452343e-06	4.237681729067132e-06	8.475363458134264e-06
SP001	P	-0.6642828781653358	-0.7118239914727477	0.04754111330741184	0.13949300876396206	-0.6623517767725187	-0.7105992215088536	0.04824744473633491	0.14188210483154523	0.01978350417782675	0.019845582144675546	81012	80956	0.1934457185627277	0.2374027103707859	2.99103994413102e-07	8.655662695646082e-07	2.9689502946971755e-07	8.396283934422105e-07
SP002	P	-0.7223185417970704	-0.733548238861543	0.011229697064472521	0.032949674966633286	-0.7200676723900469	-0.7322769132527084	0.012209240862661508	0.035903928207106896	0.018321687788737922	0.018393315907504412	68209	68165	0.1859495149416887	0.2294841701575988	2.99103994413102e-07	8.655662695646082e-07	2.9689502946971755e-07	8.396283934422105e-07
SP003	P	-0.7180943881174424	-0.7447521576279512	0.0266577695105088	0.07821803523850893	-0.7169180707672986	-0.7434568217206379	0.02653875095333924	0.07804296922743072	0.01839386690300993	0.018428245745288743	68840	68821	0.1820834727758324	0.224206090781797	2.99103994413102e-07	8.655662695646082e-07	2.9689502946971755e-07	8.396283934422105e-07
SP004	P	-0.17573031618197657	-0.11963775827237644	-0.05609255790960013	-0.16458427511955276	-0.17546330195197124	-0.11968205929253761	-0.05578124265943363	-0.16403687618878934	0.03624810463324505	0.03626056301985791	153044	153033	0.3977864492770924	0.4467449757172462	2.99103994413102e-07	8.655662695646082e-07	2.9689502946971755e-07	8.396283934422105e-07
SP005	P	-0.35278901260954737	-0.15315515054229212	-0.19963386206725525	-0.5857567510222714	-0.35279866069529453	-0.15312762289166337	-0.19967103780363116	-0.5871761141402633	0.030319339006718266	0.030322562698345035	117770	117725	0.3862208841827124	0.4013850289931742	2.99103994413102e-07	8.655662695646082e-07	2.9689502946971755e-07	8.396283934422105e-07
SP006	P	-0.3220480284455078	-0.10225094871662099	-0.2197970797288868	-0.6449187626435925	-0.3217341055997098	-0.10233251013608813	-0.21940159546362165	-0.6451981102397042	0.031168470245739488	0.031181196117900354	102395	102392	0.4037859696479289	0.4200062898141283	2.99103994413102e-07	8.655662695646082e-07	2.9689502946971755e-07	8.396283934422105e-07
SP007	P	-0.25756870656313285	-0.12350766346336961	-0.13406104309976324	-0.3933559178368185	-0.25745227019877004	-0.12354367117289056	-0.13390859902587948	-0.39378735990399427	0.03346620515737925	0.033471592390766185	129124	129124	0.3964510935896607	0.4195374370042632	2.99103994413102e-07	8.655662695646082e-07	2.9689502946971755e-07	8.396283934422105e-07
SP008	P	-0.7185691398174529	-0.5657878075833167	-0.15278133223413615	-0.4482841530970951	-0.7160744499462464	-0.564875997079143	-0.15119845286710332	-0.44463193558315317	0.01951270365420316	0.01958945555651297	80765	80706	0.2438371982251849	0.2897468622786375	2.99103994413102e-07	8.655662695646082e-07	2.9689502946971755e-07	8.396283934422105e-07
SP011	P	-0.6045097533205981	-0.6336257336911209	0.029115980370522765	0.08543080761980136	-0.604194463466262	-0.6325685446914414	0.02837408122517937	0.083440157067176	0.020896356638656743	0.020910565814102226	71293	71274	0.2204289347197997	0.2373709569363915	2.99103994413102e-07	8.655662695646082e-07	2.9689502946971755e-07	8.396283934422105e-07
SP012	P	-0.5889113560670729	-0.6424487444441395	0.053537388377066564	0.15708701093706787	-0.5893140010228332	-0.6413726474957254	0.05205864647289227	0.1530897724557162	0.02130506356793377	0.021296088530103563	80770	80671	0.2173844524888822	0.23889371411476	2.99103994413102e-07	8.655662695646082e-07	2.9689502946971755e-07	8.396283934422105e-07
SP013	P	-0.49481343075499895	-0.5878884365510514	0.09307500579605243	0.273096519958661	-0.4948730107342975	-0.5869292638061165	0.09205625307181903	0.2707114339445797	0.023941231498348595	0.023941533125264532	83534	83491	0.2362111197732971	0.2552617917765347	2.99103994413102e-07	8.655662695646082e-07	2.9689502946971755e-07	8.396283934422105e-07
SP014	P	-0.7812454756789796	-0.7410861701777824	-0.04015930550119717	-0.11783363839230418	-0.7798607922936551	-0.7397986905799205	-0.04006210171373459	-0.11781132340132938	0.016584970794369942	0.016629028008315137	60063	60019	0.1833484642807999	0.215792342063103	2.99103994413102e-07	8.655662695646082e-07	2.9689502946971755e-07	8.396283934422105e-07
SP015	P	-0.051194593307575066	-0.06677112155597209	0.015576528248397024	0.045703952648643555	-0.051194593307575066	-0.06692871719684557	0.0157341238892705	0.04626961339174912	0.04282686195713694	0.04282686195713694	84596	84596	0.4160286956708644	0.4372808967570699	2.99103994413102e-07	8.655662695646082e-07	2.9689502946971755e-07	8.396283934422105e-07
SP016	P	-0.12922565402348232	-0.22433113779812364	0.09510548377464131	0.27905425764626735	-0.12922565402348232	-0.2241510780974003	0.09492542407391799	0.279148855306977	0.038823330308524216	0.038823330308524216	61479	61479	0.3616607839477382	0.3886674477951951	2.99103994413102e-07	8.655662695646082e-07	2.9689502946971755e-07	8.396283934422105e-07
SP017	P	-0.08672903733531709	-0.285816448700174	0.1990874113648569	0.584153379807007	-0.08705703143628457	-0.28550462432874935	0.19844759289246477	0.5835783082856663	0.03932645353659178	0.039313332288100016	77763	77731	0.3404445640264728	0.3772457386607378	2.99103994413102e-07	8.655662695646082e-07	2.9689502946971755e-07	8.396283934422105e-07
SP018	P	0.4744748179238655	0.24287601519695956	0.23159880272690592	0.6795468505250741	0.4734863087907857	0.24205483743526357	0.2314314713555221	0.6805745767392803	0.06461788464249613	0.06459365077695843	430847	429961	0.5228760329447381	0.5782784866934	2.99103994413102e-07	8.655662695646082e-07	2.9689502946971755e-07	8.396283934422105e-07
SP001	S	0.5068957212881992	0.5737588696130612	-0.06686314832486207	-0.5815699182271572	0.5069818986511562	0.5736529512406937	-0.06667105258953754	-0.5896543366210398	0.06381747576039963	0.06389972743012869	261329	260667	0.1934457185627277	0.2374027103707859	0.032895332865936606	0.04699333266562372	0.031837898846640844	0.04548271263805835
SP002	S	0.5299259313287863	0.5695225885591781	-0.03959665723039185	-0.3444083218406433	0.5297874250227038	0.5694653230495313	-0.03967789802682753	-0.35092058293373557	0.06409266689283548	0.06418967871768781	238609	237886	0.1859495149416887	0.2294841701575988	0.032895332865936606	0.04699333266562372	0.031837898846640844	0.04548271263805835
SP003	S	0.5507734498586985	0.5673377971622683	-0.016564347303569815	-0.14407526938484472	0.55090986808368	0.5673056235562406	-0.016395755472560558	-0.14500788484762306	0.06542373587838761	0.06547788953254541	244853	244531	0.1820834727758324	0.224206090781797	0.032895332865936606	0.04699333266562372	0.031837898846640844	0.04548271263805835
SP004	S	0.6237255107326739	0.6892366247306455	-0.0655111139979716	-0.5698100398392947	0.6239557073715951	0.68780446683461	-0.06384875946301494	-0.5646933180585257	0.08062775304833712	0.08065249512840537	340421	340384	0.3977864492770924	0.4467449757172462	0.032895332865936606	0.04699333266562372	0.031837898846640844	0.04548271263805835
SP005	S	0.5875565718758728	0.6827006517550365	-0.09514407987916362	-0.8275550305570726	0.587713551491454	0.6813435582354868	-0.09363000674403277	-0.8280856139226448	0.07764377232041718	0.07766496782048604	301594	301529	0.3862208841827124	0.4013850289931742	0.032895332865936606	0.04699333266562372	0.031837898846640844	0.04548271263805835
SP006	S	0.6184017327541779	0.6926270948624904	-0.07422536210831254	-0.6456058210418035	0.6186114840830783	0.6911559980774188	-0.07254451399434048	-0.6416005989613144	0.07982659950134344	0.07985087353332582	262248	262213	0.4037859696479289	0.4200062898141283	0.032895332865936606	0.04699333266562372	0.031837898846640844	0.04548271263805835
SP007	S	0.5860381986154535	0.6884819838104088	-0.10244378519495534	-0.8910472400917048	0.5859980502588336	0.6870584928183462	-0.10106044255951263	-0.8938021210334017	0.07780012466452672	0.07780046524721508	300180	300133	0.3964510935896607	0.4195374370042632	0.032895332865936606	0.04699333266562372	0.031837898846640844	0.04548271263805835
SP008	S	0.7033022912091085	0.6022362804950263	0.10106601071408217	0.8790634760564876	0.6966603332012262	0.601803304605781	0.0948570285954452	0.838937681314898	0.08087762048201504	0.08045726893525199	334762	331475	0.2438371982251849	0.2897468622786375	0.032895332865936606	0.04699333266562372	0.031837898846640844	0.04548271263805835
SP011	S	0.6103797034126779	0.5890077199855639	0.021371983427113994	0.18589167524193884	0.6100162507552218	0.5887266715369845	0.021289579218237265	0.18829000328158532	0.07041908195958282	0.0704191530684692	240253	240026	0.2204289347197997	0.2373709569363915	0.032895332865936606	0.04699333266562372	0.031837898846640844	0.04548271263805835
SP012	S	0.6245819763980991	0.5872872114394083	0.037294764958690774	0.3243866606751139	0.6252622856352649	0.5870259226963446	0.0382363629389203	0.3381713104539836	0.0716962254898987	0.07174367557265007	271810	271771	0.2173844524888822	0.23889371411476	0.032895332865936606	0.04699333266562372	0.031837898846640844	0.04548271263805835
SP013	S	0.6251296838504522	0.5979266041182418	0.027203079732210367	0.23661004980685013	0.6255029612481059	0.597543124022704	0.02795983722540185	0.24728332058407873	0.07337221006388953	0.07340490143113255	256006	255985	0.2362111197732971	0.2552617917765347	0.032895332865936606	0.04699333266562372	0.031837898846640844	0.04548271263805835
SP014	S	0.677650024755899	0.5680526736273067	0.10959735112859226	0.9532683418388813	0.6770271378697287	0.5680122898043285	0.10901484806540018	0.9641527382745178	0.07133537959587603	0.07138143157674255	258345	257638	0.1833484642807999	0.215792342063103	0.032895332865936606	0.04699333266562372	0.031837898846640844	0.04548271263805835
SP015	S	0.5845194754567421	0.6995457474126001	-0.11502627195585802	-1.000488628658679	0.5845194754567421	0.6979951912506716	-0.11347571579392945	-1.0036056927285908	0.08087296500708242	0.08087296500708242	159749	159749	0.4160286956708644	0.4372808967570699	0.032895332865936606	0.04699333266562372	0.031837898846640844	0.04548271263805835
SP016	S	0.6406926338769766	0.6688211612066634	-0.028128527329686737	-0.24465951348111337	0.6406926338769766	0.6676234709324823	-0.026930837055505696	-0.23818260312130585	0.08384246743594066	0.08384246743594066	132770	132770	0.3616607839477382	0.3886674477951951	0.032895332865936606	0.04699333266562372	0.031837898846640844	0.04548271263805835
SP017	S	0.7103177170922801	0.6568313761059464	0.05348634098633365	0.46521959753614517	0.7104013117941907	0.6557713861781626	0.054629925616028197	0.48315980170726897	0.08726453738879246	0.0872713341391745	172555	172555	0.3404445640264728	0.3772457386607378	0.032895332865936606	0.04699333266562372	0.031837898846640844	0.04548271263805835
SP018	S	1.0134114542296355	0.7599276918518882	0.2534837623777473	2.2047799819668867	1.0059310608596728	0.757683660819845	0.24824740003982781	2.1955578966118425	0.11076688533539704	0.11000885613180088	738551	732263	0.5228760329447381	0.5782784866934	0.032895332865936606	0.04699333266562372	0.031837898846640844	0.04548271263805835
SP001	T	0.05786418296578672	0.0625132311130289	-0.004649048147242173	-0.05211974450516742	0.0594610228750653	0.06326703842247465	-0.00380601554740935	-0.04284606061983396	0.04073124666662759	0.04084540049679836	166792	166621	0.1934457185627277	0.2374027103707859	0.04435302432489532	0.05544128040611915	0.04536761205054895	0.05670951506318619
SP002	T	0.04597567263617026	0.059387590986100816	-0.013411918349930559	-0.15035889833432056	0.047224940968663004	0.06016697257265159	-0.012942031603988588	-0.14569437873834887	0.03950312163986889	0.039617856806529315	147065	146823	0.1859495149416887	0.2294841701575988	0.04435302432489532	0.05544128040611915	0.04536761205054895	0.05670951506318619
SP003	T	0.04074662426379005	0.05777559414918437	-0.017028969885394325	-0.19090909181902893	0.04148458250746358	0.05856816524320421	-0.017083582735740635	-0.19231771714587978	0.039285610270351004	0.039341786970694854	147029	146924	0.1820834727758324	0.224206090781797	0.04435302432489532	0.05544128040611915	0.04536761205054895	0.05670951506318619
SP004	T	0.006766011103650577	0.1477157709285228	-0.14094975982487223	-1.5801654957036475	0.007055904445816696	0.14777244316329358	-0.14071653871747689	-1.584110541063371	0.04350532834312853	0.043521276736903564	183685	183676	0.3977864492770924	0.4467449757172462	0.04435302432489532	0.05544128040611915	0.04536761205054895	0.05670951506318619
SP005	T	0.0938952243746084	0.14289335732063546	-0.04899813294602706	-0.5493103296622255	0.09396350225238384	0.1429894869903363	-0.04902598473795247	-0.551907969860808	0.04739278476424284	0.04740151744818141	184089	184033	0.3862208841827124	0.4013850289931742	0.04435302432489532	0.05544128040611915	0.04536761205054895	0.05670951506318619
SP006	T	0.044674853777552516	0.15021734940229564	-0.10554249562474313	-1.1832202490013959	0.044977467039958766	0.150253553490226	-0.10527608645026724	-1.1851411339970266	0.04497603970745401	0.044993894250241334	147756	147750	0.4037859696479289	0.4200062898141283	0.04435302432489532	0.05544128040611915	0.04536761205054895	0.05670951506318619
SP007	T	0.1084192104968978	0.1471589769123299	-0.0387397664154321	-0.4343054027005347	0.10851953411500387	0.1472202048873274	-0.03870067077232353	-0.435671180341836	0.048256186898302515	0.048263177295272304	186189	186186	0.3964510935896607	0.4195374370042632	0.04435302432489532	0.05544128040611915	0.04536761205054895	0.05670951506318619
SP008	T	0.0675803447449405	0.0835246175228375	-0.015944272777897006	-0.17874872386461432	0.068071848520397	0.08410650772200055	-0.01603465920160356	-0.18050950439178357	0.04282898990221119	0.042911409149990476	177274	176790	0.2438371982251849	0.2897468622786375	0.04435302432489532	0.05544128040611915	0.04536761205054895	0.05670951506318619
SP011	T	0.09498876333318021	0.07376423594665012	0.021224527386530093	0.23794482431529299	0.09531968224218255	0.07442598649215619	0.020893695750026364	0.23520990482746276	0.042058997581018866	0.042088254795308255	143495	143459	0.2204289347197997	0.2373709569363915	0.04435302432489532	0.05544128040611915	0.04536761205054895	0.05670951506318619
SP012	T	0.09962265344097314	0.07249479926806687	0.027127854172906266	0.30412608854224094	0.10029096814698892	0.07316693646208879	0.02712403168490013	0.3053476506727822	0.04241401203489926	0.042441573457863986	160797	160772	0.2173844524888822	0.23889371411476	0.04435302432489532	0.05544128040611915	0.04536761205054895	0.05670951506318619
SP013	T	0.11692165838333932	0.0803448243868263	0.036576833996513014	0.4100571089669283	0.1173509950457809	0.08095273194803189	0.03639826309774902	0.4097519223757096	0.04413871237333584	0.04416085416028639	154006	154002	0.2362111197732971	0.2552617917765347	0.04435302432489532	0.05544128040611915	0.04536761205054895	0.05670951506318619
SP014	T	-0.0017138818570010261	0.05830304889935317	-0.0600169307563542	-0.672840331598003	-0.0012317265601349207	0.059091304309739134	-0.060323030869874054	-0.6790839935433286	0.03616271100701852	0.036226065789105484	130965	130751	0.1833484642807999	0.215792342063103	0.04435302432489532	0.05544128040611915	0.04536761205054895	0.05670951506318619
SP015	T	0.2376762422987537	0.15532211411451274	0.08235412818424095	0.9232591240111451	0.2376762422987537	0.1553165505446179	0.0823596917541358	0.9271607804993047	0.05717040430027834	0.05717040430027834	112929	112929	0.4160286956708644	0.4372808967570699	0.04435302432489532	0.05544128040611915	0.04536761205054895	0.05670951506318619
SP016	T	0.19637339312833668	0.13265270235758747	0.06372069077074921	0.7143626001452184	0.19637339312833668	0.13283262201497936	0.06354077111335732	0.7153075695676057	0.05376487697741371	0.05376487697741371	85140	85140	0.3616607839477382	0.3886674477951951	0.04435302432489532	0.05544128040611915	0.04536761205054895	0.05670951506318619
SP017	T	0.31132949794930515	0.12380632201894254	0.1875231759303626	2.1022927078279063	0.31065277103311906	0.12405862357987087	0.1865941474532482	2.1005757999412182	0.058554382962540404	0.05851443686369315	115784	115696	0.3404445640264728	0.3772457386607378	0.04435302432489532	0.05544128040611915	0.04536761205054895	0.05670951506318619
SP018	T	0.22662759290982737	0.19987350862323736	0.026754084286590013	0.2999358133801985	0.22650142119906275	0.19950342141584332	0.02699799978321943	0.30392885181813223	0.050432913093427637	0.050457491694090126	336267	335865	0.5228760329447381	0.5782784866934	0.04435302432489532	0.05544128040611915	0.04536761205054895	0.05670951506318619
SP001	W	-2.0598844194975565	-2.086750975906816	0.026866556409259612	0.11112875604477099	-2.0574113492616464	-2.085133390703398	0.02772204144175161	0.11492968775924929	0.004900057436570685	0.004918097889330112	20065	20062	0.1934457185627277	0.2374027103707859	5.973356989844913e-05	9.955594983074855e-05	6.146851971030444e-05	0.0001024475328505074
SP002	W	-2.136735400696374	-2.1006458263676673	-0.03608957432870685	-0.1492781374821909	-2.134080542614443	-2.0989843842653513	-0.035096158349091855	-0.1455012080941264	0.004453403451035125	0.0044726204285868865	16579	16575	0.1859495149416887	0.2294841701575988	5.973356989844913e-05	9.955594983074855e-05	6.146851971030444e-05	0.0001024475328505074
SP003	W	-2.0736983092737726	-2.107811864069625	0.03411355479585243	0.1411046823783355	-2.072471375471641	-2.1061278035021536	0.0336564280305125	0.13953239240212464	0.0047417836737714825	0.0047508867161538985	17746	17742	0.1820834727758324	0.224206090781797	5.973356989844913e-05	9.955594983074855e-05	6.146851971030444e-05	0.0001024475328505074
SP004	W	-1.9271091978492532	-1.7079880660562479	-0.2191211317930053	-0.9063557840589683	-1.9268079599537582	-1.707565986100633	-0.21924197385312527	-0.90893059414852	0.0062902965274938905	0.006292673842001107	26558	26557	0.3977864492770924	0.4467449757172462	5.973356989844913e-05	9.955594983074855e-05	6.146851971030444e-05	0.0001024475328505074
SP005	W	-1.8360583432000455	-1.7294258238341473	-0.10663251936589813	-0.44106654572850673	-1.8357232429339154	-1.7289360789851171	-0.10678716394879828	-0.4427168697196667	0.006879296744668844	0.0068824004704259355	26721	26720	0.3862208841827124	0.4013850289931742	5.973356989844913e-05	9.955594983074855e-05	6.146851971030444e-05	0.0001024475328505074
SP006	W	-1.9166351665480492	-1.6968674451921566	-0.21976772135589262	-0.9090302873596755	-1.916291945110535	-1.696480465718284	-0.21981147939225099	-0.9112916429885345	0.006326960054815086	0.006329728758538152	20785	20785	0.4037859696479289	0.4200062898141283	5.973356989844913e-05	9.955594983074855e-05	6.146851971030444e-05	0.0001024475328505074
SP007	W	-1.8460618802097775	-1.710463261305325	-0.13559861890445246	-0.5608796903739863	-1.8459454438454144	-1.7100333687872	-0.13591207505821434	-0.5634625567519266	0.0068349076225489875	0.006836007874052488	26371	26371	0.3964510935896607	0.4195374370042632	5.973356989844913e-05	9.955594983074855e-05	6.146851971030444e-05	0.0001024475328505074
SP008	W	-2.001884309198033	-1.993346085937485	-0.008538223260547984	-0.0353168495181692	-1.998926956927843	-1.9920233185032425	-0.0069036384246004	-0.028621016609083706	0.005407303574379506	0.005431085015516172	22381	22375	0.2438371982251849	0.2897468622786375	5.973356989844913e-05	9.955594983074855e-05	6.146851971030444e-05	0.0001024475328505074
SP011	W	-2.0406636713473394	-2.0367352916472465	-0.003928379700092854	-0.016249047428809654	-2.040081842015526	-2.0352755730444105	-0.004806268971115468	-0.019925768933644842	0.0049700052787895535	0.004974710579896378	16956	16956	0.2204289347197997	0.2373709569363915	5.973356989844913e-05	9.955594983074855e-05	6.146851971030444e-05	0.0001024475328505074
SP012	W	-2.0411231669558325	-2.0423784981912347	0.001255331235402224	0.00519245550078441	-2.0402993651082895	-2.040900967699055	0.0006016025907653599	0.0024941163895558166	0.004986493512111525	0.004990509729177501	18904	18904	0.2173844524888822	0.23889371411476	5.973356989844913e-05	9.955594983074855e-05	6.146851971030444e-05	0.0001024475328505074
SP013	W	-2.0559027821459472	-2.0074816704344562	-0.048421111711490994	-0.20028535956875818	-2.0554474722164895	-2.006114286262388	-0.0493331859541013	-0.20452489654440098	0.005025438875049152	0.0050280904353730725	17534	17534	0.2362111197732971	0.2552617917765347	5.973356989844913e-05	9.955594983074855e-05	6.146851971030444e-05	0.0001024475328505074
SP014	W	-2.0849000514707368	-2.1054670948124987	0.02056704334176196	0.08507193505830778	-2.082782541590919	-2.1037904351385124	0.021007893547593248	0.08709425858761304	0.004503443541764575	0.004518716955349773	16309	16309	0.1833484642807999	0.215792342063103	5.973356989844913e-05	9.955594983074855e-05	6.146851971030444e-05	0.0001024475328505074
SP015	W	-1.4556500721729104	-1.674174512086068	0.21852443991315762	0.9038876736938218	-1.4556500721729104	-1.673859159268108	0.2182090870951976	0.904648465329518	0.010514024605708256	0.010514024605708256	20768	20768	0.4160286956708644	0.4372808967570699	5.973356989844913e-05	9.955594983074855e-05	6.146851971030444e-05	0.0001024475328505074
SP016	W	-1.53062221756983	-1.774950056808648	0.24432783923881796	1.010618868607913	-1.53062221756983	-1.774316621914981	0.243694404345151	1.0103051703069232	0.009560354414168989	0.009560354414168989	15139	15139	0.3616607839477382	0.3886674477951951	5.973356989844913e-05	9.955594983074855e-05	6.146851971030444e-05	0.0001024475328505074
SP017	W	-1.6809293861735577	-1.8142761234489844	0.13334673727542667	0.5515651805283011	-1.6808457914716473	-1.8135185620428702	0.13267277057122295	0.5500330892998524	0.007986056324922221	0.007986678332819146	15791	15791	0.3404445640264728	0.3772457386607378	5.973356989844913e-05	9.955594983074855e-05	6.146851971030444e-05	0.0001024475328505074
SP018	W	-1.3770281140400715	-1.4761238922504774	0.09909577821040583	0.40989214970681837	-1.376105938575879	-1.4764336549049841	0.1003277163291052	0.41593737371507356	0.010145074254381624	0.010160664803298478	67643	67633	0.5228760329447381	0.5782784866934	5.973356989844913e-05	9.955594983074855e-05	6.146851971030444e-05	0.0001024475328505074
SP001	Y	0.39303798523904604	0.45564223202778964	-0.0626042467887436	-0.16733497894860022	0.39460516114534555	0.45668355736595445	-0.0620783962206089	-0.1658005209886763	0.0569497517919624	0.05710766571201433	233206	232960	0.1934457185627277	0.2374027103707859	3.462265078258433e-07	8.655662695646082e-07	3.358513573768842e-07	8.396283934422105e-07
SP002	Y	0.44236634240236034	0.47944761816985293	-0.037081275767492594	-0.0991145939488611	0.4438571481103267	0.4805163178261167	-0.036659169715789974	-0.09791022010765897	0.05871941181068543	0.05890418573375611	218605	218298	0.1859495149416887	0.2294841701575988	3.462265078258433e-07	8.655662695646082e-07	3.358513573768842e-07	8.396283934422105e-07
SP003	Y	0.4463670179475402	0.49172484958622054	-0.045357831638680346	-0.12123701173220443	0.44709828197548396	0.4928076670911158	-0.04570938511563183	-0.12208175996221744	0.0589375668489563	0.05902144988199432	220578	220419	0.1820834727758324	0.224206090781797	3.462265078258433e-07	8.655662695646082e-07	3.358513573768842e-07	8.396283934422105e-07
SP004	Y	-0.021279581918019454	-0.19327423891148499	0.17199465699346553	0.4597247596380014	-0.021058275063745416	-0.19297911637755827	0.17192084131381286	0.4591704488844175	0.04230214644807915	0.04231475145389614	178605	178584	0.3977864492770924	0.4467449757172462	3.462265078258433e-07	8.655662695646082e-07	3.358513573768842e-07	8.396283934422105e-07
SP005	Y	-0.0324038808723814	-0.15654594857393866	0.12414206770155727	0.33181950667939164	-0.032043683779442375	-0.1562085914004674	0.12416490762102501	0.33162271620094513	0.041769687277310716	0.04178958124004009	162247	162245	0.3862208841827124	0.4013850289931742	3.462265078258433e-07	8.655662695646082e-07	3.358513573768842e-07	8.396283934422105e-07
SP006	Y	-0.0030994583980389176	-0.2123266694903574	0.20922721109231848	0.5592437056506927	-0.0028201306414612666	-0.21205345575018497	0.2092333251087237	0.558825556445395	0.04287785897291116	0.04289388176466826	140863	140854	0.4037859696479289	0.4200062898141283	3.462265078258433e-07	8.655662695646082e-07	3.358513573768842e-07	8.396283934422105e-07
SP007	Y	-0.028391098478083802	-0.18903360466735997	0.16064250618927617	0.4293815798494073	-0.028274662113720928	-0.18873360573823228	0.16045894362451135	0.42855772812965354	0.042085940770095025	0.042092715568258464	162382	162382	0.3964510935896607	0.4195374370042632	3.462265078258433e-07	8.655662695646082e-07	3.358513573768842e-07	8.396283934422105e-07
SP008	Y	0.24783658574539108	0.29561607848682436	-0.04777949274143328	-0.12770987308643875	0.24956298206910443	0.29647338635914977	-0.04691040429004534	-0.12528947177435093	0.05128875095310022	0.05145094717219735	212290	211972	0.2438371982251849	0.2897468622786375	3.462265078258433e-07	8.655662695646082e-07	3.358513573768842e-07	8.396283934422105e-07
SP011	Y	0.37714234269942165	0.36995274006001	0.007189602639411652	0.01921709896733499	0.3775454649762983	0.3708955292351035	0.0066499357411948234	0.01776081338366293	0.055769488361895755	0.05581231260304999	190272	190238	0.2204289347197997	0.2373709569363915	3.462265078258433e-07	8.655662695646082e-07	3.358513573768842e-07	8.396283934422105e-07
SP012	Y	0.3613301191505964	0.37962097731362887	-0.018290858163032497	-0.04888966040899956	0.3620773262108554	0.38057488419966634	-0.01849755798881092	-0.049403736859827976	0.05510201282410757	0.05514216927264136	208899	208883	0.2173844524888822	0.23889371411476	3.462265078258433e-07	8.655662695646082e-07	3.358513573768842e-07	8.396283934422105e-07
SP013	Y	0.31662675735079066	0.31983390279823176	-0.0032071454474411065	-0.008572383559595047	0.3170501601088433	0.32071905926004896	-0.0036688991512056623	-0.009798986890110165	0.053895248926098864	0.053921965022877244	188048	188042	0.2362111197732971	0.2552617917765347	3.462265078258433e-07	8.655662695646082e-07	3.358513573768842e-07	8.396283934422105e-07
SP014	Y	0.43189954966740496	0.48770766798810283	-0.055808118320697875	-0.1491695976451566	0.4333288964204597	0.48878586605073104	-0.05545696963027136	-0.1481158505525258	0.055792638645976514	0.055943347793116764	202056	201917	0.1833484642807999	0.215792342063103	3.462265078258433e-07	8.655662695646082e-07	3.358513573768842e-07	8.396283934422105e-07
SP015	Y	-0.2112623186256158	-0.25120539199323844	0.03994307336762262	0.10676389676355476	-0.2112623186256158	-0.250976885720138	0.039714567094522174	0.10607065124091458	0.03649217288998104	0.03649217288998104	72083	72083	0.4160286956708644	0.4372808967570699	3.462265078258433e-07	8.655662695646082e-07	3.358513573768842e-07	8.396283934422105e-07
SP016	Y	-0.10775942141004015	-0.07855144637813183	-0.02920797503190832	-0.07807003738242256	-0.10775942141004015	-0.07812440167342949	-0.02963501973661066	-0.07914994605174028	0.03966573017565995	0.03966573017565995	62813	62813	0.3616607839477382	0.3886674477951951	3.462265078258433e-07	8.655662695646082e-07	3.358513573768842e-07	8.396283934422105e-07
SP017	Y	-0.0006305658526153746	-0.011175967638046957	0.010545401785431584	0.02818681920612145	-0.000546971150704796	-0.010671446442264143	0.010124475291559347	0.027040699829166025	0.04286243845403827	0.042865776869661094	84755	84755	0.3404445640264728	0.3772457386607378	3.462265078258433e-07	8.655662695646082e-07	3.358513573768842e-07	8.396283934422105e-07
SP018	Y	-1.0148636710723222	-0.5905160952026716	-0.42434757586965066	-1.134239230042218	-1.014328963445528	-0.5906777694991541	-0.42365119394637385	-1.1314981209270447	0.014572741098022982	0.014589481859952933	97165	97113	0.5228760329447381	0.5782784866934	3.462265078258433e-07	8.655662695646082e-07	3.358513573768842e-07	8.396283934422105e-07
SP001	V	-0.0108043431900982	-0.040202445387098606	0.029398102197000404	0.17513215876407978	-0.01011653505426585	-0.03952711521040103	0.02941058015613518	0.17540187976516003	0.03802816247907179	0.03810009067685529	155723	155422	0.1934457185627277	0.2374027103707859	4.726033275987886e-06	8.59278777452343e-06	4.89250623640224e-06	8.895465884367709e-06
SP002	V	-0.021667642651330518	-0.05046241928676404	0.02879477663543352	0.17153799110908266	-0.020497289266729703	-0.04976886725427099	0.029271577987541285	0.1745728841610826	0.036919371358165164	0.03702368029297411	137446	137209	0.1859495149416887	0.2294841701575988	4.726033275987886e-06	8.59278777452343e-06	4.89250623640224e-06	8.895465884367709e-06
SP003	V	-0.056778147040014	-0.05575382994233452	-0.0010243170976794794	-0.0061021239865567895	-0.0560908879059602	-0.05505088029120592	-0.0010400076147542847	-0.0062025056843337525	0.035635186324724205	0.03568433386904931	133367	133265	0.1820834727758324	0.224206090781797	4.726033275987886e-06	8.59278777452343e-06	4.89250623640224e-06	8.895465884367709e-06
SP004	V	0.16821038103710798	0.23947653210008957	-0.07126615106298159	-0.42455104070426924	0.16822494829364235	0.2396551485378809	-0.07143020024423855	-0.4260028645585092	0.05112776986446203	0.051132432499033265	215868	215798	0.3977864492770924	0.4467449757172462	4.726033275987886e-06	8.59278777452343e-06	4.89250623640224e-06	8.895465884367709e-06
SP005	V	0.1703171311674995	0.22364686657844068	-0.05332973541094119	-0.31769913670782085	0.17047826901718244	0.2238535967215149	-0.053375327704332454	-0.318325336077002	0.05115661981867686	0.051170797532169854	198709	198667	0.3862208841827124	0.4013850289931742	4.726033275987886e-06	8.59278777452343e-06	4.89250623640224e-06	8.895465884367709e-06
SP006	V	0.18217154964634072	0.24768801160720066	-0.06551646196085995	-0.39029864380024015	0.1821017929451779	0.24785204434361924	-0.06575025139844135	-0.3921281943128442	0.05160541417685901	0.05160668008612	169535	169465	0.4037859696479289	0.4200062898141283	4.726033275987886e-06	8.59278777452343e-06	4.89250623640224e-06	8.895465884367709e-06
SP007	V	0.2021317450644209	0.2376488450210772	-0.035517099956656306	-0.21158462361844202	0.20200852223279367	0.23783070745644302	-0.035822185223649355	-0.2136400775560055	0.05299706740307722	0.05299289686639877	204481	204432	0.3964510935896607	0.4195374370042632	4.726033275987886e-06	8.59278777452343e-06	4.89250623640224e-06	8.895465884367709e-06
SP008	V	0.08787234461869306	0.028767835069433645	0.059104509549259415	0.3521009717120492	0.08960422935039417	0.029320673072472825	0.06028355627792134	0.3595253488350676	0.04370695345198646	0.043845413536024586	180908	180638	0.2438371982251849	0.2897468622786375	4.726033275987886e-06	8.59278777452343e-06	4.89250623640224e-06	8.895465884367709e-06
SP011	V	-0.07684341827711946	-0.003270805386874409	-0.07357261289024505	-0.43829123509534834	-0.07650988090481914	-0.002661066314496696	-0.07384881459032244	-0.4404272485889481	0.0354187434253277	0.03544347433211874	120840	120810	0.2204289347197997	0.2373709569363915	4.726033275987886e-06	8.59278777452343e-06	4.89250623640224e-06	8.895465884367709e-06
SP012	V	-0.06843092844577543	-0.007437755726849238	-0.060993172718926195	-0.3633522305812595	-0.06815169873622155	-0.006820616092935605	-0.06133108264328595	-0.36577269562704134	0.03585292659914258	0.03586226831991848	135923	135849	0.2173844524888822	0.23889371411476	4.726033275987886e-06	8.59278777452343e-06	4.89250623640224e-06	8.895465884367709e-06
SP013	V	-0.040773566498987085	0.01833010287475706	-0.059103669373744144	-0.35209596656747405	-0.04128421975549705	0.0189014784347864	-0.06018569819028345	-0.3589417325843583	0.03769931799969505	0.03768279142536306	131538	131411	0.2362111197732971	0.2552617917765347	4.726033275987886e-06	8.59278777452343e-06	4.89250623640224e-06	8.895465884367709e-06
SP014	V	-0.0667954414800159	-0.054022449568962794	-0.012772991911053105	-0.07609204268590865	-0.06550132582426171	-0.05332257487336517	-0.012178750950896544	-0.07263290280703177	0.03388413618212252	0.033971071013079744	122713	122612	0.1833484642807999	0.215792342063103	4.726033275987886e-06	8.59278777452343e-06	4.89250623640224e-06	8.895465884367709e-06
SP015	V	0.38169936007420613	0.2644445000653761	0.11725486000883001	0.6985177689810752	0.38169936007420613	0.2645787730461356	0.11712058702807054	0.6984959499221981	0.06602671777752803	0.06602671777752803	130423	130423	0.4160286956708644	0.4372808967570699	4.726033275987886e-06	8.59278777452343e-06	4.89250623640224e-06	8.895465884367709e-06
SP016	V	0.22044116156016774	0.19003171948227954	0.030409442077888205	0.1811569740870961	0.22044116156016774	0.1902981505923268	0.030143010967840944	0.17977002689075536	0.05507457512167121	0.05507457512167121	87214	87214	0.3616607839477382	0.3886674477951951	4.726033275987886e-06	8.59278777452343e-06	4.89250623640224e-06	8.895465884367709e-06
SP017	V	0.367640433059604	0.16099330568695436	0.20664712737264962	1.231050809900938	0.3677240277615145	0.16131130942222283	0.2064127183392917	1.231025658519549	0.06194623805998228	0.06195106285055355	122491	122491	0.3404445640264728	0.3772457386607378	4.726033275987886e-06	8.59278777452343e-06	4.89250623640224e-06	8.895465884367709e-06
SP018	V	0.3721727049026203	0.4106853103605945	-0.03851260545797425	-0.22942963080700182	0.37288014543953896	0.4105598576361363	-0.037679712196597326	-0.22471819029774262	0.05833423320465173	0.05841133464685517	388950	388809	0.5228760329447381	0.5782784866934	4.726033275987886e-06	8.59278777452343e-06	4.89250623640224e-06	8.895465884367709e-06
