gene	GSM1967965	GSM1967966	GSM1967967	male_cpm	female_cpm	log2FC_FvsM
PF3D7_0100100	60184.0	69831.0	118076.0	146.3121039839565	88.62039045016337	-0.7201434581935426
PF3D7_0100200	92.0	184.0	92.0	0.1638695870374059	0.23350878324569405	0.14391438011798746
PF3D7_0100300	92.0	184.0	92.0	0.1638695870374059	0.23350878324569405	0.14391438011798746
PF3D7_0100400	384.0	4508.0	2024.0	1.7919914295092394	5.720965189519504	1.4405367840219243
PF3D7_0100600	0.0	0.0	460.0	0.3107844210136773	0.0	-0.6973902732190767
PF3D7_0100700	0.0	0.0	0.0	0.0	0.0	0.0
PF3D7_0100800	276.0	184.0	92.0	0.3672949927067468	0.23350878324569405	-0.24170853896899772
PF3D7_0100900	184.0	0.0	736.0	0.7006804792912246	0.0	-1.2638522773778318
PF3D7_0101000	184.0	0.0	0.0	0.2034254056693409	0.0	-0.49246934694430733
PF3D7_0101100	0.0	0.0	0.0	0.0	0.0	0.0
PF3D7_0101200	0.0	0.0	0.0	0.0	0.0	0.0
PF3D7_0101300	0.0	0.0	0.0	0.0	0.0	0.0
PF3D7_0101600	170.0	0.0	92.0	0.25010426987549605	0.0	-0.5851630596230344
PF3D7_0101800	92.0	0.0	92.0	0.1638695870374059	0.0	-0.40897176624319825
PF3D7_0101900	0.0	45.0	184.0	0.12431376840547093	0.05710812633726213	-0.16431392263026642
PF3D7_0102200	1013.0	736.0	2416.0	2.752239132666631	0.9340351329827762	-1.1813529710755057
PF3D7_0102300	5073.0	368.0	8738.0	11.512123865693322	0.4670175664913881	-3.634805349114173
PF3D7_0102500	11313.0	1290.0	25045.0	29.428206217675395	1.637099621668181	-3.807779745372479
PF3D7_0102600	27788.0	16744.0	55924.0	68.50493672308261	21.249299275358158	-1.6657306577020838
PF3D7_0102700	13574.0	5432.0	18459.0	27.478284280175117	6.89358538364462	-1.9199614467672765
PF3D7_0102800	17284.0	9933.0	23006.0	34.65199601915843	12.605667086844994	-1.4234158218571165
PF3D7_0102900	14835.0	119245.0	36732.0	41.217984968339294	151.33018944637382	1.8637172996564033
PF3D7_0103000	19261.0	19511.0	32924.0	43.53849592162446	24.760814510362696	-0.8018640381719369
PF3D7_0103100	32936.0	94762.0	58137.0	75.69156910279497	120.25956151048075	0.6644341516354071
PF3D7_0103200	20146.0	104966.0	30090.0	42.60222561921283	133.20914642482347	1.6332638858008692
PF3D7_0103300	44706.0	62110.0	73699.0	99.21813371504541	78.82190504016336	-0.3301365556044355
PF3D7_0103400	193614.0	1242386.0	346551.0	448.1905828692833	1576.6741477254611	1.8135491576739216
PF3D7_0103500	43349.0	34500.0	67765.0	93.70875231715759	43.78289685856763	-1.0891114952681977
PF3D7_0103600	68752.0	205540.0	126896.0	161.74360568564762	260.8445397191302	0.6877913972129892
PF3D7_0103700	18675.0	34726.0	30263.0	41.09280991374841	44.069706559728104	0.09972930908699425
PF3D7_0103800	4264.0	239474.0	10858.0	12.050026234351483	303.9091432553225	4.600249407310287
PF3D7_0103900	7044.0	74713.0	11743.0	15.721440977827621	94.81598762301923	2.5548162395249845
PF3D7_0104000	92.0	31331.0	1570.0	1.1624334441204822	39.76121569495022	4.598022247086769
PF3D7_0104100	2760.0	70598.0	4452.0	6.059233785807269	89.59376673684515	3.779828092647471
PF3D7_0104200	7451.0	36662.0	15180.0	18.49350925020276	46.526625061704536	1.3079713155087251
PF3D7_0104300	204902.0	219830.0	303888.0	431.84638546554913	278.9795425048963	-0.6294449442652031
PF3D7_0104400	16563.0	369537.0	30069.0	38.6267700885076	468.9681262731741	3.5847992860026174
PF3D7_0104500	1288.0	27688.0	13432.0	10.498882933284763	35.137995600580304	1.6960591887367713
PF3D7_0104600	6348.0	13577.0	9624.0	13.520327077843632	17.230156250689063	0.3386852442124982
PF3D7_0104700	5152.0	34041.0	5463.0	9.38681416743224	43.20039396992756	2.1440686653298275
PF3D7_0104800	13066.0	135348.0	25045.0	31.366275435818626	171.76601518879454	2.4345358029674333
PF3D7_0105100	1196.0	3999.0	7527.0	6.407644130263648	5.075008827171361	-0.30921967033664954
PF3D7_0105200	13022.0	26908.0	30452.0	34.9706984136389	34.14812141073443	-0.03385060415346648
PF3D7_0105300	26510.0	34058.0	64240.0	72.71045644924826	43.2219681509883	-0.7436913738061923
PF3D7_0105400	1279.0	10773.0	2299.0	2.967274170735134	13.671685445140554	2.0311375232294564
PF3D7_0105500	184.0	19232.0	1577.0	1.268875475101013	24.406744127071672	3.8156320469461282
PF3D7_0105600	20050.0	41526.0	31450.0	43.41493152186057	52.69937898402549	0.27669785060333346
PF3D7_0105700	204000.0	214779.0	280213.0	414.85389534102046	272.5694725909072	-0.6050730455122871
PF3D7_0105800	28113.0	85121.0	47046.0	62.86610857601068	108.02446271009089	0.7762369550916635
PF3D7_0105900	4324.0	143681.0	11780.0	12.739280684405855	182.34117111698134	3.7876943197085224
PF3D7_0106000	2944.0	57661.0	7269.0	8.165875961032107	73.17581494961937	3.087773621644347
PF3D7_0106100	23821.0	11794.0	33595.0	49.03324803277807	14.967405378259324	-1.679166017296637
PF3D7_0106200	368.0	17790.0	1817.0	1.634449274342707	22.576745945330963	3.434504021587177
PF3D7_0106300	99719.0	119698.0	105913.0	181.8033814188568	151.90507791816893	-0.258430349016488
PF3D7_0106400	4139.0	18579.0	6177.0	8.749260334271717	23.57804176044429	1.380308161472529
PF3D7_0106500	64710.0	35419.0	97910.0	137.69140796436255	44.94917170532194	-1.6043420119311158
PF3D7_0106600	1534.0	1619.0	552.0	2.0688900676988524	2.0546234786672755	-0.008034482686974806
PF3D7_0106700	29625.0	183992.0	49946.0	66.49702782464063	233.49863068990075	1.8043310873701544
PF3D7_0106800	5333.0	10372.0	4235.0	8.757263574085677	13.16278858600184	0.5615942646198697
PF3D7_0106900	25666.0	108433.0	52623.0	63.928695090817385	137.609010291741	1.1000321642311643
PF3D7_0107000	128460.0	29611.0	262314.0	319.24602966193606	37.57841619939264	-3.0698810662404257
PF3D7_0107100	9752.0	6342.0	18571.0	23.32845407144246	8.048438605131476	-1.4789525191184278
PF3D7_0107200	2023.0	2208.0	2484.0	3.9148097629797087	2.8021053989483287	-0.4189651025943529
PF3D7_0107300	7079.0	114040.0	18812.0	20.53608183683143	144.72468283336386	2.7873487594739594
PF3D7_0107400	31197.0	35353.0	42930.0	63.49485031692008	44.86541312002729	-0.4963630190135594
PF3D7_0107500	103485.0	74759.0	201235.0	250.3682570150363	94.87436481883066	-1.3952564855750107
PF3D7_0107600	60844.0	86360.0	130951.0	155.74036776635978	109.59683978857683	-0.5049941917423206
PF3D7_0107700	16009.0	47096.0	34119.0	40.75053686731924	59.768095955104386	0.5469815907068453
PF3D7_0107800	12751.0	32260.0	28468.0	33.33066144922126	40.940181236446136	0.2926989279434823
PF3D7_0107900	2931.0	52906.0	10382.0	10.25470330218716	67.141389599982	2.652938573618071
PF3D7_0108000	5796.0	35771.0	9293.0	12.686421201367072	45.39588416022675	1.7993117119399482
PF3D7_0108100	644.0	61126.0	6717.0	5.250117084948934	77.57314067758855	3.7631630687849826
PF3D7_0108300	451341.0	646274.0	636527.0	929.0396526197565	820.1666053441721	-0.17972016124851709
PF3D7_0108400	8507.0	25448.0	22261.0	24.445047415778646	32.295279978458815	0.3947347799844299
PF3D7_0108500	12778.0	83861.0	30056.0	34.433393787161265	106.42543517264754	1.6139263660020216
PF3D7_0108600	13431.0	151048.0	29153.0	34.54524953190006	191.69040593312823	2.455245517350426
PF3D7_0108700	89538.0	258182.0	170828.0	214.40530653256104	327.6508949779336	0.6106582609808119
PF3D7_0108800	20180.0	60283.0	32126.0	44.01537396848619	76.5033151108705	0.7906168815797087
PF3D7_0109000	508445.0	566728.0	660716.0	1008.5148162572672	719.2172049525309	-0.4874453072391849
PF3D7_0109100	4416.0	327637.0	10515.0	11.986336229452913	415.7941153058123	5.059181039688463
PF3D7_0109200	10028.0	15364.0	14576.0	20.93449704527334	19.497983401015453	-0.10008003930162013
PF3D7_0109300	17299.0	104712.0	28471.0	38.36083365731571	132.88680277838648	1.7792271784704536
PF3D7_0109400	139094.0	138556.0	282392.0	344.5677557811361	175.83719006190427	-0.9685428944790646
PF3D7_0109500	28618.0	479963.0	53756.0	67.95782170570486	609.1063920269187	3.154590737944816
PF3D7_0109600	2568.0	9619.0	3061.0	4.907178732869641	12.20717927195832	1.2326958675295834
PF3D7_0109700	6229.0	49482.0	11588.0	14.71567826193979	62.79609572045344	2.0565578673423
PF3D7_0109800	9379.0	30740.0	16840.0	21.746580107178687	39.01119563572084	0.8286779315013981
PF3D7_0109850	5610.0	52426.0	15815.0	16.887167245312636	66.53223625238454	1.9468321593701816
PF3D7_0109950	5887.0	42143.0	8771.0	12.434355575324975	53.482394849583066	2.061280804435543
PF3D7_0110000	49685.0	1054141.0	103379.0	124.7751323079912	1337.778164561952	3.417206048458499
PF3D7_0110100	21495.0	170547.0	33900.0	46.667749151130145	216.435991609801	2.2013967667056926
PF3D7_0110200	14683.0	37075.0	33267.0	38.70892046188986	47.05075075453319	0.2782861985221658
PF3D7_0110400	32642.0	84710.0	57445.0	74.89900281473317	107.50287515621055	0.5184523705898363
PF3D7_0110500	160359.0	199368.0	275980.0	363.7456980014766	253.01184292460613	-0.522858788166574
PF3D7_0110600	52817.0	370128.0	91257.0	120.04794138378065	469.7181463324035	1.9637232015312316
PF3D7_0110700	471260.0	44622.0	772237.0	1042.7497187384197	56.62841807602913	-4.190732140135722
PF3D7_0110800	125124.0	73959.0	195339.0	270.30830253003745	93.85910923950155	-1.521038265657705
PF3D7_0110900	12426.0	12715.0	17826.0	25.78142025240845	16.136218363961955	-0.6597157144789871
PF3D7_0111000	1092335.0	197742.0	1553286.0	2257.084383550434	250.94833595961973	-3.1664460024272176
PF3D7_0111200	28600.0	15825.0	40550.0	59.015706037961934	20.08302442860385	-1.5318154575412326
PF3D7_0111300	238800.0	135920.0	394088.0	530.2638654196404	172.49192292801484	-1.6173654755501505
PF3D7_0111400	99288.0	162700.0	138808.0	203.55134371154418	206.47760344605663	0.020542454562234067
PF3D7_0111500	25320.0	15598.0	39470.0	54.65975929625896	19.794945657969215	-1.442495684235888
PF3D7_0111600	6074.0	12332.0	14628.0	16.598194121036986	15.650164755358146	-0.08229507583372253
PF3D7_0111700	3699.0	816.0	3914.0	6.733884049510355	1.0355606909156867	-2.236004939537187
PF3D7_0111800	44969.0	82816.0	74056.0	99.75009511184862	105.0992575721489	0.07499608626530507
PF3D7_0111900	4058.0	2754.0	6695.0	9.009679215656593	3.4950173318404425	-1.251194914230879
PF3D7_0112000	3541.0	4469.0	7794.0	9.180602567540088	5.67147148002721	-0.6494823346861076
PF3D7_0112100	0.0	0.0	1212.0	0.8188493875403845	0.0	-1.3992798183762387
PF3D7_0112200	3918.0	2576.0	14708.0	14.26862850608774	3.2691229654397165	-1.970235087970263
PF3D7_0112800	7542.0	25123.0	15154.0	18.576550304210194	31.882832399356367	0.7634288719436774
PF3D7_0112900	4784.0	3539.0	17032.0	16.796191544587543	4.4912368690571265	-1.7929851286911964
PF3D7_0113000	66711.0	9385.0	98271.0	140.1475574596817	11.910217015004557	-3.5024842495419586
PF3D7_0113100	59596.0	7270.0	90783.0	127.2223767033908	9.226135077153238	-3.715000866275468
PF3D7_0113200	12128.0	47813.0	22439.0	28.56858678917461	60.67801876807809	1.073552451902279
PF3D7_0113300	368.0	2208.0	3498.0	2.7701636476557323	2.8021053989483287	0.014023336139111397
PF3D7_0113400	12144.0	736.0	16194.0	24.36703963047104	0.9340351329827762	-4.116082493192083
PF3D7_0113700	20061.0	4600.0	33775.0	44.99790538601863	5.837719581142351	-2.843764395901726
PF3D7_0113800	2392.0	1840.0	5520.0	6.373943325865559	2.3350878324569404	-1.2777445257764737
PF3D7_0113900	14352.0	81200.0	22369.0	30.980087541458477	103.0484413019041	1.7177943791798431
PF3D7_0114000	2044622.0	605023.0	2760308.0	4125.393202338195	767.816220465541	-2.4249343610824488
PF3D7_0114100	0.0	0.0	1015.0	0.6857525811497445	0.0	-1.2458030088837129
PF3D7_0114200	184.0	184.0	184.0	0.3277391740748118	0.23350878324569405	-0.1743619956202163
PF3D7_0114500	184.0	0.0	0.0	0.2034254056693409	0.0	-0.49246934694430733
PF3D7_0114700	552.0	0.0	276.0	0.7967468696162291	0.0	-1.3748968869987532
PF3D7_0114750	0.0	0.0	201.0	0.13579927961684596	0.0	-0.3466432869647571
PF3D7_0114800	92.0	92.0	0.0	0.10171270283467045	0.11675439162284702	0.035621269315474664
PF3D7_0115000	17851.0	1288.0	24196.0	36.082841613816186	1.6345614827198582	-4.099155519535835
PF3D7_0115100	9911.0	7494.0	22927.0	26.447233499027554	9.510406639365387	-1.4286365882254617
PF3D7_0115200	92.0	0.0	2024.0	1.4691641552948507	0.0	-1.9775833835392567
PF3D7_0115300	0.0	0.0	92.0	0.06215688420273546	0.0	-0.16904471256225434
PF3D7_0115400	276.0	0.0	1012.0	0.9888638347341014	0.0	-1.5742118170922113
PF3D7_0115600	184.0	2116.0	1012.0	0.887151131899431	2.6853510073254814	1.1993273782168359
PF3D7_0115700	6999.0	57607.0	38509.0	33.755289792423895	73.10728519801465	1.1035217724038136
PF3D7_0200100	17655.0	10203.0	15829.0	30.213250962947896	12.948315844868567	-1.1914357150619794
PF3D7_0200200	0.0	0.0	184.0	0.12431376840547093	0.0	-0.32034318796816524
PF3D7_0200300	0.0	0.0	184.0	0.12431376840547093	0.0	-0.32034318796816524
PF3D7_0200400	92.0	92.0	0.0	0.10171270283467045	0.11675439162284702	0.035621269315474664
PF3D7_0200500	92.0	0.0	92.0	0.1638695870374059	0.0	-0.40897176624319825
PF3D7_0200600	92.0	92.0	0.0	0.10171270283467045	0.11675439162284702	0.035621269315474664
PF3D7_0200700	0.0	0.0	0.0	0.0	0.0	0.0
PF3D7_0201000	0.0	0.0	92.0	0.06215688420273546	0.0	-0.16904471256225434
PF3D7_0201100	0.0	10.0	0.0	0.0	0.012690694741613806	0.03616061838918621
PF3D7_0201200	552.0	0.0	92.0	0.6724331012107582	0.0	-1.2295056052097535
PF3D7_0201300	92.0	58.0	460.0	0.41249712384834775	0.07360602950136008	-0.6697598224614951
PF3D7_0201400	1296.0	0.0	668.0	1.8841354513169586	0.0	-2.253466202826937
PF3D7_0201500	9291.0	1291.0	16375.0	21.335127183225175	1.6383686911423425	-3.3520684096319853
PF3D7_0201600	92.0	276.0	368.0	0.3503402396456123	0.3502631748685411	-0.0001307547319205767
PF3D7_0201700	460.0	276.0	0.0	0.5085635141733522	0.3502631748685411	-0.24632057952136166
PF3D7_0201800	551.0	368.0	0.0	0.6091706441511241	0.4670175664913881	-0.19786733639863593
PF3D7_0201900	47842.0	3220.0	50242.0	86.83723157750151	4.086403706799645	-4.25116154591118
PF3D7_0202000	15088.0	12974.0	24473.0	33.21529008112014	16.464907357769754	-0.9908494586646249
PF3D7_0202100	276.0	92.0	1196.0	1.1131776031395724	0.11675439162284702	-1.3871372926234484
PF3D7_0202200	920.0	184.0	275.0	1.2029220626483594	0.23350878324569405	-1.2151262625814705
PF3D7_0202300	0.0	92.0	0.0	0.0	0.11675439162284702	0.302767988438921
PF3D7_0202400	20971.0	17025.0	30271.0	43.636610139639984	21.605907797597506	-0.9975438483916199
PF3D7_0202500	7613.0	4104.0	4227.0	11.272564741362054	5.208261121958306	-1.0443054196308788
PF3D7_0202600	7423.0	531561.0	33761.0	31.01621696424251	674.5878387546976	4.420908952990944
PF3D7_0202700	15914.0	26609.0	19377.0	30.685542370732072	33.76866963796018	0.13601283521409968
PF3D7_0202800	14753.0	88222.0	40631.0	43.7615637713178	111.95984714946532	1.3452836632417908
PF3D7_0202900	7925.0	80107.0	29390.0	28.61808692046911	101.66134836664573	1.8108619939021755
PF3D7_0203000	108379.0	197206.0	239962.0	281.9436007345169	250.26811472146923	-0.17160889372623622
PF3D7_0203100	337494.0	593689.0	549359.0	744.2812030349437	753.432587045396	0.017618868269550784
PF3D7_0203200	29634.0	127555.0	74467.0	83.07381447530136	161.8761567766549	0.9582169135974232
PF3D7_0203300	12617.0	90008.0	33053.0	36.28022462193535	114.22640523031755	1.6411952821300062
PF3D7_0203400	149749.0	24036.0	218359.0	313.0857675479802	30.503353880942946	-3.3383638856349567
PF3D7_0203600	62758.0	6509.0	106548.0	141.3693206796881	8.260373207316427	-4.017426496804939
PF3D7_0203700	26569.0	237002.0	54611.0	66.27015657402114	300.77200351519554	2.173791284546561
PF3D7_0203800	13258.0	1151430.0	57397.0	53.436148877896386	1461.2446646336384	4.760295000609636
PF3D7_0203900	9016.0	66418.0	13964.0	19.402178910482462	84.28905633485059	2.0909516820343543
PF3D7_0204000	117774.0	39112.0	193369.0	260.8513739679264	49.63584527339992	-2.38207639281808
PF3D7_0204100	134860.0	212474.0	210311.0	291.1875171504908	269.6442674529652	-0.11069357917242414
PF3D7_0204200	14902.0	65288.0	26046.0	34.07240112594246	82.85500782904822	1.269648071229828
PF3D7_0204300	159626.0	15581.0	299952.0	379.13123514202186	19.773371476908473	-4.226940763571
PF3D7_0204400	1790.0	1380.0	6685.0	6.495483793145072	1.7513158743427053	-1.6356553440915318
PF3D7_0204500	460.0	5394.0	3404.0	2.8083682296745645	6.845360743626487	1.150713526801015
PF3D7_0204600	2575.0	17891.0	9995.0	9.59965508049584	22.70492196222126	1.2001248222993297
PF3D7_0204700	47571.0	70224.0	94493.0	116.43440701649119	89.11913475350879	-0.3838207909701426
PF3D7_0204800	14352.0	36527.0	21490.0	30.38621904999973	46.35530068269275	0.6012489938067365
PF3D7_0204900	18687.0	26388.0	29736.0	40.750025940478565	33.48820528417051	-0.27936084290157004
PF3D7_0205000	1659614.0	147064.0	2944469.0	3824.161350802207	186.6344331480693	-4.3531850648969765
PF3D7_0205100	1136514.0	199057.0	2304801.0	2813.6647784433862	252.61716231814194	-3.4748295693491875
PF3D7_0205200	44987.0	8828.0	61995.0	91.62136302795548	11.203345317896668	-2.97661478454908
PF3D7_0205300	78276.0	23892.0	111341.0	161.76383881634166	30.320607876663708	-2.396374303400807
PF3D7_0205400	28520.0	36620.0	42582.0	60.30011660832264	46.47332414378976	-0.3722323987384455
PF3D7_0205500	6808.0	24185.0	10214.0	14.427505392882352	30.69244523259299	1.0632235627185207
PF3D7_0205600	129125.0	33306.0	184072.0	267.11950807057326	42.267627906418944	-2.6455921888786698
PF3D7_0205700	7910.0	36297.0	30370.0	29.263609268036078	46.06341470363564	0.6456473767203244
PF3D7_0205800	16488.0	55830.0	30454.0	38.80396517226252	70.85214874242988	0.8602820107478332
PF3D7_0205900	35515.0	223211.0	54562.0	76.12750605481493	283.2702663970359	1.8887891738164144
PF3D7_0206000	93469.0	48950.0	140876.0	198.5151939151997	62.120950760199584	-1.668161260374241
PF3D7_0206100	5620.0	8666.0	11919.0	14.266014051557086	10.997756063082525	-0.36092810861553093
PF3D7_0206200	34782.0	68634.0	64390.0	81.95709786749613	87.1013142895922	0.08730882935279154
PF3D7_0206500	30213.0	153585.0	54164.0	69.9968626815311	194.91003518907564	1.4708735982588346
PF3D7_0206600	5154.0	2554.0	6580.0	10.14369096156403	3.241203437008166	-1.508424204408321
PF3D7_0206700	4333.0	44201.0	10765.0	12.0634782589682	56.09413982740718	2.171416737014784
PF3D7_0206800	4222.0	43518.0	10806.0	11.968460022421066	55.227365376554964	2.1601026595862267
PF3D7_0206900	0.0	186.0	92.0	0.06215688420273546	0.2360469221940168	0.38882493201045276
PF3D7_0207000	15469.0	67445.0	17945.0	29.22607703443049	85.59239068481432	1.534156647392115
PF3D7_0207100	101287.0	177484.0	123521.0	195.43320680023209	225.2395265520585	0.20429712716404086
PF3D7_0207200	5771.0	18771.0	8244.0	11.950058276372111	23.821703099483276	0.9660917600990506
PF3D7_0207300	1289.0	276.0	1864.0	2.6844359359542294	0.3502631748685411	-1.9050564874676885
PF3D7_0207400	8112.0	1012.0	4332.0	11.895185519142355	1.2842983078513173	-2.7963511269933266
PF3D7_0207500	920.0	2393.0	184.0	1.1414407967521754	3.036883251668184	1.1075158822338225
PF3D7_0207600	9110.0	17291.0	10098.0	16.894162385902938	21.943480277724433	0.36769320210872963
PF3D7_0207700	2667.0	2116.0	644.0	3.383660998767693	2.6853510073254814	-0.28596491679516073
PF3D7_0207800	1177.0	1748.0	919.0	1.9221524762904458	2.2183334408340936	0.16643274665850655
PF3D7_0207900	921.0	5428.0	3312.0	3.25588043250208	6.888509105747974	0.976132142857124
PF3D7_0208000	19144.0	38820.0	34859.0	44.716465320544415	49.2652769869448	0.13829125582693658
PF3D7_0208100	139615.0	739391.0	254892.0	326.5642558094148	938.3385475696574	1.5213029795675124
PF3D7_0208200	15973.0	48071.0	23779.0	33.72484295472867	61.00543869241173	0.8456700666380904
PF3D7_0208300	12429.0	36715.0	32245.0	35.526477333144825	46.59388574383509	0.386482173129538
PF3D7_0208400	565414.0	299797.0	898870.0	1232.3993985203824	380.4632211451594	-1.6943314550141084
PF3D7_0208500	3927.0	17481.0	14354.0	14.039409781280604	22.184603477815095	0.6417447368012259
PF3D7_0208600	15671.0	90001.0	9772.0	23.92757433207882	114.21752174399842	2.231503247145397
PF3D7_0208700	919.0	24573.0	9761.0	7.610731745738728	31.184844188567606	1.9658889364643946
PF3D7_0208800	5338.0	64902.0	9928.0	12.6090864575677	82.36514701202192	2.6601982824513764
PF3D7_0208900	295123.0	14760.0	508395.0	669.7609472057188	18.731465438621978	-5.123182272167422
PF3D7_0209000	1261805.0	560123.0	1795498.0	2608.0886768754835	710.835001075695	-1.874668419578589
PF3D7_0209100	36638.0	51716.0	47289.0	72.45529242956319	65.63119692572997	-0.14168162651046806
PF3D7_0209200	2333.0	7202.0	5423.0	6.24317955157305	9.139838352910264	0.5155799415902178
PF3D7_0209300	4142.0	7445.0	2938.0	6.564249357922193	9.448222235131478	0.49390246757811096
PF3D7_0209400	4416.0	23740.0	7650.0	10.050689781182946	30.127709316591176	1.5375001477811374
PF3D7_0209500	1104.0	50411.0	5796.0	5.13643613878838	63.97506126194936	3.51588608420334
PF3D7_0209600	4140.0	6164.0	6588.0	9.02804503112127	7.82254423873075	-0.1951555975600074
PF3D7_0209700	72353.0	50694.0	164069.0	190.83953285277732	64.33420792313703	-1.5613078650993384
PF3D7_0209800	73422.0	315895.0	111300.0	156.3696878183873	400.8927015402093	1.3554477796863285
PF3D7_0210000	37027.0	276945.0	83393.0	97.2778836106311	351.4624455216236	1.8478414173102753
PF3D7_0210100	29110.0	305896.0	48804.0	65.15610169725608	388.2032758680697	2.5656682681350116
PF3D7_0210200	1133504.0	258854.0	1651886.0	2369.215677522067	328.50370966457	-2.848538216326913
PF3D7_0210300	86462.0	26990.0	104593.0	166.2549858903042	34.25218510761567	-2.2625543000043162
PF3D7_0210400	1218.0	2576.0	5244.0	4.889530139258406	3.2691229654397165	-0.515930641048903
PF3D7_0210500	8797.0	13161.0	13099.0	18.57564861965465	16.70222334943793	-0.1491370709938462
PF3D7_0210600	2762.0	171500.0	8113.0	8.534883551806006	217.64541481867678	4.593640333214418
PF3D7_0210700	2760.0	72588.0	9201.0	9.26774512362021	92.1192149904263	3.2452140685798128
PF3D7_0210800	28331.0	8560.0	56082.0	69.21201047681367	10.863234698821419	-2.6170336591735928
PF3D7_0210900	25426.0	45907.0	44708.0	58.31583870880682	58.2591723503265	-0.001390640408336634
PF3D7_0211100	4784.0	26412.0	17613.0	17.188725780693947	33.51866295155038	0.9434963130637234
PF3D7_0211200	2485.0	10195.0	4065.0	5.493736965524736	12.938163289075275	1.1648082880399013
PF3D7_0211300	1380.0	8741.0	10284.0	8.473749207095398	11.092936273644629	0.3694632501390058
PF3D7_0211400	5246.0	25012.0	5612.0	9.591405143656875	31.741965687724452	1.6758126313349746
PF3D7_0211500	34688.0	67792.0	63894.0	81.51806733889813	86.03275779234832	0.07730463335484367
PF3D7_0211600	1748.0	1271.0	8400.0	7.607735128891107	1.6129873016591147	-1.9400148610691756
PF3D7_0211700	50778.0	31354.0	81884.0	111.46110794125747	39.79040429285593	-1.4744894813189307
PF3D7_0211800	80042.0	124011.0	103343.0	158.3126852658259	157.37857456022698	-0.008510754553593016
PF3D7_0211900	25691.0	29438.0	61865.0	70.20039880138856	37.35886718036272	-0.9010871097867744
PF3D7_0212000	52213.0	53219.0	95114.0	121.98603518658292	67.53860834539452	-0.8481917371338183
PF3D7_0212100	109338.0	94041.0	173130.0	237.85092244083467	119.3445624196104	-0.9919227561879825
PF3D7_0212200	13879.0	11016.0	19961.0	28.830262697969495	13.98006932736177	-1.0183214829815859
PF3D7_0212300	33016.0	474183.0	69483.0	83.44558023747987	601.771170466266	2.8428869277017643
PF3D7_0212400	47217.0	98792.0	111232.0	127.35220905851418	125.37391149135112	-0.022497785576118343
PF3D7_0212500	209104.0	217851.0	304273.0	436.7521156582593	276.4680540155309	-0.6587457818130734
PF3D7_0212600	1840.0	4837.0	920.0	2.6558228987207633	6.138489046518598	1.0728386691126943
PF3D7_0212700	3403.0	167501.0	22817.0	19.177847332610853	212.57040599150542	3.436685916535879
PF3D7_0212800	58982.0	62163.0	75680.0	116.33969168540818	78.88916572229391	-0.5575164156989518
PF3D7_0212900	89651.0	28234.0	121124.0	180.9493039565562	35.83090753347242	-2.320297213280549
PF3D7_0213000	23278.0	44257.0	50452.0	59.82181976502031	56.16520771796022	-0.09021675571888467
PF3D7_0213100	72823.0	238753.0	108176.0	153.59681808743824	302.9941441644521	0.9778316080919253
PF3D7_0213200	35351.0	55894.0	65624.0	83.41988181335594	70.93336918877621	-0.23241447779930036
PF3D7_0213300	66971.0	16731.0	128581.0	160.91299727405047	21.23280137219406	-2.892810695829768
PF3D7_0213400	123890.0	60936.0	232268.0	293.8939340672639	77.33201747749789	-1.919312286532578
PF3D7_0213500	54242.0	20170.0	52310.0	95.31007651960094	25.597131293835048	-1.8762861663772965
PF3D7_0213600	594012.0	212561.0	1023214.0	1348.0256537918046	269.75467649721725	-2.3189914793271718
PF3D7_0213700	16858.0	38500.0	26967.0	36.85714609437002	48.859174755213154	0.40193402969459585
PF3D7_0213800	19974.0	583186.0	54952.0	59.20928942530898	740.1035503582789	3.632674160588249
PF3D7_0213900	82986.0	164103.0	107641.0	164.4712992380936	208.25810791830506	0.33961717676573283
PF3D7_0214000	38575.0	111965.0	52642.0	78.21337184834579	142.09136367447897	0.8572059576950452
PF3D7_0214100	42504.0	65323.0	67981.0	92.9204768072934	82.89942526064387	-0.16370136699933024
PF3D7_0214200	49888.0	4329.0	63834.0	98.28223766536364	5.493801753644616	-4.042708377459673
PF3D7_0214300	1120016.0	92598.0	1441732.0	2212.319821233201	117.51329516839553	-4.228864679215676
PF3D7_0214400	31080.0	202884.0	67507.0	79.97016941277849	257.4738911957576	1.6806990868766505
PF3D7_0214500	3950.0	2757.0	6253.0	8.591654055615795	3.4988245402629263	-1.1849668093400891
PF3D7_0214600	4511.0	7681.0	12844.0	13.664880686816659	9.747722631033565	-0.467015116944448
PF3D7_0214700	10314.0	276.0	30723.0	32.15989967823296	0.3502631748685411	-5.263467093404242
PF3D7_0214800	60362.0	13902.0	73590.0	116.45333996723565	17.642603829791515	-2.6884796312405674
PF3D7_0214900	149804.0	29547.0	317495.0	380.12467049339637	37.49719575304631	-3.3244042194222647
PF3D7_0215000	306699.0	294538.0	459642.0	649.6206392978731	373.78918478054476	-0.7965540942846194
PF3D7_0215100	18467.0	13442.0	27659.0	39.10354068925347	17.058831871677278	-1.1734325472852374
PF3D7_0215200	8375.0	18862.0	15692.0	19.86097514293141	23.937188421631962	0.2632716502368576
PF3D7_0215300	5704.0	828.0	10768.0	13.581245500695822	1.0507895246056231	-3.1827001473662584
PF3D7_0215400	42125.0	63772.0	92638.0	109.16018527916847	80.93109850621957	-0.42938804675482556
PF3D7_0215500	85022.0	41365.0	114441.0	171.31645005928914	52.49505879868551	-1.6969384139193735
PF3D7_0215600	24666.0	58981.0	34616.0	50.657263387846434	74.85098665551239	0.5586873121813245
PF3D7_0215700	257436.0	187043.0	318976.0	500.12027893910835	237.37056165556712	-1.0735399943580146
PF3D7_0215800	186900.0	14625.0	248112.0	374.26057622944575	18.560141059610192	-4.2973384920267215
PF3D7_0215900	4089.0	4360.0	6481.0	8.899369656618434	5.53314290734362	-0.6396542536260903
PF3D7_0216000	600299.0	6455276.0	1063165.0	1381.9680173081638	8192.193718886581	2.5670917763283514
PF3D7_0216100	13200.0	25103.0	20853.0	28.682230257579263	31.857451009873138	0.14900781680269912
PF3D7_0216200	1379.0	14530.0	7636.0	6.683606358490202	18.43957945956486	1.3986240953933826
PF3D7_0216300	10903.0	30377.0	22165.0	27.02914062347873	38.55052341660026	0.5043823117073338
PF3D7_0216400	6533.0	65225.0	20426.0	21.022887003738873	82.77505645217606	1.9520128180318408
PF3D7_0216500	35310.0	65481.0	63841.0	82.16992588564183	83.09993823756136	0.016139283060371178
PF3D7_0216600	42453.0	128546.0	74641.0	97.36371051322436	163.13380462554883	0.7416249323273778
PF3D7_0216700	2383870.0	79583.0	3915861.0	5281.169343885802	100.99635596218515	-5.7014941490007525
PF3D7_0216800	7295.0	4232.0	15692.0	18.666956457480932	5.370702014650963	-1.7070163327494843
PF3D7_0216900	422443.0	13797.0	692784.0	935.0990672727671	17.50935153500457	-5.699072283434909
PF3D7_0217000	45274.0	57476.0	91483.0	111.8612950614752	72.9410370968995	-0.6134868209732778
PF3D7_0217100	102942.0	193664.0	137620.0	206.78847238246846	245.77307064398963	0.2486189930183614
PF3D7_0217200	42694.0	49128.0	74911.0	97.81257051450584	62.34684512660031	-0.6455355712490453
PF3D7_0217300	8377.0	5911.0	10111.0	16.09256051978144	7.501469661767921	-1.0521996213435998
PF3D7_0217400	12360.0	17942.0	22503.0	28.86831926359438	22.76964450540349	-0.3358115326056353
PF3D7_0217500	1010050.0	2333579.0	3071729.0	3192.0002092754703	2961.4738744440406	-0.10812779884820183
PF3D7_0217600	41455.0	77688.0	75868.0	97.08933246417823	98.59146930864934	0.022037407765633774
PF3D7_0217700	2973.0	26505.0	6900.0	7.948634418764673	33.63668641264739	2.0145329476311824
PF3D7_0217800	66891.0	357908.0	130561.0	162.16227569247047	454.2101173581514	1.483067401715226
PF3D7_0217900	13152.0	14441.0	16569.0	25.734813935181627	18.3266322763645	-0.4787076054675125
PF3D7_0218000	89673.0	36354.0	144082.0	196.48447164121666	46.13575166366283	-2.078573630273452
PF3D7_0218100	4600.0	56380.0	4232.0	7.944851815059353	71.55013695321864	3.0928571598262242
PF3D7_0218200	44816.0	58121.0	97611.0	115.49513167556306	73.7595869077336	-0.6434150617201251
PF3D7_0218300	9581.0	29063.0	23358.0	26.373585946374703	36.88296612755221	0.4761921994038766
PF3D7_0218400	17860.0	51717.0	29771.0	39.85936382855273	65.63246599520413	0.7124552649395963
PF3D7_0218500	22847.0	26249.0	27079.0	43.554091184669446	33.31180462726208	-0.3817489857518519
PF3D7_0218600	125161.0	125043.0	194456.0	269.75263776105777	158.6882542575615	-0.7635748090222894
PF3D7_0218700	130470.0	102822.0	194751.0	275.8214314587651	130.48826147222147	-1.076909931475905
PF3D7_0219100	1472.0	56282.0	6620.0	6.099996434725474	71.42576814475082	3.445971573329912
PF3D7_0219200	49068.0	65535.0	78232.0	107.1032203004349	83.16846798916607	-0.36296533087878763
PF3D7_0219300	5336.0	15307.0	4732.0	9.096362591012454	19.425646440988253	1.054066954969613
PF3D7_0219400	35866.0	952369.0	85173.0	97.19691410943345	1208.6224260376	3.6295035240658535
PF3D7_0219500	10764.0	53723.0	16010.0	22.717035319545516	68.17821936037186	1.5646688744683652
PF3D7_0219600	261554.0	38181.0	312912.0	500.57607855288865	48.45434159295567	-3.3555209466344103
PF3D7_0219700	828.0	1013.0	1288.0	1.7856107043503306	1.2855673773254785	-0.3561971238784989
PF3D7_0219800	9201.0	20612.0	18311.0	22.543622667587954	26.158060001414377	0.21020425494929584
PF3D7_0219900	184.0	2479.0	1932.0	1.5087199739267856	3.146023226446063	0.8600472930273522
PF3D7_0220000	2340.0	1934.0	3588.0	5.011158969049388	2.4543803630281102	-0.8995001637403882
PF3D7_0220100	18812.0	3862.0	28891.0	40.3173250785549	4.901146309211252	-2.917844105486047
PF3D7_0220200	583.0	828.0	922.0	1.2674690542123366	1.0507895246056231	-0.18868206077884736
PF3D7_0220300	92.0	276.0	368.0	0.3503402396456123	0.3502631748685411	-0.0001307547319205767
PF3D7_0220500	92.0	276.0	184.0	0.22602647124014136	0.3502631748685411	0.22788730526782514
PF3D7_0220600	550.0	460.0	1475.0	1.6046020734576474	0.5837719581142351	-0.9574862583262196
PF3D7_0220700	736.0	92.0	1380.0	1.7460548857183955	0.11675439162284702	-1.8646251941465455
PF3D7_0220800	276.0	828.0	736.0	0.802393182125895	1.0507895246056231	0.25183784260649966
PF3D7_0221000	0.0	92.0	0.0	0.0	0.11675439162284702	0.302767988438921
PF3D7_0221200	184.0	92.0	1012.0	0.887151131899431	0.11675439162284702	-1.169356991265622
PF3D7_0221400	92.0	0.0	70.0	0.1490059842932735	0.0	-0.37630368606497955
PF3D7_0221700	368.0	92.0	92.0	0.46900769554141725	0.11675439162284702	-0.6518120397705788
PF3D7_0221800	184.0	0.0	92.0	0.2655822898720763	0.0	-0.6146293616225048
PF3D7_0222000	0.0	0.0	0.0	0.0	0.0	0.0
PF3D7_0222100	0.0	0.0	0.0	0.0	0.0	0.0
PF3D7_0222200	0.0	0.0	0.0	0.0	0.0	0.0
PF3D7_0222500	184.0	92.0	92.0	0.2655822898720763	0.11675439162284702	-0.3118613731835839
PF3D7_0222600	163.0	0.0	0.0	0.18020837567447048	0.0	-0.4440486757417909
PF3D7_0222700	0.0	92.0	276.0	0.1864706526082064	0.11675439162284702	-0.15450196153026177
PF3D7_0222800	169.0	92.0	92.0	0.24899869701859748	0.11675439162284702	-0.2802671256028125
PF3D7_0223100	0.0	92.0	10.0	0.006756183065514724	0.11675439162284702	0.2834042968249606
PF3D7_0223200	0.0	184.0	184.0	0.12431376840547093	0.23350878324569405	0.23254295839302044
PF3D7_0223300	0.0	0.0	0.0	0.0	0.0	0.0
PF3D7_0223400	276.0	0.0	92.0	0.3672949927067468	0.0	-0.7945946853301834
PF3D7_0223500	11868.0	12317.0	12880.0	21.822902454055452	15.631128713245726	-0.4686772315065671
PF3D7_0300100	44807.0	51804.0	60646.0	90.5109508181758	65.74287503945617	-0.45827485754592595
PF3D7_0300200	736.0	0.0	92.0	0.875858506880099	0.0	-1.460332111087637
PF3D7_0300400	184.0	92.0	0.0	0.2034254056693409	0.11675439162284702	-0.18970135850538622
PF3D7_0300500	184.0	0.0	92.0	0.2655822898720763	0.0	-0.6146293616225048
PF3D7_0300600	0.0	0.0	0.0	0.0	0.0	0.0
PF3D7_0300700	0.0	92.0	0.0	0.0	0.11675439162284702	0.302767988438921
PF3D7_0300800	0.0	0.0	0.0	0.0	0.0	0.0
PF3D7_0300900	0.0	0.0	184.0	0.12431376840547093	0.0	-0.32034318796816524
PF3D7_0301000	0.0	368.0	184.0	0.12431376840547093	0.4670175664913881	0.6312708145609872
PF3D7_0301100	92.0	69.0	368.0	0.3503402396456123	0.08756579371713527	-0.5332898014193457
PF3D7_0301200	368.0	276.0	1549.0	1.4533835681869125	0.3502631748685411	-1.1999939051140651
PF3D7_0301300	368.0	184.0	276.0	0.5933214639468882	0.23350878324569405	-0.5758315055678038
PF3D7_0301400	4785.0	2752.0	9285.0	11.563282096590182	3.4924791928921195	-1.5952656853457987
PF3D7_0301500	4140.0	7979.0	7946.0	9.945534691418171	10.125905334333655	0.024699421368754595
PF3D7_0301600	51685.0	18223.0	65531.0	101.41547635542827	23.12625302764284	-2.108910397947168
PF3D7_0301700	4508.0	1748.0	11238.0	12.5765209679243	2.2183334408340936	-2.266184421876897
PF3D7_0301800	3067.0	276.0	7170.0	8.234975210082037	0.3502631748685411	-3.3608222479221115
PF3D7_0301900	50516.0	12144.0	94683.0	119.81868655830232	15.411579694215806	-2.918711745257292
PF3D7_0302000	48032.0	51169.0	73512.0	102.768928413765	64.93701592336369	-0.6582273762551261
PF3D7_0302100	408081.0	140756.0	595265.0	853.3352082653964	178.6291429050593	-2.2529575823938495
PF3D7_0302200	1196.0	552.0	776.0	1.8465449427346585	0.7005263497370822	-0.9668710232857318
PF3D7_0302500	4323.0	4689.0	4140.0	7.576451249495708	5.950666764342714	-0.32427322909596284
PF3D7_0302600	15825.0	13861.0	24232.0	33.86727326477549	17.590571981350898	-0.9257973680196313
PF3D7_0302700	3647.0	21825.0	11833.0	12.026615630532739	27.69744127357213	1.1705675655816918
PF3D7_0302800	21319.0	7083.0	38098.0	49.30941397921907	8.988819085485058	-2.3921179820031995
PF3D7_0302900	59854.0	42876.0	99380.0	133.31590508189365	54.41262277414336	-1.2850398768964337
PF3D7_0303000	9749.0	46366.0	10931.0	18.163413490818517	58.84167523896657	1.6688327796715243
PF3D7_0303100	27602.0	27540.0	49581.0	64.01385325324348	34.950173318404424	-0.8638163071161147
PF3D7_0303200	136110.0	245531.0	216734.0	296.90897960459415	311.59589706031795	0.06954118410030952
PF3D7_0303300	7358.0	11959.0	19698.0	21.44313448351074	15.176801841495951	-0.4851383520031051
PF3D7_0303400	36704.0	34327.0	73818.0	90.45173829262251	43.56334783953771	-1.0455220991860354
PF3D7_0303500	322707.0	140733.0	464680.0	670.722414619512	178.59995430715358	-1.9060259242930115
PF3D7_0303600	4312.0	4516.0	7662.0	9.94381762374411	5.731117745312795	-0.7450862858421611
PF3D7_0303700	47063.0	137620.0	81401.0	107.02758113581483	174.6493410340892	0.7038787975488383
PF3D7_0303800	9017.0	82758.0	20902.0	24.09072429419348	105.02565154264754	2.1014076031416598
PF3D7_0303900	6164.0	745229.0	20019.0	20.339953968776847	945.7473751598116	5.504793397031733
PF3D7_0304000	4145.0	18393.0	5180.0	8.08230231978129	23.341994838250272	1.4740683224435194
PF3D7_0304100	14618.0	1469076.0	69143.0	62.87554059203207	1864.3595068231045	4.8789969875077475
PF3D7_0304200	27511.0	111595.0	66232.0	75.16296654565429	141.62180796903928	0.9094686999210622
PF3D7_0304300	7084.0	12146.0	6897.0	12.491617578555129	15.414117833164129	0.29272611524919195
PF3D7_0304400	18594.0	35413.0	27032.0	38.82033576387182	44.94155728847697	0.2087366358690019
PF3D7_0304500	1613.0	2149.0	4602.0	4.892484464927304	2.727230299972807	-0.7406535807972228
PF3D7_0304600	3864.0	25730.0	8464.0	9.99036686570782	32.653157570172326	1.6600811496577226
PF3D7_0304700	4303.0	6914.0	1105.0	5.503838231974018	8.774346344351786	0.6273604988530803
PF3D7_0304800	22909.0	23106.0	42853.0	54.27983986934009	29.32311926997286	-0.8772138884396272
PF3D7_0304900	12053.0	15338.0	20548.0	27.208074607218382	19.464987594687255	-0.47283428802771466
PF3D7_0305000	4187.0	26590.0	8317.0	10.248151007423	33.74455731795111	1.6717862146523272
PF3D7_0305100	748508.0	377902.0	1017348.0	1514.8690609049786	479.58389242453404	-1.6583107607694783
PF3D7_0305200	92665.0	356586.0	179713.0	223.86530150979277	452.5324075133101	1.013764678782314
PF3D7_0305300	41399.0	104955.0	93171.0	108.71764394245204	133.1951866606077	0.2917415857196305
PF3D7_0305400	3699.0	16778.0	10089.0	10.905827092465696	21.292447637479643	0.9340571757503083
PF3D7_0305500	76169.0	78229.0	117493.0	163.59080062876097	99.27803589417064	-0.7177001841125599
PF3D7_0305600	256290.0	941197.0	481226.0	608.4723626830789	1194.4443818722689	0.9724948100694651
PF3D7_0305700	41712.0	85352.0	79732.0	99.98405382491606	108.31761775862216	0.11494557718017162
PF3D7_0305800	1124104.0	193762.0	1756845.0	2429.7355145045562	245.89743945245743	-3.302036963586331
PF3D7_0305900	22848.0	16033.0	28670.0	44.630105483249736	20.346990879229416	-1.1142509950657153
PF3D7_0306000	12422.0	81900.0	14739.0	23.691364248656463	103.93678993381708	2.110065983309896
PF3D7_0306100	19739.0	50275.0	26426.0	39.67679199125051	63.80246781346341	0.6785117333132288
PF3D7_0306200	7269.0	221958.0	19843.0	21.442703153696733	281.68012234591174	3.68480319403041
PF3D7_0306300	12608.0	20054.0	28256.0	33.02933344969585	25.44991923483233	-0.3696937547702808
PF3D7_0306400	26303.0	99085.0	45190.0	59.6110741280647	125.7457488472804	1.0705321029034576
PF3D7_0306500	74261.0	46611.0	76265.0	133.62697607529435	59.15259726013611	-1.1689425671713958
PF3D7_0306600	11594.0	27908.0	25084.0	29.765221304419406	35.41719088489581	0.24701361972569352
PF3D7_0306700	1280.0	23145.0	3508.0	3.785202276212763	29.372612979465156	2.801388225565207
PF3D7_0306800	9292.0	64806.0	17758.0	22.27061287404276	82.24331634250244	1.8614696594573859
PF3D7_0306900	41967.0	84560.0	83687.0	102.93804530583628	107.31251473508635	0.05975773640035102
PF3D7_0307100	16654.0	48123.0	23815.0	34.502060329312464	61.07143030506812	0.8148212367250872
PF3D7_0307200	140365.0	142831.0	262948.0	332.8362165296674	181.26246206394416	-0.8749237907140524
PF3D7_0307300	56919.0	26217.0	114518.0	140.29855867147245	33.27119440408892	-2.059767455515556
PF3D7_0307400	70282.0	65983.0	136937.0	170.2190155727858	83.73701111359038	-1.0190976093296387
PF3D7_0307500	9456.0	51648.0	22800.0	25.858394324206657	65.54490020148698	1.3251846766958773
PF3D7_0307600	9211.0	69513.0	16788.0	21.525711715279048	88.21682635738006	2.010019119687311
PF3D7_0307700	375133.0	193534.0	412749.0	693.5976429377531	245.60809161234863	-1.4958465378509902
PF3D7_0307800	56667.0	35892.0	93727.0	125.97317410002236	45.54944156660027	-1.4575758448012945
PF3D7_0307900	2248635.0	97166.0	3336081.0	4739.947216810708	123.3104045263647	-5.258818707289455
PF3D7_0308000	141223.0	47751.0	251456.0	326.0205924619969	60.599336460680085	-2.417945362590261
PF3D7_0308100	9016.0	72435.0	16826.0	21.335798503832777	91.9250473608796	2.081588588314073
PF3D7_0308200	48755.0	93025.0	84360.0	110.89736497877306	118.05518783386243	0.08984368760747231
PF3D7_0308300	2119.0	4416.0	8004.0	7.7503578094061005	5.604210797896657	-0.4346519049925686
PF3D7_0308500	828.0	46815.0	3148.0	3.042260754536069	59.41148743286504	4.080090330541365
PF3D7_0308600	12240.0	13897.0	17682.0	25.4784946648819	17.636258482420708	-0.5184409776363867
PF3D7_0308700	5061.0	9660.0	7739.0	10.823914303165619	12.259211120398938	0.17216639615484355
PF3D7_0308800	4691.0	78125.0	7636.0	10.345263660538338	99.14605266885786	3.1997475289908484
PF3D7_0308900	69504.0	60507.0	86476.0	135.26650452322485	76.78758667308266	-0.8128189671476209
PF3D7_0309000	48707.0	79473.0	74656.0	104.28809743486644	100.85675832002741	-0.04803256598460515
PF3D7_0309100	38492.0	83240.0	61599.0	84.17312247300475	105.63734302919333	0.325956341738145
PF3D7_0309200	1134485.0	542088.0	1792017.0	2464.975313410049	687.9473331091945	-1.8404476112113626
PF3D7_0309300	22136.0	33282.0	31649.0	45.855604544354776	42.237170239039074	-0.11725239011533342
PF3D7_0309500	53969.0	74048.0	82895.0	115.6720410355444	93.97205642270191	-0.29830333154985084
PF3D7_0309600	126573.0	306721.0	178454.0	260.5024624935619	389.25025818425286	0.5784865602856086
PF3D7_0309700	354987.0	101644.0	684986.0	855.2530730833273	128.99329763165937	-2.724317139857167
PF3D7_0309800	35697.0	10419.0	53352.0	75.51122216384319	13.222434851287424	-2.469675941271319
PF3D7_0309900	22677.0	34647.0	40181.0	52.21809485143408	43.96945007126936	-0.24548367077121017
PF3D7_0310000	8193.0	179129.0	19457.0	22.20346380714216	227.32714583705396	3.3269553283051527
PF3D7_0310100	9424.0	12779.0	15051.0	20.587649735318543	16.217438810308284	-0.3350444758427234
PF3D7_0310200	62308.0	297260.0	101889.0	137.72410720386043	377.243591889212	1.4503980281740247
PF3D7_0310300	30555.0	195323.0	50744.0	68.0643539901844	247.87845690162334	1.8570094150301835
PF3D7_0310400	5152.0	280584.0	21620.0	20.30277914638438	356.08058933809684	4.099379988060284
PF3D7_0310500	52732.0	70687.0	70850.0	106.16662490914837	89.70671392004552	-0.2418021198781209
PF3D7_0310600	4466.0	12599.0	12677.0	13.502301651062126	15.989006304959235	0.2358404666821305
PF3D7_0310700	10305.0	18761.0	12515.0	19.848291396831666	23.80901240474166	0.2565836230871642
PF3D7_0310800	5138.0	7038.0	9423.0	12.046784641379489	8.931710959147797	-0.4117262809699461
PF3D7_0310900	9936.0	92159.0	19857.0	24.400724619336998	116.95617366923868	2.2378629145956945
PF3D7_0311000	500.0	3805.0	6716.0	5.090238975248984	4.828809349184053	-0.06909673949436251
PF3D7_0311100	199021.0	107397.0	348100.0	455.21494806338217	136.2942543165098	-1.7361240587964506
PF3D7_0311200	41779.0	30328.0	66171.0	90.89606735118375	38.48833901236635	-1.2290893952947874
PF3D7_0311300	192387.0	146044.0	323223.0	431.07322111863596	185.33998228442468	-1.2155444274365774
PF3D7_0311400	448471.0	948673.0	722898.0	984.2204872756147	1203.9319452610994	0.2905666993429647
PF3D7_0311500	2261.0	62684.0	8856.0	8.482975952267555	79.55035091833199	3.1556423502853064
PF3D7_0311600	24282.0	80070.0	31402.0	48.06128617354094	101.61439279610175	1.0723076873799084
PF3D7_0311700	19140.0	826923.0	38308.0	47.042250568412854	1049.4227367819515	4.46492915486343
PF3D7_0311800	22862.0	146640.0	36762.0	50.112686839860835	186.09634769102485	1.8823497793203512
PF3D7_0311900	10851.0	21239.0	13665.0	21.228895229232492	26.953766561713564	0.33738927070145336
PF3D7_0312000	2490.0	5336.0	5188.0	6.257984188066533	6.7717547141251275	0.10571056137396087
PF3D7_0312100	57739.0	106831.0	113230.0	140.33493203529102	135.57596099413445	-0.04959299298129632
PF3D7_0312200	260801.0	53345.0	469564.0	605.5805411495453	67.69851109913886	-3.1516973760759983
PF3D7_0312300	30174.0	25202.0	48291.0	65.98583902573526	31.983088887815114	-1.033358262278229
PF3D7_0312400	159513.0	381241.0	245462.0	342.19186388520257	483.82131539875894	0.4990525584740989
PF3D7_0312500	7516.0	14996.0	6493.0	12.696275256888526	19.030965834524064	0.5656325183021389
PF3D7_0312800	23552.0	114173.0	44291.0	55.9622623411469	144.89346907342733	1.3646036250708955
PF3D7_0312900	613.0	41215.0	1902.0	1.9627421803397374	52.3046983775613	4.422328793325213
PF3D7_0313000	7277.0	35905.0	9848.0	14.698742762569953	45.56593946976437	1.59974844657404
PF3D7_0313100	22368.0	38987.0	31207.0	45.8134741556595	49.477211589129745	0.10983842712891613
PF3D7_0313200	10977.0	47212.0	17038.0	23.647057957199827	59.915308014107104	1.323066721661579
PF3D7_0313300	5144.0	25715.0	5462.0	9.3772939662705	32.6341215280599	1.746129917336635
PF3D7_0313400	50401.0	699103.0	89665.0	116.3012930174837	887.2102765946437	2.9260326534597954
PF3D7_0313500	9929.0	29917.0	31178.0	32.04166045780792	37.96675145848602	0.24132413099798347
PF3D7_0313600	1761093.0	863498.0	2777525.0	3823.5633561784903	1095.8389527994038	-1.8024125235049393
PF3D7_0313700	13216.0	11809.0	27834.0	33.41641082132547	14.986441420371744	-1.130977835909749
PF3D7_0313800	61725.0	23925.0	95405.0	132.6988491286088	30.36248716931103	-2.1096553805182294
PF3D7_0313900	23651.0	17351.0	30656.0	46.85965844415053	22.019624446174117	-1.0724759081740873
PF3D7_0314000	10118.0	258863.0	33544.0	33.84912664106254	328.5151312898375	3.259808611781903
PF3D7_0314100	25940.0	26156.0	40425.0	55.99042995029275	33.193781166165074	-0.7455241421837164
PF3D7_0314200	37910.0	27695.0	63934.0	85.10724781608747	35.14687908689944	-1.2639571724443357
PF3D7_0314300	3771.0	6983.0	11485.0	11.92859149410825	8.861912138068922	-0.4087876776139017
PF3D7_0314400	54989.0	28752.0	86328.0	119.11912299597218	36.48828552108802	-1.6933077100342246
PF3D7_0314500	9799.0	18535.0	37985.0	36.496869799106975	23.52220270358119	-0.6230347692509594
PF3D7_0314600	44524.0	31448.0	55852.0	86.95915953806573	39.9096968234271	-1.113907956884355
PF3D7_0314700	51282.0	24289.0	92107.0	118.92516260901006	30.824428457905775	-1.930746749536509
PF3D7_0314800	3983.0	4140.0	6166.0	8.569359167223471	5.2539476230281155	-0.6564485262304968
PF3D7_0314900	21820.0	84709.0	50338.0	58.132874052715295	107.50160608673639	0.8812710855239495
PF3D7_0315000	890.0	13536.0	2404.0	2.608146251589486	17.17812440224845	2.5078389216527075
PF3D7_0315100	6072.0	23200.0	11098.0	14.211050353196491	29.44241180054403	1.0252901750895003
PF3D7_0315200	7251.0	34874.0	12052.0	16.159060615930034	44.25752884190399	1.4258233330733439
PF3D7_0315300	133340.0	12387.0	174381.0	265.2320806536105	15.719963576437022	-4.034129923551585
PF3D7_0315400	17061.0	43503.0	35194.0	42.639889192319394	55.20832933444254	0.36887058007962326
PF3D7_0315500	10967.0	15439.0	29034.0	31.740719434022306	19.593163611577555	-0.6821792069817233
PF3D7_0315600	17298.0	15081.0	29725.0	39.20695344087436	19.13883673982778	-1.0156821952193473
PF3D7_0315700	13572.0	199710.0	32356.0	36.86514074060713	253.44586468476933	2.7647561194355497
PF3D7_0315800	3684.0	12058.0	12055.0	12.217509090292411	15.302439719437928	0.31333118611127064
PF3D7_0315900	3912.0	1316.0	5935.0	8.33479566557028	1.670095427996377	-2.025438282694271
PF3D7_0316000	2851.0	45726.0	6898.0	7.812403293609942	58.02947077550329	2.815825677436899
PF3D7_0316100	12338.0	232664.0	34592.0	37.01154636864336	295.26678013628344	2.9790533785378575
PF3D7_0316200	161482.0	280826.0	280617.0	368.12009840725295	356.3877041508439	-0.04666453661512416
PF3D7_0316300	75852.0	234603.0	171000.0	199.39064276177376	297.7275058466824	0.5772023865580346
PF3D7_0316400	64724.0	115419.0	108363.0	144.76912414274165	146.4747296382324	0.01684002244689099
PF3D7_0316500	48941.0	64106.0	86053.0	112.24682332314785	81.35496771058946	-0.46194490522819553
PF3D7_0316600	38728.0	32572.0	71696.0	91.25575570848304	41.33613091238449	-1.1330492245280332
PF3D7_0316700	17827.0	10394.0	35110.0	43.430006062953396	13.19070811443339	-1.682009630561852
PF3D7_0316800	62590.0	274848.0	107104.0	141.55922821817177	348.80120683430715	1.2979790746907518
PF3D7_0316900	5241.0	53068.0	15346.0	16.162345875344414	67.34697885479615	2.0256930449577926
PF3D7_0317000	8188.0	31162.0	19364.0	22.13510344034838	39.546742953816945	0.823123011826686
PF3D7_0317100	8401.0	26444.0	18453.0	21.75510218159939	33.55927317472355	0.6139115234518954
PF3D7_0317200	69387.0	99112.0	123374.0	160.06611677410393	125.78001372308276	-0.34654115985458717
PF3D7_0317300	494751.0	181880.0	600168.0	952.4677643298193	230.8183559604719	-2.0425476598133834
PF3D7_0317400	3539.0	46290.0	14633.0	13.798945020331812	58.74522595893031	2.0507901963121173
PF3D7_0317500	138392.0	65950.0	238283.0	313.99079575191445	83.69513182094305	-1.9012090702505944
PF3D7_0317600	16009.0	180517.0	26867.0	35.850952908207965	229.08861426718994	2.658986009084124
PF3D7_0317700	308200.0	535416.0	556673.0	716.8360240590738	679.4801015775897	-0.0771565545703351
PF3D7_0317800	23386.0	15736.0	34121.0	48.90769906927326	19.970077245403484	-1.271219324135917
PF3D7_0317900	1012.0	2732.0	1288.0	1.9890361100196714	3.4670978034088917	0.6724968050492712
PF3D7_0318000	1741.0	255309.0	17634.0	13.838655561589114	324.0048583786679	4.500258414163918
PF3D7_0318100	2300.0	5432.0	5338.0	6.149268091238521	6.89358538364462	0.1530785958194726
PF3D7_0318200	97484.0	179354.0	112951.0	184.0874277251977	227.61268646874026	0.30544239007567486
PF3D7_0318300	61335.0	118795.0	109968.0	142.10670511272747	150.75910818300122	0.08498020166707827
PF3D7_0318400	196267.0	21598.0	272094.0	400.81915540773224	27.409362502937498	-3.8459289428962236
PF3D7_0318500	377187.0	194115.0	497574.0	753.1778124390514	246.3454209768364	-1.6103400386275344
PF3D7_0318600	19692.0	25946.0	39190.0	48.24842213179927	32.92727657659118	-0.5443297041534303
PF3D7_0318700	3312.0	0.0	3502.0	6.027672611591393	0.0	-3.706568702303628
PF3D7_0318800	3051.0	767.0	5888.0	7.351143375372674	0.973376286681779	-2.4137768430323154
PF3D7_0318900	31038.0	76479.0	86990.0	93.08680681933109	97.05716431438823	0.059942660460225165
PF3D7_0319000	74622.0	123768.0	123839.0	166.16795319251452	157.07019067800576	-0.0809821007201294
PF3D7_0319100	25532.0	230031.0	50251.0	62.17798170485288	291.92532021081655	2.2220376058192484
PF3D7_0319200	27207.0	33217.0	19128.0	43.002547685356554	42.15468072321858	-0.028395828728347818
PF3D7_0319300	5502.0	10120.0	5714.0	9.943344862291166	12.842983078513171	0.35349738293713584
PF3D7_0319400	426072.0	142771.0	544513.0	838.9365892397587	181.18631789549448	-2.2079715687809047
PF3D7_0319500	43328.0	98080.0	72503.0	96.8866148236036	124.47033402574822	0.3597902609144126
PF3D7_0319600	8096.0	46294.0	8561.0	14.734686171838154	58.750302236826954	1.9594627318260882
PF3D7_0319700	80064.0	81141.0	134913.0	179.66627780650765	102.97356620292858	-0.8000667456297668
PF3D7_0319800	5250.0	38125.0	15623.0	16.35944230197126	48.38327370240264	1.5357840915990297
PF3D7_0319900	2669.0	133836.0	7168.0	7.7936059764232954	169.84718214386254	4.3603347651609745
PF3D7_0320000	24640.0	40304.0	35231.0	51.04402375209622	51.148576086600286	0.0029234109102975656
PF3D7_0320100	6548.0	22141.0	22366.0	22.350170111302212	28.098467227407127	0.3237329202617681
PF3D7_0320200	45359.0	2406779.0	148957.0	150.78575530505088	3054.3697599526536	4.335762815652171
PF3D7_0320300	48766.0	66974.0	62478.0	96.12564649623963	84.99465896248431	-0.17657186724177149
PF3D7_0320400	4968.0	8740.0	12512.0	13.945822204644227	11.091667204170466	-0.31756423834840075
PF3D7_0320500	15371.0	94426.0	28325.0	36.13064891645871	119.83315416716253	1.7159110244327256
PF3D7_0320600	11774.0	22849.0	21618.0	27.62253136815375	28.996968415113386	0.06884022718176931
PF3D7_0320700	28268.0	227729.0	47562.0	63.386091415010526	289.00392228129704	2.180009111792276
PF3D7_0320800	59740.0	293531.0	78861.0	119.32685774407753	372.5112318200642	1.6382677653761317
PF3D7_0320900	68669.0	123385.0	115223.0	153.76535064614973	156.58413706940195	0.026123443060611425
PF3D7_0321000	30461.0	75593.0	57087.0	72.24587706009191	95.93276876028125	0.4066579868282344
PF3D7_0321100	15121.0	64721.0	23757.0	32.76803127790694	82.13544543719871	1.3126242468091576
PF3D7_0321200	24759.0	21232.0	32998.0	49.66693124353772	26.944883075394433	-0.8701994968931739
PF3D7_0321300	4292.0	109781.0	9024.0	10.841898300129245	139.31971594291053	3.623833778809984
PF3D7_0321400	3312.0	77568.0	6626.0	8.138304201258192	98.43918097174998	3.517721929153026
PF3D7_0321500	22014.0	254291.0	33267.0	46.813875075813435	322.71294565397164	2.7721497538950524
PF3D7_0321600	106946.0	147236.0	185665.0	243.67526763975593	186.85271309762504	-0.3821602082303329
PF3D7_0321700	387025.0	147996.0	719302.0	913.8579340802646	187.8172058979877	-2.279594212422694
PF3D7_0321800	413971.0	83941.0	582335.0	851.1112876888186	106.52696073058046	-2.9922208062251636
PF3D7_0321900	97053.0	71631.0	145501.0	205.6023017021248	90.90471550365386	-1.173020116729355
PF3D7_0322000	19501.0	31699.0	34224.0	44.682137205797034	40.2282332614416	-0.14972328127996817
PF3D7_0322100	13411.0	19415.0	24315.0	31.254496707666064	24.638983840843206	-0.3370345694524896
PF3D7_0322200	2301.0	36527.0	6072.0	6.6462775011042	46.35530068269275	2.71294842521466
PF3D7_0322300	37562.0	25254.0	60657.0	82.50850727131757	32.049080500471504	-1.3506424127852423
PF3D7_0322400	29023.0	93527.0	53765.0	68.41165927750774	118.69226070989144	0.7904705623468551
PF3D7_0322500	12786.0	27147.0	29734.0	34.22468927530687	34.451429015059	0.009389657772113985
PF3D7_0322600	327745.0	22608.0	567224.0	745.5728942995813	28.691122671840493	-4.675714992285704
PF3D7_0322700	149371.0	92079.0	241640.0	328.3969308028974	116.85464811130576	-1.4867605609311871
PF3D7_0322800	181207.0	4395.0	357846.0	442.1048492062413	5.577560338939268	-6.186383135636871
PF3D7_0322900	44731.0	36909.0	80466.0	103.8176821169017	46.8400852218224	-1.1398495107923874
PF3D7_0323000	15791.0	106536.0	36377.0	42.03506812070857	135.20158549925685	1.6737129071829964
PF3D7_0323100	150074.0	95850.0	220237.0	314.71388990617595	121.64030909836833	-1.3677917072781476
PF3D7_0323200	17663.0	43231.0	35894.0	43.77837686675838	54.86314243747065	0.3223234957943355
PF3D7_0323300	33134.0	21243.0	50654.0	70.85482074053621	26.95884283961021	-1.3777400724038227
PF3D7_0323400	7119.0	98338.0	12046.0	16.009071288980113	124.79775395008186	2.9240296841434827
PF3D7_0323500	13505.0	23099.0	18227.0	27.24525630592917	29.314235783653732	0.10376022679228196
PF3D7_0323600	15642.0	16592.0	23859.0	33.41294780361935	21.056400715285626	-0.6537198821317722
PF3D7_0323700	71700.0	120207.0	119758.0	160.18027099562028	152.5510342805171	-0.07018000540894294
PF3D7_0323800	58231.0	194458.0	100640.0	132.37283940140208	246.78071180647376	0.8961034793751214
PF3D7_0324000	0.0	0.0	0.0	0.0	0.0	0.0
PF3D7_0324100	0.0	0.0	92.0	0.06215688420273546	0.0	-0.16904471256225434
PF3D7_0324200	0.0	0.0	0.0	0.0	0.0	0.0
PF3D7_0324300	0.0	0.0	0.0	0.0	0.0	0.0
PF3D7_0324400	0.0	0.0	0.0	0.0	0.0	0.0
PF3D7_0324500	184.0	92.0	0.0	0.2034254056693409	0.11675439162284702	-0.18970135850538622
PF3D7_0324600	0.0	0.0	92.0	0.06215688420273546	0.0	-0.16904471256225434
PF3D7_0324800	184.0	5336.0	460.0	0.5142098266830182	6.7717547141251275	2.8419473784838636
PF3D7_0324900	80434.0	226754.0	140194.0	183.64328004045845	287.7665795439897	0.6465748365457271
PF3D7_0400100	74988.0	213110.0	135080.0	174.1672182420845	270.45139563853184	0.6334252114099808
PF3D7_0400300	143.0	184.0	552.0	0.5310382237529114	0.23350878324569405	-0.4912116724714657
PF3D7_0400400	3864.0	7347.0	3132.0	6.38797005517537	9.323853426663664	0.51221016488407
PF3D7_0400500	2024.0	4784.0	92.0	2.299836346565485	6.071228364388045	1.2308205772024683
PF3D7_0400700	2677.0	184.0	736.0	3.456873611539414	0.23350878324569405	-2.4314748378482434
PF3D7_0400800	2003.0	0.0	92.0	2.276619316570615	0.0	-2.4733293925895152
PF3D7_0400900	0.0	0.0	184.0	0.12431376840547093	0.0	-0.32034318796816524
PF3D7_0401000	92.0	92.0	184.0	0.22602647124014136	0.11675439162284702	-0.2353260671408295
PF3D7_0401100	0.0	0.0	0.0	0.0	0.0	0.0
PF3D7_0401200	0.0	0.0	460.0	0.3107844210136773	0.0	-0.6973902732190767
PF3D7_0401300	184.0	0.0	184.0	0.3277391740748118	0.0	-0.7272481419814021
PF3D7_0401400	184.0	92.0	0.0	0.2034254056693409	0.11675439162284702	-0.18970135850538622
PF3D7_0401600	920.0	276.0	736.0	1.5143821019685881	0.3502631748685411	-1.2443560088570031
PF3D7_0401800	184.0	184.0	828.0	0.76283736349396	0.23350878324569405	-0.7837827049661839
PF3D7_0401900	644.0	92.0	736.0	1.209243993464577	0.11675439162284702	-1.4705903670512526
PF3D7_0402000	4968.0	3773.0	5254.0	9.04218453569364	4.788199126010889	-0.851543084536037
PF3D7_0402100	184.0	368.0	552.0	0.5763667108857536	0.4670175664913881	-0.15455567559201877
PF3D7_0402300	5717.0	5333.0	9354.0	12.640293662371722	6.767947505702643	-0.8543776131580525
PF3D7_0402400	150902.0	125019.0	233543.0	324.61908141866184	158.65779659018165	-1.030510399735825
PF3D7_0402600	92.0	0.0	0.0	0.10171270283467045	0.0	-0.26714671912344645
PF3D7_0402900	0.0	0.0	92.0	0.06215688420273546	0.0	-0.16904471256225434
PF3D7_0403100	9458.0	38090.0	23376.0	26.2497616144941	48.338856270806986	0.8685033803480698
PF3D7_0403200	224129.0	190274.0	363695.0	493.50993884506227	241.47092512658253	-1.0297063614898374
PF3D7_0403300	7736.0	3709.0	8340.0	14.187368297606787	4.7069786796645605	-1.4960575103764275
PF3D7_0403400	65296.0	102683.0	99737.0	139.57362830457464	130.31186081531305	-0.09869200772271211
PF3D7_0403500	2574.0	13890.0	4507.0	5.890756241284461	17.627374996101576	1.5041114595260758
PF3D7_0403600	16009.0	64271.0	37072.0	42.74563772656574	81.56436417382609	0.9242012660611911
PF3D7_0403700	419724.0	84641.0	586122.0	860.0302148614667	107.41530936249342	-2.9953263022329177
PF3D7_0403800	15959.0	435870.0	34614.0	41.02968928621729	553.149311702721	3.736757461680331
PF3D7_0403900	142873.0	46680.0	248499.0	325.84698434340686	59.24016305385325	-2.4496336274953134
PF3D7_0404000	3930.0	88753.0	11024.0	11.792917539034898	112.63372304024502	3.202129770333378
PF3D7_0404100	11314.0	6166.0	13065.0	21.335404478045653	7.825082377679073	-1.3911328027774472
PF3D7_0404200	7267.0	9845.0	19128.0	20.95742491879863	12.493988973118793	-0.7236325642824988
PF3D7_0404300	439105.0	340454.0	603471.0	893.1786244013798	432.0597787561387	-1.0468565937544045
PF3D7_0404400	8338.0	19531.0	10927.0	16.600747716508398	24.786195899845925	0.564290604548746
PF3D7_0404500	17437.0	6348.0	16767.0	30.605966051689286	8.056053021976444	-1.8621739843926877
PF3D7_0404600	74346.0	407148.0	138294.0	175.62887770521203	516.6990982658579	1.5540882901352708
PF3D7_0404700	3423.0	11770.0	7224.0	8.665042535691716	14.93694771087945	0.7521740406295236
PF3D7_0404800	6628.0	19870.0	10394.0	14.35011357381987	25.216410451586633	0.7922153176218826
PF3D7_0404900	3067.0	20538.0	4565.0	6.474989521515452	26.064148860326437	1.9292175335762225
PF3D7_0405000	8195.0	95726.0	11813.0	17.041248617576503	121.48294448357233	2.7978560957363356
PF3D7_0405100	87958.0	98900.0	142441.0	193.47972455058462	125.51097099456055	-0.6223565189730396
PF3D7_0405200	20808.0	60623.0	43766.0	52.57387081087764	76.93479873208538	0.5449802785893268
PF3D7_0405300	28351.0	56311.0	44440.0	61.36857360907941	71.46257115950151	0.21803996099241393
PF3D7_0405400	223545.0	239516.0	282559.0	438.0473173762732	303.96244417323726	-0.5264682308285982
PF3D7_0405500	3835.0	19933.0	6945.0	8.932041045206075	25.2963618284588	1.4515257089380518
PF3D7_0405600	7968.0	26948.0	21391.0	23.261355719210528	34.198884189700884	0.546272118509575
PF3D7_0405700	138287.0	132668.0	221487.0	302.5270255251015	168.36490899804204	-0.8435769066886847
PF3D7_0405800	12459.0	48803.0	19709.0	27.090093427922525	61.93439754749786	1.178190743076404
PF3D7_0405900	1353.0	40387.0	8472.0	7.219678368487869	51.25390885295568	2.7450551845143742
PF3D7_0406000	35806.0	44351.0	58160.0	78.88010242314462	56.284500248531394	-0.4832802347015769
PF3D7_0406100	135847.0	266277.0	182159.0	273.25871099421266	337.92401237126995	0.30592706440702855
PF3D7_0406200	5719280.0	14125063.0	10510535.0	13424.19058665296	17925.686273906373	0.41717975587436007
PF3D7_0406400	10995.0	20882.0	15180.0	22.41165945505137	26.500708759437952	0.23691532349422023
PF3D7_0406500	577105.0	634288.0	955024.0	1283.2633211764753	804.9555386268738	-0.6725023879093128
PF3D7_0406600	3229.0	2917.0	19745.0	16.909978217784378	3.701875656128747	-2.0508090231370075
PF3D7_0406700	20117.0	54849.0	38099.0	47.98119102353352	69.60719158827757	0.5321373018091138
PF3D7_0406800	7511.0	24140.0	15854.0	19.015210360232366	30.63533710625573	0.6739538854446723
PF3D7_0406900	74807.0	891996.0	156880.0	188.69558863780793	1132.0048946740549	2.5815669298866255
PF3D7_0407000	1564.0	66141.0	5333.0	5.3321883770284	83.93752409050788	3.8557750521246903
PF3D7_0407100	1565.0	16748.0	4971.0	5.088720122913665	21.254375553254803	1.9607157724395035
PF3D7_0407200	5705.0	50764.0	9639.0	12.819578005456108	64.42304278632832	2.2851822418341055
PF3D7_0407300	16832.0	44040.0	34235.0	41.73879505210675	55.8898196420672	0.41686604916315323
PF3D7_0407400	7327.0	31822.0	17456.0	19.894125481658484	40.384328806763456	1.0033943115941606
PF3D7_0407500	920.0	3496.0	1523.0	2.0460937092245968	4.436666881668187	0.9552517788785617
PF3D7_0407600	21146.0	48075.0	24570.0	39.9783854239473	61.01051497030837	0.6036813084562056
PF3D7_0407700	250442.0	197891.0	469490.0	594.0779161702478	251.1374273112698	-1.2405193620911048
PF3D7_0407800	70936.0	716083.0	130197.0	166.38839283504058	908.7590762659039	2.4458078037190853
PF3D7_0407900	2670.0	91708.0	9739.0	9.53172621542403	116.3838233363919	3.542433490346045
PF3D7_0408000	4876.0	43072.0	4604.0	8.501319933600513	54.661360391078986	2.6154495614079125
PF3D7_0408100	89355.0	42221.0	203537.0	236.3017858887407	53.58138226856765	-2.1304760302717174
PF3D7_0408200	536462.0	132475.0	952886.0	1236.8850516141388	168.1199785895289	-2.8754471242515347
PF3D7_0408300	108124.0	49673.0	205023.0	258.05625164340586	63.03848799001826	-2.0247755241235557
PF3D7_0408400	16091.0	49000.0	31040.0	38.760965075712946	62.18440423390765	0.6750109115642438
PF3D7_0408500	570075.0	87239.0	743456.0	1132.5519301119962	110.71235185636469	-3.348825048638856
PF3D7_0408600	18380.0	19135.0	20939.0	34.4672008306774	24.28364438807802	-0.496613962409952
PF3D7_0408700	42762.0	45914.0	52224.0	82.55999694804169	58.26805583664563	-0.4991216468374824
PF3D7_0408800	4706.0	1104.0	4140.0	7.999885653687869	1.4010526994741643	-2.1606449074664784
PF3D7_0408900	3756.0	43331.0	12206.0	12.399128700278384	54.99004938488678	2.1049554679923066
PF3D7_0409000	18583.0	26400.0	31577.0	41.87885966572237	33.50343411786045	-0.3176643118559842
PF3D7_0409100	61818.0	78065.0	98393.0	134.82041490427616	99.06990850040818	-0.44259779619246326
PF3D7_0409200	61759.0	595554.0	118672.0	148.45604974427647	755.7994016147069	2.344070758642592
PF3D7_0409300	21249.0	29540.0	25145.0	40.48073995447495	37.488312266727185	-0.10939041629865166
PF3D7_0409400	45359.0	48483.0	77461.0	102.48174885984682	61.528295315766215	-0.7313902937406304
PF3D7_0409500	3128.0	28427.0	6439.0	7.8085381722637255	36.07583794198557	2.138224343888809
PF3D7_0409600	54933.0	79686.0	61712.0	102.42619068191482	101.12707011802378	-0.01832539835976156
PF3D7_0409700	3142.0	35298.0	8502.0	9.217816758675994	44.795614298948415	2.220667235532702
PF3D7_0409800	40212.0	106362.0	60356.0	85.23491423182685	134.98076741075278	0.660133319311152
PF3D7_0409900	17746.0	14925.0	23392.0	35.42355934537446	18.940861901858607	-0.8858381193599321
PF3D7_0410000	27683.0	43341.0	36644.0	55.36293062279587	55.002740079628396	-0.009332264046758718
PF3D7_0410300	45634.0	33935.0	59075.0	90.36386321123857	43.06587260566645	-1.0605082050018024
PF3D7_0410400	33242.0	24497.0	58908.0	76.55077611135712	31.088394908531342	-1.2864148569606835
PF3D7_0410500	5049.0	37408.0	9879.0	12.256470604902987	47.47335088942893	1.9110039870102575
PF3D7_0410600	53394.0	33336.0	97561.0	124.94495472671161	42.30569999064379	-1.5511796248807284
PF3D7_0410700	472737.0	207095.0	813946.0	1072.5620137960143	262.81794275145114	-2.0268557173754584
PF3D7_0410800	384797.0	210929.0	553615.0	799.4535473975009	267.68355511538584	-1.576695451794378
PF3D7_0410900	126954.0	101382.0	182588.0	263.71669183132406	128.66080142942909	-1.0325533135393286
PF3D7_0411000	78558.0	3749103.0	167719.0	200.16561924874597	4757.872172786854	4.567602754635418
PF3D7_0411100	6387.0	21334.0	9648.0	13.579659258619913	27.074328161758896	0.9697133157357563
PF3D7_0411200	27355.0	147444.0	51072.0	64.74812365265778	187.1166795482506	1.5237797727609612
PF3D7_0411300	7532.0	40025.0	16564.0	19.518116387878784	50.79450570330926	1.3574980734101982
PF3D7_0411400	12053.0	4140.0	12236.0	21.592335243162545	5.2539476230281155	-1.9409219313600528
PF3D7_0411700	2292.0	246665.0	10601.0	9.69620265576373	313.03502184401697	4.9425227426651075
PF3D7_0411800	42062.0	59713.0	53182.0	82.43333828588896	75.77994551059852	-0.1206483527044801
PF3D7_0411900	839727.0	149676.0	1111126.0	1679.076444890195	189.94924261457882	-3.1406190047817746
PF3D7_0412000	124136.0	58248.0	170232.0	252.25324772483384	73.9207587309521	-1.763952625850739
PF3D7_0412100	21988.0	12528.0	25446.0	41.501119405995006	15.898902372293776	-1.3568285246727392
PF3D7_0412200	1840.0	5168.0	4784.0	5.266412035235653	6.558551042466015	0.29169813455613225
PF3D7_0412300	1288.0	14453.0	11040.0	8.882803944013641	18.341861110054435	1.005850449336759
PF3D7_0412400	155508.0	170408.0	221996.0	321.9099854117869	216.25959095289255	-0.5728005967704113
PF3D7_0412700	9291.0	83577.0	19021.0	23.12281322236037	106.06501944198571	2.1734812536631467
PF3D7_0412900	1288.0	0.0	454.0	1.7307085508597548	0.0	-2.157502033216244
PF3D7_0413100	276.0	92.0	53.0	0.3409458787512394	0.11675439162284702	-0.4473168717680783
PF3D7_0413200	368.0	368.0	411.0	0.684529935331337	0.4670175664913881	-0.29270065616578933
PF3D7_0413300	92.0	0.0	0.0	0.10171270283467045	0.0	-0.26714671912344645
PF3D7_0413500	15309.0	38287.0	37082.0	41.97849290980224	48.58886295721678	0.20866316820356517
PF3D7_0413600	38104.0	127239.0	57789.0	81.17005445656699	161.47513082281992	0.9878932282427932
PF3D7_0413700	10839.0	73382.0	22885.0	27.444829141354283	93.12685615291043	1.7443410611058636
PF3D7_0413800	2626.0	19131.0	5330.0	6.504279896135049	24.27856811018137	1.822784179063302
PF3D7_0413900	8552.0	129948.0	19576.0	22.680763041248383	164.91304002832308	2.835073009727858
PF3D7_0414000	80963.0	122874.0	109396.0	163.42043547658557	155.9356425681055	-0.06742646594184742
PF3D7_0414100	12822.0	21255.0	22728.0	29.531108042455607	26.974071673300145	-0.12838697176176056
PF3D7_0414200	185.0	8845.0	394.0	0.47072459130751965	11.224919498957412	3.5943721671621742
PF3D7_0414300	3402.0	3777.0	4599.0	6.868327450999231	4.7932754039075345	-0.47717645878830317
PF3D7_0414400	1656.0	1104.0	3863.0	4.440742169232406	1.4010526994741643	-1.3779292454651628
PF3D7_0414500	384112.0	23178.0	668516.0	876.325449031596	29.41449227211248	-4.873373189798119
PF3D7_0414600	9135.0	49069.0	14118.0	19.637787299662325	62.27197002762479	1.6402153154232069
PF3D7_0414700	15916.0	14776.0	18440.0	30.05469916320714	18.751770550208562	-0.6664031426053945
PF3D7_0414800	1472.0	368.0	92.0	1.6895601295574627	0.4670175664913881	-1.1790270670025436
PF3D7_0414900	5515.0	2667.0	8100.0	11.56974258886266	3.384608287588402	-1.6355538741168167
PF3D7_0415000	4651.0	47373.0	8230.0	10.70235802035397	60.119628199447085	2.435982561850182
PF3D7_0415100	21687.0	42950.0	34488.0	47.27728270390694	54.5065339152313	0.2032781944448889
PF3D7_0415200	515494.0	300994.0	821753.0	1125.1075445576748	381.9822973057306	-1.5572390224000374
PF3D7_0415300	349973.0	355129.0	537528.0	750.0844065313706	450.68337328945694	-0.734300414922493
PF3D7_0415400	30069.0	53572.0	49849.0	66.9223671973681	67.98658986977348	0.022594245240218046
PF3D7_0415500	20152.0	52825.0	45228.0	52.836368980930416	67.03859497257493	0.34059255397747035
PF3D7_0415600	1196.0	22906.0	1288.0	2.192461515689012	29.069305375140583	3.4571027238309875
PF3D7_0415700	0.0	4212.0	1472.0	0.9945101472437674	5.345320625167735	1.9676094685683294
PF3D7_0415800	7260.0	38811.0	21325.0	22.434019328293925	49.253855361677346	1.1173191042755373
PF3D7_0415900	74359.0	404429.0	136296.0	174.29336477586187	513.248498365613	1.5554118513373913
PF3D7_0416000	206302.0	211776.0	353989.0	467.24334024174243	268.75845696000056	-0.7967254543009286
PF3D7_0416100	64818.0	159545.0	98344.0	138.1040281779509	202.4736892550775	0.5503235417999364
PF3D7_0416200	41114.0	100760.0	89879.0	106.17842021306849	127.87144021650072	0.2670559052008788
PF3D7_0416300	34039.0	247321.0	45357.0	68.2766140062263	313.86753141906684	2.1924622242147493
PF3D7_0416400	7723.0	195467.0	15564.0	19.053662496994942	248.0612029059026	3.6680903666564832
PF3D7_0416500	15468.0	53306.0	28121.0	36.10006334904138	67.64901738964656	0.8968467100095313
PF3D7_0416600	18310.0	57196.0	38920.0	46.538103500796524	72.58569764413433	0.6357592142999189
PF3D7_0416700	4049.0	18608.0	9920.0	11.178598098573005	23.61484477519497	1.0460544204598032
PF3D7_0416800	43420.0	107235.0	74136.0	98.09161222103683	136.08866506169565	0.47030094696767655
PF3D7_0416900	31970.0	84955.0	42034.0	63.74410413263257	107.8137971773801	0.7535810621609254
PF3D7_0417000	3954.0	184071.0	11455.0	12.110642777724149	233.5988871783595	4.214404358078215
PF3D7_0417100	7819.0	19907.0	10848.0	15.973581557560463	25.263366022130604	0.6451668473575412
PF3D7_0417200	27959.0	9844.0	51216.0	65.51317869436794	12.49271990364463	-2.3450505919695344
PF3D7_0417300	32373.0	87032.0	65929.0	80.33354942901013	110.44965447521328	0.45687907123096994
PF3D7_0417400	162382.0	506829.0	291830.0	376.69082204982334	643.2012125197384	0.7710966141724405
PF3D7_0417500	21219.0	16195.0	29753.0	43.56082192535718	20.55258013404356	-1.0654993517848599
PF3D7_0417600	1005755.0	116282.0	1541172.0	2153.179445434589	147.56993659443367	-3.8624528768860604
PF3D7_0417700	59259.0	31481.0	93688.0	128.812469831148	39.95157611607442	-1.6765935828649923
PF3D7_0417800	110236.0	92740.0	178557.0	242.5103074159844	117.69350303372644	-1.0398667734907607
PF3D7_0417900	344143.0	83901.0	650599.0	820.0317543157335	106.476197951614	-2.939269331870239
PF3D7_0418000	1388073.0	255017.0	1991743.0	2880.2738649395487	323.6342900922128	-3.1517928600108562
PF3D7_0418100	238073.0	102238.0	396072.0	530.8005406728732	129.74712489931125	-2.0282766544356496
PF3D7_0418200	85125.0	36273.0	162868.0	204.14849179491785	46.03295703625576	-2.13682326027837
PF3D7_0418300	852274.0	641060.0	1061804.0	1659.62522140997	813.5496771058947	-1.0281033243014523
PF3D7_0418400	6270.0	14216.0	19745.0	20.272025275612993	18.041091644678186	-0.16391569794126098
PF3D7_0418500	18697.0	32841.0	39922.0	47.64292973958085	41.6775106009339	-0.19084999277343556
PF3D7_0418600	2435.0	17032.0	4874.0	5.985033532679948	21.614791283916635	1.7698256868942228
PF3D7_0418700	34049.0	97530.0	57399.0	76.42346538228811	123.77234581495945	0.692009628510082
PF3D7_0418800	3588.0	245100.0	7905.0	9.307558123841536	311.0489281169544	4.989420962735512
PF3D7_0418900	31441.0	34221.0	57319.0	73.48608190697247	43.42882647527661	-0.7520859403041514
PF3D7_0419000	99076.0	32262.0	169666.0	224.165191969447	40.94271937539446	-2.4385860433445883
PF3D7_0419100	8138.0	7117.0	15044.0	19.16115371320109	9.031967447606545	-1.0445020515293673
PF3D7_0419200	5976.0	21978.0	13630.0	15.815580911122552	27.891608903118822	0.7992142513516987
PF3D7_0419300	10573.0	45708.0	22705.0	27.029135466239993	58.00662752496839	1.0876407560492696
PF3D7_0419400	6931.0	47567.0	10032.0	14.440528322488511	60.365827677434396	2.0264013079901946
PF3D7_0419500	8552.0	14809.0	8741.0	15.360438689763178	18.793649842855885	0.28269341291353883
PF3D7_0419600	181863.0	207398.0	258357.0	375.61351529986734	263.20247080212204	-0.5122570604286872
PF3D7_0419700	68642.0	62380.0	147429.0	175.49446335981017	79.16455379818693	-1.1435201888437232
PF3D7_0419800	47534.0	38484.0	103274.0	122.32610517061443	48.83886964362657	-1.3158206513959216
PF3D7_0419900	221757.0	344612.0	386074.0	506.0071821108142	437.3365696297017	-0.2101902676807488
PF3D7_0420000	238067.0	270479.0	375744.0	517.0599383001535	343.25664230169605	-0.5903383593808755
PF3D7_0420100	63704.0	123974.0	90055.0	131.27221987236075	157.331618989683	0.26034000028028986
PF3D7_0420200	8464.0	167087.0	13062.0	18.182494980965014	212.0450112292026	3.5080093571843247
PF3D7_0420300	145272.0	362378.0	227417.0	314.25586848838844	459.8828579076528	0.5486008399193381
PF3D7_0420400	4167.0	25942.0	10653.0	11.804283914389266	32.922200298694534	1.4416460159467306
PF3D7_0420500	17216.0	14254.0	32527.0	41.0093789615659	18.08931628469632	-1.1589636384748718
PF3D7_0420600	93719.0	98976.0	186546.0	229.6470751896301	125.6074202745968	-0.8679029406305037
PF3D7_0420700	1656.0	15825.0	920.0	2.4523974930514227	20.08302442860385	2.8014961091673523
PF3D7_0420900	0.0	736.0	92.0	0.06215688420273546	0.9340351329827762	1.3510356570557556
PF3D7_0421100	1104.0	552.0	920.0	1.8421212760434	0.7005263497370822	-0.9641487122514659
PF3D7_0421200	460.0	223.0	184.0	0.6328772825788231	0.2830024927379879	-0.5329027860581255
PF3D7_0421300	13800.0	552905.0	28986.0	34.840377658901545	701.6748576111981	4.312440977157551
PF3D7_0421700	375842.0	84424.0	633340.0	843.4168119537901	107.1399212866004	-2.9708875529808294
PF3D7_0421800	14008.0	33038.0	26611.0	33.46574333507671	41.9275172873437	0.3209198318464384
PF3D7_0421900	17904.0	694135.0	53907.0	56.21473248118261	880.9055394470099	3.958010513577529
PF3D7_0422000	2475.0	65315.0	6062.0	6.83189099513904	82.88927270485058	3.5076045633209763
PF3D7_0422100	7635.0	34411.0	6435.0	12.788652565079474	43.66994967536727	1.7328703621644768
PF3D7_0422200	537718.0	619806.0	858869.0	1174.7540447953534	786.5768745020687	-0.5783961887280231
PF3D7_0422300	6805524.0	669794.0	9854181.0	14181.667691043627	850.0151193764478	-4.059597367207391
PF3D7_0422400	40295.0	91361.0	51336.0	79.23259965385515	115.9434562288579	0.5463879531591528
PF3D7_0422500	213531.0	191199.0	272429.0	420.1320973419243	242.6448143901818	-0.7907431193890785
PF3D7_0422600	1382.0	4111.0	6631.0	6.007926678976667	5.217144608277436	-0.186903215132187
PF3D7_0422700	37512.0	33896.0	42643.0	70.28264045425442	43.01637889617416	-0.7018370692110063
PF3D7_0422800	2827.0	5445.0	9212.0	9.349250306404482	6.910083286808717	-0.4105241573694754
PF3D7_0422900	23547.0	48387.0	47737.0	58.28491516123878	61.406464646246725	0.0746440806636366
PF3D7_0423000	15732.0	60944.0	44362.0	47.36465149996506	77.34217003329118	0.7015913240027017
PF3D7_0423100	24528.0	56345.0	48856.0	60.125499018887396	71.50571952162299	0.24818678921731757
PF3D7_0423200	12920.0	50591.0	29745.0	34.380267839503354	64.20349376729841	0.8914324965560804
PF3D7_0423300	315401.0	1105906.0	707813.0	826.9102050537902	1403.4715458919159	0.7628390404206153
PF3D7_0423400	9375.0	27607.0	26762.0	28.445642653354803	35.03520097317323	0.29590267089309236
PF3D7_0423500	93938.0	303616.0	142557.0	200.16942195839817	385.30979746698176	0.9430689851207602
PF3D7_0423600	110498.0	172402.0	195289.0	254.1044130097111	218.79011548437035	-0.2154166415057178
PF3D7_0423700	48131.0	9661.0	99482.0	120.42418754773969	12.260480189873098	-3.2443483194725276
PF3D7_0423800	4692.0	920.0	7416.0	10.197733205953913	1.1675439162284702	-2.681508467772332
PF3D7_0423900	0.0	92.0	184.0	0.12431376840547093	0.11675439162284702	-0.01757519952924426
PF3D7_0424000	1196.0	1656.0	2484.0	3.000501010324573	2.1015790492112463	-0.4281738786260093
PF3D7_0424100	544.0	184.0	1104.0	1.3473142445856596	0.23350878324569405	-1.3325431560950411
PF3D7_0424200	736.0	368.0	736.0	1.3109566962992472	0.4670175664913881	-0.9051380463645254
PF3D7_0424400	5705.0	1564.0	8922.0	12.335159679658702	1.9848246575883994	-2.368885288030565
PF3D7_0424500	4225.0	368.0	7729.0	9.892899211732882	0.4670175664913881	-3.425912258143506
PF3D7_0424600	368.0	92.0	368.0	0.6554783481496236	0.11675439162284702	-0.9057222377795795
PF3D7_0424700	552.0	737.0	919.0	1.2311694407288258	0.9353042024569376	-0.2703903992918459
PF3D7_0424800	92.0	92.0	552.0	0.4746540080510832	0.11675439162284702	-0.6601940848109968
PF3D7_0424900	1380.0	184.0	1111.0	2.2763024810987424	0.23350878324569405	-1.9202786132724914
PF3D7_0425100	251.0	92.0	0.0	0.27749878708154657	0.11675439162284702	-0.33414434127669634
PF3D7_0425200	276.0	0.0	92.0	0.3672949927067468	0.0	-0.7945946853301834
PF3D7_0425400	92.0	92.0	184.0	0.22602647124014136	0.11675439162284702	-0.2353260671408295
PF3D7_0425500	92.0	0.0	0.0	0.10171270283467045	0.0	-0.26714671912344645
PF3D7_0425700	92.0	0.0	0.0	0.10171270283467045	0.0	-0.26714671912344645
PF3D7_0425800	2121.0	10764.0	4142.0	5.143331055218113	13.660263819873101	1.3272292544009332
PF3D7_0425900	368.0	2852.0	184.0	0.5311645797441527	3.6193861403082574	1.998154753508671
PF3D7_0426000	9838.0	77981.0	14078.0	20.387980285799976	98.96330666457862	2.251491393295497
PF3D7_0500100	55940.0	114840.0	84397.0	118.86590383293185	145.73993841269296	0.29294656982321227
PF3D7_0500400	2.0	92.0	0.0	0.0022111457137971836	0.11675439162284702	0.29640203622306605
PF3D7_0500500	92.0	92.0	0.0	0.10171270283467045	0.11675439162284702	0.035621269315474664
PF3D7_0500800	767697.0	39294.0	1299172.0	1726.4893520815676	49.86681591769729	-5.099641847808242
PF3D7_0500900	827.0	276.0	1740.0	2.0898846060546976	0.3502631748685411	-1.606906458306974
PF3D7_0501000	2300.0	736.0	4384.0	5.504728226788416	0.9340351329827762	-2.066018581602268
PF3D7_0501100	1930.0	1748.0	5612.0	5.925325550181146	2.2183334408340936	-1.2410471195167774
PF3D7_0501200	5614.0	3864.0	5521.0	9.936774689099373	4.9036844481595745	-0.9496606049025482
PF3D7_0501300	9014.0	4139.0	9418.0	16.328606943185676	5.252678553553954	-1.548609993517607
PF3D7_0501400	140434.0	83364.0	163171.0	265.50133328400716	105.79470764398934	-1.3233637093436246
PF3D7_0501500	1748.0	552.0	552.0	2.3054826590751514	0.7005263497370822	-1.2245819265265645
PF3D7_0501600	1748.0	1930.0	1564.0	2.9892083853052416	2.4493040851314647	-0.24252518415855867
PF3D7_0501700	36571.0	6960.0	45285.0	71.02727996182183	8.83272354016321	-2.938123514871844
PF3D7_0501800	247844.0	86289.0	391837.0	538.7418495293839	109.50673585591137	-2.293340601116093
PF3D7_0501900	8281.0	17299.0	15649.0	19.727999707201228	21.953632833517723	0.15059521865875275
PF3D7_0502000	8096.0	32007.0	22979.0	24.475750915697283	40.61910665948331	0.7192808669059707
PF3D7_0502100	4232.0	30905.0	17212.0	16.307526622758783	39.22059209895747	1.2407796939346958
PF3D7_0502200	6717.0	46466.0	20574.0	21.326303918777835	58.96858218638271	1.4460598362223331
PF3D7_0502300	7734.0	1180803.0	45589.0	39.351263452628785	1498.5210422981806	5.233251360392195
PF3D7_0502400	15552.0	13634.0	31000.0	38.138036573582546	17.302493210716264	-1.1179424817208534
PF3D7_0502500	32890.0	11036.0	47775.0	68.63995585889128	14.005450716844997	-2.252924558540168
PF3D7_0502600	169459.0	29347.0	337165.0	415.14411708560567	37.243381858214036	-3.4610531908943414
PF3D7_0502700	2852.0	12330.0	5560.0	6.9095315723009705	15.647626616409823	1.123867888790565
PF3D7_0502800	3906.0	42234.0	7508.0	9.390909824634354	53.59788017173175	2.4513969232189177
PF3D7_0502900	5094.0	77278.0	20359.0	19.386701236122853	98.07115082424318	2.309361484776648
PF3D7_0503000	27545.0	491051.0	58722.0	70.12666254058728	623.1778343564201	3.1425161573952316
PF3D7_0503100	11479.0	7192.0	27257.0	31.106199006012417	9.12714765816865	-1.7150272224584717
PF3D7_0503200	434946.0	1021683.0	854846.0	1058.4140986989148	1296.586707569622	0.29268936432700526
PF3D7_0503300	274124.0	167959.0	388073.0	565.2532769028192	213.15163981067133	-1.4049126457808265
PF3D7_0503400	6920.0	217439.0	24476.0	24.186997840892094	275.94519739217645	3.485170200679151
PF3D7_0503500	2857.0	65828.0	6529.0	7.56973357563384	83.54030534509536	3.3804884553417667
PF3D7_0503600	3496.0	16743.0	6347.0	8.153232099399672	21.248030205883996	1.3295737323486971
PF3D7_0503800	35417.0	50590.0	35744.0	63.30537462215325	64.20222469782425	0.02013736418119106
PF3D7_0503900	920.0	927.0	540.0	1.3819609138844995	1.1764274025475998	-0.16684665651882782
PF3D7_0504000	1777.0	10258.0	3956.0	4.637348987426423	13.018114665947442	1.3957979705105608
PF3D7_0504100	1745.0	44163.0	4154.0	4.735743080702859	56.045915187389056	3.432956598624466
PF3D7_0504200	4048.0	42327.0	13107.0	13.330688068695649	53.715903632828756	1.970843180705275
PF3D7_0504300	10295.0	26554.0	28884.0	30.89643172820373	33.6988708168813	0.12334808774171371
PF3D7_0504400	11961.0	47077.0	20053.0	26.771930842640735	59.74398363509532	1.1434003252681084
PF3D7_0504500	10309.0	1145476.0	58384.0	50.842649791468745	1453.6886249844817	4.823912850054154
PF3D7_0504600	11614.0	101471.0	19550.0	26.048461053101533	128.77374861262945	2.2837292002093967
PF3D7_0504700	875310.0	1594063.0	1245062.0	1808.9056573634957	2022.9766931901129	0.16132034448038016
PF3D7_0504800	152392.0	222475.0	240698.0	331.1004339588165	282.33623126405314	-0.22947895393244117
PF3D7_0504900	35966.0	36932.0	46284.0	71.0333510716431	46.86927381972811	-0.5946644727190178
PF3D7_0505000	97729.0	78022.0	163710.0	218.65200269738403	99.01533851301924	-1.1389410492437018
PF3D7_0505100	63504.0	144661.0	99390.0	137.358002192639	183.5848592016595	0.4171879579554014
PF3D7_0505200	644.0	28588.0	1884.0	1.9848538093856671	36.28015812732555	3.887694800500764
PF3D7_0505300	382.0	1050.0	1560.0	1.476293389555559	1.3325229478694496	-0.10896587262569973
PF3D7_0505400	39276.0	78214.0	63652.0	86.4269359761634	99.25899985205822	0.19864370828755462
PF3D7_0505500	236212.0	56205.0	345191.0	494.3669345305395	71.3280497952404	-2.7844213985043105
PF3D7_0505600	10120.0	36466.0	32926.0	33.43380567332753	46.27788744476891	0.463103471778476
PF3D7_0505700	100085.0	322630.0	179535.0	231.94839204941417	409.43988444868626	0.8185019154017872
PF3D7_0505800	57063.0	44211.0	105576.0	134.41638226568259	56.1068305221488	-1.2530174856651102
PF3D7_0505900	10485.0	9286.0	15747.0	22.230892877847772	11.78457913706258	-0.8878059222549783
PF3D7_0506000	39118.0	44387.0	71388.0	91.47883868425563	56.330186749601204	-0.6946445262722707
PF3D7_0506100	45642.0	157736.0	91356.0	112.18234234788184	200.17794257631954	0.8326205935578675
PF3D7_0506200	4844.0	31202.0	7551.0	10.456988751586946	39.5975057327834	1.8716611316600664
PF3D7_0506300	7732.0	13227.0	10581.0	15.697006631161042	16.785981934732582	0.0938753453279199
PF3D7_0506400	27555.0	235037.0	41794.0	58.70085157585294	298.2782819984684	2.3353854497696647
PF3D7_0506500	2146200.0	925432.0	3375497.0	4653.328032385333	1174.4375016121148	-1.9858338838282175
PF3D7_0506700	26487.0	93354.0	26616.0	47.265565107846996	118.47271169086153	1.3165878679633738
PF3D7_0506800	42309.0	77632.0	72128.0	95.50667921746712	98.5204014180963	0.044591019730932865
PF3D7_0506900	28157.0	1731373.0	67441.0	76.6939891438315	2197.232622687212	4.831383554011416
PF3D7_0507000	6984.0	6508.0	14843.0	17.74952335672327	8.259104137842264	-1.059003557232387
PF3D7_0507100	66950.0	223649.0	86960.0	132.76987070707676	283.82611882671864	1.0931959775769513
PF3D7_0507200	2023.0	106067.0	4226.0	5.091736852992373	134.60639191587515	4.59465565118668
PF3D7_0507300	16288.0	1472.0	29986.0	38.26666123341671	1.8680702659655524	-4.033032694061793
PF3D7_0507400	2593.0	2116.0	10913.0	10.239772997334267	2.6853510073254814	-1.7534392368925515
PF3D7_0507500	1413.0	3506.0	342.0	1.793235907638314	4.449357576409801	1.109856502269673
PF3D7_0507600	24568.0	36700.0	55986.0	64.98688045887533	46.57484970172267	-0.4762494196068569
PF3D7_0507700	24736.0	52286.0	49637.0	60.883116070539	66.35456652600195	0.1231842224467103
PF3D7_0507800	165936.0	140886.0	209786.0	325.1895996405319	178.79412193670026	-0.8611694594009804
PF3D7_0507900	92.0	4500.0	128.0	0.1881918460732589	5.710812633726213	3.1738993418142734
PF3D7_0508000	8188.0	206265.0	16652.0	20.30282659298079	261.7646150878972	3.656171697776519
PF3D7_0508100	61000.0	150593.0	79689.0	121.2792915015944	191.1129793223848	0.653926463834157
PF3D7_0508200	23812.0	128956.0	26323.0	44.11020155182368	163.654123109955	1.8796054155542843
PF3D7_0508300	27376.0	12603.0	46583.0	61.73849010454309	15.99408258285588	-1.9158585251929596
PF3D7_0508400	286473.0	13228.0	451700.0	621.8935621036103	16.787251004206745	-5.170046760620311
PF3D7_0508500	34390.0	69828.0	49577.0	71.51577933264491	88.61658324174088	0.30738087114495855
PF3D7_0508600	19497.0	154961.0	31246.0	42.66572359745915	196.6562747855217	2.1913815489942845
PF3D7_0508700	133308.0	346021.0	226310.0	300.2808853631012	439.1246885187951	0.5475595210751496
PF3D7_0508800	5393.0	88492.0	10540.0	13.083371368306624	112.30249590748889	3.053885486215237
PF3D7_0508900	556980.0	1421123.0	972354.0	1272.722132683928	1803.5038183286438	0.5027182512131605
PF3D7_0509000	32388.0	82495.0	63562.0	78.75094449025627	104.6918862709431	0.4085233959314149
PF3D7_0509100	1080305.0	161562.0	1675372.0	2326.2678786555866	205.03340238446097	-3.500882514290975
PF3D7_0509200	18796.0	8583.0	42179.0	49.27725197030048	10.89242329672713	-2.127411929149879
PF3D7_0509300	36703.0	32050.0	51276.0	75.22084485348232	40.67367664687225	-0.8789682265798636
PF3D7_0509400	12237.0	79223.0	22914.0	29.01001292618851	100.53949095148705	1.7756428179713981
PF3D7_0509500	5890.0	45377.0	11718.0	14.42871944330286	57.586565529020966	1.9601141112950542
PF3D7_0509600	25363.0	136501.0	42331.0	56.64024290414936	173.22925229250262	1.604261619186824
PF3D7_0509700	376.0	146885.0	4887.0	3.717442058310916	186.4072697121944	5.469810625157602
PF3D7_0509800	123673.0	195180.0	172097.0	253.00139563380827	247.69697996681828	-0.030508128882221968
PF3D7_0509900	3696.0	15100.0	6259.0	8.31489225980286	19.162949059836848	1.1574648726994021
PF3D7_0510000	156808.0	109798.0	262631.0	350.80098001247416	139.34129012397128	-1.3289172014206234
PF3D7_0510100	211394.0	62466.0	337985.0	462.0603218510203	79.2736937729648	-2.5356565318653495
PF3D7_0510200	46179.0	45543.0	43856.0	80.68416541084144	57.79723106173176	-0.47777100247670895
PF3D7_0510300	21139.0	85616.0	30063.0	43.68181777183625	108.65265209980076	1.3048225023450264
PF3D7_0510400	6183.0	3411.0	8852.0	12.816330223797628	4.32879597636447	-1.4634611386231013
PF3D7_0510500	158434.0	81698.0	260904.0	351.43184866237686	103.68043790003648	-1.756211672828834
PF3D7_0510700	884.0	156644.0	6920.0	5.652605086834544	198.7921187105353	5.017543453453596
PF3D7_0510800	62689.0	53886.0	97822.0	135.39759080959396	68.38507768466016	-0.9802564839700287
PF3D7_0511000	11865.0	927174.0	41262.0	40.99498451202865	1176.648220636104	4.82621520973336
PF3D7_0511100	3581.0	164534.0	12490.0	12.397529049381747	208.8050768616686	4.020440704717626
PF3D7_0511200	47883.0	169016.0	98026.0	119.1663052248899	214.4930462448599	0.8452730121088531
PF3D7_0511300	11515.0	31757.0	17727.0	24.707357167425236	40.301839290942965	0.6947893197359349
PF3D7_0511400	6766.0	2852.0	10469.0	14.553354001063237	3.6193861403082574	-1.8695836941048922
PF3D7_0511500	951991.0	928350.0	1443814.0	2027.962579267055	1178.1406463377177	-0.7832627635781675
PF3D7_0511600	278.0	184.0	828.0	0.8667612120424277	0.23350878324569405	-0.8978750641802701
PF3D7_0511700	2812.0	65037.0	10416.0	10.146111154638977	82.53647139103371	2.963418603679496
PF3D7_0511800	44162.0	701922.0	91899.0	110.91295526012937	890.7877834423047	2.9999743304280226
PF3D7_0511900	3959.0	866.0	4835.0	7.643577452637894	1.0990141646237557	-2.3484799871924427
PF3D7_0512000	21162.0	31756.0	28674.0	42.76881211974492	40.3005702214688	-0.08473819909236817
PF3D7_0512100	20387.0	73444.0	26272.0	40.289157983311874	93.20553846030845	1.199948595141228
PF3D7_0512200	9329.0	33739.0	13673.0	19.551618287485248	42.81713498873082	1.1112191500815225
PF3D7_0512300	14240.0	11090.0	42208.0	44.25985496516049	14.073980468449712	-1.618810399215549
PF3D7_0512400	5314.0	4495.0	6801.0	10.469894264415682	5.704467286355406	-0.8221703686598449
PF3D7_0512500	22040.0	50366.0	36545.0	49.05729677896852	63.917953135612095	0.3783653257936007
PF3D7_0512600	19362.0	152119.0	34831.0	44.93856289076487	193.04957933995507	2.090714060279929
PF3D7_0512700	11744.0	17454.0	19254.0	25.992202505759114	22.150338602012738	-0.2260351738974159
PF3D7_0512800	8556.0	78011.0	14813.0	19.467215338571314	99.00137874880346	2.3170833704798914
PF3D7_0512900	644.0	3680.0	2300.0	2.2659110249110794	4.670175664913881	0.9024585512619485
PF3D7_0513000	4142.0	287788.0	17112.0	16.140463234982764	365.2229658299554	4.457983723868462
PF3D7_0513100	10946.0	159856.0	23666.0	28.090783334459132	202.86836986154165	2.8304732596752973
PF3D7_0513200	141365.0	88521.0	211973.0	299.5021462101047	112.33929892223958	-1.4107032142654814
PF3D7_0513300	5255.0	91825.0	6457.0	10.172252768404958	116.53230446486877	3.4549701655021687
PF3D7_0513400	5934.0	8375.0	8999.0	12.640358473492945	10.628456846101562	-0.23975108159847638
PF3D7_0513500	12417.0	21025.0	13364.0	22.75686121286369	26.682185694243028	0.22500506526062566
PF3D7_0513600	112883.0	504762.0	180215.0	246.55693392045734	640.5780459166468	1.3756564564975766
PF3D7_0513700	63945.0	414040.0	95703.0	135.354555126276	525.445525081778	1.95285044069533
PF3D7_0513800	10494.0	128975.0	17469.0	23.404257757441492	163.67823542996408	2.779923371557164
PF3D7_0513900	9389.0	22087.0	19428.0	23.506136013102886	28.029937475802413	0.2490733767042664
PF3D7_0514000	27300.0	30594.0	56345.0	68.24985247597427	38.825911492493276	-0.8058764130941752
PF3D7_0514100	26966.0	88146.0	49720.0	63.40461986086663	111.86339786942906	0.8141800204361189
PF3D7_0514200	24013.0	47665.0	47383.0	58.5609432320343	60.49019648590221	0.046372966496467376
PF3D7_0514300	29903.0	82746.0	52983.0	68.85622987585525	105.0104227089576	0.6052881381364987
PF3D7_0514500	29173.0	332922.0	53079.0	68.11402104774822	422.5011474767552	2.6240862553689577
PF3D7_0514600	17549.0	54611.0	18759.0	32.07562187831246	69.30515305342716	1.0995408203454786
PF3D7_0514700	245264.0	17507.0	329171.0	493.55117476023094	22.21759928414329	-4.442778197564803
PF3D7_0514800	6535.0	15358.0	13446.0	16.309282369723398	19.490368984170484	0.25004696810165006
PF3D7_0514900	11574.0	23738.0	20372.0	26.5595963868109	30.125171177642855	0.17857758735023843
PF3D7_0515000	129842.0	123848.0	177589.0	263.5321703275964	157.17171623593867	-0.7437898346927494
PF3D7_0515100	10460.0	25571.0	23860.0	27.6845448774774	32.45137552378066	0.22543441931558678
PF3D7_0515200	2208.0	7968.0	9536.0	8.883801039306931	10.11194557011788	0.17744485098884946
PF3D7_0515300	33256.0	170367.0	74093.0	86.82551811633782	216.20755910445195	1.3112742753079178
PF3D7_0515400	12144.0	483055.0	34720.0	36.883544377643624	613.0303548410258	4.036659459706935
PF3D7_0515500	91056.0	113993.0	129934.0	188.4548311012172	144.66503656807825	-0.38034738739409535
PF3D7_0515600	353806.0	612211.0	512656.0	737.5180887713148	776.938291845813	0.0750719906706962
PF3D7_0515700	70484.0	287803.0	115233.0	155.77872156448615	365.2420018720678	1.2267049567913404
PF3D7_0515800	1604.0	30008.0	4831.0	5.037250901415504	38.08223678063471	2.8006949859298147
PF3D7_0515900	9945.0	13504.0	13422.0	20.063070972390356	17.137514179075286	-0.22140849592051326
PF3D7_0516000	16094.0	58986.0	35769.0	41.95928076596556	74.8573320028832	0.8276679547105208
PF3D7_0516100	17389.0	78683.0	26622.0	37.21111696562291	99.85419343543991	1.4120391155085095
PF3D7_0516200	34233.0	163305.0	68852.0	84.36474725289148	207.24539047792427	1.2915791773844552
PF3D7_0516300	13133.0	120238.0	21986.0	29.37363241748988	152.5903754342161	2.3574390108797902
PF3D7_0516400	28189.0	331823.0	60450.0	72.00611989415091	421.1064401246518	2.5397222282504743
PF3D7_0516500	85292.0	1729946.0	195105.0	226.11302981031974	2195.421660547584	3.2765238663236187
PF3D7_0516600	56238.0	83737.0	93805.0	125.55158157232387	106.26807055785153	-0.23953395235665045
PF3D7_0516700	77108.0	33763.0	94315.0	148.96945243213872	42.84759265611069	-1.7858268866376938
PF3D7_0516800	259035.0	993917.0	364199.0	532.4415766144664	1261.3497245500569	1.2434908157508306
PF3D7_0516900	80362.0	175374.0	97812.0	154.92962372649725	222.56178996157797	0.5211819071095471
PF3D7_0517000	38644.0	134815.0	44231.0	72.60703079906736	171.08960115906652	1.2308800600325736
PF3D7_0517100	4609.0	15202.0	5895.0	9.078355214566539	19.292394146201307	1.0470962913613375
PF3D7_0517200	11043.0	121222.0	19083.0	25.101665202652896	153.83913979679087	2.5917944148367322
PF3D7_0517300	92420.0	172916.0	122260.0	184.77813759355087	219.4424171940893	0.2474332066693473
PF3D7_0517400	376177.0	151008.0	616071.0	832.1199263250137	191.63964315416177	-2.1155028722452016
PF3D7_0517500	7360.0	236497.0	25294.0	25.22610567268658	300.131123430744	3.546689386223601
PF3D7_0517600	1012.0	46016.0	4415.0	4.101694554606126	58.39750092301009	3.6779692899444876
PF3D7_0517700	44625.0	106256.0	57963.0	88.49705264174266	134.84624604649167	0.6048254100681565
PF3D7_0517800	6857.0	452405.0	27999.0	26.49755004488832	574.1333754579794	4.411741391287789
PF3D7_0517900	33962.0	45749.0	77628.0	89.99436326696767	58.058659373409	-0.6279454067666523
PF3D7_0518000	18695.0	51073.0	29524.0	40.61563944234484	64.81518525384419	0.6677311794600713
PF3D7_0518100	20977.0	89346.0	37916.0	48.80834553036739	113.38628123842271	1.20769021897724
PF3D7_0518200	6633.0	61612.0	14010.0	16.798677234594486	78.18990844203098	2.1855169051436527
PF3D7_0518300	16100.0	53457.0	20431.0	31.60328061722046	67.84064688024492	1.0900231705788135
PF3D7_0518400	43857.0	13455.0	92210.0	110.78587283211282	17.075329774841375	-2.662646796920523
PF3D7_0518500	212805.0	143687.0	277951.0	423.06021573659314	182.3487855338263	-1.2119160414427443
PF3D7_0518600	476045.0	344194.0	684597.0	988.8286964725085	436.80609858950226	-1.177806456292069
PF3D7_0518700	483549.0	295079.0	706025.0	1011.6020642634605	374.47575136606605	-1.4324855756021495
PF3D7_0518800	7387.0	749038.0	34403.0	31.410163294200203	950.5812607868922	4.897480714362476
PF3D7_0518900	92.0	7971.0	1924.0	1.4016023246397034	10.115752778540365	2.48091920133507
PF3D7_0519000	12880.0	14495.0	17943.0	26.36239767130693	18.395162027969214	-0.5075711920005472
PF3D7_0519100	8767.0	36374.0	21211.0	24.023097136693238	46.16113305314606	0.9280801448758988
PF3D7_0519200	21113.0	79111.0	32619.0	45.379953269102444	100.39735517038099	1.1369525304570334
PF3D7_0519300	2930.0	47707.0	7073.0	8.017976752951439	60.543497403816986	2.8412549241433562
PF3D7_0519400	27188.0	35686.0	46396.0	61.40430178412103	45.28801325492303	-0.43506969933295697
PF3D7_0519500	264838.0	253174.0	430912.0	583.9297399880173	321.2953950513334	-0.8608859137185814
PF3D7_0519600	17298.0	34131.0	26220.0	36.83891127641145	43.314610222602084	0.23073216239894434
PF3D7_0519700	55108.0	19399.0	87308.0	119.91279210636355	24.618678729256622	-2.261156181629953
PF3D7_0519800	119896.0	148782.0	194110.0	263.6980327354199	188.81469450467853	-0.48083332746584767
PF3D7_0519900	10902.0	48727.0	23527.0	27.94822718414494	61.83794826746159	1.131771921721761
PF3D7_0520000	42231.0	106671.0	51251.0	81.31556114875394	135.37290987826864	0.7318106706050682
PF3D7_0520100	66759.0	21218.0	96354.0	138.90546466315368	26.927116102756173	-2.3456122763817744
PF3D7_0520200	27465.0	22453.0	41466.0	58.37974721418318	28.49441690334548	-1.0219963525265285
PF3D7_0520300	15364.0	11866.0	14891.0	27.04665357624794	15.058778380398943	-0.8241482783813021
PF3D7_0520400	3161.0	17336.0	6620.0	7.967308990027196	22.000588404061695	1.4099872871558508
PF3D7_0520500	23.0	6461.0	2852.0	1.9522915859934669	8.19945787255668	1.826794968101005
PF3D7_0520600	5428.0	3214.0	17531.0	17.84531399939942	4.078789289954678	-2.0023735173798674
PF3D7_0520700	1932.0	14776.0	12421.0	10.527821745203918	18.751770550208562	0.8038432811550065
PF3D7_0520800	24564.0	7176.0	48016.0	59.59778026423251	9.106842546582067	-2.645177457826931
PF3D7_0520900	62385.0	47423.0	85645.0	126.8344925422195	60.18308167315515	-1.0692570143525022
PF3D7_0521000	299920.0	165786.0	517710.0	681.3577647257885	210.39395184331866	-1.692953103829494
PF3D7_0521100	41239.0	3542.0	71861.0	94.14332617273638	4.49504407747961	-4.243931463187938
PF3D7_0521200	14645.0	18316.0	30922.0	37.0825837644645	23.244276488739846	-0.6624844574451874
PF3D7_0521300	110614.0	115708.0	215055.0	267.58693090840774	146.84149071626504	-0.8635371462708642
PF3D7_0521400	5094.0	9690.0	11960.0	13.712183079397036	12.297283204623778	-0.15129061227875765
PF3D7_0521500	10586.0	41671.0	15645.0	22.273642669126282	52.883394057778894	1.2290259627818503
PF3D7_0521600	644.0	8827.0	4466.0	3.7293002769015686	11.202076248422507	1.4682736243193142
PF3D7_0521700	7734.0	10501.0	13934.0	17.964565958741925	13.326498548168658	-0.41732349833513466
PF3D7_0521800	3608.0	6408.0	6786.0	8.573652695948411	8.132197190426128	-0.07195561845845048
PF3D7_0521900	1083740.0	371508.0	1882116.0	2469.745552588711	471.4694622067462	-2.3878890376055995
PF3D7_0522000	42642.0	157695.0	81035.0	101.89256723526832	200.12591072787893	0.9703969486052689
PF3D7_0522100	12597.0	51942.0	21003.0	28.116912570852136	65.91800662689043	1.2147063939567126
PF3D7_0522200	2448.0	8671.0	14927.0	12.791396815581582	11.004101410453332	-0.20834442933777977
PF3D7_0522300	6616.0	14260.0	11726.0	15.236770283863649	18.09693070154129	0.24092505232329942
PF3D7_0522400	327916.0	580502.0	472769.0	681.9464201127917	736.6973678896297	0.11133513760122209
PF3D7_0522500	14338.0	14717.0	22954.0	31.35984623079451	18.67689545123304	-0.7323701225467314
PF3D7_0522600	28555.0	17745.0	61760.0	73.29581954135823	22.5196378189937	-1.6806739564734503
PF3D7_0522700	3403.0	18430.0	11188.0	11.32108204572378	23.388950408794244	1.0149813695442031
PF3D7_0522800	16086.0	7084.0	13249.0	26.735511919571206	8.99008815495922	-1.520995590528147
PF3D7_0522900	100254.0	281458.0	141702.0	206.57456647046817	357.18975605851386	0.7885584330847307
PF3D7_0523000	48793.0	801640.0	78217.0	106.7890534901895	1017.3368532667291	3.24593154054084
PF3D7_0523100	17052.0	48495.0	32111.0	40.547007797509124	61.543524149456154	0.5960035778376714
PF3D7_0523200	19982.0	21873.0	26328.0	39.87923560143483	27.75835660833188	-0.5149360332032537
PF3D7_0523300	15140.0	52630.0	24283.0	33.14441239143409	66.79112642511346	1.0000493471401006
PF3D7_0523400	55117.0	78065.0	85149.0	118.46408233823101	99.06990850040818	-0.25674435098405013
PF3D7_0523500	18095.0	10585.0	34632.0	43.40335403807061	13.433100383998214	-1.655814838838167
PF3D7_0523600	42494.0	14804.0	52983.0	82.77649771706542	18.787304495485078	-2.1102578627319706
PF3D7_0523700	10586.0	26464.0	12461.0	20.122473981066392	33.58465456420678	0.7249049455017559
PF3D7_0523800	82158.0	61824.0	118124.0	170.63839162016063	78.45895117055319	-1.1159887057403846
PF3D7_0523900	14820.0	33712.0	30873.0	37.24295371740074	42.782870112928464	0.19758883739918606
PF3D7_0524000	114701.0	65520.0	183923.0	251.07205805499183	83.14943194705366	-1.5885440436687503
PF3D7_0524100	49790.0	190270.0	81424.0	110.05801753762798	241.4658488486859	1.1299997878467172
PF3D7_0524200	1288.0	7008.0	4608.0	4.537226996274571	8.893638874922955	0.8990543866127486
PF3D7_0524300	38916.0	31671.0	70814.0	90.86770805920156	40.19269931616509	-1.166914382445131
PF3D7_0524400	12868.0	51244.0	37905.0	39.83582343240464	65.0321961339258	0.7001421725382337
PF3D7_0524500	3035.0	7001.0	6642.0	7.842870412802106	8.884755388603827	0.16977530539756733
PF3D7_0524600	25941.0	44134.0	55867.0	66.42443341291748	56.009112172638375	-0.24404949709672724
PF3D7_0524700	4873.0	9753.0	10130.0	12.231469977033253	12.377234581495946	0.016423801731067434
PF3D7_0524800	20347.0	50642.0	54079.0	59.03185331931272	64.26821631048064	0.12162420500343886
PF3D7_0524900	12545.0	110123.0	19602.0	27.112881534814797	139.7537377030737	2.3446258656149883
PF3D7_0525000	29931.0	105286.0	41114.0	60.868272235388986	133.6152486565551	1.1279084068647767
PF3D7_0525100	25953.0	280321.0	41860.0	56.974314667333786	355.7468240663924	2.6318878893848083
PF3D7_0525200	46627.0	119732.0	83626.0	108.04880210228407	151.9482262802904	0.4899755597529848
PF3D7_0525300	2668.0	74950.0	6932.0	7.63305448322025	95.11675708839547	3.55539429283154
PF3D7_0525400	8191.0	47884.0	15733.0	19.68525008783068	60.768122700743554	1.6018351853903492
PF3D7_0525500	28701.0	18493.0	43269.0	60.96437507202214	23.46890178566641	-1.3585866538391556
PF3D7_0525600	13825.0	23386.0	35799.0	39.471004502859195	29.678458722738046	-0.40543470299718465
PF3D7_0525700	2559.0	10886.0	12184.0	11.060894387826636	13.81509029572079	0.30828375683003545
PF3D7_0525800	1656.0	47395.0	5250.0	5.377824760419299	60.14754772787864	3.367095058727853
PF3D7_0525900	828.0	79517.0	7177.0	5.764326911631952	100.9125973768905	4.016933560045505
PF3D7_0526000	75276.0	26675.0	117416.0	162.55150145794607	33.852428223254826	-2.246843740611229
PF3D7_0526100	15741.0	134070.0	35010.0	41.05621925280778	170.14414440081632	2.0378545994308
PF3D7_0526200	15369.0	63081.0	25462.0	34.19414255908805	80.05417149957405	1.2152671889012558
PF3D7_0526300	5242.0	25763.0	16651.0	17.045133338250984	32.69503686281965	0.9198966420896786
PF3D7_0526400	6869.0	26421.0	12713.0	16.183315485225293	33.530084576817835	1.0284047119956459
PF3D7_0526500	82056.0	118413.0	144682.0	188.46869417415098	150.27432364387155	-0.32575648422061204
PF3D7_0526600	116301.0	367073.0	162726.0	238.519893382058	465.84113908884046	0.9642550078853885
PF3D7_0526700	9848.0	88427.0	13918.0	20.290937085320728	112.2200063916684	2.4387169089048166
PF3D7_0526800	79839.0	90885.0	162456.0	198.02607893105267	115.33937915915708	-0.7772027607662176
PF3D7_0526900	39772.0	130439.0	82213.0	99.515451501087	165.53615314013632	0.7312745110963947
PF3D7_0527000	2584246.0	809094.0	3380878.0	5141.255302165887	1026.796497127128	-2.323408322740442
PF3D7_0527100	28901.0	66354.0	42811.0	60.87605645900129	84.20783588850425	0.46481947948257685
PF3D7_0527200	27883.0	44415.0	59613.0	71.10232207735636	56.36572069487772	-0.3324471336085017
PF3D7_0527300	24580.0	92275.0	41971.0	55.53135676683924	117.10338572824139	1.0696232629357862
PF3D7_0527400	12243.0	26524.0	24840.0	30.31788722174803	33.66079873265646	0.14857374923933508
PF3D7_0527500	183646.0	461820.0	241771.0	366.37894647125484	586.0816645572088	0.6770278586607273
PF3D7_0527600	15335.0	99368.0	16946.0	28.402987583361156	126.10489550846808	2.13104266039157
PF3D7_0527900	15868.0	47830.0	28329.0	36.68282109956352	60.69959294913884	0.7188858241004619
PF3D7_0528000	6475.0	74166.0	12914.0	15.883519059224097	94.12180662065296	2.5299274360554915
PF3D7_0528100	47113.0	69100.0	88263.0	111.71895259821596	87.6927006645514	-0.34758519241738733
PF3D7_0528200	19684.0	26773.0	29808.0	41.900926596878165	33.97679703172265	-0.29847004147496436
PF3D7_0528300	5490.0	5704.0	4600.0	9.177439194510043	7.238772280616515	-0.32252062995188857
PF3D7_0528400	54104.0	259257.0	95802.0	124.54149885388557	329.01514466265706	1.397937796737923
PF3D7_0528500	10212.0	151466.0	27404.0	29.804754087384968	192.22087697332768	2.6688968229306944
PF3D7_0528600	8096.0	132576.0	19259.0	21.962450815325806	168.2481546064192	2.909284475377612
PF3D7_0528700	36628.0	98692.0	58649.0	80.11926066341893	125.24700454393498	0.6413275757692922
PF3D7_0528800	6319.0	13797.0	8658.0	12.835618180864849	17.50935153500457	0.4334615314130717
PF3D7_0528900	24698.0	263389.0	51627.0	62.185584732014284	334.2589397298919	2.416916961165895
PF3D7_0529000	16948.0	22673.0	38865.0	44.99515426284031	28.773612187660984	-0.6361121138933873
PF3D7_0529100	184.0	11235.0	3220.0	2.378916352765082	14.257995542203112	2.357899008281717
PF3D7_0529200	2301.0	22985.0	3093.0	4.6336105658873645	29.169561863599334	2.5309378596305114
PF3D7_0529300	5701.0	39985.0	4264.0	9.18370731631435	50.743742924342804	2.4037444756650053
PF3D7_0529400	310848.0	247067.0	474400.0	664.178436049232	313.54518777262984	-1.0816843871867865
PF3D7_0529500	3772.0	8649.0	8350.0	9.811633675926283	10.97618188202178	0.15436982065186958
PF3D7_0529700	6900.0	13273.0	18957.0	20.43614894989655	16.844359130544007	-0.2715295591547364
PF3D7_0529800	401060.0	173516.0	659311.0	888.843631298507	220.20385887858612	-2.0106291116437918
PF3D7_0529900	68104.0	67204.0	115102.0	153.05895216690928	85.28654494154142	-0.8399693275800113
PF3D7_0530000	3864.0	55136.0	17572.0	16.143898401778632	69.97141452736189	2.0820447856746194
PF3D7_0530100	12345.0	47299.0	10971.0	21.06050535958932	60.02571705835914	1.4891572721663542
PF3D7_0530200	9574.0	21258.0	16706.0	21.871633961196018	26.97787888172263	0.2966000108996854
PF3D7_0530300	77850.0	224026.0	106136.0	157.77627149370244	284.30455801847745	0.8475272500847393
PF3D7_0530400	20579.0	23648.0	33837.0	45.6124804608983	30.01095492496833	-0.5958299388450642
PF3D7_0530500	7879.0	6024.0	10341.0	15.697377447552782	7.644874512348157	-0.9917958656328226
PF3D7_0530600	35139.0	74968.0	50544.0	72.99717630489724	95.13960033893038	0.3799192773194608
PF3D7_0530700	41299.0	73698.0	59407.0	85.79551015435825	93.52788210674544	0.1238031231122346
PF3D7_0530750	3964.0	12013.0	4244.0	7.249814897750467	15.245331593100666	1.0226903830954972
PF3D7_0530800	8689.0	427316.0	19963.0	23.093690807278907	542.2936914207445	4.52393092828277
PF3D7_0530900	16198.0	242877.0	45128.0	48.397372074098236	308.22778667589364	2.6585065002436763
PF3D7_0531000	35437.0	24378.0	48821.0	72.16254667406483	30.937375641106136	-1.2087311421924622
PF3D7_0531100	93222.0	263061.0	208387.0	243.8537849131422	333.84268494236693	0.45235610169728224
PF3D7_0531200	2452.0	13952.0	4994.0	6.0849024680334	17.706057303499584	1.4671845493332696
PF3D7_0531300	7357.0	31006.0	19031.0	20.99139150018401	39.34876811584777	0.8907762296865146
PF3D7_0531400	19267.0	14692.0	31501.0	42.5837245085431	18.645168714379004	-1.170162599787655
PF3D7_0532100	12698.0	7541.0	18396.0	26.467238504219203	9.570052904650971	-1.4211365316639668
PF3D7_0532200	14051.0	18906.0	11829.0	23.526293160479483	23.993027478495062	0.027757027432987216
PF3D7_0532300	8550.0	368.0	18264.0	21.792140677339052	0.4670175664913881	-4.526849255222907
PF3D7_0532400	17390.0	2210.0	21328.0	33.63549922359631	2.804643537896651	-3.3687062851056826
PF3D7_0532500	346.0	0.0	0.0	0.38252820848691277	0.0	-0.8197142974837425
PF3D7_0532600	184.0	192.0	914.0	0.8209405378573866	0.24366133903898507	-0.8288478477672158
PF3D7_0532900	184.0	92.0	92.0	0.2655822898720763	0.11675439162284702	-0.3118613731835839
PF3D7_0600200	1380.0	1533.0	3315.0	3.7653652287381876	1.9454835038893965	-0.8025495469601177
PF3D7_0600300	184.0	184.0	45.0	0.23382822946415716	0.23350878324569405	-0.0006281630988607546
PF3D7_0600400	92.0	92.0	92.0	0.1638695870374059	0.11675439162284702	-0.10620377780427723
PF3D7_0600500	272.0	0.0	92.0	0.36287270127915244	0.0	-0.7872196409019221
PF3D7_0600600	460.0	1380.0	88.0	0.5680179251498818	1.7513158743427053	1.075832629747651
PF3D7_0600700	368.0	0.0	0.0	0.4068508113386818	0.0	-0.8589371334350859
PF3D7_0601000	0.0	0.0	0.0	0.0	0.0	0.0
PF3D7_0601100	0.0	92.0	0.0	0.0	0.11675439162284702	0.302767988438921
PF3D7_0601200	92.0	0.0	185.0	0.22670208954669285	0.0	-0.5394359597413109
PF3D7_0601300	1.0	1.0	0.0	0.0011055728568985918	0.0012690694741613806	0.0004706339347739623
PF3D7_0601500	1474.0	1196.0	1015.0	2.3153669722182686	1.5178070910970112	-0.48053472958108195
PF3D7_0601600	7440.0	28474.0	8211.0	13.772963970419664	36.135484207271155	1.3599567230490521
PF3D7_0601900	14730.0	13617.0	25963.0	33.826166275112136	17.28091902965552	-0.9489788449597043
PF3D7_0602000	653095.0	437663.0	1055951.0	1435.4639313975197	555.4247532698923	-1.3690579854462992
PF3D7_0602100	42960.0	96390.0	85657.0	105.36684721664298	122.32560661441548	0.2143604921302956
PF3D7_0602200	13263.0	26381.0	20881.0	28.77079866014732	33.479321797851384	0.21519494714916204
PF3D7_0602300	3904.0	5922.0	2082.0	5.722793747572268	7.5154294259836965	0.3652173853498412
PF3D7_0602400	7141.0	12157.0	11201.0	15.462496422795887	15.428077597379904	-0.003114142002579958
PF3D7_0602500	3876.0	5524.0	10452.0	11.346762933414933	7.010339775267466	-0.657542820734963
PF3D7_0602600	38374.0	33970.0	61119.0	83.71836808874602	43.110290037262104	-0.9494663351442842
PF3D7_0602700	1339.0	121805.0	6780.0	6.061054173806197	154.57900730022698	4.562931961642401
PF3D7_0602800	4902.0	11380.0	14584.0	15.27273552726357	14.442010615956512	-0.07805860200727559
PF3D7_0602900	24676.0	107633.0	52361.0	62.65716596617129	136.59375471241188	1.1181445107226844
PF3D7_0603000	35525.0	40181.0	74134.0	89.36176327920933	50.99248054127843	-0.8033456002989942
PF3D7_0603100	24096.0	61608.0	47464.0	58.707430861987554	78.18483216413433	0.4103073051252406
PF3D7_0603200	3158.0	9097.0	5668.0	7.320803643619499	11.544725006446079	0.6230126882129742
PF3D7_0603300	16191.0	12770.0	22660.0	33.209840952501466	16.20601718504083	-1.0128019932930448
PF3D7_0603400	137330.0	101289.0	281620.0	342.09594792890925	128.54277796833208	-1.4086586864162638
PF3D7_0603500	38075.0	11789.0	51409.0	76.82754804791853	14.961060030888516	-2.322343232113153
PF3D7_0603600	185300.0	98631.0	264885.0	383.82380551419584	125.16959130601113	-1.6126867433550816
PF3D7_0603700	23731.0	3582.0	29455.0	46.136686686534105	4.545806856446066	-3.2083084066413035
PF3D7_0603800	80926.0	78332.0	158388.0	196.47942135545003	99.40875005000927	-0.9793619772088884
PF3D7_0603900	265987.0	39933.0	446314.0	595.6059163580996	50.677751311686414	-3.541980028532221
PF3D7_0604000	40472.0	37633.0	57420.0	83.53874782658536	47.75889152111524	-0.8002598880205998
PF3D7_0604100	91232.0	9295.0	124771.0	185.1611946073061	11.796000762330033	-3.9164112417009354
PF3D7_0604200	1485.0	0.0	1549.0	2.6883084493426397	0.0	-2.672791208001805
PF3D7_0604300	13617.0	121574.0	38605.0	41.13683031680772	154.2858522516957	1.894341462169782
PF3D7_0604400	6566.0	625396.0	45282.0	37.85253953565993	793.6709728626308	4.372055616087176
PF3D7_0604500	740831.0	961600.0	1349283.0	1730.6429406677312	1220.3372063535837	-0.5038540174453474
PF3D7_0604600	14524.0	13146.0	18393.0	28.48398768599638	16.68318730732551	-0.7542584313408905
PF3D7_0604700	8831.0	23914.0	18403.0	22.19671759473821	30.348527405095258	0.4427179524130817
PF3D7_0604800	49562.0	40122.0	68242.0	100.89994640929359	50.917605442302914	-0.9797225604417108
PF3D7_0604900	5246.0	20488.0	13452.0	14.888252667020419	26.000695386618368	0.7842007937102403
PF3D7_0605000	6587.0	24082.0	11299.0	14.91621965411611	30.56173107675437	1.0106892008923636
PF3D7_0605100	143205.0	67109.0	221653.0	308.07638547421635	85.16598334149609	-1.8488333096277665
PF3D7_0605200	34142.0	22817.0	54920.0	74.85142587603859	28.95635819194022	-1.3550557370115714
PF3D7_0605300	143813.0	239225.0	223853.0	310.23493404562396	303.5931449562563	-0.03117114937022754
PF3D7_0605400	97486.0	18344.0	164836.0	219.14409470633464	23.279810434016365	-3.2073585925491175
PF3D7_0605500	16035.0	38744.0	18622.0	30.30922486497044	49.16882770690853	0.6889783106145281
PF3D7_0605600	899530.0	391793.0	1390489.0	1933.9357754244406	497.2125364901098	-1.9585281996281934
PF3D7_0605700	1840.0	25080.0	1432.0	3.0017394716751173	31.828262411967426	3.206652310376084
PF3D7_0605800	34697.0	73131.0	69631.0	85.40403971929601	92.80831971489593	0.11927974577045627
PF3D7_0605900	16348.0	123013.0	33136.0	40.461193270467774	156.1120432250139	1.9348655086556048
PF3D7_0606000	74251.0	79526.0	118439.0	162.1094468072272	100.92401900215796	-0.6810117248038243
PF3D7_0606100	162178.0	112261.0	274954.0	365.0635506456533	142.46700823883074	-1.354439968243735
PF3D7_0606200	24667.0	121851.0	66080.0	71.91602335803886	154.63738449603838	1.0991655239928542
PF3D7_0606300	9929.0	31623.0	10644.0	18.16851415107999	40.13178398140534	1.1220016026653188
PF3D7_0606400	7211.0	454483.0	28351.0	27.12674048013654	576.7705018252867	4.385110244350418
PF3D7_0606500	37733.0	38174.0	50770.0	76.01772203297281	48.44545810663654	-0.644618933476422
PF3D7_0606600	226307.0	184294.0	285665.0	443.199380067176	233.8818896710975	-0.9207214382038585
PF3D7_0606700	80066.0	112453.0	148024.0	188.5265205694178	142.71066957786974	-0.4004496786501147
PF3D7_0606800	19257.0	44067.0	27069.0	39.57832844533799	55.92408451786956	0.4934887668208293
PF3D7_0606900	2944.0	56389.0	4920.0	6.578848558942699	71.5615585784861	3.347643238697329
PF3D7_0607000	253832.0	329367.0	341761.0	511.52975747762116	417.98960549611144	-0.2910358679729012
PF3D7_0607100	26625.0	11571.0	46329.0	60.736597839148175	14.684402885521335	-2.0118039555384453
PF3D7_0607200	72021.0	104503.0	114087.0	156.70372846623133	132.62156725828677	-0.23989111126456641
PF3D7_0607300	49753.0	39989.0	90800.0	116.35170858414934	50.74881920223945	-1.1890881593788938
PF3D7_0607400	63480.0	33195.0	98350.0	136.62882540525993	42.12676119478703	-1.685700519436533
PF3D7_0607500	65287.0	28064.0	97024.0	137.73072568318844	35.61516572286499	-1.936401635444368
PF3D7_0607600	224215.0	54789.0	357069.0	489.12837121154547	69.53104741982789	-2.805620586090057
PF3D7_0607700	256772.0	3738016.0	448697.0	587.0280609062912	4743.801999526828	3.013466184917657
PF3D7_0607800	18567.0	44179.0	32396.0	42.414501893077656	56.06622029897564	0.39847552151684484
PF3D7_0607900	48012.0	72892.0	84885.0	110.43062395703691	92.50501211057136	-0.2542773253596616
PF3D7_0608000	6544.0	37969.0	11713.0	15.14838600018178	48.18529886443346	1.6374723353032326
PF3D7_0608100	35599.0	123399.0	44108.0	69.15746039810531	156.60190404204022	1.1733508853038572
PF3D7_0608200	276.0	15032.0	3877.0	2.92451028300407	19.076652335593874	2.51516448351185
PF3D7_0608300	10401.0	146480.0	21260.0	25.862708481886557	185.89329657515904	2.8217794717090765
PF3D7_0608310	12788.0	25918.0	20883.0	28.247002789733592	32.89174263131466	0.21607983988593596
PF3D7_0608400	4876.0	94314.0	11040.0	12.84959935456579	119.69101838605646	3.170460740799978
PF3D7_0608500	31854.0	75030.0	50156.0	69.1032295670434	95.21828264632839	0.4596402644280463
PF3D7_0608600	348501.0	398970.0	603180.0	792.8126963477332	506.32064810616606	-0.6464143366398716
PF3D7_0608700	48008.0	72960.0	76752.0	104.9313979784262	92.59130883481433	-0.17958618581243493
PF3D7_0608800	48576.0	811010.0	70308.0	101.20567899372692	1029.2280342396214	3.3397912084391597
PF3D7_0608900	13515.0	108544.0	48759.0	47.88429017012771	137.7498770033729	1.5146675950027166
PF3D7_0609000	372037.0	368682.0	520226.0	762.7882181060277	467.88307187276615	-0.7045389870496865
PF3D7_0609100	4648.0	176696.0	6997.0	9.866003929805307	224.2394998064193	4.438321961383285
PF3D7_0609200	5244.0	9289.0	9202.0	12.014663718462865	11.788386345485065	-0.02632404483305123
PF3D7_0609300	25030.0	145891.0	54446.0	64.45720292667322	185.145814654878	1.5149913741430125
PF3D7_0609400	134056.0	152674.0	269804.0	330.4931964852111	193.75391289811463	-0.7688579035197702
PF3D7_0609500	54651.0	7627.0	83205.0	116.6354833989802	9.67919287942885	-3.524483094057195
PF3D7_0609600	11409.0	59979.0	12179.0	20.841836079846416	76.11751799072545	1.843989991325352
PF3D7_0609700	199559.0	474942.0	268287.0	401.886622359601	602.7343941971544	0.5841363456156734
PF3D7_0609800	32348.0	82819.0	67770.0	81.54972340994894	105.10306478057139	0.36408132924084075
PF3D7_0609900	60352.0	51596.0	95747.0	131.41195905692763	65.47890858883059	-0.9994985459496201
PF3D7_0610000	1932.0	35606.0	1358.0	3.053456419824979	45.18648769699012	3.684472623685993
PF3D7_0610100	42138.0	124796.0	85998.0	104.68845217080639	158.37479409744367	0.5949139245336388
PF3D7_0610200	311313.0	260660.0	550211.0	715.9118268656634	330.7956491349055	-1.1126698974068716
PF3D7_0610400	675324.0	1682366.0	1111948.0	1497.8723087454814	2135.0393349669853	0.5112043288899581
PF3D7_0610500	669617.0	1688765.0	1105864.0	1487.4523426741018	2143.160110532144	0.5267478570506661
PF3D7_0610600	35058.0	25674.0	56843.0	77.16334461645619	32.58208967961929	-1.2311834716980925
PF3D7_0610700	4507.0	4870.0	7143.0	9.808758429739122	6.180368339165923	-0.6258710306217716
PF3D7_0610800	66083.0	60597.0	96232.0	138.07567197849093	76.90180292575718	-0.840234926858014
PF3D7_0610900	245561.0	195355.0	350704.0	508.42761889370274	247.91906712479653	-1.0346845765395865
PF3D7_0611000	1196.0	103711.0	15911.0	12.072028012391193	131.61646423475094	3.393520968234859
PF3D7_0611100	722.0	6317.0	1984.0	2.1386503228789047	8.016711868277442	1.6904963666658823
PF3D7_0611200	7228.0	13352.0	6598.0	12.448810196289635	16.944615619002754	0.42996226730267967
PF3D7_0611300	8288.0	38791.0	20422.0	22.9604648943697	49.22847397219412	1.0838405573383538
PF3D7_0611400	19830.0	35462.0	43835.0	51.53923821998286	45.00374169271088	-0.1936146627515408
PF3D7_0611500	920.0	75898.0	2705.0	2.844674547568437	96.31983494990047	4.855364892965636
PF3D7_0611600	5220.0	1027445.0	38681.0	31.904682028728153	1303.8990858797397	5.331039247270215
PF3D7_0611700	7650.0	16305.0	13921.0	17.862914800777276	20.692177776201312	0.20673677104252186
PF3D7_0611800	54747.0	491337.0	95201.0	124.84633559863394	623.5407882260303	2.315720508108934
PF3D7_0611900	18586.0	127766.0	31949.0	42.13350639433022	162.14393043570297	1.9316573649277011
PF3D7_0612000	18524.0	120511.0	27948.0	39.36181203269007	152.93683140066213	1.9445656343027975
PF3D7_0612100	25764.0	38000.0	36633.0	53.23390450903541	48.22464001813246	-0.1411811467738568
PF3D7_0612200	84088.0	1733516.0	167765.0	206.31051558949656	2199.95223857034	3.4114186093597536
PF3D7_0612300	1932.0	4326.0	5645.0	5.949832100011141	5.489994545222133	-0.10670691601679862
PF3D7_0612400	3463.0	15871.0	9042.0	9.937539531278237	20.141401624415273	0.9837592765202536
PF3D7_0612500	82137.0	1205437.0	204404.0	228.9075220794268	1529.7832997246721	2.737814160249518
PF3D7_0612600	12240.0	57349.0	14917.0	23.610410047267077	72.77986527368103	1.6037606638623307
PF3D7_0612700	1557.0	38363.0	4142.0	4.519787963927306	48.685312237253044	3.2925292298987854
PF3D7_0612800	5562.0	18815.0	8853.0	12.130445097970153	23.877542156346376	0.9486471941485461
PF3D7_0612900	40194.0	629977.0	68643.0	90.81386282679472	799.4845801237641	3.131066387110527
PF3D7_0613000	5093.0	5351.0	5800.0	9.549268738183068	6.790790756237548	-0.46294332139901234
PF3D7_0613100	14205.0	6680.0	24519.0	32.270147690580046	8.477384087398022	-1.868015149336984
PF3D7_0613200	92.0	20696.0	290.0	0.2976420117345974	26.264661837243935	5.0684442162042025
PF3D7_0613300	3958.0	11685.0	3399.0	6.672283991573082	14.829076805575733	1.0957662942678454
PF3D7_0613400	8369.0	376757.0	27809.0	28.04080872627421	478.1308078766193	4.06781514095213
PF3D7_0613500	48071.0	113274.0	53406.0	89.22806408366014	143.75257561615624	0.6849658883398533
PF3D7_0613600	16931.0	116936.0	22860.0	34.16308852791671	148.39990803053522	2.10287075141488
PF3D7_0613700	16718.0	317039.0	46549.0	49.93232357329515	402.34451701865	2.997802518257434
PF3D7_0613800	252954.0	46554.0	369253.0	529.1331629929772	59.08026030010891	-3.1520871276553373
PF3D7_0613900	40664.0	6072.0	61209.0	86.3109355786334	7.705789847107903	-3.403162678559482
PF3D7_0614000	20334.0	69331.0	30272.0	42.933035848102136	87.98585571308269	1.0266540650336793
PF3D7_0614100	18211.0	147067.0	53168.0	56.05486141970894	186.63824035649176	1.7263814452811512
PF3D7_0614200	7172.0	10454.0	12613.0	16.450742230210423	13.266852282883073	-0.3001497140426749
PF3D7_0614300	43979.0	87789.0	67433.0	94.18095793922862	111.41034006715344	0.2411971339190205
PF3D7_0614400	12500.0	113310.0	24314.0	30.2466442167249	143.79826211722605	2.2305530605848762
PF3D7_0614500	30085.0	161004.0	60210.0	73.94013763725829	204.32526161787894	1.4602410295359194
PF3D7_0614600	71248.0	22817.0	150796.0	180.6503930630467	28.95635819194022	-2.620536955857579
PF3D7_0614700	59621.0	56578.0	108185.0	139.00712579542198	71.80141270910259	-0.9482430728172658
PF3D7_0614800	69136.0	234506.0	111953.0	152.072381307898	297.6044061076887	0.9663238703463803
PF3D7_0614900	85661.0	137033.0	167332.0	207.75703896666124	173.90439725275647	-0.2559288434677629
PF3D7_0615000	1241.0	172444.0	12610.0	9.891562761025218	218.84341640228513	4.399706865527434
PF3D7_0615100	15449.0	130428.0	25025.0	33.98734318767694	165.52219337592055	2.267237213004883
PF3D7_0615200	33923.0	327479.0	51262.0	72.1378936550125	415.59360232889475	2.5181138330635773
PF3D7_0615300	38819.0	370723.0	70301.0	90.4138753008215	470.4732426695295	2.373072697701928
PF3D7_0615400	523372.0	531269.0	916832.0	1198.0543604929294	674.2172704682425	-0.8289403484662844
PF3D7_0615500	377383.0	198037.0	591344.0	816.7472333243352	251.32271145449735	-1.6983641848660582
PF3D7_0615600	94752.0	48769.0	160620.0	213.27305173515288	61.891249185376374	-1.776664397963613
PF3D7_0615700	12689.0	4926.0	19284.0	27.057237404724827	6.251436229718961	-2.0291649223107266
PF3D7_0615800	25586.0	38320.0	44258.0	58.188702127962436	48.630742249864106	-0.2564567689908542
PF3D7_0615900	124024.0	289278.0	203124.0	274.35186090395223	367.11387934645586	0.41953698966038694
PF3D7_0616000	20948.0	41963.0	22976.0	38.682546417638335	53.25396234423402	0.4561599440827181
PF3D7_0616100	8106.0	56762.0	20203.0	22.611290225279383	72.03492149234829	1.6500779362001112
PF3D7_0616200	99248.0	59887.0	198956.0	244.14421069972622	76.0007635991026	-1.6771390896282201
PF3D7_0616300	20082.0	18660.0	33088.0	44.556972639412635	23.68083638785136	-0.8978862360631783
PF3D7_0616400	18631.0	22816.0	25809.0	38.03496077066461	28.95508912246606	-0.3876510040897134
PF3D7_0616500	5888.0	481728.0	21895.0	21.302275803363397	611.3462996488136	4.810618640785545
PF3D7_0616600	7723.0	278700.0	23385.0	24.337673272534005	353.6896624487768	3.833920168357939
PF3D7_0616700	52781.0	49756.0	88406.0	118.08195296895404	63.14382075637366	-0.8977921089987893
PF3D7_0616800	19044.0	34767.0	21936.0	35.874892659289884	44.121738408168724	0.2948037296077335
PF3D7_0616900	49627.0	106657.0	88812.0	114.86927721075578	135.35514290563037	0.23581009491818108
PF3D7_0617000	18997.0	63410.0	25364.0	38.138950289874096	80.47169535657315	1.0673617836833609
PF3D7_0617100	58108.0	32485.0	75689.0	115.37950157323777	41.22572186813245	-1.4736164703464678
PF3D7_0617200	233362.0	394264.0	496181.0	593.2276599945853	500.3484071607626	-0.2454273195637841
PF3D7_0617300	32007.0	47186.0	65927.0	79.92755852677215	59.88231220777891	-0.41356392325851526
PF3D7_0617400	47946.0	88998.0	103175.0	122.71471497530806	112.94464506141455	-0.11918604991235822
PF3D7_0617600	644.0	552.0	460.0	1.0227733408563706	0.7005263497370822	-0.34303414912917113
PF3D7_0617700	184.0	184.0	368.0	0.4520529424802827	0.23350878324569405	-0.3762275609926777
PF3D7_0617800	1246807.0	3075027.0	2177040.0	2849.28405508598	3902.422897922048	0.45370236075542114
PF3D7_0617900	26505.0	954222.0	73814.0	79.17329825188756	1210.974011773221	3.9265233468777683
PF3D7_0618000	9171.0	4254.0	12179.0	18.367564026107367	5.3986215430825135	-1.6774584163253898
PF3D7_0618100	43361.0	20839.0	76518.0	99.6357062286854	26.44613877204901	-1.893806036853218
PF3D7_0618200	36244.0	46211.0	76563.0	91.79774702993294	58.64496947047156	-0.6420399659204403
PF3D7_0618300	32270.0	115417.0	42057.0	64.09131521075284	146.47219149928407	1.1861311077627408
PF3D7_0618400	2118.0	715.0	2911.0	4.308328201282554	0.9073846740253871	-1.7725186654922114
PF3D7_0618500	55793.0	753677.0	119253.0	142.25273631612586	956.4684740775269	2.7449529982706755
PF3D7_0618600	5337.0	27529.0	9719.0	12.466776658641544	34.93621355418865	1.4504045642992613
PF3D7_0618700	14818.0	48931.0	37356.0	41.62077605306014	62.09683844019052	0.5715577757277879
PF3D7_0618800	16548.0	32858.0	46442.0	49.672085028821385	41.69908478199464	-0.2496731842598873
PF3D7_0618900	17935.0	842402.0	68173.0	65.88737600100977	1069.0666631724953	4.00997366468574
PF3D7_0619000	208040.0	632466.0	354528.0	469.52898413426345	802.6432940449517	0.7729076886604095
PF3D7_0619100	17354.0	16152.0	35035.0	42.856398728649	20.49801014665462	-1.0459923095015042
PF3D7_0619200	99392.0	120231.0	183925.0	234.1481944253444	152.58149194789695	-0.6161994922949845
PF3D7_0619300	1211093.0	245965.0	2120208.0	2771.4028864767706	312.14667321210396	-3.148271642469608
PF3D7_0619400	160647.0	131371.0	239491.0	339.4114665965068	166.71892589005475	-1.023420889339655
PF3D7_0619500	2117.0	4142.0	4895.0	5.647649348623776	5.256485761976439	-0.09484653925628742
PF3D7_0619600	20971.0	34656.0	45371.0	53.83844656856722	43.98087169653681	-0.2887882612875426
PF3D7_0619700	76984.0	113850.0	161059.0	193.92582965035479	144.4835596332732	-0.42333057949101277
PF3D7_0619800	27664.0	49163.0	49529.0	64.04726661843051	62.391262558195955	-0.037496404701589416
PF3D7_0619900	6622.0	26412.0	12375.0	15.681880001956944	33.51866295155038	1.0719472102986871
PF3D7_0620000	1792.0	4063.0	4407.0	4.958636436534615	5.156229273517689	0.05129998856989812
PF3D7_0620100	3950.0	12421.0	9906.0	11.059687729448324	15.76311193855851	0.49250091706531784
PF3D7_0620200	3848.0	1288.0	2668.0	6.05679399522511	1.6345614827198582	-1.6190508504601298
PF3D7_0620300	2300.0	644.0	829.0	3.102905146997932	0.8172807413599291	-1.4515978224495878
PF3D7_0620400	276.0	460.0	368.0	0.5537656453149532	0.5837719581142351	0.04050717283843379
PF3D7_0620500	6694.0	44673.0	23090.0	23.00073140235267	56.693140619211356	1.2831364719130296
PF3D7_0620600	51486.0	48344.0	105375.0	128.1148031631423	61.35189465885779	-1.056167008030257
PF3D7_0620700	10207.0	346963.0	30822.0	32.10848959489341	440.3201519634551	3.756870654792642
PF3D7_0621000	27877.0	34957.0	42423.0	59.481809950595164	44.36286160825939	-0.41900340952639614
PF3D7_0621100	7849.0	233734.0	16422.0	19.772645183985325	296.62468447363614	3.8734622164175625
PF3D7_0621200	21067.0	280419.0	30552.0	43.93259387804322	355.8711928748602	3.003690451574271
PF3D7_0621300	26138.0	72962.0	55672.0	66.51048569594897	92.59384697376265	0.47429895228847463
PF3D7_0621350	92.0	18446.0	2998.0	2.1272163858759847	23.409255520380828	3.185962273101644
PF3D7_0621400	8863.0	1102717.0	32815.0	31.969106960178785	1399.4244833388152	5.430137490331209
PF3D7_0621500	4022.0	5851.0	10752.0	11.710862062487568	7.425325493318238	-0.6236229622076435
PF3D7_0621700	77475.0	60536.0	120727.0	167.219628383258	76.82438968783333	-1.117056092265395
PF3D7_0621800	17757.0	32844.0	23639.0	35.60259836851855	41.681317809356386	0.22450149366219632
PF3D7_0621900	25684.0	48867.0	44910.0	58.73755140381006	62.01561799384419	0.07770464900732402
PF3D7_0622000	13889.0	12886.0	28693.0	34.74081747934594	16.35322924404355	-1.064222338349552
PF3D7_0622100	16100.0	181299.0	24740.0	34.51451990015076	230.08102659598416	2.719248594150681
PF3D7_0622200	5796.0	66706.0	19508.0	19.58786220279036	84.65454834340906	2.0837595530880098
PF3D7_0622300	24364.0	15074.0	30408.0	47.48037855109446	19.129953253508653	-1.289387802921655
PF3D7_0622400	1227.0	4745.0	2676.0	3.1644924837463124	6.021734654895751	0.8316423391776572
PF3D7_0622500	6746.0	53462.0	7544.0	12.555058997262208	67.84699222761573	2.3882688726278536
PF3D7_0622600	2560.0	4275.0	675.0	3.286308870582639	5.425272002039902	0.6460892784197323
PF3D7_0622700	2487.0	20455.0	9153.0	8.933494054972424	25.95881609397104	1.4878843770971872
PF3D7_0622800	123784.0	74801.0	209066.0	278.1010473958254	94.92766573674544	-1.5457211934647024
PF3D7_0622900	68927.0	77120.0	121541.0	158.31914490402175	97.87063784732568	-0.6910851708861042
PF3D7_0623000	39284.0	15728.0	52149.0	78.66414317875702	19.959924689610194	-1.9520462853383682
PF3D7_0623100	104260.0	112617.0	156338.0	220.89184086989127	142.9187969716322	-0.6263679331931203
PF3D7_0623200	6624.0	208146.0	12056.0	15.468568907880822	264.1517347687947	4.050788180420967
PF3D7_0623300	2847.0	31970.0	4896.0	6.4553931524663	40.572151088939336	2.561956537878731
PF3D7_0623400	2830.0	26140.0	4440.0	6.128516466111552	33.17347605457849	2.3448547349833184
PF3D7_0623500	10339.0	22039.0	23516.0	27.318357864338964	27.969022141042668	0.03335568081722883
PF3D7_0623600	35788.0	57091.0	55563.0	77.10562136960627	72.45244534934739	-0.08920482016930623
PF3D7_0623700	9282.0	38713.0	20175.0	23.892526592408686	49.12948655320953	1.0247583280830557
PF3D7_0623800	85393.0	53191.0	108949.0	168.01612184961783	67.503074400118	-1.3092147431006491
PF3D7_0623900	238520.0	35422.0	414049.0	543.4403220367827	44.952978913744424	-3.58100162156396
PF3D7_0624000	71982.0	81790.0	135660.0	171.23572485204716	103.79719229165933	-0.7194898625855632
PF3D7_0624100	19748.0	144973.0	25727.0	39.21448495068312	183.98080887759784	2.2157335452762115
PF3D7_0624200	47019.0	137459.0	71472.0	100.27072176436172	174.4450208487492	0.7958250696188007
PF3D7_0624300	20406.0	207605.0	45171.0	53.078674243109226	263.4651681832734	2.300616781195535
PF3D7_0624400	137241.0	239657.0	277725.0	339.3660186406273	304.141382969094	-0.15785418871799586
PF3D7_0624500	59847.0	309432.0	104430.0	136.72003851998028	392.6907055287043	1.5187380422422003
PF3D7_0624600	1172861.0	381024.0	1678970.0	2431.0261546656648	483.5459273228659	-2.32864626485446
PF3D7_0624700	6925.0	1748.0	8335.0	13.28737061912927	2.2183334408340936	-2.3425530092282933
PF3D7_0624800	17126.0	8754.0	29415.0	38.80735323445684	11.109434176808726	-1.7595015634571933
PF3D7_0624900	238265.0	33994.0	348796.0	499.0722796008704	43.140747704641974	-3.516945701586793
PF3D7_0625000	21624.0	36796.0	43621.0	53.37805360765692	46.69668037124216	-0.1910123434431281
PF3D7_0625100	4549.0	508478.0	21553.0	19.59085228713558	645.2939080826305	5.006463159764963
PF3D7_0625200	51927.0	106888.0	115877.0	135.69770424843813	135.64829795416165	-0.000523438684224017
PF3D7_0625300	28379.0	128371.0	52035.0	66.53085068733101	162.91171746757058	1.2856142876181744
PF3D7_0625400	6203.0	3666.0	6257.0	11.085212175434528	4.652408692275621	-1.168965527866501
PF3D7_0625500	8300.0	6829.0	15830.0	19.87129250496812	8.66647543904807	-1.1520984971563137
PF3D7_0625600	11324.0	23814.0	25795.0	29.947081249014886	30.22162045767912	0.01295038159708473
PF3D7_0625700	2302.0	19154.0	8064.0	7.9932147406116325	24.307756708087084	1.546408650162669
PF3D7_0625800	2208.0	9451.0	5801.0	6.360366664337182	11.993975600299208	0.864875026614807
PF3D7_0625900	368.0	10580.0	2852.0	2.333714221623481	13.426755036627407	2.2970929703231957
PF3D7_0626000	21542.0	154224.0	41039.0	51.54295016587534	195.72097058306477	1.9147045821705044
PF3D7_0626100	1741.0	23501.0	4307.0	4.83469039017764	29.824401712266607	2.507002733065482
PF3D7_0626200	92.0	9681.0	924.0	0.725984018088231	12.285861579356325	3.3825373030101273
PF3D7_0626300	2121.0	7013.0	1196.0	3.1529595241174744	8.899984222293762	1.3635925669577929
PF3D7_0626400	53347.0	214498.0	81014.0	113.71353668393016	272.21286406866784	1.2556491045987652
PF3D7_0626500	1128307.0	151008.0	1953533.0	2567.268250701097	191.63964315416177	-3.7402878820441283
PF3D7_0626600	25792.0	3856.0	37773.0	54.03506541849725	4.893531892366283	-3.337881944715889
PF3D7_0626700	7956.0	14871.0	10283.0	15.743320695753987	18.872332150253893	0.25415104476774436
PF3D7_0626800	231811.0	53376.0	308351.0	464.61152997397255	67.73785225283785	-2.7689325597924004
PF3D7_0626900	8781.0	29719.0	20476.0	23.541995701374482	37.71547570260207	0.6686003313425644
PF3D7_0627000	42635.0	8187.0	93824.0	110.5253107477568	10.389871784959224	-3.349829735975002
PF3D7_0627100	168512.0	75536.0	250620.0	355.6257532496255	95.86043180025405	-1.885874004472111
PF3D7_0627200	545.0	4174.0	1117.0	1.3572028554277273	5.2970959851496024	1.642198969021119
PF3D7_0627300	63851.0	107355.0	94582.0	134.49326315608334	136.24095339859502	0.01855797804911562
PF3D7_0627400	3680.0	41562.0	9390.0	10.412564011905143	52.7450654850953	2.2866577124288834
PF3D7_0627500	30996.0	48296.0	44814.0	64.54549506222644	61.29097932409804	-0.07405290298618737
PF3D7_0627600	66551.0	62650.0	138032.0	166.833925289371	79.5072025562105	-1.0645281791859662
PF3D7_0627700	63762.0	68269.0	104979.0	141.41927070503505	86.63810393152329	-0.7036948744458582
PF3D7_0627800	22081.0	42318.0	36924.0	49.35868460428438	53.7044820075613	0.1205673272182743
PF3D7_0627900	6618.0	10412.0	19137.0	20.245988699430406	13.213551364968295	-0.5972301831911522
PF3D7_0628000	8660.0	4905.0	9845.0	16.22572316874105	6.224785770761572	-1.3145083758409124
PF3D7_0628100	62928.0	1057532.0	104521.0	140.18778975798102	1342.0815791488333	3.25444072506383
PF3D7_0628200	476834.0	408672.0	742501.0	1028.821995879158	518.6331601444798	-0.9875178120664446
PF3D7_0628300	5802.0	95622.0	11785.0	14.376695458434732	121.35096125825955	3.0339916291245976
PF3D7_0628400	27533.0	27318.0	44347.0	60.401382509627076	34.668439895140594	-0.7921936417411578
PF3D7_0628500	7317.0	18416.0	12094.0	16.260404393360503	23.371183436155984	0.5102131324844192
PF3D7_0628600	10283.0	17217.0	17053.0	22.889924669110478	21.84956913663649	-0.06564019641269589
PF3D7_0628700	8522.0	30271.0	9200.0	15.637380306763346	38.41600205233915	1.269957110813306
PF3D7_0628800	9936.0	33227.0	16037.0	21.819862688310373	42.1673714179602	0.9348050823251267
PF3D7_0628900	24838.0	33969.0	34720.0	50.917686223114345	43.10902096778794	-0.23763808892954055
PF3D7_0629000	460.0	569.0	184.0	0.6328772825788231	0.7221005307978255	0.10937137548088517
PF3D7_0629100	2852.0	119073.0	10214.0	10.053859170991522	151.11190949681807	3.8445405424914627
PF3D7_0629200	12794.0	39655.0	23435.0	29.977814145194337	50.32494999786955	0.7377774536148718
PF3D7_0629300	1656.0	5793.0	5135.0	5.300128655165879	7.351719463816878	0.436923725649541
PF3D7_0629400	83566.0	113241.0	128801.0	179.40861486172392	143.7106963235089	-0.3190860957948603
PF3D7_0629500	11046.0	39970.0	14954.0	22.315353933472565	50.724706882230386	1.1668347894626148
PF3D7_0629600	2300.0	4688.0	2392.0	4.158896560137883	5.949397694868552	0.4691761353133084
PF3D7_0629700	406441.0	449187.0	582288.0	842.7545700159644	570.0495098901281	-0.5636161489843428
PF3D7_0629800	42707.0	59714.0	83642.0	103.72576639614641	75.78121458007269	-0.45031226054046936
PF3D7_0629900	65414.0	138124.0	87981.0	131.76151708986959	175.28895204906655	0.4104510480619025
PF3D7_0630000	7187.0	187611.0	13424.0	17.015252269677145	238.09139311689077	3.7678583282377835
PF3D7_0630100	368.0	7260.0	920.0	1.0284196533660364	9.213444382411623	2.667942251299356
PF3D7_0630200	3235.0	706896.0	21596.0	18.167181140352543	897.1001350067834	5.587496899678363
PF3D7_0630300	566793.0	161494.0	838679.0	1193.2578420004058	204.947105660218	-2.538671299424246
PF3D7_0630400	12601.0	28939.0	20563.0	27.824062807397084	36.72560151275619	0.3942669402591756
PF3D7_0630500	8005.0	10941.0	9134.0	15.021208331514377	13.884889116799666	-0.10968677583436394
PF3D7_0630600	53322.0	66686.0	80167.0	113.1136486568586	84.62916695392583	-0.4164107414992582
PF3D7_0630700	3980.0	17391.0	5986.0	8.44443115347351	22.07038722514057	1.3353695320876426
PF3D7_0630800	975875.0	293489.0	1701808.0	2228.6735507616613	372.4579309021494	-2.5794241300690226
PF3D7_0630900	267538.0	80877.0	472852.0	615.2502184784123	102.63853186174998	-2.5777618200424386
PF3D7_0631000	15184.0	29439.0	23726.0	32.81673820038846	37.360136249836884	0.18443243914074253
PF3D7_0631100	2668.0	2302.0	2760.0	4.814374908287507	2.921397929519498	-0.6353140997627674
PF3D7_0631300	0.0	0.0	0.0	0.0	0.0	0.0
PF3D7_0631400	92.0	0.0	0.0	0.10171270283467045	0.0	-0.26714671912344645
PF3D7_0631500	0.0	0.0	0.0	0.0	0.0	0.0
PF3D7_0631600	0.0	0.0	0.0	0.0	0.0	0.0
PF3D7_0631800	92.0	184.0	0.0	0.10171270283467045	0.23350878324569405	0.2857394272377393
PF3D7_0631900	125.0	184.0	0.0	0.13819660711232398	0.23350878324569405	0.20081330250790727
PF3D7_0632000	152.0	184.0	92.0	0.2302039584513214	0.23350878324569405	0.006514751573789978
PF3D7_0632100	0.0	0.0	184.0	0.12431376840547093	0.0	-0.32034318796816524
PF3D7_0632200	184.0	0.0	92.0	0.2655822898720763	0.0	-0.6146293616225048
PF3D7_0632300	92.0	184.0	0.0	0.10171270283467045	0.23350878324569405	0.2857394272377393
PF3D7_0632400	0.0	184.0	0.0	0.0	0.23350878324569405	0.5528861463611856
PF3D7_0632500	15916.0	9189.0	24285.0	34.0036881650005	11.661479398068927	-1.5044318446930482
PF3D7_0632700	184.0	460.0	0.0	0.2034254056693409	0.5837719581142351	0.6235918769910079
PF3D7_0632800	23197.0	83265.0	27335.0	44.11399997106113	105.66906976604736	1.2507951198483152
PF3D7_0700100	920.0	2668.0	3676.0	3.500699923229917	3.3858773570625638	-0.04201205339872482
PF3D7_0700200	0.0	77.0	276.0	0.1864706526082064	0.09771834951042631	-0.19973221174445083
PF3D7_0700300	184.0	0.0	92.0	0.2655822898720763	0.0	-0.6146293616225048
PF3D7_0700400	92.0	368.0	644.0	0.5368108922538187	0.4670175664913881	-0.10053877716985886
PF3D7_0700500	92.0	92.0	183.0	0.2253508529335899	0.11675439162284702	-0.2339829136623164
PF3D7_0700800	1380.0	276.0	6257.0	5.753034286612619	0.3502631748685411	-2.878575067002844
PF3D7_0701100	0.0	0.0	0.0	0.0	0.0	0.0
PF3D7_0701500	0.0	0.0	0.0	0.0	0.0	0.0
PF3D7_0701600	0.0	276.0	34.0	0.02297102242275006	0.3502631748685411	0.7011784460986565
PF3D7_0701700	92.0	587.0	0.0	0.10171270283467045	0.7449437813327304	1.0489338760022533
PF3D7_0701800	0.0	8924.0	368.0	0.24862753681094185	11.325175987416161	3.981469728363871
PF3D7_0701900	827.0	368.0	276.0	1.1007794052633417	0.4670175664913881	-0.7271605090353022
PF3D7_0702000	0.0	1656.0	184.0	0.12431376840547093	2.1015790492112463	2.0590443564298213
PF3D7_0702200	13247.0	6438.0	21081.0	28.888233155747237	8.170269274650968	-1.7610899202238124
PF3D7_0702300	3404.0	3613.0	6713.0	8.298795696762841	4.585148010145068	-0.7910163073188176
PF3D7_0702400	6442.0	21348.0	12605.0	15.63826909822204	27.092095134397155	0.7737691567717361
PF3D7_0702500	5060.0	6341.0	10212.0	12.49361280241051	8.047169535657314	-0.6042839758997975
PF3D7_0702600	357.0	1115.0	1029.0	1.0899007473542623	1.4150124636899395	0.26841707655695884
PF3D7_0702900	123.0	13257.0	4519.0	3.1891045887046303	16.824054018957423	2.2314339799189375
PF3D7_0703000	3680.0	9570.0	14344.0	13.759577102561138	12.144994867724412	-0.17336474484322525
PF3D7_0703100	5977.0	17200.0	14636.0	16.496358500370235	21.827994955575747	0.39362802405053604
PF3D7_0703200	55761.0	185363.0	81412.0	116.65128564649086	235.238524938976	1.0088147596683283
PF3D7_0703300	4060.0	28798.0	6804.0	9.0855327567845	36.54666271689944	1.950413062600605
PF3D7_0703400	29441.0	12165.0	37997.0	58.22063927398774	15.438230153173196	-1.8813762390412536
PF3D7_0703500	295030.0	377348.0	432695.0	618.5138231240809	478.8808279358487	-0.3687994145745267
PF3D7_0703600	51529.0	20155.0	54081.0	93.50717737973773	25.578095251722626	-1.8499324109753144
PF3D7_0703700	21596.0	23848.0	24279.0	40.27928828234519	30.264768819800604	-0.4065574448077225
PF3D7_0703800	395799.0	9291.0	535498.0	799.3768831093062	11.790924484433388	-6.024112617895589
PF3D7_0703900	128817.0	99449.0	175786.0	261.18081834256304	126.20769013587514	-1.0463040891144546
PF3D7_0704000	21989.0	16837.0	33443.0	46.90514457634403	21.367322736455165	-1.1162670351323642
PF3D7_0704100	139917.0	2900269.0	277827.0	342.3934446729562	3680.6428547565533	3.424321509059757
PF3D7_0704200	1748.0	15954.0	3566.0	4.341796235021289	20.246734390770666	2.099269998530637
PF3D7_0704300	9295.0	72626.0	24197.0	26.62423586849839	92.16743963044443	1.7724800158802645
PF3D7_0704400	22633.0	131223.0	33671.0	47.77117447008045	166.53110360787886	1.7908829443423449
PF3D7_0704500	33943.0	102142.0	49359.0	70.87430347478303	129.62529422979173	0.8664247589131567
PF3D7_0704600	1839500.0	1225051.0	2678542.0	3843.3732803319535	1554.6748283908735	-1.3054840028555834
PF3D7_0704700	20406.0	21724.0	26049.0	40.15950098523197	27.569265256681835	-0.534601208825145
PF3D7_0704800	12223.0	49717.0	23834.0	29.61610374821928	63.09432704688136	1.07836294082942
PF3D7_0704900	7928.0	87317.0	17897.0	20.856522441843737	110.81133927534927	2.381851915248808
PF3D7_0705000	109403.0	50255.0	165887.0	233.02928128218073	63.77708642398019	-1.8612270143290375
PF3D7_0705100	50937.0	89055.0	88184.0	115.89328935677861	113.01698202144175	-0.036099742882240805
PF3D7_0705200	11285.0	8090.0	21859.0	27.244730253009244	10.266772045965569	-1.3656279919342431
PF3D7_0705300	412849.0	103811.0	742108.0	957.8163986360269	131.7433711821671	-2.857306648384328
PF3D7_0705400	582585.0	164784.0	747909.0	1149.3911748708713	209.12234423020894	-2.455632920616695
PF3D7_0705500	195364.0	184304.0	292941.0	413.90543795463134	233.8945803658391	-0.8221037222525014
PF3D7_0705600	4232.0	3679.0	3418.0	6.988047702187773	4.6689065954397195	-0.5347304932131488
PF3D7_0705700	37619.0	60387.0	51968.0	76.70107745853505	76.6352983361833	-0.0012297712560431849
PF3D7_0705800	1746.0	109406.0	4197.0	4.7659002407414714	138.84381489010002	4.72582496548527
PF3D7_0705900	10648.0	165377.0	23535.0	27.672816624945106	209.87490242838663	2.900586890524767
PF3D7_0706000	86462.0	132851.0	159508.0	203.3565651945783	168.5971487118136	-0.26970208605767965
PF3D7_0706100	3427.0	15172.0	11317.0	11.434770555834486	19.254322061976467	0.7269975049933743
PF3D7_0706200	284.0	4048.0	2177.0	1.7848037447217555	5.137193231405269	1.3029067719358798
PF3D7_0706300	5339.0	904.0	11412.0	13.612809597346985	1.1472388046418882	-3.0988836035000964
PF3D7_0706400	41964.0	27267.0	57970.0	85.55985259768136	34.603717351958366	-1.2937165546455394
PF3D7_0706500	144415.0	167641.0	217843.0	306.8400228831025	212.748075717888	-0.5273029287278124
PF3D7_0706600	13044.0	6256.0	26884.0	32.58441489871502	7.939298630353598	-1.9709567554295921
PF3D7_0706700	202180.0	7730.0	335867.0	450.4426139742807	9.809907035267472	-5.450840621716257
PF3D7_0707200	59537.0	91816.0	97488.0	131.6871686502614	116.52088283960133	-0.1758161344531494
PF3D7_0707300	55272.0	113356.0	115743.0	139.30531260168604	143.85663931303748	0.046218277990010784
PF3D7_0707400	32752.0	105503.0	49568.0	69.69877042828607	133.89063673244814	0.9369149599028627
PF3D7_0707500	21349.0	1932.0	24843.0	40.38726051158626	2.4518422240797872	-3.7919638875095325
PF3D7_0707600	21345.0	65871.0	46063.0	54.71945868518091	83.5948753324843	0.606841141300114
PF3D7_0707700	168227.0	160771.0	221594.0	335.7001680194464	204.02956843039934	-0.7170110197962662
PF3D7_0707800	15902.0	52028.0	32959.0	39.848523336031384	66.0271466016683	0.7214272816740815
PF3D7_0707900	11863.0	92098.0	20848.0	27.20070125637309	116.87876043131483	2.0831769734890178
PF3D7_0708000	53500.0	139566.0	105421.0	130.37250533903745	177.11895023080726	0.44062347445739264
PF3D7_0708100	16009.0	37633.0	28821.0	37.17111107920954	47.75889152111524	0.3573361930157934
PF3D7_0708200	79629.0	1656.0	121091.0	169.8469573806023	2.1015790492112463	-6.032944824621283
PF3D7_0708300	6547.0	276.0	13503.0	16.361059487479615	0.3502631748685411	-4.3096419268623976
PF3D7_0708400	1439751.0	688557.0	2120909.0	3024.6745732223812	873.8266699201378	-1.7907740862761954
PF3D7_0708500	1064150.0	869296.0	1964336.0	2503.6367174867296	1103.1970176105915	-1.1819691470168012
PF3D7_0708600	2704.0	165133.0	11471.0	10.739486599505732	209.56524947669126	4.2241894782911915
PF3D7_0708700	33872.0	196287.0	40508.0	64.81591017065615	249.10183987471493	1.934122205824636
PF3D7_0708800	115932.0	321155.0	201536.0	264.3326834751251	407.5680069742982	0.6237284272844013
PF3D7_0708900	8364.0	25535.0	6980.0	13.9628271548291	32.40568902271085	1.1859874372044252
PF3D7_0709000	20060.0	5980.0	20437.0	35.98540284037819	7.589035455485056	-2.173279793190332
PF3D7_0709100	71903.0	151434.0	100901.0	147.66456787892957	192.18026675015452	0.37900834398615496
PF3D7_0709200	3220.0	20750.0	3421.0	5.871234825926052	26.33319158884865	2.0743737443414965
PF3D7_0709300	62845.0	59780.0	101089.0	137.7773051827738	75.86497316536733	-0.8565814285520493
PF3D7_0709400	109366.0	90347.0	193215.0	251.45167216791413	114.65661978205826	-1.1295496844178792
PF3D7_0709500	18004.0	11651.0	45874.0	50.89804791034449	14.785928443454246	-1.7495093851993153
PF3D7_0709600	1361.0	11723.0	5097.0	4.948311166731838	14.877301445593865	1.4969213409789295
PF3D7_0709700	2669.0	814929.0	22231.0	17.970444528008123	1034.2015175088598	5.807852252221514
PF3D7_0709800	980.0	38391.0	4700.0	4.258867440552541	48.72084618252956	3.3705792866318887
PF3D7_0709900	19150.0	594086.0	41366.0	49.11934707841624	753.936407626638	3.926424642728155
PF3D7_0710000	347669.0	112804.0	633608.0	812.4505735625419	143.1561129633004	-2.5005482559827668
PF3D7_0710100	8557.0	130562.0	21922.0	24.271291452702627	165.69224868545817	2.746112104796133
PF3D7_0710200	8501500.0	6684386.0	15480894.0	19858.203031106226	8482.950226111694	-1.2270483692521759
PF3D7_0710300	3128.0	7640.0	5705.0	7.312634335254945	9.695690782592948	0.3840785281510758
PF3D7_0710400	6904.0	27056.0	12440.0	16.037566737528195	34.33594369291031	1.07482966737259
PF3D7_0710500	6990.0	61043.0	19829.0	21.1247896703303	77.46780791123315	1.8501924725881809
PF3D7_0710600	66146.0	103737.0	111493.0	148.45593404475756	131.64946004107915	-0.1727150680385334
PF3D7_0710700	22581.0	341978.0	61223.0	66.3283202636279	433.9938406347606	2.700804208129957
PF3D7_0710800	4419.0	128702.0	16603.0	16.102817198308976	163.33177946351802	3.3027152658478824
PF3D7_0710900	3880.0	52904.0	6444.0	8.643307052184223	67.13885146103368	2.8870641876799796
PF3D7_0711000	43990.0	88195.0	48055.0	81.10098769630005	111.92558227366297	0.46231183626118766
PF3D7_0711100	7638.0	14728.0	12191.0	16.680828256160446	18.690855215448813	0.15961941696009765
PF3D7_0711200	11769.0	16193.0	24234.0	29.384420993807908	20.55004199509524	-0.5055704795443474
PF3D7_0711300	8601.0	16726.0	20893.0	23.6247254209647	21.226456024823253	-0.15105965799396504
PF3D7_0711400	113156.0	84819.0	173216.0	242.1301027828369	107.64120372889414	-1.1658422343681383
PF3D7_0711500	48664.0	65240.0	98897.0	120.61822117113404	82.79409249428848	-0.5401298387406127
PF3D7_0711700	10766.0	120165.0	23801.0	27.982988691601832	152.4977333626023	2.425337839864054
PF3D7_0712000	43811.0	196848.0	90771.0	109.76280173756791	249.81378784971946	1.1827915947594974
PF3D7_0712300	14755.0	118667.0	23221.0	32.00126019997047	150.59666729030855	2.216904276387846
PF3D7_0712400	3509.0	3782.0	1472.0	4.873965302100926	4.799620751278342	-0.020097884408424225
PF3D7_0712600	18574.0	173004.0	17936.0	32.65280019034165	219.5540953078155	2.7306555860176203
PF3D7_0712800	2303.0	30910.0	3691.0	5.039841458918941	39.22693744632828	2.842200985767518
PF3D7_0712900	1380.0	5046.0	2024.0	2.893141994980237	6.403724566618327	1.0247531027120012
PF3D7_0713000	0.0	92.0	184.0	0.12431376840547093	0.11675439162284702	-0.01757519952924426
PF3D7_0713100	175.0	92.0	183.0	0.317113400056173	0.11675439162284702	-0.40584022802597813
PF3D7_0713200	184.0	0.0	92.0	0.2655822898720763	0.0	-0.6146293616225048
PF3D7_0713400	18291.0	22989.0	41831.0	48.48382250688678	29.17463814149598	-0.7230749231405318
PF3D7_0713500	103056.0	15058.0	161600.0	223.11583467925922	19.10964814192207	-3.511386797447061
PF3D7_0713600	12107.0	6891.0	18001.0	25.546975714704306	8.745157746446074	-1.494346031432539
PF3D7_0713700	11531.0	36180.0	15892.0	23.485286740613663	45.91493357515875	0.9524393669614818
PF3D7_0713800	5524.0	15640.0	8735.0	12.008710369234933	19.848246575883994	0.7019714243978675
PF3D7_0713900	57146.0	55328.0	82887.0	119.17904105545882	70.21507586640087	-0.7590807970659432
PF3D7_0714000	11503.0	53744.0	24312.0	29.1430368417839	68.20486981932925	1.2127191062020988
PF3D7_0714100	224140.0	23539.0	446356.0	549.3693849843394	29.87262635228474	-4.178245393727913
PF3D7_0714200	80969.0	74121.0	103538.0	159.46929687394842	94.06469849431569	-0.758421409815422
PF3D7_0714300	77357.0	696235.0	143192.0	182.2669360428228	883.5705853427488	2.274156461587931
PF3D7_0714400	53096.0	11632.0	80996.0	113.42387676733068	14.761816123445179	-2.900071591255131
PF3D7_0714500	73922.0	24268.0	153187.0	185.22209825335813	30.797777998948387	-2.569013344340294
PF3D7_0714600	71837.0	39037.0	128463.0	166.21299183554595	49.54066506283782	-1.736193668189359
PF3D7_0715000	3411.0	4412.0	3683.0	6.25941123791017	5.599134520000011	-0.14829305379167793
PF3D7_0715100	102871.0	72949.0	189110.0	241.497563313964	92.57734907059856	-1.3784904938561844
PF3D7_0715200	177835.0	2614681.0	354546.0	436.1473171211594	3318.211841769753	2.926082987028625
PF3D7_0715300	5334.0	50361.0	6440.0	10.24810751288857	63.91160778824129	2.58323804594786
PF3D7_0715400	9570.0	373345.0	20517.0	24.441993036036084	473.8007428307807	4.249153471811165
PF3D7_0715500	3404.0	12427.0	6352.0	8.05489748809776	15.770726355403477	0.9274561846724745
PF3D7_0715600	14720.0	46734.0	10765.0	23.547063523573872	59.308692805457966	1.3144944541369765
PF3D7_0715700	1656.0	12437.0	1016.0	2.517256850480364	15.783417050145092	2.432094059376438
PF3D7_0715800	6871.0	52919.0	13911.0	16.994917362187756	67.1578875031461	1.9513222822790266
PF3D7_0715900	30464.0	49693.0	62808.0	76.11440611044358	63.06386937950149	-0.269408743516973
PF3D7_0716000	517143.0	280537.0	845022.0	1142.6515965738467	356.02094307281124	-1.6809580037620495
PF3D7_0716100	87307.0	159171.0	155636.0	201.67478017569033	201.99905727174112	0.0023121487736086446
PF3D7_0716200	19595.0	236262.0	31959.0	43.25578559000641	299.8328921043161	2.779016791403993
PF3D7_0716300	49113.0	210764.0	84923.0	111.67353316813123	267.47415865214924	1.2563615662744287
PF3D7_0716400	368.0	24992.0	5339.0	4.013976950016993	31.716584298241226	2.8353325864253156
PF3D7_0716500	12595.0	16309.0	22817.0	29.340273033222708	20.697254054097957	-0.49338334952999935
PF3D7_0716600	10856.0	40482.0	22072.0	26.914346196695213	51.37447045300101	0.9200936367595138
PF3D7_0716700	7820.0	44807.0	19913.0	22.099167079306458	56.86319592874898	1.3438558031989758
PF3D7_0716800	42564.0	115053.0	75187.0	97.85531669571722	146.01025021068932	0.5749266565473297
PF3D7_0716900	21041.0	101310.0	47126.0	55.101546796547964	128.56942842728947	1.2149503988639474
PF3D7_0717000	9957.0	31201.0	19260.0	24.020597520320635	39.596236663309234	0.7094726999438963
PF3D7_0717100	10495.0	61003.0	21803.0	26.333493070892473	77.41704513226671	1.5379040959945303
PF3D7_0717200	20699.0	111965.0	30079.0	43.20617560770569	142.09136367447897	1.7059775551956253
PF3D7_0717300	27674.0	44144.0	34172.0	53.682852013288546	56.02180286737999	0.06097114940615272
PF3D7_0717400	18922.0	42959.0	39893.0	47.87209070149304	54.517955540498754	0.18572763611252147
PF3D7_0717500	1860950.0	131507.0	2598504.0	3813.012680092662	166.8915193385407	-4.509822154099136
PF3D7_0717600	42781.0	850529.0	80346.0	101.58074084916326	1079.3803907890049	3.403088916418989
PF3D7_0717700	54676.0	181645.0	83853.0	117.10092338304801	230.52012463404398	0.9741191451996881
PF3D7_0717800	4416.0	543019.0	19707.0	18.196619703274045	689.1288367896387	5.204970738337474
PF3D7_0717900	15554.0	33127.0	15748.0	27.835717307773287	42.04046447054406	0.5862140610162714
PF3D7_0718000	956761.0	101872.0	1311339.0	1943.7336266340549	129.28264547176818	-3.905032204932398
PF3D7_0718100	618679.0	122253.0	916774.0	1303.3840069035834	155.14755042465126	-3.066460756578898
PF3D7_0718300	1012.0	2116.0	1104.0	1.8647223416142005	2.6853510073254814	0.42978156120345407
PF3D7_0718400	11239.0	22634.0	26836.0	30.556426213298586	28.72411847816869	-0.0877323149226815
PF3D7_0718500	20490.0	27930.0	26496.0	40.55437048823996	35.44511041332736	-0.19174027859237378
PF3D7_0718600	9593.0	11378.0	19402.0	23.71410679993986	14.43947247700819	-0.6967185798990778
PF3D7_0718700	4971.0	4323.0	11318.0	13.142450665192463	5.486187336799649	-1.1883934929712523
PF3D7_0718800	292.0	13374.0	828.0	0.882239232039008	16.972535147434304	3.66000971087693
PF3D7_0718900	4242.0	724.0	2688.0	6.505902066974185	0.9188062992928396	-2.303893180602154
PF3D7_0719000	33471.0	31144.0	57562.0	75.89457005496863	39.52389970328204	-0.9326083563914683
PF3D7_0719100	12657.0	115534.0	15530.0	24.485587950509846	146.62067262776094	2.557831908313087
PF3D7_0719200	5612.0	116910.0	6809.0	10.804759922223873	148.366912224207	3.7190208709890564
PF3D7_0719300	89824.0	248871.0	139615.0	193.63342616724293	315.83458910401697	0.704402768974618
PF3D7_0719400	201403.0	566692.0	320391.0	439.1277149522799	719.1715184514611	0.7110562243829701
PF3D7_0719500	99638.0	66994.0	213042.0	254.09214358000068	85.02004035196754	-1.5738534611250137
PF3D7_0719600	29906.0	67542.0	40037.0	60.112991997810596	85.71549042380798	0.5083200439952587
PF3D7_0719700	22748.0	212216.0	54958.0	62.28020224018499	269.31684752863157	2.103598852318643
PF3D7_0719800	5336.0	32640.0	17368.0	17.63347551259686	41.42242763662746	1.2090668000796314
PF3D7_0719900	88609.0	273676.0	149018.0	198.64299408261462	347.31385741059	0.8045106867619397
PF3D7_0720000	3682.0	25808.0	1843.0	5.315883798074979	32.75214498915691	2.5153770577720067
PF3D7_0720100	7728.0	29950.0	10573.0	15.687179393281035	38.00863075113335	1.250330207476359
PF3D7_0720200	8348.0	24066.0	15328.0	19.585199612210413	30.541425965167786	0.6280620334823063
PF3D7_0720300	0.0	30.0	0.0	0.0	0.03807208422484142	0.10587136523166847
PF3D7_0720400	7928.0	8927.0	13331.0	17.771649254129713	11.328983195838646	-0.6272807950456838
PF3D7_0720500	16163.0	27134.0	26133.0	35.52530729116157	34.434931111894905	-0.04434044102667866
PF3D7_0720600	20807.0	9389.0	23127.0	38.6286790091049	11.915293292901202	-1.6561080619803377
PF3D7_0720700	345239.0	259532.0	513726.0	728.7695576942747	329.3641387680514	-1.144580228512737
PF3D7_0720800	13415.0	11367.0	29530.0	34.78226846775959	14.425512712792413	-1.2411628307349662
PF3D7_0720900	35488.0	41491.0	43726.0	68.77665561788692	52.654961552429846	-0.38216492351785963
PF3D7_0721000	238778.0	361223.0	412363.0	542.5864673690168	458.41708266499637	-0.24294840420143007
PF3D7_0721100	8102.0	66167.0	20478.0	22.792662968153444	83.97051989683607	1.8585723432918613
PF3D7_0721200	12468.0	30358.0	26980.0	32.012464290570364	38.5264110965912	0.2634578877468839
PF3D7_0721300	160062.0	69036.0	179808.0	298.4417790853096	87.61148021820507	-1.7624626291721228
PF3D7_0721400	12211.0	18380.0	19202.0	26.473372877990077	23.325496935086175	-0.1790296291130331
PF3D7_0721500	28946.0	54881.0	66620.0	77.01160349824573	69.64780181145073	-0.14401440271001043
PF3D7_0721600	83281.0	195337.0	109563.0	166.09598161607062	247.8962238742616	0.5762896392889485
PF3D7_0721700	12601.0	133045.0	21240.0	28.281456400932427	168.84334818980088	2.5567398164777284
PF3D7_0721800	86505.0	56973.0	169349.0	210.05286458219797	72.30269515139634	-1.5321187385694586
PF3D7_0721900	22358.0	93972.0	52229.0	60.00526646741557	119.25699662589327	0.9849773184893165
PF3D7_0722000	22361.0	159882.0	38423.0	50.68099684573664	202.90136566786987	1.9906492137523948
PF3D7_0722100	15824.0	9183.0	20898.0	31.613656257875988	11.653864981223958	-1.4017717605429172
PF3D7_0722200	8929.0	47032.0	26784.0	27.967420761922163	59.68687550875806	1.0801371375346198
PF3D7_0722300	34780.0	56403.0	62037.0	80.36515684646672	71.57932555112436	-0.16593269668692937
PF3D7_0722400	5244.0	8679.0	9933.0	12.508540700551992	11.014253966246622	-0.17603819066826373
PF3D7_0722500	46401.0	159703.0	88910.0	111.36890976844298	202.67420223199497	0.860908086437737
PF3D7_0722600	8021.0	94204.0	8648.0	14.710547000240737	119.5514207438987	2.980508536018615
PF3D7_0722700	12287.0	62125.0	15725.0	24.208271563234902	78.84094108227578	1.683071417504555
PF3D7_0722800	11498.0	1009754.0	38407.0	38.66034900834241	1281.4479778123507	5.032800284809299
PF3D7_0722900	2307.0	51421.0	7955.0	7.925100209482014	65.25682143085236	2.9643748122095293
PF3D7_0723000	6875.0	14413.0	19473.0	20.75712867465464	18.29109833108798	-0.1778973426415005
PF3D7_0723100	278.0	92369.0	2486.0	1.9869363643047688	117.22267825881256	5.564878867317883
PF3D7_0723200	2140.0	46586.0	4243.0	5.232574388460884	59.12087052328208	3.378562364148568
PF3D7_0723300	44355.0	1367051.0	70933.0	96.96131740635263	1734.8826937217896	4.154280312808714
PF3D7_0723400	306590.0	258394.0	461096.0	650.4824808741969	327.9199377064558	-0.9870770055026356
PF3D7_0723500	552.0	13338.0	1841.0	1.8540895193692835	16.926848646364494	2.888070617673845
PF3D7_0723600	1338.0	18839.0	5058.0	4.896533877067663	23.90799982372625	2.1772490888729266
PF3D7_0723700	11682.0	100560.0	27611.0	31.569799176482054	127.61762632166844	1.998181749522262
PF3D7_0723800	501642.0	414499.0	849802.0	1128.7435672243778	526.0280279704181	-1.1007744599503697
PF3D7_0723900	91076.0	80754.0	141342.0	196.18439619949436	102.48243631642814	-0.9334842007480684
PF3D7_0724000	19803.0	49463.0	44099.0	51.6877509857762	62.77198340044437	0.27785559021013034
PF3D7_0724100	643922.0	1172394.0	1118340.0	1467.4736621086286	1487.8494370899577	0.019887200428997002
PF3D7_0724200	27672.0	35863.0	44533.0	60.68072214175456	45.51263855184959	-0.41104694691695226
PF3D7_0724300	5336.0	13347.0	10587.0	13.052107775871324	16.938270271631946	0.363739690959679
PF3D7_0724400	9214.0	14341.0	26276.0	27.939294926410113	18.19972532894836	-0.6048686185390084
PF3D7_0724500	45303.0	6900.0	82207.0	105.62632126275379	8.756579371713526	-3.519159539153148
PF3D7_0724600	122793.0	16566.0	187383.0	262.3559929536833	21.02340490895743	-3.610294398700983
PF3D7_0724700	78106.0	113195.0	136366.0	178.4832395521195	143.6523191276975	-0.3122304490153939
PF3D7_0724800	30461.0	64419.0	70282.0	81.16066061503858	81.75218645600198	0.010412790909983323
PF3D7_0724900	46742.0	2313359.0	131344.0	140.41509733285056	2935.8132896764973	4.381107812401424
PF3D7_0725000	12881.0	77684.0	17525.0	26.081094792025315	98.58639303075269	1.8982864280045824
PF3D7_0725100	18951.0	50608.0	43133.0	50.09315562756987	64.22506794835915	0.3553823480487725
PF3D7_0725200	4812.0	12971.0	7574.0	10.437149641216877	16.461100149347267	0.6329929479541405
PF3D7_0725300	9106.0	10948.0	9845.0	16.718808662917823	13.893772603118796	-0.2585405572813671
PF3D7_0725400	4131.0	4604.0	4920.0	7.891163540081327	5.842795859038996	-0.4037519620844988
PF3D7_0726050	92.0	368.0	505.0	0.442899947643164	0.4670175664913881	0.03643740466787878
PF3D7_0726100	6167.0	18244.0	5244.0	10.361010208049537	23.152903486600227	1.122858993070569
PF3D7_0726200	7795.0	212809.0	19603.0	21.862086082853036	270.06940572680924	3.5968720340484284
PF3D7_0726300	125824.0	19287.0	182590.0	262.4687457396418	24.47654294815055	-3.3962456334171405
PF3D7_0726400	155991.0	122444.0	309336.0	381.4524799958745	155.3899426942161	-1.2928653038846303
PF3D7_0726500	299348.0	311689.0	468896.0	647.7457450356388	395.5549953318866	-0.7108400578298835
PF3D7_0726600	18768.0	57759.0	38919.0	47.043780250949524	73.30018375808719	0.6343677906267657
PF3D7_0726700	1331.0	85023.0	7224.0	6.352184119059862	107.90009390162307	3.983658278859981
PF3D7_0726800	1323.0	66656.0	1612.0	2.5517695998378107	84.59109486970098	4.801290203976164
PF3D7_0726900	18115.0	25939.0	29385.0	39.88049624073301	32.918393090272055	-0.27301627656224536
PF3D7_0727000	58623.0	206824.0	97710.0	130.82666232311053	262.4740249239534	1.0017604592230047
PF3D7_0727100	7919.0	44707.0	14722.0	18.701484162830724	56.73628898133285	1.575712308169976
PF3D7_0727200	48213.0	158345.0	70070.0	100.64355888971347	200.95080588608383	0.994023128984823
PF3D7_0727300	6198.0	29393.0	15758.0	17.498733841695575	37.30175905402546	1.0705579491358417
PF3D7_0727400	5886.0	20880.0	9201.0	12.72376587428521	26.498170620489628	1.0297285672863647
PF3D7_0727500	3312.0	10499.0	22812.0	19.073862111100325	13.323960409220335	-0.5017574507970082
PF3D7_0727600	4609.0	827.0	2892.0	7.049473439992468	1.0495204551314619	-2.2845542229952214
PF3D7_0727700	5888.0	12508.0	9754.0	13.09959394352197	15.873520982810549	0.26780101800224976
PF3D7_0727800	34993.0	134851.0	50355.0	72.70807080785181	171.13528766013633	1.2292715847773161
PF3D7_0727900	12162.0	26736.0	18321.0	25.8239800799302	33.929841461178675	0.3872819025029813
PF3D7_0728000	77742.0	83820.0	105066.0	156.9339580371473	106.37340332420692	-0.5588438929772537
PF3D7_0728100	337257.0	106073.0	487399.0	702.1578719939295	134.61400633272012	-2.3786451674455593
PF3D7_0728200	8003.0	21211.0	16708.0	20.13613023962143	26.918232616437045	0.40996312093614173
PF3D7_0728300	10832.0	74749.0	13656.0	21.20180878019245	94.86167412408903	2.135594271334992
PF3D7_0728400	19550.0	39786.0	37414.0	46.89153267368425	50.49119809898469	0.10561891676241762
PF3D7_0728500	10781.0	7893.0	15708.0	22.531793329534246	10.016765359555777	-1.1309357050928621
PF3D7_0728600	1506694.0	1174398.0	2353375.0	3255.7432222325383	1490.3926523161772	-1.127032080454682
PF3D7_0728700	104190.0	499365.0	215851.0	261.02252304770616	633.7288779645978	1.2780683675727706
PF3D7_0728800	72567.0	27583.0	149143.0	180.99184660056636	35.00474330579336	-2.353821056104486
PF3D7_0728900	37001.0	26315.0	67278.0	86.36154970627476	33.39556321255673	-1.3576212493255309
PF3D7_0729000	7221.0	6656.0	12445.0	16.391411424697807	8.44692642001815	-0.9168258261808258
PF3D7_0729100	113364.0	98439.0	160659.0	233.87632286170498	124.92592996697215	-0.9019911983835893
PF3D7_0729200	832.0	16558.0	2354.0	2.5102421105617942	21.01325235316414	2.837274215334994
PF3D7_0729300	19889.0	35585.0	36951.0	46.95351059623955	45.15983723803273	-0.055589104484536626
PF3D7_0729400	50265.0	105997.0	77437.0	107.88947445643409	134.51755705268386	0.31692235531604956
PF3D7_0729500	48202.0	49878.0	84828.0	110.60217255637423	63.29864723222134	-0.8002892893539599
PF3D7_0729600	6280.0	23331.0	7621.0	12.091884655551928	29.608659901659173	1.2576842663484977
PF3D7_0729700	78543.0	16237.0	167878.0	200.25645896663417	20.605881051958338	-3.2497294444478086
PF3D7_0729800	30335.0	2683.0	67506.0	79.14584201608248	3.4049133991749843	-4.350236587894203
PF3D7_0729900	141395.0	179704.0	211226.0	299.0306265208177	228.05686078469674	-0.3901503975945964
PF3D7_0730000	8282.0	40761.0	11299.0	16.790165646559224	51.728540836292034	1.5948867075536417
PF3D7_0730100	10311.0	62276.0	8644.0	17.23960636931231	79.03257057287414	2.1645718035380805
PF3D7_0730200	11393.0	9936.0	21283.0	26.974975976980645	12.609474295267479	-1.067508386721958
PF3D7_0730300	61827.0	25140.0	90661.0	129.60648431373227	31.90440658041711	-2.0054309461835884
PF3D7_0730400	9605.0	50076.0	16846.0	22.000493282677077	63.549922988105294	1.5092402056383398
PF3D7_0730500	42533.0	277378.0	81573.0	102.13554244279106	352.0119526039354	1.7801417564130122
PF3D7_0730800	1104.0	1194.0	2481.0	2.8967614525702485	1.5152689521486884	-0.7531875146882289
PF3D7_0730900	6716.0	826.0	9290.0	13.701521374794122	1.0482513856573004	-3.197333848100431
PF3D7_0731100	51991.0	37634.0	87070.0	116.30592435445139	47.7601605905894	-1.275208827658306
PF3D7_0731200	368.0	0.0	1032.0	1.1040889036998014	0.0	-1.6817541027482203
PF3D7_0731300	369.0	276.0	92.0	0.47011326839831585	0.3502631748685411	-0.1902437474579826
PF3D7_0731500	1196.0	736.0	920.0	1.9438339788780705	0.9340351329827762	-0.7690659098165
PF3D7_0731600	1012.0	646.0	1471.0	2.112674260118591	0.8198188803082519	-0.9851873041686885
PF3D7_0731700	1288.0	92.0	459.0	1.734086642392512	0.11675439162284702	-1.8569171490949874
PF3D7_0731800	122438.0	58308.0	196774.0	268.3082461063092	73.99690289940179	-1.8513250417023508
PF3D7_0732000	92.0	0.0	0.0	0.10171270283467045	0.0	-0.26714671912344645
PF3D7_0732200	92.0	92.0	92.0	0.1638695870374059	0.11675439162284702	-0.10620377780427723
PF3D7_0732300	0.0	0.0	0.0	0.0	0.0	0.0
PF3D7_0732400	368.0	0.0	0.0	0.4068508113386818	0.0	-0.8589371334350859
PF3D7_0732500	92.0	184.0	920.0	0.7232815448620251	0.23350878324569405	-0.7378703397853852
PF3D7_0732600	0.0	0.0	0.0	0.0	0.0	0.0
PF3D7_0732700	0.0	0.0	0.0	0.0	0.0	0.0
PF3D7_0732800	0.0	0.0	151.0	0.10201836428927233	0.0	-0.26787940150785405
PF3D7_0732900	467.0	0.0	0.0	0.5163025241716424	0.0	-1.0233299150592685
PF3D7_0733000	15184.0	17853.0	18872.0	29.537286940387606	22.65669732220313	-0.37532500361435794
PF3D7_0800100	30214.0	75753.0	57036.0	71.93834403080383	96.13581987614707	0.41580448404095766
PF3D7_0800200	12420.0	14899.0	12429.0	22.12847481480876	18.90786609553041	-0.22149784684040622
PF3D7_0800300	48121.0	51425.0	62567.0	95.47268203282312	65.261897708749	-0.5453718791381652
PF3D7_0800400	1196.0	368.0	92.0	1.3844220210534512	0.4670175664913881	-0.9625080937906465
PF3D7_0800500	644.0	0.0	828.0	1.2714008776673125	0.0	-1.8248907387846176
PF3D7_0800600	24487.0	7342.0	28714.0	46.4718666011948	9.317508079292857	-2.258368140301916
PF3D7_0800700	71879.0	10042.0	98601.0	146.0841120252956	12.743995659528585	-3.4683183928142203
PF3D7_0800800	0.0	92.0	184.0	0.12431376840547093	0.11675439162284702	-0.01757519952924426
PF3D7_0801000	1627.0	45994.0	4052.0	4.5363724163205745	58.36958139457854	3.5470654963753834
PF3D7_0801300	16165.0	24817.0	20871.0	31.972414907801518	31.494497140262983	-0.021390887285622613
PF3D7_0801400	47847.0	48863.0	63676.0	95.91901577199847	62.01054171594754	-0.6252181980806317
PF3D7_0801500	7268.0	26037.0	10908.0	15.404948011802427	33.04276189873987	1.0765258285992387
PF3D7_0801600	3120.0	19964.0	6994.0	8.174661749544605	25.3357029821578	1.5744867306227723
PF3D7_0801700	34326.0	195333.0	53319.0	73.97318637291902	247.89114759636496	1.7378207678953705
PF3D7_0801800	117600.0	100342.0	172154.0	246.3257619173366	127.34096917630126	-0.9491427299442674
PF3D7_0801900	152221.0	2206447.0	291811.0	365.44425950305225	2800.134534054956	2.9360579131072724
PF3D7_0802000	192492.0	144765.0	288127.0	407.4778061818798	183.71684242697228	-1.1470857033354702
PF3D7_0802100	300850.0	264709.0	460236.0	643.5554609319648	335.9341114357849	-0.936860937613434
PF3D7_0802200	13523.0	618211.0	33019.0	37.25890260786272	784.5527086907813	4.377900779085214
PF3D7_0802300	47284.0	95364.0	64118.0	95.59520154506032	121.0235413339259	0.33869951951780025
PF3D7_0802400	31208.0	27327.0	49688.0	68.07284013402082	34.679861520408046	-0.9628874727551855
PF3D7_0802500	26496.0	48011.0	59424.0	69.44120066489978	60.92929452396205	-0.18721574770031355
PF3D7_0802600	22001.0	83188.0	37069.0	49.36820343018245	105.57135141653693	1.0888429204570933
PF3D7_0802700	1564.0	14713.0	3609.0	4.167422416533661	18.67181917333639	2.038289290978777
PF3D7_0802800	243417.0	112474.0	311888.0	479.83247050141017	142.73732003682713	-1.7456259068652011
PF3D7_0802900	9454.0	14543.0	24665.0	27.116211320211352	18.45607736272896	-0.5428549552642514
PF3D7_0803000	51981.0	101811.0	93122.0	120.38371061713192	129.20523223384433	0.10161682733174549
PF3D7_0803100	74516.0	262790.0	111674.0	157.8318657704846	333.4987671148692	1.076891136725763
PF3D7_0803200	86116.0	763776.0	153839.0	199.14395680625108	969.2848066970827	2.2802352492163664
PF3D7_0803300	1927.0	26410.0	7068.0	6.905709085949393	33.516124812602065	2.199509012348107
PF3D7_0803400	191927.0	2389333.0	310292.0	421.8282372824455	3032.229573906434	2.8441802442334714
PF3D7_0803500	17371.0	33065.0	33864.0	42.084044430244504	41.961782163146054	-0.00414805276190123
PF3D7_0803600	8659.0	41295.0	14724.0	19.520959313548786	52.40622393549421	1.4019263490258753
PF3D7_0803700	137085.0	121674.0	208913.0	292.7029023645312	154.41275919911183	-0.9204434097036647
PF3D7_0803800	42413.0	145088.0	57183.0	85.52454320317281	184.1267518671264	1.1017913790742
PF3D7_0804000	91725.0	101936.0	157743.0	207.98272882937226	129.3638659181145	-0.6829278098569553
PF3D7_0804300	6992.0	445332.0	29815.0	27.8737252252671	565.157247067236	4.31730065321863
PF3D7_0804400	2668.0	29545.0	5333.0	6.552740811044446	37.49465761409799	2.429540650489292
PF3D7_0804500	1666652.0	556016.0	2721405.0	3681.2362506364616	705.6229327453142	-2.382395002695381
PF3D7_0804600	42796.0	91583.0	92242.0	109.63447981675306	116.22518965212173	0.08384972828283623
PF3D7_0804700	724182.0	6507572.0	1479501.0	1800.213922815746	8258.560976107325	2.1974087617377553
PF3D7_0804800	16699.0	25232.0	29312.0	38.26568493898635	32.02116097203996	-0.25340139461943423
PF3D7_0804900	25233.0	36711.0	43976.0	57.60791054702972	46.588809465938446	-0.3033503311332386
PF3D7_0805000	9943.0	6440.0	11396.0	18.69205713760328	8.17280741359929	-1.1459383790231663
PF3D7_0805100	11732.0	290602.0	39831.0	39.88113352538598	368.79412733024554	3.193017006621958
PF3D7_0805200	1563.0	67312.0	1670.0	2.8562929472734577	85.42360444475085	4.678113965683997
PF3D7_0805300	8373.0	1467680.0	60032.0	49.8156797097099	1862.5878858371752	5.21054386826288
PF3D7_0805400	1932.0	41353.0	3035.0	4.186468319911798	52.479829964995574	3.49887017810594
PF3D7_0805500	31062.0	32315.0	48297.0	66.97164143250052	41.00998005752501	-0.7008230209391734
PF3D7_0805600	11802.0	3586.0	26307.0	30.821461647566764	4.550883134342711	-2.6325439723486332
PF3D7_0805700	14670.0	42291.0	37102.0	41.28554422037507	53.670217131758946	0.37449594777714457
PF3D7_0805800	276.0	126750.0	8631.0	6.136399712349769	160.854555849955	4.603689719838801
PF3D7_0805900	18742.0	10914.0	29942.0	40.95000981875759	13.850624240997309	-1.5302589490908756
PF3D7_0806000	29221.0	68337.0	66780.0	77.42373496294107	86.72440065576627	0.16266895037540902
PF3D7_0806100	30720.0	61698.0	68863.0	80.4883016079788	78.29904841680886	-0.039535324611886524
PF3D7_0806200	8868.0	29640.0	17884.0	21.886977889343243	37.61521921414332	0.7677073876177078
PF3D7_0806300	47525.0	49775.0	66523.0	97.48650663082918	63.167933076382724	-0.6220161654112133
PF3D7_0806400	6806.0	6624.0	12974.0	16.29000077325062	8.406316196844985	-0.9147015595764096
PF3D7_0806500	25814.0	55262.0	40577.0	55.953821752919346	70.13131728110622	0.32323675276571373
PF3D7_0806600	82531.0	15367.0	119907.0	172.25539773636507	19.501790609437936	-3.1105297237752105
PF3D7_0806700	146057.0	165474.0	197952.0	295.2166497785147	209.9980021673803	-0.4904089332536127
PF3D7_0806800	143640.0	132350.0	196760.0	291.7391431619815	167.96134490525873	-0.7947318399054157
PF3D7_0806900	4346.0	26316.0	11599.0	12.641316373771808	33.39683228203089	1.3670406587470585
PF3D7_0807000	12772.0	46642.0	40439.0	41.44170522694381	59.19193841383512	0.5091505857077028
PF3D7_0807100	74171.0	82515.0	105193.0	153.07176089009448	104.71726766042633	-0.545541463562503
PF3D7_0807200	9355.0	11831.0	17044.0	21.85787249314962	15.014360948803294	-0.5271786401415889
PF3D7_0807300	17766.0	13855.0	18204.0	31.940563028123385	17.58295756450593	-0.8431682011820061
PF3D7_0807400	10400.0	100680.0	26861.0	29.645741044024454	127.7699146585678	2.089156730789346
PF3D7_0807500	24827.0	68312.0	36521.0	52.122313491787665	86.69267391891223	0.7285322456682742
PF3D7_0807600	97894.0	214319.0	162843.0	218.24866114699216	271.98570063279294	0.3169063359081344
PF3D7_0807700	25850.0	29804.0	35852.0	52.80132587731199	37.82334660790579	-0.47594786991963944
PF3D7_0807800	47243.0	150486.0	114433.0	129.54360815206482	190.97718888864952	0.5581770405656272
PF3D7_0807900	11041.0	52714.0	36436.0	36.8234585305268	66.89772826094303	0.852617286205259
PF3D7_0808000	10592.0	4512.0	18602.0	24.278079438740374	5.72604146741615	-1.9926772770424745
PF3D7_0808100	4783.0	37264.0	11965.0	13.371728012434332	47.29060488514969	1.784579511324688
PF3D7_0808200	17844.0	78641.0	28295.0	38.844462042372385	99.80089251752514	1.3501019561126844
PF3D7_0808300	126510.0	168819.0	200595.0	275.3916763289335	214.2430395584501	-0.36149056092560966
PF3D7_0808400	27611.0	36369.0	37455.0	55.83125582371242	46.154787705775256	-0.27191049695615477
PF3D7_0808450	5526.0	19205.0	10916.0	13.48444504153749	24.372479251269315	0.8307273173248577
PF3D7_0808600	41137.0	119258.0	65526.0	89.75051576932916	151.34668734953794	0.75060835342351
PF3D7_0808700	49419.0	108242.0	64670.0	98.32854089975524	137.36661802217617	0.4802735299002212
PF3D7_0808800	2541.0	1472.0	1288.0	3.679457008217619	1.8680702659655524	-0.8196036310651138
PF3D7_0808900	92.0	920.0	110.0	0.17603071655533242	1.1675439162284702	1.3025640522413036
PF3D7_0809100	44816.0	181606.0	91637.0	111.45898791222457	230.4706309245517	1.0447390669890446
PF3D7_0809200	13809.0	551747.0	43687.0	44.782592539226826	700.2052751601193	3.9517792939287837
PF3D7_0809250	6309.0	28558.0	15030.0	17.129602301641846	36.242086043100706	1.0594336083145999
PF3D7_0809400	34760.0	79372.0	60895.0	79.57148928324696	100.7285823031371	0.3382561535273651
PF3D7_0809500	22378.0	6572.0	33521.0	47.38791064558859	8.340324584188593	-2.437490245860712
PF3D7_0809600	498389.0	245676.0	706596.0	1028.3945435128765	311.77991213407137	-1.7201834468944206
PF3D7_0809700	140117.0	69385.0	222514.0	305.24408385405434	88.0543854646874	-1.7876889226684256
PF3D7_0809800	248656.0	127431.0	406771.0	549.7292584792252	161.7187921618589	-1.7620918995191481
PF3D7_0809900	56452.0	44932.0	61862.0	104.2068985975265	57.02182961301916	-0.8641750273089457
PF3D7_0810000	8557.0	217433.0	21590.0	24.04698617492754	275.93758297533145	3.493335960566691
PF3D7_0810100	12301.0	22353.0	10637.0	20.78620363949759	28.367509955929343	0.43952799906137274
PF3D7_0810200	13091.0	47350.0	28312.0	33.60115976474475	60.09043960154138	0.8292693673036147
PF3D7_0810300	783373.0	569970.0	1090487.0	1602.8289058836162	723.3315281877622	-1.1473445552324255
PF3D7_0810400	8004.0	207177.0	14580.0	18.699520056136798	262.92200644833235	3.7782337218747766
PF3D7_0810500	5060.0	50941.0	8183.0	11.122783258417574	64.64766808325489	2.4867579532713533
PF3D7_0810600	210287.0	344930.0	360569.0	476.09461653359205	437.74013372248504	-0.12104104400713007
PF3D7_0810700	11566.0	9935.0	19332.0	25.84810876514218	12.608205225793316	-1.0072292452878142
PF3D7_0810800	10212.0	4995.0	13070.0	20.120441281276165	6.339002023436096	-1.5922174856557247
PF3D7_0810900	3401.0	46547.0	9237.0	10.000739583928063	59.07137681378978	2.504128360242559
PF3D7_0811000	28860.0	47932.0	43632.0	61.38541060154721	60.829038035503295	-0.013029014150054249
PF3D7_0811100	6257.0	7544.0	12885.0	15.622911245530211	9.573860113073456	-0.6784956658992243
PF3D7_0811200	24647.0	19042.0	35418.0	51.17810338541965	24.16562092698101	-1.0670515174275625
PF3D7_0811300	214548.0	191935.0	323891.0	456.02513422914205	243.5788495231646	-0.9033470058871823
PF3D7_0811400	126778.0	52457.0	191520.0	269.55673372262765	66.57157740608355	-2.0094890843544455
PF3D7_0811500	4950.0	6917.0	9437.0	11.848395600574275	8.77815355277427	-0.41241397984858247
PF3D7_0811600	54004.0	21443.0	105759.0	131.15807304652873	27.212656734442486	-2.2481790579970693
PF3D7_0811700	20963.0	2296.0	31240.0	44.282439695833176	2.91378351267453	-3.713489649774088
PF3D7_0811800	6900.0	28356.0	14516.0	17.435728050501456	35.98573400932011	1.0244961691316077
PF3D7_0811900	3380.0	91001.0	14133.0	13.285349782809199	115.4865912181598	3.0727502511698694
PF3D7_0812000	13238.0	14563.0	29515.0	34.57644779749027	18.481458752212188	-0.8859117832217843
PF3D7_0812100	40709.0	40123.0	83377.0	101.33779297682688	50.91887451177708	-0.9859031216555759
PF3D7_0812200	1970.0	1012.0	4487.0	5.209477869586682	1.2842983078513173	-1.6780019851534116
PF3D7_0812220	6313.0	3406.0	11490.0	14.742335787877227	4.322450628993662	-1.6602456297922321
PF3D7_0812300	1189.0	8740.0	3220.0	3.4900170739481666	11.091667204170466	1.5386212558378694
PF3D7_0812400	105259.0	103237.0	127267.0	202.3554083641751	131.01492530399847	-0.6252252303012047
PF3D7_0812500	171650.0	133411.0	269040.0	371.53993008125144	169.30782761734395	-1.131554506144613
PF3D7_0812600	22908.0	130787.0	37867.0	50.91010142001755	165.9777893171445	1.6952059492540363
PF3D7_0812700	9927.0	11109.0	17344.0	22.692945659261056	14.098092788458777	-0.6679061673390936
PF3D7_0812800	696.0	537.0	9912.0	7.466207362939614	0.6814903076246615	-2.7532852398191627
PF3D7_0812900	15259.0	59887.0	20138.0	30.475537680749163	76.0007635991026	1.3043448230378163
PF3D7_0813000	47341.0	41412.0	82004.0	107.74232822888318	52.55470506397109	-1.0287121714642078
PF3D7_0813100	8890.0	52593.0	22389.0	24.954960963209395	66.74417085456949	1.4014623581179682
PF3D7_0813200	4508.0	36883.0	4320.0	7.902593523201213	46.807089415494204	2.493149800952853
PF3D7_0813300	94142.0	358008.0	166471.0	216.55169500407737	454.3370243055676	1.0673110072448138
PF3D7_0813400	43125.0	992696.0	115400.0	125.6441820297917	1259.800190722106	3.320621836409789
PF3D7_0813500	11812.0	113531.0	21838.0	27.81317916415722	144.0787264710157	2.3523096301855215
PF3D7_0813600	27530.0	48810.0	38654.0	56.55177077185884	61.94328103381699	0.1302746790482728
PF3D7_0813700	47633.0	101858.0	69334.0	99.50507155909042	129.2648784991299	0.3758267984036473
PF3D7_0813800	3751.0	392432.0	18999.0	16.983075992398042	498.0234718840989	4.833630490654036
PF3D7_0813900	62777.0	108135.0	73756.0	119.2354510555333	137.2308275884409	0.2020011406222847
PF3D7_0814000	45118.0	78479.0	55915.0	87.65843376837626	99.59530326271098	0.18320378249792363
PF3D7_0814100	22633.0	85861.0	41802.0	53.26462692065048	108.9635741209703	1.0257216629901642
PF3D7_0814200	130603.0	1118538.0	222592.0	294.7783619214321	1419.5024314895225	2.265745855704983
PF3D7_0814300	3312.0	13525.0	3218.0	5.835797012530774	17.164164638032673	1.4792275039314755
PF3D7_0814400	32495.0	61744.0	45646.0	66.76486320576825	78.35742561262029	0.2293935243018937
PF3D7_0814500	2854.0	19506.0	5615.0	6.948901724875099	24.754469162991892	1.7614390836630909
PF3D7_0814600	184.0	50525.0	1106.0	0.9506592527152693	64.11973518200375	5.477194250559737
PF3D7_0814700	1658.0	12398.0	2575.0	3.572756936107907	15.733923340652797	1.994934084630619
PF3D7_0814900	27596.0	79223.0	27600.0	49.15645381979418	100.53949095148705	1.0248661345242631
PF3D7_0815000	964.0	24422.0	2116.0	2.495380570713158	30.99321469796924	3.3942298115295455
PF3D7_0815100	2391.0	50628.0	2484.0	4.321660574318391	64.25044933784238	3.747288204814514
PF3D7_0815200	106072.0	84188.0	170779.0	232.65174285150135	106.84042089069831	-1.1190757639631288
PF3D7_0815300	10395.0	55526.0	19879.0	24.92304616339758	70.46635162228482	1.480998236399746
PF3D7_0815400	1950.0	20831.0	1972.0	3.4881863714717576	26.43598621625572	2.755730153181593
PF3D7_0815500	8279.0	40393.0	14909.0	19.225831014639343	51.26152326980065	1.3917939947392126
PF3D7_0815600	18298.0	53564.0	27572.0	38.85792008376763	67.9764373139802	0.7989536615303716
PF3D7_0815700	3778.0	6824.0	12266.0	12.46398840152324	8.660130091677262	-0.5010696423765365
PF3D7_0815800	340963.0	214090.0	487014.0	705.9950119535733	271.69508372320996	-1.3760383650701165
PF3D7_0815900	1104.0	51247.0	7316.0	6.163375964746617	65.03600334234828	3.297962492462012
PF3D7_0816000	8995.0	25562.0	10029.0	16.72040384420755	32.43995389851321	0.9357195594390146
PF3D7_0816100	826.0	13406.0	2942.0	2.9008722376726688	17.013145370607468	2.364461502165409
PF3D7_0816200	7084.0	262901.0	16817.0	19.193751179545735	333.63963382650115	4.084641276698977
PF3D7_0816300	98745.0	21501.0	204203.0	247.1330768071818	27.286262763943846	-3.1557603198011694
PF3D7_0816400	27137.0	47844.0	67863.0	75.85141575515965	60.717359921777096	-0.3187140805061379
PF3D7_0816500	1012.0	63058.0	3486.0	3.4740451478198078	80.02498290166834	4.3407562814952465
PF3D7_0816600	61013.0	72856.0	67720.0	113.2071884376195	92.45932560950155	-0.29065195503679353
PF3D7_0816700	12098.0	100918.0	23856.0	29.49277074385109	128.0719531934182	2.0998892559298885
PF3D7_0816800	47411.0	2602592.0	90164.0	113.33276371032609	3302.870060896616	4.8589508333367135
PF3D7_0816900	21070.0	9290.0	42529.0	52.027791054180895	11.789655414959226	-2.095636451169134
PF3D7_0817000	8187.0	5239.0	19354.0	22.127241684425968	6.648654975131473	-1.6623169989351196
PF3D7_0817100	5343.0	18036.0	18641.0	18.501276626835175	22.88893703597466	0.2997299453287894
PF3D7_0817200	22280.0	28243.0	26985.0	42.863723253992106	35.84232915873987	-0.25483774927257274
PF3D7_0817300	35303.0	124758.0	63540.0	81.95882576537154	158.32656945742553	0.9457064531743802
PF3D7_0817400	18214.0	66210.0	36306.0	44.66590225320871	84.02508988422501	0.9041456163262587
PF3D7_0817500	103299.0	1243642.0	209270.0	255.5912135567943	1578.2680989850078	2.6240696128608754
PF3D7_0817600	23368.0	936266.0	82931.0	81.86472830062645	1188.1866002951792	3.851197932488168
PF3D7_0817700	33536.0	65729.0	66106.0	81.73891510184282	83.4146674671534	0.029101769175348513
PF3D7_0817800	4852.0	23768.0	6342.0	9.649010801821404	30.163243261867695	1.5951711809623252
PF3D7_0817900	98829.0	3981926.0	286116.0	302.567867271712	5053.34073496953	4.0596673965916565
PF3D7_0818000	51084.0	185019.0	84307.0	113.43643639224265	234.80196503986448	1.04628418013387
PF3D7_0818100	6679.0	4140.0	19487.0	20.549895050994238	5.2539476230281155	-1.8711890467267815
PF3D7_0818200	146605.0	125772.0	238274.0	323.0647850608636	159.61340590422517	-1.014960495399489
PF3D7_0818300	5796.0	41125.0	14527.0	16.222607417857475	52.19048212488678	1.6557425681598712
PF3D7_0818400	65057.0	160624.0	132018.0	161.11903094556396	203.8430152176976	0.33839584234518383
PF3D7_0818500	202028.0	125614.0	320306.0	439.7612704317846	159.41289292730767	-1.4610736763340206
PF3D7_0818600	31655.0	35338.0	41321.0	62.914132830138314	44.846377077914866	-0.48381711123836935
PF3D7_0818700	387698.0	50328.0	614581.0	843.8505599325807	63.86972849559397	-3.7133878168082566
PF3D7_0818800	10764.0	86738.0	20152.0	25.515446345281713	110.07654804980983	2.0876050749608828
PF3D7_0818900	1569680.0	741047.0	1981038.0	3073.8211407906974	940.4401266188686	-1.7080930452973782
PF3D7_0819000	63262.0	71580.0	80028.0	124.00913190981996	90.83999296047163	-0.4469329745387224
PF3D7_0819100	4875.0	12413.0	11503.0	13.161305057642222	15.752959382765217	0.2506071217239673
PF3D7_0819200	2484.0	2046.0	3741.0	5.273731061345161	2.596516144134185	-0.8988579410641748
PF3D7_0819300	4205.0	3498.0	10562.0	11.78481441705523	4.43920502061651	-1.3145253038570828
PF3D7_0819400	1196.0	4837.0	1747.0	2.5025703183961383	6.138489046518598	1.1446568809117368
PF3D7_0819500	13414.0	25678.0	32227.0	36.60330546767201	32.587165957515936	-0.16527599512697966
PF3D7_0819600	16674.0	759592.0	52250.0	53.735378333241556	963.9750200171915	4.152437723243763
PF3D7_0819700	13428.0	20608.0	30194.0	35.245251470449446	26.152983723517732	-0.42345455423741746
PF3D7_0819800	862405.0	252094.0	1581241.0	2021.7669263233868	319.9248000192391	-2.65791571844089
PF3D7_0819900	11253.0	11867.0	20731.0	26.447254471798427	15.060047449873105	-0.7922918313129106
PF3D7_0820000	66323.0	137432.0	107182.0	145.73902992088523	174.41075597294687	0.25829060376832563
PF3D7_0820100	3223.0	6992.0	3772.0	6.111693570096316	8.873333763336374	0.5035423926751676
PF3D7_0820200	53702.0	41622.0	110396.0	133.95703213122454	52.82120965354498	-1.334363795317104
PF3D7_0820300	40590.0	51099.0	56114.0	82.78684791534317	64.8481810601724	-0.3499416133705564
PF3D7_0820400	8570.0	28138.0	20153.0	23.090495115552756	35.70907686395293	0.6181456982742366
PF3D7_0820500	34451.0	46095.0	56935.0	76.55441877652147	58.49775741146884	-0.3852175755312821
PF3D7_0820600	85563.0	36625.0	147285.0	194.10457263524785	46.479669491160564	-2.0504371406806685
PF3D7_0820700	110691.0	131864.0	134740.0	213.40977572770743	167.34457714081628	-0.34987648949354555
PF3D7_0820800	18895.0	7356.0	34490.0	44.19187452405917	9.335275051931117	-2.1839752529831586
PF3D7_0820900	80187.0	68736.0	161880.0	198.02166214067972	87.23075937595667	-1.1781417775556118
PF3D7_0821000	6808.0	18287.0	11553.0	15.332158305354774	23.207473473989168	0.5824839787083033
PF3D7_0821100	6814.0	27795.0	16046.0	18.37434479383193	35.27378603431558	0.9224762472159949
PF3D7_0821200	5712.0	26128.0	11046.0	13.77791197277232	33.158247220888555	1.2371750366647685
PF3D7_0821300	6805.0	67905.0	15551.0	18.029963576376865	86.17616264292855	2.225775237832374
PF3D7_0821400	18155.0	136985.0	31279.0	41.204340227617436	173.84348191799674	2.0636629880540545
PF3D7_0821500	2760.0	10497.0	2835.0	4.966758984113538	13.321422270272013	1.3381484042829923
PF3D7_0821600	5980.0	36480.0	14410.0	16.346985481660298	46.295654417407164	1.473884097502121
PF3D7_0821700	12696.0	37723.0	14992.0	24.165222643004196	47.87310777378976	0.9717269179842702
PF3D7_0821800	17102.0	170217.0	56735.0	57.23871162087751	216.01719868332773	1.906870806772455
PF3D7_0821900	1478.0	10978.0	7548.0	6.733603660346633	13.931844687343636	0.9964692598763638
PF3D7_0822000	5746.0	36129.0	12935.0	15.091744430982605	45.85021103197652	1.5717935591898922
PF3D7_0822100	18062.0	28541.0	29132.0	39.65096944775986	36.22051186203996	-0.12884865292788997
PF3D7_0822200	23558.0	20152.0	34370.0	49.266086558991134	25.574288043300143	-0.9325350821019351
PF3D7_0822300	14836.0	39045.0	33564.0	39.07873174604113	49.55081761863111	0.3386682531292476
PF3D7_0822400	73775.0	55335.0	167288.0	194.5864727840763	70.22395935272	-1.4638427967625058
PF3D7_0822500	30926.0	9392.0	49946.0	67.9353781114657	11.919100501323687	-2.4621816435995054
PF3D7_0822600	103704.0	246332.0	132637.0	204.2643128778792	312.61242170912124	0.6127164450749174
PF3D7_0822700	8372.0	3033.0	11816.0	17.23896186816721	3.8490877151314673	-2.0281368703219997
PF3D7_0822800	7204.0	23287.0	15332.0	18.32312673714463	29.55282084479607	0.6749941166680606
PF3D7_0822900	5205.0	17689.0	6727.0	10.299391068328926	22.448569928440662	1.0874542856704816
PF3D7_0823000	10856.0	32018.0	19603.0	25.246244597819626	40.633066423699084	0.6759366140710219
PF3D7_0823100	7927.0	5147.0	12455.0	17.178702044733726	6.531900583508627	-1.3300257781526232
PF3D7_0823200	87403.0	121856.0	153621.0	200.41954428225137	154.6437298434092	-0.37301251654915424
PF3D7_0823300	63831.0	88058.0	118513.0	150.63937339302868	111.75171975570285	-0.4291419986791177
PF3D7_0823400	26925.0	9894.0	55677.0	67.38394962586091	12.5561733773527	-2.3783383856600544
PF3D7_0823500	5980.0	9476.0	11480.0	14.367423843464483	12.025702337153243	-0.24726318568567068
PF3D7_0823600	3405.0	920.0	8094.0	9.232930150967324	1.1675439162284702	-2.5451494449527603
PF3D7_0823700	1289.0	5248.0	2760.0	3.2897899386243488	6.660076600398925	0.9178571373368223
PF3D7_0823800	16930.0	34628.0	33657.0	41.456633810896065	43.94533775126029	0.08313315561607286
PF3D7_0823900	22407.0	25933.0	39987.0	51.788520228600476	32.91077867342708	-0.6461806357257333
PF3D7_0824000	3062.0	30191.0	2803.0	5.279022201087265	38.31447649440624	2.747697512119392
PF3D7_0824100	5520.0	10675.0	15177.0	16.356621208611923	13.547316636672738	-0.2630208186184052
PF3D7_0824200	59811.0	12668.0	83578.0	122.59224496892064	16.07657209867637	-2.8925222672252886
PF3D7_0824300	4486.0	39624.0	10258.0	11.890092424652087	50.28560884417055	2.0352327879504397
PF3D7_0824400	9983.0	26593.0	12510.0	19.48891884537756	33.74836452637359	0.7768346540805084
PF3D7_0824500	4232.0	29273.0	12537.0	13.14901103963065	37.14947071712609	1.46383316116532
PF3D7_0824600	18121.0	32167.0	33765.0	42.84633786056985	40.82215777534913	-0.0689945203634727
PF3D7_0824700	24661.0	10490.0	34743.0	50.737539048493986	13.312538783952883	-1.8912226689241916
PF3D7_0824800	45214.0	71085.0	97102.0	115.59125995457401	90.21180357076175	-0.3558971676081065
PF3D7_0824900	23271.0	39942.0	45752.0	56.63867471423009	50.68917293695387	-0.15862887760133534
PF3D7_0825000	18677.0	1532259.0	66977.0	65.89967156619296	1944.543123409043	4.872482225663951
PF3D7_0825100	8690.0	4925.0	20548.0	23.49003308946842	6.2501671602448	-1.8294400131157007
PF3D7_0825200	17260.0	24569.0	34953.0	42.697074178963305	31.17976791067096	-0.4473718330641008
PF3D7_0825300	13869.0	278028.0	28191.0	34.37954563231913	352.83684776214034	3.340591056945562
PF3D7_0825400	10945.0	51969.0	15121.0	22.316519332119903	65.9522715026928	1.5422397904358656
PF3D7_0825500	18816.0	81275.0	38779.0	47.00226118516345	103.14362151246621	1.1255632372909157
PF3D7_0825600	6790.0	13004.0	17476.0	19.31394522363497	16.502979441994594	-0.2207285960559005
PF3D7_0825700	7591.0	1402683.0	54355.0	45.11563660932249	1780.1021772251079	5.286692963371217
PF3D7_0825800	16905.0	4742661.0	148424.0	118.96768067746643	6018.766301395688	5.654895358088336
PF3D7_0825900	5811.0	298215.0	17169.0	18.02417457661995	378.45555323703616	4.354547484509908
PF3D7_0826000	8875.0	23183.0	12743.0	18.421363185360416	29.420837619483287	0.661134532284108
PF3D7_0826100	786247.0	814926.0	1182811.0	1668.3821068084007	1034.1977103004374	-0.6896727013456118
PF3D7_0826200	29062.0	39654.0	42674.0	60.96149398096441	50.32368092839539	-0.2741819687754928
PF3D7_0826300	37904.0	70899.0	79850.0	95.85375534601928	89.97575664856772	-0.0908096281292399
PF3D7_0826400	28005.0	7848.0	52854.0	66.67069783191658	9.959657233218515	-2.6829964423354977
PF3D7_0826500	111145.0	113112.0	149388.0	223.80816275910536	143.54698636134208	-0.6389426443687893
PF3D7_0826600	22296.0	27324.0	45720.0	55.539121392944324	34.67605431198557	-0.6718406715187653
PF3D7_0826700	51429.0	64846.0	52741.0	92.49129156326887	82.29407912146888	-0.16756801770558416
PF3D7_0826900	331807.0	142670.0	562863.0	747.1173598094324	181.05814187860418	-2.04186844062714
PF3D7_0827000	157674.0	164913.0	286438.0	367.84285113061924	209.28605419237576	-0.8121304667650073
PF3D7_0827100	43460.0	66597.0	57502.0	86.89760022413557	84.51621977072547	-0.039855555286334825
PF3D7_0827200	39101.0	5080904.0	211234.0	185.94256164368556	6448.020167544456	5.112164977761412
PF3D7_0827300	102872.0	47799.0	142672.0	210.1243059671836	60.660251795439834	-1.784005681077937
PF3D7_0827400	10535.0	2072214.0	75064.0	62.36182261040639	2629.783531329851	5.38689041081902
PF3D7_0827500	23743.0	162242.0	45006.0	56.65649384599883	205.89636962689073	1.8524282700123738
PF3D7_0827600	18588.0	190637.0	37825.0	46.105650709340466	241.93159734570312	2.379000954482536
PF3D7_0827700	2519.0	32145.0	4496.0	5.822517932782973	40.79423824691758	2.707369368590812
PF3D7_0827800	195602.0	1362438.0	353071.0	454.7934930675133	1729.0284762374831	1.9255100214992926
PF3D7_0827900	71780.0	288153.0	113438.0	155.99880912676684	365.6861761880243	1.2264256502544137
PF3D7_0828000	4143.0	387681.0	11828.0	12.571601676021682	491.9941228123582	5.235598676345416
PF3D7_0828100	15299.0	107977.0	23833.0	33.016170237732794	137.0303146115234	2.036820441991288
PF3D7_0828200	93434.0	172926.0	132994.0	193.15127537296956	219.4551078888309	0.1837481016199045
PF3D7_0828300	120402.0	61727.0	188016.0	260.1402346408859	78.33585143155955	-1.7251360430163962
PF3D7_0828400	6870.0	9130.0	5799.0	11.513196086585314	11.586604299093406	0.00878895177469484
PF3D7_0828500	5335.0	51712.0	13412.0	14.959623919022336	65.62612064783332	2.096715043230059
PF3D7_0828600	75209.0	47626.0	130597.0	171.38275297518885	60.440702776409914	-1.4959467468742913
PF3D7_0828700	818404.0	290169.0	1414691.0	1860.5963860908441	368.24462024793365	-2.3354588678227257
PF3D7_0828800	12789.0	68703.0	15176.0	24.39235468710124	87.18888008330933	1.8166911964226886
PF3D7_0828900	2023.0	18770.0	2340.0	3.8175207268362965	23.820434030009114	2.493893967060262
PF3D7_0829000	47099.0	55684.0	86426.0	110.46236374908433	70.66686459920231	-0.6407928441462991
PF3D7_0829100	12484.0	25645.0	27056.0	32.081500447578655	32.545286664868605	0.0203914664864151
PF3D7_0829200	14122.0	85734.0	25136.0	32.595241638599724	108.80240229775181	1.7236294000435592
PF3D7_0829300	57605.0	56583.0	91063.0	125.21035427114012	71.8077580564734	-0.7978811333318951
PF3D7_0829400	176284.0	112765.0	284086.0	386.8285077404929	143.10661925380808	-1.4314354402037635
PF3D7_0829500	401817.0	367039.0	766791.0	962.2960055393314	465.797990726719	-1.045977943219759
PF3D7_0829600	18502.0	62554.0	40868.0	48.06647795048332	79.385371886691	0.7179704843218291
PF3D7_0830300	1012.0	4599.0	644.0	1.5539379206005233	5.83645051166819	1.6252823349415904
PF3D7_0830400	10992.0	58881.0	16198.0	23.09612217255007	74.72407970809626	1.6726447676517606
PF3D7_0830500	3496.0	1564.0	4693.0	7.0357594203635365	1.9848246575883994	-1.6006088563850254
PF3D7_0830600	29735.0	6420.0	40055.0	59.93610016879885	8.147426024116063	-2.805067897046951
PF3D7_0830700	5565.0	3726.0	11392.0	13.849156696875037	4.728552860725304	-1.4564823487800305
PF3D7_0830800	140613.0	272120.0	223067.0	306.166064914599	345.3391853087949	0.17343281326376717
PF3D7_0830900	20079.0	37085.0	42740.0	51.074723815676755	47.0634414492748	-0.11681108550083703
PF3D7_0831000	828.0	2288.0	1840.0	2.158552009566743	2.903630956881239	0.3564339291049156
PF3D7_0831100	13711.0	43395.0	27233.0	33.55762278325284	55.07126983123311	0.7063614683239725
PF3D7_0831200	105613.0	86686.0	148330.0	216.97732954641089	110.01055643715344	-0.9766808296271314
PF3D7_0831300	438215.0	789872.0	810020.0	1031.74295015864	1002.4024436947981	-0.04160128937210795
PF3D7_0831400	2849.0	2594.0	3160.0	5.2847309180067406	3.2919662159746212	-0.6093037418369056
PF3D7_0831500	827.0	552.0	1288.0	1.784505131493432	0.7005263497370822	-0.9282146142662968
PF3D7_0831600	4139.0	920.0	6280.0	8.818849019846517	1.1675439162284702	-2.4824270206610244
PF3D7_0831700	68267.0	4621.0	70416.0	123.04848089602464	5.86437004009974	-4.278915741795117
PF3D7_0831800	32670.0	225115.0	57440.0	74.92658076319357	285.6865746758392	1.9238110629690224
PF3D7_0832000	14051.0	0.0	17080.0	27.073964888181262	0.0	-5.785234823724252
PF3D7_0832200	460.0	460.0	644.0	0.9436617035925005	0.5837719581142351	-0.4136714880065981
PF3D7_0832300	0.0	265.0	552.0	0.3729413052164128	0.33630341065276587	-0.06185820661025505
PF3D7_0832400	184.0	188.0	134.0	0.2939582587472382	0.23858506114233957	-0.10429907924654429
PF3D7_0832500	266.0	0.0	0.0	0.29408237993502545	0.0	-0.6673605887512433
PF3D7_0832600	0.0	0.0	456.0	0.3080819477874714	0.0	-0.6925735095646426
PF3D7_0832800	184.0	0.0	368.0	0.4520529424802827	0.0	-0.9291137073538633
PF3D7_0832900	174.0	92.0	59.0	0.23223115718689186	0.11675439162284702	-0.24760307977624368
PF3D7_0833000	0.0	148.0	0.0	0.0	0.18782228217588434	0.4601077582032035
PF3D7_0833100	164.0	92.0	276.0	0.36778460113957545	0.11675439162284702	-0.49264090239430974
PF3D7_0833200	74.0	184.0	0.0	0.0818123914104958	0.23350878324569405	0.3342602180380727
PF3D7_0833400	92.0	92.0	0.0	0.10171270283467045	0.11675439162284702	0.035621269315474664
PF3D7_0833500	25116.0	5430.0	22542.0	42.99735574014832	6.8910472446962965	-2.5570769995159637
PF3D7_0900100	80033.0	55748.0	133515.0	178.68749065538483	70.74808504554865	-1.3305467801437936
PF3D7_0900200	1564.0	0.0	184.0	1.8534297165948685	0.0	-2.234764768670207
PF3D7_0900300	92.0	0.0	0.0	0.10171270283467045	0.0	-0.26714671912344645
PF3D7_0900400	3744.0	5520.0	1288.0	5.009461155066624	7.005263497370821	0.4459914983883786
PF3D7_0900500	4140.0	12122.0	6440.0	8.928053521751652	15.383660165784256	0.7525115458409587
PF3D7_0900600	0.0	0.0	0.0	0.0	0.0	0.0
PF3D7_0900700	92.0	0.0	276.0	0.2881833554428768	0.0	-0.6566031886234431
PF3D7_0900900	276.0	0.0	0.0	0.30513810850401135	0.0	-0.6873081807174444
PF3D7_0901000	92.0	0.0	138.0	0.19494802913877363	0.0	-0.4749769967512773
PF3D7_0901100	92.0	92.0	92.0	0.1638695870374059	0.11675439162284702	-0.10620377780427723
PF3D7_0901200	0.0	0.0	0.0	0.0	0.0	0.0
PF3D7_0901300	0.0	184.0	0.0	0.0	0.23350878324569405	0.5528861463611856
PF3D7_0901400	0.0	92.0	92.0	0.06215688420273546	0.11675439162284702	0.13372327587666683
PF3D7_0901500	184.0	92.0	0.0	0.2034254056693409	0.11675439162284702	-0.18970135850538622
PF3D7_0901600	92.0	0.0	92.0	0.1638695870374059	0.0	-0.40897176624319825
PF3D7_0901700	276.0	276.0	276.0	0.49160876111221774	0.3502631748685411	-0.2218615623186927
PF3D7_0901800	184.0	184.0	368.0	0.4520529424802827	0.23350878324569405	-0.3762275609926777
PF3D7_0901900	276.0	92.0	184.0	0.4294518769094823	0.11675439162284702	-0.5916840870994546
PF3D7_0902000	310.0	276.0	276.0	0.5291982382467699	0.3502631748685411	-0.27553953177320734
PF3D7_0902100	0.0	92.0	736.0	0.4972550736218837	0.11675439162284702	-0.6932664748412679
PF3D7_0902200	24839.0	23377.0	38956.0	53.780710942523285	29.667037097470594	-0.8474666097006425
PF3D7_0902300	13893.0	4142.0	10304.0	22.321294731598506	5.256485761976439	-1.9871203986862571
PF3D7_0902400	1932.0	184.0	1564.0	3.192633790974582	0.23350878324569405	-2.331764047094356
PF3D7_0902500	363.0	0.0	1564.0	1.4579899785006916	0.0	-1.9693733808740113
PF3D7_0902600	4968.0	1380.0	12248.0	13.767458971714639	1.7513158743427053	-2.6638880186704355
PF3D7_0902800	25483.0	4973.0	25374.0	45.31645202278388	6.311082495004546	-2.7499097310593794
PF3D7_0902900	1629.0	1822.0	1129.0	2.563751251984418	2.3122445819220356	-0.1235770970681607
PF3D7_0903000	23985.0	36566.0	35399.0	50.43337740632829	46.404794392185046	-0.11887598998985131
PF3D7_0903100	8188.0	71885.0	17021.0	20.55212974809828	91.22705915009085	2.1233811948538635
PF3D7_0903200	22870.0	27163.0	39258.0	51.80787471586849	34.47173412664558	-0.5808388180504613
PF3D7_0903300	411020.0	195427.0	732106.0	949.0367715786315	248.01044012693615	-1.9339174091277624
PF3D7_0903400	65508.0	71485.0	122663.0	155.2972350462362	90.7194313604263	-0.77225654800141
PF3D7_0903500	77390.0	55952.0	114337.0	162.80845371155772	71.00697521827757	-1.1914435914026744
PF3D7_0903600	6345.0	62751.0	26038.0	24.606609243008805	79.6353785731008	1.6743721120786068
PF3D7_0903700	54474.0	1104250.0	123556.0	143.70167129096762	1401.3699668427046	3.281192745028864
PF3D7_0903800	5060.0	1256150.0	45114.0	36.07404293767	1594.1416199678183	5.446268305962605
PF3D7_0903900	26216.0	76688.0	54210.0	65.6089664146088	97.32239983448795	0.5653188991779554
PF3D7_0904000	546588.0	1498853.0	919566.0	1225.568480388799	1902.1485885552079	0.6339695652679342
PF3D7_0904100	48302.0	139526.0	101801.0	122.17999935916222	177.0681874518408	0.5334730720308294
PF3D7_0904200	13950.0	2419059.0	108002.0	88.39086969790748	3069.9539330953553	5.110272905600871
PF3D7_0904300	71917.0	183026.0	108610.0	152.88838742413145	232.27270957786087	0.6017326608162659
PF3D7_0904400	3489.0	24301.0	10032.0	10.635146549043558	30.83965729159571	1.49286885812085
PF3D7_0904500	3114.0	11862.0	6832.0	8.058578146741874	15.053702102502298	0.8618149685524087
PF3D7_0904600	251600.0	189127.0	446676.0	579.9446134928712	240.01530243971945	-1.2710297241897228
PF3D7_0904700	20842.0	19413.0	35360.0	46.932212803140516	24.636445701894882	-0.9160865076289509
PF3D7_0904800	192862.0	68869.0	378761.0	469.12085773491845	87.39954561602012	-2.41756887301312
PF3D7_0904900	155034.0	224537.0	298460.0	373.0464220697687	284.9530525197739	-0.38803405347729336
PF3D7_0905000	9022.0	19225.0	12880.0	18.67644210332206	24.397860640752544	0.3766867083361754
PF3D7_0905100	126416.0	87939.0	190248.0	268.29712986249694	111.60070048827765	-1.2617224403216516
PF3D7_0905200	24252.0	13013.0	37242.0	51.97372989809459	16.514401067262046	-1.6248389750444563
PF3D7_0905300	1987276.0	12877.0	2862731.0	4131.191875098409	16.341807618776098	-7.9385418675089205
PF3D7_0905400	11599.0	11867.0	27793.0	31.60099916115184	15.060047449873105	-1.0447717429346925
PF3D7_0905500	29798.0	5522.0	61458.0	74.46600987390462	7.007801636319144	-3.319774177257858
PF3D7_0905600	161968.0	13181.0	251603.0	349.0550172694212	16.72760473892116	-4.342725508817514
PF3D7_0905700	31110.0	26974.0	46247.0	65.63969140120113	34.23187999602908	-0.9292558098977742
PF3D7_0905800	30288.0	20578.0	48913.0	66.53210891809672	26.11491163929289	-1.3326175470704194
PF3D7_0905900	16185.0	39249.0	47889.0	50.24838177134717	49.809707791360026	-0.012525009195688865
PF3D7_0906000	76982.0	30905.0	127183.0	171.03637275190331	39.22059209895747	-2.1105554855846247
PF3D7_0906100	17114.0	38433.0	31562.0	40.244638864340075	48.774147100444345	0.2742206559127033
PF3D7_0906200	20698.0	13430.0	42480.0	51.5834126543936	17.043603037987342	-1.5698789077186466
PF3D7_0906300	16692.0	59954.0	26688.0	36.48512349259699	76.08579125387142	1.050131664905074
PF3D7_0906400	51419.0	114370.0	86182.0	115.07358762408768	145.14347575983712	0.3336293438920556
PF3D7_0906500	37827.0	335325.0	65347.0	85.9701339361221	425.550721423165	2.300751364759626
PF3D7_0906600	33212.0	40940.0	44646.0	66.88194063761307	51.955704272166926	-0.36126231292068894
PF3D7_0906700	11501.0	9294.0	12530.0	21.180690808280655	11.794731692855871	-0.8183704743428003
PF3D7_0906800	9661.0	12369.0	20902.0	24.80271321403617	15.697120325902118	-0.6435547534182305
PF3D7_0906890	5796.0	10393.0	14917.0	16.486098557412554	13.18943904495923	-0.3112911957769221
PF3D7_0906910	35963.0	35315.0	61705.0	81.44874425840266	44.81718848000916	-0.8546634845468108
PF3D7_0907000	7091.0	14661.0	10209.0	14.737004419851896	18.60582756068	0.3264334504860177
PF3D7_0907100	27331.0	99830.0	49317.0	63.535879776094376	126.69120560553063	0.9900465322077258
PF3D7_0907200	43612.0	83732.0	52568.0	83.73214657385918	106.26172521048072	0.34195168657975794
PF3D7_0907300	4602.0	5444.0	10473.0	12.16359681196089	6.908814217334556	-0.7733726658890887
PF3D7_0907400	91644.0	96414.0	150809.0	203.20844009033556	122.35606428179535	-0.7295366834471468
PF3D7_0907500	38555.0	132730.0	60039.0	83.18880900476907	168.44359130544007	1.013435003041612
PF3D7_0907600	34224.0	58018.0	57697.0	76.81827488759771	73.62887275189499	-0.06077387566960173
PF3D7_0907700	14540.0	20698.0	36156.0	40.50268483098056	26.267199976192256	-0.6152521480667752
PF3D7_0907800	9569.0	147893.0	32620.0	32.617895827371655	187.68649174214906	2.5064801553074787
PF3D7_0907900	1108.0	98462.0	7748.0	6.459665364604448	124.95511856487786	4.172009583714771
PF3D7_0908000	5489.0	18768.0	8980.0	12.135541804348593	23.817895891060793	0.9445308773203551
PF3D7_0908100	5520.0	9831.0	12678.0	14.668251060539795	12.476222000480533	-0.22518434175105798
PF3D7_0908200	26800.0	72729.0	53906.0	66.04923299784593	92.29815378628305	0.47967406461642004
PF3D7_0908300	48673.0	122416.0	66769.0	98.92190637396041	155.35440874893956	0.6485632941976256
PF3D7_0908400	25318.0	99468.0	54306.0	64.6810213465428	126.2318024558842	0.959254740590034
PF3D7_0908500	60902.0	28517.0	87321.0	126.32726427721917	36.19005419466009	-1.7894039767786936
PF3D7_0908600	2760.0	16743.0	6992.0	7.7753042844480085	21.248030205883996	1.3940004708445382
PF3D7_0908700	5061.0	9842.0	4878.0	8.890970328121856	12.490181764696308	0.46807547969288577
PF3D7_0908800	11650.0	21707.0	7544.0	17.9767882874929	27.54769107562109	0.6021680078191995
PF3D7_0908900	14819.0	25250.0	12916.0	25.10977021379905	32.04400422257486	0.34569746322807327
PF3D7_0909000	6878.0	382364.0	33807.0	30.444758199334142	485.24648041824213	3.97243658852657
PF3D7_0909100	3401.0	215653.0	10440.0	10.813508406709483	273.6786393113242	4.598997883372431
PF3D7_0909200	1380.0	18914.0	5116.0	4.982153798837389	24.003180034288352	2.1601542871556845
PF3D7_0909300	9797.0	12738.0	16225.0	21.793204302833146	16.165406961867667	-0.4197474487158065
PF3D7_0909400	38137.0	276577.0	67458.0	87.73909176689082	350.9954279551322	1.9940160770428437
PF3D7_0909500	2392.0	709583.0	18142.0	14.901597591158243	900.510124683855	5.870391404746824
PF3D7_0909600	30173.0	72475.0	61263.0	74.74885412546406	91.97581013984606	0.29740642125312705
PF3D7_0909700	113738.0	191856.0	177587.0	245.72667380348838	243.47859303470585	-0.013232488238413906
PF3D7_0909800	10728.0	10940.0	18919.0	24.6426083504554	13.883620047325504	-0.8057075091935686
PF3D7_0909900	25660.0	30280.0	38135.0	54.13370362835827	38.427423677606605	-0.4890043605239411
PF3D7_0910000	2356.0	3532.0	3496.0	4.96669125055703	4.482353382737997	-0.13384054581772206
PF3D7_0910100	48940.0	20248.0	86703.0	112.6848696495494	25.696118712819636	-2.111256135028684
PF3D7_0910200	128894.0	203415.0	236203.0	302.08477867946453	258.14776708653727	-0.22635067882325535
PF3D7_0910300	7624.0	15862.0	22724.0	23.78163785907052	20.12997999914782	-0.2351233158492946
PF3D7_0910400	19228.0	39006.0	27786.0	40.03068515828534	49.50132390913881	0.30295173043492096
PF3D7_0910500	17670.0	41876.0	36239.0	44.01920419251692	53.143553299981974	0.2689769993385231
PF3D7_0910600	1749.0	18061.0	3960.0	4.609095420659468	22.920663772828696	2.1966421785427763
PF3D7_0910700	12703.0	9822.0	21357.0	28.47327217420261	12.46480037521308	-1.1601226358974392
PF3D7_0910800	8670.0	14492.0	14117.0	19.123020302897928	18.391354819546727	-0.0548209426468646
PF3D7_0910900	69501.0	18948.0	112325.0	152.72724541070318	24.04632839640984	-2.6420936967815987
PF3D7_0911000	23035.0	41676.0	59407.0	65.60332749596239	52.8897394051497	-0.30816038841498006
PF3D7_0911100	156101.0	611507.0	281520.0	362.7810941950976	776.0448669360034	1.095982995298127
PF3D7_0911200	16245.0	77611.0	33796.0	40.79322734853119	98.49375095913891	1.2614322776438647
PF3D7_0911300	5612.0	6442.0	10023.0	12.976197159480304	8.175345552547615	-0.6354203119036783
PF3D7_0911400	34955.0	19974.0	77189.0	90.79560067729187	25.348393676899416	-1.820470713309122
PF3D7_0911500	13426.0	238064.0	32755.0	36.973298807813975	302.11975529675493	3.0135712809945816
PF3D7_0911600	65143.0	84317.0	102568.0	141.3171510833164	107.00413085286513	-0.3996399232628346
PF3D7_0911700	6631.0	3036.0	10014.0	14.096695335901007	3.8528949235539516	-1.7455946828478468
PF3D7_0911800	18378.0	4996.0	41191.0	48.147611629244025	6.340271092910258	-2.8302435690535166
PF3D7_0911900	144889.0	126716.0	259766.0	335.6880106828298	160.81140748783352	-1.059419809901096
PF3D7_0912000	34868.0	38732.0	61916.0	80.38069744278107	49.1535988732186	-0.7038971502964445
PF3D7_0912100	38187.0	40214.0	69830.0	89.39693703287585	51.03435983392576	-0.8027373106800151
PF3D7_0912200	8626.0	611825.0	31203.0	30.61798948293285	776.4484310287867	4.641998088074969
PF3D7_0912400	33450.0	48488.0	39229.0	63.485242610965614	61.534640663137026	-0.04466515055318992
PF3D7_0912500	34499.0	48664.0	77686.0	90.62724175290221	61.757996890589425	-0.549623240728609
PF3D7_0912600	91422.0	17163.0	151812.0	203.64064807757518	21.781039385031775	-3.19567503808985
PF3D7_0912700	19950.0	95173.0	31523.0	43.35369437254897	120.78114906436107	1.4675850372848327
PF3D7_0912800	3895.0	14849.0	7388.0	9.297674326422293	18.84441262182234	0.9814056806116733
PF3D7_0912900	20979.0	29970.0	25297.0	40.28492926570816	38.034012140616575	-0.08190374353534027
PF3D7_0913000	2309.0	19550.0	2906.0	4.516114525417427	24.810308219854992	2.3350828836582482
PF3D7_0913100	2668.0	7455.0	922.0	3.5725884608459006	9.460912929873093	1.2903319371970037
PF3D7_0913150	0.0	4100.0	0.0	0.0	5.203184844061661	3.5117677921832504
PF3D7_0913200	36535.0	25487.0	67269.0	85.84027219020105	32.34477368795111	-1.3943698160383948
PF3D7_0913300	18820.0	23182.0	37207.0	45.94461149869213	29.419568550009124	-0.6344218536766308
PF3D7_0913400	2187.0	53705.0	2763.0	4.2846212190389386	68.15537610983695	3.8428960746392358
PF3D7_0913500	33003.0	80679.0	63426.0	79.33898770755792	102.38725610586603	0.36589896346177003
PF3D7_0913600	39471.0	204448.0	71377.0	91.86167410136876	259.45871585334595	1.492916298445523
PF3D7_0913700	8382.0	95825.0	14356.0	18.966088095376932	121.6085823615143	2.649129708899185
PF3D7_0913800	184.0	146725.0	7203.0	5.069904067759596	186.2042185963286	5.066958235732821
PF3D7_0913900	1102.0	96514.0	5058.0	4.6356186828395956	122.48297122921149	4.581776670137277
PF3D7_0914000	7589.0	28915.0	21984.0	23.24298526223098	36.69514384537632	0.6476129371685132
PF3D7_0914100	962469.0	868022.0	1583289.0	2133.778634967905	1101.58022310051	-0.9535192905892501
PF3D7_0914200	43074.0	37013.0	45262.0	78.2012810291827	46.97206844713518	-0.7293082067576407
PF3D7_0914300	26215.0	86392.0	37613.0	54.394623807917114	109.63745001174999	1.0045683429523093
PF3D7_0914400	22273.0	1148161.0	86016.0	82.73840849803378	1457.096076522605	4.1301977893728665
PF3D7_0914500	180337.0	82344.0	286398.0	392.8714240542499	104.50025678034473	-1.9054993027168057
PF3D7_0914600	35355.0	36000.0	64677.0	82.78449356847929	45.6865010698097	-0.8505766538240227
PF3D7_0914700	124635.0	54329.0	192996.0	268.184703710764	68.94727546171364	-1.951924189713954
PF3D7_0914800	19091.0	185159.0	50398.0	55.15630282463212	234.97963476624707	2.0809853144939536
PF3D7_0914900	19869.0	100465.0	31654.0	43.35264896929843	127.4970647216231	1.5453748281068977
PF3D7_0915000	26222.0	65870.0	38198.0	54.79759952724802	83.59360626301014	0.6047792605044517
PF3D7_0915100	65162.0	75816.0	103316.0	141.84351946089794	96.21577125301924	-0.5575537408550979
PF3D7_0915200	125449.0	10147.0	230467.0	294.40073358106963	12.87724795431553	-4.462376159227573
PF3D7_0915300	21366.0	3775.0	31852.0	45.14146396077281	4.790737264959212	-3.1088043859427357
PF3D7_0915400	183089.0	66335.0	224785.0	354.287089834879	84.18372356849518	-2.0667969015229515
PF3D7_0915500	11318.0	1840.0	17942.0	24.634817250524783	2.3350878324569404	-3.148221863172041
PF3D7_0915600	10120.0	25170.0	24129.0	27.49039143059423	31.94247866464195	0.2129523859356207
PF3D7_0915700	13979.0	44693.0	27391.0	33.960664001336795	56.718522008694585	0.7315317321655725
PF3D7_0915800	8948.0	441628.0	34949.0	33.50485011919601	560.4566137349423	4.0440767542176985
PF3D7_0915900	13525.0	68112.0	33857.0	37.82728189446665	86.43886002407996	1.1816294902734408
PF3D7_0916000	18585.0	756728.0	40391.0	47.83597056538085	960.3404050431933	4.313127704455013
PF3D7_0916100	2903.0	3855.0	11707.0	11.1189415183747	4.892262822892122	-1.1075159243273136
PF3D7_0916200	69878.0	50923.0	121567.0	159.38811076690263	64.62482483271998	-1.2957831723567172
PF3D7_0916300	2208.0	40123.0	10378.0	9.452671653423272	50.91887451177708	2.369142278152109
PF3D7_0916400	36530.0	92738.0	45799.0	71.32921928425644	117.69096489477812	0.7184770129584009
PF3D7_0916500	2302.0	14317.0	16738.0	13.853527931639103	18.169267661568487	0.37925995785778116
PF3D7_0916600	3680.0	8740.0	2576.0	5.808900871063411	11.091667204170466	0.877627493284001
PF3D7_0916700	5520.0	74986.0	15918.0	16.857254373766565	95.16244358946528	2.4624138881204134
PF3D7_0916800	92.0	9752.0	5336.0	3.706811986593327	12.375965512021784	1.6138813708542394
PF3D7_0916900	8923.0	38572.0	14428.0	19.61284752903078	48.95054775735277	1.297869152190279
PF3D7_0917000	96609.0	58138.0	157686.0	213.34383641899154	73.78116108879435	-1.5254893539557122
PF3D7_0917100	28389.0	43373.0	41382.0	59.34454459620716	55.043350302801564	-0.1076055364092327
PF3D7_0917200	3587.0	6440.0	6348.0	8.254514847683996	8.17280741359929	-0.013528156756290884
PF3D7_0917300	1104.0	368.0	1197.0	2.029267546958158	0.4670175664913881	-1.3871056514170361
PF3D7_0917400	30273.0	7729.0	63955.0	76.67817589239048	9.808637965793311	-2.9043392177008216
PF3D7_0917500	124164.0	61413.0	200566.0	272.7784094757594	77.93736361667287	-1.8007585328056483
PF3D7_0917600	35138.0	27328.0	49210.0	72.09479591110068	34.68113058988221	-1.0450642833567454
PF3D7_0917700	1752.0	5514.0	1493.0	2.9456617769676816	6.997649080525853	1.1216572085252992
PF3D7_0917800	4732.0	15506.0	5719.0	9.095431854012007	19.678191266346367	1.0723772166452192
PF3D7_0917900	230736.0	429847.0	274015.0	440.2250089790552	545.505706259847	0.30903726391475694
PF3D7_0918000	66315.0	172641.0	118091.0	153.10050544420005	219.09342308869492	0.5156518822346063
PF3D7_0918100	26972.0	230894.0	47361.0	61.817469712853104	293.0205271670178	2.23575283910035
PF3D7_0918200	19114.0	196295.0	35403.0	45.050834493601464	249.11199243050822	2.4541378594931373
PF3D7_0918300	27972.0	22539.0	35326.0	54.79197625040473	28.60355687812336	-0.9258746553024503
PF3D7_0918400	36688.0	18256.0	43641.0	70.04591549010834	23.168132320290166	-1.5756166893854815
PF3D7_0918600	377.0	29166.0	920.0	1.0383698090781237	37.013680283390826	4.607942545783008
PF3D7_0918700	1564.0	175632.0	5154.0	5.211252700155686	222.8892098859116	5.289608472917971
PF3D7_0918800	9291.0	8295.0	17388.0	22.019528527761818	10.526931288168653	-1.0301452676204779
PF3D7_0918900	70164.0	312868.0	107034.0	149.88554375486308	397.05122824192284	1.4024748868497283
PF3D7_0919000	161203.0	43193.0	175514.0	296.80213270669884	54.814917797452516	-2.4261892961884275
PF3D7_0919100	67383.0	152582.0	79228.0	128.02470300785785	193.63715850649177	0.5950306028320673
PF3D7_0919200	96649.0	3780.0	180502.0	228.80296661554587	4.797082612330019	-5.435913200915893
PF3D7_0919300	10671.0	38456.0	19045.0	24.664718604237667	48.803335698350054	0.9702827923268158
PF3D7_0919400	76917.0	15281.0	122923.0	168.08637653029564	19.392650634660058	-3.083180527984242
PF3D7_0919500	9729.0	14649.0	11421.0	18.472355003890765	18.590598726990066	0.008963580856131843
PF3D7_0919600	20429.0	19964.0	52542.0	58.084084956408795	25.3357029821578	-1.1811426534756475
PF3D7_0919700	10525.0	11369.0	13419.0	20.702276374471886	14.428050851740737	-0.506193361730443
PF3D7_0919800	249701.0	331750.0	362041.0	520.664175262637	421.01379805303804	-0.3061580588269317
PF3D7_0919900	654196.0	1292321.0	929753.0	1351.4194880627824	1640.0451319177096	0.2791660471887222
PF3D7_0920000	17842.0	44333.0	68766.0	66.18519938110323	56.26165699799649	-0.2324498887954698
PF3D7_0920100	6903.0	9878.0	15907.0	18.378829833485252	12.535868265766117	-0.5342826668253831
PF3D7_0920200	10380.0	38452.0	13865.0	20.84329407494355	48.798259420453405	1.2077538545130486
PF3D7_0920300	1279.0	312004.0	9805.0	8.038465179710485	395.9547522162474	5.5370356453984515
PF3D7_0920400	29859.0	33158.0	63579.0	75.96643624637112	42.07980562424306	-0.8446572742402281
PF3D7_0920500	3054.0	36843.0	13810.0	12.706708318444132	46.756326636527746	1.839236559504837
PF3D7_0920600	34687.0	32105.0	58944.0	78.17265114861145	40.74347546795113	-0.9316962914987909
PF3D7_0920700	25759.0	42336.0	28160.0	47.50386273334029	53.72732525809621	0.17586951168909648
PF3D7_0920800	20701.0	31187.0	21001.0	37.07512376654522	39.57846969067098	0.09304956724772755
PF3D7_0920900	19427.0	49795.0	46292.0	52.7536865378497	63.193314465865946	0.25826054797550524
PF3D7_0921000	30349.0	145231.0	42981.0	62.5917810679042	184.30822880193148	1.5505050124031006
PF3D7_0921100	7728.0	13801.0	7913.0	13.89003469785412	17.514427812901214	0.32408275781495155
PF3D7_0921200	32568.0	31195.0	43604.0	65.46595744234375	39.58862224646427	-0.7185288594510939
PF3D7_0921300	8004.0	6900.0	7728.0	14.070183419646108	8.756579371713526	-0.6544679681272436
PF3D7_0921400	92.0	827.0	1104.0	0.847595313267496	1.0495204551314619	0.20143448387900276
PF3D7_0921500	2337.0	552.0	1039.0	3.2856911870789887	0.7005263497370822	-1.6568896609476922
PF3D7_0921600	38362.0	41677.0	71645.0	90.81665950922402	52.89100847462386	-0.7742812851648253
PF3D7_0921700	17767.0	41582.0	23439.0	35.478530435777245	52.77044687457853	0.5661991233492786
PF3D7_0921800	460.0	29796.0	6007.0	4.567002681628047	37.8131940521125	2.9186368062887484
PF3D7_0921900	23902.0	106639.0	45254.0	56.99983327027047	135.33229965509548	1.2401969019575922
PF3D7_0922000	284941.0	18404.0	460114.0	625.8844769181658	23.35595460246605	-4.714627137731811
PF3D7_0922100	256597.0	208510.0	404009.0	556.6425547731617	264.61367605738945	-1.071435419367489
PF3D7_0922200	51148.0	415823.0	62488.0	98.76587722443759	527.7082759542078	2.4117371260211087
PF3D7_0922300	1130.0	439743.0	21739.0	15.936563694417867	558.064417776148	5.086743053534241
PF3D7_0922400	8096.0	53686.0	11163.0	16.492645005485087	68.13126378982788	2.013955487002181
PF3D7_0922500	81727.0	77060.0	150945.0	192.33635815816322	97.794493678876	-0.9721945826884723
PF3D7_0922600	12515.0	58966.0	14537.0	23.65770762642463	74.83195061339997	1.6407783254270598
PF3D7_0922700	55395.0	196143.0	119125.0	141.72623917584164	248.9190938704357	0.8103842616828038
PF3D7_0922800	185675.0	159185.0	296700.0	405.7331917584679	202.01682424437936	-1.004266355536448
PF3D7_0922900	5705.0	57968.0	5204.0	9.823210815900328	73.56541927818691	2.8429083533737796
PF3D7_0923000	9660.0	11409.0	18620.0	23.259846665628814	14.478813630707192	-0.665602163401017
PF3D7_0923100	21595.0	12263.0	37591.0	49.272013606301485	15.562598961641012	-1.6316294119523898
PF3D7_0923200	18719.0	21065.0	27495.0	39.27134364691747	26.732948473209483	-0.5463761139948047
PF3D7_0923300	2135.0	2632.0	2484.0	4.038633922952351	3.340190855992754	-0.2410801139886039
PF3D7_0923400	41944.0	224777.0	65532.0	90.64676677468563	285.25762919357265	1.648528630267341
PF3D7_0923500	48601.0	17654.0	98910.0	120.5573531191346	22.404152496845015	-2.402009626312358
PF3D7_0923600	20133.0	6258.0	37766.0	47.77389929316226	7.94183676930192	-2.5156145254140645
PF3D7_0923700	34057.0	28462.0	43681.0	67.16417803587021	36.120255373581216	-0.885750409566377
PF3D7_0923800	41863.0	167922.0	46449.0	77.66439122935509	213.10468424012737	1.4503598604762424
PF3D7_0923900	11867.0	17178.0	16758.0	24.441844674005164	21.800075427144197	-0.1615195795179563
PF3D7_0924000	87164.0	78611.0	143714.0	193.46196180644716	99.76282043330029	-0.951987027504291
PF3D7_0924100	23393.0	55061.0	37608.0	51.27131911421653	69.87623431679978	0.4429352425901403
PF3D7_0924200	15363.0	27120.0	15266.0	27.298904868347844	34.41716413925664	0.3289083432146751
PF3D7_0924300	1748.0	30449.0	8972.0	7.994188800238549	38.641896418739876	2.2041655750857014
PF3D7_0924400	290236.0	242709.0	406970.0	595.8334259120725	308.0145830042345	-0.9507805205936052
PF3D7_0924500	26602.0	153428.0	58700.0	69.06924373378777	194.7107912816323	1.4885112647006864
PF3D7_0924600	44693.0	4436186.0	190799.0	178.31866496508314	5629.828234302078	4.976649793357363
PF3D7_0924700	26426.0	48957.0	52230.0	64.50341246758559	62.12983424651871	-0.0536653961513759
PF3D7_0924800	1748.0	22468.0	1150.0	2.709502406392932	28.5134529454579	3.1763004558017434
PF3D7_0924900	52096.0	20038.0	141076.0	152.90945176804456	25.429614123245745	-2.564714730303776
PF3D7_0925000	99578.0	77467.0	162337.0	219.76858297489434	98.31100495485967	-1.1565201030842374
PF3D7_0925100	4848.0	681532.0	29664.0	25.40135865578725	864.911456864154	5.062286538616775
PF3D7_0925200	121460.0	148925.0	189101.0	262.04297658609295	188.99617143948362	-0.4703849013174059
PF3D7_0925300	8096.0	28851.0	16462.0	20.07274641190134	36.61392339902999	0.8512261167210914
PF3D7_0925400	33680.0	39122.0	65398.0	81.41977983219776	49.64853596814153	-0.7080042544096865
PF3D7_0925500	13165.0	13072.0	27318.0	33.011407559443086	16.589276166237568	-0.9715609929800161
PF3D7_0925600	26685.0	55932.0	64542.0	73.10796842778406	70.98159382879435	-0.042290151048524106
PF3D7_0925700	80834.0	67171.0	97615.0	155.31835730856275	85.2446656488941	-0.8617463843570672
PF3D7_0925800	121429.0	106543.0	163622.0	244.7946249949041	135.21046898557597	-0.8539836037437636
PF3D7_0925900	34239.0	26311.0	74783.0	88.37847286618964	33.39048693466009	-1.3909536627169796
PF3D7_0926000	111889.0	43421.0	183102.0	247.40850455171426	55.10426563756131	-2.1565402966969853
PF3D7_0926100	177037.0	112336.0	252144.0	366.08040415387046	142.56218844939286	-1.3574872515455554
PF3D7_0926200	20426.0	142567.0	41207.0	50.42263473307716	180.92742772276554	1.8330136039974216
PF3D7_0926300	283631.0	232586.0	503859.0	653.9910992957228	295.1677927172989	-1.1463964741583141
PF3D7_0926400	66211.0	924129.0	143922.0	170.43742234361366	1172.7839040872825	2.7790119725553604
PF3D7_0926500	132291.0	115500.0	222996.0	296.91751869972376	146.57752426563945	-1.015912831365313
PF3D7_0926600	5154.0	6315.0	2453.0	7.355414210426104	8.01417372932912	0.11617917839541735
PF3D7_0926700	6084.0	27207.0	21881.0	21.5095094270238	34.527573183508686	0.6703640481549038
PF3D7_0926800	721037.0	236320.0	1341645.0	1703.5988589128401	299.9064981338175	-2.504021106799101
PF3D7_0926900	19449.0	26054.0	50178.0	55.403461879960496	33.06433607980061	-0.7360085207940796
PF3D7_0927000	29960.0	28395.0	50311.0	67.11399541359293	36.0352277188124	-0.8880337012266621
PF3D7_0927100	25388.0	69002.0	61168.0	69.39450426608191	87.56833185608359	0.3334443169648375
PF3D7_0927200	70292.0	190375.0	115233.0	155.56645157596165	241.59910114347284	0.6334372775538094
PF3D7_0927300	26581.0	24372.0	51432.0	64.13563285177679	30.92976122426117	-1.0401984129139494
PF3D7_0927400	390885.0	25265.0	668415.0	883.7452565424085	32.06304026468728	-4.763139265777736
PF3D7_0927500	22376.0	39683.0	48487.0	57.49700307572414	50.360483943146065	-0.18943316316598788
PF3D7_0927600	52210.0	1108351.0	130306.0	145.75907791217162	1406.5744207562404	3.2661005585043767
PF3D7_0927700	13065.0	35503.0	23460.0	30.294314847077644	45.055773541151495	0.5649698770022824
PF3D7_0927800	15764.0	403542.0	56028.0	55.28179299561529	512.1228337420318	3.200031529170345
PF3D7_0927900	58538.0	156224.0	94176.0	128.34505353492125	198.25910953138754	0.625383831500117
PF3D7_0928000	18644.0	12866.0	44593.0	50.74014748806715	16.327847854560325	-1.6064239488394803
PF3D7_0928100	2041416.0	401615.0	3380149.0	4540.6246625101485	509.6773368653229	-3.1539789240564065
PF3D7_0928150	53184.0	21069.0	98427.0	125.29786988023649	26.738024751106128	-2.207413502646625
PF3D7_0928200	125798.0	66091.0	244550.0	304.30131111929165	83.87407061679981	-1.8529974977581447
PF3D7_0928300	3752.0	20210.0	9313.0	10.44014264799738	25.647894072801503	1.257063208342269
PF3D7_0928400	5715.0	135772.0	17385.0	18.0639731365728	172.304100645839	3.21856003304911
PF3D7_0928500	14873.0	234007.0	39536.0	43.154430468471766	296.9711404400822	2.7685497253564346
PF3D7_0928600	8816.0	21303.0	8844.0	15.721898609559208	27.034987008059893	0.7633232454410444
PF3D7_0928700	16470.0	35720.0	22726.0	33.56288658780857	45.331161617044515	0.4281281537485583
PF3D7_0928800	58608.0	161906.0	110010.0	139.12018390084015	205.4699622835725	0.5609264398828171
PF3D7_0928900	10672.0	22814.0	20334.0	25.536696174239413	28.95255098351774	0.17784620117378522
PF3D7_0929000	32569.0	36249.0	45003.0	66.41225302606615	46.00249936887589	-0.5249621637401021
PF3D7_0929100	2502.0	32928.0	8822.0	8.726447988357366	41.787919645185944	2.1963983397199
PF3D7_0929200	52327.0	47573.0	113269.0	134.37792084771135	60.37344209427936	-1.1477693517660381
PF3D7_0929300	26664.0	49318.0	34133.0	52.53987431386546	62.58796832669097	0.2502875344867224
PF3D7_0929400	24013.0	103148.0	45371.0	57.20159919925274	130.90197812079808	1.1873037852882542
PF3D7_0929500	30228.0	2582.0	46892.0	65.10034994914227	3.276737382284685	-4.118491137302955
PF3D7_0929600	16209.0	458026.0	27661.0	36.60850841498956	581.2668149722406	3.970619087004346
PF3D7_0929700	3072.0	7204.0	6171.0	7.565560386121611	9.142376491858586	0.25761398794771995
PF3D7_0929800	45.0	561.0	456.0	0.357832726347908	0.7119479750045346	0.49855950892025835
PF3D7_0929900	5704.0	73743.0	6258.0	10.534206938148682	93.58499023308269	3.0919816397307494
PF3D7_0930000	8329.0	1908950.0	52815.0	44.89109718562438	2422.5901727003675	5.738294922642385
PF3D7_0930100	27546.0	10916.0	33296.0	52.94949705106644	13.853162379945632	-1.8968077368794283
PF3D7_0930200	134397.0	26952.0	241598.0	311.8137068748226	34.20396046759753	-3.1698236681669685
PF3D7_0930300	9066.0	47379.0	13550.0	19.177751574415083	60.12724261629205	1.6234008244017721
PF3D7_0930400	103885.0	177881.0	196870.0	247.86141224969856	225.74334713330055	-0.1345656711668224
PF3D7_0930500	45415.0	56522.0	79940.0	104.21851872177425	71.73034481854955	-0.535839632387453
PF3D7_0930600	73930.0	108114.0	121133.0	163.5746736380124	137.2041771294835	-0.2527802404669721
PF3D7_0930700	25427.0	8938.0	49330.0	61.43965209454463	11.34294296005442	-2.3868356457768476
PF3D7_0930800	75154.0	143250.0	138466.0	176.63838692231295	181.79420217361778	0.04139179110731164
PF3D7_0930900	17390.0	10829.0	30889.0	40.09508585253494	13.74275333569359	-1.5110770281162929
PF3D7_0931000	18494.0	24196.0	22958.0	35.95730949729126	30.706404996808764	-0.22436592907120845
PF3D7_0931100	49909.0	160350.0	83986.0	111.92051480898377	203.4952901817774	0.8596305172191692
PF3D7_0931200	1288.0	20977.0	3220.0	3.5994687867811272	26.621270359483283	2.72591587474429
PF3D7_0931300	276.0	20147.0	460.0	0.6159225295176887	25.567942695929336	4.545967948847615
PF3D7_0931400	78580.0	445937.0	151796.0	189.43207155637865	565.9250340991036	1.5764014924363652
PF3D7_0931500	65034.0	210850.0	127416.0	157.98440732310542	267.5832986269271	0.7583404373043182
PF3D7_0931600	15059.0	2115.0	23800.0	32.72853734796094	2.68408193785132	-3.383473422760807
PF3D7_0931700	163092.0	62847.0	259877.0	355.8877470289821	79.75720924262029	-2.1507448406530814
PF3D7_0931800	18287.0	20238.0	32012.0	41.84550406343028	25.683428018078022	-0.693554810963869
PF3D7_0931900	73395.0	35052.0	135260.0	172.52765197622432	44.483423208304714	-1.943537258413354
PF3D7_0932000	54373.0	124128.0	83006.0	116.19368610175866	157.52705568870385	0.43744507840198504
PF3D7_0932100	145779.0	284255.0	215930.0	307.05556643947926	360.73934337774324	0.2321079410167637
PF3D7_0932200	45481.0	348577.0	53568.0	86.47408054995412	442.3684300947516	2.3482207307486322
PF3D7_0932300	35980.0	123093.0	41558.0	67.85585697487743	156.21356878294682	1.1969932350388803
PF3D7_0932400	7543.0	59657.0	16261.0	19.325565342419573	75.70887762004548	1.9425970617999553
PF3D7_0932500	5060.0	30201.0	8103.0	11.068733793893456	38.32716718914786	1.7468354836794764
PF3D7_0932600	3587.0	24751.0	10615.0	11.137378161739129	31.410738554968333	1.4552759358410594
PF3D7_0932700	5523.0	21351.0	2392.0	7.7221578779220446	27.095902342819638	1.7468650809540098
PF3D7_0932800	74981.0	76727.0	95508.0	147.42391160523135	97.37189354398025	-0.5958887629921619
PF3D7_0932900	12605.0	6441.0	26550.0	31.873411900148344	8.174076483073453	-1.9000273529094105
PF3D7_0933000	99178.0	44665.0	126216.0	194.92234498118918	56.682988063418065	-1.772937523137619
PF3D7_0933100	229437.0	152586.0	364161.0	499.69315770033296	193.64223478438842	-1.3653713184547764
PF3D7_0933200	20960.0	26326.0	53649.0	59.41905360877443	33.40952297677251	-0.8213243479857041
PF3D7_0933300	18211.0	24861.0	37826.0	45.68952536059625	31.550336197126086	-0.5272262309550843
PF3D7_0933400	8354.0	26590.0	21872.0	24.013079247424642	33.74455731795111	0.4823229886717023
PF3D7_0933500	91369.0	175817.0	136235.0	193.0579463550073	223.12398773863146	0.20830941430608907
PF3D7_0933600	11736.0	59121.0	31300.0	34.121856043622955	75.02865638189499	1.1253410540291306
PF3D7_0933700	20155.0	39156.0	31037.0	43.25198631122917	49.69168433026302	0.19809984497238028
PF3D7_0933800	118326.0	9415.0	205954.0	269.9643065728847	11.948289099229399	-4.441418836695372
PF3D7_0933900	38748.0	29166.0	57542.0	81.71516565469146	37.013680283390826	-1.1319877366004099
PF3D7_0934000	1096.0	11447.0	3779.0	3.7648694316188713	14.527038270725324	1.816987212251588
PF3D7_0934100	24014.0	37904.0	35143.0	50.29248073270118	48.10280934861297	-0.06357523052698451
PF3D7_0934200	3335.0	7084.0	10415.0	10.723650140490388	8.99008815495922	-0.24204854976201767
PF3D7_0934300	2889.0	14220.0	7365.0	8.169928811331626	18.04616792257483	1.0970290700244043
PF3D7_0934400	45663.0	235143.0	58833.0	90.23242519390317	298.4128033627295	1.720034567163143
PF3D7_0934500	45348.0	43982.0	69209.0	96.89438529275819	55.816213612565846	-0.7902882660220061
PF3D7_0934600	2007.0	24005.0	5767.0	6.115175497677815	30.464012727243944	2.226741110961341
PF3D7_0934700	248981.0	625068.0	417771.0	557.5203710297835	793.2547180751059	0.5083754722906466
PF3D7_0934800	68007.0	25190.0	90250.0	136.1612454453729	31.96786005412518	-2.0735199744890638
PF3D7_0934900	1841.0	17203.0	4555.0	5.1128010158922645	21.83180216399823	1.9923068614153234
PF3D7_0935000	7835.0	14152.0	5659.0	12.48548733057525	17.959871198331857	0.5074923290400923
PF3D7_0935100	3808.0	3893.0	4099.0	6.9793808776243225	4.940487462910255	-0.4591829312881888
PF3D7_0935200	74159.0	212509.0	104390.0	152.51597251565087	269.6886848845608	0.820285001958887
PF3D7_0935300	2103.0	13611.0	4134.0	5.1180257973415255	17.273304612810552	1.661576794119508
PF3D7_0935400	30155.0	128452.0	40482.0	60.68892978559374	163.01451209497768	1.4180761108989242
PF3D7_0935500	41827.0	80309.0	92069.0	108.44629775138492	101.91770040042631	-0.08915209963269684
PF3D7_0935600	38563.0	11222.0	76927.0	94.60749554866551	14.241497639039014	-2.689675946098335
PF3D7_0935700	8188.0	16170.0	12113.0	17.236195099543657	20.520853397189526	0.24512469534900386
PF3D7_0935800	2761.0	12047.0	4969.0	6.409634023151279	15.288479955222153	1.1921910778889775
PF3D7_0935900	6164.0	3036.0	5703.0	10.667802292185968	3.8528949235539516	-1.3592982065037658
PF3D7_0936000	1749.0	552.0	1748.0	3.114627726567611	0.7005263497370822	-1.590180001609131
PF3D7_0936100	3036.0	644.0	3214.0	5.5279564308005575	0.8172807413599291	-2.1941061411260834
PF3D7_0936200	6346.0	23467.0	7645.0	12.18106730346447	29.781253350145118	1.2557487449604536
PF3D7_0936300	8281.0	14269.0	8950.0	15.202032671612917	18.108352326808742	0.24499898580616575
PF3D7_0936400	18863.0	32668.0	29017.0	40.458837200882215	41.45796158190398	0.034769831451585596
PF3D7_0936500	1748.0	15723.0	8845.0	7.908385275306512	19.953579342239387	1.2824526537394
PF3D7_0936600	20058.0	142231.0	44900.0	52.51084232783306	180.50102037944734	1.7716384604783095
PF3D7_0936700	92.0	368.0	184.0	0.22602647124014136	0.4670175664913881	0.413519946949402
PF3D7_0936800	2668.0	1932.0	2576.0	4.690061139882037	2.4518422240797872	-0.8141359224662732
PF3D7_0937000	14537.0	441.0	18929.0	28.86049154544765	0.5596596381051688	-4.792203269873477
PF3D7_0937100	184.0	272.0	0.0	0.2034254056693409	0.34518689697189553	0.2648729593500824
PF3D7_0937200	2668.0	736.0	1932.0	4.254962950462888	0.9340351329827762	-1.7293537303759892
PF3D7_0937300	184.0	184.0	93.0	0.2662579081786278	0.23350878324569405	-0.06301581699201927
PF3D7_0937400	0.0	0.0	0.0	0.0	0.0	0.0
PF3D7_0937500	897.0	1196.0	736.0	1.4889539262599207	1.5178070910970112	0.020778397909411366
PF3D7_0937600	368.0	92.0	276.0	0.5933214639468882	0.11675439162284702	-0.8259496634900685
PF3D7_0937700	276.0	828.0	0.0	0.30513810850401135	1.0507895246056231	0.945694714287897
PF3D7_0937800	54106.0	100604.0	81301.0	114.74656893629647	127.67346537853153	0.1533738243519156
PF3D7_1000100	20524.0	49716.0	21533.0	37.238866309959555	63.0930579774072	0.7528182004015265
PF3D7_1000200	92.0	92.0	151.0	0.2037310671239428	0.11675439162284702	-0.19032812074570107
PF3D7_1000300	184.0	92.0	0.0	0.2034254056693409	0.11675439162284702	-0.18970135850538622
PF3D7_1000400	0.0	0.0	184.0	0.12431376840547093	0.0	-0.32034318796816524
PF3D7_1000500	214.0	184.0	92.0	0.2987494755790341	0.23350878324569405	-0.12292883760635771
PF3D7_1000600	219.0	242.0	446.0	0.5434462203827484	0.3071148127470541	-0.3705104275878409
PF3D7_1001000	276.0	184.0	184.0	0.4294518769094823	0.23350878324569405	-0.34156592917719003
PF3D7_1001100	366.0	184.0	531.0	0.7633929864037164	0.23350878324569405	-0.7844173220187961
PF3D7_1001200	687.0	276.0	92.0	0.8216854368920681	0.3502631748685411	-0.6363974932776563
PF3D7_1001300	0.0	184.0	0.0	0.0	0.23350878324569405	0.5528861463611856
PF3D7_1001400	460.0	368.0	276.0	0.6950341667815586	0.4670175664913881	-0.3054378638288903
PF3D7_1001500	368.0	552.0	553.0	0.780467734861646	0.7005263497370822	-0.09300383157316791
PF3D7_1001600	1012.0	1288.0	1104.0	1.8647223416142005	1.6345614827198582	-0.14773107894962167
PF3D7_1001700	368.0	0.0	481.0	0.73182321678994	0.0	-1.3007952247335186
PF3D7_1001800	1380.0	276.0	1194.0	2.332378800542515	0.3502631748685411	-1.736032862595469
PF3D7_1001900	276.0	92.0	84.0	0.361890046254335	0.11675439162284702	-0.48280774904889223
PF3D7_1002000	92.0	92.0	552.0	0.4746540080510832	0.11675439162284702	-0.6601940848109968
PF3D7_1002100	552.0	368.0	368.0	0.8589037538189646	0.4670175664913881	-0.4908292763831975
PF3D7_1002200	1858.0	3229.0	3486.0	4.409359784756017	4.0978253320670985	-0.09458323897191602
PF3D7_1002300	92.0	92.0	2024.0	1.4691641552948507	0.11675439162284702	-1.6748153951003357
PF3D7_1002400	60252.0	194297.0	83667.0	123.139932628096	246.57639162113378	0.9988123932215155
PF3D7_1002500	14743.0	33679.0	13400.0	25.35274593704567	42.74099082028114	0.7420820573967901
PF3D7_1002600	538.0	22564.0	4867.0	3.883032494997458	28.635283614977393	2.7327660746568294
PF3D7_1002700	17665.0	156741.0	28901.0	39.05598919475773	198.91521844952896	2.333807458143821
PF3D7_1002800	21346.0	72259.0	57921.0	62.73204613712518	91.7016911334272	0.5441373076455303
PF3D7_1002900	8065.0	24963.0	20434.0	22.72202956695993	31.679781283490545	0.47066045364756137
PF3D7_1003000	55409.0	46566.0	76837.0	113.17117024838956	59.09548913379885	-0.931591358028707
PF3D7_1003100	24120.0	19165.0	31374.0	47.86326605813993	24.32171647230286	-0.9623087914403111
PF3D7_1003200	5528.0	15572.0	8992.0	12.186766565446256	19.76194985164102	0.6754485934331832
PF3D7_1003300	22873.0	14301.0	48488.0	58.04714840390929	18.148962549981906	-1.6505035296146155
PF3D7_1003400	158606.0	495950.0	274076.0	360.5212515276594	629.3950057103367	0.803027608575851
PF3D7_1003500	59872.0	90802.0	88411.0	125.92494818875473	115.23404639280169	-0.12746785141551162
PF3D7_1003600	8120.0	1329733.0	39417.0	35.60809838735595	1687.5235590850352	5.546868785524904
PF3D7_1003700	82304.0	148154.0	155866.0	196.2989913831335	188.0177188749052	-0.06202269722545073
PF3D7_1003800	93493.0	55818.0	159386.0	211.04742251803304	70.83691990873994	-1.5682602766035938
PF3D7_1003900	12058.0	1320.0	14396.0	23.057198649598217	1.6751717058930224	-3.4369667929806087
PF3D7_1004000	85564.0	46476.0	98009.0	160.81391053447436	58.981272881124326	-1.4393634252824747
PF3D7_1004100	29725.0	1341.0	53392.0	68.93576579470685	1.7018221648504115	-4.978909118474966
PF3D7_1004200	53609.0	225266.0	95979.0	124.11382472998038	285.87820416643757	1.200457564668869
PF3D7_1004300	235918.0	2336272.0	342795.0	492.423114648114	2964.891478537957	2.5887880358690456
PF3D7_1004400	204216.0	164228.0	277678.0	413.38000667100255	208.41674160257523	-0.9862844500707999
PF3D7_1004500	24587.0	27056.0	28928.0	46.72700620448667	34.33594369291031	-0.4390354377396912
PF3D7_1004600	42436.0	54568.0	61524.0	88.48283044762144	69.25058306603822	-0.35132171290021386
PF3D7_1004700	6040.0	42546.0	8535.0	12.444062302084312	53.9938298476701	2.073802430802977
PF3D7_1004800	3588.0	14581.0	5771.0	7.865788657660695	18.504302002747092	1.1837525811241993
PF3D7_1004900	5336.0	44704.0	6895.0	10.557724988083288	56.73248177291036	2.371779571247151
PF3D7_1005000	6992.0	17387.0	5288.0	11.30283502047914	22.065310947243926	0.9349732247937941
PF3D7_1005100	20900.0	129568.0	40849.0	50.70480491350166	164.43079362814177	1.6875096841676225
PF3D7_1005200	1796.0	64814.0	7753.0	7.223677581683436	82.25346889829572	3.421459942160099
PF3D7_1005300	2615.0	9157.0	16596.0	14.103634436318053	11.620869174895763	-0.26883430357326715
PF3D7_1005400	2024.0	1432.0	3556.0	4.640178160459786	1.817307486999097	-1.1493688743557537
PF3D7_1005500	271153.0	658537.0	383422.0	558.8263192012025	835.7292043058131	0.5802082104653552
PF3D7_1005600	32751.0	130659.0	55754.0	73.87703969975658	165.81534842445183	1.1609920808713707
PF3D7_1005700	4508.0	16643.0	8096.0	10.453728248739573	21.121123258467858	0.9810194816970383
PF3D7_1005800	10114.0	18669.0	26938.0	29.381569816555924	23.692258013118817	-0.3047105102799245
PF3D7_1005900	128263.0	203436.0	208263.0	282.5103867217134	258.17441754549463	-0.1297176211407924
PF3D7_1006000	23650.0	3729999.0	136915.0	118.64907850714654	4733.627869552475	5.312258975068443
PF3D7_1006100	67595.0	46383.0	145693.0	173.16405519846398	58.863249420027316	-1.5486572081210555
PF3D7_1006200	36373.0	72945.0	62733.0	82.596564748866	92.57227279270191	0.16356260125510852
PF3D7_1006300	7351.0	429886.0	28765.0	27.56122665901465	545.5551999693392	4.282396817640789
PF3D7_1006400	8001.0	41317.0	14104.0	18.3746090236476	52.434143463925764	1.4877518263686045
PF3D7_1006500	7747.0	46303.0	12894.0	17.276295367068077	58.76172386209441	1.7371458998656224
PF3D7_1006600	21350.0	224575.0	55092.0	60.825144239318654	285.00127715979204	2.2189465721674337
PF3D7_1006700	106361.0	351291.0	171727.0	233.61173956175583	445.8126846476256	0.9308575296086885
PF3D7_1006800	119082.0	161075.0	186941.0	257.9545887902369	204.41536555054438	-0.3348826484707941
PF3D7_1006900	5886.0	100132.0	11742.0	14.440511991232501	127.07446458672737	3.0940380936297927
PF3D7_1007000	54775.0	30876.0	104237.0	130.98217865662622	39.183789084206786	-1.7282455784514164
PF3D7_1007100	19695.0	8243.0	32060.0	43.43458032465797	10.460939675512261	-2.0029854279029027
PF3D7_1007200	132232.0	37453.0	176994.0	265.7724965631859	47.53045901576619	-2.470881918207018
PF3D7_1007300	460.0	4695.0	4048.0	3.2434664190937124	5.958281181187682	0.7867754417409207
PF3D7_1007400	21521.0	26599.0	27352.0	42.272545374110464	33.755978943218565	-0.3203292498468029
PF3D7_1007500	20696.0	26319.0	40474.0	50.22591118573755	33.40063949045338	-0.5814103870969924
PF3D7_1007600	26767.0	19796.0	37727.0	55.081920511872006	25.122499310498693	-1.1172044763828552
PF3D7_1007700	467811.0	225786.0	588390.0	914.7261991504081	286.5381202930015	-1.6728860033928004
PF3D7_1007800	19598.0	161481.0	32572.0	43.67325633049316	204.9306077570539	2.2174060564695055
PF3D7_1007900	20248.0	29672.0	35569.0	46.41670675221201	37.655829437316484	-0.2981982606504766
PF3D7_1008000	279953.0	166836.0	492541.0	642.2781543345002	211.7264747911881	-1.598716257399533
PF3D7_1008100	130072.0	142638.0	183193.0	267.57261707459753	181.01753165543101	-0.5625149633353047
PF3D7_1008200	12941.0	9759.0	19327.0	27.364893351844984	12.384848998340914	-1.1127730018630964
PF3D7_1008400	92480.0	163629.0	110668.0	177.01270455542013	207.65656898755256	0.22974680588362661
PF3D7_1008500	68211.0	50965.0	120849.0	157.06002687034874	64.67812575063476	-1.2734417961716646
PF3D7_1008600	7626.0	59863.0	6797.0	13.023276236339019	75.97030593172273	2.499454935231984
PF3D7_1008700	564830.0	603276.0	817106.0	1176.5124887550792	765.599156094181	-0.6195265911099129
PF3D7_1008800	75158.0	245848.0	113689.0	159.9030144323147	311.9981920836271	0.9621465888584224
PF3D7_1008900	5704.0	27236.0	10426.0	13.350184039855218	34.56437619825936	1.3401009156387969
PF3D7_1009000	920.0	6256.0	1934.0	2.323772833217252	7.939298630353598	1.5794990736329304
PF3D7_1009100	5055.0	73132.0	15036.0	15.747267648930322	92.80958878437009	2.5218282282905706
PF3D7_1009200	9090.0	31826.0	10426.0	17.09365373331385	40.3894050846601	1.2166719494422416
PF3D7_1009300	5949.0	20240.0	18573.0	19.12531173327022	25.685966157026343	0.41607826511597995
PF3D7_1009400	9316.0	15941.0	6720.0	14.839671754893176	20.230236487606568	0.43446896286011216
PF3D7_1009500	17157.0	69183.0	40944.0	46.63082944925262	87.7980334309068	0.9057102352280464
PF3D7_1009600	15267.0	63300.0	22820.0	32.2963905617754	80.3320977144154	1.3013912418573748
PF3D7_1009700	12420.0	318346.0	23337.0	29.498119302672222	404.0031908213789	3.7532071224608723
PF3D7_1009800	37618.0	55487.0	47660.0	73.7894082210544	70.41685791279252	-0.06702791713675291
PF3D7_1009900	44666.0	55384.0	79028.0	102.77428075638227	70.2861437569539	-0.5449421242705538
PF3D7_1010000	11022.0	28104.0	17108.0	23.74410201721887	35.665928501831445	0.5769973725875523
PF3D7_1010100	49427.0	82503.0	105565.0	125.96679612903287	104.70203882673638	-0.2655959904116275
PF3D7_1010200	21539.0	20249.0	25887.0	41.302664866436736	25.697387782293795	-0.6741719515848887
PF3D7_1010300	34703.0	14901.0	76938.0	90.34741612240902	18.910404234478733	-2.226615318543082
PF3D7_1010400	806255.0	219673.0	1299794.0	1769.5382648845386	278.780298597453	-2.6639948393880295
PF3D7_1010500	85768.0	17803.0	106832.0	167.00042771598532	22.59324384849506	-2.8586220354120506
PF3D7_1010600	68568.0	92224.0	112061.0	151.5173827022872	117.03866318505916	-0.3711009054962991
PF3D7_1010700	19040.0	19744.0	28808.0	40.513319370484005	25.0565076978423	-0.6824018062453826
PF3D7_1010800	24655.0	17652.0	40056.0	54.32046567406056	22.40161435789669	-1.2592652842958487
PF3D7_1010900	28813.0	34467.0	71314.0	80.03591463923082	43.74101756592031	-0.8642477215976817
PF3D7_1011000	16224.0	10762.0	21068.0	32.17074051274918	13.657725680924779	-1.2064096279144039
PF3D7_1011100	10861.0	12953.0	23782.0	28.075181365182722	16.438256898812362	-0.7544772393535193
PF3D7_1011200	5480.0	4881.0	18164.0	18.330470176005228	6.194328103381699	-1.4920578554518429
PF3D7_1011300	13340.0	33861.0	10368.0	21.75315251335288	42.97196146457851	0.9660754605265551
PF3D7_1011400	9660.0	105556.0	25393.0	27.835809455901938	133.9578974145787	2.246456173766649
PF3D7_1011500	6580.0	57789.0	11686.0	15.16994492875324	73.33825584231202	2.2363683654738558
PF3D7_1011600	5517.0	3680.0	8123.0	11.587492955627141	4.670175664913881	-1.2252298445891718
PF3D7_1011700	64406.0	68300.0	113448.0	147.85307106306215	86.6774450852223	-0.7670079641457719
PF3D7_1011800	554869.0	10855471.0	1138098.0	1382.3679489840824	13776.346873744116	3.3165104299538717
PF3D7_1011900	26301.0	19822.0	33251.0	51.54265602043287	25.155495116826888	-1.0204267246395216
PF3D7_1012000	35533.0	205974.0	54622.0	76.18794346463218	261.3953158709162	1.7719185699861895
PF3D7_1012100	28507.0	81241.0	57566.0	70.40920886655022	103.10047315034473	0.5469856866624294
PF3D7_1012200	1732.0	20767.0	7362.0	6.888754160980302	26.354765769909392	1.8617751051670808
PF3D7_1012300	19174.0	50563.0	21872.0	35.975377559067404	64.16795982202188	0.8261281845672239
PF3D7_1012400	8832.0	73052.0	27958.0	28.65335608669443	92.70806322643718	1.6767927910016671
PF3D7_1012500	3230.0	154099.0	12237.0	11.83854154505282	195.5623368987946	3.990068645389293
PF3D7_1012600	3680.0	6186.0	15629.0	14.62774662647978	7.8504637671623	-0.8572688758420643
PF3D7_1012700	8926.0	50564.0	13251.0	18.82096150079039	64.16922889149605	1.7429125167906032
PF3D7_1012800	24358.0	15991.0	66504.0	71.86086350723502	20.293689961314637	-1.799063828694333
PF3D7_1012900	35630.0	27258.0	78421.0	92.37422410936983	34.592295726690914	-1.4041239216538517
PF3D7_1013000	1933.0	19209.0	12839.0	10.811335770199332	24.37755552916596	1.1370754239864826
PF3D7_1013100	21685.0	251005.0	38721.0	50.134963849825525	318.54278336187735	2.6555440744624583
PF3D7_1013200	35918.0	88790.0	67894.0	85.5803951790893	112.68067861078899	0.394871086529572
PF3D7_1013300	3674.0	4578.0	3637.0	6.519098457173131	5.8098000527108	-0.15369145138387708
PF3D7_1013400	26041.0	10661.0	43473.0	58.16137740720839	13.529549664034478	-2.0639422464246193
PF3D7_1013500	96279.0	35633.0	151739.0	208.96109530715339	45.22075257279248	-2.1957612509269064
PF3D7_1013600	69050.0	90589.0	129434.0	163.78778565903104	114.96373459480532	-0.5087854297138218
PF3D7_1013700	2300.0	16700.0	7633.0	7.69981210477415	21.19346021849506	1.4035974321692488
PF3D7_1013800	76995.0	42485.0	130214.0	173.09854428620048	53.91641660974626	-1.6736409885626784
PF3D7_1013900	31911.0	52168.0	38321.0	61.17030456184994	66.20481632805091	0.11321496179576412
PF3D7_1014000	276.0	6169.0	460.0	0.6159225295176887	7.828889586101557	2.8998872925165116
PF3D7_1014100	8462.0	10666.0	6622.0	13.829301941059734	13.535895011405286	-0.029847268194709564
PF3D7_1014200	54154.0	2280.0	92193.0	122.15847102838623	2.8934784010879477	-5.175738231741507
PF3D7_1014300	1532159.0	698019.0	2253573.0	3216.4685768030113	885.8346052846528	-1.8597784970396694
PF3D7_1014400	3135.0	6435.0	5679.0	7.302807269282897	8.166462066228485	0.15144989262440867
PF3D7_1014500	18299.0	8465.0	17663.0	32.16432385700599	10.742673098776088	-1.5387306798813647
PF3D7_1014600	324631.0	371058.0	414209.0	638.7504052462257	470.8983809433736	-0.4394343665074511
PF3D7_1014700	17186.0	52200.0	22587.0	34.260565808737304	66.24542655122407	0.9412174200479689
PF3D7_1014800	166414.0	8432.0	237027.0	344.1225817548981	10.700793806128761	-4.943344353188206
PF3D7_1014900	8556.0	1580937.0	63291.0	52.21983960357359	2006.3188872722706	5.250420629993247
PF3D7_1015000	4786.0	18126.0	11299.0	12.925082938841747	23.003153288649184	0.8079233271584898
PF3D7_1015100	8548.0	50261.0	15184.0	19.70902514744672	63.78470084082515	1.6694757004532241
PF3D7_1015200	8097.0	21729.0	14149.0	18.51114684170468	27.57561060405264	0.5624718347489881
PF3D7_1015300	8742.0	17292.0	14489.0	19.453951558631772	21.944749347198595	0.16970350772761683
PF3D7_1015400	2760.0	18999.0	6808.0	7.650990516042537	24.111050939592072	1.59425897221744
PF3D7_1015500	3864.0	3864.0	1932.0	5.577228087313603	4.9036844481595745	-0.16947000940507165
PF3D7_1015600	42414.0	123013.0	57848.0	85.97493494988646	156.1120432250139	0.8568412294674772
PF3D7_1015700	2384.0	3865.0	5201.0	6.149576503220451	4.904953517633736	-0.2989802505937705
PF3D7_1015800	49155.0	24318.0	94804.0	118.39575171515607	30.861231472656453	-1.9226430503178027
PF3D7_1015900	290354.0	37260.0	393040.0	586.5525204989244	47.28552860725304	-3.6188438964473892
PF3D7_1016000	11051.0	114758.0	20229.0	25.884768364816075	145.63587471581172	2.469533163949283
PF3D7_1016100	14859.0	479.0	28364.0	35.59094472768214	0.6078842781233014	-5.02575780766708
PF3D7_1016200	16476.0	11750.0	34813.0	41.73571849623761	14.911566321396222	-1.454450099244374
PF3D7_1016300	740883.0	27050.0	890037.0	1420.4254256457523	34.32832927606535	-5.350425761323006
PF3D7_1016400	11504.0	2718.0	19593.0	25.955899626024397	3.4493308307706325	-2.7439093462215842
PF3D7_1016500	11223.0	7360.0	14860.0	22.44753220832778	9.340351329827762	-1.2215572835691526
PF3D7_1016600	4165.0	17025.0	10282.0	11.551418376944874	21.605907797597506	0.8752290283111389
PF3D7_1016700	12161.0	19463.0	31826.0	34.947099737050934	24.69989917560295	-0.4922496302117169
PF3D7_1016800	41961.0	47851.0	94402.0	110.1706620233939	60.726243408096224	-0.8540507519309647
PF3D7_1016900	144565.0	285701.0	247883.0	327.3014327404436	362.5744178373806	0.14744312154763728
PF3D7_1017000	395085.0	42236.0	529959.0	794.845254289492	53.60041831068007	-3.877869606765363
PF3D7_1017100	11831.0	1379.0	22979.0	28.605065536213523	1.7500468048685438	-3.693243348701282
PF3D7_1017200	1380.0	189.0	1472.0	2.520200689763824	0.23985413061650093	-2.029331655955079
PF3D7_1017300	21346.0	1041251.0	80586.0	78.0449350551143	1321.4198590400117	4.072972659562458
PF3D7_1017400	6171.0	73169.0	16008.0	17.63778795119718	92.85654435491406	2.3637526415075083
PF3D7_1017500	10570.0	68855.0	35944.0	35.97032950810424	87.38177864338186	1.2688408343980437
PF3D7_1017600	279839.0	620482.0	533401.0	669.7578830345069	787.4347654666018	0.2333599091869574
PF3D7_1017700	14719.0	115341.0	24269.0	32.66950756238806	146.3757422192478	2.1466666431733303
PF3D7_1017800	8097.0	45657.0	12105.0	17.13018302311347	57.94190498178616	1.728955753533341
PF3D7_1017900	12573.0	63383.0	26783.0	31.99545263415408	80.43743048077079	1.3165692048756865
PF3D7_1018000	5027.0	13142.0	7832.0	10.849157328540354	16.678111029428866	0.5979862191247367
PF3D7_1018100	64203.0	23648.0	172434.0	187.48066120335687	30.01095492496833	-2.6231850112096007
PF3D7_1018200	13447.0	635595.0	38414.0	40.819839834583625	806.6142124296027	4.28786627250709
PF3D7_1018300	18109.0	52169.0	39968.0	47.02393134182585	66.20608539752507	0.48916419445214643
PF3D7_1018400	8626.0	305390.0	28029.0	28.47357697793847	387.56112671414405	3.743474210254572
PF3D7_1018500	6823.0	105998.0	15382.0	17.935684393993842	134.51882612215803	2.8725877008674088
PF3D7_1018600	75659.0	163819.0	102965.0	153.2115757141629	207.8976921876432	0.4391134855626011
PF3D7_1018700	78643.0	73104.0	216071.0	232.92708929995916	92.77405483909357	-1.3234242548841197
PF3D7_1018800	1290.0	58822.0	10378.0	8.437755770790364	74.64920460912073	3.071773306583825
PF3D7_1018900	2183.0	48440.0	5119.0	5.8719556578466126	61.47372532837728	3.281848560996967
PF3D7_1019000	101657.0	153349.0	171663.0	228.36788527128556	194.61053479317357	-0.23022336132010132
PF3D7_1019100	85182.0	2566860.0	193115.0	224.64693636602345	3257.5236704458816	3.8550583336886994
PF3D7_1019200	460.0	32234.0	1839.0	1.75102557992151	40.90718543011794	4.20122678544163
PF3D7_1019300	77315.0	356204.0	141253.0	180.91047808642975	452.04762297418046	1.3188118325230733
PF3D7_1019400	21626.0	35977.0	32845.0	46.099801881972056	45.65731247190399	-0.013764596377106642
PF3D7_1019500	83289.0	91374.0	125227.0	176.68771135274807	115.95995413202199	-0.6054445952517147
PF3D7_1019600	37435.0	268755.0	72570.0	90.41674040443914	341.06876652824184	1.909558193243202
PF3D7_1019700	150373.0	695690.0	312629.0	377.46618276929223	882.8789424793309	1.22477528256654
PF3D7_1019800	67338.0	25299.0	107767.0	147.25642307996992	32.106188626808766	-2.1800031289295014
PF3D7_1019900	3679.0	29454.0	4417.0	7.051608600567773	37.3791722919493	2.326548909480232
PF3D7_1020000	144275.0	72695.0	202437.0	296.2766670524047	92.25500542416157	-1.6778806275200102
PF3D7_1020100	60693.0	61645.0	82747.0	123.00592141596093	78.2317877346783	-0.649562070128655
PF3D7_1020200	136935.0	6880492.0	469641.0	468.6896762665487	8731.822364411586	4.218122215433368
PF3D7_1020300	4600.0	300858.0	15668.0	15.671222768781991	381.80970385724464	4.563241143587766
PF3D7_1020400	2300.0	35908.0	7547.0	7.641708930410723	45.56974667818685	2.500416114530837
PF3D7_1020500	828.0	22275.0	3312.0	3.1530621568105106	28.268522536944754	2.9773129241277156
PF3D7_1020600	299895.0	74545.0	481681.0	656.988273437623	94.60278395136012	-2.7894056846566686
PF3D7_1020700	14620.0	50248.0	23389.0	31.9655117397898	63.76820293766105	0.9851971822945012
PF3D7_1020800	15832.0	87060.0	26219.0	35.21746584989156	110.4851884204898	1.635665523734623
PF3D7_1020900	9936.0	35584.0	14334.0	20.669284712253216	45.15856816855857	1.108913094998088
PF3D7_1021000	2120.0	49967.0	3961.0	5.019938568875396	63.4115944154217	3.533353562509189
PF3D7_1021100	20613.0	14463.0	31185.0	43.858330189058336	18.35455180479605	-1.2342922018624443
PF3D7_1021200	424261.0	136880.0	620370.0	888.1847746759904	173.71022962320978	-2.3508424300553483
PF3D7_1021300	10533.0	9476.0	20135.0	25.248573504126764	12.025702337153243	-1.039601007788428
PF3D7_1021400	7912.0	21157.0	17756.0	20.7435710949096	26.84970286483233	0.3644988522404836
PF3D7_1021500	3222.0	124778.0	14097.0	13.08634701238337	158.35195084690875	3.5474532946445345
PF3D7_1021600	10260.0	139581.0	19031.0	24.20086950376062	177.13798627291968	2.846306389315338
PF3D7_1021700	504342.0	427504.0	872580.0	1147.1178477246335	542.5322764818869	-1.0795324542718023
PF3D7_1021800	326982.0	297576.0	443519.0	661.1519795978179	377.644617843047	-0.8071344924684444
PF3D7_1021900	545603.0	1897835.0	1020727.0	1292.8257146338071	2408.484465495064	0.8973394371717813
PF3D7_1022000	12066.0	70217.0	34959.0	36.958782470071334	89.11025126718967	1.2583597755413511
PF3D7_1022100	8003.0	13244.0	9485.0	15.256139211400146	16.807556115793325	0.13548795689825407
PF3D7_1022200	14280.0	8740.0	21339.0	30.20459944001376	11.091667204170466	-1.405366701435917
PF3D7_1022300	19407.0	11040.0	27993.0	40.36843568912634	14.010526994741642	-1.4938871064427304
PF3D7_1022400	44345.0	220247.0	75454.0	100.00473204170285	279.5087444756216	1.4782084531328845
PF3D7_1022500	329.0	41442.0	2024.0	1.7311849223798168	52.592777148195935	4.57263361178345
PF3D7_1022600	26484.0	62248.0	55341.0	66.66938424496733	78.99703662759762	0.24309727925589808
PF3D7_1022700	12423.0	27163.0	29415.0	33.60784408846277	34.47173412664558	0.03608576904272911
PF3D7_1022800	16104.0	1472.0	27520.0	36.397161083791445	1.8680702659655524	-3.9617260229796805
PF3D7_1022900	7292.0	18682.0	14845.0	18.09139103326114	23.708755916282914	0.3808942226882569
PF3D7_1023000	19291.0	43091.0	31977.0	42.931852571027164	54.68547271108805	0.3455350432353452
PF3D7_1023100	1480030.0	76905.0	2074060.0	3037.5539002817695	97.59778791038097	-4.952783051457736
PF3D7_1023200	81400.0	35568.0	132619.0	179.5934547480951	45.13826305697199	-1.9804299590378975
PF3D7_1023300	28151.0	233030.0	72276.0	79.95397021886647	295.73125956382654	1.8804883663771992
PF3D7_1023400	104951.0	42161.0	168651.0	229.97467992257648	53.50523810011797	-2.093437014379391
PF3D7_1023500	96855.0	22605.0	158087.0	213.88673028271575	28.68731546341801	-2.876802182727865
PF3D7_1023600	780525.0	126214.0	1324105.0	1757.5168319271108	160.17433461180448	-3.4517374804846988
PF3D7_1023700	173699.0	4696.0	324032.0	410.95885077891523	5.959550250661843	-5.993170626364954
PF3D7_1023800	14654.0	6690.0	22067.0	31.109933815663307	8.490074782139637	-1.8139729928829431
PF3D7_1023900	1709233.0	849401.0	2282740.0	3431.942544012659	1077.948880422151	-1.6702777782614393
PF3D7_1024000	2208.0	38355.0	13156.0	11.32953930902326	48.67515968145975	2.055535846941718
PF3D7_1024100	33748.0	159376.0	50884.0	71.6890346851788	202.2592165139442	1.4899158768251173
PF3D7_1024200	11225.0	32487.0	24646.0	29.061344101954283	41.22826000708077	0.49731289631994924
PF3D7_1024300	6623.0	86529.0	16097.0	18.197636911798426	109.81131252971011	2.56065289555141
PF3D7_1024400	114270.0	30312.0	243927.0	291.1353570199831	38.46803390077977	-2.9038025899101143
PF3D7_1024500	18040.0	21636.0	29055.0	39.57462423530363	27.45758714295563	-0.5194491373816111
PF3D7_1024600	6716.0	10619.0	16182.0	18.357882743546867	13.476248746119701	-0.43219051710659295
PF3D7_1024700	3128.0	56285.0	7786.0	8.718596031188559	71.4295753531733	2.96396613326902
PF3D7_1024800	3980492.0	2674972.0	5160276.0	7887.100844760196	3394.725309436417	-1.2160792295348166
PF3D7_1024900	68153.0	30616.0	115678.0	153.50228138147094	38.85383102092483	-1.9683757317728463
PF3D7_1025000	146328.0	508481.0	235487.0	320.8755931591437	645.297715291053	1.006821969154854
PF3D7_1025100	47560.0	144677.0	61859.0	94.37411789906456	183.60516431324606	0.9564436240198937
PF3D7_1025200	2116.0	21745.0	5139.0	5.811394642565437	27.595915715639222	2.1543296810802364
PF3D7_1025300	3402.0	12795.0	9483.0	10.168047260196621	16.237743921894864	0.6498089590791613
PF3D7_1025400	40070.0	101555.0	56796.0	82.67272171482401	128.880350448459	0.6374361775047943
PF3D7_1025500	1681244.0	233165.0	2282201.0	3400.6345070536927	295.9025839428383	-3.5203861326827166
PF3D7_1025600	11089.0	27556.0	31159.0	33.31128822398581	34.970478429991005	0.06911380509217525
PF3D7_1025700	11709.0	37910.0	27607.0	31.596947170392113	48.11042376545794	0.5988296258479213
PF3D7_1025800	5905.0	56361.0	7342.0	11.488797326687095	71.52602463320957	2.5868313391312037
PF3D7_1025900	119058.0	439201.0	193752.0	262.5296913275934	557.3765821211525	1.0847203298562698
PF3D7_1026000	78762.0	122123.0	168217.0	200.72761402821592	154.9825713930103	-0.3720754241502459
PF3D7_1026100	26937.0	414492.0	57283.0	68.48225950046536	526.019144484099	2.9321886993957116
PF3D7_1026200	4248.0	22152.0	10862.0	12.035039541867311	28.112426991622904	1.1906753293888612
PF3D7_1026300	47189.0	71489.0	78842.0	105.43797606931884	90.72450763832295	-0.2157264871635262
PF3D7_1026400	171667.0	44307.0	353577.0	428.67346960076054	56.228661191668294	-2.9194111735398756
PF3D7_1026500	48585.0	38551.0	75108.0	104.45859702088607	48.92389729839539	-1.0865396574163693
PF3D7_1026600	8824.0	497882.0	26499.0	27.658784394580643	631.8468479344165	4.489059146951873
PF3D7_1026800	73596.0	423834.0	115540.0	159.42667911526587	537.8747915117146	1.7512002291717774
PF3D7_1026900	828.0	17992.0	1657.0	2.034913859467824	22.83309797911156	3.202369241331966
PF3D7_1027000	5245.0	217966.0	18776.0	18.48413895824356	276.6139970050595	3.8676131121730344
PF3D7_1027100	39382.0	99900.0	45432.0	74.23436115362684	126.78004046872192	0.7681625805699652
PF3D7_1027200	4324.0	54817.0	6905.0	9.445641439967428	69.5665813651044	2.816590181895835
PF3D7_1027300	71679.0	3033197.0	165484.0	191.05037665099803	3849.337721817877	4.329001866984502
PF3D7_1027400	8382.0	82785.0	7651.0	14.436067349949312	105.0599164184499	2.82118987023498
PF3D7_1027500	2994.0	9527.0	6644.0	7.798893162282367	12.090424880335473	0.6013361298347908
PF3D7_1027600	10056.0	45388.0	15899.0	21.8592961048341	57.60052529323674	1.3776764359795464
PF3D7_1027700	24216.0	28057.0	36600.0	51.50018232244019	35.60628223654586	-0.5262668039849747
PF3D7_1027800	116872.0	293648.0	168593.0	243.11502808788464	372.6597129485411	0.6151901056744298
PF3D7_1027900	3772.0	200676.0	8958.0	10.222409606309578	254.67178579680922	4.5727677612185635
PF3D7_1028000	6157.0	24935.0	12087.0	14.973210551212276	31.644247338214026	1.0547879962198445
PF3D7_1028100	3220.0	7886.0	6814.0	8.163607740055198	10.007881873236649	0.27843205828388284
PF3D7_1028200	20229.0	86832.0	37529.0	47.71991274877182	110.195840580381	1.198900067986994
PF3D7_1028300	13002.0	65543.0	40060.0	41.439927645847476	83.17862054495937	0.9965346962091599
PF3D7_1028400	10856.0	54119.0	29812.0	32.14363188940361	68.68077087213976	1.0835695108856327
PF3D7_1028500	42146.0	174993.0	74490.0	96.92228128186724	222.07827449192249	1.191989108953382
PF3D7_1028600	42187.0	90218.0	71579.0	95.00088487862874	114.49290981989144	0.2679589050393338
PF3D7_1028700	77941.0	214001.0	115405.0	164.1391847071058	271.5821365400096	0.7247344969059706
PF3D7_1028800	3956.0	16107.0	6712.0	8.90839629546431	20.44090202031736	1.1543028520735412
PF3D7_1028900	17845.0	47602.0	21478.0	34.2398776194679	60.41024510903004	0.81009223820784
PF3D7_1029100	17046.0	2201.0	31352.0	40.02758006569516	2.793221912629199	-3.621332397646707
PF3D7_1029200	18592.0	26875.0	27776.0	39.32078463823231	34.1062421180871	-0.20248936037777165
PF3D7_1029300	6943.0	25394.0	10356.0	14.672695528093971	32.2267502268541	1.1089929370588485
PF3D7_1029400	9567.0	51864.0	26128.0	28.229570635525697	65.81901920790584	1.2068862390699986
PF3D7_1029500	16982.0	644.0	34258.0	41.92017020169223	0.8172807413599291	-5.009115656011304
PF3D7_1029600	20406.0	28158.0	39335.0	49.13576580607483	35.73445825343616	-0.4540177266388418
PF3D7_1029700	1480.0	6002.0	1472.0	2.630757975453683	7.616954983916607	1.3744266277990587
PF3D7_1029800	5428.0	8096.0	8661.0	11.852579620287859	10.274386462810538	-0.19720663615261538
PF3D7_1029900	2059217.0	389586.0	3064324.0	4346.927813269182	494.41170016063563	-3.1349190182079503
PF3D7_1030000	16390.0	88210.0	26433.0	35.97895782164299	111.94461831577539	1.6240781958815167
PF3D7_1030100	81616.0	355046.0	130362.0	178.30738796729852	450.57804052310155	1.3349707071247958
PF3D7_1030200	51543.0	365375.0	74449.0	107.28364906757469	463.68625912171444	2.106565480736432
PF3D7_1030300	45806.0	613397.0	110126.0	125.04501191038435	778.4434082421684	2.6333138081524035
PF3D7_1030400	2647.0	1579.0	3779.0	5.479612932668587	2.00386069970082	-1.2558977987985749
PF3D7_1030500	3953.0	12610.0	6715.0	8.907106431813272	16.00296606917501	0.8109024104111743
PF3D7_1030600	1249.0	13888.0	5143.0	4.855565448860563	17.624836857153255	1.758857199295643
PF3D7_1030700	1012.0	9474.0	2642.0	2.903823297090365	12.02316419820492	1.8793710813101006
PF3D7_1030800	17373.0	40560.0	28219.0	38.272390235475235	51.4734578719856	0.42274536994603074
PF3D7_1030900	9752.0	426581.0	28168.0	29.812362959416944	541.3609253572359	4.159944390369184
PF3D7_1031000	135479.0	17047011.0	649275.0	588.4439810659716	21633.84128579327	5.1990489696710265
PF3D7_1031100	12419.0	38823.0	19830.0	27.12762032873931	49.26908419536728	0.8491385373897439
PF3D7_1031200	7911.0	773430.0	34896.0	32.32256329634494	981.5364034006367	4.9030166887884805
PF3D7_1031300	46267.0	79739.0	76576.0	102.8876868126127	101.19433080015433	-0.023825120032558253
PF3D7_1031400	152494.0	57609.0	261482.0	345.255253273586	73.10982333696298	-2.231780957326843
PF3D7_1031500	60982.0	268459.0	121584.0	149.56442014314416	340.69312196389006	1.1850066054623916
PF3D7_1031600	68971.0	183258.0	130961.0	164.73211455744016	232.5671336958663	0.496251458450239
PF3D7_1031700	13080.0	8467.0	11778.0	22.418325382796823	10.74521123772441	-1.0271908698437373
PF3D7_1031800	4709.0	34029.0	8284.0	10.802964634607866	43.18516513623762	1.9504422198701505
PF3D7_1031900	23472.0	17854.0	31979.0	47.55560392233328	22.65796639167729	-1.0531961090783508
PF3D7_1032000	61671.0	765909.0	133058.0	158.07820429091888	971.9917318854689	2.616491490268177
PF3D7_1032100	116719.0	145613.0	188970.0	256.7129496733785	184.7930133410611	-0.4731547944613301
PF3D7_1032200	1380.0	60933.0	3311.0	3.7626627555119816	77.32821026907541	4.1904663566287015
PF3D7_1032300	4469.0	121964.0	16094.0	15.814206123119202	154.78078934661863	3.2506786666387444
PF3D7_1032400	4876.0	17219.0	10573.0	12.53408560540625	21.852107275584814	0.7781214744290749
PF3D7_1032500	22358.0	69206.0	46662.0	56.24409935484353	87.82722202881251	0.6383877593764302
PF3D7_1032600	1287.0	33925.0	8083.0	6.88389503868404	43.05318191092484	2.5603241726946218
PF3D7_1032700	122028.0	87539.0	222426.0	285.18592203463913	111.0930726986131	-1.3561824726650187
PF3D7_1032800	3189.0	6201.0	4234.0	6.386239750588544	7.869499809274721	0.28142499432671836
PF3D7_1032900	19596.0	32295.0	26392.0	39.495724050291265	40.98459866804179	0.052730059778231905
PF3D7_1033000	32243.0	52232.0	41718.0	63.832430137695624	66.28603677439723	0.05400031709180732
PF3D7_1033100	200459.0	1355225.0	311969.0	432.3939967975911	1719.874678120357	1.9906371027090468
PF3D7_1033200	9573.0	8020.0	17887.0	22.668433608376404	10.177937182774272	-1.1175275416070432
PF3D7_1033300	4540.0	819.0	8222.0	10.574234486785812	1.0393678993381708	-2.846797001937727
PF3D7_1033400	13896.0	6263.0	37080.0	40.414967226391425	7.948182116672727	-2.2759158561170763
PF3D7_1033500	12880.0	133827.0	39620.0	41.007775702423196	169.8357605185951	2.0369278194339735
PF3D7_1033600	133129.0	177477.0	223685.0	298.3094897670187	225.23064306573934	-0.4046236882971369
PF3D7_1033700	39826.0	168535.0	51798.0	79.02622164159649	213.88262382778828	1.4306854430027087
PF3D7_1033800	2024.0	559322.0	19393.0	15.339945281315455	709.8184764268917	5.486826755640333
PF3D7_1033900	375895.0	226688.0	618751.0	833.6188118409262	287.68282095869506	-1.5332685590098263
PF3D7_1034000	15572.0	53720.0	25549.0	34.477352641708435	68.17441215194937	0.9733515569858462
PF3D7_1034100	770.0	7179.0	3001.0	2.8788216377728846	9.110649755004552	1.5081137766488175
PF3D7_1034200	1048.0	181730.0	16596.0	12.37120176955796	230.6279955393477	4.16647335006556
PF3D7_1034300	368.0	125960.0	4970.0	3.7646737948994997	159.8519909653675	5.232663062530674
PF3D7_1034400	8653.0	72967.0	25298.0	26.658313849882664	92.60019232113346	1.7773902367757253
PF3D7_1034500	33838.0	46315.0	54186.0	74.01942789053263	58.776952695784345	-0.33014531467705654
PF3D7_1034600	14444.0	25506.0	31198.0	37.046834272836094	32.36888600796018	-0.19196871191049897
PF3D7_1034700	3969.0	65065.0	5799.0	8.3059292287225	82.57200533631023	3.2378152263066564
PF3D7_1034800	21145.0	4177.0	32246.0	45.16332597217951	5.300903193572087	-2.976686496026726
PF3D7_1034900	15370.0	124619.0	20332.0	30.729326219335892	158.1501688005171	2.3448757079601372
PF3D7_1035000	38716.0	45009.0	59188.0	82.79185505585443	57.11954796252958	-0.5316170819255226
PF3D7_1035100	26865.0	72344.0	35886.0	53.9464533494868	91.80956203873092	0.7616420249432663
PF3D7_1035200	17908.0	11112.0	14138.0	29.350490339364697	14.101899996881262	-1.0315985255620839
PF3D7_1035300	8280.0	3404.0	10691.0	16.37717857046213	4.31991249004534	-1.8079948844051497
PF3D7_1035400	644.0	15720.0	1656.0	1.8308128354919315	19.949772133816904	3.1331797020309957
PF3D7_1035500	1833.0	552.0	828.0	2.585927004519738	0.7005263497370822	-1.3620368674642895
PF3D7_1035600	276.0	828.0	819.0	0.8584695015696673	1.0507895246056231	0.19102071842455104
PF3D7_1035700	8188.0	1076.0	8095.0	14.52156074381984	1.3655187541976457	-3.009385948146081
PF3D7_1035800	1932.0	92.0	1012.0	2.8196924857581696	0.11675439162284702	-2.428281617645503
PF3D7_1035900	2392.0	552.0	5152.0	6.125315789054618	0.7005263497370822	-2.464322151929793
PF3D7_1036000	1379.0	645.0	2668.0	3.3271346115424865	0.8185498108340905	-1.5373125728139891
PF3D7_1036300	644.0	92.0	644.0	1.1470871092618413	0.11675439162284702	-1.4171488682506133
PF3D7_1036400	368.0	92.0	28.0	0.425768123922123	0.11675439162284702	-0.5859548052365645
PF3D7_1036500	9212.0	552.0	13521.0	19.319572280632286	0.7005263497370822	-4.045186854553284
PF3D7_1036600	56204.0	59085.0	130538.0	150.33147934974457	74.98296988082518	-0.9987144662611176
PF3D7_1036700	42060.0	22220.0	51342.0	81.18798945612048	28.198723715865878	-1.5091373961686994
PF3D7_1036800	27218.0	13984.0	45586.0	60.89021814152129	17.74666752667275	-1.7503757942844935
PF3D7_1036900	545062.0	750321.0	972806.0	1259.851294849972	952.2094769222413	-0.40371766382677327
PF3D7_1037000	50053.0	82947.0	65898.0	99.85913337147414	105.26550567326404	0.07569726623573324
PF3D7_1037100	12514.0	34097.0	29040.0	33.45509435348374	43.2714618604806	0.36636252604195074
PF3D7_1037200	6397.0	35327.0	14056.0	16.568840482467788	44.832417313699096	1.4091780370129268
PF3D7_1037300	21431.0	118720.0	40052.0	50.753396310193295	150.6639279724391	1.5603943992214337
PF3D7_1037400	11689.0	15914.0	24112.0	29.21354973185674	20.19597161180421	-0.5217709869357794
PF3D7_1037500	6164.0	28238.0	14446.0	16.57473314636549	35.83598381136907	1.0895359369657565
PF3D7_1037600	53211.0	425531.0	89982.0	119.62212374854556	540.0284024093664	2.1698685403278075
PF3D7_1037700	7777.0	3944.0	8693.0	14.471190046952298	5.005210006092486	-1.44331940039842
PF3D7_1037800	49026.0	5152.0	110303.0	128.7245409498574	6.538245930879433	-4.198520341398526
PF3D7_1037900	4527.0	1473.0	10739.0	12.260393317236186	1.8693393354397136	-2.429116057931902
PF3D7_1038000	29989.0	50827.0	54312.0	69.84920587095544	64.5029941632005	-0.11402796486820614
PF3D7_1038100	21668.0	45299.0	42992.0	53.00173489853959	57.48757811003638	0.11615820992117824
PF3D7_1038200	22798.0	10074.0	37705.0	50.67903824009736	12.784605882701749	-1.9457976086955238
PF3D7_1038300	23857.0	8402.0	54845.0	63.42993766984521	10.662721721903921	-2.5178028557851704
PF3D7_1038400	4522765.0	4838041.0	5397007.0	8646.562951917402	6139.8101478412	-0.4938986642309156
PF3D7_1038500	22632.0	21119.0	34344.0	48.2247600175327	26.801478224814197	-0.8356760125842719
PF3D7_1038600	2483.0	552.0	5428.0	6.412393571640596	0.7005263497370822	-2.525518293821749
PF3D7_1038700	17573.0	1287.0	32658.0	41.49257446963694	1.633292413245697	-4.298980602764702
PF3D7_1038800	13275.0	3281.0	31167.0	35.733475435618544	4.16381694472349	-2.9577401237380347
PF3D7_1038900	14543.0	19966.0	20802.0	30.13255807075995	25.338241121106126	-0.24555798365503415
PF3D7_1039000	1012.0	368.0	2208.0	2.610604952047026	0.4670175664913881	-1.6855811811853052
PF3D7_1039700	92.0	0.0	0.0	0.10171270283467045	0.0	-0.26714671912344645
PF3D7_1039800	0.0	0.0	0.0	0.0	0.0	0.0
PF3D7_1039900	0.0	0.0	0.0	0.0	0.0	0.0
PF3D7_1040000	276.0	0.0	0.0	0.30513810850401135	0.0	-0.6873081807174444
PF3D7_1040100	0.0	92.0	0.0	0.0	0.11675439162284702	0.302767988438921
PF3D7_1040200	356.0	0.0	92.0	0.4557408212586342	0.0	-0.9346913448879818
PF3D7_1040300	184.0	62.0	92.0	0.2655822898720763	0.0786823073980056	-0.40378592060863117
PF3D7_1040400	92.0	0.0	0.0	0.10171270283467045	0.0	-0.26714671912344645
PF3D7_1040500	0.0	0.0	0.0	0.0	0.0	0.0
PF3D7_1040600	92.0	0.0	0.0	0.10171270283467045	0.0	-0.26714671912344645
PF3D7_1040700	92.0	184.0	0.0	0.10171270283467045	0.23350878324569405	0.2857394272377393
PF3D7_1040800	0.0	51.0	0.0	0.0	0.06472254318223042	0.17561412858352926
PF3D7_1040900	0.0	0.0	0.0	0.0	0.0	0.0
PF3D7_1041000	0.0	0.0	0.0	0.0	0.0	0.0
PF3D7_1041100	91.0	0.0	130.0	0.18843750982946328	0.0	-0.4613976105248587
PF3D7_1041200	92.0	0.0	92.0	0.1638695870374059	0.0	-0.40897176624319825
PF3D7_1041300	14258.0	4416.0	12794.0	24.40711840767966	5.604210797896657	-2.0286814317454995
PF3D7_1100100	1290.0	2136.0	1935.0	2.733510408576283	2.710732396808709	-0.010198827842357842
PF3D7_1100200	1288.0	828.0	736.0	1.92123291330727	1.0507895246056231	-0.6427389727291878
PF3D7_1100300	0.0	92.0	162.0	0.10945016566133853	0.11675439162284702	0.017187825881299867
PF3D7_1100400	92.0	28.0	92.0	0.1638695870374059	0.03553394527651866	-0.30992183679933444
PF3D7_1100500	0.0	0.0	272.0	0.1837681793820005	0.0	-0.45157919053973633
PF3D7_1100800	3956.0	184.0	4655.0	7.518649438887933	0.23350878324569405	-3.45047312125471
PF3D7_1101100	184.0	0.0	0.0	0.2034254056693409	0.0	-0.49246934694430733
PF3D7_1101200	92.0	0.0	92.0	0.1638695870374059	0.0	-0.40897176624319825
PF3D7_1101300	223.0	0.0	92.0	0.30869963129112143	0.0	-0.6936758588027117
PF3D7_1101500	0.0	0.0	0.0	0.0	0.0	0.0
PF3D7_1101600	0.0	0.0	0.0	0.0	0.0	0.0
PF3D7_1101700	0.0	0.0	0.0	0.0	0.0	0.0
PF3D7_1101800	0.0	0.0	0.0	0.0	0.0	0.0
PF3D7_1102200	0.0	0.0	460.0	0.3107844210136773	0.0	-0.6973902732190767
PF3D7_1102300	376602.0	248474.0	542778.0	783.0717022471185	315.3307685227749	-1.3109135706267983
PF3D7_1102400	7820.0	214559.0	29909.0	28.852647671594976	272.2902773065917	3.216229676762615
PF3D7_1102500	20342.0	4232.0	27976.0	41.390660799115146	5.370702014650963	-2.8350237067216706
PF3D7_1102600	92.0	92.0	368.0	0.3503402396456123	0.11675439162284702	-0.46334412714057527
PF3D7_1102700	553.0	0.0	2569.0	2.3470452193956537	0.0	-2.509465407474199
PF3D7_1102800	1753.0	1840.0	2025.0	3.3061962889099634	2.3350878324569404	-0.4249565333071645
PF3D7_1102900	0.0	184.0	92.0	0.06215688420273546	0.23350878324569405	0.38384143379893143
PF3D7_1103000	0.0	11.0	36.0	0.024322259035853007	0.013959764215775187	-0.02879837262812224
PF3D7_1103100	54690.0	546858.0	99475.0	127.6709105879917	694.0007945009443	2.437907476690617
PF3D7_1103400	9214.0	49269.0	15873.0	20.910837683355147	62.525783922457066	1.5576009163986027
PF3D7_1103500	39675.0	949314.0	103798.0	113.99143208088137	1204.7454187940368	3.3960154019934374
PF3D7_1103600	7544.0	5887.0	14879.0	18.392966415622332	7.471011994388048	-1.245014434863599
PF3D7_1103700	9160.0	24444.0	10387.0	17.144694719341246	31.02113422640079	0.8370849788235546
PF3D7_1103800	1025066.0	1013037.0	1821456.0	2363.8941643076305	1285.6143328960225	-0.8784516639471778
PF3D7_1103900	1453.0	4047.0	9456.0	7.995044067824377	5.135924161931108	-0.5919692327736974
PF3D7_1104000	12782.0	15686.0	22179.0	29.115970677882906	19.90662377169542	-0.5373378603569812
PF3D7_1104100	4876.0	11781.0	19825.0	18.784906177620474	14.950907475095226	-0.3197805530335132
PF3D7_1104200	25571.0	56206.0	36154.0	52.69690777881583	71.32931886471457	0.4332304475327056
PF3D7_1104300	159103.0	704896.0	279877.0	364.98998303384315	894.5619960584605	1.29215574660096
PF3D7_1104400	28700.0	64292.0	49139.0	64.92914895862239	81.59101463278348	0.3272908131960861
PF3D7_1104500	172355.0	29040.0	227859.0	344.4967214632687	36.85377752964649	-3.207256598868401
PF3D7_1104600	121009.0	131786.0	171130.0	249.40282664059515	167.24558972183172	-0.5750923834307395
PF3D7_1104700	27515.0	28970.0	47475.0	62.494816261095906	36.7649426664552	-0.7574140764963493
PF3D7_1104800	9294.0	10684.0	23375.0	26.067772047656177	13.55873826194019	-0.9182101278376789
PF3D7_1104900	145199.0	219913.0	284129.0	352.49082707098194	279.0848752712517	-0.33634437644537657
PF3D7_1105000	454833.0	918830.0	758959.0	1015.6176135437561	1166.0591049437014	0.19919200404806384
PF3D7_1105100	1618412.0	813598.0	2096796.0	3205.906141182865	1032.512386038751	-1.6340996242933454
PF3D7_1105200	9439.0	4330.0	27497.0	29.012978771511644	5.495070823118779	-2.299500838413036
PF3D7_1105300	20157.0	10603.0	35137.0	46.024232513804	13.455943634533119	-1.7371026752078624
PF3D7_1105400	54720.0	180814.0	97539.0	126.39608073221501	229.4655279010159	0.8577701044246325
PF3D7_1105500	12304.0	30683.0	12229.0	21.86510470209823	38.938858675693645	0.8183682897258229
PF3D7_1105600	19475.0	18532.0	37886.0	47.12750655010916	23.518395495158707	-0.9876552433848009
PF3D7_1105700	25382.0	56943.0	32120.0	49.76251026023335	72.2646230671715	0.5337544813461754
PF3D7_1105800	7954.0	17374.0	16369.0	19.85292256371245	22.04881304407983	0.14781552072819312
PF3D7_1105900	276.0	4464.0	644.0	0.7402362979231596	5.665126132656403	2.313515392621277
PF3D7_1106000	1564.0	33260.0	5428.0	5.39637211615079	42.20925071060752	2.856649107667657
PF3D7_1106100	17202.0	23731.0	17854.0	31.080553529539564	30.116287691323723	-0.044737095600440153
PF3D7_1106200	10302.0	17401.0	21225.0	25.729610128324296	22.083077919882186	-0.21595423480107423
PF3D7_1106300	16280.0	46554.0	37866.0	43.581688906187125	59.08026030010891	0.4346549275010149
PF3D7_1106400	2355.0	5338.0	5602.0	6.388437831297532	6.77429285307345	0.07863016408600883
PF3D7_1106500	67696.0	3770.0	103203.0	144.56869621163867	4.784391917588405	-4.778854961212803
PF3D7_1106600	19421.0	2250.0	22737.0	36.83286388988838	2.8554063168631063	-3.4758868026774543
PF3D7_1106700	64777.0	33781.0	110757.0	146.44514973004152	42.870435906645596	-1.7604938916404065
PF3D7_1106800	62768.0	74549.0	89234.0	129.6827210486249	94.60786022925677	-0.4529014912607064
PF3D7_1106900	10021.0	64869.0	14327.0	20.758529076943734	82.3232677193746	1.961994346928553
PF3D7_1107000	5533.0	19788.0	11692.0	14.016463857419724	25.1123467547054	0.8191493848666409
PF3D7_1107100	24568.0	37575.0	32736.0	49.2787548315536	47.685285491613875	-0.0469374902170613
PF3D7_1107200	23413.0	56308.0	49622.0	59.41030890626389	71.45876395107902	0.26436613309659074
PF3D7_1107300	2088096.0	1386678.0	3238717.0	4496.6787551379875	1759.790720291155	-1.3532065133874178
PF3D7_1107400	66647.0	983795.0	94466.0	137.50607314041184	1248.5042033325956	3.1779746709004324
PF3D7_1107500	40492.0	4198.0	58466.0	84.26755603237616	5.327553652529476	-3.8625499057802024
PF3D7_1107600	435605.0	2206.0	865953.0	1066.6467637424782	2.7995672600000057	-8.3372660603754
PF3D7_1107700	61777.0	30243.0	105051.0	139.27335310216304	38.38046810706263	-1.845971852625959
PF3D7_1107800	43592.0	620067.0	103489.0	118.11319490462874	786.9081016348248	2.730847047707186
PF3D7_1107900	225138.0	1239466.0	379787.0	505.4975116466992	1572.9684648609098	1.636746069440057
PF3D7_1108000	107041.0	119806.0	167783.0	231.69889050340788	152.04213742137836	-0.6061532586466221
PF3D7_1108100	245552.0	240604.0	308012.0	479.5741719946951	305.34319176112484	-0.6504651598042029
PF3D7_1108200	46370.0	23269.0	85597.0	109.0963135602741	29.529977594261165	-1.8677239682636217
PF3D7_1108300	9956.0	9388.0	18688.0	23.633038276116295	11.914024223427042	-0.9590386917470772
PF3D7_1108400	11674.0	46992.0	19597.0	26.146549484923366	59.6361127297916	1.174282885786064
PF3D7_1108500	90982.0	286845.0	145859.0	199.1322402416389	364.02623331582123	0.8686779104694992
PF3D7_1108600	17531.0	713079.0	52440.0	54.81122174984843	904.9467915655232	4.032985749230697
PF3D7_1108700	215178.0	183659.0	358797.0	480.30477773747384	233.07603055500502	-1.0415589988874507
PF3D7_1108800	4945.0	1231.0	15497.0	15.937114673991704	1.5622245226926597	-2.9946837561235755
PF3D7_1108900	5059.0	15544.0	12850.0	14.274788322236397	19.7264159063645	0.4531032378063209
PF3D7_1109100	87020.0	3654863.0	260565.0	272.2494340538999	4638.275065541886	4.088095783401998
PF3D7_1109200	31432.0	25098.0	50246.0	68.69748346902182	31.85110566250233	-1.0969045517876963
PF3D7_1109400	67856.0	95627.0	115204.0	152.85368316566667	121.35730660563034	-0.3316700587477324
PF3D7_1109900	43493.0	22460.0	72042.0	96.75757430567162	28.50330038966461	-1.7455935308404675
PF3D7_1110000	13346.0	42987.0	13337.0	23.76569670264559	54.553489485775266	1.1819157273033711
PF3D7_1110100	7265.0	48210.0	13959.0	17.462942746520273	61.181839349320164	1.7798220706478105
PF3D7_1110200	92923.0	125268.0	90260.0	163.71445493092375	158.97379488924784	-0.04226174911993919
PF3D7_1110300	18855.0	66924.0	35154.0	44.596262165333414	84.93120548877624	0.9217552802104013
PF3D7_1110400	459341.0	324185.0	717894.0	992.8572702241188	411.41328748100716	-1.269972024486736
PF3D7_1110500	58503.0	145695.0	92055.0	126.87337205673411	184.89707703794235	0.5415547910744085
PF3D7_1110600	8610.0	23106.0	14461.0	19.28909862893772	29.32311926997286	0.5917252596157998
PF3D7_1110700	60927.0	73828.0	104891.0	138.225517244751	93.6928611383864	-0.5585435546851318
PF3D7_1110800	64085.0	49033.0	137948.0	164.0508306865088	62.22628352655498	-1.3913913175366646
PF3D7_1110900	29606.0	40945.0	63799.0	75.83536234101709	51.96204961953773	-0.5410773672933287
PF3D7_1111000	14354.0	19880.0	19547.0	29.07570382608402	25.229101146328247	-0.201011444445557
PF3D7_1111100	78573.0	79909.0	136801.0	179.29343603964102	101.41007261076176	-0.8190436994398259
PF3D7_1111200	17848.0	18764.0	45728.0	50.6269382719118	23.812819613164148	-1.0723664173572443
PF3D7_1111300	7445.0	14262.0	17743.0	20.21848553275279	18.09946884048961	-0.15565712787821598
PF3D7_1111400	33710.0	15755.0	57605.0	76.1878535549491	19.99418956541255	-1.9037831497672282
PF3D7_1111500	20215.0	7878.0	39082.0	48.75366995884968	9.997729317443357	-2.230153922329654
PF3D7_1111600	12521.0	74233.0	12793.0	22.486062736940255	94.20683427542177	2.042709168615697
PF3D7_1111700	7268.0	33064.0	17852.0	20.096441532495852	41.96051309367189	1.0437267018098397
PF3D7_1111800	5970.0	46011.0	12791.0	15.242103714784477	58.39115557563928	1.90342263269358
PF3D7_1111900	5245.0	25024.0	7636.0	10.957751023260158	31.75719452141439	1.4932970761302493
PF3D7_1112000	9645.0	13800.0	15839.0	21.364368562255688	17.513158743427052	-0.2795304934328325
PF3D7_1112100	119065.0	309587.0	225647.0	284.08627622505094	392.8874112971993	0.46708469940066033
PF3D7_1112200	92.0	24472.0	10419.0	7.140979838794461	31.056668171677305	2.0461153313979223
PF3D7_1112300	2388.0	13734.0	5397.0	6.286419982732134	17.429400158132403	1.401604602344053
PF3D7_1112400	368.0	62013.0	4968.0	3.7633225582863967	78.6988053011697	4.215428550429502
PF3D7_1112500	16133.0	6529.0	18680.0	30.456756866726487	8.285754596799654	-1.8170162300165698
PF3D7_1112600	95596.0	24111.0	147470.0	205.32177449522342	30.598534091505048	-2.726477135316496
PF3D7_1112700	98579.0	22814.0	181505.0	231.61436739083126	28.95255098351774	-2.978371324031155
PF3D7_1112800	23170.0	4439.0	43340.0	54.897420500281186	5.6333993958023685	-3.1750599960329375
PF3D7_1112900	98677.0	5415.0	162696.0	219.0150088028807	6.872011202583876	-4.896117510354927
PF3D7_1113000	25481.0	5336.0	34603.0	51.54952222823361	6.7717547141251275	-2.839509479373279
PF3D7_1113100	151197.0	95184.0	243017.0	331.3460332477156	120.79510882857686	-1.4519926533508414
PF3D7_1113200	4855.0	8728.0	4047.0	8.101783506856473	11.07643837048053	0.428483732710155
PF3D7_1113300	9423.0	65282.0	7544.0	15.51467753517974	82.84739341220325	2.3797423324904905
PF3D7_1113400	19140.0	50487.0	43066.0	50.25684247098476	64.07151054198563	0.34729545345498736
PF3D7_1113500	13433.0	17937.0	28932.0	34.398149031865984	22.763299158032684	-0.5850948074853676
PF3D7_1113600	460.0	6717.0	4973.0	3.8684133526538247	8.524339657941994	1.0467119939487652
PF3D7_1113700	276.0	13454.0	540.0	0.6699719940418065	17.074060705367216	3.9089016813768684
PF3D7_1113800	65806.0	46263.0	103387.0	142.6034772805058	58.710961083127955	-1.2731225524513115
PF3D7_1113900	151942.0	28619.0	249542.0	336.5780944763534	36.319499281024555	-3.1945409623669696
PF3D7_1114000	68750.0	19625.0	97488.0	141.87281138086814	24.905488430417094	-2.4864615584550114
PF3D7_1114100	17029.0	28797.0	33845.0	41.69310176536071	36.54539364742528	-0.18771298512839246
PF3D7_1114200	15278.0	11043.0	37734.0	42.38472328710995	14.014334203164127	-1.562985417114005
PF3D7_1114400	1062.0	4416.0	4690.0	4.34276823175271	5.604210797896657	0.3339728247154321
PF3D7_1114500	19249.0	26206.0	30688.0	42.01454651389258	33.25723463987314	-0.33275982461778175
PF3D7_1114600	30489.0	38947.0	65642.0	78.05674771263291	49.42644881016329	-0.6539309089297092
PF3D7_1114700	344115.0	143518.0	448138.0	683.2144403130227	182.13431279269304	-1.9044360558723994
PF3D7_1114800	2456.0	37927.0	9786.0	9.32688768445565	48.13199794651868	2.3070993910639475
PF3D7_1114900	10578.0	226562.0	25306.0	28.791946545864864	287.5229182049507	3.297607639258105
PF3D7_1115000	1472.0	17712.0	4510.0	4.674441807901868	22.477758526346374	2.150762924749591
PF3D7_1115100	2670.0	278974.0	11078.0	10.436379127896451	354.037387484697	5.018730706377336
PF3D7_1115200	20336.0	2650812.0	79227.0	76.01014119104326	3364.0645909406776	5.458625021795684
PF3D7_1115300	4968.0	2600.0	2024.0	6.859937405532385	3.29958063281959	-0.9538533023094486
PF3D7_1115400	52996.0	72426.0	91480.0	120.39650180752648	91.91362573561216	-0.38759501256817375
PF3D7_1115500	18306.0	2215.0	23576.0	36.16699391364313	2.810988885267458	-3.469147920952486
PF3D7_1115600	22450.0	8190.0	18546.0	37.35012775067699	10.393678993381707	-1.796806908881611
PF3D7_1115700	4703.0	19964.0	1472.0	6.194019293237845	25.3357029821578	1.9484215253984316
PF3D7_1115800	2574.0	10212.0	4234.0	5.706312443595909	12.95973747013602	1.1168420374840715
PF3D7_1115900	2305.0	59350.0	6351.0	6.839197300059655	75.31927329147794	3.3688704418011395
PF3D7_1116000	6150.0	42044.0	7738.0	12.027207526021634	53.35675697164109	2.1040625039875605
PF3D7_1116100	146026.0	109192.0	241928.0	324.89336766885833	138.5722340226295	-1.226350433145356
PF3D7_1116200	2392.0	10817.0	5983.0	6.686754601798891	13.727524502003654	0.9852723341244066
PF3D7_1116300	13849.0	81585.0	25734.0	32.69743999598419	103.53703304945624	1.6479532636256913
PF3D7_1116400	44523.0	300462.0	78413.0	102.20067857931662	381.30715234547677	1.894398414741655
PF3D7_1116500	25973.0	643346.0	50206.0	62.635136510950346	816.4507699238276	3.6937341081724018
PF3D7_1116600	21349.0	73722.0	37636.0	49.03044550729925	93.5583397741253	0.9252402698604939
PF3D7_1116700	20056.0	72127.0	22076.0	37.088318953388466	91.5341739628379	1.2918852637831852
PF3D7_1116800	28612.0	49227.0	37534.0	56.991308099685476	62.47248300454228	0.13137769716368292
PF3D7_1116900	2484.0	15989.0	2878.0	4.690672462791239	20.291151822366317	2.001976325147026
PF3D7_1117000	22061.0	38832.0	40358.0	51.65664641184416	49.28050582063473	-0.06727021994500507
PF3D7_1117100	26630.0	77803.0	41080.0	57.195805212343984	98.7374122981779	0.7824176850058824
PF3D7_1117200	135549.0	10106.0	258879.0	324.76268676148584	12.825216105874913	-4.609374494227925
PF3D7_1117300	1564.0	24912.0	8802.0	7.675908282455457	31.615058740308314	1.9737990179303118
PF3D7_1117400	7363.0	86296.0	9791.0	14.755311784789797	109.51561934223051	2.850324792453886
PF3D7_1117500	3495.0	1276.0	3398.0	6.159728140522482	1.6193326490299218	-1.6518532357277258
PF3D7_1117600	2356.0	3844.0	828.0	3.1641416086777014	4.878303058676347	0.5536757904502398
PF3D7_1117700	79672.0	324306.0	130266.0	176.0932949760587	411.5668448873807	1.2224478215736692
PF3D7_1117800	74864.0	25770.0	117801.0	162.3561184889262	32.70392034913878	-2.294172428562654
PF3D7_1117900	111814.0	143484.0	157061.0	229.73181026653998	182.09116443057155	-0.3344702238772448
PF3D7_1118000	13158.0	36061.0	26209.0	32.25440784747921	45.76391430773355	0.4981982679965541
PF3D7_1118100	16938.0	54388.0	29476.0	38.64071825405955	69.02215056068917	0.8288024799243494
PF3D7_1118200	65860.0	377544.0	63927.0	116.00327983825724	479.1295655527843	2.0415500221123692
PF3D7_1118300	73997.0	88683.0	118335.0	161.7583669976936	112.54488817705372	-0.5213971182531889
PF3D7_1118400	19763.0	56792.0	39495.0	48.53298138813727	72.07299357657313	0.5656802957261472
PF3D7_1118500	278880.0	171400.0	457792.0	617.614814124691	217.51850787126065	-1.5034242295497915
PF3D7_1118600	60757.0	87809.0	110863.0	142.07236238580361	111.43572145663667	-0.34902383338372556
PF3D7_1118700	28241.0	331795.0	46120.0	62.38199934982704	421.0709061793753	2.745056311567379
PF3D7_1118800	36695.0	54567.0	69947.0	87.82646967224966	69.24931399656406	-0.3406668217367997
PF3D7_1118900	19343.0	46828.0	21867.0	36.15884128035051	59.42798533602913	0.7090686884639321
PF3D7_1119000	21860.0	49390.0	47977.0	56.5819621452232	62.67934132883059	0.14641796934696233
PF3D7_1119100	37416.0	259735.0	111540.0	116.72457992646895	329.6217598713062	1.4937231273020504
PF3D7_1119200	12274.0	373548.0	49907.0	47.28788407063765	474.0583639340354	3.3118687340020543
PF3D7_1119300	205889.0	101479.0	279056.0	416.16063208702184	128.78390116842274	-1.688330156882714
PF3D7_1119400	329132.0	207741.0	545604.0	732.4994560644569	263.63776163175936	-1.472521561132516
PF3D7_1119500	3680.0	16101.0	12206.0	12.31510516315409	20.43328760347239	0.7079535890525772
PF3D7_1119600	17392.0	21919.0	29370.0	39.07103279059706	27.8167338041433	-0.48278985240957306
PF3D7_1119700	12402.0	572308.0	33087.0	36.065497480124904	726.2986126183514	4.313000770226762
PF3D7_1119800	13134.0	18581.0	16852.0	25.906113604511518	23.580579899392614	-0.1330018493985047
PF3D7_1119900	37362.0	76720.0	44036.0	71.05794082674582	97.36301005766113	0.4516517851266071
PF3D7_1120000	345438.0	529881.0	689951.0	848.0504027648307	672.4558020381065	-0.3344886009364693
PF3D7_1120100	117642.0	65725.0	130083.0	217.9482582023993	83.40959118925674	-1.380383971696844
PF3D7_1120200	32965.0	27712.0	53493.0	72.58605930002	35.16845326796018	-1.0349475916138124
PF3D7_1120300	34233.0	7269.0	47290.0	69.79706532702862	9.224866007679076	-2.853714185313376
PF3D7_1120400	2747.0	4232.0	2858.0	4.96792575802454	5.370702014650963	0.10253937560157
PF3D7_1120500	63762.0	46585.0	101572.0	139.1174391346142	59.11960145380792	-1.2276205185633473
PF3D7_1120600	1976133.0	203012.0	3353179.0	4450.228123965545	257.6363320884502	-4.107836258575492
PF3D7_1120700	72049.0	5136764.0	287112.0	273.633541997293	6518.9103883711105	4.5717907267988505
PF3D7_1120800	13441.0	3690.0	11879.0	22.885674633098915	4.6828663596554945	-2.1738029490329698
PF3D7_1120900	7702.0	10373.0	12432.0	16.91440893088086	13.164057655476002	-0.3498955391570303
PF3D7_1121000	24658.0	179871.0	50385.0	61.30224388100142	228.2687953868817	1.8881591537169646
PF3D7_1121100	183982.0	171496.0	308686.0	411.9594179340645	217.64033854078014	-0.9189956009233835
PF3D7_1121200	908.0	4428.0	3613.0	3.444869095634391	5.6194396315865935	0.6334221212766467
PF3D7_1121300	3170.0	3956.0	2944.0	5.49368625085607	5.020438839782422	-0.11866060899295669
PF3D7_1121400	8843.0	4348.0	16403.0	20.858747855918047	5.517914073653683	-1.8274916598375748
PF3D7_1121500	325.0	11485.0	1104.0	1.105193788924868	14.575262910743456	3.2313637787247633
PF3D7_1121600	32375.0	50877.0	53230.0	71.75608369982679	64.56644763690856	-0.1512052718033027
PF3D7_1121700	19362.0	33629.0	20237.0	35.07858932495268	42.67753734657307	0.2792716513103663
PF3D7_1121800	12328.0	93524.0	21534.0	28.178266793125246	118.68845350146896	2.055214739359694
PF3D7_1121900	2864.0	18971.0	5096.0	6.60931155234387	24.075516994315553	1.7894400020101777
PF3D7_1122000	5244.0	8384.0	3681.0	8.284575047992186	10.639878471369014	0.3426890909658875
PF3D7_1122100	13437.0	17025.0	14302.0	24.51827549844554	21.605907797597506	-0.17855036744589162
PF3D7_1122200	62555.0	79691.0	112443.0	145.12765930685862	101.13341546539459	-0.518909579564687
PF3D7_1122300	1602.0	28535.0	5153.0	5.252588850411282	36.212897445195	2.674003712332501
PF3D7_1122400	40665.0	48852.0	79864.0	98.91570066020802	61.99658195173177	-0.6696964253212909
PF3D7_1122500	25980.0	23644.0	41525.0	56.777833001775306	30.005878647071683	-0.9088896274338977
PF3D7_1122600	149826.0	36022.0	209690.0	307.31396155846664	45.714420598241254	-2.7356436687638905
PF3D7_1122700	20851.0	13698.0	41724.0	51.24179786174618	17.383713657062593	-1.5326838322858751
PF3D7_1122800	12002.0	76373.0	30781.0	34.06529252245777	96.92264295012713	1.49493298708313
PF3D7_1122900	906508.0	22929.0	1415956.0	1958.8564342328254	29.098493973046295	-6.048712286892857
PF3D7_1123000	150527.0	151362.0	241244.0	329.40742817607776	192.0888937480149	-0.7765367539290323
PF3D7_1123100	583177.0	1151217.0	844170.0	1215.0813678091065	1460.974352835642	0.26577804495875523
PF3D7_1123200	253389.0	30562.0	442728.0	579.2551422595975	38.785301269320115	-3.8833821819752847
PF3D7_1123300	50241.0	26678.0	81624.0	110.69175455739953	33.85623543167731	-1.6944059411236618
PF3D7_1123400	50534.0	169964.0	60443.0	96.7054160534041	215.6961241063649	1.1532320544360641
PF3D7_1123500	37538.0	61556.0	59229.0	81.5171905809965	78.11884055147794	-0.06105123893893327
PF3D7_1123600	20235.0	96326.0	42599.0	51.15193100012918	122.24438616806916	1.2487628528498358
PF3D7_1123700	11776.0	92841.0	39986.0	40.03449956860499	117.82167905061674	1.5454921932940044
PF3D7_1123800	16018.0	87914.0	32638.0	39.7598963110286	111.56897375142361	1.476971562172174
PF3D7_1123900	19927.0	32735.0	39621.0	48.79942324329413	41.542989236672796	-0.2297055206494294
PF3D7_1124000	35063.0	120807.0	67311.0	84.24124491372149	153.3124759650139	0.8600362989815458
PF3D7_1124100	73764.0	297654.0	131476.0	170.37906868842913	377.7436052620316	1.1463400025704373
PF3D7_1124200	86460.0	14352.0	152533.0	198.64191636066798	18.213685093164134	-3.411631331766991
PF3D7_1124300	33214.0	43832.0	64502.0	80.2992288782129	55.625853191441635	-0.5256760534242685
PF3D7_1124400	4342.0	85095.0	14307.0	14.4664684564856	107.99146690376269	2.857775832960644
PF3D7_1124500	7189.0	115209.0	14222.0	17.556606824019017	146.2082250486585	3.02235104264788
PF3D7_1124600	71953.0	132826.0	128869.0	166.61553931940608	168.56542197495955	0.016735734066734922
PF3D7_1124700	33892.0	101693.0	63858.0	80.613709085771	129.05548203589328	0.6755523922090902
PF3D7_1124800	43815.0	192923.0	96541.0	113.6655416577975	244.83269016363604	1.1036122125324377
PF3D7_1124900	47958.0	1021349.0	94904.0	117.13994283610361	1296.162838365252	3.4623535016334483
PF3D7_1125000	21850.0	101024.0	50204.0	58.07550838534435	128.20647455767931	1.1357151543017017
PF3D7_1125100	53657.0	39687.0	103888.0	129.5103574136271	50.36556022104271	-1.3538654818887856
PF3D7_1125200	24658.0	46614.0	37875.0	52.850258866042495	59.1564044685586	0.16118175678795438
PF3D7_1125300	45817.0	180607.0	72277.0	99.48569592714355	229.20283051986448	1.1999750133877067
PF3D7_1125400	45729.0	45267.0	94071.0	114.11283088871926	57.44696788686322	-0.9839634842688122
PF3D7_1125500	4594.0	12275.0	8741.0	10.98458132215855	15.577827795330947	0.48537424020137165
PF3D7_1125600	1656.0	14720.0	4137.0	4.62586158522751	18.680702659655523	1.9037891456922125
PF3D7_1125700	2300.0	65472.0	2760.0	4.407524096948825	83.08851661229392	4.0902375017713535
PF3D7_1125800	2017.0	10964.0	3496.0	4.5919020520684075	13.914077714705378	1.5012019559828802
PF3D7_1125900	2208.0	58626.0	10312.0	9.408080845190874	74.4004669921851	2.9182971682351377
PF3D7_1126000	33301.0	80930.0	56299.0	74.85331674812136	102.70579254388053	0.45378102602126147
PF3D7_1126100	1932.0	16377.0	3680.0	4.622242127637498	20.78355077834093	2.0548915030414094
PF3D7_1126200	24829.0	123258.0	54531.0	64.29241033849348	156.42296524618345	1.2761597686984012
PF3D7_1126300	6808.0	23629.0	16605.0	18.745381990052813	29.986842604959264	0.6636744375582839
PF3D7_1126400	9575.0	30645.0	18506.0	23.088852485845564	38.89063403567551	0.73974740062717
PF3D7_1126500	10581.0	50964.0	21351.0	26.12319286202449	64.6768566811606	1.2916761752090462
PF3D7_1126600	27412.0	67745.0	43899.0	59.96493119260729	85.97311152706273	0.5161529599832229
PF3D7_1126700	132085.0	211879.0	272283.0	329.98897016620504	268.8891711158392	-0.2949102649908693
PF3D7_1126800	298963.0	112027.0	514425.0	678.0803253647149	142.170045981877	-2.249837133102687
PF3D7_1126900	6979.0	21892.0	34512.0	31.032731963999687	27.782468928340943	-0.15694210284581916
PF3D7_1127000	2228.0	736.0	1740.0	3.6387921785696244	0.9340351329827762	-1.5291294386326337
PF3D7_1127100	54658.0	47144.0	80486.0	114.80621623346505	59.82901128986413	-0.9345464478500507
PF3D7_1127200	0.0	72.0	0.0	0.0	0.09137300213961941	0.24214028694024578
PF3D7_1127300	4415.0	11400.0	6994.0	9.60637859922828	14.46739200543974	0.5665567292918818
PF3D7_1127400	3494.0	13030.0	4173.0	6.682226755242974	16.53597524832279	1.246081431705286
PF3D7_1127500	72422.0	47386.0	154903.0	184.72309998205253	60.136126102611186	-1.6110145433978673
PF3D7_1127600	25502.0	172191.0	67637.0	73.89111439684983	218.5223418253223	1.5578758275423448
PF3D7_1127700	115744.0	3588.0	208928.0	269.11900630005664	4.5534212732910335	-5.737517936270321
PF3D7_1127800	37518.0	45945.0	71783.0	89.97679134430572	58.307396990344635	-0.6215501332442492
PF3D7_1127900	21066.0	243470.0	37072.0	48.33651966390192	308.98034487407136	2.6638154912565337
PF3D7_1128000	27141.0	54656.0	34222.0	53.12736259588917	69.36226117976442	0.3815440350403419
PF3D7_1128100	25928.0	48489.0	45165.0	59.179593849063934	61.53590973261119	0.055865849717413166
PF3D7_1128200	25893.0	83827.0	56199.0	66.59567119356143	106.38228681052605	0.6717311842874351
PF3D7_1128300	9660.0	754901.0	44402.0	40.67863784513887	958.0218151139004	4.540843254009847
PF3D7_1128400	17654.0	21113.0	37587.0	44.91224850403793	26.79386380796923	-0.7345048292616898
PF3D7_1128500	8706.0	26341.0	15047.0	19.791145950839145	33.428559018884926	0.7416498144012633
PF3D7_1128600	25606.0	154166.0	46341.0	59.61812651764713	195.64736455356342	1.7060659955641242
PF3D7_1128700	28942.0	84174.0	33647.0	54.73001878489644	106.82265391806006	0.9584301124867876
PF3D7_1128900	11979.0	67473.0	14456.0	23.01039549229632	85.62792463009083	1.8731822597417649
PF3D7_1129000	3400.0	22259.0	10664.0	10.963741334520114	28.24821742535817	1.3263945400371808
PF3D7_1129100	252543.0	240690.0	343278.0	511.1295870361174	305.4523317359027	-0.7417928019295408
PF3D7_1129200	8833.0	71292.0	20424.0	23.564353337992536	90.47450095191314	1.918564576626182
PF3D7_1129300	3128.0	4232.0	8737.0	9.36110904071901	5.370702014650963	-0.7482168798818596
PF3D7_1129400	7085.0	67155.0	13797.0	17.154489466617186	85.22436053730752	2.2796701356111226
PF3D7_1129500	4048.0	145468.0	10308.0	11.439632428658076	184.60899826730773	3.954544699392572
PF3D7_1129600	20245.0	1664016.0	79883.0	76.35273967016326	2111.751910116124	4.780541402089102
PF3D7_1129700	3682.0	18046.0	12739.0	12.677420866259823	22.901627730716275	0.8285408534872243
PF3D7_1129800	5673.0	12055.0	13550.0	15.426542870958162	15.298632511015443	-0.01163345133125294
PF3D7_1129900	51474.0	46185.0	80100.0	111.02528359077105	58.61197366414336	-0.9158485206295945
PF3D7_1130000	32759.0	67639.0	59449.0	76.38229392531946	85.83859016280162	0.16735415275791385
PF3D7_1130100	22764.0	142976.0	56584.0	63.39644677234806	181.44647713769757	1.509706506414806
PF3D7_1130200	156942.0	296866.0	203782.0	311.18966505305093	376.7435785163924	0.27538602409285146
PF3D7_1130400	63762.0	213443.0	76997.0	122.51411925111174	270.87399577342757	1.1414585681443044
PF3D7_1130500	35640.0	16240.0	55556.0	76.93726725863941	20.60968826038082	-1.8751227674854105
PF3D7_1130600	37340.0	72468.0	60762.0	82.33401001927399	91.96692665352693	0.15871420658423746
PF3D7_1130700	280327.0	464558.0	454384.0	616.9120708598958	589.5563767774627	-0.06538088600873734
PF3D7_1130800	51148.0	33404.0	62870.0	99.02396341754024	42.39199671488676	-1.2143354620405047
PF3D7_1130900	38251.0	18153.0	73893.0	92.21273087523599	23.037418164451545	-1.977811377690725
PF3D7_1131000	8004.0	29044.0	14922.0	18.9305815169774	36.85885380754314	0.9431211145237022
PF3D7_1131100	46949.0	548924.0	82756.0	107.81700863550563	696.6226920345617	2.686152787523081
PF3D7_1131200	102612.0	80138.0	178014.0	233.7145592145321	101.70068952034472	-1.196425829464728
PF3D7_1131300	42545.0	58286.0	97281.0	112.76142167638437	73.96898337097024	-0.6049449764604966
PF3D7_1131400	85693.0	23473.0	157249.0	200.9801579131235	29.788867766990087	-2.7337782122034273
PF3D7_1131500	17519.0	804143.0	40558.0	46.77025815712105	1020.5133341605551	4.432925153613782
PF3D7_1131600	246307.0	5154.0	376972.0	526.9995179214432	6.5407840698277555	-6.227289867133857
PF3D7_1131700	2071.0	47332.0	2566.0	4.023277961248062	60.06759635100647	3.7431055993320603
PF3D7_1131800	47752.0	717219.0	78895.0	106.09622135799998	910.2007391885512	3.0948207570156345
PF3D7_1131900	11670.0	6637.0	9548.0	19.352838830960025	8.422814100009083	-1.1537746305395669
PF3D7_1132000	60605.0	67710.0	113891.0	143.9500875437929	85.92869409546708	-0.7409888103206786
PF3D7_1132100	15271.0	5336.0	17837.0	28.934206831657008	6.7717547141251275	-2.0171183101779633
PF3D7_1132200	198250.0	276111.0	268930.0	400.8738500610333	350.404041580173	-0.19387006237312396
PF3D7_1132300	251825.0	130712.0	443843.0	578.2793407232131	165.88260910658238	-1.7985087805993298
PF3D7_1132400	80382.0	896981.0	183033.0	212.52860288625826	1138.3312060027495	2.418434875058968
PF3D7_1132500	3773.0	6929.0	5244.0	7.714268788634309	8.793382386464206	0.1780716141595314
PF3D7_1132600	16113.0	46656.0	25923.0	35.32814880394083	59.209705386473374	0.7368719471239158
PF3D7_1132700	3690.0	34405.0	10866.0	11.420832360944104	43.6623352585223	1.889331488206014
PF3D7_1132800	5982.0	42034.0	11148.0	14.14532971140319	53.344066276899476	1.8783466925846015
PF3D7_1132900	4598.0	97997.0	7540.0	10.177586027417828	124.36500125939281	3.5477117301305254
PF3D7_1133000	4081.0	260688.0	12739.0	13.11854443616236	330.831183080182	4.604629568387805
PF3D7_1133100	43594.0	89937.0	79797.0	102.10865713152506	114.1363012976521	0.15991151057451297
PF3D7_1133200	32205.0	283176.0	55007.0	72.76871004489598	359.37001741512313	2.296206787878042
PF3D7_1133300	276.0	368.0	184.0	0.4294518769094823	0.4670175664913881	0.05716192699077683
PF3D7_1133400	2116.0	7360.0	5060.0	5.7580207963478705	9.340351329827762	0.6530033721102962
PF3D7_1133500	2300.0	10102.0	1679.0	3.6771807075666834	12.820139827978267	1.6730077652658595
PF3D7_1133600	5885.0	30887.0	12138.0	14.706951267769986	39.19774884842256	1.3843262518633899
PF3D7_1133700	191448.0	534542.0	365954.0	458.90493406325913	678.3709348571728	0.5633709676679279
PF3D7_1133800	9296.0	420149.0	29627.0	30.293948845929783	533.1982704994299	4.115305548539243
PF3D7_1133900	37707.0	50700.0	76647.0	93.47195205732591	64.341822339982	-0.535305580298648
PF3D7_1134000	341056.0	386218.0	416671.0	658.5728116915147	490.13747417166013	-0.42578042809756256
PF3D7_1134100	3221.0	12965.0	11320.0	11.209049402233031	16.4534857325023	0.5339579745456369
PF3D7_1134200	37451.0	33574.0	53063.0	77.25514326424994	42.60773852549419	-0.8509912289557835
PF3D7_1134300	69531.0	382581.0	127439.0	162.97170768162908	485.52186849413516	1.5719802614621652
PF3D7_1134400	7486.0	5893.0	13620.0	17.478239741973912	7.478626411233016	-1.172039472158851
PF3D7_1134500	30635.0	55022.0	62248.0	75.92511281730441	69.82674060730749	-0.11997342168871548
PF3D7_1134600	86358.0	263094.0	128265.0	182.1332428658732	333.8845642350143	0.8725588633951602
PF3D7_1134700	42971.0	56523.0	40662.0	74.97956281478537	71.73161388802372	-0.06345566151235141
PF3D7_1134800	19143.0	51954.0	36176.0	45.60514905741581	65.93323546058036	0.5269772979845389
PF3D7_1134900	30209.0	8096.0	52983.0	69.19453517006622	10.274386462810538	-2.693439818368328
PF3D7_1135000	13268.0	42392.0	21474.0	29.176968180216836	53.79839314864925	0.8715657922590815
PF3D7_1135100	32773.0	239586.0	62181.0	78.24356115881466	304.0512790364285	1.9514512987546226
PF3D7_1135300	4422.0	5150.0	13732.0	14.166433758770392	6.53570779193111	-1.0597506417882594
PF3D7_1135400	15418.0	8278.0	30189.0	37.44196336414489	10.505357107107908	-1.7855883758628766
PF3D7_1135500	33666.0	1261.0	45839.0	68.18988335436094	1.600296606917501	-5.031432647704236
PF3D7_1135600	648845.0	59658.0	1019938.0	1406.4342046818624	75.71014668951965	-4.206427959991284
PF3D7_1135700	7641.0	28897.0	22910.0	23.92609760265637	36.67230059484142	0.605804587309213
PF3D7_1135800	29285.0	22361.0	44323.0	62.32213131555618	28.377662511722633	-1.1213189202598906
PF3D7_1135900	7353.0	26398.0	17300.0	19.817473920115816	33.500895978912126	0.7428517218324789
PF3D7_1136000	2531137.0	142880.0	4219880.0	5649.384543742159	181.32464646817806	-4.95760170983196
PF3D7_1136100	5580.0	124427.0	8479.0	11.897664162744077	157.9065074614781	3.6754913697305707
PF3D7_1136200	1656.0	43124.0	3193.0	3.9880779038429193	54.727352003735376	3.6212133323873466
PF3D7_1136300	71504.0	282336.0	120402.0	160.39867690508729	358.3039990568276	1.1570435073281045
PF3D7_1136400	29010.0	40213.0	59490.0	72.26520163537523	51.0330907644516	-0.4977495554209492
PF3D7_1136500	115757.0	154296.0	149855.0	229.22257852428118	195.8123435852044	-0.22674177208918866
PF3D7_1136600	126671.0	144166.0	212261.0	283.4514367231236	182.9566698119496	-0.6302048548140587
PF3D7_1136700	6355.0	5149.0	11927.0	15.084015047829961	6.534438722456949	-1.1475597549956378
PF3D7_1136800	15455.0	13433.0	32532.0	39.06584325210024	17.047410246409825	-1.1729973806478426
PF3D7_1136900	31370.0	71081.0	45705.0	65.56095522184387	90.2067272928651	0.4574117219345398
PF3D7_1137100	22797.0	8990.0	35251.0	49.019965342963154	11.408934572710812	-2.055965955933289
PF3D7_1137200	5428.0	148915.0	12985.0	14.773953177816427	188.983480744742	3.632926667693809
PF3D7_1137300	72275.0	33372.0	120975.0	161.6382028674101	42.3513864917136	-1.9198102677187159
PF3D7_1137400	46287.0	19024.0	79612.0	104.96097544844093	24.142777676446105	-2.0974724583915845
PF3D7_1137500	8800.0	90621.0	15597.0	20.266659867990924	115.00434481797848	2.47560602583512
PF3D7_1137600	255595.0	22848.0	495614.0	617.424785742197	28.995699345639224	-4.388854721806836
PF3D7_1137700	476662.0	26070.0	843142.0	1096.6267393374183	33.08464119138719	-5.029784768639578
PF3D7_1137800	18831.0	11870.0	23558.0	36.73525853399697	15.063854658295588	-1.2584699615844643
PF3D7_1137900	77293.0	2794.0	130037.0	173.3084205572967	3.5457801108068976	-5.4249362571919075
PF3D7_1138000	24653.0	198742.0	42327.0	55.85258370252516	252.21740543378112	2.164971367629397
PF3D7_1138100	1000.0	4321.0	1596.0	2.183859674154742	5.483649197851325	1.1567163550551098
PF3D7_1138200	3364.0	26488.0	4968.0	7.075618837554577	33.61511223158665	2.1709753130104623
PF3D7_1138300	5059.0	31356.0	5336.0	9.198192366808634	39.79294243180425	2.0547393881023615
PF3D7_1138350	3496.0	50982.0	3499.0	6.229071162341079	64.6996999316955	3.276386041406152
PF3D7_1138400	58514.0	40093.0	100096.0	132.3181801611404	50.88080242755223	-1.3701513099158702
PF3D7_1138500	54726.0	120573.0	71471.0	108.79069615417262	153.01551370806015	0.4902138658217211
PF3D7_1138600	12699.0	32936.0	28501.0	33.295467064778734	41.798072200979234	0.3237621588558024
PF3D7_1138700	33770.0	89715.0	64239.0	80.73623977202547	113.85456787438827	0.4933186276691708
PF3D7_1138800	74518.0	104961.0	125671.0	167.29070635299934	133.20280107745268	-0.32763311927209743
PF3D7_1139100	10569.0	18399.0	24338.0	28.12799786941095	23.349609255095242	-0.26346114765927087
PF3D7_1139200	17850.0	3041.0	48119.0	52.24455278859016	3.8592402709247584	-3.596873477792838
PF3D7_1139300	241050.0	101387.0	368922.0	515.7487940449879	128.6671467767999	-1.9988273342796852
PF3D7_1139500	8689.0	86066.0	14117.0	19.144026187179	109.22373336317338	2.481713060009029
PF3D7_1139600	50505.0	54190.0	98819.0	122.60088257277334	68.77087480480522	-0.8295203067722462
PF3D7_1139700	10553.0	10375.0	16281.0	22.66685200781536	13.166595794424325	-0.7614080916158658
PF3D7_1139800	11784.0	30529.0	19969.0	26.51949250921936	38.74342197667279	0.5384502705719466
PF3D7_1139900	7355.0	5152.0	11508.0	15.906503834283487	6.538245930879433	-1.2209800077567308
PF3D7_1140000	736.0	16241.0	1343.0	1.721057008375991	20.610957329854983	3.2486736743759907
PF3D7_1140100	43760.0	42986.0	143723.0	145.48175809037966	54.55222041630111	-1.4069154427417399
PF3D7_1140200	487135.0	46216.0	709710.0	1018.056301987941	58.65131481784237	-4.10597168187009
PF3D7_1140300	38564.0	25943.0	65456.0	86.85858352707046	32.923469368168696	-1.3860879704781874
PF3D7_1140400	5705.0	5995.0	4911.0	9.625254652080747	7.608071497597477	-0.32052747673901916
PF3D7_1140500	475625.0	263027.0	750303.0	1032.756532322882	333.79953658024544	-1.6279852244179793
PF3D7_1140600	50149.0	618999.0	118216.0	135.31226692789636	785.5527354364204	2.5330123110463165
PF3D7_1140700	324069.0	145472.0	536216.0	720.5592360280741	184.61407454520437	-1.9617031937636469
PF3D7_1140800	11682.0	26781.0	30365.0	33.43045199272481	33.98694958751594	0.023469877779759955
PF3D7_1140900	12109.0	25025.0	26510.0	31.298023030864584	31.75846359088855	0.020740655272615927
PF3D7_1141000	8334.0	36776.0	18102.0	21.443886774587618	46.67129898175894	1.1040902463506526
PF3D7_1141100	30536.0	1624440.0	92785.0	96.44701733163376	2061.527216606713	4.410723051562604
PF3D7_1141200	7084.0	48887.0	10597.0	14.991405312795578	62.04099938332742	2.0133342481375496
PF3D7_1141300	45623.0	276437.0	66144.0	95.12764771882505	350.8177582287496	1.8772768096032404
PF3D7_1141400	25500.0	31569.0	31368.0	49.384902890820676	40.06325422980063	-0.29842986734929466
PF3D7_1141500	45536.0	5002.0	86125.0	108.53099226347985	6.347885509755226	-3.9929358904078316
PF3D7_1141600	18990.0	2300.0	23736.0	37.03130467681001	2.9188597905711755	-3.4565072792500176
PF3D7_1141700	13617.0	6896.0	21443.0	29.541868939771348	8.751503093816881	-1.6992148826114326
PF3D7_1141800	1933.0	27059.0	3378.0	4.419310971915852	34.3397509013328	2.824206146592948
PF3D7_1141900	1932.0	603495.0	28331.0	21.276909002437847	765.8770823090224	5.137183320774933
PF3D7_1142000	1842.0	21251.0	9645.0	8.552803769096158	26.9689953954035	1.6013675610697922
PF3D7_1142100	566671.0	301211.0	873172.0	1216.4270643597442	382.2576853816236	-1.668739452797872
PF3D7_1142200	2682.0	5402.0	1936.0	4.273143443685674	6.855513299419778	0.6238863292016885
PF3D7_1142300	31746.0	230949.0	75562.0	86.14858639474505	293.0903259880967	1.7605563129009576
PF3D7_1142400	15454.0	6464.0	16195.0	28.027161405111933	8.203265080979165	-1.712707555571139
PF3D7_1142500	3774.0	16928.0	4968.0	7.528903708883	21.48280805860385	1.4531007699620266
PF3D7_1142600	30426.0	17937.0	32145.0	55.35591020809363	22.763299158032684	-1.2636542311205008
PF3D7_1142700	920.0	10901.0	2395.0	2.6352328725374807	13.83412633783321	2.192809465552773
PF3D7_1142800	17012.0	25285.0	24093.0	35.08567730130347	32.08842165417051	-0.12693721488083556
PF3D7_1142900	7634.0	29607.0	10580.0	15.587984872878428	37.573339921496	1.2427975032880396
PF3D7_1143000	11041.0	43007.0	16083.0	23.072599137284683	54.578870875258495	1.2243881440300752
PF3D7_1143100	149213.0	3254053.0	325866.0	385.12687777911174	4129.619329603263	3.4209059508795265
PF3D7_1143200	19405.0	74473.0	28133.0	40.46081110632975	94.5114109492205	1.2138565088394713
PF3D7_1143300	43954.0	94933.0	59819.0	89.00916083172324	120.47657239056235	0.4346204427980234
PF3D7_1143400	57750.0	79427.0	100809.0	131.95523835104106	100.79838112421598	-0.3868937824235896
PF3D7_1143500	175784.0	62441.0	338792.0	423.2360963902485	79.24196703611076	-2.4097549327933954
PF3D7_1143600	110120.0	88260.0	233266.0	279.3444628977087	112.00807178948345	-1.3145966923361028
PF3D7_1143700	52543.0	33000.0	79762.0	111.97878198718125	41.87929264732556	-1.4082214639143409
PF3D7_1143800	13616.0	17309.0	32832.0	37.23538026022917	21.966323528259338	-0.7481537564349672
PF3D7_1143900	13252.0	38884.0	32536.0	36.63296872157885	49.34649743329113	0.42479147328001077
PF3D7_1144000	28522.0	87400.0	61185.0	72.87085511081347	110.91667204170467	0.6026861247369485
PF3D7_1144100	51797.0	41583.0	68669.0	103.65939076135942	52.771715944052694	-0.9673512575252988
PF3D7_1144200	127873.0	13890.0	262173.0	318.5017962137128	17.627374996101576	-4.137322617098631
PF3D7_1144300	11072.0	10116.0	29661.0	32.28041726220443	12.837906800616526	-1.2973019453113004
PF3D7_1144400	361075.0	37320.0	537801.0	762.5429201863474	47.36167277570272	-3.9948214837187446
PF3D7_1144500	8663.0	12427.0	28065.0	28.538805432679574	15.770726355403477	-0.8357034494781296
PF3D7_1144600	7548.0	124871.0	23005.0	23.887463066087193	158.46997430800576	2.704542707013145
PF3D7_1144700	3682.0	16139.0	10829.0	11.38698990074651	20.48151224349052	0.8197352310672352
PF3D7_1144800	100014.0	1981142.0	245756.0	276.6100162547194	2514.206836179026	3.181859457172692
PF3D7_1144900	16842.0	47182.0	45039.0	49.04923096465785	59.87723592988226	0.28514204573038654
PF3D7_1145000	4964.0	21434.0	11960.0	13.568458608000219	27.201235109175034	0.977486032585339
PF3D7_1145100	72167.0	60021.0	103872.0	149.9637011019152	76.17081890864023	-0.972665989055323
PF3D7_1145200	125599.0	5374608.0	316276.0	352.54070077647975	6820.750948383549	4.2721299179274945
PF3D7_1145300	11332.0	16976.0	20608.0	26.45149367578759	21.5437233933636	-0.28999730130908763
PF3D7_1145400	52356.0	605188.0	85469.0	115.62779353843047	768.0256169287776	2.7263800473387385
PF3D7_1145500	12051.0	10029.0	24415.0	29.81847945293913	12.727497756364487	-1.196657227546406
PF3D7_1145600	52384.0	32761.0	92295.0	120.27052013894398	41.57598504300099	-1.5211993863707014
PF3D7_1145700	46808.0	21932.0	88966.0	111.85671254636759	27.8332317073074	-1.987519247297459
PF3D7_1145800	30759.0	35445.0	53513.0	70.16067794383272	44.98216751165014	-0.6356065816567273
PF3D7_1145900	30656.0	20881.0	47783.0	66.17551104303223	26.49943968996379	-1.3042275097048948
PF3D7_1146000	31845.0	65057.0	42206.0	63.7221138742471	82.56185278051694	0.3711159006981827
PF3D7_1146100	2574.0	565975.0	24192.0	19.190302605750198	718.2615956384874	5.189956137606139
PF3D7_1146200	7915.0	212670.0	23002.0	24.291181449649322	269.8930050699008	3.4471588989979733
PF3D7_1146300	6664.0	105520.0	10815.0	14.67434950372639	133.9122109135089	3.1469576309833442
PF3D7_1146500	43469.0	10532.0	120305.0	129.33840688619978	13.36583970186766	-3.2271103109226824
PF3D7_1146600	46373.0	109583.0	106331.0	123.10790024688302	139.06844018702657	0.17520179578162962
PF3D7_1146700	91110.0	3185.0	186573.0	226.78087730025857	4.041986275203997	-5.645009148631399
PF3D7_1146800	21778.0	633513.0	46646.0	55.59205720493752	803.9720097843988	3.842173825054673
PF3D7_1146900	13733.0	17957.0	24213.0	31.541578100319164	22.788680547515913	-0.4603163006190152
PF3D7_1147000	5845.0	3864.0	8058.0	11.906205662764034	4.9036844481595745	-1.199046611293788
PF3D7_1147100	4106.0	6493.0	6761.0	9.107337521020124	8.240068095729844	-0.13649215256911815
PF3D7_1147200	167421.0	1572833.0	298387.0	386.6918329117933	1996.0343482536668	2.366377465130858
PF3D7_1147300	90157.0	337820.0	177920.0	219.88114116104433	428.7170497611976	0.961706612937169
PF3D7_1147400	4998.0	31592.0	13711.0	14.789055739906399	40.092442827706336	1.4087118552808482
PF3D7_1147500	9844.0	5428.0	7344.0	15.84500004662375	6.888509105747974	-1.1454941973574975
PF3D7_1147600	38399.0	35831.0	70934.0	90.37720108897116	45.47202832867643	-0.9831620816075741
PF3D7_1147700	18475.0	22297.0	47239.0	52.34099171438649	28.296442065376304	-0.8757669722108173
PF3D7_1147800	1565837.0	164142.0	2702760.0	3557.181019742578	208.30760162779734	-4.090691025743098
PF3D7_1147900	11858.0	33220.0	14634.0	22.99688123517775	42.15848793164106	0.8603635498404025
PF3D7_1148000	76079.0	126585.0	119948.0	165.149942014224	160.64515938671838	-0.039776846237274954
PF3D7_1148700	21160.0	5797.0	35786.0	47.57159837022519	7.3567957417135235	-2.613171814252714
PF3D7_1148800	6714.0	92.0	11868.0	15.44105422337002	0.11675439162284702	-4.691907148106532
PF3D7_1148900	368.0	92.0	1840.0	1.649988495393391	0.11675439162284702	-1.8015609515231126
PF3D7_1149000	8189.0	5888.0	11500.0	16.823146650484503	7.4722810638622095	-1.119636532571016
PF3D7_1149100	130769.0	172292.0	170185.0	259.55475842423425	218.6505178422126	-0.24689334840308133
PF3D7_1149200	16658.0	553.0	26128.0	36.069187763793614	0.7017954192112434	-4.927365350314695
PF3D7_1149300	184.0	368.0	560.0	0.5817716573381654	0.4670175664913881	-0.16178200163402812
PF3D7_1149400	366.0	92.0	460.0	0.7154240866385619	0.11675439162284702	-0.9786917994154001
PF3D7_1149600	1568.0	184.0	920.0	2.3551070816443467	0.23350878324569405	-1.9606587089502978
PF3D7_1149700	0.0	0.0	0.0	0.0	0.0	0.0
PF3D7_1149800	0.0	0.0	0.0	0.0	0.0	0.0
PF3D7_1149900	0.0	0.0	0.0	0.0	0.0	0.0
PF3D7_1150000	0.0	0.0	0.0	0.0	0.0	0.0
PF3D7_1150200	0.0	0.0	0.0	0.0	0.0	0.0
PF3D7_1150300	0.0	0.0	0.0	0.0	0.0	0.0
PF3D7_1150400	2300.0	0.0	0.0	2.5428175708667613	0.0	-2.6054078410837556
PF3D7_1200100	107997.0	306805.0	172258.0	235.77921007642078	389.35686002008237	0.722451826887825
PF3D7_1200200	977.0	4416.0	0.0	1.0801446811899242	5.604210797896657	1.9497481234229508
PF3D7_1200300	92.0	92.0	92.0	0.1638695870374059	0.11675439162284702	-0.10620377780427723
PF3D7_1200400	67284.0	159369.0	125105.0	158.9105923446868	202.25033302762506	0.3469567889719365
PF3D7_1200500	8514.0	38365.0	8095.0	14.88197749516878	48.68785037620137	1.6770610203152387
PF3D7_1200600	78755.0	32760.0	75995.0	138.41300355142775	41.57471597352683	-1.7231562175884778
PF3D7_1200610	25.0	5.0	573.0	0.41476861107645846	0.006345347370806903	-0.8532851674809745
PF3D7_1200700	1836.0	3588.0	2392.0	3.6459107545369367	4.5534212732910335	0.28557139264086023
PF3D7_1200800	46825.0	16879.0	48127.0	84.28393126367928	21.420623654369944	-1.9515020184803824
PF3D7_1200900	1844.0	12322.0	13801.0	11.362884596837873	15.637474060616531	0.44395991611009394
PF3D7_1201000	34132.0	5889.0	50416.0	71.79738529476177	7.473550133336371	-3.1806493555738737
PF3D7_1201100	21620.0	276.0	34133.0	46.96336482366897	0.3502631748685411	-5.802761115278441
PF3D7_1201200	13230.0	868.0	11968.0	22.71252878957639	1.1015523035720785	-3.8573608798805306
PF3D7_1201300	2944.0	976.0	7496.0	8.31924131661929	1.2386118067815075	-2.342718704955027
PF3D7_1201400	67918.0	163116.0	139332.0	169.22354718326832	207.00553634730775	0.28996309271686954
PF3D7_1201500	341451.0	51156.0	664300.0	826.3121986030242	64.9205180201996	-3.6597445858308792
PF3D7_1201600	27923176.0	731894.0	41353142.0	58810.04523262476	928.8243337218695	-5.983748871236089
PF3D7_1201700	39181.0	55325.0	88570.0	103.15696351740763	70.21126865797838	-0.5518049891661505
PF3D7_1201800	1362.0	14821.0	3645.0	3.9684189584759992	18.808878676545824	2.1114280209652354
PF3D7_1201900	35335.0	18311.0	48046.0	71.52617405508379	23.237931141369042	-1.6013270684417487
PF3D7_1202000	20907.0	30106.0	26682.0	41.14105937458525	38.20660558910252	-0.10542697744121358
PF3D7_1202100	42942.0	2185044.0	114731.0	124.98987354989632	2772.97264009948	4.466050638363855
PF3D7_1202200	82258.0	67363.0	115356.0	168.87883743331602	85.48832698793308	-0.9780409016739938
PF3D7_1202300	1112151.0	239902.0	1915518.0	2523.722985701489	304.45230499026354	-3.049183835546704
PF3D7_1202400	15912.0	44651.0	30538.0	38.22390714443925	56.66522109077981	0.561913164370452
PF3D7_1202500	33416.0	26403.0	52685.0	72.53877306678767	33.50724132628293	-1.1028205514799474
PF3D7_1202600	323341.0	1212982.0	466921.0	672.9374084357676	1539.3584289072198	1.1931819508608088
PF3D7_1202700	6811.0	17856.0	13526.0	16.668469942751525	22.660504530625612	0.4319052096575679
PF3D7_1202800	9984.0	18053.0	28298.0	30.156686242069107	22.910511217035406	-0.3890453218767405
PF3D7_1202900	88505.0	113717.0	132931.0	187.65934280800366	144.31477339320972	-0.3777461387343098
PF3D7_1203000	1027244.0	280634.0	1640740.0	2244.2070641032	356.1440428118049	-2.6539704036214107
PF3D7_1203100	74793.0	378610.0	101120.0	151.00763384450127	480.48239361224034	1.6665935980484714
PF3D7_1203200	828.0	177003.0	6435.0	5.263018128170759	224.62910413498685	5.287784208799449
PF3D7_1203300	55946.0	70199.0	97950.0	128.02919217876536	89.08740801665476	-0.5207281953524431
PF3D7_1203400	59068.0	87327.0	85667.0	123.182170978631	110.82402997009089	-0.15187250724536996
PF3D7_1203500	24842.0	104701.0	34751.0	50.943052682045035	132.8728430141707	1.3744167778254166
PF3D7_1203600	9932.0	31879.0	24451.0	27.500092828206867	40.45666576679066	0.5486666619200826
PF3D7_1203700	193359.0	121267.0	247252.0	380.8204395685195	153.89624792312816	-1.3043661713662347
PF3D7_1203900	78191.0	434709.0	165136.0	198.01475192444173	551.6759220432197	1.4758817595779723
PF3D7_1204000	13343.0	5841.0	32641.0	36.80451577374452	7.412634798576624	-2.2371202042677187
PF3D7_1204100	50341.0	128079.0	93033.0	118.51044110253514	162.54114918111546	0.45414797480165403
PF3D7_1204200	4956.0	94952.0	5712.0	9.338350845811432	120.50068471057142	3.62045489714131
PF3D7_1204300	32970.0	133181.0	45848.0	67.42648521071848	169.01594163828685	1.3193748434478088
PF3D7_1204400	6474.0	381325.0	26873.0	25.3133694275192	483.92791723458845	4.230091634622331
PF3D7_1204500	11604.0	10592.0	33519.0	35.47511744875006	13.441983870317344	-1.3675635333095837
PF3D7_1204600	10878.0	25498.0	13158.0	20.916207214947157	32.35873345216688	0.617573869211481
PF3D7_1204700	60068.0	80073.0	68549.0	112.7225096639815	101.61820000452423	-0.14892079428124594
PF3D7_1204900	8584.0	5863.0	18258.0	21.825676444634297	7.440554327008175	-1.4913922581828674
PF3D7_1205000	13063.0	145044.0	33089.0	36.79763237514798	184.07091281026328	2.3070192540952954
PF3D7_1205100	9480.0	30966.0	14168.0	20.052990850619913	39.29800533688131	0.9533477764540932
PF3D7_1205200	184.0	4010.0	1009.0	0.8851242769797765	5.088968591387136	2.0125666429749813
PF3D7_1205300	276.0	5158.0	920.0	0.926706950531366	6.5458603477244015	2.304086848442334
PF3D7_1205400	8832.0	8379.0	14813.0	19.772353447075325	10.633533123998209	-0.8646020918016382
PF3D7_1205500	327670.0	329579.0	463857.0	675.653338842008	418.25864822463365	-0.6912314742982193
PF3D7_1205600	654796.0	114601.0	947033.0	1363.7575161141308	145.4366308083684	-3.2247020346455386
PF3D7_1205700	77334.0	41960.0	158116.0	192.32443547408832	53.25015513581153	-1.842947063383028
PF3D7_1205800	107685.0	288992.0	193489.0	249.7783236114627	366.75092547684574	0.5532327805247247
PF3D7_1205900	95967.0	96030.0	112130.0	181.85559107160378	121.86874160371738	-0.575519356889429
PF3D7_1206000	6900.0	16008.0	7544.0	12.725317217224593	20.31526414237538	0.6543395394972158
PF3D7_1206100	277.0	60403.0	1838.0	1.5480301288025162	76.65560344776988	5.235462092484565
PF3D7_1206200	156803.0	142168.0	260420.0	349.3016600724044	180.42106900257517	-0.9511767104371326
PF3D7_1206300	209397.0	1196694.0	403924.0	504.4020883714914	1518.6878253120792	1.589224699191143
PF3D7_1206400	92.0	2854.0	1196.0	0.9097521974702315	3.6219242792565804	1.5478764106912775
PF3D7_1206500	51212.0	2478051.0	169899.0	171.4054718122793	3144.8188795150836	4.193518916037784
PF3D7_1206600	49170.0	162373.0	71050.0	102.36369805418587	206.06261772800585	1.0058452627840486
PF3D7_1206700	262138.0	102561.0	363553.0	535.4357197633906	130.15703433946535	-2.0362751750775687
PF3D7_1206800	9725.0	9532.0	16209.0	21.702793164231622	12.09677022770628	-0.817687303798868
PF3D7_1206900	174407.0	56116.0	299358.0	395.0713902657484	71.21510261204004	-2.463589211058711
PF3D7_1207000	1581583.0	245573.0	2542320.0	3466.1931688441846	311.64919797823273	-3.4732524875728013
PF3D7_1207100	262119.0	190402.0	467875.0	605.8965668551721	241.6333660192752	-1.3244596889819706
PF3D7_1207200	9842.0	26865.0	17275.0	22.552354303272626	34.09355142334549	0.5855890319290257
PF3D7_1207300	1839.0	39359.0	1641.0	3.1418381248874767	49.94930543351778	3.792095704125164
PF3D7_1207400	2576.0	107157.0	9645.0	9.364294246059725	135.98967764271106	3.7904322026713615
PF3D7_1207500	8990.0	10018.0	16780.0	21.275975167452046	12.713537992148712	-0.7207205194971311
PF3D7_1207600	28821.0	59748.0	51872.0	66.90938810611229	75.82436294219417	0.17919411316443515
PF3D7_1207700	8464.0	472017.0	18842.0	22.087568792832524	599.0223659852325	4.730212676225488
PF3D7_1207800	1241054.0	27873.0	1851252.0	2622.8153575854512	35.37277345330016	-6.19235814948228
PF3D7_1207900	5629.0	36605.0	12753.0	14.839429874933101	46.454288101677335	1.614012055291032
PF3D7_1208000	1709.0	2288.0	6382.0	6.2012200448511905	2.903630956881239	-0.9773491615907272
PF3D7_1208100	37351.0	53447.0	51245.0	75.9163118972495	67.82795618550331	-0.16140465636099277
PF3D7_1208200	1932.0	29303.0	6675.0	6.645718955759158	37.187542801350936	2.398936657140522
PF3D7_1208300	1363.0	22835.0	3771.0	4.054652437958383	28.979201442475127	2.6942845716338186
PF3D7_1208400	6714.0	39997.0	18664.0	20.03255623469383	50.75897175803274	1.3198912894798953
PF3D7_1208500	4046.0	22959.0	7912.0	9.81863982044695	29.13656605727114	1.5221254839748826
PF3D7_1208600	2668.0	5612.0	4602.0	6.058863828955319	7.1220178889936685	0.21672707115161302
PF3D7_1208700	4326.0	88592.0	14125.0	14.325816758982857	112.42940285490504	2.9292376715938695
PF3D7_1208800	105755.0	464150.0	163041.0	227.0733417997692	589.0385964320049	1.373254699323184
PF3D7_1208900	398657.0	132685.0	562764.0	820.9580190807548	168.38648317910278	-2.2821329808525688
PF3D7_1209000	3679.0	18493.0	9497.0	10.483749597849252	23.46890178566641	1.1257931675504045
PF3D7_1209100	2208.0	65718.0	2852.0	4.36796827831689	83.40070770293761	4.107291307856384
PF3D7_1209200	1196.0	2209.0	2482.0	2.99914977371147	2.80337446842249	-0.08306389552858429
PF3D7_1209300	97243.0	243294.0	159169.0	215.04671155888107	308.75698864661894	0.5208056453354488
PF3D7_1209400	19873.0	54398.0	20912.0	36.099579411750106	69.03484125543078	0.9259089687209254
PF3D7_1209500	45094.0	26422.0	65030.0	93.79016088402734	33.531353646292	-1.4702426967551059
PF3D7_1209600	7728.0	24380.0	13433.0	17.619447750018246	30.93991378005446	0.7950582760346065
PF3D7_1209700	12550.0	23997.0	30204.0	34.281314685157994	30.45386017145065	-0.16819313031316585
PF3D7_1209800	8466.0	18324.0	20454.0	23.178876648707295	23.25442904453314	0.004595891320293919
PF3D7_1209900	13087.0	23804.0	19335.0	27.531711935404587	30.208929762937505	0.1315983793761752
PF3D7_1210000	21950.0	45428.0	37401.0	49.53612449225571	57.6512880722032	0.21684109722491227
PF3D7_1210100	6265.0	66555.0	24946.0	23.780388223702708	84.46291885281069	1.8070418406611075
PF3D7_1210200	57596.0	1742747.0	140757.0	158.77458024119687	2211.6670188863236	3.795872372916844
PF3D7_1210300	10936.0	10399.0	23461.0	27.941225853047094	13.197053461804197	-1.0541180772396397
PF3D7_1210400	4693.0	30174.0	4785.0	8.421287014273886	38.2929023133455	2.1204689577534332
PF3D7_1210500	6954.0	7608.0	12249.0	15.963802283821792	9.655080559419783	-0.6970958774548534
PF3D7_1210600	101190.0	95078.0	213618.0	256.19714879848095	120.66058746431575	-1.0831467932412742
PF3D7_1210700	8707.0	24096.0	15361.0	20.004395671953205	30.57949804939263	0.6000299800324711
PF3D7_1210900	9558.0	9568.0	17294.0	22.251208359737905	12.14245672877609	-0.8476663310362955
PF3D7_1211000	46595.0	2754643.0	129126.0	138.75405671895533	3495.833343512328	4.65005147764775
PF3D7_1211100	5428.0	38839.0	8027.0	11.424237613934226	49.289389306953865	2.061941290828985
PF3D7_1211200	74873.0	87710.0	141426.0	178.3275511369168	111.3100835786947	-0.6775187196992413
PF3D7_1211300	34984.0	87338.0	56363.0	76.75723543790097	110.83798973430666	0.527203981528557
PF3D7_1211400	76577.0	76776.0	113046.0	161.03739974514122	97.43407794821417	-0.7219853574124638
PF3D7_1211500	8833.0	11285.0	22276.0	24.81559844172586	14.321449015911181	-0.77234008955519
PF3D7_1211600	300158.0	238448.0	464298.0	645.5347660762031	302.6070779748329	-1.0917842635404962
PF3D7_1211700	1093381.0	167819.0	1389200.0	2147.3813073099445	212.97397008428874	-3.3307822007968655
PF3D7_1211800	793993.0	1562066.0	1076524.0	1605.136431209501	1982.3702772253712	0.30444504074684414
PF3D7_1211900	74018.0	181263.0	114758.0	159.36489734515385	230.03534009491435	0.5281347357294627
PF3D7_1212000	7920.0	9361.0	11904.0	16.798697347825573	11.879759347624685	-0.48268013197413706
PF3D7_1212100	33426.0	81551.0	68395.0	83.16379239128028	103.49388468733476	0.31382339342272453
PF3D7_1212200	44165.0	15180.0	70840.0	96.68842606103262	19.264474617769757	-2.297874911201188
PF3D7_1212300	240018.0	24016.0	412396.0	543.9796731156872	30.477972491459717	-4.135563562349723
PF3D7_1212400	4049.0	19784.0	8283.0	10.072610930748244	25.107270476808754	1.2762217841740675
PF3D7_1212500	25023.0	29260.0	35669.0	51.76337897455794	37.132972813962	-0.47380314247081934
PF3D7_1212600	13638.0	40480.0	23005.0	30.620401764599617	51.371932314052685	0.7370934277977003
PF3D7_1212700	348154.0	1096834.0	516714.0	734.0110500721098	1391.9585476223237	0.9227782801923958
PF3D7_1212800	60440.0	93148.0	104497.0	137.42090965066012	118.21128337918428	-0.2163841266945917
PF3D7_1212900	123805.0	134560.0	205331.0	275.6008300508505	170.76598844315538	-0.6889565487826123
PF3D7_1213200	10199.0	18299.0	14642.0	21.168140812035396	23.222702307679103	0.13069298854724165
PF3D7_1213300	20150.0	6933.0	28895.0	41.79928403431142	8.798458664360853	-2.1855697477896423
PF3D7_1213400	1564.0	306574.0	16367.0	12.786960771517347	389.0637049715511	4.873776221331107
PF3D7_1213500	19978.0	456260.0	40298.0	49.3132010525313	579.0256382808715	3.540272459324112
PF3D7_1213600	83085.0	100482.0	139500.0	186.1052745793499	127.51863890268385	-0.5436358909141221
PF3D7_1213700	1478.0	9757.0	4518.0	4.68648019149567	12.382310859392591	1.3125637209663588
PF3D7_1213800	28431.0	22909.0	36250.0	55.92370550697474	29.07311258356307	-0.932015319206727
PF3D7_1213900	37449.0	119454.0	69693.0	88.48846455648713	151.59542496647356	0.7732865185385671
PF3D7_1214000	1935.0	15450.0	2943.0	4.127628154279758	19.607123375793332	2.1193618485968417
PF3D7_1214100	7821.0	42508.0	21077.0	22.886692360989272	53.945605207651965	1.2191277686939006
PF3D7_1214200	1104.0	7551.0	6573.0	5.661391562978874	9.582743599392586	0.7105601332399336
PF3D7_1214300	14812.0	66327.0	18336.0	28.76388242530974	84.1735710127019	1.5327905505516664
PF3D7_1214400	920.0	8353.0	2026.0	2.3859297174199874	10.600537317670012	1.9435214407695145
PF3D7_1214500	8108.0	1310732.0	36837.0	33.85173628217037	1663.4099700064949	5.598050543955838
PF3D7_1214600	7972.0	114446.0	17401.0	20.570060967497746	145.23992503987336	2.790129759970095
PF3D7_1214700	3066.0	4810.0	7300.0	8.32170001707683	6.104224170716241	-0.41766761100118976
PF3D7_1214800	5046.0	200114.0	9366.0	11.906561695071385	253.95856875233054	4.358255520859991
PF3D7_1214900	5959.0	131479.0	12468.0	15.011717700342466	166.85598539326418	3.4314897910043243
PF3D7_1215000	7269.0	20473.0	6513.0	12.436711127365605	25.981659344505946	1.033522633808149
PF3D7_1215100	160602.0	110005.0	303435.0	382.5634528120737	139.6039875051227	-1.4510853712149945
PF3D7_1215200	3219.0	15459.0	12106.0	11.737874245468692	19.618545001060784	0.7171729919162009
PF3D7_1215300	10806.0	18598.0	19624.0	25.205153939412277	23.602154080453356	-0.0928955618037097
PF3D7_1215400	199275.0	95242.0	272672.0	404.53522594247	120.86871485807822	-1.7386507978772097
PF3D7_1215500	5116.0	23777.0	11959.0	13.735830063942256	30.174664887135147	1.1075209665870793
PF3D7_1215600	26408.0	32664.0	71021.0	77.17905575457013	41.45288530400734	-0.8887556286226442
PF3D7_1215700	128348.0	1497.0	239396.0	303.63838515241673	1.8997970028195867	-6.985671725036898
PF3D7_1215800	145342.0	1471.0	284015.0	352.57190350257156	1.8668011964913909	-7.220879680182468
PF3D7_1215900	17841.0	27879.0	32621.0	41.763870117943355	35.38038787014513	-0.23622939542930754
PF3D7_1216000	22906.0	137380.0	30507.0	45.93533953808491	174.34476436029047	1.9127795067507793
PF3D7_1216100	2208.0	7199.0	6140.0	6.589401270258131	9.136031144487779	0.4427752655512486
PF3D7_1216200	35517.0	143804.0	53999.0	75.74934409394024	182.4972666623032	1.2630252673714168
PF3D7_1216300	18754.0	41638.0	32847.0	42.925947873572404	52.84151476513157	0.2967014548926447
PF3D7_1216400	97104.0	147537.0	169945.0	222.17349980317084	187.2347030093476	-0.2462345154315292
PF3D7_1216500	563289.0	1048279.0	1118161.0	1378.207070261452	1330.338879304418	-0.05098004530626878
PF3D7_1216600	16216.0	30965.0	32589.0	39.9456944396735	39.29673626740715	-0.02333601168058782
PF3D7_1216700	66213.0	35601.0	87202.0	132.11856314172798	45.18014234961931	-1.5376436776990836
PF3D7_1216900	167360.0	173436.0	264898.0	363.99861149942024	220.1023333206532	-0.7244652683816958
PF3D7_1217000	3589.0	3036.0	3105.0	6.0656958252513675	3.8528949235539516	-0.5929727197649506
PF3D7_1217100	5984.0	21244.0	19254.0	19.624102850023224	26.96011190908437	0.44841303689548107
PF3D7_1217200	34237.0	146756.0	64059.0	81.13093100101786	186.24355975002757	1.193870673000186
PF3D7_1217300	82183.0	78122.0	121967.0	173.2624320936604	99.14224546043538	-0.8022867627927346
PF3D7_1217400	35826.0	113786.0	54727.0	76.58281623389138	144.40233918692687	0.9105996979727444
PF3D7_1217500	107285.0	34337.0	177067.0	238.241090638515	43.57603853427933	-2.437380427210729
PF3D7_1217600	43505.0	10448.0	63560.0	91.04024670378482	13.259237866038106	-2.7340056197016827
PF3D7_1217700	27971.0	128551.0	52293.0	66.25408648480666	163.14014997291963	1.293598702464071
PF3D7_1217800	7035.0	32063.0	16388.0	18.849737856047124	40.690174550036346	1.089986218533978
PF3D7_1217900	23998.0	83812.0	42207.0	55.0473592844704	106.36325076841364	0.9439755767773615
PF3D7_1218000	2545.0	202696.0	8279.0	8.407126880746556	257.2353061346152	4.854786224389682
PF3D7_1218100	941.0	7267.0	1555.0	2.0909305250291146	9.222327868730753	1.907831456715699
PF3D7_1218200	62923.0	40842.0	105628.0	140.930171359049	51.831335463699105	-1.4343429425007876
PF3D7_1218300	20993.0	33578.0	41178.0	51.029901612048675	42.61281480339084	-0.2572930798322637
PF3D7_1218400	21931.0	34680.0	46980.0	55.98686636643119	44.01132936391668	-0.3437428801633224
PF3D7_1218500	19308.0	12070.0	26955.0	39.55769217409295	15.317668553127865	-1.3405423369028064
PF3D7_1218600	4966.0	17570.0	8874.0	11.485711659696173	22.297550661015457	0.9275632589311029
PF3D7_1218700	28864.0	8188.0	38517.0	57.93404525496402	10.391140854433385	-2.423654081949633
PF3D7_1218800	17211.0	118223.0	42326.0	47.624234883179284	150.0332004437809	1.6452462028973396
PF3D7_1218900	18217.0	58061.0	29148.0	39.833143133483965	73.68344273928392	0.8791313843138313
PF3D7_1219000	289330.0	288980.0	383080.0	578.6912555602075	366.7356966431558	-0.6573335204842576
PF3D7_1219100	19786.0	92287.0	46923.0	53.57690234491028	117.11861456193134	1.1210319840484178
PF3D7_1219300	6404.0	120221.0	14722.0	17.02654128462936	152.56880125315533	3.126567034633718
PF3D7_1219600	52989.0	43347.0	86040.0	116.71339920988817	55.01035449647337	-1.0783086888974456
PF3D7_1219700	1288.0	5244.0	858.0	2.00365834670655	6.65500032250228	1.5149141287911558
PF3D7_1219800	0.0	483.0	0.0	0.0	0.6129605560199468	1.1544024636207633
PF3D7_1219900	3307.0	97785.0	7973.0	9.042834195898532	124.0959585308706	3.7066956563856945
PF3D7_1220000	1012.0	54227.0	2208.0	2.610604952047026	68.81783037534919	4.477959410510724
PF3D7_1220100	18402.0	19782.0	32251.0	42.13411771723942	25.104732337860433	-0.7355979236009034
PF3D7_1220300	9476.0	73331.0	23669.0	26.467618089737854	93.0621336097282	1.7946966601660679
PF3D7_1220400	34023.0	103159.0	73820.0	87.48904869989047	130.91593788501388	0.5787443744827079
PF3D7_1220500	2853.0	10711.0	6873.0	7.797723981659953	13.593003137742548	0.7641915015890237
PF3D7_1220600	2326.0	5337.0	1380.0	3.503915728187157	6.773023783599289	0.8611436844941873
PF3D7_1220700	3591.0	45515.0	3866.0	6.582052502250836	57.76169711645524	3.040308282448765
PF3D7_1220900	75435.0	270477.0	143253.0	180.18323772856334	343.25410416274775	0.9279142670136735
PF3D7_1221000	20049.0	64315.0	34503.0	45.47648863890532	81.6202032306892	0.8368409104708353
PF3D7_1221100	1683.0	203639.0	9891.0	8.543219788260943	258.43203864874937	4.8395931485423365
PF3D7_1221200	6162.0	28647.0	12407.0	15.19493627359324	36.355033226301074	1.2315624879360505
PF3D7_1221300	1383.0	355420.0	7390.0	6.521826546506134	451.0526725064379	6.006904114980682
PF3D7_1221400	9752.0	2246443.0	53571.0	46.975094800743996	2850.8922367435143	5.908351818214293
PF3D7_1221500	6257.0	13157.0	7285.0	11.839448728841965	16.697147071541284	0.4788913054429039
PF3D7_1221600	1751.0	12287.0	5709.0	5.7929629845317905	15.593056629020884	1.3546270078041558
PF3D7_1221700	8740.0	10766.0	6300.0	13.919102100567969	13.662801958821424	-0.02587461312496836
PF3D7_1221800	66067.0	57606.0	93347.0	136.10882399837956	73.10601612854049	-0.8921550811652759
PF3D7_1221900	6256.0	9106.0	19762.0	20.268032766827787	11.556146631713531	-0.7845956958745157
PF3D7_1222000	184.0	4140.0	1656.0	1.3222493213185793	5.2539476230281155	1.658831725484518
PF3D7_1222100	3774.0	9074.0	7308.0	9.109850546213446	11.515536408540369	0.32231515672986344
PF3D7_1222300	138436.0	1444553.0	235722.0	312.3091824745396	1833.2381161082449	2.5514328477543895
PF3D7_1222400	70123.0	161962.0	136103.0	169.479763820875	205.54103017412552	0.27756865545756476
PF3D7_1222500	24295.0	13807.0	40042.0	53.91300078928535	17.522042229746184	-1.5941888885284756
PF3D7_1222600	4510.0	4510.0	9941.0	11.702455170040835	5.723503328467826	-0.9713726168708753
PF3D7_1222700	37197.0	97084.0	40169.0	68.26290531392301	123.20634082948348	0.8472170438025975
PF3D7_1222800	8006.0	411598.0	27233.0	27.250329634646377	522.346457425876	4.235810523378861
PF3D7_1222900	10448.0	79290.0	17927.0	23.662834590424733	100.62451860625588	2.0652712197150636
PF3D7_1223000	8260.0	17714.0	15386.0	19.527095062583324	22.480296665294695	0.19844424976231284
PF3D7_1223100	108420.0	78477.0	210771.0	262.26695523510574	99.59276512376267	-1.3924461606941179
PF3D7_1223200	3404.0	6902.0	6992.0	8.487293204290701	8.759117510661849	0.042988026502586214
PF3D7_1223300	15916.0	41688.0	24668.0	34.26244997640971	52.904968238839636	0.6194441978731406
PF3D7_1223400	138034.0	217207.0	252145.0	322.9604216345612	275.650773274171	-0.22813302874197774
PF3D7_1223500	95937.0	265135.0	172738.0	222.77029820936843	336.47473503177764	0.5938490868898423
PF3D7_1223600	6840.0	23238.0	12789.0	16.202600863673148	29.490636440562163	0.8444393673881405
PF3D7_1223700	4221.0	18536.0	5902.0	8.654122274235746	23.523471773055352	1.3919511907759068
PF3D7_1223800	3496.0	24537.0	9744.0	10.448307486755024	31.139157687497796	1.531003333276502
PF3D7_1223900	31091.0	277.0	34688.0	57.80921351149159	0.3515322443427024	-6.0975188928480275
PF3D7_1224000	32118.0	19595.0	66698.0	80.57117882823908	24.867416346192254	-1.6762125315650578
PF3D7_1224100	828.0	29811.0	5718.0	4.778599802373353	37.83223009422492	2.8603307365742685
PF3D7_1224200	1930.0	296203.0	16454.0	13.250379229812209	375.9021854550234	4.774731691387854
PF3D7_1224300	584150.0	693855.0	834397.0	1209.5542724889413	880.5501999942447	-0.457775627991691
PF3D7_1224400	19458.0	26222.0	42149.0	49.98887265237081	33.27753975145972	-0.5799012136882723
PF3D7_1224500	19731.0	34833.0	45875.0	52.80804785251491	44.20549699346337	-0.253901115102275
PF3D7_1224600	21843.0	31280.0	35329.0	48.01794706539291	39.69649315176799	-0.271448864783462
PF3D7_1224700	10399.0	117824.0	20678.0	25.467287481759804	149.5268417235905	2.5304534159926915
PF3D7_1224800	5883.0	43176.0	4707.0	9.684220486072196	54.79334361639177	2.440770256113145
PF3D7_1224900	34868.0	35354.0	20019.0	52.074317253194025	44.866682189501454	-0.21272505513586576
PF3D7_1225000	3956.0	13661.0	4140.0	7.170706011013925	17.33675808651862	1.2174221481129566
PF3D7_1225100	1089.0	16836.0	3784.0	3.7605085131533382	21.366053666981003	2.359595330970514
PF3D7_1225200	55349.0	35407.0	89905.0	121.93381590699028	44.933942871632006	-1.4301596651132145
PF3D7_1225300	31578.0	104887.0	54629.0	71.82013214374412	133.10888993636473	0.8855467846549661
PF3D7_1225400	4600.0	95657.0	8393.0	10.756099588620032	121.39537868985519	3.436864528255699
PF3D7_1225500	12601.0	43908.0	18862.0	26.67483606795303	55.7223024714779	1.048871205376861
PF3D7_1225600	107198.0	171590.0	183261.0	242.32968559074462	217.7596310713513	-0.15389948324202046
PF3D7_1225700	19208.0	21805.0	21898.0	36.03053311217229	27.672059884088906	-0.37483775345965253
PF3D7_1225800	37552.0	68448.0	57043.0	80.05576698287156	86.86526736739818	0.1170719657834946
PF3D7_1225900	15457.0	13892.0	21801.0	31.817994350210185	17.6299131350499	-0.8339656546483618
PF3D7_1226000	7544.0	3680.0	9752.0	14.929071357932935	4.670175664913881	-1.5773660275252908
PF3D7_1226100	37343.0	72974.0	62855.0	83.75139585345691	92.6090758074526	0.1442212126832588
PF3D7_1226200	7829.0	42343.0	15823.0	19.345838361223024	53.73620874441534	1.450419825398208
PF3D7_1226300	203001.0	123699.0	335819.0	451.31785961107994	156.9826248842886	-1.5205486348815551
PF3D7_1226400	23091.0	179515.0	48309.0	58.16722760984047	227.81700665408025	1.9604116031741194
PF3D7_1226500	39282.0	24861.0	72659.0	92.51886350041391	31.550336197126086	-1.5371838228943155
PF3D7_1226600	9169.0	460.0	10446.0	17.19450635513987	0.5837719581142351	-4.029168384683214
PF3D7_1226700	19624.0	44806.0	26265.0	39.44087656535239	56.861926859274824	0.5222274914539058
PF3D7_1226800	43086.0	71265.0	53324.0	83.66138269088344	90.44023607611079	0.1117603423262019
PF3D7_1226900	5522.0	53560.0	15836.0	16.80406481834314	67.97136103608355	1.9843897152796717
PF3D7_1227000	1380.0	57696.0	9257.0	7.779889206267036	73.22023238121501	3.154377250474194
PF3D7_1227100	47567.0	21436.0	55033.0	89.77008634854249	27.203773248123355	-1.7041655029942135
PF3D7_1227200	50698.0	80704.0	80674.0	110.55516396177829	102.41898284272007	-0.10976737444752413
PF3D7_1227300	3772.0	20473.0	8196.0	9.707588456717357	25.981659344505946	1.3753514547567451
PF3D7_1227400	51801.0	38306.0	78110.0	110.04232548493947	48.61297527722585	-1.1704227388922002
PF3D7_1227500	1707997.0	138371.0	2639530.0	3671.6299115560323	175.6024122091844	-4.382130522792357
PF3D7_1227600	246932.0	141030.0	358802.0	515.4145163269644	178.9768679409795	-1.5233341274750023
PF3D7_1227700	72225.0	203320.0	204426.0	217.96394752459207	258.02720548649194	0.24292089149377757
PF3D7_1227800	12788.0	29262.0	24877.0	30.945422306100173	37.13551095291032	0.2592445472940485
PF3D7_1227900	7820.0	10856.0	25326.0	25.75628897266958	13.777018211495948	-0.8789683215228624
PF3D7_1228000	32364.0	17207.0	66768.0	80.89044303249474	21.83687844189488	-1.865431816772454
PF3D7_1228100	44842.0	16825.0	98786.0	116.31772808004041	21.35209390276523	-2.4184157992090523
PF3D7_1228200	12797.0	1196.0	25479.0	31.362094682356243	1.5178070910970112	-3.980980956019362
PF3D7_1228300	477576.0	134404.0	670583.0	981.053213568408	170.5680136051862	-2.5204964544534807
PF3D7_1228400	140177.0	53527.0	163809.0	265.64824553936404	67.92948174343623	-1.9595401298369528
PF3D7_1228500	7176.0	16288.0	14908.0	18.005708535173646	20.67060359514057	0.19409202889938207
PF3D7_1228600	103219.0	274478.0	121362.0	196.11051363591554	348.33165112886746	0.8271904774874939
PF3D7_1228700	44076.0	68831.0	100497.0	116.62684219416566	87.35132097600199	-0.4149358544691412
PF3D7_1228800	574438.0	972934.0	855377.0	1212.9914209741921	1234.7208397737288	0.025605088958475603
PF3D7_1228900	22086.0	82163.0	20245.0	38.095574733596855	104.27055520552152	1.4407259712610871
PF3D7_1229000	18770.0	47208.0	24289.0	37.16169557181529	59.910231736210456	0.681694967659779
PF3D7_1229100	54919.0	40028.0	88526.0	120.52674193378941	50.79831291173174	-1.23834257433888
PF3D7_1229300	25395.0	47016.0	45368.0	58.727474032566946	59.66657039717147	0.022695564341212598
PF3D7_1229400	4604.0	53089.0	7911.0	10.434873856289816	67.37362931375354	2.633914580762788
PF3D7_1229500	20149.0	157965.0	48867.0	55.291627279900524	200.4685594859025	1.848849280378222
PF3D7_1229600	34516.0	796192.0	78741.0	91.35881380488128	1010.422962771498	3.460111097042759
PF3D7_1229700	4073.0	69068.0	16850.0	15.887166711540274	87.65209044137823	2.427428343403321
PF3D7_1229800	38040.0	163917.0	51155.0	76.617245948063	208.02206099611104	1.435074589155183
PF3D7_1229900	25081.0	25992.0	51288.0	62.3799845302855	32.98565377240261	-0.9090577272268517
PF3D7_1230000	268954.0	229944.0	443421.0	596.9315872636644	291.8149111665645	-1.0312500937032762
PF3D7_1230100	4693.0	771967.0	25174.0	22.19646866655186	979.6797547599385	5.432506596927193
PF3D7_1230300	9106.0	9477.0	20447.0	23.881713948976532	12.026971406627405	-0.9607618834413117
PF3D7_1230400	3685.0	20331.0	9464.0	10.468087630874447	25.80145147917503	1.261830415818157
PF3D7_1230500	4203.0	11649.0	1808.0	5.868240615789843	14.783390304505923	1.262997858572805
PF3D7_1230600	1037.0	43338.0	4508.0	4.192166378537877	54.998932871205916	3.564133956105838
PF3D7_1230700	87526.0	120414.0	107261.0	169.23386505192363	152.8137316616685	-0.146787519130324
PF3D7_1230800	162187.0	194480.0	271553.0	362.7757229407839	246.8086313349053	-0.5547523640741631
PF3D7_1230900	83187.0	46838.0	143042.0	188.61108305255888	59.440676030770746	-1.6576266561674533
PF3D7_1231000	124194.0	1098899.0	275712.0	323.5815899255833	1394.579176086467	2.1059180298015496
PF3D7_1231100	20619.0	25246.0	31001.0	43.74064985779426	32.038927944678214	-0.4432058581703916
PF3D7_1231200	23999.0	143294.0	38021.0	52.22032662610284	181.85004123048088	1.7902793122463463
PF3D7_1231300	46189.0	29900.0	58699.0	90.72342366355394	37.94517727742528	-1.246601684438354
PF3D7_1231400	190454.0	68948.0	313302.0	422.2333395669538	87.49980210447887	-2.26417571288836
PF3D7_1231500	24904.0	22825.0	51408.0	62.26537233140063	28.966510747733512	-1.0908926084022317
PF3D7_1231600	213714.0	86029.0	327613.0	457.6177378034732	109.17677779262941	-2.06246033172684
PF3D7_1231700	1285.0	10306.0	3499.0	3.7846495757382925	13.079030000707188	1.6641313042830945
PF3D7_1231800	32205.0	68715.0	51100.0	70.12906932119938	87.20410891699927	0.31238234793506015
PF3D7_1231900	8912.0	35870.0	17162.0	21.44782667771662	45.521522038168726	1.0682306096293603
PF3D7_1232000	4236.0	24001.0	8472.0	10.407044914926509	30.4589364493473	1.5050956305534264
PF3D7_1232100	42876.0	377749.0	59262.0	87.44103389523738	479.3897247949874	2.448094523903754
PF3D7_1232200	12662.0	175061.0	15266.0	24.31275258186475	222.16457121616546	3.1657183317523296
PF3D7_1232300	6131.0	128487.0	13930.0	16.189630195907277	163.0589295265733	3.2927866324034003
PF3D7_1232400	21548.0	212289.0	43212.0	53.01770218315308	269.4094896002453	2.3343876212375587
PF3D7_1232500	45727.0	130255.0	80131.0	104.69250054967794	165.30264435689062	0.6564351615353063
PF3D7_1232600	22444.0	67535.0	47177.0	56.687122048410814	85.70660693748884	0.592108139260026
PF3D7_1232700	27473.0	37899.0	29108.0	50.039300764675275	48.09646400124217	-0.05655436045174563
PF3D7_1232800	10294.0	19478.0	8356.0	17.02623355845821	24.718935217715373	0.5249913743438361
PF3D7_1232900	7084.0	12714.0	10842.0	15.15693179790069	16.134949294487793	0.08741594532350859
PF3D7_1233000	21644.0	27599.0	43087.0	53.03938488909641	35.02504841737994	-0.5917639483035255
PF3D7_1233050	5587.0	7423.0	8808.0	12.127681595597801	9.420302706699928	-0.3481337403756403
PF3D7_1233100	214772.0	208867.0	508961.0	581.3094625425683	265.0667338596651	-1.1314723213805107
PF3D7_1233200	518856.0	883332.0	883687.0	1170.6682247005267	1121.0096767499206	-0.0625062485750293
PF3D7_1233300	6874.0	39208.0	16121.0	18.491350538237207	49.75767594291941	1.4040014544734039
PF3D7_1233400	65707.0	73429.0	98544.0	139.22200610904406	93.18650241819601	-0.5766461456918996
PF3D7_1233600	566034.0	440662.0	784784.0	1156.0062635704282	559.2306926229023	-1.046968314889894
PF3D7_1233700	19800.0	13214.0	39788.0	48.7718437476621	16.769484031568485	-1.5125384787321785
PF3D7_1233800	65017.0	86518.0	113498.0	148.56235699395478	109.79735276549432	-0.434517811658108
PF3D7_1233900	80664.0	44350.0	156843.0	195.1459309833206	56.28323117905723	-1.7847082543057868
PF3D7_1234000	15659.0	136793.0	27133.0	35.643716877836155	173.59982057895775	2.268097936166111
PF3D7_1234100	298374.0	393181.0	438086.0	625.8531170481688	498.9740049202458	-0.32656663493902244
PF3D7_1234300	80801.0	23638.0	137484.0	182.21809966818574	29.998264230226717	-2.5828205103828052
PF3D7_1234400	957.0	11178.0	11479.0	8.813455764956304	14.185658582175913	0.6570194798027051
PF3D7_1234500	28492.0	11991.0	43441.0	60.84951669365719	15.217412064669116	-1.96468828691283
PF3D7_1234600	5949.0	16900.0	14304.0	16.241097182601983	21.44727411332733	0.39064768311887876
PF3D7_1234700	23313.0	1792602.0	84533.0	82.88626232059248	2274.936477520639	4.770189778658804
PF3D7_1234800	48850.0	98382.0	81504.0	109.07282851666741	124.85359300694495	0.19411326047339103
PF3D7_1234900	81217.0	1288505.0	171500.0	205.65985029231047	1635.2023628043098	2.9880749553660055
PF3D7_1235000	199078.0	1656.0	196575.0	352.90490181601353	2.1015790492112463	-7.0857906959527694
PF3D7_1235100	13432.0	269770.0	30901.0	35.727335904608935	342.3568720445157	3.242455817605491
PF3D7_1235200	8464.0	35144.0	10302.0	16.31778845488295	44.60017759992756	1.4231451115199385
PF3D7_1235300	1797255.0	1012003.0	3147231.0	4113.323223471576	1284.3021150597397	-1.6789336276892994
PF3D7_1235400	14750.0	25886.0	20269.0	30.001307094746025	32.8511324081415	0.12886467881047214
PF3D7_1235500	5888.0	20098.0	19047.0	19.378114866304802	25.50575829169543	0.38765015959072857
PF3D7_1235600	52779.0	278372.0	79250.0	111.89378060845496	353.27340766125184	1.654263402825155
PF3D7_1235700	51597.0	99128.0	65910.0	101.57424528220419	125.80031883466934	0.3072393805075546
PF3D7_1235800	219247.0	51006.0	350967.0	479.5132623518962	64.73015759907538	-2.879463247546562
PF3D7_1235900	91948.0	63408.0	145924.0	200.24413881132878	80.46915721762483	-1.3099134993846162
PF3D7_1236000	29363.0	30543.0	58313.0	71.86026610704937	38.76118894931105	-0.8820938508234862
PF3D7_1236100	77405.0	43151.0	107539.0	158.2321840564743	54.76161687953773	-1.5222449951354693
PF3D7_1236200	138406.0	33579.0	190335.0	281.611727209381	42.614083872865	-2.7100355093562896
PF3D7_1236300	22638.0	3310.0	28594.0	44.346588192003125	4.20061995947417	-3.2540752830785897
PF3D7_1236400	28320.0	50116.0	61426.0	72.81035340559886	63.60068576707175	-0.19367716904350915
PF3D7_1236500	9359.0	165612.0	16951.0	21.79946228206793	210.17313375481456	3.2399255178864323
PF3D7_1236600	116896.0	12201.0	86450.0	187.64424728139258	15.483916654243005	-3.5571463074260294
PF3D7_1236650	23737.0	15149.0	40586.0	53.66362749389993	19.225133464070755	-1.457289301758796
PF3D7_1236700	27593.0	30437.0	49811.0	64.15929530803824	38.626667585049944	-0.7247055430219643
PF3D7_1236800	4553.0	76965.0	10705.0	12.266167189092801	97.67393207883066	2.9430145526139526
PF3D7_1236900	15646.0	177096.0	26034.0	34.8868399117964	224.74712759608386	2.670223870380949
PF3D7_1237000	30080.0	2294.0	47238.0	65.1704891003881	2.9112453737262074	-4.266874762123439
PF3D7_1237100	24133.0	222661.0	57941.0	65.82679005543258	282.57227818624716	2.0935068581003047
PF3D7_1237200	42694.0	96516.0	74793.0	97.73284755433275	122.48550936815981	0.3242109162542643
PF3D7_1237300	9193.0	644.0	8643.0	16.00290029699313	0.8172807413599291	-3.6470848393686897
PF3D7_1237400	20329.0	23251.0	39471.0	49.14252078578464	29.50713434372626	-0.7262708262547088
PF3D7_1237500	119710.0	79945.0	181867.0	255.22080125692707	101.45575911183157	-1.3266262491193879
PF3D7_1237600	40862.0	53926.0	115150.0	122.9733660779923	68.43584046362662	-0.8408737223528798
PF3D7_1237700	10641.0	143220.0	29751.0	31.864721008470774	181.75613008939294	2.4934733669914655
PF3D7_1237800	2576.0	9106.0	10130.0	9.691969124737188	11.556146631713531	0.24233605653957663
PF3D7_1237900	92002.0	30371.0	106357.0	173.5716502102792	38.54290899975529	-2.156548806824955
PF3D7_1238000	273387.0	314888.0	586039.0	698.1879233820537	399.6147485797288	-0.804234395255234
PF3D7_1238100	33091.0	37439.0	68831.0	83.0879950658757	47.51269204312793	-0.799879927550119
PF3D7_1238200	3411.0	15129.0	7452.0	8.80581663530267	19.19975207458753	1.081972808006185
PF3D7_1238300	97964.0	99620.0	206126.0	247.56883840944244	126.42470101595674	-0.9667676583552569
PF3D7_1238400	11128.0	11179.0	28475.0	31.541046030620706	14.186927651650075	-1.1253886165094407
PF3D7_1238500	361797.0	108783.0	500699.0	738.2743533793555	138.05318460769746	-2.414693912738569
PF3D7_1238600	11832.0	16185.0	28386.0	32.25923929259423	20.539889439301945	-0.6387747327647382
PF3D7_1238700	43805.0	79082.0	93229.0	111.41683809793004	100.3605521556303	-0.15006508043014016
PF3D7_1238800	21617.0	731498.0	58519.0	63.435676128662465	928.3217822101017	3.860708720593475
PF3D7_1238900	11753.0	157837.0	29152.0	32.68942265971768	200.30611859320985	2.5970077904771847
PF3D7_1239000	1380.0	156268.0	8649.0	7.369113275883741	198.31494858825064	4.6590813486918865
PF3D7_1239100	9105.0	43139.0	11810.0	18.045293062434567	54.7463880458478	1.5748270793701353
PF3D7_1239200	146086.0	195839.0	215062.0	306.8085406164604	248.53329675029062	-0.3033492130860044
PF3D7_1239300	4693.0	36456.0	11681.0	13.08035085625284	46.26519675002729	1.7839145043343159
PF3D7_1239400	4946.0	301289.0	13157.0	14.357273409518157	382.35667280060824	4.6875631187562385
PF3D7_1239500	10309.0	31414.0	16567.0	22.590319066405826	39.86654846130561	0.8058721258775301
PF3D7_1239600	14596.0	18492.0	26981.0	34.365798948357124	23.467632716192252	-0.5407251203104477
PF3D7_1239700	43898.0	47371.0	85351.0	106.19713535460912	60.11709006049876	-0.8157249407167857
PF3D7_1239800	351667.0	661630.0	618409.0	806.6019312031466	839.6544361893942	0.05790365967724012
PF3D7_1239900	29529.0	54675.0	37479.0	57.96795940260115	69.38637349977348	0.2573649446844008
PF3D7_1240000	17754.0	17110.0	27869.0	38.457147086660584	21.713778702901223	-0.8104332044905711
PF3D7_1240100	3036.0	3168.0	2209.0	4.848960032716327	4.0204120941432535	-0.24280412496143325
PF3D7_1240300	59696.0	330117.0	81305.0	120.9294236795858	418.9414076017325	1.7883512477426837
PF3D7_1240400	172141.0	563111.0	216013.0	336.2567544124837	714.6269806644892	1.0864925525867413
PF3D7_1240600	3588.0	305492.0	20604.0	17.887234998738684	387.6905718005085	4.39998862466929
PF3D7_1240900	127809.0	570365.0	199263.0	275.92789188571817	723.8328106300559	1.3897495349620828
PF3D7_1241100	18125.0	41826.0	34633.0	43.43719684208412	53.08009982627391	0.28625443918917653
PF3D7_1241200	429985.0	56767.0	621152.0	895.0414072246012	72.0412668397191	-3.62588629431729
PF3D7_1241300	4829.0	13647.0	15709.0	15.952099303580379	17.31899111388036	0.11514397084448819
PF3D7_1241400	50446.0	214832.0	88870.0	115.81392724233572	272.63673327303775	1.2315994973912379
PF3D7_1241500	13745.0	27703.0	14157.0	24.760827283920342	35.15703164269273	0.49728471956933107
PF3D7_1241600	1573.0	8100.0	9314.0	8.031775011121898	10.279462740707183	0.3373674480918174
PF3D7_1241700	76940.0	76956.0	113881.0	162.0028639781659	97.66251045356321	-0.7272210939311354
PF3D7_1241800	34996.0	81141.0	76561.0	90.4166408679104	102.97356620292858	0.18664597134067967
PF3D7_1241900	89798.0	172644.0	173668.0	216.61151146596086	219.0972302971174	0.016423637159489222
PF3D7_1242000	32075.0	86193.0	43862.0	65.09521954698302	109.38490518639188	0.7443306349190826
PF3D7_1242100	9131.0	2794.0	29692.0	30.155444514467362	3.5457801108068976	-2.9216535080798254
PF3D7_1242200	92453.0	16380.0	162197.0	211.79678980657468	20.787357986763414	-3.3180137455791314
PF3D7_1242300	16557.0	14995.0	28782.0	37.75061589083447	19.029696765049902	-0.9698134286229575
PF3D7_1242400	148649.0	31482.0	281992.0	354.8612571061816	39.95284518554858	-3.134973320641495
PF3D7_1242500	38720.0	30555.0	108670.0	116.22722239206198	38.77641778300099	-1.5714057972417395
PF3D7_1242600	3404.0	10899.0	5799.0	7.681280564574795	13.831588198884887	0.8087999131656922
PF3D7_1242700	68996.0	128145.0	86616.0	134.79946007483758	162.62490776641013	0.26982100384219593
PF3D7_1242800	4416.0	49921.0	7818.0	10.164193656683594	63.353217219610286	2.5819844269569345
PF3D7_1242900	23941.0	66147.0	42434.0	55.137706987214365	83.94513850735285	0.6019514068020106
PF3D7_1243000	12095.0	48019.0	19946.0	26.847786446664138	60.93944707975534	1.167741167911726
PF3D7_1243100	17289.0	106250.0	28907.0	38.644347510403165	134.8386316296467	1.7896978062389244
PF3D7_1243200	92.0	1012.0	0.0	0.10171270283467045	1.2842983078513173	1.5682101132201307
PF3D7_1243300	92.0	0.0	278.0	0.28953459205597976	0.0	-0.6590743817039555
PF3D7_1243400	6442.0	2804.0	7022.0	11.866292092745168	3.5584708055485113	-1.607404846985302
PF3D7_1243500	20716.0	16482.0	43013.0	51.96341752320971	20.916803073127877	-1.292568647033353
PF3D7_1243600	111529.0	62259.0	187595.0	250.0460513745665	79.01099639181339	-1.6558494965460775
PF3D7_1243700	32840.0	103504.0	44614.0	66.44904774903715	131.35376685359955	0.9778033466972236
PF3D7_1243800	11087.0	23326.0	18702.0	24.892899833560325	29.602314554288366	0.24544926131942515
PF3D7_1243900	1069195.0	1072438.0	2349195.0	2769.232118390876	1360.9983287306827	-1.0245512376989996
PF3D7_1244000	15371.0	51627.0	19271.0	30.01360076894168	65.5182497425296	1.1134124550043636
PF3D7_1244100	31092.0	43144.0	66610.0	79.3774066660846	54.752733393218605	-0.5317416569397627
PF3D7_1244200	12674.0	47739.0	31283.0	35.14739787218247	60.58410762699015	0.7770003109169239
PF3D7_1244400	23097.0	55670.0	26404.0	43.374442041971854	70.64909762656406	0.6974646808217889
PF3D7_1244500	10308.0	18492.0	9750.0	17.98352349778754	23.467632716192252	0.3748476183366022
PF3D7_1244600	23929.0	75080.0	38005.0	52.13212663321511	95.28173612003646	0.8638068968218346
PF3D7_1244700	44440.0	442893.0	101327.0	117.59003390851447	562.0619866197563	2.2521248552533883
PF3D7_1244800	28761.0	57332.0	59657.0	72.10274225120159	72.75829109262027	0.012968006722258812
PF3D7_1244900	32056.0	67153.0	57062.0	73.99237530918137	85.2218223983592	0.20256975561540053
PF3D7_1245000	48505.0	196315.0	96501.0	118.82365362438983	249.13737381999144	1.0649538817749513
PF3D7_1245100	141183.0	82546.0	217474.0	303.0175082544888	104.75660881412533	-1.5278689204643627
PF3D7_1245200	125739.0	20145.0	209484.0	280.5448507832007	25.56540455698101	-3.4305922254831716
PF3D7_1245300	22839.0	3271.0	69368.0	72.11646916756948	4.151126249981876	-3.964644777683537
PF3D7_1245400	4324.0	41574.0	9662.0	11.308321111129837	52.76029431878524	2.1732565418070107
PF3D7_1245500	11817.0	20022.0	34239.0	36.197049647986525	25.409309011659165	-0.5021935385440653
PF3D7_1245600	547818.0	86761.0	794976.0	1142.7530501895362	110.10573664771555	-3.369646649185245
PF3D7_1245800	75414.0	149017.0	84149.0	140.22827630815027	189.11292583110645	0.43014507937039514
PF3D7_1245900	3126.0	4256.0	7132.0	8.2745305129901	5.401159682030836	-0.5723234377633197
PF3D7_1246000	40061.0	21264.0	66641.0	89.31423378711116	26.985493298567597	-1.708273729317185
PF3D7_1246100	1748.0	41582.0	6377.0	6.240959294737478	52.77044687457853	2.9823095647469606
PF3D7_1246200	213993.0	4633977.0	348184.0	471.8243368146182	5880.838754665932	3.638294811260647
PF3D7_1246300	32845.0	21896.0	53369.0	72.36961388717978	27.787545206237592	-1.365150361274302
PF3D7_1246400	20249.0	1503483.0	67738.0	68.15177762852322	1908.024380220575	4.7970167288362155
PF3D7_1246500	9583.0	9942.0	19272.0	23.615220691519184	12.617088712112446	-0.8784964582342203
PF3D7_1246600	29453.0	240122.0	63476.0	75.44798498089548	304.73150027457905	2.0068202644110973
PF3D7_1246700	3586.0	42856.0	4969.0	7.321731630092616	54.38724138466013	2.810910889734783
PF3D7_1246800	10307.0	19309.0	16291.0	22.401637268083824	24.5044624765821	0.12673484945020896
PF3D7_1246900	42851.0	314468.0	68920.0	93.93851617848904	399.08173940058106	2.0810433753276274
PF3D7_1247000	15591.0	67025.0	37517.0	42.584158418797536	85.05938150566654	0.9897685501626323
PF3D7_1247100	22574.0	22300.0	33547.0	47.622169001511054	28.300249273798787	-0.7406203716728987
PF3D7_1247200	2671.0	36471.0	11700.0	10.857719287428367	46.28423279213971	2.0423492348026495
PF3D7_1247300	5736.0	26793.0	13747.0	15.629290767333416	34.00217842120587	1.0970044524887341
PF3D7_1247400	72530.0	43612.0	119065.0	160.62969298040593	55.34665790712613	-1.5286795267702227
PF3D7_1247500	24376.0	221309.0	50139.0	60.82427023194435	280.856496257181	2.1978692085438927
PF3D7_1247600	8048.0	11275.0	13897.0	18.28671795846568	14.308758321169567	-0.34326237061845033
PF3D7_1247700	20641.0	28670.0	33400.0	45.38578077806301	36.38422182420678	-0.31504335798238625
PF3D7_1247800	128647.0	1558888.0	222242.0	292.37939500604546	1978.3371744364863	2.7562743036035515
PF3D7_1247900	6807.0	32658.0	13526.0	16.66404765132393	41.445270887162366	1.289118351956725
PF3D7_1248000	4598.0	9564.0	12053.0	13.226651444884622	12.137380450879444	-0.11928228505935268
PF3D7_1248100	4784.0	71575.0	19681.0	18.58590443864239	90.83364761310082	2.2586388973963034
PF3D7_1248200	24520.0	121115.0	34687.0	50.54381865050439	153.70334936305562	1.59502593351656
PF3D7_1248300	4958.0	20314.0	6354.0	9.774308944331274	25.779877298114286	1.3549171789618286
PF3D7_1248400	61783.0	4251760.0	203727.0	205.9472985565775	5395.778827460392	4.708119449205363
PF3D7_1248500	130776.0	235493.0	192403.0	274.57338496919317	298.856977678686	0.12205034140569306
PF3D7_1248600	47493.0	24017.0	72865.0	101.73589959955785	30.47924156093388	-1.722528150665155
PF3D7_1248700	1102081.0	936347.0	1640337.0	2326.6725458173796	1188.2893949225863	-0.9690850309495069
PF3D7_1248800	6730.0	78909.0	14734.0	17.39506545565692	100.14100313660039	2.491584481534219
PF3D7_1248900	38790.0	215309.0	68434.0	89.12043430963985	273.2420794122127	1.6109175986054631
PF3D7_1249000	3772.0	11128.0	15364.0	14.550420478078308	14.122205108467844	-0.041642899511264424
PF3D7_1249100	17011.0	403837.0	32245.0	40.59221216345418	512.4972092369095	3.64201407348888
PF3D7_1249200	26984.0	2072.0	50856.0	64.19202256853328	2.6295119504623807	-4.369578228173101
PF3D7_1249300	46312.0	69197.0	69668.0	98.27026632951556	87.81580040354505	-0.16140522950421485
PF3D7_1249400	7729.0	12321.0	10041.0	15.32885602705255	15.636204991142371	0.02774432318071113
PF3D7_1249500	2666.0	14156.0	14231.0	12.562181357025649	17.964947476228506	0.4993933147208308
PF3D7_1249600	11086.0	33419.0	18864.0	25.001244426364764	42.41103275699918	0.7507809730471955
PF3D7_1249700	25492.0	15173.0	40165.0	55.31947255069879	19.25559113145063	-1.4985074765336852
PF3D7_1249800	299867.0	261753.0	460027.0	642.3274785875642	332.18274207016384	-0.9502845721090761
PF3D7_1249900	9140.0	65993.0	23193.0	25.77455129590143	83.74970180833199	1.681005453309649
PF3D7_1250000	12508.0	82339.0	12847.0	22.508173678354353	104.49391143297392	2.190087292542906
PF3D7_1250100	3864.0	538510.0	16986.0	15.747986074139469	683.406602530645	5.395466504060659
PF3D7_1250200	32845.0	53178.0	65419.0	80.51081448112502	67.4865764969539	-0.2528645885839599
PF3D7_1250300	61921.0	219996.0	56961.0	106.94207123149613	279.1902080376071	1.3802707239749534
PF3D7_1250400	238576.0	8027876.0	629712.0	689.2081049625792	10187.932373952768	3.8848023600925825
PF3D7_1250500	2083.0	6571.0	5481.0	6.0059721991283865	8.339055514714433	0.4421275630635951
PF3D7_1250600	64205.0	45844.0	64683.0	114.68432419984299	58.179220973454335	-0.9730227661915832
PF3D7_1250700	9475.0	7187.0	18673.0	23.091123457349802	9.120802310797842	-1.2940150090128715
PF3D7_1250800	218481.0	91724.0	388214.0	503.8311486076346	116.40412844797848	-2.1090454528033518
PF3D7_1250900	5521.0	19599.0	8272.0	11.692582374730904	24.8724926240889	1.0572615390054452
PF3D7_1251000	0.0	986.0	207.0	0.1398529894561548	1.2513025015231214	1.452615921847873
PF3D7_1251100	22184.0	29887.0	48801.0	57.496877235456765	37.928679374261186	-0.5937918242100482
PF3D7_1251200	69918.0	15451.0	79684.0	131.13541214788327	19.60839244526749	-2.7106779947266753
PF3D7_1251300	7087.0	43356.0	15008.0	17.974874381564817	55.02177612174082	1.5874891650373466
PF3D7_1251400	2208.0	13088.0	2773.0	4.314594432099324	16.60958127782415	1.829318273509774
PF3D7_1251500	8832.0	98815.0	25851.0	27.229828314790478	125.40310008925682	2.1828032174326646
PF3D7_1251600	73853.0	183606.0	148878.0	182.23457444330182	233.00876987287447	0.3537271080743863
PF3D7_1251700	3863.0	14355.0	8275.0	9.861569432912695	18.21749230158662	0.8531446212168416
PF3D7_1251800	39729.0	87291.0	78609.0	97.03298349142885	110.77834346902108	0.19021075470630552
PF3D7_1252100	5797.0	2759.0	8290.0	12.009881612752842	3.5013626792112493	-1.6445048325757339
PF3D7_1252200	974.0	1288.0	2380.0	2.684799532211733	1.6345614827198582	-0.5772628468683398
PF3D7_1252300	7731.0	737.0	15452.0	18.986837829516364	0.9353042024569376	-3.7630715570926623
PF3D7_1252500	21440.0	2023.0	29789.0	43.82947578576762	2.5673275462284733	-3.853212163230656
PF3D7_1252600	15343.0	4782.0	30945.0	37.86981283963041	6.068690225439722	-2.546294091939676
PF3D7_1252700	34326.0	22353.0	49023.0	71.07073012797389	28.367509955929343	-1.309923027934676
PF3D7_1252800	2300.0	1104.0	2116.0	3.9724259075296766	1.4010526994741643	-1.2342590562714686
PF3D7_1252900	828.0	92.0	92.0	0.9775712097147695	0.11675439162284702	-1.2604596725403705
PF3D7_1253000	736.0	0.0	1656.0	1.932525538326602	0.0	-2.282454951490964
PF3D7_1253100	4139.0	92.0	8704.0	10.456547794927287	0.11675439162284702	-4.15095340988516
PF3D7_1253200	92.0	0.0	644.0	0.5368108922538187	0.0	-1.0521527796990113
PF3D7_1253400	184.0	0.0	0.0	0.2034254056693409	0.0	-0.49246934694430733
PF3D7_1253500	0.0	0.0	0.0	0.0	0.0	0.0
PF3D7_1253700	184.0	0.0	92.0	0.2655822898720763	0.0	-0.6146293616225048
PF3D7_1253800	92.0	0.0	0.0	0.10171270283467045	0.0	-0.26714671912344645
PF3D7_1254000	181.0	92.0	92.0	0.2622655713013806	0.11675439162284702	-0.3055976330925126
PF3D7_1254100	184.0	184.0	92.0	0.2655822898720763	0.23350878324569405	-0.061743215261319186
PF3D7_1254200	184.0	276.0	92.0	0.2655822898720763	0.3502631748685411	0.15135199922507095
PF3D7_1254300	92.0	0.0	92.0	0.1638695870374059	0.0	-0.40897176624319825
PF3D7_1254400	184.0	92.0	0.0	0.2034254056693409	0.11675439162284702	-0.18970135850538622
PF3D7_1254500	184.0	0.0	184.0	0.3277391740748118	0.0	-0.7272481419814021
PF3D7_1254600	92.0	92.0	0.0	0.10171270283467045	0.11675439162284702	0.035621269315474664
PF3D7_1254700	361.0	61.0	184.0	0.5234255697458625	0.07741323792384422	-0.8257300952205795
PF3D7_1254800	0.0	91.0	92.0	0.06215688420273546	0.11548532214868563	0.13075164484777724
PF3D7_1254900	0.0	0.0	0.0	0.0	0.0	0.0
PF3D7_1255000	276.0	92.0	92.0	0.3672949927067468	0.11675439162284702	-0.49182669689126235
PF3D7_1255100	92.0	0.0	0.0	0.10171270283467045	0.0	-0.26714671912344645
PF3D7_1255200	8832.0	17303.0	14733.0	19.718303982551205	21.958709111414368	0.15161302496764584
PF3D7_1300100	45548.0	72126.0	56853.0	88.76756006838792	91.53290489336374	0.04401377235606731
PF3D7_1300200	249.0	0.0	184.0	0.3996014097732203	0.0	-0.8473578270901283
PF3D7_1300300	3312.0	1012.0	2393.0	5.2784119096258095	1.2842983078513173	-1.6953162166252833
PF3D7_1300400	92.0	0.0	0.0	0.10171270283467045	0.0	-0.26714671912344645
PF3D7_1300500	2024.0	92.0	1523.0	3.266646143240642	0.11675439162284702	-2.6105125175379396
PF3D7_1300600	4140.0	124417.0	9569.0	11.042063202951208	157.8938167667365	3.778542976623667
PF3D7_1300700	92.0	184.0	736.0	0.5989677764565542	0.23350878324569405	-0.583262938353724
PF3D7_1300900	1564.0	0.0	92.0	1.7912728323921332	0.0	-2.1961492572036896
PF3D7_1301200	2392.0	368.0	1380.0	3.576883536742464	0.4670175664913881	-2.075852741796946
PF3D7_1301400	552.0	1278.0	2760.0	2.4749827430900866	1.6218707879782444	-0.4875444943019195
PF3D7_1301500	2118.0	276.0	1198.0	3.1509940421598817	0.3502631748685411	-2.1023079536788765
PF3D7_1301600	552.0	552.0	736.0	1.1075312906299064	0.7005263497370822	-0.42117975102611654
PF3D7_1301700	184.0	734.0	644.0	0.6385235950884891	0.9314969940344534	0.33036045025154503
PF3D7_1301900	120784.0	27988.0	161570.0	242.6951617371609	35.51871644282872	-2.755295851646471
PF3D7_1302000	920.0	1196.0	920.0	1.638695870374059	1.5178070910970112	-0.08394308637092626
PF3D7_1302050	0.0	0.0	58.0	0.0391858617799854	0.0	-0.10885457261289731
PF3D7_1302100	159608.0	471427.0	268871.0	358.11244224467134	598.2736149954771	0.7395851062038004
PF3D7_1302200	4055.0	5430.0	5326.0	8.081441035416931	6.8910472446962965	-0.21544113639401238
PF3D7_1302300	6806.0	43181.0	12811.0	16.17987498928273	54.79968896376258	1.72916288971117
PF3D7_1302400	1353.0	95662.0	3495.0	3.8571260567811905	121.40172403722599	4.806197866968787
PF3D7_1302500	165174.0	83718.0	266533.0	362.68646516545164	106.24395823784246	-1.7665560239695415
PF3D7_1302600	5152.0	32195.0	8822.0	11.656216059138636	40.85769172062565	1.76646144535492
PF3D7_1302700	29103.0	85796.0	27029.0	50.436774062099474	108.88108460514981	1.1025837742437279
PF3D7_1302800	31464.0	71533.0	67633.0	80.47983729645301	90.78034669518604	0.17274152681445856
PF3D7_1302900	4852.0	17416.0	5835.0	9.30647232039981	22.102113961994604	1.2046515587527498
PF3D7_1303000	754.0	22971.0	2004.0	2.187541020430689	29.151794890961074	3.46376075694356
PF3D7_1303100	1656.0	26784.0	8370.0	7.485753876859892	33.99075679593842	2.110709271241152
PF3D7_1303200	5898.0	15759.0	21411.0	20.98633227156147	19.999265843309196	-0.06784699270707079
PF3D7_1303300	8005.0	12603.0	16438.0	19.95592444256633	15.99408258285588	-0.3105702008496584
PF3D7_1303400	117123.0	102477.0	196394.0	262.1753914154036	130.05043250363582	-1.008673811595663
PF3D7_1303500	143500.0	119956.0	262941.0	336.29745810789865	152.23249784250257	-1.1408741840911343
PF3D7_1303600	8649.0	5433.0	15639.0	20.128094335474398	6.894854453118781	-1.480016891004908
PF3D7_1303700	198319.0	70660.0	381460.0	476.9774626243965	89.67244904424315	-2.4046740279966925
PF3D7_1303800	759055.0	409545.0	1151538.0	1617.1907583828302	519.7410577954226	-1.636683677697108
PF3D7_1303900	102045.0	26725.0	200381.0	248.19925406730738	33.9158816969629	-2.8532558046379424
PF3D7_1304000	137336.0	56168.0	213020.0	295.75516553661964	71.28109422469643	-2.0451644884638345
PF3D7_1304100	102854.0	11691.0	131226.0	202.37127851897128	14.8366912224207	-3.7255054593946983
PF3D7_1304200	13026.0	19119.0	20030.0	27.93382671418705	24.263339276491436	-0.19940240292440956
PF3D7_1304300	13698.0	3066.0	20232.0	28.8132465719463	3.890967007778793	-2.738942162043257
PF3D7_1304400	187189.0	120667.0	348033.0	442.08854359401914	153.1348062386313	-1.5264610092400805
PF3D7_1304500	13995.0	68517.0	26768.0	33.55744296206561	86.95283316111532	1.3605350017760347
PF3D7_1304600	12145.0	30080.0	23998.0	29.64067046765563	38.17360978277433	0.35963792192396365
PF3D7_1304700	4700.0	10119.0	7082.0	9.98092127442091	12.841714009039011	0.3481784858155715
PF3D7_1304900	3863.0	10673.0	5421.0	7.933354786014792	13.544778497724415	0.735855317571253
PF3D7_1305000	2208.0	66684.0	9537.0	8.884476657613483	84.62662881497751	3.181262300048037
PF3D7_1305100	21888.0	65604.0	42138.0	52.66798289326232	83.25603378288322	0.6556353919642984
PF3D7_1305200	4600.0	16802.0	3281.0	7.302338805528903	21.322905304859518	1.4838646300310052
PF3D7_1305300	105187.0	78071.0	157631.0	222.79028137860735	99.07752291725315	-1.1650284272015714
PF3D7_1305400	11414.0	39773.0	25454.0	29.816196963601705	50.474700195820596	0.7496926001780282
PF3D7_1305500	17330.0	22863.0	28087.0	38.13566898616381	29.014735387751646	-0.38849797132673497
PF3D7_1305600	9936.0	25851.0	14219.0	20.591588606999792	32.80671497654585	0.6591453065589106
PF3D7_1305700	644.0	29850.0	2760.0	2.576695445924757	37.881723803717215	3.6409659602243334
PF3D7_1305800	291.0	15366.0	1748.0	1.502702501209464	19.500521539963774	3.3200175889138
PF3D7_1305900	17383.0	33377.0	25425.0	36.39576841553941	42.3577318390844	0.2161001375097724
PF3D7_1306000	38181.0	8556.0	62140.0	84.19479881835363	10.858158420924772	-2.898544435726752
PF3D7_1306100	3128.0	15007.0	4264.0	6.339068355514273	19.04492559873984	1.5149223786804864
PF3D7_1306200	5137.0	36492.0	8726.0	11.574773108856213	46.3108832510971	1.9548479064561388
PF3D7_1306300	2400.0	4561.0	11973.0	10.7425528408974	5.788225871650057	-0.8382447198857075
PF3D7_1306400	157421.0	148189.0	191526.0	303.4388564864105	188.06213630650083	-0.6887411165170669
PF3D7_1306500	139514.0	81198.0	202420.0	291.0015491694992	103.04590316295578	-1.4932330767184785
PF3D7_1306600	19778.0	13897.0	24294.0	38.27949110310182	17.636258482420708	-1.096417013335895
PF3D7_1306700	21428.0	11261.0	28490.0	42.93858073127448	14.290991348531307	-1.554258216148234
PF3D7_1306800	26106.0	36496.0	57561.0	67.75135034560394	46.31595952899375	-0.54385716245804
PF3D7_1306900	13589.0	24275.0	16013.0	25.842305495203693	30.806661485267515	0.24908805225328903
PF3D7_1307000	8547.0	8224.0	7483.0	14.504982995836933	10.436827355503194	-0.4562473940035562
PF3D7_1307100	8729.0	35932.0	29552.0	29.61641766307692	45.60020434556673	0.6142229734499809
PF3D7_1307200	23631.0	293760.0	52103.0	61.32753280762199	372.8018487296472	2.5940213114831865
PF3D7_1307300	42438.0	25301.0	57562.0	85.80824186277829	32.10872676575709	-1.4042402227733861
PF3D7_1307400	210587.0	3683.0	340258.0	462.7038049662947	4.673982873336365	-6.484228015610041
PF3D7_1307500	23023.0	49265.0	34044.0	48.4543535126146	62.52070764456042	0.36438878966464294
PF3D7_1307600	63563.0	30976.0	82834.0	126.23769430792984	39.310696031622925	-1.6706176742960896
PF3D7_1307700	66010.0	37501.0	86912.0	131.69820254287762	47.59137435052594	-1.458852499999903
PF3D7_1307800	60753.0	33485.0	102712.0	136.56097527767497	42.49479134229383	-1.6725840594382975
PF3D7_1307900	11787.0	10954.0	17287.0	24.710800929619005	13.901387019963764	-0.8078341857824811
PF3D7_1308000	89872.0	108312.0	133368.0	189.46590610334704	137.45545288536746	-0.4615380334855496
PF3D7_1308100	16851.0	18680.0	32593.0	40.65043567703031	23.70621777733459	-0.765530029370953
PF3D7_1308200	54109.0	53731.0	73008.0	109.1469830386358	68.18837191616514	-0.6747283219125982
PF3D7_1308300	23641.0	201719.0	53441.0	62.242565830356845	255.99542525835955	2.0314166608797226
PF3D7_1308400	145231.0	160800.0	223881.0	311.8215536692896	204.06637144515	-0.6104631341171445
PF3D7_1308500	10597.0	119840.0	17775.0	23.7248709635068	152.08528578349987	2.6550549597543256
PF3D7_1308600	4784.0	13571.0	10396.0	12.312788462311971	17.222541833844097	0.4680010502224513
PF3D7_1308700	68372.0	148674.0	156603.0	181.39408103275076	188.6776350014691	0.05664294276405283
PF3D7_1308800	17973.0	58814.0	45486.0	50.60163524883866	74.63905205332745	0.5561934571555683
PF3D7_1308900	164601.0	157905.0	235619.0	341.1669075897165	200.39241531745282	-0.7661674249752455
PF3D7_1309000	34474.0	63439.0	53718.0	74.40638286005405	80.50849837132382	0.11298460732764104
PF3D7_1309100	137949.0	253069.0	271338.0	335.83359009936726	321.1621427565464	-0.0643467185046352
PF3D7_1309200	37021.0	78042.0	52010.0	76.06832085898485	99.04071990250247	0.37853920157454274
PF3D7_1309300	110939.0	167494.0	169448.0	237.13331798000678	212.5615225051863	-0.1574670515167085
PF3D7_1309400	104469.0	5329097.0	312109.0	326.3646448268125	6762.994327544991	4.3710035585570335
PF3D7_1309500	7439.0	31400.0	9729.0	14.7974469869079	39.84878148866735	1.3992342060110812
PF3D7_1309600	2523.0	35699.0	12340.0	11.126490220800315	45.30451115808713	1.978074047375123
PF3D7_1309700	11142.0	27966.0	22732.0	27.676448116092182	35.49079691439717	0.35313828804066
PF3D7_1309800	12605.0	55879.0	24961.0	30.799854411038055	70.9143331466638	1.1900577114848814
PF3D7_1309900	744.0	27059.0	2596.0	2.5764513293401747	34.3397509013328	3.501395235100094
PF3D7_1310000	6284.0	73597.0	28133.0	25.954589650963324	93.39970608985513	1.8276026025609338
PF3D7_1310100	13601.0	13790.0	17490.0	26.853460608263	17.500468048685438	-0.6036889463064119
PF3D7_1310200	6632.0	18656.0	9214.0	13.557306263516729	23.675760109954716	0.7822410862556046
PF3D7_1310300	3772.0	12383.0	9657.0	10.694666802589058	15.714887298540377	0.5345074078485439
PF3D7_1310400	37441.0	36084.0	63256.0	84.13066493436011	45.79310290563926	-0.870383235847615
PF3D7_1310500	21345.0	15454.0	39601.0	50.353613188245305	19.612199653689977	-1.3382794057468381
PF3D7_1310600	18794.0	2392.0	24028.0	37.01189294237091	3.0356141821940223	-3.4073153099556865
PF3D7_1310700	6626.0	573349.0	19947.0	20.80208411059229	727.6197139409534	5.09510918093127
PF3D7_1310800	7268.0	19608.0	10673.0	15.246177709762831	24.88391424935635	0.6889128871987275
PF3D7_1310900	10399.0	62892.0	15965.0	22.283098402982713	79.81431736895755	1.8176932344815282
PF3D7_1311000	6623.0	1047.0	8994.0	13.398720080363315	1.3287157394469655	-2.9260492914980123
PF3D7_1311100	4345405.0	49940.0	8087055.0	10267.924224320042	63.377329539619346	-7.328695089075501
PF3D7_1311200	38055.0	25190.0	106562.0	114.06781305201392	31.96786005412518	-1.819117581598298
PF3D7_1311300	8557.0	13342.0	12324.0	17.786706946421596	16.93192492426114	-0.06906341107628239
PF3D7_1311400	36890.0	23559.0	61015.0	82.00743366522714	29.898007741767966	-1.4405473337616939
PF3D7_1311500	242742.0	196355.0	255691.0	441.1184868497305	249.1881365989579	-0.8226732905745743
PF3D7_1311600	19044.0	130636.0	52870.0	56.774469354153126	165.7861598265461	1.5377040043953802
PF3D7_1311700	21225.0	119154.0	31414.0	44.68965736968056	151.21470412422514	1.7472963941729134
PF3D7_1311800	19644.0	30007.0	44608.0	51.85585461956402	38.08096771116055	-0.4404615431238245
PF3D7_1311900	109078.0	81898.0	164514.0	231.74234616879352	103.93425179486876	-1.153036094582251
PF3D7_1312000	2761.0	39840.0	6908.0	7.719657919554583	50.559727850589404	2.6350355890578863
PF3D7_1312100	29341.0	85829.0	38183.0	58.235746993316454	108.92296389779715	0.8976048288818893
PF3D7_1312200	4112.0	13339.0	6142.0	8.695763226406154	16.928117715838656	0.9223755379198214
PF3D7_1312300	9973.0	51708.0	23078.0	26.617797380444536	65.62104436993667	1.2858695103369495
PF3D7_1312400	12331.0	26253.0	35086.0	37.33756280208149	33.316880905158726	-0.16207556548547603
PF3D7_1312450	3158.0	21884.0	2956.0	5.4885267962519055	27.772316372547653	2.239117046629046
PF3D7_1312500	33304.0	28060.0	63490.0	79.71500470910368	35.61008944496834	-1.151470133030335
PF3D7_1312600	69617.0	134376.0	101286.0	145.3973413760817	170.53247965990968	0.22931673002088207
PF3D7_1312700	4048.0	136326.0	21859.0	19.243699487634135	173.00716513452437	3.1355309953314277
PF3D7_1312800	483257.0	1368233.0	758831.0	1046.955937285003	1736.3827338402484	0.7296107971526782
PF3D7_1312900	172962.0	114270.0	228192.0	345.39278508348787	145.01656881242096	-1.2491414904264588
PF3D7_1313000	10948.0	29530.0	27688.0	30.81033130912295	37.47562157198557	0.2784348040775738
PF3D7_1313100	12235.0	1656.0	20873.0	27.628864816803155	2.1015790492112463	-3.434591882160312
PF3D7_1313200	1472.0	1038.0	2760.0	3.492109771436791	1.3172941141795131	-1.135359464295253
PF3D7_1313300	7941.0	11511.0	10912.0	16.151701017721386	14.608258717071653	-0.14033216602594045
PF3D7_1313400	24579.0	31351.0	42213.0	55.69375082416779	39.786597084433446	-0.4801097510958083
PF3D7_1313500	15456.0	20332.0	32486.0	39.03587038285576	25.80272054864919	-0.5879501575764119
PF3D7_1313600	9488.0	136457.0	19223.0	23.47708597309279	173.17341323563952	2.8566486779553344
PF3D7_1313700	828.0	28469.0	2577.0	2.6564827014951784	36.129138859900344	3.5366020342975872
PF3D7_1313800	53626.0	39842.0	90820.0	120.6471046250486	50.56226598953773	-1.2464304585382437
PF3D7_1313900	9960.0	17182.0	23775.0	27.07433089297123	21.805151705040842	-0.30594891800274676
PF3D7_1314000	21446.0	20188.0	29064.0	43.346285950659194	25.619974544369953	-0.7473011518430925
PF3D7_1314100	2414.0	22825.0	4882.0	5.967221449137489	28.966510747733512	2.1878583182648685
PF3D7_1314200	52719.0	92493.0	95854.0	123.0454125990217	117.38004287360857	-0.0677219522375665
PF3D7_1314300	8378.0	18529.0	12976.0	18.029312540908307	23.51458828673622	0.3741017181027233
PF3D7_1314400	7829.0	12857.0	14839.0	18.681029947576373	16.316426229292873	-0.1898090481761097
PF3D7_1314500	6255.0	38671.0	7308.0	11.852776804178852	49.07618563529475	2.004811891097607
PF3D7_1314600	5418.0	2516.0	5008.0	9.373490217886344	3.1929787969900336	-1.4187751792158014
PF3D7_1314700	110890.0	90251.0	175502.0	241.16933813788137	114.53478911253876	-1.070964211745399
PF3D7_1314800	3752.0	644.0	13534.0	13.291927519951145	0.8172807413599291	-3.388189344465827
PF3D7_1314900	41502.0	8644.0	54736.0	82.86412833440676	10.969836534650975	-2.86158189355689
PF3D7_1315000	4877.0	22451.0	18614.0	17.96783798124354	28.491878764397157	0.6506338468189266
PF3D7_1315100	82868.0	22140.0	122687.0	174.506194681353	28.09719815793297	-2.613460280530671
PF3D7_1315200	13821.0	3026.0	29089.0	34.93318337447122	3.840204228812338	-3.029266249771727
PF3D7_1315300	2392.0	160077.0	9754.0	9.234511235804494	203.14883421533133	4.38683120157579
PF3D7_1315400	56788.0	103442.0	117787.0	142.36232487133552	131.27508454620153	-0.11654788665057123
PF3D7_1315500	11884.0	15743.0	33192.0	35.56375066243933	19.978960731722616	-0.8164069429839313
PF3D7_1315600	12059.0	15874.0	37275.0	38.51577545804625	20.145208832837756	-0.9182505626663667
PF3D7_1315700	4324.0	121492.0	22155.0	19.74882061487738	154.18178855481446	2.9333935649122216
PF3D7_1315800	16837.0	21432.0	41046.0	46.345959202313324	27.19869697022671	-0.7581065013574756
PF3D7_1315900	29183.0	28180.0	42276.0	60.82637221064165	35.762377781867706	-0.7580340822279827
PF3D7_1316000	7820.0	335136.0	22582.0	23.902392339492337	425.31086729254844	4.125118272412289
PF3D7_1316100	99973.0	177388.0	193353.0	241.16026164936977	225.11769588253898	-0.09910003026577739
PF3D7_1316200	4598.0	29585.0	9023.0	11.179527976033661	37.54542039306445	1.70374083456674
PF3D7_1316300	459.0	22444.0	176.0	0.6263667632695128	28.48299527807803	4.685458125522098
PF3D7_1316400	3366.0	9237.0	6901.0	8.383800169832371	11.722394732828674	0.4602781332659712
PF3D7_1316500	52187.0	68339.0	67004.0	102.96565969514168	86.7269387947146	-0.24630635125747413
PF3D7_1316600	39139.0	34069.0	49184.0	76.50062683558161	43.23592791520408	-0.8160512875115489
PF3D7_1316700	17586.0	551025.0	35509.0	43.43313470875487	699.2890069997748	3.9935386543082223
PF3D7_1316800	28252.0	48965.0	47429.0	63.2785450145288	62.139986802312	-0.02598727697269192
PF3D7_1316900	103150.0	35142.0	171055.0	229.60772961625185	44.59763946097924	-2.3511856205702766
PF3D7_1317000	13613.0	11131.0	30885.0	35.91663469880275	14.126012316890328	-1.3160611253772152
PF3D7_1317100	801519.0	161015.0	1123285.0	1645.049560163173	204.3392213820947	-3.006005592299357
PF3D7_1317200	36334.0	181835.0	73806.0	90.03456891589141	230.76124783413465	1.3529828672063642
PF3D7_1317300	37833.0	32252.0	62067.0	83.76073932777466	40.930028680652846	-1.02418375552571
PF3D7_1317400	13543.0	106192.0	24193.0	31.3180068913774	134.76502560014532	2.0878734894756548
PF3D7_1317500	0.0	33616.0	2207.0	1.4910896025590996	42.661039443408974	4.438099558074137
PF3D7_1317600	5460.0	27030.0	7462.0	11.077891602153398	34.30294788658212	1.5878369561764192
PF3D7_1317700	11224.0	18898.0	13889.0	21.792612405523194	23.98287492270177	0.13520728600428375
PF3D7_1317800	50863.0	78351.0	62719.0	98.60685678903488	99.43286237001834	0.01197430343638403
PF3D7_1317900	6809.0	26130.0	10860.0	14.865060391771502	33.16078535983688	1.131415400039344
PF3D7_1318000	920.0	35054.0	8728.0	6.913923607927956	44.48596134725304	2.6011656985517946
PF3D7_1318100	4968.0	30632.0	14813.0	15.500419928019165	38.87413613251141	1.299138502286529
PF3D7_1318200	1748.0	11960.0	4324.0	4.853914911387305	15.178070910970112	1.5500819398962211
PF3D7_1318300	193052.0	828577.0	359267.0	456.16041330981477	1051.5217776922143	1.2039709330699773
PF3D7_1318400	1031802.0	403848.0	1743317.0	2318.549164216074	512.5111690011253	-2.17647126481414
PF3D7_1318500	6822.0	11359.0	20734.0	21.55048799780042	14.415360156999123	-0.5640117698742959
PF3D7_1318600	62801.0	73238.0	112257.0	145.2739652246371	92.9441101486312	-0.641557444024432
PF3D7_1318700	6994.0	701806.0	31872.0	29.26568322755728	890.6405713833019	4.903931110254452
PF3D7_1318800	18494.0	121201.0	33243.0	42.90604378017316	153.81248933783348	1.8298869916307314
PF3D7_1318900	1947.0	31202.0	2483.0	3.830110607548864	39.5975057327834	3.211036714086855
PF3D7_1319000	147197.0	256954.0	210532.0	304.9762811317966	326.0924776636634	0.0964311964192357
PF3D7_1319100	90053.0	56866.0	156116.0	205.03498002787856	72.16690471766107	-1.5000135868370255
PF3D7_1319200	184007.0	52914.0	273783.0	388.405951501921	67.15154215577529	-2.523226586026605
PF3D7_1319300	14586.0	39477.0	24270.0	32.5231419907271	50.09905563146882	0.6156330668887621
PF3D7_1319400	1039688.0	329291.0	1574117.0	2212.953094297067	417.89315621607517	-2.403367643046826
PF3D7_1319500	5908.0	1656.0	4720.0	9.72064284547983	2.1015790492112463	-1.9740264904849707
PF3D7_1319600	95991.0	964802.0	226175.0	258.93301459083204	1224.4007668098484	2.2392308875466878
PF3D7_1319700	38754.0	35581.0	68525.0	89.14211495268768	45.15476096013609	-0.9734113723028245
PF3D7_1319800	111131.0	149507.0	187201.0	249.3398397647396	189.73476987344554	-0.3932225924848772
PF3D7_1319900	8465.0	39170.0	14168.0	18.93083440086784	49.70945130290128	1.3696111044737624
PF3D7_1320000	8555.0	86218.0	23460.0	25.308181262465	109.41663192324592	2.090509321285352
PF3D7_1320100	2208.0	34644.0	11570.0	10.258008674832627	43.96564286284687	2.0472799862162963
PF3D7_1320200	7084.0	69297.0	21995.0	22.692102770869262	87.9427073509612	1.9311095571554409
PF3D7_1320300	5336.0	12176.0	10954.0	13.300059694375715	15.45218991738897	0.2090799832032885
PF3D7_1320400	3298.0	9296.0	6361.0	7.943787330025472	11.797269831804195	0.5423759046408709
PF3D7_1320500	5427.0	9562.0	11730.0	13.924946630237429	12.134842311931122	-0.19115832220003856
PF3D7_1320600	29757.0	72474.0	55319.0	70.2730606028523	91.9745410703719	0.3858559251672861
PF3D7_1320700	10856.0	244610.0	22377.0	27.120409780193413	310.4270840746153	3.49276966279226
PF3D7_1320800	1194.0	55200.0	5961.0	5.3474147164902455	70.05263497370821	3.592829144677663
PF3D7_1320900	1288.0	7420.0	3726.0	3.9413316498961724	9.416495498277444	1.1588380540236891
PF3D7_1321000	2392.0	892788.0	43031.0	31.71706162291784	1133.0099976975907	5.136828387508395
PF3D7_1321100	6534.0	50432.0	8130.0	12.716589879238871	64.00171172090675	2.28698746343514
PF3D7_1321200	924.0	19785.0	8374.0	6.679177018836328	25.108539546282916	1.8347346024001867
PF3D7_1321300	32802.0	37254.0	49501.0	69.70878264459205	47.277914190408076	-0.5553076408639388
PF3D7_1321400	19802.0	58719.0	36054.0	46.251296136712696	74.51849045328211	0.6822398699590919
PF3D7_1321500	3675.0	6531.0	13617.0	13.262874729413724	8.288292735747977	-0.6471270139101948
PF3D7_1321600	6250.0	8097.0	6288.0	11.158118267211858	10.275655532284699	-0.11355930472322331
PF3D7_1321700	408104.0	433893.0	573521.0	838.66999198345	550.6403613523039	-0.6065433061561722
PF3D7_1321800	19696.0	16832.0	33496.0	44.40587378572278	21.360977389084358	-1.03854626060775
PF3D7_1321900	19174.0	8204.0	28683.0	40.57701384498948	10.411445966019967	-1.9124890088010138
PF3D7_1322000	13447.0	44054.0	29873.0	35.049383878327504	55.907586614705465	0.6660646568033256
PF3D7_1322100	14263.0	144905.0	23502.0	31.647167098517322	183.89451215335487	2.5200322059195384
PF3D7_1322200	708228.0	181068.0	1122262.0	1541.2184052426444	229.78787154745288	-2.7430289445994083
PF3D7_1322300	533443.0	27021.0	824062.0	1146.511474435975	34.291526261314665	-5.043000043989434
PF3D7_1322400	129722.0	95519.0	195702.0	275.6369759713354	121.22024710242091	-1.1818149163933351
PF3D7_1322500	83371.0	96461.0	145268.0	190.3184348086118	122.41571054708093	-0.6345312291824416
PF3D7_1322600	5770.0	26346.0	12851.0	15.061526241797846	33.434904366255736	1.124786383633555
PF3D7_1322700	12606.0	70962.0	16553.0	25.12036126241017	90.0557080254399	1.8215147631906525
PF3D7_1322800	3867.0	4783.0	12203.0	12.519820432474473	6.069959294913883	-0.9867532139219557
PF3D7_1322900	4783.0	453741.0	22847.0	20.723806424327456	575.828852275459	4.7631369184995815
PF3D7_1323000	4935.0	352934.0	19766.0	18.810273496090954	447.8977657936727	4.537338586939843
PF3D7_1323100	16836.0	77836.0	31650.0	39.99674402109879	98.77929159082522	1.293686902599071
PF3D7_1323200	17390.0	54929.0	31106.0	40.241695025056615	69.70871714621047	0.7851441636172811
PF3D7_1323300	9666.0	37626.0	13050.0	19.503286135278504	47.75000803479611	1.2702921575428185
PF3D7_1323400	28241.0	24202.0	40221.0	58.3965269594799	30.714019413653734	-0.9159884186476187
PF3D7_1323500	14456.0	45429.0	24801.0	32.73817084010911	57.65255714167736	0.8070016426695606
PF3D7_1323600	3494.0	66172.0	6992.0	8.586794761411575	83.97686524420688	3.2167129014108613
PF3D7_1323700	46634.0	146151.0	76827.0	103.4630122460389	185.47577271815993	0.8390443515244989
PF3D7_1323800	14823.0	39191.0	34931.0	39.987929523957305	49.73610176185867	0.31123264962317393
PF3D7_1323900	13137.0	98570.0	65150.0	58.54044329290523	125.09217806808729	1.0889711566660456
PF3D7_1324000	170233.0	132058.0	316733.0	402.1955972373855	167.5907766188036	-1.2604491350499847
PF3D7_1324100	5581.0	6639.0	11504.0	13.94251511291918	8.425352238957407	-0.69434099301545
PF3D7_1324200	113371.0	641384.0	205351.0	264.0787952281017	813.960855615523	1.6221479211342786
PF3D7_1324300	180286.0	284950.0	276793.0	386.3257260041212	361.6213466622854	-0.09521052039751914
PF3D7_1324400	10069.0	18585.0	23718.0	27.15632809089974	23.58565617728926	-0.1994353952025413
PF3D7_1324500	20707.0	28988.0	33756.0	45.69926870375065	36.7877859169901	-0.309166880185756
PF3D7_1324600	60822.0	61920.0	107635.0	139.96332872795386	78.58078184007269	-0.8287944903640672
PF3D7_1324700	3678.0	10845.0	11943.0	12.135206402817257	13.763058447280173	0.17483414237458464
PF3D7_1324800	12879.0	5361.0	15094.0	24.43645554308489	6.803481450979161	-1.771600173336162
PF3D7_1324900	106974.0	26495.0	170973.0	233.78003951989484	33.62399571790578	-2.7793755502138993
PF3D7_1325000	2760.0	33274.0	2241.0	4.565441710021963	42.227017683245776	3.0763886377710183
PF3D7_1325100	8831.0	115047.0	20421.0	23.560115337359083	146.00263579384435	2.6062111575333846
PF3D7_1325200	888199.0	60175.0	1310764.0	1867.5448598931066	76.36625560766107	-4.603034898578419
PF3D7_1325300	60111.0	33807.0	130795.0	154.82458640643108	42.9034317129738	-1.839405193058695
PF3D7_1325400	214370.0	661336.0	329923.0	459.9036718857326	839.2813297639908	0.8671143746291373
PF3D7_1325500	1196.0	6710.0	1935.0	2.629586560027815	8.515456171622864	1.52642841242038
PF3D7_1325600	13345.0	50021.0	19682.0	28.051389284857787	63.48012416702642	1.1640628447766723
PF3D7_1325700	16209.0	62133.0	32325.0	39.759592196745615	78.85109363806906	0.9789175480286665
PF3D7_1325800	180680.0	135752.0	348464.0	435.1835613585898	172.27871925635574	-1.3343551452716698
PF3D7_1325900	305222.0	155168.0	451477.0	642.4712847152412	196.91897216667311	-1.7034936668745515
PF3D7_1326000	6534.0	19042.0	13640.0	16.43924674833748	24.16562092698101	0.5421318833123834
PF3D7_1326100	26360.0	42020.0	50247.0	63.090693557138714	53.32629930426121	-0.24050440399659226
PF3D7_1326200	33438.0	28573.0	69979.0	84.24723866314059	36.26112208521313	-1.2049855577030866
PF3D7_1326300	34974.0	59724.0	64000.0	81.90587671646558	75.79390527481429	-0.11117941362394429
PF3D7_1326400	20547.0	29440.0	38473.0	48.70926859865016	37.36140531931105	-0.37820211251876834
PF3D7_1326500	494268.0	187416.0	773401.0	1068.9731587387685	237.8439245694293	-2.1657835182781513
PF3D7_1326600	849666.0	136287.0	1250630.0	1784.3161897520667	172.9576714250321	-3.363119952691118
PF3D7_1326700	6253.0	73629.0	13987.0	16.36302032792234	93.44031631302829	2.4778814915253857
PF3D7_1326800	5798.0	10408.0	9136.0	12.582560272952287	13.20847508707165	0.06742319088353828
PF3D7_1326900	50607.0	89599.0	85541.0	113.74279112978654	113.70735581538554	-0.0004475580642189521
PF3D7_1327000	30956.0	65378.0	79940.0	88.2330407838775	82.96922408172274	-0.08822704904006068
PF3D7_1327100	5222.0	423212.0	24544.0	22.355677174723784	537.0854302987863	4.555869569281425
PF3D7_1327200	1380.0	31927.0	1879.0	2.795177340530273	40.5175811015504	3.637814399681608
PF3D7_1327300	1133505.0	1771009.0	2058623.0	2644.01574624675	2247.5334603650726	-0.234340056448345
PF3D7_1327400	10892.0	34595.0	19839.0	25.445491141014124	43.90345845861297	0.7751882023939822
PF3D7_1327500	3220.0	7629.0	8656.0	9.408096660723011	9.681731018377173	0.03930300969780988
PF3D7_1327600	5425.0	18074.0	13435.0	15.074664697193892	22.937161675992794	0.589596760628722
PF3D7_1327700	19789.0	48671.0	35730.0	46.018023358250346	61.76688037690856	0.42067520560954863
PF3D7_1327800	17650.0	12515.0	23982.0	35.716039151977554	15.882404469129678	-1.1444816523984127
PF3D7_1327900	8044.0	2382.0	16065.0	19.747036155641677	3.0229234874524087	-2.5228656886835066
PF3D7_1328000	491654.0	52002.0	860175.0	1124.709294223533	65.99415079534012	-4.080822125730432
PF3D7_1328100	42794.0	141765.0	60143.0	87.94559664904355	179.90963400448814	1.0284141577796744
PF3D7_1328200	71037.0	62532.0	101208.0	146.9145566049667	79.35745235825945	-0.8843800394704295
PF3D7_1328300	59532.0	41233.0	64493.0	109.38961476131108	52.327541628096206	-1.0566928696532991
PF3D7_1328400	11682.0	61826.0	22088.0	27.83835926939827	78.46148930950152	1.4783929693240059
PF3D7_1328500	16565.0	36070.0	46282.0	49.58278083834042	45.775335933001	-0.11407120661312524
PF3D7_1328600	3073.0	43472.0	8978.0	9.463126545468493	55.16898818074354	2.4822034085318596
PF3D7_1328800	37856.0	49621.0	52094.0	77.0482261322455	62.97249637736187	-0.2889621958559793
PF3D7_1328900	63573.0	55194.0	106027.0	141.91836542034713	70.04502055686325	-1.013519041189889
PF3D7_1329000	30654.0	80039.0	47600.0	66.04966174721952	101.57505164240274	0.6171270589952056
PF3D7_1329100	138789.0	170912.0	218200.0	300.8612657256299	216.89920196786989	-0.47114735326048857
PF3D7_1329200	193864.0	10856.0	281228.0	404.3335614446461	13.777018211495948	-4.825562291334008
PF3D7_1329300	96422.0	44893.0	172958.0	223.4551370724056	56.97233590352686	-1.9622701667218807
PF3D7_1329400	12137.0	41687.0	20895.0	27.535382279571223	52.903699169365474	0.9296909360593926
PF3D7_1329500	26950.0	130372.0	35140.0	53.53641578563579	165.45112548536753	1.6187545242983
PF3D7_1329600	39401.0	26598.0	64865.0	87.38465758912267	33.7547098737444	-1.3593089637269478
PF3D7_1329700	155412.0	163204.0	283423.0	363.30505613406194	207.11721446103397	-0.8092395247124213
PF3D7_1329800	8097.0	738.0	7769.0	14.200702045906286	0.936573271931099	-3.35518156994111
PF3D7_1329900	3496.0	34522.0	6253.0	8.089723978583834	43.810816386999186	2.3669752296404596
PF3D7_1330000	313.0	13157.0	3263.0	2.5505868384867134	16.697147071541284	2.495010543876438
PF3D7_1330100	736.0	50163.0	5099.0	4.258679367783321	63.66033203235734	3.7530484514206446
PF3D7_1330200	2793.0	12610.0	5913.0	7.082796035956623	16.00296606917501	1.1219235200147761
PF3D7_1330300	11411.0	105807.0	23632.0	28.58190369049423	134.27643385259321	2.212374642383645
PF3D7_1330400	98258.0	30998.0	160683.0	217.1917541247521	39.33861556005448	-2.4500473431873733
PF3D7_1330500	674991.0	741774.0	1152401.0	1524.8349403390607	941.362740126584	-0.6955373384109855
PF3D7_1330600	31020.0	223715.0	44572.0	64.40852918060654	283.90987741201326	2.1314915995363006
PF3D7_1330700	7451.0	26290.0	12052.0	16.380175187309753	33.3638364757027	1.0044155503624674
PF3D7_1330800	65334.0	1592800.0	117011.0	151.28627070050692	2021.3738584442472	3.735579784753268
PF3D7_1331000	368.0	38982.0	7423.0	5.421965500870262	49.47086624175894	3.0769392362592134
PF3D7_1331100	28986.0	45061.0	39141.0	58.490510966793764	57.18553957518597	-0.03227319156773024
PF3D7_1331200	14179.0	16102.0	26822.0	33.79735175628873	20.434556672946552	-0.7122108173793216
PF3D7_1331300	11626.0	33869.0	18543.0	25.381380292686984	42.9821140203718	0.7485075227839011
PF3D7_1331400	10177.0	1143422.0	45156.0	41.75963521529526	1451.0819562845543	5.102201904569426
PF3D7_1331500	2208.0	43932.0	4943.0	5.780686157316019	55.752760138857774	3.162929800874555
PF3D7_1331600	19694.0	140546.0	43177.0	50.94432346573379	178.3626383154854	1.7977682624675557
PF3D7_1331700	12422.0	64594.0	24968.0	30.602263906371473	81.97427361398022	1.40692456973892
PF3D7_1331800	45508.0	210946.0	102144.0	119.32276587613472	267.7051292964466	1.1624347875508931
PF3D7_1332000	24758.0	21895.0	29676.0	47.42142165631684	27.78627613676343	-0.760568448628451
PF3D7_1332100	3370.0	5197.0	5656.0	7.547077669603382	6.595354057216695	-0.18159028114005935
PF3D7_1332200	1380.0	14352.0	1564.0	2.5823575739665596	18.213685093164134	2.6019875427342307
PF3D7_1332300	1840.0	17086.0	5080.0	5.466395053974889	21.68332103552135	1.8945439542552223
PF3D7_1332400	15550.0	61071.0	31364.0	38.38175049145349	77.50334185650968	1.0044427620935092
PF3D7_1332500	13301.0	127837.0	34425.0	37.963384772642605	162.2340343683684	2.080958378991214
PF3D7_1332600	27589.0	168888.0	58177.0	69.80709576922027	214.33060535216725	1.6114573319427248
PF3D7_1332700	76803.0	115372.0	125887.0	169.96287388522774	146.4150833729468	-0.21447503931586612
PF3D7_1332800	38129.0	53172.0	63922.0	85.34126085206962	67.47896208010893	-0.3365829322005195
PF3D7_1332900	32075.0	64431.0	52941.0	71.22915815216383	81.76741528969191	0.1977614183463741
PF3D7_1333000	4882.0	13615.0	13247.0	14.34732239426628	17.278380890707197	0.2599211662931994
PF3D7_1333100	1196.0	5703.0	3864.0	3.932854273365605	7.237503211142354	0.8036321672540787
PF3D7_1333200	12873.0	25948.0	28155.0	33.25407280781228	32.92981471553951	-0.013926231166467974
PF3D7_1333300	3219.0	15915.0	2632.0	5.337066409200043	20.197240681278373	1.826123055860052
PF3D7_1333400	4600.0	114677.0	9107.0	11.238491059497782	145.53308008840466	3.636976339817838
PF3D7_1333500	276.0	138499.0	6887.0	4.958121385724001	175.76485310187707	5.013196542543849
PF3D7_1333600	44443.0	91042.0	75474.0	100.12659054780994	115.53862306660042	0.20559349421833614
PF3D7_1333700	22732.0	381306.0	45621.0	55.95426494620351	483.9038049145794	3.101055715811762
PF3D7_1333800	6808.0	137660.0	16446.0	18.63795867931113	174.70010381305565	3.194494769480534
PF3D7_1333900	2024.0	10396.0	6743.0	6.793373703439328	13.193246253381712	0.908806283379684
PF3D7_1334000	36304.0	55201.0	58264.0	79.50094200976147	70.05390404318237	-0.18129107241628664
PF3D7_1334100	201507.0	66327.0	313468.0	434.5653889931415	84.1735710127019	-2.361248610395261
PF3D7_1334200	23913.0	70610.0	57337.0	65.1754905697578	89.60899557053509	0.4563160655496593
PF3D7_1334300	90415.0	1288.0	138197.0	193.32879296698002	1.6345614827198582	-6.5046993687924894
PF3D7_1334400	0.0	184.0	93.0	0.06283250250928693	0.23350878324569405	0.3821085973667116
PF3D7_1334500	4692.0	552.0	9844.0	11.838134454260887	0.7005263497370822	-3.3613852991686013
PF3D7_1334600	184.0	13862.0	828.0	0.76283736349396	17.59184105082506	3.840598469636771
PF3D7_1334700	920.0	276.0	0.0	1.0171270283467044	0.3502631748685411	-0.8353605259854645
PF3D7_1334800	92.0	888.0	535.0	0.4631684968397082	1.126933693055306	0.7562953435085205
PF3D7_1335000	276.0	0.0	184.0	0.4294518769094823	0.0	-0.8944520755383758
PF3D7_1335100	1198.0	4048.0	1196.0	2.1325157772000742	5.137193231405269	1.0985348433090474
PF3D7_1335300	36150.0	2033.0	64774.0	83.72895896544917	2.580018240970087	-4.773305534893901
PF3D7_1335400	135560.0	1104.0	275578.0	336.0569981640148	1.4010526994741643	-7.467908519506061
PF3D7_1335500	92962.0	276.0	176445.0	221.98573602248143	0.3502631748685411	-8.031587674088069
PF3D7_1335600	4005.0	16499.0	6811.0	9.029455577800938	20.93837725418862	1.1697300075231234
PF3D7_1335700	17331.0	44731.0	33129.0	41.54324206065323	56.76674664871272	0.44582372214472576
PF3D7_1335800	32388.0	39827.0	53999.0	72.29000662470455	50.54322994742531	-0.5120207719107898
PF3D7_1335900	2208.0	164242.0	5028.0	5.838113713372894	208.43450857521347	5.042853440310541
PF3D7_1336000	5276.0	13499.0	19483.0	18.996073859539308	17.13116883170448	-0.14505550261863867
PF3D7_1336100	4174.0	1728.0	6541.0	9.033880447847903	2.192952051350866	-1.8238749919937494
PF3D7_1336200	72213.0	197521.0	136636.0	172.150515649185	250.66787160583007	0.5407972891817532
PF3D7_1336300	80183.0	4088.0	147127.0	188.0498429726983	5.187956010371724	-5.050891831298845
PF3D7_1336400	50209.0	68207.0	89227.0	115.79310221068963	86.55942162412529	-0.4176931867982257
PF3D7_1336600	28702.0	42834.0	54127.0	68.30134421741494	54.359321856228576	-0.3266999636762257
PF3D7_1336700	18870.0	33866.0	30216.0	41.27664256043572	42.97830681194932	0.05759920536075725
PF3D7_1336800	46540.0	55133.0	60186.0	92.11612415816738	69.9676073189394	-0.3943031545986473
PF3D7_1336900	5256.0	11229.0	5244.0	9.35383333541492	14.250381125358142	0.5819952561139707
PF3D7_1337000	21612.0	34761.0	36754.0	48.72531582228518	44.11412399132375	-0.14189994973985898
PF3D7_1337100	28614.0	15180.0	41939.0	59.96961788575851	19.264474617769757	-1.6133008567366791
PF3D7_1337200	3738.0	7147.0	7084.0	8.918711422697566	9.070039531831387	0.022995186484903462
PF3D7_1337300	17112.0	34487.0	32838.0	41.10451667778595	43.76639895540353	0.08947185683264486
PF3D7_1337400	10553.0	16012.0	23824.0	27.76304089413312	20.32034042027203	-0.44092303990933024
PF3D7_1337500	345577.0	555993.0	569243.0	766.6515428447244	705.5937441474085	-0.11965186052333085
PF3D7_1337700	30472.0	49311.0	56777.0	72.04859668648683	62.57908484037184	-0.20178597892070751
PF3D7_1337800	3224.0	3409.0	4153.0	6.370209717749325	4.326257837416146	-0.5094491469688924
PF3D7_1337900	1285.0	18405.0	4606.0	4.532559041090773	23.35722367194021	2.2450620647721395
PF3D7_1338000	106664.0	28738.0	186255.0	243.76211089497588	36.47051854844975	-2.7239829110100633
PF3D7_1338100	81177.0	166159.0	121189.0	171.6245947571234	210.86731475718085	0.2962990419497519
PF3D7_1338200	54099.0	28239.0	62059.0	101.73858247163474	35.83725288084323	-1.492418478549242
PF3D7_1338300	37501.0	209713.0	85722.0	99.3754401807594	266.1403666348056	1.4166933447378731
PF3D7_1338400	92101.0	79393.0	161591.0	210.99820346717618	100.7552327620945	-1.0626489418280074
PF3D7_1338500	15537.0	21660.0	36518.0	41.84951479628009	27.488044810335506	-0.5975347339155553
PF3D7_1338600	8978.0	106804.0	24368.0	26.389300003281836	135.5416961183321	2.338944794467868
PF3D7_1338700	6808.0	82950.0	10795.0	14.820039628988757	105.26931288168653	2.7874291811390735
PF3D7_1338800	13644.0	1491326.0	45715.0	45.970326943524945	1892.5963026231952	5.348294198187283
PF3D7_1338900	129658.0	60523.0	196396.0	276.0350984132406	76.80789178466924	-1.8387750012236812
PF3D7_1339000	10402.0	917.0	21265.0	25.867192146276214	1.1637367078059861	-3.986244901078088
PF3D7_1339300	65861.0	168699.0	93210.0	135.7885162818609	214.09075122155076	0.6549238925610416
PF3D7_1339400	20202.0	48514.0	27779.0	41.1027837927587	61.56763646946522	0.5771611417152378
PF3D7_1339500	153.0	4895.0	1564.0	1.2258196785519873	6.212095076019958	1.9594814184379818
PF3D7_1339600	3496.0	28164.0	6491.0	8.250521135543085	35.742072670281125	2.050224620889448
PF3D7_1339700	19781.0	115109.0	29057.0	41.50077781577718	146.08131810124237	1.8032132919880266
PF3D7_1339800	14070.0	17244.0	17722.0	27.52871772526838	21.883834012438847	-0.3244485752603279
PF3D7_1339900	10304.0	32980.0	9021.0	17.486575460883923	41.853911257842334	1.2355746723000804
PF3D7_1340000	2762.0	43781.0	7912.0	8.39908427218916	55.56113064825941	2.6552720475694365
PF3D7_1340100	9253.0	54116.0	6542.0	14.649760606342403	68.67696366371727	2.190996695208328
PF3D7_1340200	114.0	17111.0	2305.0	1.6833355022875833	21.715047772375385	3.3469314995619452
PF3D7_1340300	117491.0	170389.0	209747.0	271.6037734741241	216.23547863288348	-0.3282216281796978
PF3D7_1340400	1104.0	49573.0	1421.0	2.1806060476256874	62.91158104260212	4.564115232152856
PF3D7_1340500	22159.0	275935.0	41579.0	52.58992250411957	350.18068535272056	2.7236480319520897
PF3D7_1340600	38011.0	35503.0	44016.0	71.76194524474198	45.055773541151495	-0.6656021851820804
PF3D7_1340700	75282.0	157233.0	133350.0	173.32343699167865	199.53960063081635	0.2026630129172828
PF3D7_1340800	24821.0	38115.0	30121.0	47.79172289271685	48.370583007661025	0.017190380367388854
PF3D7_1340900	129800.0	309500.0	221622.0	293.2352371599876	392.7770022529473	0.4210294788614345
PF3D7_1341200	23065.0	62076.0	41789.0	53.7334513568455	78.77875667804186	0.5477513522479479
PF3D7_1341300	51186.0	180691.0	90630.0	117.82113937597126	229.30943235569404	0.9577301634549545
PF3D7_1341500	14921.0	25671.0	24264.0	32.88945518794881	32.5782824711968	-0.01350822612250644
PF3D7_1341600	368.0	26991.0	1253.0	1.2534005494476768	34.25345417708982	4.30892886544541
PF3D7_1341700	4820.0	31125.0	16155.0	16.243474912590248	39.499787383272974	1.2563933579900926
PF3D7_1341800	11166.0	485186.0	25064.0	29.27852375553578	615.7347418904636	4.371135880030928
PF3D7_1341900	26318.0	123998.0	48145.0	61.624109816777775	157.3620766570629	1.3454394535468206
PF3D7_1342000	200808.0	293437.0	383218.0	480.9169704481346	372.39193928949305	-0.3685293881314459
PF3D7_1342100	20832.0	79609.0	28747.0	42.45329321334664	101.02935176851335	1.2410562140099564
PF3D7_1342200	23726.0	16452.0	46488.0	57.638965437740836	20.878730988903033	-1.4433291801841965
PF3D7_1342300	3220.0	11620.0	9862.0	10.222892338424087	14.746587289755244	0.5077922505684594
PF3D7_1342400	50232.0	93026.0	65172.0	99.56653202230262	118.0564569033366	0.24461470298698962
PF3D7_1342500	276.0	10676.0	2771.0	2.177276435958141	13.5485857061469	2.3915868854056286
PF3D7_1342600	14235.0	360122.0	25466.0	32.94312541259125	457.0198371739447	3.7740527119522786
PF3D7_1342700	4264.0	18025.0	13544.0	13.864737005748738	22.874977271758887	0.7024333824374456
PF3D7_1342800	7728.0	769689.0	31322.0	29.705583635917534	976.7888144977989	5.015897811576375
PF3D7_1342900	130326.0	116055.0	225826.0	296.65706784345866	147.28185782379904	-1.0077565252057412
PF3D7_1343000	5102.0	47717.0	15636.0	16.20460055713544	60.5561880985586	1.8698920358893325
PF3D7_1343100	6258.0	61101.0	23188.0	22.58491223078693	77.54141394073451	1.7572896694333908
PF3D7_1343200	31802.0	49913.0	63185.0	77.8483706945438	63.34306466381699	-0.2953733661960082
PF3D7_1343300	414965.0	173925.0	628639.0	883.4940571751351	220.72290829351812	-1.9985358821537287
PF3D7_1343400	189714.0	18587.0	289445.0	405.29698971345033	23.588194316237583	-4.074360006559618
PF3D7_1343500	7721.0	58218.0	19725.0	21.86269912484182	73.88268664672727	1.7338725293849688
PF3D7_1343600	14999.0	21607.0	33967.0	39.53121429925584	27.42078412820495	-0.5197859200159994
PF3D7_1343700	37263.0	41851.0	69989.0	88.48281102384323	53.11182656312794	-0.7309753861130206
PF3D7_1343800	245459.0	337143.0	411245.0	549.2174583592316	427.85788972719035	-0.3598736372776346
PF3D7_1343900	24657.0	10582.0	43319.0	56.52721935405181	13.42929317557573	-2.033528636589274
PF3D7_1344000	22416.0	13788.0	38499.0	50.793150344163976	17.497929909737117	-1.5109352022346136
PF3D7_1344100	66614.0	67613.0	80460.0	128.00687923457426	85.80559435647343	-0.5743196083798352
PF3D7_1344200	5522.0	69749.0	16007.0	16.919595548763443	88.51632675328214	2.3533588418240043
PF3D7_1344300	84441.0	120622.0	101649.0	162.0316028520246	153.07769811229406	-0.0817515355315911
PF3D7_1344400	3504.0	162558.0	15452.0	14.313581363406017	206.29739558072572	3.803225639400715
PF3D7_1344500	1012.0	48667.0	4784.0	4.350997709723619	61.76180409901191	3.681993977453478
PF3D7_1344600	6149.0	170293.0	20624.0	20.732119451387007	216.113647963364	3.350803846756011
PF3D7_1344700	36669.0	26250.0	53287.0	76.54192379082278	33.31307369673624	-1.1880625617966463
PF3D7_1344800	15169.0	100805.0	22353.0	31.872530672639805	127.92854834283797	1.9881238788226725
PF3D7_1344900	372403.0	54097.0	536286.0	774.0432877748692	68.6528513437082	-3.485485227181684
PF3D7_1345000	15269.0	239599.0	33217.0	39.32300524070486	304.06777693959265	2.9350893105861724
PF3D7_1345100	17174.0	90128.0	26753.0	37.06192479954795	114.37869356721691	1.6127683490815612
PF3D7_1345200	5429.0	13253.0	4370.0	8.95460703973239	16.818977741060777	0.8732643749414158
PF3D7_1345300	8943.0	50188.0	21322.0	24.2926715915346	63.69205876921137	1.3724810911473906
PF3D7_1345400	1486753.0	308960.0	2526872.0	3350.9147432248847	392.09170473690017	-3.0936686387078987
PF3D7_1345500	9571.0	15965.0	20256.0	24.266762230883046	20.260694154986442	-0.2545505943066213
PF3D7_1345600	13804.0	19412.0	20907.0	29.386479651699794	24.63517663242072	-0.24978514369658597
PF3D7_1345700	26599.0	72870.0	43909.0	59.07285664301425	92.4770925821398	0.6422201721297767
PF3D7_1345800	108729.0	48830.0	207822.0	260.61617886186707	61.968662423300216	-2.063487305962674
PF3D7_1345900	41393.0	74296.0	92998.0	108.59412853827723	94.28678565229393	-0.20281560741252982
PF3D7_1346000	736.0	34973.0	2559.0	2.5426088691425814	44.38316671984597	3.882793677717565
PF3D7_1346100	29734.0	249283.0	49618.0	66.39593246149369	316.35744572737144	2.2438435202842735
PF3D7_1346200	2944.0	4753.0	5249.0	6.801126981798133	6.031887210689042	-0.16061929221429816
PF3D7_1346300	22267.0	91762.0	40662.0	52.089782385556916	116.45235308799661	1.1530664569601643
PF3D7_1346400	189629.0	615883.0	268938.0	391.34811140816294	781.5983149549336	0.9970554316136722
PF3D7_1346500	24756.0	41679.0	50612.0	61.563955376564664	52.893546613572184	-0.21709026191962233
PF3D7_1346600	10302.0	11154.0	10019.0	18.158631385108496	14.15520091479604	-0.3484304213347156
PF3D7_1346700	178699.0	95033.0	306839.0	404.87080951886867	120.60347933797848	-1.743001890365803
PF3D7_1346800	4789.0	217977.0	18840.0	18.023237307117096	276.6279567692753	3.903144092130805
PF3D7_1346900	20846.0	87448.0	48695.0	55.94600521243199	110.97758737646441	0.9818102972117757
PF3D7_1347000	23428.0	16605.0	45107.0	56.376475845037476	21.072898618449727	-1.3986120404648166
PF3D7_1347100	42229.0	223144.0	63751.0	89.75857883493356	283.18523874226713	1.652155115563855
PF3D7_1347200	18881.0	75171.0	36149.0	45.29724727463149	95.39722144218514	1.0662281295603708
PF3D7_1347300	20797.0	28335.0	41180.0	50.814560568709645	35.95908355036272	-0.4930899526957624
PF3D7_1347400	19873.0	35284.0	46107.0	53.121782645314454	44.77784732631015	-0.24401381339636963
PF3D7_1347500	133521.0	218597.0	187372.0	274.20914676111937	277.4147798432553	0.016737613415521876
PF3D7_1347600	7878.0	27709.0	9839.0	15.357111484807044	35.164646059537695	1.1693646610210582
PF3D7_1347700	43610.0	201212.0	72265.0	97.03758921228975	255.3520070349597	1.391279331078743
PF3D7_1347800	24990.0	4140.0	33572.0	50.31012348144184	5.2539476230281155	-3.1424919765525923
PF3D7_1347900	43340.0	17864.0	53325.0	83.94287381484224	22.670657086418903	-1.865676720723589
PF3D7_1348000	19882.0	63043.0	26231.0	39.703143340009476	80.00594685955592	1.0017870520098242
PF3D7_1348100	5963.0	8833.0	6077.0	10.6982633945996	11.209690665267475	0.06442794546363231
PF3D7_1348200	21994.0	28004.0	31607.0	45.67023722980002	35.53902155441531	-0.35740330212871535
PF3D7_1348300	33930.0	49881.0	39791.0	64.39561507055886	63.30245444064383	-0.024509075472728868
PF3D7_1348400	227678.0	2237903.0	428803.0	541.4217736171486	2840.054383434176	2.3900160054000312
PF3D7_1348500	8796.0	61916.0	22358.0	24.830092947157834	78.57570556217604	1.6423821524769133
PF3D7_1348600	16850.0	10111.0	16990.0	30.107657667050788	12.831561453245719	-1.199046877646157
PF3D7_1348700	149309.0	7314.0	225152.0	317.1887906473489	9.281974134016338	-5.021344726740733
PF3D7_1348800	364917.0	8148.0	567875.0	787.1090760537809	10.34037807546693	-6.182992757334572
PF3D7_1348900	10496.0	9061.0	14776.0	21.587028803612178	11.49903850537627	-0.8802805512815869
PF3D7_1349000	4161.0	32884.0	11321.0	12.24896350602426	41.732080588322845	1.7279593637329067
PF3D7_1349100	9478.0	30052.0	16960.0	21.937106016797827	38.13807583749781	0.784136644030945
PF3D7_1349200	17940.0	50695.0	31265.0	40.95718340709252	64.33547699261119	0.645161346720468
PF3D7_1349300	42234.0	116848.0	73699.0	96.4851576127921	148.288229916809	0.6174245221755977
PF3D7_1349400	7648.0	14827.0	23351.0	24.23178428584386	18.81649309339079	-0.3565331305090185
PF3D7_1349500	277927.0	226040.0	412808.0	586.1691892901551	286.8604639394385	-1.0296856420934501
PF3D7_1349600	25529.0	10009.0	44041.0	57.97907530259755	12.702116366881258	-2.1471512794008443
PF3D7_1349700	8233.0	368981.0	21690.0	23.756342399947542	468.2625236455404	4.272423305816138
PF3D7_1349800	17415.0	20050.0	18201.0	31.550480100432324	25.44484295693568	-0.30489816453868895
PF3D7_1349900	11499.0	52830.0	27999.0	31.629619246611583	67.04494031994574	1.0719438194997708
PF3D7_1350000	30747.0	271375.0	74170.0	84.1036584279837	344.39372855054467	2.0273599407135587
PF3D7_1350100	24660.0	112712.0	27505.0	45.84630817281752	143.03935857167752	1.6309200517455722
PF3D7_1350200	459.0	8435.0	2764.0	2.3748669406247234	10.704601014551246	1.962524187228339
PF3D7_1350300	6991.0	35058.0	16743.0	19.04093714916936	44.49103762514968	1.2031379819789425
PF3D7_1350400	3403.0	14167.0	8185.0	9.29220027114971	17.97890724044428	0.91617447517165
PF3D7_1350500	7810.0	47932.0	21344.0	23.054921147412628	60.829038035503295	1.3805418196085086
PF3D7_1350600	0.0	1472.0	920.0	0.6215688420273546	1.8680702659655524	1.0781937136722273
PF3D7_1350700	3312.0	43729.0	8255.0	9.238886422630541	55.49513903560302	2.523472867372932
PF3D7_1350800	26573.0	449283.0	94925.0	93.5114552757648	570.1713405596475	2.6017516471686695
PF3D7_1350900	12945.0	32320.0	28961.0	33.878222408589465	41.016325404895824	0.27218380747268933
PF3D7_1351000	73352.0	89076.0	125377.0	165.80297661972946	113.04363248039914	-0.550567189263382
PF3D7_1351100	5240.0	4048.0	11215.0	13.370261078123384	5.137193231405269	-1.2989460175164522
PF3D7_1351200	37601.0	6717.0	65967.0	86.13915782052493	8.524339657941994	-3.2631259452357178
PF3D7_1351300	918.0	552.0	1679.0	2.1492790193328295	0.7005263497370822	-1.1419327259731944
PF3D7_1351400	71129.0	98707.0	111310.0	153.84136544058435	125.2660405860474	-0.2953823567640162
PF3D7_1351600	17287.0	3025844.0	89306.0	79.44880646209175	3840.0062539743685	5.586076192537211
PF3D7_1351700	3885.0	2852.0	1542.0	5.336953977753399	3.6193861403082574	-0.5027863261988746
PF3D7_1351800	4140.0	828.0	5444.0	8.255137688426386	1.0507895246056231	-2.4971269724996303
PF3D7_1351900	54608.0	163213.0	118054.0	140.13256613114584	207.1286360863014	0.5620747171075872
PF3D7_1352000	43902.0	76280.0	68269.0	94.66064573352446	96.80461948903012	0.032143236349609874
PF3D7_1352100	10768.0	29267.0	18808.0	24.61183763270413	37.14185630028113	0.5839701700928301
PF3D7_1352200	27244.0	32106.0	47184.0	61.998601089669904	40.744744537425284	-0.5996135973317998
PF3D7_1352300	30007.0	19598.0	39193.0	59.65443300562791	24.871223554614737	-1.2454779623201748
PF3D7_1352400	39490.0	60325.0	67387.0	89.18696294250947	76.55661602878529	-0.21897945677566646
PF3D7_1352500	63111.0	72691.0	112584.0	145.83761999651801	92.24992914626492	-0.6578826157381328
PF3D7_1352600	6713.0	1656.0	20691.0	21.400928969216764	2.1015790492112463	-3.073532616245404
PF3D7_1352700	71937.0	34243.0	119784.0	160.4598578386756	43.456746003708155	-1.8725444394240265
PF3D7_1352800	31649.0	44717.0	47198.0	66.87810818059992	56.748979676074455	-0.23502994062613924
PF3D7_1352900	9660.0	1350.0	17977.0	22.825424094516215	1.7132437901178639	-3.3976690331606494
PF3D7_1353100	24705.0	2024.0	29362.0	47.150682146644044	2.5685966157026345	-3.956845954286317
PF3D7_1353200	50115.0	3019.0	82633.0	111.23415124874074	3.831320742493208	-4.689119388275964
PF3D7_1353300	67702.0	614659.0	149698.0	175.98820281189077	780.0449739185601	2.144910009560145
PF3D7_1353400	63760.0	39392.0	88212.0	130.0889674133727	49.99118472616511	-1.370929584073791
PF3D7_1353500	6667.0	9908.0	12903.0	16.08835724637656	12.57394034999096	-0.34347700254001834
PF3D7_1353600	17296.0	13617.0	34142.0	42.18894835519842	17.28091902965552	-1.2635327285020823
PF3D7_1353700	2332.0	9797.0	6104.0	6.702170045477704	12.433073638359046	0.8445616152711708
PF3D7_1353800	5520.0	13999.0	13621.0	15.305359123617833	17.765703568785167	0.20872350931392092
PF3D7_1353900	7084.0	30824.0	11502.0	15.60283988022466	39.117797471550396	1.2988335336766814
PF3D7_1354000	30457.0	71841.0	63528.0	76.59311228116235	91.17122009322775	0.24986690368580083
PF3D7_1354100	2856.0	3312.0	3776.0	5.7086508048407385	4.2031580984224926	-0.40064996226798627
PF3D7_1354200	15812.0	390830.0	31465.0	38.739648028922616	495.9904225864924	3.6613818820374036
PF3D7_1354300	21533.0	196854.0	23094.0	39.40902949909708	249.82140226656443	2.6489945443172056
PF3D7_1354400	13638.0	14780.0	24382.0	31.550728172720994	18.756846828105207	-0.7349856429016417
PF3D7_1354500	7359.0	14167.0	13510.0	17.26351397542713	17.97890724044428	0.05696244115631236
PF3D7_1354600	4508.0	12686.0	15369.0	15.367500192288432	16.099415349211274	0.06505756895949664
PF3D7_1354700	184.0	5951.0	446.0	0.5047511703912976	7.552232440734376	3.0025505606590768
PF3D7_1354800	13878.0	41497.0	30430.0	35.90220517639996	52.66257596927481	0.5463851626678101
PF3D7_1354900	35800.0	32258.0	50602.0	73.7671458250872	40.93764309749782	-0.8417821875626559
PF3D7_1355100	1251170.0	133817.0	1437644.0	2354.5581960696964	169.82306982385347	-3.789416948139783
PF3D7_1355200	5244.0	7728.0	6778.0	10.376964943382095	9.807368896319149	-0.07759993886412546
PF3D7_1355300	3588.0	16927.0	8048.0	9.404171541678398	21.48153898912969	1.1501841893777467
PF3D7_1355500	70648.0	35801.0	150257.0	179.6228910816763	45.433956244451586	-1.97134858724455
PF3D7_1355600	108394.0	22355.0	148370.0	220.07895239370794	28.370048094877664	-2.933649719692739
PF3D7_1355700	34230.0	75441.0	58325.0	77.24919662125342	95.73987020020871	0.3078069287152391
PF3D7_1355800	8497.0	7089.0	18882.0	22.151077429372236	8.996433502330028	-1.2541219765332694
PF3D7_1355900	19219.0	78931.0	34694.0	44.68790626423082	100.16892266503193	1.1556097622394434
PF3D7_1356000	21490.0	1762033.0	75348.0	74.66524885679108	2236.142292765	4.8951249187707075
PF3D7_1356100	74725.0	2115202.0	204425.0	220.727204048532	2684.3382898851005	3.601234487964086
PF3D7_1356200	18489.0	11499.0	32216.0	42.206655915060296	14.593029883381716	-1.5005784822679789
PF3D7_1356300	38834.0	15130.0	47183.0	74.81151488281803	19.201021144061688	-1.9346000556440608
PF3D7_1356400	24105.0	19780.0	34133.0	49.710713373061964	25.10219419891211	-0.9717277627567429
PF3D7_1356500	18711.0	8584.0	34982.0	44.32085332521316	10.893692366201291	-1.9759347574074517
PF3D7_1356600	14147.0	12236.0	34226.0	38.764251366575074	15.528334085838653	-1.292591904218521
PF3D7_1356700	28006.0	6387.0	45325.0	61.58507317474745	8.105546731468738	-2.8509076914398506
PF3D7_1356800	174459.0	1391190.0	310914.0	402.93632520481594	1765.5167617585712	2.130086141621761
PF3D7_1356900	17369.0	106294.0	28880.0	38.71455164467817	134.8944706865098	1.7877078118175187
PF3D7_1357000	11868.0	350033.0	33939.0	36.05074837172291	444.2161952491306	3.604912093752206
PF3D7_1357100	16375.0	46310.0	24931.0	34.9475955323492	58.770607348413535	0.741629070489045
PF3D7_1357200	368.0	37119.0	2325.0	1.9776633740708551	47.10658981139629	4.264109193258527
PF3D7_1357300	15947.0	736.0	32320.0	39.46655401670543	0.9340351329827762	-4.800640911804806
PF3D7_1357400	82415.0	184856.0	146952.0	190.3992483856494	234.59510671557618	0.3004330884275273
PF3D7_1357500	111705.0	19780.0	154724.0	228.0323828427272	25.10219419891211	-3.1580592436967505
PF3D7_1357600	5902.0	18170.0	13429.0	15.59796924009521	23.058992345512287	0.5493991304512633
PF3D7_1357700	23652.0	49884.0	38661.0	52.26908856095197	63.306261649066315	0.2740049450961651
PF3D7_1357800	33808.0	39216.0	35796.0	61.5616400473441	49.7678284987127	-0.3040664542481909
PF3D7_1357900	8849.0	42945.0	20920.0	23.917149183752443	54.50018856786049	1.1715417961470094
PF3D7_1358000	21610.0	112074.0	49085.0	57.0541540146576	142.22969224716257	1.3102935269630636
PF3D7_1358100	217641.0	447565.0	366797.0	488.4327501364269	567.9910792030383	0.21750166594694273
PF3D7_1358200	52325.0	80227.0	99350.0	124.9717784931076	101.81363670354509	-0.2943644600426777
PF3D7_1358300	22450.0	19673.0	46786.0	56.42958872769057	24.966403765176842	-1.1605834334021463
PF3D7_1358400	19515.0	25951.0	38576.0	47.63790609590562	32.93362192396199	-0.5258737356333694
PF3D7_1358500	6000.0	7084.0	7918.0	11.982982892666108	8.99008815495922	-0.3954693232247889
PF3D7_1358600	405627.0	4116930.0	734243.0	944.5182134824779	5224.670190259213	2.4670639883222156
PF3D7_1358700	25542.0	60481.0	59942.0	68.73645444221219	76.75459086675447	0.15808882091591628
PF3D7_1358800	53526.0	117395.0	71320.0	107.36199036160504	148.9824109191753	0.4707891764014722
PF3D7_1358900	2392.0	30603.0	6068.0	6.744182157855766	38.83733311776073	2.4410044241373035
PF3D7_1359000	41580.0	68266.0	74715.0	96.44854116383671	86.63429672310082	-0.15397850312706762
PF3D7_1359100	6072.0	11409.0	10765.0	13.98606945711485	14.478813630707192	0.04825716452724249
PF3D7_1359200	29814.0	25197.0	44418.0	62.971163095977914	31.976743540444307	-0.96669429994082
PF3D7_1359300	48466.0	63402.0	80854.0	108.2091366403599	80.46154280077985	-0.42516451180629644
PF3D7_1359400	141822.0	111579.0	182806.0	280.3016338585206	141.6015028574527	-0.9826295175385316
PF3D7_1359500	2171.0	30301.0	4493.0	5.435751723662609	38.454074136563996	2.714271570731255
PF3D7_1359600	48948.0	247066.0	91847.0	116.16909480130536	313.54391870315567	1.4285438853371115
PF3D7_1359700	4784.0	184202.0	12545.0	13.764692203091085	233.76513527947463	4.037621737219093
PF3D7_1359800	4084.0	10467.0	7758.0	9.75660636980017	13.283350186047171	0.4263731310266227
PF3D7_1359900	107814.0	599023.0	221019.0	268.52071448936465	760.2018036205727	1.4996137616662506
PF3D7_1360000	8961.0	21855.0	15990.0	20.710175092426326	27.735513357796975	0.4127543310707663
PF3D7_1360100	8008.0	12240.0	12328.0	17.182449921210477	15.5334103637353	-0.14123685089741156
PF3D7_1360200	5366.0	25146.0	12373.0	14.291929257079211	31.91202099726208	1.1317187501608426
PF3D7_1360300	2677.0	13615.0	7344.0	7.921359381231543	17.278380890707197	1.0779989033434734
PF3D7_1360400	7796.0	14719.0	10749.0	15.881267169503198	18.67943359018136	0.22751315443632997
PF3D7_1360500	257267.0	309583.0	387203.0	546.0288473273797	392.88233501930273	-0.4743654730914444
PF3D7_1360700	74727.0	50700.0	151934.0	185.26553466505248	64.341822339982	-1.518486318749397
PF3D7_1360800	32657.0	103495.0	31832.0	57.61097472188378	131.34234522833208	1.181931251744238
PF3D7_1360900	122649.0	59171.0	134128.0	226.2167375468913	75.09210985560306	-1.5845833411778623
PF3D7_1361000	5612.0	4794.0	19955.0	19.68643818014953	6.083919059129658	-1.6163678702101594
PF3D7_1361100	78563.0	66954.0	116495.0	165.56327497823787	84.96927757300108	-0.9582552222476554
PF3D7_1361200	264607.0	268086.0	473231.0	612.2658437730256	340.2197590500279	-0.8467502673741737
PF3D7_1361300	10750.0	128607.0	16451.0	22.999504972738137	163.21121786347268	2.800450910704831
PF3D7_1361400	24031.0	206012.0	40600.0	53.99812457011984	261.4435405109343	2.2649773970340132
PF3D7_1361500	36056.0	4143.0	105036.0	110.82677937527609	5.2577548314506	-4.273150501429464
PF3D7_1361600	552.0	2225.0	460.0	0.9210606380217	2.8236795800090717	1.2258131884330532
PF3D7_1361700	10746.0	82512.0	22098.0	26.810299258406705	104.71346045200384	1.9458022592482946
PF3D7_1361800	41712.0	1644027.0	84180.0	102.98920405245701	2086.384480397112	4.333798562861737
PF3D7_1361900	221373.0	35381.0	360034.0	487.98954143116475	44.90094706530381	-3.4275333767901253
PF3D7_1362000	55635.0	45156.0	84523.0	118.61383201820325	57.306101175231305	-1.0430472790980099
PF3D7_1362100	461.0	67586.0	2403.0	2.133179877673439	85.77132948067107	5.034003205553697
PF3D7_1362200	92566.0	28703.0	129858.0	190.07289912383615	36.426101116854106	-2.36763012477686
PF3D7_1362300	26500.0	19691.0	47917.0	61.67128310283958	24.989247015711747	-1.286359598828198
PF3D7_1362400	111790.0	694878.0	188429.0	250.898071557881	881.8484580663119	1.8113749360243745
PF3D7_1362500	2325.0	14181.0	4991.0	5.942467860287625	17.99667421308254	1.521580550865861
PF3D7_1362600	12198.0	3701749.0	126782.0	99.14201784965779	4697.7766569074165	5.559233620502089
PF3D7_1362700	1132679.0	1290992.0	1867313.0	2513.8500048405895	1638.3585385865492	-0.6174941604373048
PF3D7_1362800	20772.0	55286.0	42134.0	51.43146111173729	70.16177494848608	0.4443211718662162
PF3D7_1362900	21244.0	1382419.0	74388.0	73.7446843597046	1754.3857534007016	4.562945562937561
PF3D7_1363000	13615.0	25030.0	21903.0	29.850442215071226	31.764808938259357	0.08824394520026393
PF3D7_1363100	24518.0	20769.0	42818.0	56.03505995536062	26.357303908857716	-1.0738313397194763
PF3D7_1363200	23802.0	7765.0	44324.0	56.260950959487744	9.85432446686312	-2.454665327336558
PF3D7_1363300	7636.0	10856.0	15946.0	19.215563851547426	13.777018211495948	-0.46564027051224927
PF3D7_1363400	48214.0	36999.0	93763.0	116.65208899969441	46.95430147449692	-1.3037719091242055
PF3D7_1363500	27269.0	24938.0	41130.0	57.93604718322976	31.648054546636512	-0.862127157665788
PF3D7_1363600	3041.0	7452.0	9845.0	10.013509285827864	9.457105721450608	-0.07844595091597777
PF3D7_1363700	19136.0	50688.0	25854.0	38.623677887193224	64.32659350629206	0.7285437648447792
PF3D7_1363800	27852.0	60246.0	65681.0	75.16770120294684	76.45635954032655	0.02436293681425599
PF3D7_1364000	16123.0	20391.0	28194.0	36.87353370668821	25.877595647624712	-0.5027039114515934
PF3D7_1364100	3315.0	76476.0	9807.0	10.290762752969123	97.05335710596574	3.1763946748008633
PF3D7_1364200	32508.0	31826.0	56123.0	73.8576886506477	40.3894050846601	-0.862754853227506
PF3D7_1364300	24200.0	28708.0	51612.0	61.62487517468051	36.43244646422492	-0.750282215789594
PF3D7_1364400	49323.0	42232.0	78114.0	107.30541841877096	53.59534203278343	-0.9948534124356023
PF3D7_1364500	20320.0	13246.0	22120.0	37.409917393097956	16.81009425474165	-1.1309617325271375
PF3D7_1364600	22650.0	61013.0	24863.0	41.83912316454236	77.42973582700832	0.880182534070838
PF3D7_1364800	5462.0	13494.0	7901.0	11.376699184443293	17.12482348433367	0.5694748759640669
PF3D7_1364900	3366.0	7369.0	6708.0	8.253405836667937	9.351772955095214	0.17053891962770878
PF3D7_1365000	60255.0	106286.0	89068.0	126.7922638203512	134.8843181307165	0.08891589578798864
PF3D7_1365100	36577.0	31238.0	46894.0	72.12098325420455	39.643192233853206	-0.8552311176190778
PF3D7_1365200	11257.0	17720.0	23020.0	27.998167066922342	22.487911082139664	-0.30999375769733706
PF3D7_1365300	14214.0	15276.0	17726.0	27.690622689887984	19.38630528728925	-0.5034400851557824
PF3D7_1365400	10953.0	5740.0	20463.0	25.93451690857306	7.284458781686325	-1.7637543178499528
PF3D7_1365500	8738.0	24020.0	7417.0	14.671556603272167	30.483048769356362	1.0301100002052215
PF3D7_1365600	45493.0	60705.0	112439.0	126.26167274922864	77.03886242896661	-0.7091271281790011
PF3D7_1365700	57860.0	33174.0	104984.0	134.8975577951523	42.10011073582964	-1.668272631093116
PF3D7_1365800	59909.0	9926.0	80195.0	120.41497437783308	12.596783600525864	-3.2067084689325087
PF3D7_1365900	224570.0	400853.0	309966.0	457.6972004822505	508.7103059260119	0.1522929742782356
PF3D7_1366000	5794.0	1102.0	5531.0	10.142533986406635	1.3985145605258416	-2.4868987285406363
PF3D7_1366100	16076.0	27204.0	13710.0	27.03591623032245	34.5237659750862	0.3470196062005699
PF3D7_1366200	9284.0	27345.0	27415.0	28.786214277555143	34.70270477094295	0.2654645680842024
PF3D7_1366300	174568.0	257066.0	307632.0	400.8394533641159	326.2346134447695	-0.29670368774467076
PF3D7_1366400	29759.0	286326.0	73259.0	82.39586416809951	363.3675862587315	2.1340415101400216
PF3D7_1366500	17575.0	218652.0	23664.0	35.4182745662268	277.4845786643342	2.952214897923391
PF3D7_1366600	97011.0	219644.0	182970.0	230.87060997031222	278.7434955827023	0.27131805977528795
PF3D7_1366700	13390.0	44830.0	29303.0	34.60126379074994	56.892384526654695	0.7093363419824038
PF3D7_1366800	19184.0	64961.0	38069.0	46.92942299885058	82.44002211099745	0.8062861143891067
PF3D7_1366900	204915.0	118727.0	322000.0	444.0975566809491	150.67281145875825	-1.5563013268227066
PF3D7_1367000	9753.0	25324.0	30351.0	31.288343295475705	32.137915363662806	0.0380510831047708
PF3D7_1367100	128307.0	123954.0	225051.0	293.901312057803	157.30623760019978	-0.899629869243944
PF3D7_1367200	191239.0	11478.0	392918.0	476.89124135402125	14.566379424424326	-4.985767425542475
PF3D7_1367300	94229.0	6714.0	119912.0	185.1917671078976	8.520532449519509	-4.363553449574955
PF3D7_1367400	19506.0	23556.0	32761.0	43.699235487596724	29.894200533345483	-0.54022534389794
PF3D7_1367500	1840.0	338837.0	13433.0	11.109834768599338	430.0076934164197	5.2126196746327995
PF3D7_1367600	10580.0	34569.0	8007.0	17.10663660654474	43.870462652284765	1.3334802586183696
PF3D7_1367700	7637.0	85078.0	15669.0	19.029523153489567	107.96989272270194	2.4735660299097164
PF3D7_1367800	4200.0	552.0	4140.0	7.440465788097182	0.7005263497370822	-2.7255565695202417
PF3D7_1367900	920.0	25579.0	2024.0	2.3845784808068844	32.46152807957395	3.5143507061856694
PF3D7_1368000	8505.0	3865.0	9939.0	16.11786749673761	4.904953517633736	-1.6203811427955808
PF3D7_1368100	7452.0	30291.0	16661.0	19.49520553506239	38.44138344182238	0.961650027531766
PF3D7_1368200	14259.0	27697.0	19209.0	28.742315417064255	35.149417225847756	0.28582094366886746
PF3D7_1368300	11934.0	75181.0	20091.0	26.767753871153428	95.40991213692676	1.8144840572724665
PF3D7_1368400	9160.0	120576.0	28676.0	29.501077927861125	153.01932091648263	2.3553339927097867
PF3D7_1368500	16007.0	32455.0	19891.0	31.135628455991096	41.18764978390761	0.3980697839926712
PF3D7_1368600	5611.0	63171.0	7834.0	11.496163113582234	80.16838775224858	2.7494303783618297
PF3D7_1368700	20607.0	69284.0	39912.0	49.74781771319165	87.92620944779709	0.8154131057801188
PF3D7_1368800	54094.0	65238.0	82023.0	115.22109847934385	82.79155435534015	-0.4744098022852993
PF3D7_1368900	31648.0	236209.0	54468.0	71.78874769637224	299.76563142218555	2.054396349531437
PF3D7_1369000	32088.0	28607.0	59915.0	75.95529266919348	36.304270447334616	-1.0547432028047798
PF3D7_1369100	27411.0	106905.0	44528.0	60.38878953457126	135.6698721352224	1.1611590017555273
PF3D7_1369200	29355.0	203917.0	50068.0	66.28094858667728	258.78483996256625	1.9570293648602166
PF3D7_1369300	27326.0	314273.0	65386.0	74.38686247978549	398.83427085311956	2.414812337590357
PF3D7_1369400	22183.0	37587.0	41757.0	52.73671631125129	47.700514325303814	-0.14337304639467408
PF3D7_1369500	35348.0	32201.0	66022.0	83.68546118079274	40.86530613747062	-1.0251498422121257
PF3D7_1369600	53211.0	63207.0	92383.0	121.24428330257564	80.21407425331839	-0.5929618640551166
PF3D7_1369700	3498.0	7632.0	5645.0	7.681159193914336	9.685538226799657	0.3161450383885114
PF3D7_1370300	8925.0	33670.0	14847.0	19.89814274518964	42.72956919501369	1.083580658587957
PF3D7_1371500	2388.0	918.0	5242.0	6.181699145216656	1.1650057772801474	-2.0046878411498597
PF3D7_1371700	4354.0	1167.0	5786.0	8.722791740643288	1.4810040763463312	-2.218971671910733
PF3D7_1371800	3387.0	1471.0	4601.0	6.853095094758855	1.8668011964913909	-1.635413113340404
PF3D7_1371900	4493.0	0.0	7526.0	10.052042221151755	0.0	-4.399450337156212
PF3D7_1372000	5613.0	185.0	10071.0	13.009732411051674	0.2347778527198554	-4.200547146917341
PF3D7_1372100	80903.0	24291.0	117546.0	168.86039030356613	30.826966596854096	-2.434619514433086
PF3D7_1372200	9208.0	16248.0	24898.0	27.00165946284079	20.61984081617411	-0.3809197132493744
PF3D7_1372300	347.0	12570.0	3232.0	2.5672321481181704	15.952203290208555	2.4232715351832037
PF3D7_1372400	92.0	92.0	736.0	0.5989677764565542	0.11675439162284702	-0.8333810962759887
PF3D7_1372600	92.0	92.0	16.0	0.112522595739494	0.11675439162284702	0.009933017725315912
PF3D7_1372700	157.0	0.0	92.0	0.2357318227358144	0.0	-0.5572518989580934
PF3D7_1372800	184.0	92.0	0.0	0.2034254056693409	0.11675439162284702	-0.18970135850538622
PF3D7_1373000	92.0	113.0	92.0	0.1638695870374059	0.14340485058023603	-0.04517304873071801
PF3D7_1373100	0.0	92.0	92.0	0.06215688420273546	0.11675439162284702	0.13372327587666683
PF3D7_1373200	0.0	0.0	0.0	0.0	0.0	0.0
PF3D7_1373300	184.0	92.0	92.0	0.2655822898720763	0.11675439162284702	-0.3118613731835839
PF3D7_1373400	276.0	92.0	0.0	0.30513810850401135	0.11675439162284702	-0.38454019227852343
PF3D7_1373500	19780.0	13800.0	31295.0	43.01170601298247	17.513158743427052	-1.272352392474371
PF3D7_1400200	187.0	0.0	184.0	0.3310558926455076	0.0	-0.7330174137939944
PF3D7_1400300	9.0	276.0	0.0	0.009950155712087327	0.3502631748685411	0.7375532157512847
PF3D7_1400400	105.0	0.0	184.0	0.24039891837982308	0.0	-0.5663746927452127
PF3D7_1400500	264.0	92.0	0.0	0.29187123422122824	0.11675439162284702	-0.36056977014323044
PF3D7_1400600	0.0	92.0	0.0	0.0	0.11675439162284702	0.302767988438921
PF3D7_1400700	184.0	92.0	92.0	0.2655822898720763	0.11675439162284702	-0.3118613731835839
PF3D7_1400800	92.0	0.0	92.0	0.1638695870374059	0.0	-0.40897176624319825
PF3D7_1401000	0.0	0.0	0.0	0.0	0.0	0.0
PF3D7_1401100	276.0	368.0	276.0	0.49160876111221774	0.4670175664913881	-0.03622892063711587
PF3D7_1401200	276.0	368.0	276.0	0.49160876111221774	0.4670175664913881	-0.03622892063711587
PF3D7_1401300	8924.0	9861.0	15343.0	20.232143852382272	12.514294084705375	-0.6717722493067013
PF3D7_1401400	2869.0	736.0	2486.0	4.85147563652902	0.9340351329827762	-1.899856391047352
PF3D7_1401500	11682.0	2758.0	16927.0	24.351493189286124	3.5000936097370876	-2.6352268706936854
PF3D7_1401600	109202.0	131131.0	151829.0	223.30921898444353	166.414349216256	-0.4231614789916103
PF3D7_1401700	0.0	460.0	644.0	0.43509818941914824	0.5837719581142351	0.21287145654915365
PF3D7_1401800	80035.0	102514.0	154227.0	192.68310816639274	130.09738807417978	-0.5648429076468993
PF3D7_1401900	138744.0	152209.0	302408.0	357.70398130515593	193.16379559262958	-0.8872270973847214
PF3D7_1402000	21282.0	25572.0	36949.0	48.49222234928619	32.452644593254824	-0.5721584831399142
PF3D7_1402100	9195.0	15742.0	28969.0	29.737729141672155	19.977691662248453	-0.5622966995851286
PF3D7_1402200	22049.0	334345.0	32929.0	46.62421113819049	424.3070333384868	3.1722672794869236
PF3D7_1402300	28987.0	40224.0	35513.0	56.04047332348192	51.04705052866738	-0.13339408024198182
PF3D7_1402400	16465.0	30724.0	32318.0	40.0378895199658	38.99089052413426	-0.03775108019316864
PF3D7_1402500	30995.0	34401.0	50130.0	68.13597640699717	43.657258980625656	-0.6363143603480871
PF3D7_1402700	49769.0	54731.0	72857.0	104.24677847540664	69.45744139032652	-0.5823564435125359
PF3D7_1402800	73384.0	104922.0	147364.0	180.69317465729745	133.15330736796037	-0.43903307293822413
PF3D7_1402900	10304.0	10955.0	7156.0	16.226547319165427	13.902656089437924	-0.21580478294948943
PF3D7_1403000	258879.0	149556.0	453307.0	592.4721033089788	189.79695427767945	-1.6397117626906204
PF3D7_1403100	434667.0	437913.0	696670.0	951.2390426147545	555.7420206384327	-0.7748533196409694
PF3D7_1403200	1622.0	173433.0	13578.0	10.966784540245408	220.09852611223073	4.265890352189307
PF3D7_1403300	149375.0	5004.0	226965.0	318.4866544456821	6.350423648703549	-5.541159045508503
PF3D7_1403400	120283.0	25786.0	288782.0	328.0880257488806	32.724225460725364	-3.3059724350292448
PF3D7_1403500	58661.0	15840.0	119420.0	145.53634752690513	20.10206047071627	-2.825466953730889
PF3D7_1403600	43339.0	9109.0	54018.0	84.4099717284255	11.559953840136016	-2.8157096068706475
PF3D7_1403700	5741.0	50885.0	19629.0	19.60880551075367	64.57660019270186	1.6943114958065648
PF3D7_1403800	473131.0	120017.0	702889.0	997.9654672309456	152.30991108042642	-2.7079744137093216
PF3D7_1403900	19913.0	38736.0	31093.0	43.02227230502659	49.15867515111524	0.19029189031824806
PF3D7_1404000	20760.0	106877.0	49655.0	56.49951952102813	135.63433818994588	1.2560093513809985
PF3D7_1404100	22131.0	67438.0	33006.0	46.76689072206064	85.58350719849518	0.8649068916595508
PF3D7_1404200	240592.0	193345.0	352754.0	504.3190448962041	245.36823748173214	-1.0378809664893711
PF3D7_1404300	11353.0	56092.0	18079.0	24.76607200851378	71.18464494466016	1.5044627295892279
PF3D7_1404400	4695.0	15642.0	7544.0	10.287529067763195	19.850784714832315	0.9157199782211081
PF3D7_1404500	14924.0	34358.0	35134.0	40.236742898734015	43.60268899323672	0.11453598688113147
PF3D7_1404600	65730.0	22463.0	112754.0	148.84797042084915	28.507107598087092	-2.3641992805693652
PF3D7_1404700	51656.0	276.0	65067.0	101.06992784833832	0.3502631748685411	-6.900348150663203
PF3D7_1404800	15665.0	13253.0	30786.0	38.118383988810066	16.818977741060777	-1.1569340180670609
PF3D7_1404900	97536.0	79123.0	180611.0	229.85725213502906	100.41258400407092	-1.190766925095072
PF3D7_1405000	3416.0	17310.0	9271.0	10.04029419920429	21.9675925977335	1.0919304122059623
PF3D7_1405100	57865.0	22360.0	103873.0	134.1524737208581	28.37639344224847	-2.221278262886757
PF3D7_1405200	7084.0	4422.0	12684.0	16.401420718568502	5.611825214741625	-1.4674693322284826
PF3D7_1405300	24218.0	10391.0	35542.0	50.78758929982253	13.186900906010907	-1.9058139436796502
PF3D7_1405400	29413.0	15421.0	55083.0	69.73329761973304	19.57032036104265	-1.8070915296306918
PF3D7_1405500	11638.0	18495.0	13112.0	21.725364144088715	23.471439924614735	0.10910951528094096
PF3D7_1405600	155532.0	44522.0	359872.0	415.08806879444325	56.50151112861299	-2.8660821649882293
PF3D7_1405700	55689.0	57227.0	90288.0	122.56847248974502	72.62503879783333	-0.7510238313992207
PF3D7_1405800	172296.0	120578.0	277190.0	377.7604193452024	153.02185905543095	-1.3009357357392817
PF3D7_1405900	67460.0	217714.0	117571.0	154.01506484594216	276.2941914975708	0.8410661641882797
PF3D7_1406000	7641.0	11016.0	4779.0	11.676462086571625	13.98006932736177	0.24997349567622554
PF3D7_1406100	48159.0	63993.0	61363.0	94.70124936029728	81.21156286000924	-0.2204402606012826
PF3D7_1406200	491284.0	527695.0	811676.0	1091.5334200170407	669.6816161675897	-0.7043929909575757
PF3D7_1406300	4326.0	3093.0	3347.0	7.044002650971087	3.92523188358115	-0.7695771281149043
PF3D7_1406400	27885.0	17846.0	49665.0	64.3834823094961	22.647813835883998	-1.48697530483674
PF3D7_1406500	230000.0	3679.0	446881.0	556.2027415367047	4.6689065954397195	-6.750904245342516
PF3D7_1406600	49503.0	37124.0	71588.0	103.0953364644578	47.112935158767094	-1.1215335854191781
PF3D7_1406700	3869.0	30931.0	14371.0	13.986772066791861	39.25358790528566	1.456348904400918
PF3D7_1406800	82431.0	567994.0	126876.0	176.85322442903242	720.8238469068192	2.024021560073466
PF3D7_1406900	6990.0	15819.0	13171.0	16.6265229853106	20.07541001175888	0.26468889369373705
PF3D7_1407000	13984.0	238804.0	27458.0	34.011458292160235	303.05886670763437	3.1368289720614717
PF3D7_1407100	53277.0	86748.0	86910.0	117.61959211937474	110.08923874455145	-0.09503727365979013
PF3D7_1407200	6535.0	15435.0	8238.0	12.790662229203328	19.58808733368091	0.595927214835223
PF3D7_1407300	129502.0	97620.0	229915.0	298.5086790648632	123.88656206763397	-1.265356726586897
PF3D7_1407400	13431.0	34128.0	19836.0	28.250513769759994	43.3108030141796	0.6076989211058952
PF3D7_1407500	10193.0	29581.0	16916.0	22.697863403992052	37.5403441151678	0.7135383622292348
PF3D7_1407600	10826.0	21717.0	23363.0	27.753402244746205	27.560381770362703	-0.00988996838276748
PF3D7_1407700	6600.0	3041.0	5614.0	11.089702028510672	3.8592402709247584	-1.4106948461953983
PF3D7_1407800	45629.0	9012.0	63782.0	93.53847071589186	11.436854101142362	-2.977828406053575
PF3D7_1407900	15366.0	893.0	14527.0	26.802939658377	1.1332790404261128	-4.063213095048821
PF3D7_1408000	9536.0	4940.0	16640.0	21.78503138440147	6.26920320235722	-1.719017062328963
PF3D7_1408100	20723.0	12421.0	34503.0	46.22164474445497	15.76311193855851	-1.5224877195568784
PF3D7_1408200	302364.0	157694.0	487310.0	663.5209882688838	200.12464165840476	-1.7267300273692772
PF3D7_1408300	2471.0	92.0	7435.0	7.755092638606618	0.11675439162284702	-3.7425164167066933
PF3D7_1408400	272274.0	25765.0	489407.0	631.6710725936437	32.69757500176797	-4.251165255382414
PF3D7_1408500	28994.0	22818.0	47374.0	64.06172106748723	28.957627261414384	-1.1320378085135703
PF3D7_1408600	61016.0	168112.0	101357.0	135.93627813366206	213.345807440218	0.6483436175951988
PF3D7_1408700	474708.0	550869.0	720922.0	1011.8923805483173	699.0910321618056	-0.5331848535781323
PF3D7_1408800	111503.0	14037.0	225745.0	275.7921448752258	17.8139282088033	-3.915181368807159
PF3D7_1408900	2392.0	5704.0	7444.0	7.673832947670593	7.238772280616515	-0.07890805082501598
PF3D7_1409000	5797.0	21368.0	6031.0	10.483659858253066	27.11747652388038	1.330222649117268
PF3D7_1409100	55227.0	859780.0	126915.0	146.80356954391866	1091.120552494472	2.8896071662153613
PF3D7_1409200	11066.0	23910.0	33925.0	35.154620284198515	30.343451127198612	-0.20912483968700019
PF3D7_1409300	35322.0	47930.0	55029.0	76.22964424259304	60.82649989655497	-0.32327345183779443
PF3D7_1409400	21934.0	222066.0	49587.0	57.75152001018158	281.81718184912114	2.2769493330779658
PF3D7_1409500	34508.0	89044.0	62351.0	80.27658517764746	113.00302225722598	0.4907216501752517
PF3D7_1409600	12939.0	6289.0	15746.0	24.943293050370364	7.9811779230009225	-1.584948851468533
PF3D7_1409700	15094.0	19430.0	34420.0	39.94229881352902	24.658019882955625	-0.6848466287580965
PF3D7_1409800	58521.0	166014.0	102911.0	134.22778470408105	210.68329968342744	0.648448345019178
PF3D7_1409900	103331.0	139353.0	178008.0	234.50541238880288	176.84863843281087	-0.40610572951045076
PF3D7_1410000	7128.0	73967.0	8099.0	13.352355988733539	93.86926179529485	2.7681856490349896
PF3D7_1410100	8295.0	17789.0	24223.0	25.536229087570135	22.5754768758568	-0.17416005058725512
PF3D7_1410200	58547.0	19692.0	61017.0	105.95217626369305	24.990516085185906	-2.0621729561348925
PF3D7_1410300	427531.0	199560.0	699982.0	945.5873225392246	253.25550426364512	-1.8985342320119558
PF3D7_1410400	13347.0	4142.0	15074.0	24.9403512739824	5.256485761976439	-2.1438583467499637
PF3D7_1410500	11059.0	6442.0	18311.0	24.59777703570554	8.175345552547615	-1.5325664584781413
PF3D7_1410600	66313.0	103060.0	73658.0	123.07854608348467	130.7903000070719	0.08733202576827523
PF3D7_1410700	15422.0	13802.0	35924.0	41.32105664364518	17.515696882375376	-1.214975054164802
PF3D7_1410800	27091.0	18220.0	47559.0	62.08280530752123	23.122445819220356	-1.4056079834690602
PF3D7_1410900	67250.0	118232.0	108207.0	147.45640472344547	150.04462206904836	0.025019022208773525
PF3D7_1411000	12583.0	95266.0	28012.0	32.836843261474826	120.89917252545808	1.864569184047316
PF3D7_1411100	27540.0	22639.0	58542.0	69.99952338112351	28.730463825539495	-1.2701407822247175
PF3D7_1411200	75372.0	109040.0	131018.0	171.84739665792148	138.37933546255695	-0.31148755705349357
PF3D7_1411300	25592.0	27021.0	50343.0	62.306472960469534	34.291526261314665	-0.8521772842132452
PF3D7_1411400	23847.0	20207.0	41934.0	54.69597398539016	25.64408686437902	-1.078078358140655
PF3D7_1411500	48491.0	32024.0	82967.0	109.66435744352563	40.64068084054406	-1.4210199556538101
PF3D7_1411600	7543.0	4048.0	14077.0	17.850014960911153	5.137193231405269	-1.7027323132474739
PF3D7_1411700	18032.0	13067.0	23819.0	36.02824219934493	16.58293081886676	-1.0964568194783435
PF3D7_1411800	21717.0	80192.0	32339.0	45.85854614883479	101.76921927194944	1.1414647639691986
PF3D7_1411900	7826.0	26333.0	11598.0	16.488034297472357	33.418406463091635	0.997549465060253
PF3D7_1412000	276.0	276.0	1037.0	1.0057542923978882	0.3502631748685411	-0.8245050107164118
PF3D7_1412100	19412.0	12234.0	44168.0	51.3020896618809	15.52579594689033	-1.6926142840557428
PF3D7_1412200	55209.0	27339.0	87951.0	120.4588775360229	34.695090354097985	-1.7810705620445229
PF3D7_1412300	20355.0	42259.0	36485.0	47.15386941670131	53.629606908585785	0.18382454779770124
PF3D7_1412400	343698.0	255969.0	534947.0	741.4031660051228	324.8424442316144	-1.1892718481314348
PF3D7_1412500	294039.0	891700.0	467686.0	641.0587605874371	1131.6292501097032	0.8193853601690508
PF3D7_1412600	19860.0	5022.0	31846.0	43.472417528444225	6.373266899238454	-2.677530964069993
PF3D7_1412700	40653.0	42088.0	64883.0	88.78099593547763	53.41259602850419	-0.7277307399423822
PF3D7_1412800	56991.0	46082.0	92867.0	125.75034796202323	58.481259508304746	-1.0979588284197872
PF3D7_1412900	153587.0	102894.0	224746.0	321.64413029670123	130.5796344743611	-1.2972627530998244
PF3D7_1413000	557526.0	9231.0	1100368.0	1359.8143773586748	11.714780315983704	-6.799168379013464
PF3D7_1413100	77676.0	16525.0	101553.0	154.4875431176767	20.971373060516814	-2.851665908455985
PF3D7_1413200	5465097.0	1150815.0	9529900.0	12480.637803122801	1460.4641869070292	-3.094756740455523
PF3D7_1413300	13490.0	16316.0	23587.0	30.849986836191583	20.706137540417085	-0.5639829631311328
PF3D7_1413400	24103.0	192773.0	44069.0	56.4214457212436	244.64232974251183	2.106575412069116
PF3D7_1413500	1196.0	6808.0	3128.0	3.4355991997437214	8.63982498009068	1.2155832346368864
PF3D7_1413600	5431.0	1012.0	12084.0	14.168537802184245	1.2842983078513173	-3.0392963291464596
PF3D7_1413700	10859.0	6992.0	6438.0	16.355046310640187	8.873333763336374	-0.846546431378927
PF3D7_1413800	3866.0	7909.0	9768.0	10.873584283164739	10.037070471142359	-0.11021315536700743
PF3D7_1413900	14569.0	84942.0	20129.0	29.706611844730173	107.79729927421599	1.8420609884628756
PF3D7_1414000	17202.0	34092.0	31375.0	40.21558865242202	43.26511651310979	0.1042001507903987
PF3D7_1414100	27424.0	18963.0	51285.0	64.96831487907924	24.065364438522263	-1.4141712028776372
PF3D7_1414200	23094.0	42699.0	35070.0	49.226033567976216	54.18799747721679	0.13722287742855083
PF3D7_1414300	50418.0	193350.0	80963.0	110.44085725244005	245.37458282910293	1.14813182622638
PF3D7_1414400	48430.0	60992.0	107671.0	126.28739214430239	77.40308536805092	-0.7026589169078173
PF3D7_1414500	191251.0	1259043.0	353239.0	450.09664944264813	1597.813037956567	1.826641504199362
PF3D7_1414600	30588.0	50410.0	43027.0	62.88709142280433	63.9737921924752	0.024523771740738998
PF3D7_1414700	22346.0	163844.0	42847.0	53.65334864106687	207.92941892449724	1.9444364656630677
PF3D7_1414800	4304.0	14348.0	8726.0	10.653830919059686	18.20860881526749	0.7461629763532135
PF3D7_1414900	32258.0	15884.0	43760.0	65.22862631252721	20.15789952757937	-1.6698282639129538
PF3D7_1415000	81999.0	42680.0	147844.0	190.54198160662352	54.16388515720772	-1.8052298002281373
PF3D7_1415100	9383.0	31842.0	21533.0	24.92167911125234	40.409710196246685	0.686383993204938
PF3D7_1415200	5613.0	8191.0	7182.0	11.05787112342447	10.39494806285587	-0.08521636925794751
PF3D7_1415300	17572.0	142528.0	39103.0	45.84582888250428	180.87793401327326	1.9684875443908096
PF3D7_1415400	213148.0	156590.0	326760.0	456.41568115098016	198.7235889589306	-1.197539477044806
PF3D7_1415500	16382.0	14803.0	23779.0	34.17702225320019	18.78603542601092	-0.8464234151114525
PF3D7_1415600	48871.0	28095.0	91804.0	116.05491410414245	35.65450687656399	-1.688762427509591
PF3D7_1415700	134325.0	90894.0	195626.0	280.6745808403417	115.35080078442454	-1.2791981592177184
PF3D7_1415800	26194.0	21326.0	35014.0	52.61547479919497	27.064175605965605	-0.9463377870511374
PF3D7_1415900	147855.0	74510.0	198248.0	297.4044527939576	94.55836651976448	-1.6479641720535452
PF3D7_1416000	28568.0	460.0	44789.0	61.84427370801287	0.5837719581142351	-5.8461239262365225
PF3D7_1416100	21066.0	49225.0	47543.0	55.41091895180239	62.46994486559396	0.17153334687945182
PF3D7_1416200	38460.0	84936.0	83304.0	98.8020394852837	107.78968485737103	0.12500057192715747
PF3D7_1416300	1748.0	6864.0	4514.0	4.982282389632085	8.710892870643717	0.7485643701552769
PF3D7_1416400	9441.0	97510.0	22191.0	25.43035918266333	123.74696442547622	2.2604965092160003
PF3D7_1416500	4048.0	13996.0	2944.0	6.4643792192130345	17.761896360362684	1.39076991931167
PF3D7_1416600	18877.0	91913.0	29542.0	40.82901483181831	116.64398257859497	1.5030559687053682
PF3D7_1416700	2117.0	133670.0	7374.0	7.322507130564876	169.63651661115176	4.44291794288534
PF3D7_1416800	5634.0	99134.0	14352.0	15.925271411393396	125.80793325151431	2.942956140967683
PF3D7_1416900	17572.0	16653.0	37918.0	45.045221189240785	21.133813953209472	-1.0740116588976782
PF3D7_1417000	3404.0	15551.0	2576.0	5.5037627625594	19.73529939268363	1.7529353192510704
PF3D7_1417100	3217.0	15742.0	3767.0	6.101682041422166	19.977691662248453	1.6331475369729558
PF3D7_1417200	184888.0	422493.0	303211.0	409.26205671404534	536.1729693468642	0.3892568262278621
PF3D7_1417300	29823.0	72013.0	60325.0	73.72817365400428	91.38950004278351	0.30793314567861946
PF3D7_1417500	130552.0	39259.0	175621.0	262.9875102287011	49.82239848610164	-2.3884619859300713
PF3D7_1417600	254485.0	255394.0	377540.0	536.424643943281	324.11272928397165	-0.7260000492232186
PF3D7_1417700	23337.0	11761.0	47117.0	57.63386151122816	14.925526085611997	-1.9140590488680396
PF3D7_1417800	1534495.0	196364.0	2110351.0	3122.2877898958113	249.19955822422534	-3.6445693599356046
PF3D7_1417900	31518.0	25251.0	48921.0	67.89736847853439	32.045273292049025	-1.0714927909023435
PF3D7_1418000	53290.0	45586.0	80510.0	113.31000740458501	57.851801049120695	-0.9637783295172894
PF3D7_1418100	4969.0	1104.0	5231.0	9.027750887499856	1.4010526994741643	-2.3253371672141574
PF3D7_1418200	459.0	1284.0	552.0	0.8803992465328664	1.6294852048232127	0.6254191149914043
PF3D7_1418300	1287.0	8188.0	3404.0	3.7226769823296997	10.391140854433385	1.366925289109313
PF3D7_1418900	51346.0	43785.0	94124.0	120.3586413961659	55.56620692615605	-1.1081172546438018
PF3D7_1419000	384965.0	305835.0	662529.0	873.2235758772068	388.12586263014583	-1.1687950056453391
PF3D7_1419100	47454.0	42150.0	83739.0	109.03945572357952	53.491278335902194	-1.0206523364983175
PF3D7_1419200	9713.0	9011.0	16165.0	21.659799084460573	11.4355850316682	-0.8926755180753344
PF3D7_1419300	2776.0	7743.0	10496.0	10.160359996314746	9.82640493843157	-0.045918080188968674
PF3D7_1419400	72847.0	54282.0	106612.0	152.5666848045573	68.88762919642807	-1.1414099329162262
PF3D7_1419500	19048.0	28279.0	40261.0	48.26002041827321	35.88801565980968	-0.42223535095516096
PF3D7_1419600	13014.0	74567.0	26913.0	32.57084064389805	94.63070347979168	1.5243513281867465
PF3D7_1419700	97839.0	146731.0	197773.0	241.78720208770568	186.21183301317353	-0.37590483942521463
PF3D7_1419800	2114.0	91080.0	10675.0	9.549406441920592	115.58684770661854	3.5300223307174665
PF3D7_1419900	16075.0	19512.0	39989.0	44.789384135331694	24.762083579836858	-0.8421992857119105
PF3D7_1420000	54001.0	147476.0	95011.0	123.8932107691428	187.15728977142376	0.5931925874560584
PF3D7_1420100	17115.0	71449.0	24853.0	35.71302121854315	90.67374485935649	1.3321098893445145
PF3D7_1420200	16196.0	39569.0	29257.0	37.67242278510602	50.21581002309167	0.4099048029702061
PF3D7_1420300	2576.0	10592.0	6856.0	7.479994789087668	13.441983870317344	0.8049761541765319
PF3D7_1420400	13331.0	127252.0	18023.0	26.915060494292312	161.49162872598401	2.5628786983807825
PF3D7_1420500	36984.0	15639.0	41437.0	68.88410230811088	19.846977506409832	-1.769790640331603
PF3D7_1420600	21741.0	1064.0	45423.0	54.72486982031982	1.350289920507709	-4.899494864424251
PF3D7_1420700	105246.0	26684.0	173350.0	233.47555433784694	33.86384984852228	-2.767394226986755
PF3D7_1420800	28945.0	3271.0	54307.0	68.69160971682055	4.151126249981876	-3.8949450990411587
PF3D7_1420900	14628.0	93098.0	18215.0	28.478707204547675	118.14782990547621	2.033620573505173
PF3D7_1421000	92.0	55885.0	5695.0	3.949358958645306	70.92194756350875	4.004698074583792
PF3D7_1421100	7176.0	18315.0	12490.0	16.372063469932186	23.243007419265687	0.49286625876769063
PF3D7_1421200	28739.0	78433.0	53316.0	67.79432396650694	99.53692606689957	0.5506950479246506
PF3D7_1421300	438235.0	127997.0	776763.0	1009.2960235947958	162.43708548423425	-2.631676988796717
PF3D7_1421400	107150.0	70126.0	175000.0	236.6953352631918	88.99476594504098	-1.406200423112048
PF3D7_1421500	2068.0	728.0	2485.0	3.9652361598466968	0.9238825771894851	-1.6489063024083466
PF3D7_1421600	7784.0	33074.0	14248.0	18.231988749844017	41.97320378841351	1.18104885976528
PF3D7_1421800	64824.0	1727453.0	156569.0	177.4485375140518	2192.2578703484996	3.623214533823771
PF3D7_1421900	21365.0	40459.0	21865.0	38.39295836038636	51.3452818550953	0.41470372718418463
PF3D7_1422000	407.0	7557.0	618.0	0.8675002662065368	9.590358016237554	2.8833643446752024
PF3D7_1422100	32789.0	32023.0	60179.0	76.90866247480898	40.639411771069895	-0.9119738555426427
PF3D7_1422200	17486.0	386535.0	29246.0	39.09117996913314	490.53976919496927	3.6325889018311317
PF3D7_1422300	10130.0	84175.0	24602.0	27.82101461816206	106.82392298753422	1.9220268382698165
PF3D7_1422400	51791.0	62489.0	73748.0	107.08422270319295	79.30288237087052	-0.4309537605615184
PF3D7_1422500	11960.0	96907.0	21088.0	27.47009021706461	122.98171553255692	2.1423406192564616
PF3D7_1422600	44561.0	10396.0	82909.0	105.28027025413417	13.193246253381712	-2.9495341548907756
PF3D7_1422700	119625.0	159529.0	200563.0	267.75818742337697	202.4533841434909	-0.4024738072579056
PF3D7_1422800	18506.0	11223.0	35066.0	44.15096282729927	14.242766708513175	-1.5986839912055346
PF3D7_1422900	1125.0	70652.0	7639.0	6.404817707757614	89.66229648844987	3.7068490304035207
PF3D7_1423000	39974.0	43616.0	96410.0	109.33053031629176	55.35173418502278	-0.975605163635301
PF3D7_1423100	45280.0	113047.0	67536.0	95.68889691162849	143.4644968455216	0.5817707934358083
PF3D7_1423200	36525.0	24189.0	56780.0	78.74265604421367	30.697521510489636	-1.3448458184666032
PF3D7_1423300	36072.0	72647.0	75298.0	90.75293134075878	92.19409008940183	0.022606455986786754
PF3D7_1423400	12792.0	182884.0	22809.0	29.55266593957932	232.09250171252992	2.9522397064948342
PF3D7_1423500	14536.0	54630.0	34514.0	39.38889728019545	69.32926537343623	0.8078445541925374
PF3D7_1423600	15001.0	561027.0	31553.0	37.902482852954385	711.9822398803369	4.2135825581177935
PF3D7_1423700	351707.0	275988.0	616059.0	805.0584510970266	350.2479460348511	-1.1995546187718065
PF3D7_1423800	27634.0	42013.0	32390.0	52.43467727673788	53.317415817942084	0.023859982632795557
PF3D7_1424100	100543.0	163418.0	123006.0	194.26271716682552	207.3887953285045	0.09409446960196187
PF3D7_1424400	70372.0	134394.0	110078.0	152.1720850342407	170.5553229104446	0.16402669859058894
PF3D7_1425200	184.0	7662.0	1493.0	1.2121235373506893	9.7236103110245	2.578046044366367
PF3D7_1425300	23822.0	159547.0	48790.0	59.3003737736846	202.47622739402578	1.763084361723258
PF3D7_1425400	56853.0	307562.0	75177.0	113.64609106487568	390.31754561202257	1.7756137827424605
PF3D7_1425500	47768.0	17082.0	61707.0	94.50138307070364	21.678244757624704	-2.098803325483265
PF3D7_1425600	318510.0	30543.0	526223.0	707.661902779206	38.76118894931105	-4.172903464860408
PF3D7_1425700	8554.0	49328.0	23741.0	25.49692443374906	62.600659021432584	1.2793141174449283
PF3D7_1425800	155063.0	107979.0	232997.0	328.8504824808398	137.03285275047173	-1.2598473843129299
PF3D7_1425900	62330.0	18124.0	79892.0	122.88685391749948	23.000615149700863	-2.392418266482842
PF3D7_1426000	16295.0	32188.0	29790.0	38.14197905533092	40.84880823430652	0.09767676434813151
PF3D7_1426100	20147.0	61467.0	34787.0	45.776710377941995	78.00589336827758	0.7625146471148578
PF3D7_1426200	6323.0	28519.0	16183.0	17.924068229092274	36.19259233360842	0.9938971757425324
PF3D7_1426300	333091.0	67965.0	458167.0	677.8023811349774	86.25230681137823	-2.9669545316056656
PF3D7_1426400	15319.0	5392.0	30101.0	37.273057240335405	6.842822604678164	-2.362950904580913
PF3D7_1426500	33983.0	417726.0	49660.0	71.12188749933097	530.1233151635369	2.8892156232481723
PF3D7_1426600	13967.0	76216.0	19364.0	28.524208980365344	96.72339904268378	1.7440468245764726
PF3D7_1426700	323826.0	316416.0	511589.0	703.6521297884046	401.5538867362474	-0.8084982753111418
PF3D7_1426800	131573.0	63022.0	214271.0	290.228947663809	79.97929640059853	-1.8529851293062103
PF3D7_1426900	29584.0	93403.0	33770.0	55.522897610731164	118.53489609509543	1.0872960645119252
PF3D7_1427000	37214.0	121069.0	62924.0	83.65539461806904	153.6449721672442	0.8731601722268266
PF3D7_1427100	34497.0	677433.0	60820.0	79.23005224889127	859.7095410895665	3.4314926135028876
PF3D7_1427200	6393.0	28532.0	14721.0	17.013704364896924	36.20909023677251	1.0676530966204398
PF3D7_1427300	39829.0	188613.0	67789.0	89.83335070023178	239.3630007300005	1.4088800084431292
PF3D7_1427400	11439.0	25945.0	24332.0	29.085792545073417	32.92600750711702	0.17606650327950593
PF3D7_1427500	4692.0	7082.0	6441.0	9.539005357066227	8.987550016010898	-0.0815088460742675
PF3D7_1427600	6910.0	4138.0	12422.0	16.03203904515166	5.251409484079793	-1.5232772138663169
PF3D7_1427700	1161.0	4046.0	1106.0	2.0308039339051938	5.1346550924569465	1.1547315595925505
PF3D7_1427800	26421.0	14322.0	40765.0	56.75192071868847	18.175613008939294	-1.616168495480762
PF3D7_1427900	258156.0	39284.0	398678.0	554.7644216648408	49.85412522295568	-3.4629930789435486
PF3D7_1428000	77005.0	34599.0	197809.0	218.77801944611628	43.90853473650961	-2.303852327330708
PF3D7_1428100	16680.0	13177.0	19464.0	31.59118997178637	16.722528461024513	-0.8978803249591882
PF3D7_1428200	7450.0	163326.0	17523.0	20.075377369595962	207.27204093688167	3.336010733294743
PF3D7_1428300	13150.0	26126.0	28050.0	33.489376566985285	33.15570908194023	-0.01423264751705242
PF3D7_1428400	154737.0	92842.0	254989.0	343.34826352717084	117.8229481200909	-1.5390421558269543
PF3D7_1428500	73963.0	61455.0	132686.0	171.4165758378792	77.99066453458765	-1.1311156740611052
PF3D7_1428600	7270.0	98207.0	12248.0	16.3124876882952	124.63150584896671	2.8958399634433287
PF3D7_1428700	9068.0	79359.0	15201.0	20.295408544245362	100.71208439997301	2.2830446201024275
PF3D7_1428800	11465.0	78043.0	24810.0	29.437482989884383	99.04198897197664	1.7333522830058827
PF3D7_1428900	18309.0	149651.0	28193.0	39.28964035356198	189.91751587772478	2.2587014293746703
PF3D7_1429000	2392.0	30976.0	4726.0	5.8375023904636905	39.310696031622925	2.651169803652625
PF3D7_1429100	68731.0	130006.0	110310.0	150.51458342319006	164.98664605782446	0.13202692666561797
PF3D7_1429200	225202.0	57599.0	362069.0	493.5976631540617	73.09713264222137	-2.7470747677165486
PF3D7_1429300	5210.0	531120.0	18213.0	18.06507080166363	674.0281791165925	5.183215992193106
PF3D7_1429400	30734.0	51188.0	45011.0	64.38893178010964	64.96112824337276	0.01266605174099944
PF3D7_1429500	6431.0	5795.0	4856.0	10.390741539328793	7.354257602765201	-0.47155536782367224
PF3D7_1429600	30265.0	331300.0	73593.0	83.18094054807838	420.4427167896654	2.3306529479270894
PF3D7_1429700	22610.0	687311.0	73815.0	74.8677675925741	872.2454093553326	3.5335412976933918
PF3D7_1429800	67253.0	95855.0	113160.0	150.80605891436562	121.64665444573914	-0.3088554108979147
PF3D7_1429900	230704.0	357732.0	314357.0	467.44542437053394	453.986761130699	-0.04210201033090471
PF3D7_1430000	56056.0	236654.0	102057.0	130.9255695780311	300.3303673381874	1.194704219957923
PF3D7_1430100	1840.0	51937.0	7914.0	7.381097334741761	65.91166127951962	3.0749681635693884
PF3D7_1430200	9660.0	260332.0	26207.0	28.385762757434833	330.3793943473805	3.517874953912954
PF3D7_1430300	205075.0	273166.0	296856.0	427.2867016381226	346.6666319787677	-0.30126334556506573
PF3D7_1430400	6077.0	183158.0	15412.0	17.131195591944035	232.44022674845016	3.723757588010552
PF3D7_1430500	15640.0	18985.0	16978.0	28.761807090524876	24.093283966953813	-0.25075447484571434
PF3D7_1430600	14939.0	21399.0	27526.0	35.11322241534389	27.156817677579383	-0.3647778191417614
PF3D7_1430700	1147.0	71854.0	2760.0	3.1327985929447486	91.18771799639184	4.657575202733591
PF3D7_1430800	109335.0	165038.0	183543.0	244.88281914838444	209.44468787664593	-0.22502495518952653
PF3D7_1430900	18033.0	145311.0	46915.0	51.63342818031463	184.4097543598644	1.826540695163075
PF3D7_1431000	21221.0	34895.0	24747.0	40.180887828474305	44.284179300861375	0.13863800287611833
PF3D7_1431100	343492.0	282968.0	618130.0	797.3753755904727	359.10605096449757	-1.1497461250345213
PF3D7_1431200	66285.0	110313.0	110071.0	147.6488794399503	139.99486090316438	-0.07653035443232398
PF3D7_1431300	13708.0	118487.0	16559.0	26.342756260551727	150.3682347849595	2.49068435660098
PF3D7_1431400	11320.0	44875.0	12013.0	20.6312874566949	56.94949265299196	1.4429134838236335
PF3D7_1431500	58488.0	1202222.0	108006.0	137.63357607168317	1525.7032413652435	3.4658111530880094
PF3D7_1431600	10950.0	89961.0	20332.0	25.842694191844117	114.16675896503196	2.1219724159771016
PF3D7_1431700	21807.0	77934.0	58536.0	63.65722048268458	98.90366039929305	0.6316873374677106
PF3D7_1431800	5478.0	9847.0	13236.0	14.998812015605775	12.496527112067115	-0.25403147444802376
PF3D7_1431900	7187.0	49329.0	10766.0	15.219458810863332	62.601928090906746	2.0051325383085166
PF3D7_1432000	53248.0	59516.0	83885.0	115.54378512920647	75.52993882418873	-0.610029724052366
PF3D7_1432100	7838.0	10404.0	10078.0	15.4743613457969	13.203398809175004	-0.22122448894688276
PF3D7_1432200	22626.0	53050.0	34060.0	48.02625098133069	67.32413560426124	0.48303335062170505
PF3D7_1432300	31202.0	38906.0	60341.0	75.26356851657226	49.37441696172267	-0.6032043081976306
PF3D7_1432400	146795.0	53767.0	247433.0	329.46283197337925	68.23405841723495	-2.263206472793913
PF3D7_1432500	109491.0	98177.0	201432.0	257.14142439995993	124.59343376474187	-1.0423585096611543
PF3D7_1432600	63810.0	21055.0	101881.0	139.3792726884697	26.720257778467868	-2.361429565298988
PF3D7_1432700	143261.0	60808.0	219077.0	306.39790479652606	77.16957658480523	-1.982337290254454
PF3D7_1432800	7263.0	55010.0	11764.0	15.977749417925994	69.81151177361755	2.0932417061025017
PF3D7_1432900	7908.0	14673.0	8291.0	14.344421531972321	18.621056394369937	0.3652413566535221
PF3D7_1433000	4322.0	11404.0	6624.0	9.253581550112667	14.472468283336385	0.6183080921566831
PF3D7_1433100	32948.0	44868.0	55403.0	73.85769552696603	56.94060916667283	-0.3724110100971111
PF3D7_1433200	182723.0	87728.0	303377.0	406.98064411774743	111.3329268292296	-1.8653865093755857
PF3D7_1433300	10373.0	25236.0	30396.0	32.00420129054765	32.0262372499366	0.00097773200556435
PF3D7_1433400	695555.0	615650.0	1022196.0	1459.601058963789	781.302621767454	-0.9011918989786809
PF3D7_1433500	330653.0	27933.0	442246.0	664.3504754512526	35.44891762174984	-4.20900967704498
PF3D7_1433600	15818.0	7003.0	20496.0	31.335424261500904	8.88729352755215	-1.7618518145537974
PF3D7_1433700	69655.0	41217.0	86494.0	135.44560715413448	52.307236516509626	-1.3642219838763125
PF3D7_1433800	214494.0	60353.0	337217.0	464.9687228479744	76.59214997406181	-2.594028361100527
PF3D7_1433900	114033.0	31149.0	172573.0	242.6652676072244	39.530245050652844	-2.602774824330747
PF3D7_1434000	34506.0	11953.0	42318.0	66.73971249678802	15.169187424650984	-2.1013831896903676
PF3D7_1434100	4783.0	3590.0	13215.0	14.216250895623672	4.555959412239356	-1.5413533908294852
PF3D7_1434200	74154.0	114989.0	144338.0	179.50004476148462	145.929029764343	-0.2977956669867662
PF3D7_1434300	58978.0	49981.0	104797.0	136.0072476258398	63.42936138805997	-1.0944269632189676
PF3D7_1434400	3588.0	28412.0	4141.0	6.764530817981795	36.05680189987315	2.3311983355052885
PF3D7_1434500	384453.0	240170.0	581251.0	817.7446178545842	304.7924156093388	-1.4223404586610826
PF3D7_1434600	97094.0	124781.0	180450.0	229.25981438492505	158.35575805533125	-0.5324091043070113
PF3D7_1434700	36524.0	33574.0	71682.0	88.80961447558681	42.60773852549419	-1.050868615307047
PF3D7_1434800	18213.0	16654.0	22355.0	35.23924568565222	21.135083022683634	-0.7241365281226134
PF3D7_1434900	2459.0	42711.0	3117.0	4.8245059166345765	54.20322631090673	3.3609063605256178
PF3D7_1435000	3956.0	12422.0	10154.0	11.23387450661448	15.76438100803267	0.47103644951439083
PF3D7_1435100	49753.0	1300.0	101609.0	123.6544668596642	1.649790316409795	-5.851796406985589
PF3D7_1435200	35676.0	1126857.0	87077.0	98.27323252229672	1430.059820445071	3.856315891171699
PF3D7_1435300	29158.0	948102.0	55508.0	69.73851432150826	1203.2073065913532	4.099078489416866
PF3D7_1435400	5226.0	8523.0	6381.0	10.088844164256987	10.816279128277447	0.09585454879854817
PF3D7_1435500	18501.0	123208.0	47072.0	52.25690835147176	156.35951177247537	1.5720410874417743
PF3D7_1435600	258135.0	2104614.0	545789.0	654.1320893299396	2670.90138229268	2.0288405309568924
PF3D7_1435700	171020.0	138023.0	214590.0	334.05600238967764	175.16077603217624	-0.9294556459740368
PF3D7_1435800	11229.0	8923.0	12873.0	21.11171207035139	11.323906917941999	-0.870106549167101
PF3D7_1435900	4723.0	9387.0	10499.0	12.314937203615958	11.91275515395288	-0.04600303529115395
PF3D7_1436000	97886.0	14009.0	160434.0	216.61225206365447	17.77839426352678	-3.570229900386491
PF3D7_1436100	127363.0	103891.0	243497.0	305.3201065635392	131.84489674009998	-1.2083806966451212
PF3D7_1436200	9551.0	22359.0	16280.0	21.558392386896422	28.37512437277431	0.3884995092983657
PF3D7_1436300	151614.0	124268.0	246402.0	334.09402509671895	157.70472541508644	-1.0806189908563129
PF3D7_1436400	8432.0	3783.0	14443.0	19.08014553089184	4.800889820752503	-1.8850850283701484
PF3D7_1436500	12485.0	7506.0	26933.0	31.999504968729724	9.525635473055322	-1.696724058692885
PF3D7_1436600	70967.0	74647.0	83803.0	135.0780298794554	94.73222903772458	-0.5096016054460301
PF3D7_1436700	6370.0	14417.0	11470.0	14.791841074589417	18.296174608984625	0.2976769632892262
PF3D7_1436800	1247.0	7819.0	3411.0	3.6831833961996168	9.922854218467835	1.3170772485536892
PF3D7_1436900	2339.0	1419.0	3529.0	4.970191916105953	1.8008095838349991	-1.2494498590591834
PF3D7_1437000	18772.0	46785.0	44133.0	50.570876392736494	59.373415348640194	0.2294147516103001
PF3D7_1437100	21057.0	65199.0	50947.0	57.70077351159151	82.74206064584786	0.5162743519781721
PF3D7_1437200	1143125.0	517479.0	1387021.0	2200.9047512135326	656.7168024195571	-1.7439831542949797
PF3D7_1437300	2208.0	5835.0	4142.0	5.2395158937682895	7.405020381731656	0.46184012610958536
PF3D7_1437400	7268.0	5396.0	11104.0	15.537369199886516	6.84789888257481	-1.1260338206171847
PF3D7_1437500	7815.0	51929.0	11951.0	16.71436625825914	65.90150872372634	1.947602952246156
PF3D7_1437600	33357.0	13432.0	72763.0	86.03860862717112	17.046141176935667	-2.3021901435142
PF3D7_1437700	50842.0	26409.0	84208.0	113.1020015485246	33.5148557431279	-1.7397513780738134
PF3D7_1437800	8250.0	7086.0	22650.0	24.423730712804232	8.992626293907543	-1.3926408412659572
PF3D7_1437900	173174.0	698865.0	221923.0	341.3917153653791	886.9082380597932	1.376058481994266
PF3D7_1438000	45087.0	99499.0	99431.0	117.02436723770626	126.2711436095832	0.10926647520355953
PF3D7_1438100	64961.0	26508.0	113798.0	148.70313040593388	33.64049362106988	-2.1277219819874116
PF3D7_1438400	27329.0	141183.0	71596.0	78.58576888204084	179.17103557052621	1.183867836567952
PF3D7_1438500	19056.0	23920.0	34313.0	44.25028731376024	30.356141821940223	-0.5363392630006293
PF3D7_1438600	5524.0	11132.0	10771.0	13.38426924137373	14.127281386364489	0.07521040931574738
PF3D7_1438700	42511.0	14345.0	55190.0	84.2863820581918	18.204801606845006	-2.1804239013488598
PF3D7_1438800	731122.0	335939.0	945426.0	1447.0557513711447	426.3299300803001	-1.761885664263505
PF3D7_1438900	24008.0	124377.0	25404.0	43.70600060805499	157.84305398777005	1.840739460017702
PF3D7_1439000	1196.0	104706.0	3956.0	3.9950111575683405	132.8791883615415	4.891065068100154
PF3D7_1439100	21438.0	36617.0	38701.0	49.84837498804055	46.469516935367274	-0.1002204594097296
PF3D7_1439200	47952.0	26860.0	89564.0	113.52550764197736	34.087206075974684	-1.721046209197322
PF3D7_1439300	76110.0	79005.0	123422.0	167.53131276974767	100.26283380611987	-0.7377665040077264
PF3D7_1439400	33074.0	107181.0	48229.0	69.15011197573499	136.02013531009095	0.9709161721115459
PF3D7_1439500	80773.0	22544.0	162299.0	198.95261190526736	28.609902225494164	-2.7764641173215323
PF3D7_1439600	11615.0	39112.0	40840.0	40.43348037243928	49.63584527339992	0.2925611086191502
PF3D7_1439700	18860.0	3711.0	29021.0	40.45822295553772	4.709516818612884	-2.9749316486209243
PF3D7_1439800	50376.0	47010.0	92975.0	118.50995029074662	59.6589559803265	-0.9842307654095198
PF3D7_1439900	87765.0	22268.0	117968.0	176.731942172969	28.259639050625623	-2.6235211671036076
PF3D7_1440000	125437.0	45191.0	211838.0	281.80137327403946	57.35051860682695	-2.286834349202819
PF3D7_1440100	160931.0	4875.0	239804.0	339.93691781781655	6.186713686536731	-5.669946339739443
PF3D7_1440200	15733.0	4600.0	28737.0	36.80922103295521	5.837719581142351	-2.5574965061769017
PF3D7_1440300	3163.0	460.0	7932.0	8.855931353936525	0.5837719581142351	-3.109820052494372
PF3D7_1440400	4347.0	35384.0	11956.0	12.883617682067582	44.90475427372629	1.7623752292891426
PF3D7_1440500	77321.0	64277.0	116689.0	164.3212234414408	81.57197859067107	-1.0059403858696816
PF3D7_1440600	248670.0	14529.0	392719.0	540.2509480555605	18.4383103900907	-4.835584760104348
PF3D7_1440700	140972.0	18756.0	143388.0	252.73037452251083	23.802667057370854	-3.3812639098953676
PF3D7_1440800	17343.0	52379.0	34574.0	42.53277738790288	66.47258998709896	0.6381348049415819
PF3D7_1440900	12957.0	19763.0	18923.0	27.109632721708568	25.080620017851366	-0.11012046415112257
PF3D7_1441000	20009.0	22728.0	37602.0	47.52600685663239	28.84341100873986	-0.7107792739967493
PF3D7_1441100	228628.0	458376.0	397436.0	521.2799484096022	581.710989288197	0.1581005671325953
PF3D7_1441200	23460.0	26779.0	34694.0	49.37664075033775	33.98441144856761	-0.5324199569927656
PF3D7_1441300	28529.0	978562.0	75762.0	82.72708217541258	1241.8631627743089	3.8998900888279016
PF3D7_1441400	89638.0	32950.0	140175.0	193.8061358675286	41.81583917361749	-2.1990617771679717
PF3D7_1441500	43312.0	14161.0	68793.0	94.36238174058725	17.97129282359931	-2.3605512456129816
PF3D7_1441600	3404.0	47084.0	5794.0	7.677902473042037	59.75286712141445	2.881227130373751
PF3D7_1441700	11446.0	121994.0	15800.0	23.329156163574545	154.81886143084347	2.704433267753744
PF3D7_1441800	160948.0	157598.0	337306.0	405.8298486817655	200.00281098888527	-1.019028884771689
PF3D7_1441900	50165.0	20295.0	76929.0	107.43570307101608	25.75576497810522	-2.039466024549362
PF3D7_1442000	22472.0	20836.0	40354.0	52.10833438280328	26.442331563626528	-0.9654166683941998
PF3D7_1442100	24179.0	10693.0	53196.0	62.67183754226318	13.570159887207643	-2.1666428151089923
PF3D7_1442200	3863.0	72090.0	11775.0	12.226233505842847	91.48721839229393	2.8536279148046058
PF3D7_1442300	4690.0	45914.0	15737.0	15.817341989054917	58.26805583664563	1.8486261030562898
PF3D7_1442400	28593.0	143987.0	58530.0	71.15558417975912	182.7295063760747	1.3545008022220761
PF3D7_1442500	3845.0	7911.0	4357.0	7.194596596419851	10.039608610090681	0.45390369560822563
PF3D7_1442600	1648941.0	99816.0	2744845.0	3677.491942873497	126.67343863289237	-4.854049032551692
PF3D7_1442700	101454.0	142773.0	183719.0	236.2887082851197	181.1888560344428	-0.3821303510274198
PF3D7_1442800	3589.0	3965.0	3558.0	6.371750918119185	5.031860465049874	-0.31291297714698824
PF3D7_1442900	152807.0	153545.0	200125.0	304.14738514271653	194.85927241010918	-0.6410106251109157
PF3D7_1443000	8657.0	43575.0	17652.0	21.4969585694177	55.299702336582165	1.3429533640957938
PF3D7_1443100	77652.0	71486.0	138528.0	179.4419962538518	90.72070042990046	-0.9800987802521122
PF3D7_1443200	15175.0	18975.0	19793.0	30.149581245009426	24.080593272212198	-0.3183476262646734
PF3D7_1443300	1803.0	4387.0	578.0	2.383855242174912	5.567407783145977	1.0730815274575334
PF3D7_1443400	21891.0	10398.0	18398.0	36.63212101430106	13.195784392330037	-1.4389358301415827
PF3D7_1443500	30172.0	191511.0	54198.0	69.974505216821	243.04076406612018	1.7889899229202222
PF3D7_1443600	26578.0	21990.0	37893.0	54.98511988080571	27.90683773680876	-0.9658626793221721
PF3D7_1443700	13718.0	4224.0	7433.0	20.18811932353198	5.360549458857672	-1.8196946646394776
PF3D7_1443800	18620.0	58114.0	20693.0	34.5663362129214	73.75070342141447	1.082317990121193
PF3D7_1443900	5800.0	80111.0	19340.0	19.47878061871731	101.66642464454236	2.354380717855735
PF3D7_1444000	14079.0	6123.0	36793.0	40.423384605223596	7.770512390290134	-2.306876851578733
PF3D7_1444100	1936630.0	33918.0	2991564.0	4162.240965475869	43.04429842460571	-6.5789061480725435
PF3D7_1444200	100187.0	736.0	199462.0	245.52420647546901	0.9340351329827762	-7.422576090371774
PF3D7_1444300	9481.0	184118.0	15990.0	21.285072978013595	233.65853344364507	3.4260737638853187
PF3D7_1444400	16078.0	16011.0	33385.0	40.330917557436464	20.319071350797866	-0.9717562706952638
PF3D7_1444500	97514.0	89812.0	160736.0	216.40501568946675	113.97766761338193	-0.9219972303556796
PF3D7_1444600	16027.0	4409.0	50584.0	51.89449259611341	5.5953273115775275	-3.1036395730457116
PF3D7_1444700	20099.0	6624.0	43831.0	51.833934845262384	8.406316196844985	-2.5548459981797462
PF3D7_1444800	1665698.0	253766.0	2379414.0	3449.1261538551357	322.04668418003695	-3.4188601302990196
PF3D7_1444900	2116.0	26215.0	2482.0	4.016276802058175	33.26865626514059	2.9024789556952375
PF3D7_1445000	17764.0	71369.0	40222.0	46.814115756059905	90.57221930142357	0.9447403776481181
PF3D7_1445100	4892.0	10809.0	14915.0	15.485309458163123	13.717371946210363	-0.1690918631864243
PF3D7_1445200	42058.0	81233.0	66732.0	91.58354404823383	103.09032059455143	0.16987393982182394
PF3D7_1445300	368.0	8977.0	2132.0	1.847269040906421	11.392436669546713	2.3409892263089875
PF3D7_1445400	118037.0	340925.0	218630.0	278.2089336710875	432.6575104784687	0.6361324852691149
PF3D7_1445500	15363.0	68985.0	33259.0	39.45530505812849	87.54675767502285	1.1398828083042223
PF3D7_1445600	42868.0	31381.0	68250.0	93.50464665166683	39.82466916865829	-1.2210693737172484
PF3D7_1445700	34595.0	92460.0	88139.0	97.79561490554701	117.33816358096125	0.26160788972260285
PF3D7_1445800	5980.0	9476.0	10117.0	13.446556091634825	12.025702337153243	-0.15501741250516612
PF3D7_1445900	203146.0	225329.0	274183.0	409.83575773272366	285.9581555433097	-0.5184804676496557
PF3D7_1446100	2557.0	203851.0	15745.0	13.464560031742632	258.7010813772716	4.214229711294235
PF3D7_1446200	13341.0	77394.0	16749.0	26.065378500314722	98.21836288324589	1.8937712011460919
PF3D7_1446300	61257.0	44359.0	111157.0	142.82378059637904	56.294652804324684	-1.3354509925612743
PF3D7_1446400	16270.0	22414.0	18022.0	30.163663502410724	28.444923193853185	-0.08321974311811392
PF3D7_1446500	161031.0	108690.0	229915.0	333.3662856700189	137.93516114660045	-1.2700599955657121
PF3D7_1446600	66741.0	370110.0	75750.0	124.96512476354295	469.6953030818686	1.905973730101437
PF3D7_1446700	29350.0	54919.0	60732.0	73.48021434345769	69.69602645146887	-0.07575011341697123
PF3D7_1446800	13801.0	38633.0	22416.0	30.402670957715273	49.027960995276615	0.6805116907173093
PF3D7_1446900	5127.0	310340.0	28477.0	24.90785455298536	393.8430206112429	3.9561046449306763
PF3D7_1447000	66529.0	155693.0	105925.0	145.11752571807114	197.58523364060784	0.4439373370743627
PF3D7_1447100	8013.0	55044.0	14230.0	18.47300380455587	69.85466013573904	1.8906978833239956
PF3D7_1447200	80986.0	1102888.0	172039.0	205.76862122959812	1399.6414942188967	2.762976357141865
PF3D7_1447300	2499.0	6621.0	5615.0	6.556423360676098	8.4025089884225	0.33527486706744963
PF3D7_1447400	1567.0	29431.0	2390.0	3.3471604194181124	37.349983694043594	3.298426784995773
PF3D7_1447500	0.0	1372.0	4.0	0.0027024732262058895	1.7411633185494142	2.156471093049262
PF3D7_1447600	736.0	177431.0	4403.0	3.7884490264234962	225.17226586992794	5.717629345757327
PF3D7_1447700	6802.0	16474.0	9117.0	13.679718673453996	20.906650517334583	0.5942301662659693
PF3D7_1447800	49389.0	140933.0	63210.0	97.30897098648313	178.85376820198587	0.874769356894269
PF3D7_1447900	14973.0	43501.0	36072.0	40.924645940267325	55.20579119549422	0.42733795182321027
PF3D7_1448000	18214.0	50886.0	26295.0	37.902287386321916	64.57786926217601	0.7609747700781774
PF3D7_1448100	8429.0	6441.0	22055.0	24.219635361790957	8.174076483073453	-1.5108753930366308
PF3D7_1448200	131051.0	20521.0	209361.0	286.3345527473401	26.04257467926569	-3.4338385981387036
PF3D7_1448300	93783.0	168176.0	125263.0	188.3139151720777	213.42702788656436	0.18015367435902463
PF3D7_1448400	26297.0	66462.0	30821.0	49.8964812440852	84.34489539171368	0.7515048579073702
PF3D7_1448500	463931.0	280240.0	728634.0	1005.1879902496462	355.6440294389853	-1.4976500759177496
PF3D7_1448600	15828.0	376159.0	50509.0	51.623812224599234	477.37190433107077	3.1966094407475105
PF3D7_1448700	20626.0	23674.0	18025.0	34.981565721980644	30.043950731296526	-0.21618299321538026
PF3D7_1448800	2947.0	85870.0	16760.0	14.581486027082827	108.97499574623775	2.8597508996507264
PF3D7_1448900	1748.0	56877.0	4600.0	5.040385563995511	72.18086448187685	3.7135172951413407
PF3D7_1449000	11358.0	20611.0	15458.0	23.000804291326865	26.156790931940215	0.18179298014547507
PF3D7_1449100	224099.0	48245.0	400214.0	518.1496765963085	61.22625678091581	-3.070804184205877
PF3D7_1449200	1656.0	3866.0	1104.0	2.576711261456894	4.906222587107898	0.8132318541363264
PF3D7_1449300	3025.0	13250.0	9201.0	9.560721930698339	16.815170532638295	0.7833027635113609
PF3D7_1449400	22626.0	1840.0	28706.0	44.40899056805411	2.3350878324569404	-3.9855389582262957
PF3D7_1449500	96727.0	187407.0	171102.0	222.5383892168001	237.83250294416186	0.09568366738133785
PF3D7_1449600	3590.0	35240.0	12442.0	12.375049526379364	44.72200826944705	1.8124470804113866
PF3D7_1449700	31818.0	40034.0	70553.0	82.84401554292543	50.805927328576715	-0.6999531025034651
PF3D7_1449800	11280.0	7404.0	12080.0	20.632330968957902	9.396190386690863	-1.0945067494744214
PF3D7_1449900	10496.0	67804.0	30617.0	32.28949839769405	86.04798662603825	1.400266426377295
PF3D7_1450000	20889.0	11779.0	38380.0	49.02454201320019	14.948369336146902	-1.6806890721608458
PF3D7_1450100	22631.0	47711.0	47002.0	56.77563096900434	60.548573681713634	0.09203614209975323
PF3D7_1450200	4053.0	8095.0	7806.0	9.754763289950786	10.273117393336376	0.07114158922841426
PF3D7_1450300	8482.0	21749.0	17349.0	21.098770972575352	27.600991993535867	0.37967183839885066
PF3D7_1450400	43630.0	77303.0	78548.0	101.30461048949061	98.1028775610972	-0.04610124414464118
PF3D7_1450500	52830.0	123775.0	77715.0	110.91309072360028	157.07907416432488	0.5001572084728381
PF3D7_1450600	18891.0	9832.0	32016.0	42.51597254222324	12.477491069954695	-1.7288609608455665
PF3D7_1450700	102516.0	707396.0	207859.0	253.77225257929854	897.7346697438641	1.8207183710832031
PF3D7_1450800	298.0	5700.0	920.0	0.951029553383135	7.23369600271987	2.4140811525261494
PF3D7_1450900	608.0	11338.0	954.0	1.3167281614444484	14.388709698041733	3.0348042617244215
PF3D7_1451000	18860.0	29991.0	14901.0	30.918492467030934	38.060662599573966	0.2955158836472837
PF3D7_1451100	140940.0	461930.0	173647.0	273.1385305290311	586.2212621993666	1.1004038870865833
PF3D7_1451200	88682.0	291279.0	134066.0	188.62185598161062	369.6532873642528	0.9688067424985239
PF3D7_1451300	4903.0	14597.0	13888.0	14.803610758760644	18.524607114333673	0.31399457540619546
PF3D7_1451400	8371.0	15456.0	19325.0	22.31107415920532	19.614737792638298	-0.18148145214297115
PF3D7_1451500	4886.0	12923.0	6175.0	9.573772021761862	16.400184814587522	0.7464350363763251
PF3D7_1451600	4456.0	168980.0	14982.0	15.048546119094285	214.4473597437901	3.7891317981520305
PF3D7_1451700	41178.0	22029.0	86920.0	104.2500223068242	27.956331446301053	-1.880128962577555
PF3D7_1451800	34532.0	774938.0	55846.0	75.9082218420957	983.450160167672	3.68678544916309
PF3D7_1451900	23187.0	30629.0	34031.0	48.6268844231608	38.87032892408893	-0.3194039820295369
PF3D7_1452000	7543.0	15277.0	14897.0	18.40402197228336	19.387574356763412	0.07317411331405496
PF3D7_1452100	2852.0	32564.0	5353.0	6.769678582844815	41.3259783565912	2.5244358026900695
PF3D7_1452200	0.0	7451.0	828.0	0.5594119578246192	9.455836651976448	3.232278861969036
PF3D7_1452300	2116.0	5982.0	0.0	2.3393921651974203	7.591573594433379	1.5108381735566234
PF3D7_1452400	138371.0	282340.0	227097.0	306.4101123448348	358.3090753347242	0.22540019893590527
PF3D7_1452500	62394.0	83991.0	114268.0	146.18266548635438	106.59041420428852	-0.4538690393032275
PF3D7_1452600	42926.0	52987.0	67185.0	92.84923638088964	67.24418422738907	-0.46254112309833795
PF3D7_1452700	70318.0	48608.0	89231.0	138.0277692632896	61.68692900003639	-1.155491928873146
PF3D7_1452800	63373.0	17619.0	112022.0	145.74758259674348	22.359735065249364	-2.6775321892966537
PF3D7_1452900	19044.0	78797.0	35819.0	45.25450160914397	99.99886735549431	1.1351936453036282
PF3D7_1453000	5774.0	43531.0	16784.0	17.723155332892382	55.24386327971906	1.613040207720859
PF3D7_1453100	1012.0	60743.0	5612.0	4.9104096675482385	77.08708706898474	3.84200682071396
PF3D7_1453200	10291.0	30909.0	17757.0	23.374404539777906	39.22566837685412	0.7346067420346301
PF3D7_1453300	1827.0	1008.0	2496.0	3.7062249027062024	1.2792220299546717	-1.241279435183535
PF3D7_1453400	46211.0	50380.0	71220.0	99.20716308273668	63.93572010825036	-0.6298364814691868
PF3D7_1453500	9649.0	1629784.0	58411.0	50.13121340019257	2068.3091238766315	5.352629673124724
PF3D7_1453600	7831.0	76187.0	14910.0	18.731209993055327	96.6865960279331	2.3373078137954666
PF3D7_1453700	303413.0	500408.0	472580.0	654.7288765402673	635.0525174261481	-0.043987595324342425
PF3D7_1453800	32833.0	22829.0	67285.0	81.75825136686728	28.971587025630157	-1.48083565284177
PF3D7_1453900	22080.0	56950.0	42427.0	53.07550657238022	72.27350655349063	0.4418397418121927
PF3D7_1454000	42018.0	71689.0	54400.0	83.20759617756514	90.97832153315521	0.12807134671895648
PF3D7_1454100	5188.0	8051.0	8560.0	11.519004685670499	10.217278336473276	-0.16537885048921672
PF3D7_1454200	6622.0	11964.0	8754.0	13.235466113934065	15.183147188866759	0.19130922968279523
PF3D7_1454300	28405.0	51168.0	49404.0	64.78204381707344	64.93574685388953	0.0033927548812046336
PF3D7_1454400	34220.0	156937.0	66604.0	82.83158485262408	199.1639560664646	1.2606385931148716
PF3D7_1454500	29364.0	85829.0	77854.0	85.06362900822859	108.92296389779715	0.3548459611840473
PF3D7_1454600	28978.0	45564.0	37898.0	57.641872828895096	57.82388152068915	0.0045091924622826345
PF3D7_1454700	43492.0	99096.0	47575.0	80.22611562641985	125.75970861149618	0.645286947709971
PF3D7_1454800	912.0	251233.0	8718.0	6.898322842007253	318.83213120198616	5.431715656983982
PF3D7_1454900	11694.0	2095711.0	64274.0	56.353260023861466	2659.602856764221	5.5480951433985926
PF3D7_1455000	22757.0	46310.0	46925.0	56.862910539369096	58.770607348413535	0.047198614070891785
PF3D7_1455100	89075.0	38133.0	145776.0	196.9678364840895	48.39342625819593	-2.0139052742162162
PF3D7_1455200	54370.0	35182.0	93260.0	123.11815949856675	44.648402239945696	-1.4531438525223406
PF3D7_1455300	7875.0	102390.0	21109.0	22.96801308107144	129.94002345938375	2.4746189992718763
PF3D7_1455400	11551.0	70228.0	29123.0	32.44650401173416	89.12421103140544	1.443763126255276
PF3D7_1455500	19540.0	39766.0	37172.0	46.71697731492982	50.46581670950146	0.11022425359204922
PF3D7_1455600	2312.0	4244.0	1476.0	3.553297065619518	5.3859308483409	0.538174678485777
PF3D7_1455700	33217.0	42226.0	51246.0	71.34654932513729	53.58772761593846	-0.409617581096021
PF3D7_1455800	23119.0	345748.0	32366.0	47.4268009884835	438.77823255234904	3.1962304602114946
PF3D7_1455900	6353.0	14534.0	18897.0	19.790863498779927	18.444655737461506	-0.0990393383763507
PF3D7_1456000	83757.0	22381.0	140499.0	187.52316222743067	28.40304390120586	-2.7016170536715935
PF3D7_1456100	3402.0	2300.0	7174.0	8.608044590369273	2.9188597905711755	-1.4136260962905944
PF3D7_1456200	1560.0	5796.0	3404.0	4.024498372263015	7.355526672239362	0.7959501534209428
PF3D7_1456300	7506.0	4323.0	7449.0	13.33111062938275	5.486187336799649	-1.2082076750621225
PF3D7_1456400	200624.0	50734.0	345700.0	455.3656974172671	64.38497070210349	-2.8126526038782664
PF3D7_1456500	239523.0	527533.0	414080.0	544.5701557797552	669.4760269127756	0.29766754337926454
PF3D7_1456600	0.0	1867.0	736.0	0.4972550736218837	2.3693527082592976	1.5246908555341891
PF3D7_1456700	88610.0	42248.0	111859.0	173.5387990023254	53.61564714437001	-1.6852912621282679
PF3D7_1456800	32483.0	128443.0	53324.0	71.93899368918767	163.0030904697102	1.1744794953697788
PF3D7_1456900	752.0	15186.0	4509.0	3.8777537326283302	19.272089034614726	2.1752026039787222
PF3D7_1457000	28789.0	402764.0	72254.0	80.64446209882365	511.13549769113433	2.6565518200456024
PF3D7_1457100	25540.0	1268290.0	78969.0	81.58923281525325	1609.5481233841374	4.293766995872147
PF3D7_1457200	40214.0	112565.0	62011.0	86.35527367488334	142.85280535897581	0.7228847836337633
PF3D7_1457300	11877.0	35309.0	19227.0	26.121002001449735	44.80957406316419	0.767251054122017
PF3D7_1457400	87104.0	75082.0	140636.0	191.3160742874678	95.28427425898478	-1.0018629033535718
PF3D7_1457500	7109.0	89151.0	18344.0	20.2530596550723	113.13881269096125	2.453059707333125
PF3D7_1457600	13118.0	22136.0	12095.0	22.674508154535786	28.092121880036323	0.3030789692442083
PF3D7_1457700	26139.0	53941.0	37359.0	54.138993220928754	68.45487650573904	0.3357216823452891
PF3D7_1457800	70482.0	45043.0	139715.0	172.31699779976552	57.162696324651066	-1.5835349195887676
PF3D7_1457900	137645.0	308241.0	222394.0	302.4300335550148	391.17924378497815	0.3706880586214422
PF3D7_1458000	23135.0	34042.0	52797.0	61.24804777534702	43.20166303940172	-0.49870534358366403
PF3D7_1458100	4480.0	7807.0	17877.0	17.030994865126363	9.907625384777898	-0.7522669305139995
PF3D7_1458200	9612.0	6188.0	10198.0	17.51672179072118	7.853001906110624	-1.1089698589518646
PF3D7_1458300	41120.0	50720.0	69364.0	92.32474409130643	64.36720372946523	-0.5170201837048158
PF3D7_1458400	5427.0	1932.0	11215.0	13.577003202363422	2.4518422240797872	-2.2536527204662375
PF3D7_1458500	313767.0	85292.0	507526.0	689.7861352413431	108.24147359017248	-2.666292223489606
PF3D7_1458600	36700.0	27862.0	51617.0	75.44791397744567	35.358813689084386	-1.0826825789379875
PF3D7_1458700	129749.0	29805.0	201304.0	279.451640191773	37.82461567737995	-2.868834402998244
PF3D7_1458800	34623.0	27412.0	47728.0	70.52415955948862	34.787732425711766	-1.0091431287267976
PF3D7_1458900	4050.0	11851.0	4077.0	7.23206590624965	15.039742338286523	1.0070367429772462
PF3D7_1459000	59929.0	119623.0	76188.0	117.72988328061929	151.80989770760684	0.36541496593052425
PF3D7_1459100	16380.0	13336.0	38352.0	44.020596688861005	16.924310507416173	-1.3533713598446582
PF3D7_1459200	17110.0	25060.0	36791.0	43.77302469787013	31.8028810224842	-0.4547650991457038
PF3D7_1459300	4149.0	8928.0	10593.0	11.743846504572005	11.330252265312806	-0.049576026021391204
PF3D7_1459400	359.0	5139.0	2677.0	2.205530862264886	6.5217480277153355	1.375918528298962
PF3D7_1459500	1932.0	408.0	2012.0	3.495310792309642	0.5177803454578433	-1.9728814971631274
PF3D7_1459600	36921.0	46307.0	75668.0	91.94154146968972	58.766800139991055	-0.6413171496588641
PF3D7_1459700	8105.0	60129.0	26168.0	26.640247851002016	76.30787841184966	1.5008204042040867
PF3D7_1459800	35462.0	202670.0	63155.0	81.8744988015961	257.202310328287	1.6454357838243463
PF3D7_1459900	2208.0	4138.0	2484.0	4.119340741505948	5.251409484079793	0.3162285879769188
PF3D7_1460000	1472.0	5161.0	1380.0	2.559756508395759	6.549667556146885	1.2041383757819895
PF3D7_1460100	4235.0	23649.0	8160.0	10.195146430425552	30.01222399444249	1.5124311048209853
PF3D7_1460200	4139.0	31187.0	12276.0	12.869856385929147	39.57846969067098	1.5838434547916869
PF3D7_1460300	17839.0	40482.0	26061.0	37.3296028812519	51.37447045300101	0.4555090723655719
PF3D7_1460400	8096.0	27887.0	11022.0	16.397382824261328	35.390540425938426	1.086803836975054
PF3D7_1460500	61828.0	12328.0	119403.0	149.0262112534916	15.6450884774615	-3.211231152094787
PF3D7_1460600	2785.0	54663.0	10636.0	10.264896714944038	69.37114466608355	2.698362297991634
PF3D7_1460700	44434.0	153169.0	108872.0	122.68094059430393	194.38210228782452	0.6618225519306306
PF3D7_1460800	26039.0	34606.0	54843.0	65.84094640698484	43.917418222828736	-0.5787740552844368
PF3D7_1460900	4624.0	24641.0	19987.0	18.61575198334337	31.27114091281058	0.7329549440444243
PF3D7_1461000	32204.0	53475.0	63246.0	78.33402369971668	67.86349013077982	-0.20559235961394268
PF3D7_1461100	65147.0	40403.0	105905.0	143.57611166370623	51.27421396454226	-1.476525500579461
PF3D7_1461200	23018.0	63118.0	37252.0	50.61620917574724	80.10112707011803	0.6570191638542298
PF3D7_1461300	37989.0	124951.0	81192.0	96.85440880624776	158.57149986593868	0.7083571579194305
PF3D7_1461400	7833.0	1103924.0	31506.0	29.94598255429736	1400.956250194128	5.524531025253309
PF3D7_1461500	0.0	13581.0	1288.0	0.8701963788382965	17.235232528585712	3.6941636631455643
PF3D7_1461600	63260.0	60996.0	105539.0	141.24261938254077	77.40816164594757	-0.8634272373784946
PF3D7_1461700	30938.0	558614.0	83565.0	90.66225683370243	708.9199752391855	2.9601314071678653
PF3D7_1461800	237747.0	655319.0	369736.0	512.6470402001847	831.6453387379618	0.6974632414816249
PF3D7_1461900	16997.0	48884.0	21730.0	33.47260765006886	62.03719217490493	0.8803424858659163
PF3D7_1462000	10405.0	1749.0	12507.0	19.953443736069115	2.219602510308255	-2.9108760578387023
PF3D7_1462100	7408.0	11687.0	16553.0	19.373593552251293	14.831614944524055	-0.3743430947159429
PF3D7_1462200	7301.0	4532.0	8842.0	14.045604494744738	5.751422856899377	-1.2183267567669525
PF3D7_1462300	42140.0	65240.0	63784.0	89.68247825478576	82.79409249428848	-0.11463297813745407
PF3D7_1462400	37451.0	168366.0	46460.0	72.79403558609057	213.668151086655	1.546976246338199
PF3D7_1462500	49946.0	3404.0	82270.0	110.8020599906467	4.31991249004534	-4.529329531024067
PF3D7_1462600	31661.0	12518.0	72990.0	84.31692241745829	15.886211677552163	-2.3718697788525254
PF3D7_1462700	38077.0	268987.0	60664.0	83.0826066207662	341.3631906462473	2.032144435577942
PF3D7_1462800	323481.0	38637.0	409150.0	634.0610434479484	49.033037273173264	-3.6792959628359627
PF3D7_1462900	6544.0	8180.0	6445.0	11.589228761268625	10.380988298640094	-0.1519126103550382
PF3D7_1463000	2570.0	134557.0	9403.0	9.194161178732875	170.7621812347329	4.142946725480162
PF3D7_1463200	70852.0	17760.0	91554.0	140.18760649499254	22.53867386110612	-2.610365663042667
PF3D7_1463300	23871.0	8280.0	65396.0	70.57386444226637	10.507895246056231	-2.6907804977697336
PF3D7_1463400	16558.0	8922.0	22815.0	33.72030702849872	11.322637848467838	-1.533300740617746
PF3D7_1463500	31926.0	14344.0	57694.0	74.2756416075251	18.203532537370844	-1.9992576065971976
PF3D7_1463600	1032.0	1196.0	2601.0	2.8982344036597265	1.5178070910970112	-0.7519971155664189
PF3D7_1463700	5518.0	36436.0	8552.0	11.878438781994621	46.239815360544064	1.9168226673754059
PF3D7_1463800	3780.0	8965.0	11018.0	11.6230279006608	11.377207835856778	-0.02955435893372388
PF3D7_1463900	2483.0	7370.0	7288.0	7.669043621826335	9.353042024569376	0.2704020235163302
PF3D7_1464000	32289.0	115290.0	58318.0	75.09855037786741	146.31101967606557	0.957529785570918
PF3D7_1464100	11040.0	25151.0	21594.0	26.79482605183295	31.918366344632883	0.24818388819478177
PF3D7_1464200	15760.0	8851.0	36291.0	41.94269218778129	11.23253391580238	-1.855001540086498
PF3D7_1464300	98525.0	12552.0	208421.0	249.7396087956982	15.92936003967365	-3.928961972071388
PF3D7_1464400	23692.0	33236.0	43247.0	55.41169702907297	42.17879304322765	-0.38963075693410903
PF3D7_1464500	43839.0	98791.0	73611.0	98.2001476371378	125.37264242187696	0.3508406091952984
PF3D7_1464600	130064.0	245490.0	195531.0	275.89955115797443	311.54386521187735	0.17499357560759154
PF3D7_1464700	54369.0	43425.0	82483.0	115.83591543600463	55.109341915457954	-1.0648973876107228
PF3D7_1464800	5173.0	92.0	11474.0	13.47117283810801	0.11675439162284702	-4.501613242206486
PF3D7_1464900	54455.0	69922.0	72085.0	108.9059155501757	88.73587577231206	-0.29399500341024526
PF3D7_1465000	30576.0	50549.0	39402.0	60.42470818727246	64.15019284938363	0.08562723770387293
PF3D7_1465100	6348.0	6904.0	12260.0	15.301256933913313	8.761655649610171	-0.7706973008045672
PF3D7_1465200	3496.0	8275.0	16581.0	15.06750984864744	10.501549898685425	-0.5008314069343553
PF3D7_1465300	9108.0	27885.0	18378.0	22.486070818435334	35.3880022869901	0.6427417410312928
PF3D7_1465400	19957.0	19712.0	44991.0	52.460660735182486	25.015897474669135	-1.053524734511551
PF3D7_1465500	43707.0	9570.0	71548.0	96.6604114536115	12.144994867724412	-2.9418021480436303
PF3D7_1465600	126678.0	28157.0	202418.0	276.8090647417357	35.733189183962	-2.9361110762242424
PF3D7_1465700	5202.0	191440.0	26440.0	23.614538026807406	242.9506601334547	3.335654335469698
PF3D7_1465800	546625.0	92502.0	748594.0	1110.0975734767858	117.39146449887603	-3.2358049747856317
PF3D7_1465900	53592.0	321810.0	85444.0	116.97739113189334	408.3992474798739	1.799362275177642
PF3D7_1466000	1805.0	98307.0	5356.0	5.614170656591645	124.75841279638284	4.356606872145992
PF3D7_1466100	4140.0	355009.0	8372.0	10.233348090009098	450.5310849525576	5.393054790885222
PF3D7_1466200	563944.0	183478.0	890669.0	1225.233460688713	232.8463289801818	-2.393100618874556
PF3D7_1466300	67242.0	240682.0	105886.0	145.87945005108432	305.4421791801094	1.0635459894728105
PF3D7_1466400	87366.0	30375.0	127487.0	182.72202926312994	38.54798527765194	-2.230272954841821
PF3D7_1466500	77206.0	425137.0	245372.0	251.13467310486055	539.5283890365469	1.1017045241177779
PF3D7_1466600	467987.0	47177.0	945590.0	1156.2516390734081	59.87089058251146	-4.26008224919082
PF3D7_1466700	8556.0	5137.0	22649.0	24.761360388708653	6.519209888767012	-1.847551784952331
PF3D7_1466800	13067.0	685856.0	37066.0	39.48898867173077	870.3989132704279	4.444830571734601
PF3D7_1466900	36821.0	105046.0	64659.0	84.39310224717471	133.3106719827564	0.6564739402873077
PF3D7_1467000	9292.0	70102.0	17814.0	22.30844749920964	88.9643082776611	1.971743984810192
PF3D7_1467100	15496.0	28381.0	22925.0	32.62050666819309	36.017460746174145	0.1408617075795278
PF3D7_1467200	9892.0	3220.0	11598.0	18.77214781982485	4.086403706799645	-2.07108210911606
PF3D7_1467300	276.0	5796.0	2451.0	1.9610785778616702	7.355526672239362	1.6744172827490074
PF3D7_1467400	15864.0	13154.0	21914.0	32.344307371608224	16.6933398631188	-0.9337935216593632
PF3D7_1467500	8538.0	17131.0	27603.0	28.08847316794047	21.74042916185861	-0.3622489443782151
PF3D7_1467600	293793.0	1522581.0	421085.0	609.3023009610347	1932.261069038109	1.6642498011654354
PF3D7_1467700	3221.0	8747.0	5858.0	7.51882221184889	11.100550690489596	0.5327310359817662
PF3D7_1467800	3956.0	2394.0	9660.0	10.900119063178053	3.0381523211423453	-1.6879808280160082
PF3D7_1467900	395196.0	284570.0	621669.0	856.9289277704431	361.1391002621041	-1.245466421594754
PF3D7_1468000	609714.0	10123.0	1009783.0	1356.3111293155334	12.846790286935656	-6.667583262615469
PF3D7_1468100	473203.0	596093.0	637699.0	954.0015110725518	756.4834300612798	-0.3344857607844024
PF3D7_1468200	56862.0	23001.0	139764.0	157.29220078582773	29.189866975185915	-2.409983364364099
PF3D7_1468300	35535.0	1295.0	84531.0	96.39722254099398	1.6434449690389878	-5.498452029980477
PF3D7_1468400	23566.0	13339.0	47694.0	58.27686945833814	16.928117715838656	-1.7538317581115976
PF3D7_1468500	16667.0	16284.0	44064.0	48.19702786581291	20.66552731724392	-1.2021172903763746
PF3D7_1468600	131038.0	6901.0	201695.0	281.14089036217695	8.757848441187688	-4.92703605363952
PF3D7_1468700	110791.0	187545.0	141861.0	218.33141097435032	238.00763453159612	0.1242156101757323
PF3D7_1468800	710069.0	160249.0	1173452.0	1577.8386659845646	203.36711416488708	-2.9527058214604858
PF3D7_1468900	16029.0	16043.0	28625.0	37.060801348263425	20.35968157397103	-0.8485107077003815
PF3D7_1469000	4537.0	12051.0	12141.0	13.218665911590339	15.293556233118798	0.20319586755039143
PF3D7_1469100	6802.0	76156.0	28172.0	26.5536255047923	96.64725487423411	1.8443512844678327
PF3D7_1469200	1012.0	37908.0	3041.0	3.1733950014044026	48.10788562650962	3.726004437312563
PF3D7_1469300	3680.0	21620.0	7360.0	9.041058849605655	27.43728203136905	1.5499703823946702
PF3D7_1469400	11061.0	64492.0	17296.0	23.914235600269592	81.84482852761576	1.753955439252638
PF3D7_1469500	5502.0	18937.0	6512.0	10.48248827091924	24.032368632194064	1.1594815760470012
PF3D7_1469600	17019.0	323544.0	34815.0	42.337395794146644	410.59981394806977	3.2625460366050687
PF3D7_1469700	25534.0	89028.0	55423.0	65.6744907320509	112.9827171456394	0.7781255068204384
PF3D7_1469800	268581.0	150727.0	713141.0	778.7469782311043	191.28303463192242	-2.0226055519839323
PF3D7_1469900	11615738.0	600493.0	24042527.0	29085.616022603586	762.0673357475899	-5.253322115482821
PF3D7_1470000	138373.0	5341.0	227306.0	306.55352771661785	6.778100061495934	-5.398784482056633
PF3D7_1470100	93436.0	41695.0	140619.0	198.30507610613833	52.913851725158764	-1.8960687665738436
PF3D7_1470200	34361.0	23669.0	52567.0	73.50381645638376	30.03760538392572	-1.277012736816672
PF3D7_1470300	30460.0	59155.0	74269.0	83.85324523040241	75.07180474401648	-0.15859549634591005
PF3D7_1470400	30107.0	73471.0	73437.0	82.90086358086639	93.2398033361108	0.16859944583238248
PF3D7_1470500	171708.0	776427.0	325342.0	409.64271520241255	985.3398046146983	1.2652272288543764
PF3D7_1470600	26361.0	29030.0	30821.0	49.96723790692671	36.84108683490488	-0.4345832108065357
PF3D7_1470700	46376.0	77095.0	77245.0	103.46018290109758	97.83891111047164	-0.08019679146289556
PF3D7_1470800	36974.0	85662.0	56448.0	79.01475297918606	108.71102929561219	0.457824097792072
PF3D7_1470900	15655.0	57469.0	30042.0	37.60466824016679	72.93215361058039	0.9464441572773411
PF3D7_1470950	79999.0	15875.0	71997.0	137.0872141958168	20.14647790231192	-2.7363788111101783
PF3D7_1471000	9129.0	11696.0	18010.0	22.26066031161926	14.843036569791508	-0.5689583747693661
PF3D7_1471100	10780.0	11049.0	12605.0	20.43424415144813	14.021948620009095	-0.5276297757011392
PF3D7_1471200	153775.0	79381.0	222230.0	320.1521223345147	100.74000392840456	-1.6632294875853857
PF3D7_1471300	12620.0	13983.0	29196.0	33.677681532137015	17.745398457198586	-0.9055218761043071
PF3D7_1471400	51990.0	42075.0	62295.0	99.56637523678177	53.39609812534009	-0.8927045384081583
PF3D7_1471500	22584.0	196090.0	49919.0	58.69444764494075	248.85183318830514	2.07464904489906
PF3D7_1471600	29429.0	3356904.0	114295.0	109.7556979529692	4260.144394090235	5.272146524473354
PF3D7_1471700	18505.0	1593910.0	68374.0	66.65335180905882	2022.7825255605662	4.913094567332238
PF3D7_1471800	9771.0	870849.0	44548.0	40.899996705011134	1105.1678825039642	4.73914363472463
PF3D7_1471900	428968.0	113417.0	728684.0	966.5676273692283	143.9340525509613	-2.743205861497426
PF3D7_1472000	44525.0	43330.0	80941.0	103.91085280399253	54.988780315412626	-0.9120036811796398
PF3D7_1472100	43588.0	44044.0	90026.0	109.01292335209868	55.89489591996385	-0.9574646277879133
PF3D7_1472200	269142.0	196238.0	392201.0	562.5342652991949	249.03965547048102	-1.1739536259742167
PF3D7_1472300	10092.0	48128.0	14601.0	21.022144165778638	61.07777565243893	1.5165879394362374
PF3D7_1472400	30216.0	40477.0	42067.0	61.827224745748644	51.368125105630206	-0.2650142540009843
PF3D7_1472500	55082.0	64580.0	108055.0	133.9011002181076	81.95650664134196	-0.7048397018764614
PF3D7_1472600	14257.0	42327.0	30133.0	36.120558652118746	53.715903632828756	0.5660623123866324
PF3D7_1472700	7357.0	195102.0	36549.0	32.826872994352705	247.59799254783368	2.896152198691516
PF3D7_1472800	36784.0	111863.0	56909.0	79.11615417569554	141.96191858811451	0.8394432353889838
PF3D7_1472900	6623.0	24473.0	14688.0	17.2456907178674	31.057937241151468	0.8305341781459379
PF3D7_1473000	0.0	92.0	192.0	0.1297187148578827	0.11675439162284702	-0.030011460682785075
PF3D7_1473100	6475.0	19231.0	25015.0	24.059176186803462	24.40547505759751	0.02020076210414305
PF3D7_1473200	104815.0	96968.0	197831.0	249.53886419921022	123.05912877048075	-1.0169507506997126
PF3D7_1473300	126944.0	3560.0	208706.0	281.35143503326645	4.517887328014515	-5.811711025948608
PF3D7_1473400	30358.0	20239.0	58413.0	73.02787293031861	25.684697087552184	-1.4895673348071008
PF3D7_1473500	11079.0	11958.0	28822.0	31.721312513006037	15.17553277202179	-1.0395007849871074
PF3D7_1473600	8936.0	20703.0	16715.0	21.172359043253678	26.273545323563063	0.3049519919281618
PF3D7_1473700	595711.0	66440.0	960307.0	1307.4029012654419	84.31697586328212	-3.946758584107647
PF3D7_1473900	25396.0	24759.0	53640.0	64.31729423721762	31.420891110761623	-1.0218778706699332
PF3D7_1474000	616950.0	67626.0	739841.0	1181.933297600934	85.82209225963753	-3.7758851585390665
PF3D7_1474100	6868.0	3499.0	9630.0	14.099278673270208	4.440474090090671	-1.563175694416108
PF3D7_1474200	161502.0	33673.0	277265.0	365.87753730083034	42.73337640343617	-3.083113638033832
PF3D7_1474300	21623.0	43550.0	39839.0	50.821759599422364	55.267975599728125	0.11986626651061746
PF3D7_1474400	2024357.0	95158.0	3054351.0	4301.6496021064595	120.76211302224866	-5.148856921427371
PF3D7_1474500	108437.0	46027.0	136243.0	211.93326882300488	58.41146068722587	-1.8503894922902868
PF3D7_1474600	93381.0	28334.0	148017.0	203.2424938308767	35.95781448088856	-2.4824469248095458
PF3D7_1474700	90188.0	33830.0	145648.0	198.11185993057904	42.93262031087951	-2.193100875673842
PF3D7_1474800	57308.0	52389.0	79093.0	116.79484800322011	66.48528068184056	-0.8082236282944015
PF3D7_1474900	58167.0	168129.0	65344.0	108.45545899051982	213.36738162127875	0.9729779824317722
PF3D7_1475000	239.0	3757.0	3655.0	2.733616823244395	4.767894014424307	0.7040775874532075
PF3D7_1475100	22736.0	37815.0	24748.0	41.85650632498222	47.98986216541261	0.195099555824211
PF3D7_1475200	28405.0	25176.0	45400.0	62.076868117641354	31.95009308148692	-0.9474068390415459
PF3D7_1475300	7275.0	21900.0	19847.0	21.45203906406433	27.792621484134237	0.366070903503539
PF3D7_1475400	9704.0	27230.0	18943.0	23.526716584348478	34.556761781414394	0.5450532316983951
PF3D7_1475500	4455.0	324752.0	16560.0	16.11356623397561	412.1328498728567	4.63442498174114
PF3D7_1475600	24660.0	60240.0	45999.0	58.34119313418046	76.44874512348157	0.3870712986484932
PF3D7_1475700	120152.0	7063.0	212147.0	276.16718678205484	8.963437696001831	-4.869643384345194
PF3D7_1475800	14314.0	4886.0	9695.0	22.375289355662968	6.200673450752506	-1.771411986606174
PF3D7_1475900	1380.0	8188.0	6440.0	5.876672436711538	10.391140854433385	0.7722794068485146
PF3D7_1476000	3588.0	18995.0	2961.0	5.967301216251057	24.105974661695424	1.927772952903422
PF3D7_1476100	1104.0	368.0	3857.0	3.8264122423850746	0.4670175664913881	-2.1615571365822914
PF3D7_1476200	19609.0	53784.0	25161.0	38.67841036206609	68.25563259829569	0.8114190444142044
PF3D7_1476300	95991.0	275111.0	135642.0	197.76726244380757	349.1349721060116	0.8184030152245247
PF3D7_1476500	186837.0	333776.0	328250.0	428.333624989883	423.584932807689	-0.016064805692726173
PF3D7_1476600	263407.0	142328.0	358320.0	533.303181120611	180.62412011844097	-1.5593292216904986
PF3D7_1476700	4247.0	113297.0	16873.0	16.095075609691314	143.78176421406195	3.120061861305376
PF3D7_1476800	23843.0	7179.0	46172.0	57.55482207712771	9.110649755004552	-2.5947100265370224
PF3D7_1477100	92.0	0.0	92.0	0.1638695870374059	0.0	-0.40897176624319825
PF3D7_1477200	3036.0	0.0	1656.0	4.475343109193363	0.0	-3.314796020101154
PF3D7_1477300	10364.0	1288.0	7637.0	16.617854096030598	1.6345614827198582	-3.003490233118766
PF3D7_1477400	15337.0	9016.0	22243.0	31.983948898878104	11.441930379039007	-1.4436909608588202
PF3D7_1477500	70275.0	828.0	90508.0	138.84299420790921	1.0507895246056231	-6.489493764196505
PF3D7_1477600	29558.0	1657.0	42517.0	61.40378604385754	2.1028481186854076	-4.571864612346714
PF3D7_1477700	467759.0	5045.0	645671.0	953.3688015794241	6.402455497144166	-7.110537355156523
PF3D7_1477800	2060.0	89.0	3007.0	4.309064333011377	0.11294718320036287	-2.9719215565467008
PF3D7_1478000	19792.0	4768.0	27674.0	40.578558999242375	6.0509232528014625	-2.6486154220617846
PF3D7_1478100	5979.0	10570.0	24863.0	23.40811806718594	13.414064341885794	-0.7809566752666299
PF3D7_1478600	8280.0	1196.0	7450.0	14.18749963892881	1.5178070910970112	-2.8637286563869733
PF3D7_1478800	275.0	150.0	1288.0	1.1742289144854092	0.1903604211242071	-1.2780751374036972
PF3D7_1479000	0.0	0.0	92.0	0.06215688420273546	0.0	-0.16904471256225434
PF3D7_1479100	0.0	0.0	0.0	0.0	0.0	0.0
PF3D7_1479200	0.0	0.0	35.0	0.023646640729301532	0.0	-0.06666550765194472
PF3D7_1479400	184.0	0.0	0.0	0.2034254056693409	0.0	-0.49246934694430733
PF3D7_1479500	0.0	92.0	92.0	0.06215688420273546	0.11675439162284702	0.13372327587666683
PF3D7_1479600	92.0	92.0	92.0	0.1638695870374059	0.11675439162284702	-0.10620377780427723
PF3D7_1479700	92.0	92.0	276.0	0.2881833554428768	0.11675439162284702	-0.35383520018452214
PF3D7_1479800	92.0	0.0	0.0	0.10171270283467045	0.0	-0.26714671912344645
PF3D7_1479900	184.0	0.0	92.0	0.2655822898720763	0.0	-0.6146293616225048
PF3D7_1480000	0.0	128.0	224.0	0.15133850066752982	0.1624408926926567	0.024384226615634687
