gene	dTE
PF3D7_0100100	-1.2293269493104577
PF3D7_0100200	-0.5376432920915712
PF3D7_0100300	-0.861654166907052
PF3D7_0100400	0.42966278612514364
PF3D7_0100500	0.0
PF3D7_0100600	-0.19498750024038544
PF3D7_0100700	0.0
PF3D7_0100800	-0.3333333333333333
PF3D7_0100900	1.851655920141106
PF3D7_0101000	-0.06421502598079865
PF3D7_0101100	0.0
PF3D7_0101200	-0.3333333333333333
PF3D7_0101300	1.3333333333333333
PF3D7_0101400	0.0
PF3D7_0101500	0.6666666666666666
PF3D7_0101600	-0.5789885313887355
PF3D7_0101700	0.0
PF3D7_0101800	0.0
PF3D7_0101900	1.5668132393803642
PF3D7_0102000	0.0
PF3D7_0102100	-1.635630198536173
PF3D7_0102200	0.05987418256407584
PF3D7_0102300	-0.12445933379943985
PF3D7_0102400	0.43586503029442447
PF3D7_0102500	-0.9891642659001341
PF3D7_0102600	-0.4222808062113854
PF3D7_0102700	-0.6892928429249087
PF3D7_0102800	0.23194324650860682
PF3D7_0102900	0.42637874556671296
PF3D7_0103000	-1.0557124508961893
PF3D7_0103100	-0.22833329685659487
PF3D7_0103200	0.3000912118162242
PF3D7_0103300	-0.31640536712356515
PF3D7_0103400	-0.386561203811984
PF3D7_0103500	0.48242587122084
PF3D7_0103600	-0.25393934903862936
PF3D7_0103700	0.18480919870389884
PF3D7_0103800	-0.4321462826060112
PF3D7_0103900	0.6510780501142951
PF3D7_0104000	-1.196997782820283
PF3D7_0104100	0.33301396050343257
PF3D7_0104200	-0.5541097014658122
PF3D7_0104300	-0.10105198582093888
PF3D7_0104400	-0.11614800771538748
PF3D7_0104500	0.2846204212507574
PF3D7_0104600	0.05239005523996543
PF3D7_0104700	0.1949875002403854
PF3D7_0104800	0.004540803875351385
PF3D7_0104900	-0.5786779772395292
PF3D7_0105000	0.5464311633213139
PF3D7_0105100	0.14425421144370268
PF3D7_0105200	0.4057154319678943
PF3D7_0105300	-0.6206593365632879
PF3D7_0105400	-0.6576630233517606
PF3D7_0105500	-0.44080671546892014
PF3D7_0105600	-0.45275956137977413
PF3D7_0105700	-0.1968817086441903
PF3D7_0105800	0.5398481872471326
PF3D7_0105900	0.27379422129671294
PF3D7_0106000	0.4232514217181476
PF3D7_0106100	0.07840328021397536
PF3D7_0106200	-0.7149244621965773
PF3D7_0106300	0.1135969785901888
PF3D7_0106400	0.0845095151643751
PF3D7_0106500	0.5430141372233731
PF3D7_0106600	-0.9873106530554935
PF3D7_0106700	-0.14495553983867326
PF3D7_0106800	-0.8974942591684136
PF3D7_0106900	0.23448117025221948
PF3D7_0107000	-0.5420647987693544
PF3D7_0107100	-0.08083231693035635
PF3D7_0107200	-1.0355891570080864
PF3D7_0107300	-1.000678436529588
PF3D7_0107400	-0.5924145731624005
PF3D7_0107500	-0.2013968564914772
PF3D7_0107600	-0.3849393696840346
PF3D7_0107700	0.6273689749916103
PF3D7_0107800	0.4552271882090383
PF3D7_0107900	-0.08598003085603528
PF3D7_0108000	-0.1481862069575468
PF3D7_0108100	-0.1624081830465819
PF3D7_0108300	0.18645789852925643
PF3D7_0108400	-0.3978793707229362
PF3D7_0108500	-0.5912605801850893
PF3D7_0108600	-0.6081774514594452
PF3D7_0108700	-0.296208527254192
PF3D7_0108800	-0.0692090420227765
PF3D7_0108900	-0.8616541669070521
PF3D7_0109000	-0.9390416498287592
PF3D7_0109100	-0.6054893768522172
PF3D7_0109200	-0.2658978886735245
PF3D7_0109300	0.5059494349542062
PF3D7_0109400	-0.36112705759661856
PF3D7_0109500	-0.48049334387760334
PF3D7_0109600	-0.6399263732820417
PF3D7_0109700	-0.2739065708011872
PF3D7_0109800	-0.3901932097097299
PF3D7_0109850	0.2766096730107831
PF3D7_0109950	-0.16598806596706767
PF3D7_0110000	-0.34101010048757824
PF3D7_0110100	-0.6810193622298382
PF3D7_0110200	-0.022461113676972483
PF3D7_0110300	-0.6666666666666667
PF3D7_0110400	-0.39153923244494127
PF3D7_0110500	-0.14077535255871831
PF3D7_0110600	-0.2863032734769011
PF3D7_0110700	0.13809995836154376
PF3D7_0110800	-0.8045796249594516
PF3D7_0110900	-0.09395265298816113
PF3D7_0111000	-0.06480204567246317
PF3D7_0111200	0.0836598868215449
PF3D7_0111300	0.037428097754095724
PF3D7_0111400	0.5473689467573355
PF3D7_0111500	0.003666312127199589
PF3D7_0111600	-0.17080972958779728
PF3D7_0111700	0.5701644609350052
PF3D7_0111800	0.3170386264028705
PF3D7_0111900	-0.6701308846518649
PF3D7_0112000	0.5370579939455247
PF3D7_0112100	0.9357849740192014
PF3D7_0112200	0.7004067874284339
PF3D7_0112300	-0.3333333333333333
PF3D7_0112400	0.0
PF3D7_0112500	0.0
PF3D7_0112600	0.3333333333333333
PF3D7_0112700	-2.2267967543024887
PF3D7_0112800	-0.6429698986052413
PF3D7_0112900	0.4915069577328395
PF3D7_0113000	0.38903734329973844
PF3D7_0113100	-0.22583222491875454
PF3D7_0113200	-0.6452406945448301
PF3D7_0113300	-0.00836926628710355
PF3D7_0113400	-0.5800957014537014
PF3D7_0113600	-1.1383458330929481
PF3D7_0113700	-0.39262766412253336
PF3D7_0113800	-0.4458222546156889
PF3D7_0113900	-0.6477230249099493
PF3D7_0114000	1.4400951543141558
PF3D7_0114100	2.1949875002403854
PF3D7_0114200	-1.3333333333333333
PF3D7_0114300	-0.5283208335737187
PF3D7_0114400	0.5283208335737187
PF3D7_0114500	0.11871460340842521
PF3D7_0114600	-0.2826656355183166
PF3D7_0114700	1.0
PF3D7_0114800	0.3333333333333333
PF3D7_0114900	0.0
PF3D7_0115000	0.47167916642628127
PF3D7_0115050	-1.107309364962454
PF3D7_0115100	0.8517383857757013
PF3D7_0115150	0.0
PF3D7_0115200	0.6024516406858681
PF3D7_0115300	0.3333333333333333
PF3D7_0115400	-1.5971377927295274
PF3D7_0115500	0.0
PF3D7_0115600	0.38096236094104285
PF3D7_0115700	-0.8934537555292155
PF3D7_0200100	-0.7938109209371219
PF3D7_0200200	-0.968963531869506
PF3D7_0200300	0.0
PF3D7_0200400	-0.8616541669070521
PF3D7_0200500	-0.5283208335737186
PF3D7_0200600	-0.3333333333333333
PF3D7_0200700	0.19498750024038541
PF3D7_0200800	0.0
PF3D7_0200900	0.0
PF3D7_0201000	-0.3333333333333333
PF3D7_0201100	0.0
PF3D7_0201200	0.19498750024038536
PF3D7_0201300	-0.3333333333333333
PF3D7_0201400	0.5789885313887354
PF3D7_0201500	-0.09918365938866228
PF3D7_0201600	-0.03198627807413679
PF3D7_0201700	-0.3792462134236615
PF3D7_0201800	-0.6043718203162829
PF3D7_0201900	-0.20917262352105137
PF3D7_0202000	0.6042248847712791
PF3D7_0202100	-0.22444522916229787
PF3D7_0202200	-0.9617879196731448
PF3D7_0202300	0.8147279483127867
PF3D7_0202400	1.1174680105189756
PF3D7_0202500	-0.646293077475603
PF3D7_0202600	-0.34199884368258604
PF3D7_0202700	0.18469516885943038
PF3D7_0202800	-0.10708875192793949
PF3D7_0202900	0.3919355098819892
PF3D7_0203000	0.2916012548575013
PF3D7_0203100	-0.020349597507528294
PF3D7_0203200	0.0988843318854461
PF3D7_0203300	0.03310450147408606
PF3D7_0203400	-0.9774340812097917
PF3D7_0203500	0.0
PF3D7_0203600	-0.007740334494126921
PF3D7_0203700	0.0886912412673371
PF3D7_0203800	-0.34466860752408635
PF3D7_0203900	-0.9135965511917363
PF3D7_0204000	-0.3712334881395077
PF3D7_0204100	0.40596360398233455
PF3D7_0204200	-0.2487027018552911
PF3D7_0204300	0.7214002587740581
PF3D7_0204400	-0.6641513013144593
PF3D7_0204500	-0.09613203635972434
PF3D7_0204600	0.002149127382235161
PF3D7_0204700	0.03605181489551457
PF3D7_0204800	-0.2678052953632088
PF3D7_0204900	-0.2542714993457942
PF3D7_0205000	-0.2744704227588921
PF3D7_0205100	0.022796307287147766
PF3D7_0205200	-0.2841725849455035
PF3D7_0205300	-0.5614993914240236
PF3D7_0205400	-0.1072436703549855
PF3D7_0205500	-0.72318152793135
PF3D7_0205600	0.12701036028542195
PF3D7_0205700	-0.24202358081550912
PF3D7_0205800	-0.22117394441296612
PF3D7_0205900	0.3774068631766428
PF3D7_0206000	-0.1498114475691773
PF3D7_0206100	-0.5643211801888708
PF3D7_0206200	-0.14463586693107094
PF3D7_0206300	-0.09833285621380083
PF3D7_0206500	0.03897207975345174
PF3D7_0206600	1.0
PF3D7_0206700	0.5637309367370517
PF3D7_0206800	0.42771816828623055
PF3D7_0206900	-0.7751888829610842
PF3D7_0207000	-0.11536871501468404
PF3D7_0207100	-0.22774736745907498
PF3D7_0207200	-0.370793171477518
PF3D7_0207300	0.7713198869731746
PF3D7_0207400	0.6855252057446146
PF3D7_0207500	0.8931934233590775
PF3D7_0207600	1.0398681984836007
PF3D7_0207700	0.5379090945881754
PF3D7_0207800	0.6333230712648074
PF3D7_0207900	1.5923495706826185
PF3D7_0208000	-0.6074268198332932
PF3D7_0208100	0.08130204665039187
PF3D7_0208200	-0.06321236500181865
PF3D7_0208300	-0.03716250866831075
PF3D7_0208400	-0.0215977405078982
PF3D7_0208500	-0.25624698984860206
PF3D7_0208600	-0.6145622363610928
PF3D7_0208700	-0.15953613775838268
PF3D7_0208800	-0.13925368029217333
PF3D7_0208900	1.8257354401217576
PF3D7_0209000	-1.0
PF3D7_0209100	-0.4585695983329482
PF3D7_0209200	-0.6595554188910029
PF3D7_0209300	-0.038133914729429064
PF3D7_0209400	-0.011953451633004358
PF3D7_0209500	0.08767813527793142
PF3D7_0209600	0.19056255685451046
PF3D7_0209700	0.00012622877704915325
PF3D7_0209800	0.5537959030040476
PF3D7_0209900	0.7543448019445979
PF3D7_0210000	-0.5663199218993884
PF3D7_0210100	-0.5008223007005228
PF3D7_0210200	0.4166415685390724
PF3D7_0210300	0.29561475039414287
PF3D7_0210400	-0.7982831494960163
PF3D7_0210500	-0.24304088869900678
PF3D7_0210600	0.013534683007672355
PF3D7_0210700	-0.6955484522391521
PF3D7_0210800	-0.08029844547275822
PF3D7_0210900	0.09486199348534363
PF3D7_0211000	0.5657752887106828
PF3D7_0211100	-0.06859681799977269
PF3D7_0211200	-0.16500829306812514
PF3D7_0211300	-0.7965485252081748
PF3D7_0211400	-0.3096778262152856
PF3D7_0211500	-0.0629977523508976
PF3D7_0211600	-0.34790754517558486
PF3D7_0211700	-0.4549427863564771
PF3D7_0211800	0.5478177725003941
PF3D7_0211900	-0.35933277296004207
PF3D7_0212000	0.15649111488185752
PF3D7_0212100	-0.006512020688548281
PF3D7_0212200	-0.002937563978725688
PF3D7_0212300	-0.42259140688320085
PF3D7_0212400	0.4176398749538892
PF3D7_0212500	0.3055546963652904
PF3D7_0212600	-0.6275992747280137
PF3D7_0212700	-0.2560442565406546
PF3D7_0212800	-0.05230985787022491
PF3D7_0212900	-0.17275619033737188
PF3D7_0213000	-0.11801600669074397
PF3D7_0213100	-0.19135160981950022
PF3D7_0213200	0.2987873177768705
PF3D7_0213300	-0.5610322181979381
PF3D7_0213400	-0.6143548624451844
PF3D7_0213500	-0.02783150982017174
PF3D7_0213600	0.7131707164206177
PF3D7_0213700	-1.1495828724639763
PF3D7_0213800	0.8540808080736909
PF3D7_0213900	-0.029064186715738627
PF3D7_0214000	0.44850154059839603
PF3D7_0214100	0.055476519792519996
PF3D7_0214200	-0.46052947390302384
PF3D7_0214300	0.16399878914905308
PF3D7_0214400	-0.2657398217813269
PF3D7_0214500	0.0028991698777383057
PF3D7_0214600	-0.636163110851677
PF3D7_0214700	-0.13219636659974904
PF3D7_0214800	-0.43217309891692024
PF3D7_0214900	-0.17435706685617058
PF3D7_0215000	0.6866689414525619
PF3D7_0215100	-0.4941799079514886
PF3D7_0215200	-0.8299229843465573
PF3D7_0215300	0.15375492549875058
PF3D7_0215400	-0.9165424755383486
PF3D7_0215500	-0.10267382418754034
PF3D7_0215600	-0.36132232087619576
PF3D7_0215700	-0.174721159579998
PF3D7_0215800	-0.03953818097449502
PF3D7_0215900	-0.17459071423475137
PF3D7_0216000	0.42669401656452344
PF3D7_0216100	-0.48368372529434894
PF3D7_0216200	-0.5365381597261907
PF3D7_0216300	-0.8278641557459627
PF3D7_0216400	0.34866128073000585
PF3D7_0216500	0.3556243141170109
PF3D7_0216600	-0.6764754833664965
PF3D7_0216700	-0.4874410733167618
PF3D7_0216800	0.23921027226784536
PF3D7_0216900	-0.28314677447487296
PF3D7_0217000	0.6103774351135767
PF3D7_0217100	0.14827133970953454
PF3D7_0217200	-0.4651950455375572
PF3D7_0217300	-0.019910614628060985
PF3D7_0217400	0.13539309349739637
PF3D7_0217500	-0.8539206945054176
PF3D7_0217600	-0.2974648579718302
PF3D7_0217700	-0.09989989726133314
PF3D7_0217800	-0.8892164253709613
PF3D7_0217900	0.47955478910224436
PF3D7_0218000	-0.034986982451112314
PF3D7_0218100	0.47844537894101946
PF3D7_0218200	0.1719877216399737
PF3D7_0218300	-0.11033306279771588
PF3D7_0218400	-0.5135386574723494
PF3D7_0218500	-0.6619893740034841
PF3D7_0218600	0.2176292188629989
PF3D7_0218700	-0.12754396982311889
PF3D7_0218800	-0.21326306449640442
PF3D7_0218900	-0.5283208335737187
PF3D7_0219000	0.0
PF3D7_0219100	-0.22704151891641844
PF3D7_0219200	-1.349639678529783
PF3D7_0219300	0.28340774965550075
PF3D7_0219400	-0.845653313721388
PF3D7_0219500	-0.129972252344857
PF3D7_0219600	-0.10222153535446354
PF3D7_0219700	0.8143734043982536
PF3D7_0219800	-0.7093706093267608
PF3D7_0219900	0.13806550761315717
PF3D7_0220000	0.02642875189620475
PF3D7_0220100	-0.41153100725274694
PF3D7_0220200	-0.11980353500707874
PF3D7_0220300	-0.45161611835022875
PF3D7_0220400	-0.8163003170483759
PF3D7_0220500	-1.17405579132842
PF3D7_0220600	-0.29659889373934234
PF3D7_0220700	-0.4164095354362544
PF3D7_0220800	0.023428201588481024
PF3D7_0220900	-0.5283208335737187
PF3D7_0221000	0.19498750024038541
PF3D7_0221100	-0.44064269829578717
PF3D7_0221200	0.26629170099657146
PF3D7_0221300	0.0
PF3D7_0221400	0.8616541669070521
PF3D7_0221500	-0.13834583309294796
PF3D7_0221600	0.3333333333333333
PF3D7_0221650	0.0
PF3D7_0221700	-0.30967244556458173
PF3D7_0221800	1.2691183073525347
PF3D7_0221900	0.3333333333333333
PF3D7_0222000	0.0
PF3D7_0222100	0.10730936496245408
PF3D7_0222200	0.0
PF3D7_0222300	-0.5283208335737186
PF3D7_0222400	0.8616541669070521
PF3D7_0222500	0.3333333333333333
PF3D7_0222600	-0.19498750024038536
PF3D7_0222700	0.19498750024038541
PF3D7_0222800	-1.0
PF3D7_0222900	0.3333333333333333
PF3D7_0223100	1.3441404925641258
PF3D7_0223200	0.0
PF3D7_0223300	0.3333333333333333
PF3D7_0223400	-0.592816269966829
PF3D7_0223500	-1.347268857114646
PF3D7_0300100	-1.3735267334299084
PF3D7_0300200	0.19982069013875692
PF3D7_0300300	0.0
PF3D7_0300400	-0.1949875002403855
PF3D7_0300500	0.44064269829578745
PF3D7_0300600	0.0
PF3D7_0300700	-0.3333333333333333
PF3D7_0300800	0.08767813527793125
PF3D7_0300900	2.2516291673878226
PF3D7_0301000	-0.38997500048077083
PF3D7_0301100	0.3333333333333333
PF3D7_0301200	0.24069986233638535
PF3D7_0301300	0.41500016100117726
PF3D7_0301400	0.5479088562880042
PF3D7_0301500	0.07731469802023194
PF3D7_0301600	-0.18685219581497048
PF3D7_0301700	-0.06598382796144098
PF3D7_0301800	-0.1800913758739766
PF3D7_0301900	-0.29818710275091753
PF3D7_0302000	-0.45217332264971
PF3D7_0302100	0.11165214117101097
PF3D7_0302200	-0.09884692168799075
PF3D7_0302300	-0.6799781570559176
PF3D7_0302400	-0.19498750024038541
PF3D7_0302500	0.4083787924947956
PF3D7_0302600	-0.30814073170058504
PF3D7_0302700	-0.8597700918031133
PF3D7_0302800	0.1836463061440925
PF3D7_0302900	0.30395161890001643
PF3D7_0303000	-0.40237897834986525
PF3D7_0303100	-0.2960445357134401
PF3D7_0303200	-0.4075461435175509
PF3D7_0303300	-0.555612970163066
PF3D7_0303400	0.5494578554998787
PF3D7_0303500	0.49232822397585446
PF3D7_0303600	-1.1176471260623104
PF3D7_0303700	-0.3669908488077011
PF3D7_0303800	-0.12173045557408335
PF3D7_0303900	-0.06585263078019765
PF3D7_0304000	0.8318036385809546
PF3D7_0304100	-0.13309850651695626
PF3D7_0304200	-0.34457464537521293
PF3D7_0304300	0.4467934945768883
PF3D7_0304400	-0.5009134471653856
PF3D7_0304500	-0.800304095519576
PF3D7_0304600	-0.2605152478352722
PF3D7_0304700	-0.44073684033761895
PF3D7_0304800	0.08680930730388865
PF3D7_0304900	-0.3676998202150021
PF3D7_0305000	-0.44861249584473645
PF3D7_0305100	-0.03637804736290118
PF3D7_0305200	0.6371269327044388
PF3D7_0305300	0.5706280573650495
PF3D7_0305400	-0.8044838920127024
PF3D7_0305500	0.0028048647251320835
PF3D7_0305600	0.32565008255553374
PF3D7_0305700	-0.47524984828973127
PF3D7_0305800	-0.3264746518314194
PF3D7_0305900	-0.6793443773315291
PF3D7_0306000	-0.6470226836179651
PF3D7_0306100	0.10909562030718187
PF3D7_0306200	0.4246020810553642
PF3D7_0306300	-0.9069184403164412
PF3D7_0306400	0.41475805234465185
PF3D7_0306500	-0.189902762546861
PF3D7_0306600	-0.4460799282023935
PF3D7_0306700	-0.5993750222957074
PF3D7_0306800	-0.10919910135664557
PF3D7_0306900	-0.3570352074004033
PF3D7_0307000	0.0
PF3D7_0307100	-1.0843833280496369
PF3D7_0307200	0.012484331557711337
PF3D7_0307300	-0.8926906350375456
PF3D7_0307400	-0.4976402931159461
PF3D7_0307500	-0.03597305572949035
PF3D7_0307600	-0.7216089705892903
PF3D7_0307700	-0.12503074613564835
PF3D7_0307800	-0.5614873086988175
PF3D7_0307900	0.14020822757184148
PF3D7_0308000	0.2518368222695282
PF3D7_0308100	0.5402800718513432
PF3D7_0308200	0.22255013670870077
PF3D7_0308300	-1.1358843608748026
PF3D7_0308400	-1.8812853965915748
PF3D7_0308500	-0.5985295070507599
PF3D7_0308600	-0.49144422445626834
PF3D7_0308700	-0.42783529467429643
PF3D7_0308800	-0.6354981311106298
PF3D7_0308900	-0.5233816104847591
PF3D7_0309000	0.08030506226728884
PF3D7_0309100	-0.6968368379852443
PF3D7_0309200	-0.24284323878229974
PF3D7_0309300	-0.34798807438609275
PF3D7_0309400	0.0
PF3D7_0309500	0.04894742977325471
PF3D7_0309600	-0.5452320423310495
PF3D7_0309700	-0.8248010302894593
PF3D7_0309800	-0.4211014099340765
PF3D7_0309900	0.2059917546196237
PF3D7_0310000	-0.562143963535967
PF3D7_0310100	-1.1705788402200743
PF3D7_0310200	-0.33346160451242035
PF3D7_0310300	0.04220545996609759
PF3D7_0310400	1.3778059323817025
PF3D7_0310500	0.009601016612620139
PF3D7_0310600	0.18348306519010937
PF3D7_0310700	0.3006007749463312
PF3D7_0310800	-0.30404933737786255
PF3D7_0310900	-0.5677813683797612
PF3D7_0311000	0.19498750024038541
PF3D7_0311100	-0.511706285438085
PF3D7_0311200	-0.5204893442844458
PF3D7_0311300	-0.12434759824438107
PF3D7_0311400	-0.18718169026239262
PF3D7_0311500	-0.154826789527454
PF3D7_0311600	0.4322807293375896
PF3D7_0311700	-1.277183877496084
PF3D7_0311800	0.007553000973599983
PF3D7_0311900	-0.2846440210195606
PF3D7_0312000	-1.2284826033537928
PF3D7_0312100	0.22178549311522827
PF3D7_0312200	-0.14846405512266303
PF3D7_0312300	-0.0692748681925921
PF3D7_0312400	0.03435710647283097
PF3D7_0312500	-0.0313664981553341
PF3D7_0312600	-1.3333333333333335
PF3D7_0312700	-0.19498750024038541
PF3D7_0312800	-0.5887693482792264
PF3D7_0312900	0.4406426982957875
PF3D7_0313000	-0.42086605039462693
PF3D7_0313100	-0.37916664570353575
PF3D7_0313200	-0.07718161198421047
PF3D7_0313300	-0.37876165249596694
PF3D7_0313400	-0.27771673437104394
PF3D7_0313500	-0.40473423454888324
PF3D7_0313600	-0.7313568830668942
PF3D7_0313700	-0.7614791199115656
PF3D7_0313800	-0.0883007658050009
PF3D7_0313900	1.7618007396207493
PF3D7_0314000	-0.49922099864653924
PF3D7_0314100	-0.7485269222333601
PF3D7_0314200	-0.09922828792132754
PF3D7_0314300	0.8368190214525086
PF3D7_0314400	-1.0721001153520469
PF3D7_0314500	0.48047372929329857
PF3D7_0314600	-0.0669644666812815
PF3D7_0314700	0.2055517352873062
PF3D7_0314800	0.6301042463926285
PF3D7_0314900	0.46957877181845453
PF3D7_0315000	0.18488750474369686
PF3D7_0315100	-0.07545228134194804
PF3D7_0315200	0.2468146306359269
PF3D7_0315300	-0.34258769984100057
PF3D7_0315400	0.01804774779391849
PF3D7_0315500	-0.20391726743248806
PF3D7_0315600	0.32646469028229325
PF3D7_0315700	0.23683112760167163
PF3D7_0315800	-0.21858785397952085
PF3D7_0315900	0.7233083338141042
PF3D7_0316000	-0.0917024127114563
PF3D7_0316100	-0.06555934333303315
PF3D7_0316200	0.28872068314570554
PF3D7_0316300	0.4307609571874452
PF3D7_0316400	-0.40792977210721104
PF3D7_0316500	0.30263145468752006
PF3D7_0316600	-0.11817624413432631
PF3D7_0316700	-0.2155848904586073
PF3D7_0316800	-0.43611273603382505
PF3D7_0316900	-0.016443868974257647
PF3D7_0317000	0.20682109455297715
PF3D7_0317100	-0.5160107978299366
PF3D7_0317200	0.009638269155424206
PF3D7_0317300	-0.061024650399489344
PF3D7_0317400	-0.6620146754126597
PF3D7_0317500	-0.1807591332157209
PF3D7_0317600	-0.4501591829763605
PF3D7_0317700	0.27519621320213883
PF3D7_0317800	-0.1587483442305932
PF3D7_0317900	-0.5228098615505752
PF3D7_0318000	0.005973969332420781
PF3D7_0318100	-0.057481444995703734
PF3D7_0318200	-0.008840731790562328
PF3D7_0318300	-0.4212694006497025
PF3D7_0318400	-0.41035682896099723
PF3D7_0318500	0.032432328826205614
PF3D7_0318600	-0.493378752452167
PF3D7_0318700	-0.12339442116486132
PF3D7_0318800	0.0965022057316618
PF3D7_0318900	0.32372895419137976
PF3D7_0319000	0.003482287404859341
PF3D7_0319100	-0.5811273281764759
PF3D7_0319200	-0.3757723911759221
PF3D7_0319300	-0.628398019600132
PF3D7_0319400	0.10049111999890714
PF3D7_0319500	-0.7366636131191591
PF3D7_0319600	-0.6081088741174823
PF3D7_0319700	-0.7897331252259311
PF3D7_0319800	1.224141780657165
PF3D7_0319900	-0.5376380174017499
PF3D7_0320000	-0.5491377259223733
PF3D7_0320100	-0.590793891201228
PF3D7_0320200	0.10745162153706445
PF3D7_0320300	0.1814546184351733
PF3D7_0320400	-1.2694497615514402
PF3D7_0320500	0.5734544633668877
PF3D7_0320600	0.2829758241134257
PF3D7_0320700	-0.4802066563474163
PF3D7_0320800	-0.3933776899402976
PF3D7_0320900	-0.390884827998208
PF3D7_0321000	-0.15391398645269483
PF3D7_0321100	0.5072370972893898
PF3D7_0321200	0.5682708259181615
PF3D7_0321300	0.37632794497640154
PF3D7_0321400	-0.6173028624777608
PF3D7_0321500	0.38353653158194645
PF3D7_0321600	-0.2952762484043246
PF3D7_0321700	0.3255676777597618
PF3D7_0321800	-0.2726205752382651
PF3D7_0321900	-0.23720435891913022
PF3D7_0322000	-0.3606590022498921
PF3D7_0322100	-0.5666399393720438
PF3D7_0322200	0.4107183643166072
PF3D7_0322300	-0.04206429880220097
PF3D7_0322400	0.38853362837673067
PF3D7_0322500	0.14255010442383653
PF3D7_0322600	-0.490640854273498
PF3D7_0322700	-0.07997854563512907
PF3D7_0322800	0.9357849740192015
PF3D7_0322900	0.03965824240561755
PF3D7_0323000	-0.743654511250214
PF3D7_0323100	0.03735668740397102
PF3D7_0323200	-0.1145278539161087
PF3D7_0323300	-0.06634827638865977
PF3D7_0323400	-0.47537888885197754
PF3D7_0323500	0.1868581120263994
PF3D7_0323600	0.13452495038784038
PF3D7_0323700	0.251886859224115
PF3D7_0323800	0.08097556591639962
PF3D7_0323900	0.3333333333333333
PF3D7_0324000	0.0
PF3D7_0324100	-0.8616541669070521
PF3D7_0324200	0.3333333333333333
PF3D7_0324300	0.138345833092948
PF3D7_0324400	-0.7739760316291208
PF3D7_0324500	-0.6666666666666666
PF3D7_0324600	-2.1639510321098916
PF3D7_0324700	0.3333333333333333
PF3D7_0324800	-0.21328161711080962
PF3D7_0324900	-1.0259653161717863
PF3D7_0400100	-1.2123645106577086
PF3D7_0400200	-1.1740286444195007
PF3D7_0400300	-0.8563360782058496
PF3D7_0400400	-0.5621349295487457
PF3D7_0400500	0.0
PF3D7_0400600	0.0
PF3D7_0400700	0.2963228958704187
PF3D7_0400800	-0.3333333333333333
PF3D7_0400900	-1.3333333333333333
PF3D7_0401000	0.6666666666666666
PF3D7_0401100	0.0
PF3D7_0401200	0.0
PF3D7_0401300	-1.3529645630178562
PF3D7_0401400	0.8306176987765582
PF3D7_0401500	-0.8616541669070521
PF3D7_0401600	-0.23908513294466877
PF3D7_0401700	-0.1770682787733713
PF3D7_0401800	0.19724323755996942
PF3D7_0401900	-1.7974391409262533
PF3D7_0402000	0.37184691265859876
PF3D7_0402100	-0.3296402846136131
PF3D7_0402200	-0.5090620832357156
PF3D7_0402300	-0.397454130187356
PF3D7_0402400	0.4059336654992619
PF3D7_0402500	-0.633488108816362
PF3D7_0402600	-0.8616541669070521
PF3D7_0402700	-1.0
PF3D7_0402800	0.0
PF3D7_0402900	-0.44173440897340777
PF3D7_0403000	0.0
PF3D7_0403100	0.22749583757574252
PF3D7_0403200	-0.13815301276293612
PF3D7_0403300	-0.6979730663366595
PF3D7_0403400	0.10365224503778037
PF3D7_0403500	0.15728097818041376
PF3D7_0403600	0.007784335662654088
PF3D7_0403700	-0.6406754853122332
PF3D7_0403800	-0.3671164995611578
PF3D7_0403900	-0.591086026308289
PF3D7_0404000	-0.7150167776010944
PF3D7_0404100	1.2686538955859128
PF3D7_0404200	-0.5246498106115329
PF3D7_0404300	-0.0507379649565598
PF3D7_0404400	0.05520444260969795
PF3D7_0404500	0.5309314194768513
PF3D7_0404600	-0.02317836575437937
PF3D7_0404700	-0.3186864145054666
PF3D7_0404800	-0.332275994799583
PF3D7_0404900	0.3886298058350909
PF3D7_0405000	-0.10068217160966572
PF3D7_0405100	-0.456550671439676
PF3D7_0405200	-0.4142151561689327
PF3D7_0405300	-1.5140995062128664
PF3D7_0405400	-0.016913976838714095
PF3D7_0405500	-0.5553313355849491
PF3D7_0405600	0.5394793294204014
PF3D7_0405700	-0.16354525241489615
PF3D7_0405800	0.2628359045231128
PF3D7_0405900	-0.19079114167120703
PF3D7_0406000	-0.130906193665252
PF3D7_0406100	0.05380689261812309
PF3D7_0406200	-0.77932208110332
PF3D7_0406400	-0.3522155237283556
PF3D7_0406500	-0.10386565471203524
PF3D7_0406600	-1.0430943389816552
PF3D7_0406700	0.032645137696592386
PF3D7_0406800	-0.6661326636291033
PF3D7_0406900	-0.8129155515095821
PF3D7_0407000	0.9531880779613271
PF3D7_0407100	0.19599968430591191
PF3D7_0407200	-0.8455399475808566
PF3D7_0407300	-0.3458111418225732
PF3D7_0407400	-0.19219423876646569
PF3D7_0407500	-0.03836484147958075
PF3D7_0407600	-0.5161455415653473
PF3D7_0407700	-0.25068264038869137
PF3D7_0407800	0.15760510337703004
PF3D7_0407900	-0.03971588369986534
PF3D7_0408000	-0.8769016073744731
PF3D7_0408100	0.33166662913797007
PF3D7_0408200	0.0549800911258882
PF3D7_0408300	-0.3133704537960782
PF3D7_0408400	0.1443090354766909
PF3D7_0408500	0.3371210402418904
PF3D7_0408600	-0.8913973647407469
PF3D7_0408700	-0.7407974737788159
PF3D7_0408800	-0.6666666666666666
PF3D7_0408900	-0.2728585770914958
PF3D7_0409000	0.025832071461885986
PF3D7_0409100	-0.5475119605158285
PF3D7_0409200	-0.2762133171353811
PF3D7_0409300	0.23928380578602598
PF3D7_0409400	-0.11034605707706824
PF3D7_0409500	0.5814144410863635
PF3D7_0409600	0.1301261653183945
PF3D7_0409700	-0.19408264708048562
PF3D7_0409800	0.5649183289315062
PF3D7_0409900	-0.25236049842817576
PF3D7_0410000	-0.3626645468131911
PF3D7_0410100	0.0
PF3D7_0410200	0.3333333333333333
PF3D7_0410300	-0.22514220478304747
PF3D7_0410400	0.16286306129815808
PF3D7_0410500	-0.1753562705558624
PF3D7_0410600	-0.34297506499428787
PF3D7_0410700	-0.07971637151057998
PF3D7_0410800	0.0015218078321697082
PF3D7_0410900	-0.12517441705893173
PF3D7_0411000	0.09368284672400917
PF3D7_0411100	-0.12779214989895205
PF3D7_0411200	-0.009418787219955371
PF3D7_0411300	0.020570093865207695
PF3D7_0411400	-0.3546785947648856
PF3D7_0411500	0.0
PF3D7_0411600	-0.19498750024038536
PF3D7_0411700	0.6666666666666666
PF3D7_0411800	0.19700011232222336
PF3D7_0411900	0.24598567032912833
PF3D7_0412000	0.1109582914140902
PF3D7_0412100	-0.6390434117850774
PF3D7_0412200	0.2276314295231603
PF3D7_0412300	0.48923086919291836
PF3D7_0412400	-1.1212494235273298
PF3D7_0412500	0.0
PF3D7_0412600	0.0
PF3D7_0412700	0.6898469777510252
PF3D7_0412800	0.0
PF3D7_0412900	-0.19498750024038541
PF3D7_0413000	0.0
PF3D7_0413100	0.3333333333333333
PF3D7_0413200	0.38674120008333934
PF3D7_0413300	-0.9304711260628609
PF3D7_0413400	-0.08767813527793125
PF3D7_0413500	0.1135822432860065
PF3D7_0413600	-0.5646267550693629
PF3D7_0413700	-0.07237727617065515
PF3D7_0413800	0.12142781348306153
PF3D7_0413900	0.2629015366887172
PF3D7_0414000	0.12938405993700908
PF3D7_0414100	-0.055420005992139254
PF3D7_0414200	-0.24908765291448365
PF3D7_0414300	0.09595336216660488
PF3D7_0414400	0.504857724276586
PF3D7_0414500	-0.5963677391671272
PF3D7_0414600	-0.3929598276939969
PF3D7_0414700	0.04906631043578891
PF3D7_0414800	-0.2887495370370574
PF3D7_0414900	-0.575746891488643
PF3D7_0415000	0.02427223731513206
PF3D7_0415100	0.3565403504897038
PF3D7_0415200	0.11195414632805245
PF3D7_0415300	-0.3940238498443086
PF3D7_0415400	-0.2699973219597003
PF3D7_0415500	-0.2446435871970302
PF3D7_0415600	-0.5717631637262215
PF3D7_0415700	-0.21801824485498078
PF3D7_0415800	-0.3667097510288333
PF3D7_0415900	0.09033466649901678
PF3D7_0416000	-0.7680604304910761
PF3D7_0416100	-0.4334366718614354
PF3D7_0416200	-0.0752250826427314
PF3D7_0416300	-0.11450952176073037
PF3D7_0416400	0.09299223316223271
PF3D7_0416500	0.39134328899721565
PF3D7_0416600	0.36201094670621825
PF3D7_0416700	-0.9631882603021078
PF3D7_0416800	-0.29033230715897673
PF3D7_0416900	-0.0629777679021245
PF3D7_0417000	-0.06488808185968276
PF3D7_0417100	-0.5283208335737187
PF3D7_0417200	0.22901520645395154
PF3D7_0417300	-0.16003344598833708
PF3D7_0417400	0.4629741835076828
PF3D7_0417500	0.07766128182853305
PF3D7_0417600	-0.054791320385889686
PF3D7_0417700	0.07158039899623725
PF3D7_0417800	-0.14191885884508026
PF3D7_0417900	0.3934474141487644
PF3D7_0418000	-0.15503327340227546
PF3D7_0418100	-0.0014713668496009191
PF3D7_0418200	0.19371995176149892
PF3D7_0418300	-0.31680676389525897
PF3D7_0418400	-0.7794985574216287
PF3D7_0418500	-0.8809651194440835
PF3D7_0418600	-1.041692727952334
PF3D7_0418700	-0.23555985038254884
PF3D7_0418800	-0.6666666666666666
PF3D7_0418900	-0.1579398247965461
PF3D7_0419000	-0.8479374844572106
PF3D7_0419100	-0.3179533906437121
PF3D7_0419200	-0.18419604406913703
PF3D7_0419300	-0.3717070779938196
PF3D7_0419400	-0.053430747282189384
PF3D7_0419500	0.6338394651660306
PF3D7_0419600	0.007663943861007105
PF3D7_0419700	0.3401595496420172
PF3D7_0419800	0.06803316758200229
PF3D7_0419900	0.12980908226071763
PF3D7_0420000	0.1507437915361982
PF3D7_0420100	-0.259426159269391
PF3D7_0420200	-0.5422608921385945
PF3D7_0420300	-0.3167039048488842
PF3D7_0420400	-0.16974472120610568
PF3D7_0420500	0.26428511745416294
PF3D7_0420600	0.39191249365543784
PF3D7_0420700	-1.0
PF3D7_0420800	0.0
PF3D7_0420900	0.0
PF3D7_0421000	0.0
PF3D7_0421100	0.0
PF3D7_0421200	0.3333333333333333
PF3D7_0421300	-1.17288843585923
PF3D7_0421400	-0.5283208335737187
PF3D7_0421500	0.022212397676763418
PF3D7_0421600	-0.3333333333333333
PF3D7_0421700	-0.24565519805540204
PF3D7_0421800	0.5283208335737186
PF3D7_0421900	1.8616541669070519
PF3D7_0422000	0.14675974067929423
PF3D7_0422100	0.03166689631638697
PF3D7_0422200	-0.2645419775563189
PF3D7_0422300	0.20060892254143758
PF3D7_0422400	-0.5995458533196092
PF3D7_0422500	-0.14338101479268506
PF3D7_0422600	-0.5649419603712773
PF3D7_0422700	-0.3696852256155576
PF3D7_0422800	0.2601338499791619
PF3D7_0422900	-0.9398563445947483
PF3D7_0423000	0.42257934208691483
PF3D7_0423100	0.18152279853789977
PF3D7_0423200	0.09258436487994282
PF3D7_0423300	-0.47976057030804814
PF3D7_0423400	-0.20177922090966594
PF3D7_0423500	-0.07081228472125956
PF3D7_0423600	0.00812253255149642
PF3D7_0423700	-0.8945466194872713
PF3D7_0423800	-0.6834352348030897
PF3D7_0423900	-0.6505816104642596
PF3D7_0424000	-0.3006981900472726
PF3D7_0424100	-0.9733506145612525
PF3D7_0424200	-1.6152665916949571
PF3D7_0424300	-1.4946526455976652
PF3D7_0424400	-0.889339413482905
PF3D7_0424500	-1.255767224179055
PF3D7_0424600	-0.0876169287487798
PF3D7_0424700	-0.7925867541937944
PF3D7_0424800	-0.7233083338141042
PF3D7_0424900	0.36436980146382714
PF3D7_0425000	0.0
PF3D7_0425100	-0.7739760316291208
PF3D7_0425200	-0.44064269829578745
PF3D7_0425250	0.0
PF3D7_0425300	0.0
PF3D7_0425400	-0.3333333333333333
PF3D7_0425500	-0.5578678443895921
PF3D7_0425600	1.0
PF3D7_0425700	0.38997500048077083
PF3D7_0425800	0.24565519805540204
PF3D7_0425900	-0.3680067270164633
PF3D7_0426000	-0.680018362021247
PF3D7_0500100	-1.0978927247486363
PF3D7_0500200	0.0
PF3D7_0500300	0.61599896885165
PF3D7_0500400	0.19498750024038536
PF3D7_0500500	-0.4210114686112646
PF3D7_0500600	-0.3759608114868668
PF3D7_0500700	-0.3333333333333333
PF3D7_0500800	1.683885585243596
PF3D7_0500900	0.16380814294026802
PF3D7_0501000	0.26210830233690086
PF3D7_0501100	-0.5705140114064651
PF3D7_0501200	0.5531230587412219
PF3D7_0501300	-0.3260607832766558
PF3D7_0501400	0.35736454144495955
PF3D7_0501500	0.379405625245008
PF3D7_0501600	0.07909747478754792
PF3D7_0501700	-1.5283208335737188
PF3D7_0501800	0.23070899682456325
PF3D7_0501900	0.1330313140184679
PF3D7_0502000	0.16994989553656836
PF3D7_0502100	0.11863100501776058
PF3D7_0502200	-0.11470457003491769
PF3D7_0502300	-0.3022968652028395
PF3D7_0502400	-0.027016000562303667
PF3D7_0502500	0.19498750024038536
PF3D7_0502600	-0.6139527787209436
PF3D7_0502700	-0.06589937901444906
PF3D7_0502800	1.5921808990756279
PF3D7_0502900	-0.9803350370865285
PF3D7_0503000	-0.7831226558181913
PF3D7_0503100	0.18315959577660434
PF3D7_0503200	0.4025534147255311
PF3D7_0503300	-0.37839203358317014
PF3D7_0503400	-0.6193909477133274
PF3D7_0503500	-0.12935519463722212
PF3D7_0503600	-0.8748467123590726
PF3D7_0503800	-0.6691556411458845
PF3D7_0503900	0.2504067613747383
PF3D7_0504000	0.3905645618969862
PF3D7_0504100	-0.396279161245029
PF3D7_0504200	-0.1459288311056398
PF3D7_0504300	0.02463270455617883
PF3D7_0504400	-0.3192440154958791
PF3D7_0504500	-0.42561340178627477
PF3D7_0504600	-0.2825456389261831
PF3D7_0504700	0.7078134369025604
PF3D7_0504800	0.31047419543577304
PF3D7_0504900	-0.6764543512667626
PF3D7_0505000	0.6983220247884997
PF3D7_0505100	0.3001236333418682
PF3D7_0505200	0.034973127768499854
PF3D7_0505300	0.3623935696981674
PF3D7_0505400	-0.901356812953447
PF3D7_0505500	0.08109541385456154
PF3D7_0505600	-0.07411843372763328
PF3D7_0505700	-0.1462453774931905
PF3D7_0505800	-0.8187976066090887
PF3D7_0505900	-1.1288625163867523
PF3D7_0506000	-0.4851340040807839
PF3D7_0506100	0.20701497189423435
PF3D7_0506200	-0.05876532838900195
PF3D7_0506300	-0.5948865985531787
PF3D7_0506400	0.835262543598801
PF3D7_0506500	0.23946619835557392
PF3D7_0506600	0.0
PF3D7_0506700	-0.6337211524814341
PF3D7_0506800	-0.11660151526331164
PF3D7_0506900	0.015443579724728568
PF3D7_0507000	-0.39605890199951177
PF3D7_0507100	0.12991374790461668
PF3D7_0507200	-0.9540043331183874
PF3D7_0507300	0.16730498331960364
PF3D7_0507400	-0.3600351135997486
PF3D7_0507500	-0.03280195802643937
PF3D7_0507600	-0.6436492780137404
PF3D7_0507700	-0.38665397956521563
PF3D7_0507800	-0.18316376122986178
PF3D7_0507900	-0.7608843769724103
PF3D7_0508000	-0.005864719866398693
PF3D7_0508100	-0.11524730983879694
PF3D7_0508200	-0.15734353556470315
PF3D7_0508300	0.1217854269933274
PF3D7_0508400	-0.29857560373361924
PF3D7_0508500	-0.28319978414927827
PF3D7_0508600	-0.08655843198242796
PF3D7_0508700	0.014426946068514024
PF3D7_0508800	-0.3221566676155541
PF3D7_0508900	0.42225774774397173
PF3D7_0509000	-0.6598589316639142
PF3D7_0509100	0.5656804729231637
PF3D7_0509200	0.09899391258571041
PF3D7_0509300	-0.2108357484710266
PF3D7_0509400	-0.009361909182720396
PF3D7_0509500	0.13233891110378782
PF3D7_0509600	-0.6853555616511653
PF3D7_0509700	-0.7975963102805859
PF3D7_0509800	-0.5259513761551565
PF3D7_0509900	-0.09091468254274843
PF3D7_0510000	-0.20695787752090436
PF3D7_0510100	-0.06663964792014876
PF3D7_0510200	-0.2774561344613777
PF3D7_0510300	-0.8284756090567473
PF3D7_0510400	0.9735654650445164
PF3D7_0510500	0.42208556072048553
PF3D7_0510600	0.0
PF3D7_0510700	-0.861654166907052
PF3D7_0510800	-0.9575582934235352
PF3D7_0510900	0.0
PF3D7_0511000	-0.180398487904323
PF3D7_0511100	0.7986108445054858
PF3D7_0511200	1.4461626287979177
PF3D7_0511300	-0.06165362924229367
PF3D7_0511400	-0.5555538297087633
PF3D7_0511500	0.5530037401567309
PF3D7_0511600	0.07282842849878524
PF3D7_0511700	0.3462511079128072
PF3D7_0511800	0.3066651645605822
PF3D7_0511900	0.01604064987272376
PF3D7_0512000	-0.7568892000625506
PF3D7_0512100	-0.283830011324256
PF3D7_0512200	0.27304453994291833
PF3D7_0512300	-0.09430332442935019
PF3D7_0512400	0.8284756090567472
PF3D7_0512450	1.0
PF3D7_0512500	0.19130548431614294
PF3D7_0512600	-0.5957059913415507
PF3D7_0512700	0.07911033395613298
PF3D7_0512800	-0.08354292255477436
PF3D7_0512900	-0.667068587581799
PF3D7_0513000	0.031150556672674967
PF3D7_0513100	-0.8223657475959891
PF3D7_0513200	0.09757581624998979
PF3D7_0513300	-0.1513144118238705
PF3D7_0513400	-0.3326416373877359
PF3D7_0513500	-0.2651706938538738
PF3D7_0513600	0.1091556510201479
PF3D7_0513700	0.3584804164243399
PF3D7_0513800	-0.11174448834012707
PF3D7_0513900	0.028635936161911957
PF3D7_0514000	0.08300511232668162
PF3D7_0514100	-0.09039402010634817
PF3D7_0514200	-0.2519180364186596
PF3D7_0514300	-0.5543346479729948
PF3D7_0514400	-0.3333333333333333
PF3D7_0514500	-0.43836293949358474
PF3D7_0514600	-0.4453930219644795
PF3D7_0514700	-0.5147735054079368
PF3D7_0514800	-0.050157546258713215
PF3D7_0514900	-0.057884640447239726
PF3D7_0515000	0.11670095675201597
PF3D7_0515100	-0.9924157142369756
PF3D7_0515200	-1.0477685279372781
PF3D7_0515300	-0.15174377814248885
PF3D7_0515400	-0.5017181994643423
PF3D7_0515500	0.6106851208953092
PF3D7_0515600	0.21341631220078
PF3D7_0515700	0.28259288599809856
PF3D7_0515800	-0.6131652489433405
PF3D7_0515900	-0.30298748782377444
PF3D7_0516000	0.13888083663478756
PF3D7_0516100	-0.5378112844353209
PF3D7_0516200	-0.7571082221831422
PF3D7_0516300	-0.5408538490655858
PF3D7_0516400	-0.07557023419744137
PF3D7_0516500	-0.7421468726642809
PF3D7_0516600	-0.3253884757458031
PF3D7_0516700	-0.3305904245990788
PF3D7_0516800	0.18931558656263014
PF3D7_0516900	-0.12030492467826259
PF3D7_0517000	-0.6014482150256024
PF3D7_0517100	-0.4089334282763587
PF3D7_0517200	0.9910546050092283
PF3D7_0517300	-0.035758840140025505
PF3D7_0517400	0.14549974111242542
PF3D7_0517500	0.30015477548302844
PF3D7_0517600	-0.5059494349542064
PF3D7_0517700	0.24327170877882753
PF3D7_0517800	-1.6193917701918303
PF3D7_0517900	-0.38223836046099613
PF3D7_0518000	-0.5353421987937954
PF3D7_0518100	-0.9110497687676423
PF3D7_0518200	-0.22334777848512521
PF3D7_0518300	-0.5927456492528274
PF3D7_0518400	-0.30765978191560883
PF3D7_0518500	-0.36814599107197604
PF3D7_0518600	0.03909739731703499
PF3D7_0518700	-0.014645334684087352
PF3D7_0518800	0.3333333333333333
PF3D7_0518900	0.4210114686112647
PF3D7_0519000	-0.08216184642322633
PF3D7_0519100	-0.6040422814809847
PF3D7_0519200	-0.6376579197863488
PF3D7_0519300	-0.039808040825483004
PF3D7_0519400	-0.3584714035455363
PF3D7_0519500	0.6054175535344435
PF3D7_0519600	-0.22338446689099384
PF3D7_0519700	0.05760978369578736
PF3D7_0519800	-0.15227796522774226
PF3D7_0519900	-0.358941221804984
PF3D7_0520000	-0.36841831760739674
PF3D7_0520100	-0.17022904687484278
PF3D7_0520200	0.11864452955927415
PF3D7_0520300	-1.0857122733333344
PF3D7_0520400	0.627464276953783
PF3D7_0520500	-0.2865454044676312
PF3D7_0520600	-0.8038367586896148
PF3D7_0520700	0.2781393566803495
PF3D7_0520800	-0.12534333730645542
PF3D7_0520900	0.7050987890793552
PF3D7_0521000	-0.23560755515060294
PF3D7_0521100	-0.4287054228629077
PF3D7_0521200	0.4178500454385899
PF3D7_0521300	0.006164020965873429
PF3D7_0521400	-0.012213804010798412
PF3D7_0521500	-0.3707745765446062
PF3D7_0521600	0.023070378898038868
PF3D7_0521700	0.05521388165539548
PF3D7_0521800	-0.43840215381855585
PF3D7_0521900	0.44328821592893963
PF3D7_0522000	0.32267494362324045
PF3D7_0522100	0.40613213453485797
PF3D7_0522200	0.4479210181180515
PF3D7_0522300	-0.6660748650954437
PF3D7_0522400	-0.20826482555237735
PF3D7_0522500	-0.9293685859693575
PF3D7_0522600	0.18801706277702057
PF3D7_0522700	0.17588463099236773
PF3D7_0522800	-0.6993642671902022
PF3D7_0522900	-0.384338277779531
PF3D7_0523000	0.04207233502017482
PF3D7_0523100	0.07241949371071765
PF3D7_0523200	-0.5411249832763962
PF3D7_0523300	-1.1503185367395974
PF3D7_0523400	-0.4738803346012463
PF3D7_0523500	0.4002998827401223
PF3D7_0523600	-0.9636795618880114
PF3D7_0523700	-0.09684205394011158
PF3D7_0523800	0.01329976216041795
PF3D7_0523900	-0.7349211291887403
PF3D7_0524000	0.5404301563641769
PF3D7_0524100	-0.3504123869453266
PF3D7_0524200	-0.7177867377676506
PF3D7_0524300	-0.4162561349546868
PF3D7_0524400	-0.1586618405320444
PF3D7_0524500	0.13210906583822268
PF3D7_0524600	0.2342711979325719
PF3D7_0524700	-0.9760650591600147
PF3D7_0524800	0.16898529896167652
PF3D7_0524900	-0.2540300466687113
PF3D7_0525000	0.0006558271249145209
PF3D7_0525100	0.29229613985849723
PF3D7_0525200	-0.30177709037613476
PF3D7_0525300	0.2836335489259122
PF3D7_0525400	0.3263909845481012
PF3D7_0525500	0.6482904766724873
PF3D7_0525600	-0.7771734028002987
PF3D7_0525700	-1.2334460727660574
PF3D7_0525800	-0.47549774406050993
PF3D7_0525900	-0.861654166907052
PF3D7_0526000	0.45442987231098475
PF3D7_0526100	-0.23244679208529684
PF3D7_0526200	-0.54356305782969
PF3D7_0526300	-0.1313273049380118
PF3D7_0526400	0.06395063520724076
PF3D7_0526500	-0.5193966250691618
PF3D7_0526600	-0.48336445513076143
PF3D7_0526700	-0.37339838859681207
PF3D7_0526800	-0.44163611662553537
PF3D7_0526900	-0.2940523353306961
PF3D7_0527000	0.5973396932523451
PF3D7_0527100	-0.7120602032467167
PF3D7_0527200	-0.2310470814904897
PF3D7_0527300	-0.3452546902044956
PF3D7_0527400	0.052175890607614406
PF3D7_0527500	0.7356168368207509
PF3D7_0527600	-0.49930164106556874
PF3D7_0527700	-0.3333333333333333
PF3D7_0527800	-0.3333333333333333
PF3D7_0527900	-0.8575716440027654
PF3D7_0528000	0.1875648894364903
PF3D7_0528100	-0.1300048257265275
PF3D7_0528200	0.1613344919027968
PF3D7_0528300	-0.11342880361647262
PF3D7_0528400	-0.22899270618320336
PF3D7_0528500	-0.8298522573816998
PF3D7_0528600	-0.362361810486609
PF3D7_0528700	-0.7208165373352159
PF3D7_0528800	0.39399367300579435
PF3D7_0528900	-0.22602396837087924
PF3D7_0529000	-0.05416427690244424
PF3D7_0529100	-0.43858075957969467
PF3D7_0529200	-0.09172426056674676
PF3D7_0529300	-0.9584437920393383
PF3D7_0529400	-0.018195801791119903
PF3D7_0529500	-0.8691834103954879
PF3D7_0529600	-0.3333333333333333
PF3D7_0529700	0.13728245958139002
PF3D7_0529800	0.5758529484615189
PF3D7_0529900	-0.1277829448569754
PF3D7_0530000	-0.5940450607098874
PF3D7_0530100	-0.25882048400805946
PF3D7_0530200	-0.08090069091392797
PF3D7_0530300	0.05287546581747793
PF3D7_0530400	-0.6144779515243927
PF3D7_0530500	-1.1425742529699865
PF3D7_0530600	0.21399651426455063
PF3D7_0530700	-0.00892213427639621
PF3D7_0530750	-0.6758225010588693
PF3D7_0530800	-1.0746760097625134
PF3D7_0530900	0.4086936454760679
PF3D7_0531000	0.05999998871677614
PF3D7_0531100	0.26450141474008504
PF3D7_0531200	0.05466959311738284
PF3D7_0531300	-0.2103837135299501
PF3D7_0531400	0.0002817471796665305
PF3D7_0531500	-2.0
PF3D7_0531600	-2.450126182832046
PF3D7_0531700	0.0
PF3D7_0531800	0.0
PF3D7_0531900	0.0
PF3D7_0532000	-2.283056750702541
PF3D7_0532100	-0.617973477054382
PF3D7_0532200	-0.40177555317608754
PF3D7_0532300	-0.026720926562986747
PF3D7_0532400	0.0
PF3D7_0532500	0.0
PF3D7_0532600	0.3333333333333333
PF3D7_0532700	0.0
PF3D7_0532800	0.0
PF3D7_0532900	0.0
PF3D7_0533000	-0.3333333333333333
PF3D7_0533100	-0.861654166907052
PF3D7_0600100	0.0
PF3D7_0600200	-0.669285511064615
PF3D7_0600300	-0.23053581051836747
PF3D7_0600400	0.0
PF3D7_0600500	0.9258691928878505
PF3D7_0600600	-0.13834583309294787
PF3D7_0600700	0.7706480021049134
PF3D7_0600800	0.19498750024038536
PF3D7_0600900	-1.5283208335737186
PF3D7_0601000	0.0
PF3D7_0601100	-0.3333333333333333
PF3D7_0601200	-1.4815949475576318
PF3D7_0601300	0.0
PF3D7_0601400	0.5283208335737187
PF3D7_0601500	-0.19498750024038544
PF3D7_0601600	-1.9689635318695062
PF3D7_0601700	-0.05403459124792004
PF3D7_0601800	-0.22296710640701756
PF3D7_0601900	-0.4546840374665394
PF3D7_0602000	-0.8259585601334131
PF3D7_0602100	-0.06141095801042673
PF3D7_0602200	-0.16162305594006776
PF3D7_0602300	0.47382125614609216
PF3D7_0602400	-0.884391002729369
PF3D7_0602500	-0.25863271346417577
PF3D7_0602600	0.2612916261457503
PF3D7_0602700	-1.122107404748605
PF3D7_0602800	-0.1623229973262157
PF3D7_0602900	-0.44331302169932757
PF3D7_0603000	0.5295077655878659
PF3D7_0603100	0.3865447851588955
PF3D7_0603200	-0.4815710242194441
PF3D7_0603300	-0.2324194877092662
PF3D7_0603400	0.1219991656570496
PF3D7_0603500	-0.16217044931610441
PF3D7_0603600	0.0031381017171709935
PF3D7_0603700	0.6076394785884682
PF3D7_0603800	-0.3600640176346847
PF3D7_0603900	-0.7589684957181304
PF3D7_0604000	-0.29784099846777456
PF3D7_0604100	0.5689906564441453
PF3D7_0604200	-0.9587541555966235
PF3D7_0604300	-0.6150408134438267
PF3D7_0604400	0.4210114686112646
PF3D7_0604500	0.8239580347190096
PF3D7_0604600	-0.08719314914998805
PF3D7_0604700	-0.593199244765004
PF3D7_0604800	-0.05578368592616201
PF3D7_0604900	-1.0311166475012097
PF3D7_0605000	-0.785225576163179
PF3D7_0605100	0.08006840571083074
PF3D7_0605200	-0.88863377527927
PF3D7_0605300	-0.3253269216123559
PF3D7_0605400	0.7354611417377905
PF3D7_0605500	-0.22182100704951502
PF3D7_0605600	-1.1793059592084243
PF3D7_0605700	-0.37437101555041885
PF3D7_0605800	0.11393098641107446
PF3D7_0605900	-0.5532337969477674
PF3D7_0606000	-0.2627146022295791
PF3D7_0606100	-0.9997058061609018
PF3D7_0606200	-1.0696386602022872
PF3D7_0606300	0.4171795889986549
PF3D7_0606400	0.2260239683708793
PF3D7_0606500	-0.0026856399979575674
PF3D7_0606600	-0.15492383708609103
PF3D7_0606700	0.10252996939831627
PF3D7_0606800	0.12025486403355012
PF3D7_0606900	0.39666074056130274
PF3D7_0607000	-0.2348106826151568
PF3D7_0607100	-1.4444745779083974
PF3D7_0607200	0.12102013119497426
PF3D7_0607300	-0.09597075219745685
PF3D7_0607400	-0.5844337274327692
PF3D7_0607500	0.1115291164130836
PF3D7_0607600	-0.29566656446388073
PF3D7_0607700	0.7079624405165634
PF3D7_0607800	-0.39482321654679614
PF3D7_0607900	-0.9833660028064123
PF3D7_0608000	-0.6709843210821587
PF3D7_0608100	-0.501553005712761
PF3D7_0608200	-0.436613921487899
PF3D7_0608300	0.3801855978464055
PF3D7_0608310	0.9238413774302014
PF3D7_0608400	-0.9753098046073718
PF3D7_0608500	-0.2851287777352802
PF3D7_0608600	0.11111838380770281
PF3D7_0608700	0.2788020223184857
PF3D7_0608800	0.26344670032237316
PF3D7_0608900	0.14375394966680682
PF3D7_0609000	0.28929955218283476
PF3D7_0609100	-0.5590556455141773
PF3D7_0609200	-0.28492819096095157
PF3D7_0609300	0.29945074318277826
PF3D7_0609400	-0.00225036247276178
PF3D7_0609500	-0.32787341893704774
PF3D7_0609600	-0.6235723276850111
PF3D7_0609700	-0.20446889822110792
PF3D7_0609800	-0.7386484649551178
PF3D7_0609900	-0.5726722750850483
PF3D7_0610000	-0.3200757954684579
PF3D7_0610100	-0.2469754109681047
PF3D7_0610200	0.4060687505852122
PF3D7_0610300	-0.19498750024038541
PF3D7_0610400	-0.46936403466501786
PF3D7_0610500	-0.22731247368127305
PF3D7_0610600	-0.8770541037149218
PF3D7_0610700	0.7287601466765933
PF3D7_0610800	-0.26916343087041833
PF3D7_0610900	0.4309861710790036
PF3D7_0611000	0.24846494784834472
PF3D7_0611100	-0.6098877765972588
PF3D7_0611200	-0.43116740668948134
PF3D7_0611300	-0.3949025067642007
PF3D7_0611400	0.553542421972007
PF3D7_0611500	0.019384149797150085
PF3D7_0611600	0.5748558850495394
PF3D7_0611700	-1.5626713959885004
PF3D7_0611800	0.023681339568698778
PF3D7_0611900	-0.327979320744205
PF3D7_0612000	-0.9014352309603647
PF3D7_0612100	0.6192937460477158
PF3D7_0612200	0.10723882628422454
PF3D7_0612300	0.21679967854716553
PF3D7_0612400	-0.11900301040314037
PF3D7_0612500	-0.26545060118827246
PF3D7_0612600	0.19175203939527125
PF3D7_0612700	0.4953599219311874
PF3D7_0612800	-0.6442167296682234
PF3D7_0612900	0.01384010040028381
PF3D7_0613000	-0.5875360652254895
PF3D7_0613100	-0.37031089901975933
PF3D7_0613200	-0.5501914760678065
PF3D7_0613300	0.9147949591116946
PF3D7_0613400	-0.6596192054622676
PF3D7_0613500	0.17479511503221967
PF3D7_0613600	0.14354524807245417
PF3D7_0613700	-0.0458317182553738
PF3D7_0613800	0.22564421923138211
PF3D7_0613900	-0.696347801039966
PF3D7_0614000	-0.38247582802256935
PF3D7_0614100	-0.09357443306725677
PF3D7_0614200	0.17398423439845195
PF3D7_0614300	-0.010782828738007844
PF3D7_0614400	-0.3185393855369689
PF3D7_0614500	-0.23631991928731944
PF3D7_0614600	-0.46516156728581437
PF3D7_0614700	-0.3481331150124391
PF3D7_0614800	-0.606772777626438
PF3D7_0614900	0.22185102176705096
PF3D7_0615000	-0.248301122890091
PF3D7_0615100	-0.38400103114835
PF3D7_0615200	-1.0698635283326647
PF3D7_0615300	0.24993194477876424
PF3D7_0615400	-0.04578031614652467
PF3D7_0615500	0.265980156123283
PF3D7_0615600	0.14895042281289939
PF3D7_0615700	-0.7126055030628108
PF3D7_0615800	-0.24092428287660272
PF3D7_0615900	-0.13487178104401032
PF3D7_0616000	-0.07944373082319317
PF3D7_0616100	-0.6900086252947885
PF3D7_0616200	0.07543267433045836
PF3D7_0616300	-0.19216532372299855
PF3D7_0616400	0.2366672314836994
PF3D7_0616500	-0.19498750024038541
PF3D7_0616600	-0.6511273726855763
PF3D7_0616700	0.15907120180904596
PF3D7_0616800	-0.05006146450577242
PF3D7_0616900	0.16918462188364802
PF3D7_0617000	-0.4883378947376279
PF3D7_0617100	-0.3729069191791773
PF3D7_0617200	0.5165555831657527
PF3D7_0617300	-1.0552758479397273
PF3D7_0617400	-1.2321660322749168
PF3D7_0617500	-0.38997500048077083
PF3D7_0617600	-0.4511851032698734
PF3D7_0617700	-0.31370210364881046
PF3D7_0617800	-0.6376346772668071
PF3D7_0617900	-0.4103533216176083
PF3D7_0618000	0.20955063299418775
PF3D7_0618100	0.008618824135018466
PF3D7_0618200	-0.3425081301779409
PF3D7_0618300	-0.5022143168909818
PF3D7_0618400	0.5789885313887354
PF3D7_0618500	0.06696990609170805
PF3D7_0618600	-0.30842859454250093
PF3D7_0618700	0.3268229080101642
PF3D7_0618800	-0.8448594218700102
PF3D7_0618900	0.202657036263588
PF3D7_0619000	-0.1241974743324108
PF3D7_0619100	-0.6235988012495225
PF3D7_0619200	-0.1722673186573923
PF3D7_0619300	-0.023579362776145585
PF3D7_0619400	0.15361196591890572
PF3D7_0619500	0.3904835240811605
PF3D7_0619600	0.13389149983719945
PF3D7_0619700	-0.24495328708004532
PF3D7_0619800	-0.12758072460096193
PF3D7_0619900	0.06552728631363391
PF3D7_0620000	-0.8045975850284492
PF3D7_0620100	-0.33450811151030524
PF3D7_0620200	0.12968076358196656
PF3D7_0620300	0.6133254168256563
PF3D7_0620400	0.4954733788635757
PF3D7_0620500	-0.49715449713659005
PF3D7_0620600	-0.3098702240362008
PF3D7_0620700	-0.07828641134482717
PF3D7_0620800	-0.19498750024038536
PF3D7_0620900	0.5789885313887354
PF3D7_0621000	-0.7364202598646927
PF3D7_0621100	0.41826382697102615
PF3D7_0621200	0.6582331322459758
PF3D7_0621300	0.29804457968751624
PF3D7_0621350	0.19498750024038536
PF3D7_0621400	1.0228636099297
PF3D7_0621500	-0.5746605563355166
PF3D7_0621600	-0.32575997449997196
PF3D7_0621700	0.05492893116888242
PF3D7_0621800	-0.4276018076735906
PF3D7_0621900	0.1552692145855701
PF3D7_0622000	0.09311959332712105
PF3D7_0622100	0.38467681939644294
PF3D7_0622200	-0.05599084358635664
PF3D7_0622300	-0.13132206874084895
PF3D7_0622400	0.08039109673362366
PF3D7_0622500	0.5424552741117145
PF3D7_0622600	-0.5965215424099293
PF3D7_0622700	0.28443907949607095
PF3D7_0622800	0.23497202145693397
PF3D7_0622900	0.15633259181356463
PF3D7_0623000	-0.6970064447008482
PF3D7_0623100	-0.24018533680542808
PF3D7_0623200	-0.10693134749778865
PF3D7_0623300	-0.45019630557937806
PF3D7_0623400	-0.27974147855049886
PF3D7_0623500	-0.5171513098545011
PF3D7_0623600	-0.49548435348880127
PF3D7_0623700	-0.48277356485391143
PF3D7_0623800	-0.002955699483358387
PF3D7_0623900	-0.1820743418937114
PF3D7_0624000	0.028753774855234338
PF3D7_0624100	-0.44248742587998163
PF3D7_0624200	-0.45276402661629267
PF3D7_0624300	-0.5073781037803511
PF3D7_0624400	-0.40008471272535917
PF3D7_0624500	-0.5464123321812362
PF3D7_0624600	0.3759734704669586
PF3D7_0624700	-0.5535106781744527
PF3D7_0624800	0.13649704225740023
PF3D7_0624900	-0.557961390044208
PF3D7_0625000	-0.8085898746879204
PF3D7_0625100	0.19216265187254855
PF3D7_0625200	-0.2718949693785096
PF3D7_0625300	-0.042077630791559795
PF3D7_0625400	-0.412066073620493
PF3D7_0625500	-0.2704320913358972
PF3D7_0625600	-0.3261556128167863
PF3D7_0625700	0.8295558601816655
PF3D7_0625800	-0.5280992440620733
PF3D7_0625900	-0.25037845576745354
PF3D7_0626000	0.33929159076775445
PF3D7_0626100	-0.37140547397271195
PF3D7_0626200	-0.28129359936090603
PF3D7_0626300	0.49518656804865835
PF3D7_0626400	0.1442434437992819
PF3D7_0626500	0.34199840284431476
PF3D7_0626600	-0.6854917461380076
PF3D7_0626700	-0.11366306340415833
PF3D7_0626800	0.14016123826462373
PF3D7_0626840	0.0
PF3D7_0626900	-0.1429740118211138
PF3D7_0627000	-0.1618089423900806
PF3D7_0627100	-0.3946636478275504
PF3D7_0627200	-0.4569668867787543
PF3D7_0627300	-0.5443794558041305
PF3D7_0627400	-0.6027415079266054
PF3D7_0627500	-0.6054154413554484
PF3D7_0627600	-0.2773647220647799
PF3D7_0627700	0.053122732301011
PF3D7_0627800	-0.3176092213027115
PF3D7_0627900	-0.06926642963760682
PF3D7_0628000	-0.13519986699494724
PF3D7_0628100	-0.049965078906782034
PF3D7_0628200	0.012442767435103974
PF3D7_0628300	-0.12263674221227228
PF3D7_0628400	-0.6177195372235764
PF3D7_0628500	-0.2692537287612826
PF3D7_0628600	-0.30075716361638716
PF3D7_0628700	0.34990241323178445
PF3D7_0628800	-0.4847693072004079
PF3D7_0628900	-0.11802997889468536
PF3D7_0629000	-0.3145377221856691
PF3D7_0629100	0.7233178389702812
PF3D7_0629200	0.5614986541899957
PF3D7_0629300	-0.6874038495665722
PF3D7_0629400	0.1932192640113548
PF3D7_0629500	0.3398841622994003
PF3D7_0629600	0.07249862606919022
PF3D7_0629700	0.19704066919539232
PF3D7_0629800	0.32091142435607056
PF3D7_0629900	-0.6909944752170346
PF3D7_0630000	-0.13834583309294793
PF3D7_0630100	-0.4210114686112646
PF3D7_0630200	1.4900262876122683
PF3D7_0630300	0.051348237483925585
PF3D7_0630400	0.7164376086798561
PF3D7_0630500	0.7350778091856531
PF3D7_0630600	-0.15062064694463384
PF3D7_0630700	0.11748367456176423
PF3D7_0630800	-0.12893830899497982
PF3D7_0630900	-0.1805538994971444
PF3D7_0631000	-0.07737333833344007
PF3D7_0631100	-0.37034377079624803
PF3D7_0631200	-0.3333333333333333
PF3D7_0631300	0.0
PF3D7_0631400	2.325759974499972
PF3D7_0631500	0.5283208335737187
PF3D7_0631600	-0.3333333333333333
PF3D7_0631700	0.0
PF3D7_0631800	0.3333333333333333
PF3D7_0631900	-0.1159410375952693
PF3D7_0632000	-0.3333333333333333
PF3D7_0632100	0.6666666666666666
PF3D7_0632200	0.0
PF3D7_0632300	0.3333333333333333
PF3D7_0632400	1.2972846928849437
PF3D7_0632500	-1.7554831612050514
PF3D7_0632600	0.3333333333333333
PF3D7_0632700	-0.2663894744317701
PF3D7_0632800	-1.2002000188890678
PF3D7_0700100	-1.802892772724221
PF3D7_0700200	-0.5048019647140025
PF3D7_0700300	0.0
PF3D7_0700400	0.3333333333333333
PF3D7_0700500	-0.2826656355183166
PF3D7_0700600	0.0
PF3D7_0700700	0.0
PF3D7_0700800	0.03317855785030487
PF3D7_0700900	0.3333333333333333
PF3D7_0701000	0.0
PF3D7_0701100	-0.6836456550750752
PF3D7_0701200	-0.3333333333333333
PF3D7_0701300	0.0
PF3D7_0701400	0.0
PF3D7_0701500	0.0
PF3D7_0701600	0.8926906350375459
PF3D7_0701700	0.0
PF3D7_0701800	-1.1949875002403854
PF3D7_0701900	-0.7133100870481583
PF3D7_0702000	0.2923810840714887
PF3D7_0702100	-1.0767065944536862
PF3D7_0702200	-0.473161134770012
PF3D7_0702300	0.6802139948324487
PF3D7_0702400	-0.328165495022662
PF3D7_0702500	-0.5874059254530442
PF3D7_0702600	0.7739760316291209
PF3D7_0702700	0.0
PF3D7_0702800	-0.3333333333333333
PF3D7_0702900	-0.6451369876191595
PF3D7_0703000	0.03773719949780979
PF3D7_0703100	-0.3384874265883515
PF3D7_0703200	-0.09581713929355407
PF3D7_0703300	-0.586796725216285
PF3D7_0703400	-0.27721390321860806
PF3D7_0703500	-0.050602892040287006
PF3D7_0703600	-0.45435042578613316
PF3D7_0703700	0.5720852996319878
PF3D7_0703800	-0.0818639035047925
PF3D7_0703900	0.404920292205706
PF3D7_0704000	0.5998981292227954
PF3D7_0704100	0.5513700955356022
PF3D7_0704200	-0.028070353197854336
PF3D7_0704300	0.31443978027539243
PF3D7_0704400	0.4296146516371929
PF3D7_0704500	0.11884345568994992
PF3D7_0704600	0.2152422545886592
PF3D7_0704700	0.5083994129001744
PF3D7_0704800	-0.18342873702463383
PF3D7_0704900	-0.21404473034969185
PF3D7_0705000	-0.2467369252007947
PF3D7_0705100	0.20639023196379175
PF3D7_0705200	0.6294630317853023
PF3D7_0705300	0.5377326780379769
PF3D7_0705400	0.09285514671284917
PF3D7_0705500	0.07250866545189893
PF3D7_0705600	-0.5729283125321096
PF3D7_0705700	-0.4266407151602112
PF3D7_0705800	-0.5250552323576811
PF3D7_0705900	-0.34062125752092
PF3D7_0706000	0.8345938229117149
PF3D7_0706100	-0.48790406784531404
PF3D7_0706200	-0.27004257393254183
PF3D7_0706300	1.0145419476453892
PF3D7_0706400	-0.9195703775011237
PF3D7_0706500	0.036429089005886706
PF3D7_0706600	0.8876550042408098
PF3D7_0706700	-1.6531193385008847
PF3D7_0706800	0.0
PF3D7_0706900	0.0
PF3D7_0707000	0.0
PF3D7_0707100	0.0
PF3D7_0707200	0.1712694152325639
PF3D7_0707300	0.5491394948972649
PF3D7_0707400	0.16289336692648348
PF3D7_0707420	0.0
PF3D7_0707500	0.3023635131617799
PF3D7_0707600	-0.18846776239342217
PF3D7_0707700	-0.5338651060422998
PF3D7_0707800	-0.36778778189870304
PF3D7_0707900	-0.16048771595945638
PF3D7_0708000	-0.4480342613380329
PF3D7_0708100	-0.8956940068305101
PF3D7_0708200	-0.980368770315477
PF3D7_0708300	-0.6510144017777646
PF3D7_0708400	1.2633407535735317
PF3D7_0708500	-0.36165269031061986
PF3D7_0708600	-1.0611290870829584
PF3D7_0708700	-0.6123721384035391
PF3D7_0708800	0.7644815051794195
PF3D7_0708900	0.23825211527684398
PF3D7_0709000	-0.426391532995285
PF3D7_0709050	0.3333333333333333
PF3D7_0709100	-0.09516041876110282
PF3D7_0709200	-0.32302823520495916
PF3D7_0709300	0.1808074682839289
PF3D7_0709400	-0.18316079264244
PF3D7_0709500	0.3926877431387781
PF3D7_0709600	-0.27327605882873807
PF3D7_0709700	0.4039357251041036
PF3D7_0709800	-0.5281105588231174
PF3D7_0709900	0.017051267859658714
PF3D7_0710000	0.37953474065175336
PF3D7_0710100	0.23991252124895834
PF3D7_0710200	1.379852596804096
PF3D7_0710300	-0.7454837522170763
PF3D7_0710400	0.09065815006233602
PF3D7_0710500	0.1355312393961338
PF3D7_0710600	-0.3683149121239766
PF3D7_0710700	-0.1021497882450053
PF3D7_0710800	0.41459588992231694
PF3D7_0710900	0.14574274722927721
PF3D7_0711000	0.059359896950818225
PF3D7_0711100	0.6527061846280975
PF3D7_0711200	0.03752558403901155
PF3D7_0711300	-0.04177123250737891
PF3D7_0711400	-0.03898125490544446
PF3D7_0711500	0.1370469485470819
PF3D7_0711600	0.0
PF3D7_0711700	-0.7703676766251232
PF3D7_0711800	0.3333333333333333
PF3D7_0711900	-0.3333333333333333
PF3D7_0712000	-0.8469517824736881
PF3D7_0712100	0.0
PF3D7_0712200	0.5283208335737187
PF3D7_0712300	-1.5164165676248553
PF3D7_0712400	0.05652868738726478
PF3D7_0712500	0.0
PF3D7_0712600	-1.2408220081570303
PF3D7_0712700	-0.3333333333333333
PF3D7_0712800	-0.4791351041024327
PF3D7_0712900	-0.9302520046752957
PF3D7_0713000	0.5283208335737187
PF3D7_0713100	-0.01748913996471191
PF3D7_0713200	0.5283208335737187
PF3D7_0713300	-0.861654166907052
PF3D7_0713400	-0.0931914492451218
PF3D7_0713500	0.3710089539263337
PF3D7_0713600	0.3334739581390899
PF3D7_0713700	-0.3036131644835799
PF3D7_0713800	0.13255594707387408
PF3D7_0713900	0.05929559702571563
PF3D7_0714000	-0.2953170952466764
PF3D7_0714100	-0.4541900264615695
PF3D7_0714200	-0.4231781140346972
PF3D7_0714300	-0.06386235220855307
PF3D7_0714400	0.10585541254773398
PF3D7_0714500	-0.3451384786882531
PF3D7_0714600	-0.1791628263102359
PF3D7_0714700	-0.5283208335737187
PF3D7_0714800	0.0
PF3D7_0714900	0.5283208335737187
PF3D7_0715000	-0.19600583134036317
PF3D7_0715100	-0.16857338875859507
PF3D7_0715200	-0.05800628475808889
PF3D7_0715300	-0.3021523239038111
PF3D7_0715400	-0.6380540785111639
PF3D7_0715500	-1.1616077906004971
PF3D7_0715600	-0.8063658372437776
PF3D7_0715700	-0.8687285906028899
PF3D7_0715800	0.1761560918930205
PF3D7_0715900	0.2892476314555709
PF3D7_0716000	0.12360373722882834
PF3D7_0716100	0.5258058673503663
PF3D7_0716200	0.006290740373586345
PF3D7_0716300	0.9023993648931672
PF3D7_0716400	-0.7763083456121889
PF3D7_0716500	-0.05465295330097997
PF3D7_0716600	-0.9488292383786132
PF3D7_0716700	0.022277169492736282
PF3D7_0716800	0.016218920754047517
PF3D7_0716900	0.6148066250632871
PF3D7_0717000	-0.5289243266754069
PF3D7_0717100	-0.0686906760677703
PF3D7_0717200	-0.5678896833676065
PF3D7_0717300	-0.5192295338461645
PF3D7_0717400	-0.34824078313198836
PF3D7_0717500	-0.22287502820730937
PF3D7_0717600	-0.11410593414383818
PF3D7_0717700	0.23582211296529706
PF3D7_0717800	0.10071768924018204
PF3D7_0717900	-0.18614387955572403
PF3D7_0718000	-0.14540878073377983
PF3D7_0718100	0.5380961823107657
PF3D7_0718300	-0.61599896885165
PF3D7_0718400	-0.6442602645715414
PF3D7_0718500	-0.17811254993021564
PF3D7_0718600	0.19867100825209727
PF3D7_0718700	0.5655016890853372
PF3D7_0718800	-0.2490064196100431
PF3D7_0718900	-0.6666666666666666
PF3D7_0719000	0.2758617738045346
PF3D7_0719100	-0.42307523647231926
PF3D7_0719200	-0.8681864654196494
PF3D7_0719300	-0.2168585375868135
PF3D7_0719400	0.784867940545033
PF3D7_0719500	-0.09735915137940801
PF3D7_0719600	-0.2817293334797276
PF3D7_0719700	-0.35988946531749477
PF3D7_0719800	-0.5337339540435568
PF3D7_0719900	0.126738053801994
PF3D7_0720000	-0.40103948308847004
PF3D7_0720100	-0.01233877282504478
PF3D7_0720200	-0.3133124200270233
PF3D7_0720300	1.0783400098880656
PF3D7_0720400	0.3457798796976711
PF3D7_0720500	-0.08205697856979999
PF3D7_0720600	-1.091892848052647
PF3D7_0720700	-0.1753228021768044
PF3D7_0720800	-0.34880880361932864
PF3D7_0720900	-0.36101483000870505
PF3D7_0721000	0.10490444249214859
PF3D7_0721100	0.5311683762495498
PF3D7_0721200	-0.5639141746802239
PF3D7_0721300	0.23094462825405127
PF3D7_0721400	-0.6155552169492255
PF3D7_0721500	0.780213627596815
PF3D7_0721600	-0.3075512608097084
PF3D7_0721700	-0.8604052742221613
PF3D7_0721800	-0.28971537490986
PF3D7_0721900	-0.18194446098474126
PF3D7_0722000	0.036896132254586655
PF3D7_0722100	-0.8307837073581352
PF3D7_0722200	0.22311517532634867
PF3D7_0722300	-0.21409329893168033
PF3D7_0722400	0.3952778349929155
PF3D7_0722500	-0.2814915887939515
PF3D7_0722600	-0.09645660442919407
PF3D7_0722700	-0.7649328243190767
PF3D7_0722800	-1.3058070877002292
PF3D7_0722900	-0.4277531912245499
PF3D7_0723000	1.4539587697382081
PF3D7_0723100	1.3022968652028395
PF3D7_0723200	-0.5759032701642326
PF3D7_0723300	-0.280589806486664
PF3D7_0723400	0.2919047998116715
PF3D7_0723500	1.1284171174587938
PF3D7_0723600	-0.7738004065233557
PF3D7_0723700	-0.437776538966364
PF3D7_0723800	-0.0863170247333116
PF3D7_0723900	-0.19450062915585065
PF3D7_0724000	-0.01255425825136651
PF3D7_0724100	0.36673737501504056
PF3D7_0724200	-0.5316987876603341
PF3D7_0724300	-0.6556356431067591
PF3D7_0724400	-0.8130798985626206
PF3D7_0724500	-1.5391279928045112
PF3D7_0724600	0.0702249388195173
PF3D7_0724700	-0.6225221002375301
PF3D7_0724800	-0.31985859455908583
PF3D7_0724900	0.032986160029389255
PF3D7_0725000	0.8300575427919583
PF3D7_0725100	0.36562061612781327
PF3D7_0725200	-0.10092135102745614
PF3D7_0725300	-0.6293568064198363
PF3D7_0725400	-0.9018392462851119
PF3D7_0725600	-2.234779298429454
PF3D7_0725700	0.5283208335737187
PF3D7_0725800	-0.3333333333333333
PF3D7_0725900	0.0
PF3D7_0726000	-2.1338646525134695
PF3D7_0726100	-0.2504840495972862
PF3D7_0726200	-1.034548123211986
PF3D7_0726300	-0.06013539677945523
PF3D7_0726400	0.005409600030603201
PF3D7_0726500	0.08492405229566602
PF3D7_0726600	-0.4834816334607053
PF3D7_0726700	-0.6504381940693774
PF3D7_0726800	0.9269609035654712
PF3D7_0726900	0.22546749371112682
PF3D7_0727000	-0.10711862821105134
PF3D7_0727100	-0.624901185323849
PF3D7_0727200	-0.07439138512078813
PF3D7_0727300	0.040038191580397536
PF3D7_0727400	-0.3498465799618449
PF3D7_0727500	-0.03236333387009427
PF3D7_0727600	-0.18115814858315818
PF3D7_0727700	0.2084809177176818
PF3D7_0727800	0.231338822820494
PF3D7_0727900	-0.32603152602807994
PF3D7_0728000	-0.13852660138422018
PF3D7_0728100	0.41809584127853006
PF3D7_0728200	0.038865028816651215
PF3D7_0728300	0.15757220023149276
PF3D7_0728400	0.6337755205995108
PF3D7_0728500	-0.07974447023792086
PF3D7_0728600	0.6385561082735655
PF3D7_0728700	0.31727237990855695
PF3D7_0728800	-0.38763861021855334
PF3D7_0728900	-0.997406490654076
PF3D7_0729000	-0.49071469868124473
PF3D7_0729100	-0.018224791217607894
PF3D7_0729200	-0.2173800664535216
PF3D7_0729300	0.5361477412952433
PF3D7_0729400	-0.014362591351880671
PF3D7_0729500	-0.44725355199258277
PF3D7_0729600	-0.8277014907371134
PF3D7_0729700	1.2267940219332798
PF3D7_0729800	0.05664166714743746
PF3D7_0729900	0.400977012623424
PF3D7_0730000	0.0480353482054281
PF3D7_0730100	-0.3616067354891497
PF3D7_0730200	-0.4149218366086366
PF3D7_0730300	-0.08090021886718657
PF3D7_0730400	-0.7282132883512555
PF3D7_0730500	0.6283989052443341
PF3D7_0730600	0.6666666666666666
PF3D7_0730700	0.0
PF3D7_0730800	0.12055079735489693
PF3D7_0730900	0.07388627134589698
PF3D7_0731000	0.788774071415272
PF3D7_0731100	-0.0732250341258387
PF3D7_0731200	-0.008197944303796723
PF3D7_0731300	-0.17416158807959287
PF3D7_0731400	0.19909629793157263
PF3D7_0731500	-0.754023547675992
PF3D7_0731600	0.8883289526165151
PF3D7_0731700	-0.005494089781000411
PF3D7_0731800	-0.2146484007255352
PF3D7_0731900	0.6666666666666666
PF3D7_0732000	-0.9532741139839133
PF3D7_0732100	0.0
PF3D7_0732200	0.579207071881914
PF3D7_0732300	1.0
PF3D7_0732400	-0.5789885313887353
PF3D7_0732500	-1.8616541669070517
PF3D7_0732600	0.3333333333333333
PF3D7_0732700	0.6862978963511897
PF3D7_0732800	0.19498750024038541
PF3D7_0732900	-0.27523127446439366
PF3D7_0733000	-1.1986837365398744
PF3D7_0800100	-1.1196467922020024
PF3D7_0800200	-0.9002166238096146
PF3D7_0800300	-1.1643439207995943
PF3D7_0800400	-0.10691663456336054
PF3D7_0800500	0.031036468130493877
PF3D7_0800600	0.19498750024038536
PF3D7_0800650	1.4406426982957872
PF3D7_0800700	-0.7508809333290662
PF3D7_0800750	0.5283208335737187
PF3D7_0800800	-0.4716791664262812
PF3D7_0800900	-0.3333333333333333
PF3D7_0801000	0.27595367157257045
PF3D7_0801100	-1.8056268919395242
PF3D7_0801200	-0.3333333333333333
PF3D7_0801300	0.07413080711214926
PF3D7_0801400	-0.5470606851587997
PF3D7_0801500	-0.24769477233319664
PF3D7_0801600	-0.613767417993647
PF3D7_0801700	0.40340489071807706
PF3D7_0801800	0.0995963983605973
PF3D7_0801900	0.22804839480067662
PF3D7_0802000	0.6325049134229637
PF3D7_0802100	-0.09578278899460213
PF3D7_0802200	-0.10429816253160534
PF3D7_0802300	0.04967650951841135
PF3D7_0802400	-0.41692033557411445
PF3D7_0802500	-0.25472721079271254
PF3D7_0802600	0.304984912505034
PF3D7_0802700	-0.10328000853782755
PF3D7_0802800	-0.0787255682125354
PF3D7_0802900	-0.06907173974294123
PF3D7_0803000	-0.4637065336253735
PF3D7_0803100	0.3670816448675701
PF3D7_0803200	0.045874186650338815
PF3D7_0803300	-0.36478505173368186
PF3D7_0803400	-0.2875666780659083
PF3D7_0803500	-0.261385485115312
PF3D7_0803600	-0.02164922128827529
PF3D7_0803700	-0.5431606382644649
PF3D7_0803800	0.2680193708375026
PF3D7_0803900	-0.6666666666666666
PF3D7_0804000	-0.3336853186137357
PF3D7_0804100	0.0
PF3D7_0804200	0.0
PF3D7_0804300	-0.6599325746087157
PF3D7_0804400	-0.18588158574354335
PF3D7_0804500	0.6873357893472121
PF3D7_0804600	0.10431660350785388
PF3D7_0804700	0.6638103189474779
PF3D7_0804800	-0.01946828530306899
PF3D7_0804900	-0.3556930404017817
PF3D7_0805000	-0.5018301832570311
PF3D7_0805100	-0.43102116494187626
PF3D7_0805200	-0.8594028002387482
PF3D7_0805300	-0.19761024801816526
PF3D7_0805400	-0.7393681291686482
PF3D7_0805500	0.015165752088511952
PF3D7_0805600	-0.6663663644001483
PF3D7_0805700	0.2709956597059061
PF3D7_0805800	0.20256085907374655
PF3D7_0805900	-0.3865035433713303
PF3D7_0806000	0.013115990949588152
PF3D7_0806100	0.1964322372973431
PF3D7_0806200	0.5235126158244303
PF3D7_0806300	0.12218655842236059
PF3D7_0806400	0.37671279611731623
PF3D7_0806500	-0.27662175806777933
PF3D7_0806600	-0.1425290214154542
PF3D7_0806700	-0.380166247560121
PF3D7_0806800	-0.053146744550023606
PF3D7_0806900	-0.39063398625366375
PF3D7_0807000	-0.9400607922577726
PF3D7_0807100	0.21180580226891177
PF3D7_0807200	0.22200299892455178
PF3D7_0807300	-1.1329420074382297
PF3D7_0807400	-0.0836550746939897
PF3D7_0807500	-0.11512063990881516
PF3D7_0807600	-0.32092750977900786
PF3D7_0807700	-0.5026696605681231
PF3D7_0807800	0.028912100422072595
PF3D7_0807900	-0.03128989640900906
PF3D7_0808000	-0.8251986059368493
PF3D7_0808100	0.014032388116269612
PF3D7_0808200	-0.954639807782272
PF3D7_0808300	0.031097167351967547
PF3D7_0808400	-0.007812519358407544
PF3D7_0808500	1.1949875002403854
PF3D7_0808600	-1.312699720763448
PF3D7_0808700	-1.2769595248336034
PF3D7_0808800	0.49547404417186974
PF3D7_0808900	-0.42690943045592
PF3D7_0809000	0.0
PF3D7_0809100	-1.3347212603129095
PF3D7_0809200	0.6179629127055308
PF3D7_0809300	-0.55003514596497
PF3D7_0809400	0.04299442708981627
PF3D7_0809500	-0.5791930690535863
PF3D7_0809600	-0.2589122145433732
PF3D7_0809700	-0.7171256221154179
PF3D7_0809800	0.2055031548615469
PF3D7_0809900	0.05241074204452578
PF3D7_0810000	-0.5253652546781828
PF3D7_0810100	-0.4044918166690843
PF3D7_0810200	0.33778942640729626
PF3D7_0810300	-0.9586867528613997
PF3D7_0810400	-0.03141626402678377
PF3D7_0810500	-0.11536428182175928
PF3D7_0810600	-0.03274489218483745
PF3D7_0810700	0.7312497604135342
PF3D7_0810800	0.536486427790074
PF3D7_0810900	0.029275815677115458
PF3D7_0811000	-0.0072499296160795645
PF3D7_0811100	0.3181621702644508
PF3D7_0811200	0.6808527437662242
PF3D7_0811300	-0.10774300320325558
PF3D7_0811400	-0.17052932433505233
PF3D7_0811500	0.12314450148675475
PF3D7_0811600	0.33787768503667714
PF3D7_0811700	1.2206315581597753
PF3D7_0811800	-0.3686396173105265
PF3D7_0811900	-0.5067403438395693
PF3D7_0812000	0.07444729172177075
PF3D7_0812100	0.6171662176402104
PF3D7_0812200	0.32422946537767167
PF3D7_0812220	-0.8842922689079359
PF3D7_0812300	0.7224794635753886
PF3D7_0812400	0.17042462993790924
PF3D7_0812500	0.07946740603254265
PF3D7_0812600	-0.5154376816339359
PF3D7_0812700	-0.011864207699411544
PF3D7_0812800	-0.5791372207669077
PF3D7_0812900	-0.2035961626963536
PF3D7_0813000	-0.04536879363814683
PF3D7_0813100	0.22487362653868814
PF3D7_0813200	0.0007635403280617514
PF3D7_0813300	0.23348959099893057
PF3D7_0813400	0.09809878882526846
PF3D7_0813500	-0.26851448604119577
PF3D7_0813600	-0.5355880096957979
PF3D7_0813700	-0.28682223679349483
PF3D7_0813800	-0.7431957965569216
PF3D7_0813900	-0.7731250598608654
PF3D7_0814000	-0.013930836687969239
PF3D7_0814100	0.18333485085820445
PF3D7_0814200	-0.21596367716509507
PF3D7_0814300	-0.6198614262068489
PF3D7_0814400	0.2775570734465622
PF3D7_0814500	0.051067917184999936
PF3D7_0814600	-0.44355926633916964
PF3D7_0814700	0.2025608590737465
PF3D7_0814900	-0.0098440109182803
PF3D7_0815000	0.1508745165287012
PF3D7_0815100	0.39533458822679257
PF3D7_0815200	0.0718008410554849
PF3D7_0815300	-0.2624630072922013
PF3D7_0815400	-0.8225290126147364
PF3D7_0815500	0.6650692165685269
PF3D7_0815600	-0.4708728527059911
PF3D7_0815700	0.505575921656235
PF3D7_0815800	0.05125478979539566
PF3D7_0815900	1.1106939965639047
PF3D7_0816000	-0.05839252764538588
PF3D7_0816100	-0.3971807274566148
PF3D7_0816200	-0.11375431086338184
PF3D7_0816300	-0.34622434998836993
PF3D7_0816400	-0.5853091248429251
PF3D7_0816500	0.6109633380549139
PF3D7_0816600	-0.13770534041675997
PF3D7_0816700	0.15778688235852356
PF3D7_0816800	-1.84810683874127
PF3D7_0816900	0.6159989688516501
PF3D7_0817000	0.34721971721240485
PF3D7_0817100	-0.16520618512729773
PF3D7_0817200	-0.030393038726539146
PF3D7_0817300	-0.14241306347790816
PF3D7_0817400	-0.13573670822498607
PF3D7_0817500	-0.42451915188115086
PF3D7_0817600	-0.6023183037022761
PF3D7_0817700	-0.1677171037785592
PF3D7_0817800	-0.6250602986506678
PF3D7_0817900	-0.9342268393796722
PF3D7_0818000	-0.3101667975575625
PF3D7_0818100	-0.40751835252724433
PF3D7_0818200	-0.019574685841947215
PF3D7_0818300	0.25162916738782287
PF3D7_0818400	-0.2919424181035545
PF3D7_0818500	0.21331170951909229
PF3D7_0818600	-0.9482324532225467
PF3D7_0818700	-0.30605453659977044
PF3D7_0818800	-0.14053028779409527
PF3D7_0818900	0.2968028542647778
PF3D7_0819000	-0.15160536752353115
PF3D7_0819100	0.5086863497601699
PF3D7_0819200	-0.14209004468290828
PF3D7_0819300	-1.1657998229454392
PF3D7_0819400	-5.551115123125783e-17
PF3D7_0819500	-0.6763903764060849
PF3D7_0819600	-0.09458956885568735
PF3D7_0819700	-0.6441972665383668
PF3D7_0819800	0.19027675414482492
PF3D7_0819900	-0.8447425705412147
PF3D7_0820000	-0.6433300369838116
PF3D7_0820100	-0.4493656909427255
PF3D7_0820200	0.2026910508106619
PF3D7_0820300	-0.02772746785779706
PF3D7_0820400	-0.30665266180432954
PF3D7_0820500	0.0018242751275198699
PF3D7_0820600	0.08065171722486264
PF3D7_0820700	-0.31447804754039854
PF3D7_0820800	-0.2912097787662084
PF3D7_0820900	0.6294723365364283
PF3D7_0821000	-0.06277489804508107
PF3D7_0821100	-0.6662856499201393
PF3D7_0821200	-0.41386241135777624
PF3D7_0821300	-0.21405098566320824
PF3D7_0821400	-0.7587491464809473
PF3D7_0821500	0.29437155769629375
PF3D7_0821600	0.09095800831286278
PF3D7_0821700	-0.23353570304482252
PF3D7_0821800	-0.3262112614063366
PF3D7_0821900	-0.49724960791339634
PF3D7_0822000	-0.6262339577619072
PF3D7_0822100	-0.10872100557742725
PF3D7_0822200	-0.7146432643031226
PF3D7_0822300	-0.8644735097621884
PF3D7_0822400	-0.6463888753878995
PF3D7_0822500	0.3063600015388109
PF3D7_0822600	-0.3403139743427494
PF3D7_0822700	-0.028424727116407367
PF3D7_0822800	-0.1849900014250937
PF3D7_0822900	-0.2472042314056786
PF3D7_0823000	-0.10008745403189034
PF3D7_0823100	-0.7169325396733427
PF3D7_0823200	-0.36156570140702804
PF3D7_0823300	-0.47100481842028596
PF3D7_0823400	-0.4210114686112649
PF3D7_0823500	-0.1274093131762476
PF3D7_0823600	1.2536895769267373
PF3D7_0823700	0.22745991553203382
PF3D7_0823800	0.3954589251191284
PF3D7_0823900	-0.5055155316431091
PF3D7_0824000	-0.5320343527754525
PF3D7_0824100	0.1231373879018481
PF3D7_0824200	0.03671610673427511
PF3D7_0824300	-0.017623688076526034
PF3D7_0824400	0.3002200937808527
PF3D7_0824500	-0.051327087350216016
PF3D7_0824600	-0.20227401982918713
PF3D7_0824700	-0.5680547701042993
PF3D7_0824800	0.19698533368216783
PF3D7_0824900	0.7011405429464701
PF3D7_0825000	-0.12583758994809668
PF3D7_0825100	0.3333333333333333
PF3D7_0825200	-0.6485564618763584
PF3D7_0825300	0.4256318617481285
PF3D7_0825400	-0.8818298907003774
PF3D7_0825500	0.3881490907747614
PF3D7_0825600	0.06869804093392218
PF3D7_0825700	0.8050124997596146
PF3D7_0825800	-1.050261362051963
PF3D7_0825900	-1.0134260036287404
PF3D7_0826000	-0.5022344031372837
PF3D7_0826100	0.3455880026185332
PF3D7_0826200	0.0031127847972323153
PF3D7_0826300	-0.09030710835486044
PF3D7_0826400	-0.29258440063016955
PF3D7_0826500	0.11896504819261716
PF3D7_0826600	-0.10955579869835841
PF3D7_0826700	-0.1706123269052373
PF3D7_0826800	0.0
PF3D7_0826900	-0.052683532920485554
PF3D7_0827000	0.006194818522398338
PF3D7_0827100	-0.5836937517689458
PF3D7_0827200	-0.00866506951098156
PF3D7_0827300	-0.12041441123633405
PF3D7_0827400	-1.6050425250647984
PF3D7_0827500	-0.23459421455600016
PF3D7_0827600	-0.26726303421085906
PF3D7_0827700	-0.861654166907052
PF3D7_0827800	0.18696643885255415
PF3D7_0827900	0.4312747390867589
PF3D7_0828000	-0.1414333787538513
PF3D7_0828100	-0.13709631835491723
PF3D7_0828200	-0.5178178735503378
PF3D7_0828300	0.2596439057752797
PF3D7_0828400	-0.1544852486144325
PF3D7_0828500	-0.4303843949583308
PF3D7_0828600	0.043772069983938
PF3D7_0828700	0.26767256536837536
PF3D7_0828800	-0.1897317282876133
PF3D7_0828900	-0.37110338111303903
PF3D7_0829000	0.2719130949143922
PF3D7_0829100	-0.34339942604592544
PF3D7_0829200	-0.2027729560111058
PF3D7_0829300	-1.0314924877733174
PF3D7_0829400	-0.13604708550690559
PF3D7_0829500	0.2628069003053767
PF3D7_0829600	-0.2564167348868427
PF3D7_0829700	0.4157925937724287
PF3D7_0829800	-1.0978895569631093
PF3D7_0829900	-2.1939354433349125
PF3D7_0830000	0.3333333333333333
PF3D7_0830100	-0.0960732898152799
PF3D7_0830200	-2.142242484521531
PF3D7_0830300	0.6100249995192293
PF3D7_0830400	-0.5198209620946572
PF3D7_0830500	-0.048637036313304405
PF3D7_0830600	0.36219654508905247
PF3D7_0830700	-0.487438315184655
PF3D7_0830800	-0.19337177775584202
PF3D7_0830900	-0.1955670954927588
PF3D7_0831000	1.352964563017856
PF3D7_0831100	0.2616623696763831
PF3D7_0831200	-0.04189452818722905
PF3D7_0831300	-0.08115820861389911
PF3D7_0831400	0.4454700825880797
PF3D7_0831500	0.48445506291973317
PF3D7_0831600	-0.7044325679951162
PF3D7_0831700	-0.05205832864056992
PF3D7_0831750	-0.06777970160196074
PF3D7_0831800	0.0461773575915686
PF3D7_0831900	-0.03514445123556735
PF3D7_0832000	-0.3200663306473417
PF3D7_0832100	0.6220828703703908
PF3D7_0832200	0.015044823963815457
PF3D7_0832250	0.3333333333333333
PF3D7_0832300	-0.47167916642628127
PF3D7_0832400	0.5283208335737186
PF3D7_0832500	-0.861654166907052
PF3D7_0832600	-0.6666666666666666
PF3D7_0832700	0.0
PF3D7_0832800	0.3333333333333333
PF3D7_0832900	-0.22602396837087912
PF3D7_0833000	-0.6666666666666666
PF3D7_0833100	-0.6666666666666666
PF3D7_0833200	-0.3333333333333333
PF3D7_0833300	-0.3333333333333333
PF3D7_0833400	0.11077929265509745
PF3D7_0833500	-1.060924927317143
PF3D7_0900100	-1.3695051031976715
PF3D7_0900200	-0.23271865500992783
PF3D7_0900300	-0.8926906350375459
PF3D7_0900400	-0.01786646312801865
PF3D7_0900500	-0.5283208335737187
PF3D7_0900600	-0.10730936496245413
PF3D7_0900700	0.3333333333333333
PF3D7_0900800	0.5283208335737187
PF3D7_0900900	0.3333333333333333
PF3D7_0901000	0.6666666666666666
PF3D7_0901100	0.0
PF3D7_0901200	0.0
PF3D7_0901300	-0.1383458330929479
PF3D7_0901400	-0.5283208335737187
PF3D7_0901500	0.0741308071121494
PF3D7_0901600	0.9123218647220684
PF3D7_0901700	0.07573018963600053
PF3D7_0901800	0.4717908096161738
PF3D7_0901900	0.3646016602730837
PF3D7_0902000	-0.4685053721630902
PF3D7_0902100	-0.6680053311205691
PF3D7_0902200	-0.33041577297791663
PF3D7_0902300	-0.49556379707129855
PF3D7_0902400	-0.2471236253756217
PF3D7_0902500	0.24970248566577385
PF3D7_0902600	-0.7287740687797034
PF3D7_0902700	0.06343928933870358
PF3D7_0902800	0.3406754092714291
PF3D7_0902900	0.7407974737788159
PF3D7_0903000	-0.15153506763165336
PF3D7_0903100	-0.6176520229311244
PF3D7_0903200	0.026855477829323626
PF3D7_0903300	0.2178603513075128
PF3D7_0903400	0.9011053453188258
PF3D7_0903500	-0.3650123295585923
PF3D7_0903600	0.04796297622757195
PF3D7_0903700	-0.5331072053976649
PF3D7_0903800	0.6666666666666666
PF3D7_0903900	-0.3233065552922303
PF3D7_0904000	-0.18640124516118928
PF3D7_0904100	0.30410531905823024
PF3D7_0904200	-0.42020867253948846
PF3D7_0904300	-0.7503080564759946
PF3D7_0904400	-0.0984587895778164
PF3D7_0904500	0.19687046118588913
PF3D7_0904600	-0.23151065595465403
PF3D7_0904700	-0.297318422859568
PF3D7_0904800	0.369947131524771
PF3D7_0904900	0.4551481450103285
PF3D7_0905000	-0.16765015144321316
PF3D7_0905100	-0.3059453506464741
PF3D7_0905200	-0.3396659072267025
PF3D7_0905300	-0.5597749196722657
PF3D7_0905400	0.36521193448092437
PF3D7_0905500	-0.3990852066571584
PF3D7_0905600	0.754344801944598
PF3D7_0905700	-0.7134774280673856
PF3D7_0905800	-0.6253504596845031
PF3D7_0905900	0.010277310817228158
PF3D7_0906000	-0.22359676486264624
PF3D7_0906100	-0.3758354611314034
PF3D7_0906200	-0.26480413796805713
PF3D7_0906300	-0.011008921027660767
PF3D7_0906400	0.4940505650457936
PF3D7_0906500	-0.1797470922258353
PF3D7_0906600	-0.08832377708121447
PF3D7_0906700	-0.21816781132474444
PF3D7_0906800	-0.012887206789701566
PF3D7_0906890	0.9714335801724382
PF3D7_0906910	-0.1000732552156979
PF3D7_0907000	-0.06228866329852445
PF3D7_0907100	0.42669019653894563
PF3D7_0907200	-0.15609220769442123
PF3D7_0907300	0.2197776253602871
PF3D7_0907400	-0.20850511879216954
PF3D7_0907500	-0.4640804477686793
PF3D7_0907600	0.5872777357656096
PF3D7_0907700	-0.1914797253816044
PF3D7_0907800	-0.332076369292303
PF3D7_0907900	-0.3489072022662587
PF3D7_0908000	-0.2226554567073597
PF3D7_0908100	-0.04834098265890008
PF3D7_0908200	-0.3258295898635778
PF3D7_0908300	-0.03148683571874833
PF3D7_0908400	0.0652399030691182
PF3D7_0908500	0.19585194631019454
PF3D7_0908600	-0.004643605789043326
PF3D7_0908700	-0.05304585260624117
PF3D7_0908800	-0.33370743688057847
PF3D7_0908900	-0.5417160690430054
PF3D7_0909000	-0.3190972462291234
PF3D7_0909100	0.029299215133105294
PF3D7_0909200	1.0391525271827255
PF3D7_0909300	-0.6258956785282994
PF3D7_0909400	0.2177092680869196
PF3D7_0909500	0.17134024447325014
PF3D7_0909600	-0.07511211510066687
PF3D7_0909700	0.06371085211409
PF3D7_0909800	-1.0028239099941514
PF3D7_0909900	-0.17760657162685367
PF3D7_0910000	-0.19901177767391032
PF3D7_0910100	0.18664583420459607
PF3D7_0910200	0.046689392592809575
PF3D7_0910300	0.10197473225511622
PF3D7_0910400	0.18882983089636135
PF3D7_0910500	0.11557975906641685
PF3D7_0910600	-0.715096142902115
PF3D7_0910700	-0.6284524780196257
PF3D7_0910800	0.180829996183405
PF3D7_0910900	0.09309931766187797
PF3D7_0911000	-0.19627910785696426
PF3D7_0911100	-1.1909125391975386
PF3D7_0911200	0.029077181289052456
PF3D7_0911300	-0.7916280759164132
PF3D7_0911400	0.3934017909733939
PF3D7_0911500	-1.0235938688279687
PF3D7_0911600	-0.33310780146298063
PF3D7_0911700	-0.2787080064472919
PF3D7_0911800	-0.47262126522245457
PF3D7_0911900	-0.1447049368576503
PF3D7_0912000	0.33949819653638114
PF3D7_0912100	-0.2883120106873374
PF3D7_0912200	0.8791433068717639
PF3D7_0912400	0.29541207964771743
PF3D7_0912500	-0.2235485904228527
PF3D7_0912600	-0.6337256481380414
PF3D7_0912700	-0.7759065479908165
PF3D7_0912800	-0.03964590918870266
PF3D7_0912900	0.16983410698429985
PF3D7_0913000	-0.9846017798358557
PF3D7_0913100	-0.25104702480203434
PF3D7_0913200	0.5262028976682583
PF3D7_0913300	-0.32925080351912
PF3D7_0913400	-0.10767798993160038
PF3D7_0913500	0.23541498331322197
PF3D7_0913600	0.6392870845264825
PF3D7_0913700	-0.2664220441116641
PF3D7_0913800	-0.5551840765029923
PF3D7_0913900	0.09507250008714102
PF3D7_0914000	-0.03139224577577915
PF3D7_0914100	-0.4912446033942915
PF3D7_0914200	-0.9192862371089485
PF3D7_0914300	0.2054209671266125
PF3D7_0914400	-0.5490760032829305
PF3D7_0914500	-0.0024272252405502792
PF3D7_0914600	-0.46458658294954114
PF3D7_0914700	-0.4857405119331346
PF3D7_0914800	-0.7589710635042075
PF3D7_0914900	0.4572477165722406
PF3D7_0915000	0.08715124550049463
PF3D7_0915100	-0.356874146940938
PF3D7_0915200	-0.36901641386208134
PF3D7_0915300	-0.46320753156689826
PF3D7_0915400	0.3706175929784621
PF3D7_0915500	1.2826656355183166
PF3D7_0915600	-0.993336032759986
PF3D7_0915700	-0.3123060824443774
PF3D7_0915800	0.6290386312287031
PF3D7_0915900	-0.37724922730206845
PF3D7_0916000	-0.4079905741298345
PF3D7_0916100	-0.6173834636896095
PF3D7_0916200	-0.20302083065299925
PF3D7_0916300	-0.6279146104412077
PF3D7_0916400	0.3198245414252185
PF3D7_0916500	-0.4692008555195457
PF3D7_0916600	0.12793698050845292
PF3D7_0916700	-0.09209054852384202
PF3D7_0916800	-0.08320114160104031
PF3D7_0916900	-0.4388752255868913
PF3D7_0917000	0.24819072602715542
PF3D7_0917100	-0.6586611608793478
PF3D7_0917200	0.5789885313887353
PF3D7_0917300	-0.3595377545810024
PF3D7_0917400	0.4355049835397733
PF3D7_0917500	0.31619686397472857
PF3D7_0917600	-0.434219530188236
PF3D7_0917700	0.7192840563805791
PF3D7_0917800	-0.8779325426637402
PF3D7_0917900	0.6917557931656708
PF3D7_0918000	0.28878558068250204
PF3D7_0918100	-0.34354823416039837
PF3D7_0918200	-0.7743836635239763
PF3D7_0918300	-0.3764763760019427
PF3D7_0918400	-0.8090367771931395
PF3D7_0918500	-0.85244262277838
PF3D7_0918600	0.2897119510920776
PF3D7_0918700	-1.2947235063694782
PF3D7_0918800	-0.44263120695284114
PF3D7_0918900	-0.18680368602499853
PF3D7_0919000	-0.18468759420208156
PF3D7_0919100	0.4604137288313679
PF3D7_0919200	-0.10312605968727939
PF3D7_0919300	-1.0140880808480521
PF3D7_0919400	0.9014004181079774
PF3D7_0919500	0.2959547632231507
PF3D7_0919600	-0.476797092680429
PF3D7_0919700	-0.24068768555467002
PF3D7_0919800	-0.031397691263248984
PF3D7_0919900	0.6117613441204715
PF3D7_0920000	1.1333371460337982
PF3D7_0920100	-0.44998611814772416
PF3D7_0920200	-1.098011197788849
PF3D7_0920300	0.24294250824084307
PF3D7_0920400	0.1611663887477972
PF3D7_0920500	-0.7664565170112115
PF3D7_0920600	-0.06299596538958174
PF3D7_0920700	0.10103179041492347
PF3D7_0920800	-0.10326164928519259
PF3D7_0920900	-0.4947361047035188
PF3D7_0921000	-0.5661572300329947
PF3D7_0921100	0.38404330606789383
PF3D7_0921200	0.022787486164890375
PF3D7_0921300	0.7086316037752177
PF3D7_0921400	0.762286293425227
PF3D7_0921500	-0.07319246857646489
PF3D7_0921600	0.28406161651466855
PF3D7_0921700	-0.49743364895606523
PF3D7_0921800	-0.19198245759204943
PF3D7_0921900	0.15638175131783574
PF3D7_0922000	-1.1185633194097422
PF3D7_0922100	0.5100610248510767
PF3D7_0922200	0.28020522070554077
PF3D7_0922300	-0.8864954287546658
PF3D7_0922400	0.7835729981212265
PF3D7_0922500	0.16213879315099766
PF3D7_0922600	-0.1520575515382106
PF3D7_0922700	-0.4783712667105815
PF3D7_0922800	0.4041774990411493
PF3D7_0922900	-0.15077174328551007
PF3D7_0923000	0.21007481567554775
PF3D7_0923100	0.4972843654432248
PF3D7_0923200	-0.3488588613679693
PF3D7_0923300	0.2163031391670034
PF3D7_0923400	-0.1550182704169305
PF3D7_0923500	-0.24581845251264348
PF3D7_0923600	0.35199690051820226
PF3D7_0923700	0.0027401689349894898
PF3D7_0923800	-0.3474480569864516
PF3D7_0923900	-0.2583301569614229
PF3D7_0924000	-0.21473481434242675
PF3D7_0924100	-0.24813394980938513
PF3D7_0924200	-0.158940540972421
PF3D7_0924300	0.05185216431125113
PF3D7_0924400	-0.2696245128112795
PF3D7_0924500	0.36491976258649017
PF3D7_0924600	0.788632269607558
PF3D7_0924700	0.008213405706533727
PF3D7_0924800	-0.2841476038620474
PF3D7_0924900	0.6607935983975939
PF3D7_0925000	-0.26592873773627534
PF3D7_0925100	0.8150107465255604
PF3D7_0925200	0.019567103869675917
PF3D7_0925300	-0.317238426336531
PF3D7_0925400	-0.23336172961382395
PF3D7_0925500	-0.6131890590912348
PF3D7_0925600	-0.7478126278553399
PF3D7_0925700	-0.6053590744856382
PF3D7_0925800	-0.2692359770983359
PF3D7_0925900	0.549103767641189
PF3D7_0926000	-0.6673898898105408
PF3D7_0926100	-0.2952438024405959
PF3D7_0926200	-0.2657692554092752
PF3D7_0926300	-0.6086156485740617
PF3D7_0926400	0.5296591012137183
PF3D7_0926500	0.1378901089660174
PF3D7_0926600	-0.07993763137712784
PF3D7_0926700	0.8812935381570366
PF3D7_0926800	-0.06871897887497536
PF3D7_0926900	-0.060340051065185946
PF3D7_0927000	-0.22503896085767439
PF3D7_0927100	0.16430724196521962
PF3D7_0927200	-0.22112673412282957
PF3D7_0927300	0.19770495295986876
PF3D7_0927400	0.46893899749129175
PF3D7_0927500	-0.050274967415922855
PF3D7_0927600	0.15329907693006578
PF3D7_0927700	-0.04170004433957475
PF3D7_0927800	-0.909350471464654
PF3D7_0927900	-0.2639331741950106
PF3D7_0928000	-0.5403253996700048
PF3D7_0928100	-0.012769785632491981
PF3D7_0928200	0.26456955958798684
PF3D7_0928300	-0.48930229953876925
PF3D7_0928400	-0.6344675716733246
PF3D7_0928500	-0.17351396053370527
PF3D7_0928600	-0.00036924135868543484
PF3D7_0928700	0.2692882977536023
PF3D7_0928800	0.06108028445929159
PF3D7_0928900	-0.3435868468560531
PF3D7_0929000	-0.4271791700327362
PF3D7_0929100	-0.45410693643561173
PF3D7_0929200	-0.3557980987878897
PF3D7_0929300	0.041293577527845154
PF3D7_0929400	0.488020131066337
PF3D7_0929500	1.1307724742595868
PF3D7_0929600	-0.11707602658109723
PF3D7_0929700	-0.43565202111271684
PF3D7_0929800	-0.4176602470566235
PF3D7_0929900	0.6702296880830847
PF3D7_0930000	0.06253061673870342
PF3D7_0930100	-0.0009064373846107143
PF3D7_0930200	-0.00552983746560598
PF3D7_0930300	0.732980058116233
PF3D7_0930400	-0.2939521543125354
PF3D7_0930500	0.06450614618980788
PF3D7_0930600	-0.574530763264704
PF3D7_0930700	-0.6383396777970732
PF3D7_0930800	0.09798230875333924
PF3D7_0930900	-0.5017377594453066
PF3D7_0931000	0.030008086245778665
PF3D7_0931100	0.31807330213761104
PF3D7_0931200	-0.4436711180984907
PF3D7_0931300	0.1201171561994927
PF3D7_0931400	-0.3108231800235693
PF3D7_0931500	-0.3549277227715415
PF3D7_0931600	0.5283208335737187
PF3D7_0931700	-0.4040322901217761
PF3D7_0931800	0.2593591198911196
PF3D7_0931900	0.45635043133488773
PF3D7_0932000	-0.7901499015578966
PF3D7_0932100	0.09812342454084444
PF3D7_0932200	-0.8031953810778405
PF3D7_0932300	0.3426490944065789
PF3D7_0932400	-0.5528931522016574
PF3D7_0932500	-0.6411048285068114
PF3D7_0932600	-0.9120217402765
PF3D7_0932700	0.08029717426548527
PF3D7_0932800	0.17365683676166876
PF3D7_0932900	0.19498750024038541
PF3D7_0933000	-0.19507123343825006
PF3D7_0933100	-0.577564196052897
PF3D7_0933200	-0.8495863966586419
PF3D7_0933300	-0.4495837426017633
PF3D7_0933400	0.6204848348795287
PF3D7_0933500	-0.16548092045163476
PF3D7_0933600	-0.27649216749899796
PF3D7_0933700	-0.2155096264136937
PF3D7_0933800	-0.21184367071170862
PF3D7_0933900	-0.5529539154901727
PF3D7_0934000	0.2474270992654251
PF3D7_0934100	-0.30317723972280347
PF3D7_0934200	-0.03069097397295817
PF3D7_0934300	-0.747802417263205
PF3D7_0934400	-0.6226773716121765
PF3D7_0934500	-0.2282603467701675
PF3D7_0934600	-0.500833446843061
PF3D7_0934700	0.4161744881998848
PF3D7_0934800	0.06649845269548588
PF3D7_0934900	0.7969250859901184
PF3D7_0935000	-0.5914221404438346
PF3D7_0935100	1.0777572654794798
PF3D7_0935200	0.14532529115811915
PF3D7_0935300	0.1950194699325536
PF3D7_0935400	0.37436286126570717
PF3D7_0935500	0.19140833795244527
PF3D7_0935600	-0.18934570203553622
PF3D7_0935700	0.06857835912761323
PF3D7_0935800	0.784734702277101
PF3D7_0935900	-0.2517665786945734
PF3D7_0936000	0.09336930639757848
PF3D7_0936100	-0.09571581031652807
PF3D7_0936200	0.01888009316997219
PF3D7_0936300	0.01840688238240612
PF3D7_0936400	-0.24767440503080962
PF3D7_0936500	-0.3333333333333333
PF3D7_0936600	-0.3178552421647014
PF3D7_0936700	0.0
PF3D7_0936800	-0.46874939906573215
PF3D7_0936900	0.6100249995192293
PF3D7_0937000	-0.3333333333333333
PF3D7_0937100	0.0
PF3D7_0937200	-0.6666666666666667
PF3D7_0937300	0.0
PF3D7_0937400	0.3333333333333333
PF3D7_0937500	-0.3197860051675515
PF3D7_0937600	-0.3333333333333333
PF3D7_0937700	-0.39764016588111084
PF3D7_0937800	-0.9717042872359969
PF3D7_1000100	-0.9927456671699921
PF3D7_1000200	-0.05299511327725126
PF3D7_1000300	-0.3333333333333333
PF3D7_1000400	0.6024516406858683
PF3D7_1000500	-0.7310820252256438
PF3D7_1000600	-0.6947535868815412
PF3D7_1000700	-0.3333333333333333
PF3D7_1000800	-0.5479520632582414
PF3D7_1000900	0.3333333333333333
PF3D7_1001000	0.41008591287614027
PF3D7_1001100	-0.3191546747402622
PF3D7_1001200	0.43800496283889556
PF3D7_1001300	0.3669616603000896
PF3D7_1001400	-0.05491182075159928
PF3D7_1001500	-0.6666569067787569
PF3D7_1001600	0.3588075145604086
PF3D7_1001700	0.48685366364601707
PF3D7_1001800	0.16151233115901564
PF3D7_1001900	-0.44657534903204876
PF3D7_1002000	-0.7233083338141041
PF3D7_1002100	-0.5550783246773772
PF3D7_1002200	-0.22945305443305597
PF3D7_1002300	1.4074641404454824
PF3D7_1002400	-0.2313667013182434
PF3D7_1002500	-0.6940709770280278
PF3D7_1002600	-0.2796960231894061
PF3D7_1002700	0.5904603977742897
PF3D7_1002800	0.32249179048401844
PF3D7_1002900	-0.7292803021932894
PF3D7_1003000	0.588496295908558
PF3D7_1003100	-0.4486997260406662
PF3D7_1003200	-0.46076480392821284
PF3D7_1003300	0.38317033513994936
PF3D7_1003400	0.04835820292464599
PF3D7_1003500	-0.4564892217212868
PF3D7_1003600	-0.19350399146997843
PF3D7_1003700	0.3667921504236109
PF3D7_1003800	-0.24469055309505172
PF3D7_1003900	-0.050667697815016566
PF3D7_1004000	-0.3133089559904373
PF3D7_1004100	0.26934956407589633
PF3D7_1004200	0.4667894246560058
PF3D7_1004300	-0.4140179864254049
PF3D7_1004400	-0.08416375810912735
PF3D7_1004500	0.4277944908753124
PF3D7_1004600	0.25478083126772594
PF3D7_1004700	-0.8993119482351661
PF3D7_1004800	-0.30507238393630587
PF3D7_1004900	-0.3128049606856761
PF3D7_1005000	-0.9667094954986601
PF3D7_1005100	0.4260488009531498
PF3D7_1005200	-0.2299657801698094
PF3D7_1005300	-1.0716709636569501
PF3D7_1005400	0.4210114686112646
PF3D7_1005500	-0.22209957443771344
PF3D7_1005600	-0.11292002237711696
PF3D7_1005700	0.7216749183797246
PF3D7_1005800	-0.02434829066913413
PF3D7_1005900	-0.6235911084572725
PF3D7_1006000	0.6666666666666666
PF3D7_1006100	-0.5754366003260156
PF3D7_1006200	-0.626941204703138
PF3D7_1006300	-0.47167916642628116
PF3D7_1006400	-0.6598270707006209
PF3D7_1006500	-0.016144086409199288
PF3D7_1006600	-0.5028165093124056
PF3D7_1006700	-0.5552332880543366
PF3D7_1006800	-0.00198837854054168
PF3D7_1006900	-0.5703786056456053
PF3D7_1007000	0.1803374811385739
PF3D7_1007100	-0.4765347190090702
PF3D7_1007200	-0.24852336090134236
PF3D7_1007300	0.09458013977755736
PF3D7_1007400	-0.7227559469183406
PF3D7_1007500	0.350521064108007
PF3D7_1007600	-0.5035605184323634
PF3D7_1007700	-0.05012235968233525
PF3D7_1007800	0.21213652378529196
PF3D7_1007900	0.09912825372836565
PF3D7_1008000	0.0755537548619245
PF3D7_1008100	-0.2273019879390502
PF3D7_1008200	-0.4945580770150495
PF3D7_1008300	0.44676887473407234
PF3D7_1008400	-0.016581711915305858
PF3D7_1008500	0.08153749869106863
PF3D7_1008600	0.3019471613763456
PF3D7_1008700	0.0050172159272956485
PF3D7_1008800	-0.059772921109688376
PF3D7_1008900	-0.16497954225829609
PF3D7_1009000	-0.32921386778418693
PF3D7_1009100	-1.0566416671474375
PF3D7_1009200	-0.4723842404957707
PF3D7_1009300	-0.025716184977901957
PF3D7_1009400	-0.08602945167976012
PF3D7_1009500	-0.4293735506634564
PF3D7_1009600	-1.0075862541158496
PF3D7_1009700	-0.5300665276087181
PF3D7_1009800	-0.11354412627256094
PF3D7_1009900	-0.2506981336634084
PF3D7_1010000	-0.175265392276733
PF3D7_1010100	-0.4036099806059286
PF3D7_1010200	-0.29681363726677235
PF3D7_1010300	0.09984617832714493
PF3D7_1010400	-0.5989653364740191
PF3D7_1010500	-0.08485760902853251
PF3D7_1010600	-0.39481980393946214
PF3D7_1010700	-0.5547483140926137
PF3D7_1010800	-0.2786080861745782
PF3D7_1010900	-0.35067658109036887
PF3D7_1011000	-0.808456487208613
PF3D7_1011100	-0.09398696586857572
PF3D7_1011200	-0.8335550136304332
PF3D7_1011300	0.020821902647193413
PF3D7_1011400	-0.29979013597190707
PF3D7_1011500	-0.3426657816405124
PF3D7_1011600	-0.25729979475853104
PF3D7_1011700	-0.04255488275682723
PF3D7_1011800	0.2967963709078637
PF3D7_1011900	-0.20110576097706534
PF3D7_1012000	-0.4268093714583331
PF3D7_1012100	-0.6009851609318082
PF3D7_1012200	0.48801379081583407
PF3D7_1012300	-0.6269371754191019
PF3D7_1012400	-0.3947732065437142
PF3D7_1012500	0.2983485159495297
PF3D7_1012600	0.6127791942392414
PF3D7_1012700	-0.2986213982429986
PF3D7_1012800	1.3839028687592863
PF3D7_1012900	-0.07750191242877558
PF3D7_1013000	-0.08810407748036082
PF3D7_1013100	0.10679809049339029
PF3D7_1013200	0.06352851500446843
PF3D7_1013300	0.12491714673093668
PF3D7_1013400	-0.46439901207816237
PF3D7_1013500	0.07753139537357667
PF3D7_1013600	0.4527285449915951
PF3D7_1013700	-0.4598110695008655
PF3D7_1013800	-0.5744436527598815
PF3D7_1013900	-0.2531320928774187
PF3D7_1014000	-0.0413419949868275
PF3D7_1014100	1.0582477222798743
PF3D7_1014200	1.0
PF3D7_1014300	0.8343085087926351
PF3D7_1014400	0.1137752223631805
PF3D7_1014500	-0.014974603958520419
PF3D7_1014600	-0.042981931506235416
PF3D7_1014700	-0.7162160796758116
PF3D7_1014800	-0.3938717647870728
PF3D7_1014900	0.5221384725611546
PF3D7_1015000	0.09982587136722176
PF3D7_1015100	-0.3194644889923148
PF3D7_1015200	0.10679800414716134
PF3D7_1015300	-0.31415082174010484
PF3D7_1015400	-0.3194701813450712
PF3D7_1015500	-0.36664479489301915
PF3D7_1015600	-0.16330595525525632
PF3D7_1015700	0.08593495105729992
PF3D7_1015800	0.09731130984685343
PF3D7_1015900	0.5692013821563903
PF3D7_1016000	-0.22399301444460495
PF3D7_1016100	0.4716791664262812
PF3D7_1016200	0.19454722542567393
PF3D7_1016300	1.1593914606967215
PF3D7_1016400	0.004815471408284672
PF3D7_1016500	0.8982307749195848
PF3D7_1016600	0.5708195873575763
PF3D7_1016700	0.10904244638275828
PF3D7_1016800	0.2402776520822783
PF3D7_1016900	-0.5342973930912651
PF3D7_1017000	0.10280390892128832
PF3D7_1017100	0.0262191079476618
PF3D7_1017200	-0.19296610122663027
PF3D7_1017300	0.0316915797062115
PF3D7_1017400	-0.2862250200479644
PF3D7_1017500	-0.21396812101200852
PF3D7_1017600	0.24681214421848052
PF3D7_1017700	-0.3610263492430067
PF3D7_1017800	0.574743939907786
PF3D7_1017900	0.3183905981946154
PF3D7_1018000	-0.4839955044138829
PF3D7_1018100	-0.5828204110013452
PF3D7_1018200	0.1492602987924707
PF3D7_1018300	-0.7166991048126903
PF3D7_1018400	0.6540107166003264
PF3D7_1018500	-0.6600089332131096
PF3D7_1018600	0.12578067549729766
PF3D7_1018700	-0.1942532987364688
PF3D7_1018800	-0.18357176112292486
PF3D7_1018900	-0.4165522702750909
PF3D7_1019000	0.009435496840081492
PF3D7_1019100	0.5315233750092955
PF3D7_1019200	0.8800346849712055
PF3D7_1019300	-0.2941387682614227
PF3D7_1019400	-1.2332010749188371
PF3D7_1019500	-0.18655024687901445
PF3D7_1019600	0.2840901218313029
PF3D7_1019700	0.24568423152655827
PF3D7_1019800	0.40080959910531117
PF3D7_1019900	-1.0022451197088527
PF3D7_1020000	-0.44525067509496263
PF3D7_1020100	0.6774738258974592
PF3D7_1020200	0.43675779070398196
PF3D7_1020300	-0.09717494106647656
PF3D7_1020400	-0.9866903931410866
PF3D7_1020500	0.5592554056667589
PF3D7_1020600	0.14591010776096236
PF3D7_1020700	0.4567468404850088
PF3D7_1020800	-0.5098616246244503
PF3D7_1020900	-0.7217166741942047
PF3D7_1021000	-0.5085827237268359
PF3D7_1021100	0.7483494301141496
PF3D7_1021200	0.1864626439430696
PF3D7_1021300	-0.35804249964631174
PF3D7_1021400	-0.06078042029719588
PF3D7_1021500	0.1879947950842804
PF3D7_1021600	-0.1409527660069949
PF3D7_1021700	-0.720743863727861
PF3D7_1021800	0.022671801350766074
PF3D7_1021900	0.5792314410145694
PF3D7_1022000	0.1365218155957384
PF3D7_1022100	-0.053936390088524105
PF3D7_1022200	0.3174764248279627
PF3D7_1022300	0.04822946814009321
PF3D7_1022400	-0.14330533532899803
PF3D7_1022500	-0.163922063701225
PF3D7_1022600	0.854702967044588
PF3D7_1022700	-0.13992424528050162
PF3D7_1022800	-0.7555370916667561
PF3D7_1022900	-0.8460384640191607
PF3D7_1023000	0.06315172292033877
PF3D7_1023100	0.17965876514899207
PF3D7_1023200	0.8051249475335172
PF3D7_1023300	0.05309723759704588
PF3D7_1023400	-0.4808654481808653
PF3D7_1023500	-0.3499696348070729
PF3D7_1023600	-0.05542436965904063
PF3D7_1023700	-1.5283208335737186
PF3D7_1023800	-0.6375183207035091
PF3D7_1023900	-0.08253998498035764
PF3D7_1024000	-0.3828788393183889
PF3D7_1024100	0.002382761297227809
PF3D7_1024200	-0.5370416057921128
PF3D7_1024300	0.26519290288578246
PF3D7_1024400	-1.0457598562019097
PF3D7_1024500	0.18778660593287694
PF3D7_1024600	-0.08586125068463518
PF3D7_1024700	-0.2756529440123707
PF3D7_1024800	0.2408987021306409
PF3D7_1024900	-0.20829054666473737
PF3D7_1025000	0.1151448860500297
PF3D7_1025100	-0.46218341145016373
PF3D7_1025200	-0.01780231866645643
PF3D7_1025300	-0.09641977215588049
PF3D7_1025400	-0.5816861480767899
PF3D7_1025500	-0.10555209250609798
PF3D7_1025600	-0.2703769366218469
PF3D7_1025700	-0.14003458387574497
PF3D7_1025800	-1.1121622726792282
PF3D7_1025900	0.1518844780844213
PF3D7_1026000	-0.04776208926514361
PF3D7_1026100	-0.43311278769411393
PF3D7_1026200	-0.3315111592474891
PF3D7_1026300	-0.09989890497132325
PF3D7_1026400	-0.7531468479730306
PF3D7_1026500	-0.9830700717375037
PF3D7_1026600	-0.8283360828360129
PF3D7_1026800	-0.14108356647231873
PF3D7_1026900	0.18697234225150178
PF3D7_1027000	0.30617884485576885
PF3D7_1027100	0.3817641282286318
PF3D7_1027200	-0.5559143943410532
PF3D7_1027300	0.6081140324025293
PF3D7_1027400	-0.7272420682481462
PF3D7_1027500	-0.4462806261367902
PF3D7_1027600	-0.4505068177041066
PF3D7_1027700	-0.6713874474621191
PF3D7_1027800	0.32289662277992176
PF3D7_1027900	-0.8717203073235762
PF3D7_1028000	-0.25169470527355725
PF3D7_1028100	0.8154984855212815
PF3D7_1028200	-0.6787995174195611
PF3D7_1028300	0.23020752900659913
PF3D7_1028400	-0.010917842246129055
PF3D7_1028500	-0.5194396295377637
PF3D7_1028600	-0.6998030650361796
PF3D7_1028700	-0.023440944920273196
PF3D7_1028800	-0.9414704922662145
PF3D7_1028900	0.9748935212899694
PF3D7_1029000	0.756486891664409
PF3D7_1029100	-0.5768414407508626
PF3D7_1029200	0.3601921518883662
PF3D7_1029300	-0.508630464103774
PF3D7_1029400	0.004916537667325471
PF3D7_1029500	0.8616541669070521
PF3D7_1029600	-0.12288602329280018
PF3D7_1029700	-0.9615075941933546
PF3D7_1029800	-0.7369914922772867
PF3D7_1029900	0.06316757627014485
PF3D7_1030000	-0.9945561298506203
PF3D7_1030100	-0.2935697656096765
PF3D7_1030200	-0.24626879408010802
PF3D7_1030300	0.17230773628534202
PF3D7_1030400	0.1271246919654757
PF3D7_1030500	0.7126277524566402
PF3D7_1030600	-0.2613944121380721
PF3D7_1030700	-0.02591527888939471
PF3D7_1030800	-0.5795623532553493
PF3D7_1030900	-0.04184362736128633
PF3D7_1031000	0.1567263511571015
PF3D7_1031100	0.0740033324004783
PF3D7_1031200	-0.0490912872571973
PF3D7_1031300	-0.025903461462995048
PF3D7_1031400	-0.32704320077447113
PF3D7_1031500	-0.5967648289823698
PF3D7_1031600	0.02093211658946681
PF3D7_1031700	-1.0724938322410826
PF3D7_1031800	-0.220093459936397
PF3D7_1031900	-0.3930670504761906
PF3D7_1032000	-0.7259045007673652
PF3D7_1032100	-0.045421444036908065
PF3D7_1032200	-0.6134178008594093
PF3D7_1032300	0.6043522572747437
PF3D7_1032400	-1.0740369688083158
PF3D7_1032500	-0.23000924779498633
PF3D7_1032600	-0.6079395713096162
PF3D7_1032700	0.5509924431221958
PF3D7_1032800	0.49532831406538247
PF3D7_1032900	0.10060525290461703
PF3D7_1033000	-0.9104920782640658
PF3D7_1033100	0.10855149077488235
PF3D7_1033200	0.10833499448713146
PF3D7_1033300	-0.7720330993134492
PF3D7_1033400	-0.29680693296401706
PF3D7_1033500	0.12959387118336585
PF3D7_1033600	-0.27323121236666936
PF3D7_1033700	-0.3445813055424879
PF3D7_1033800	0.0656725065695067
PF3D7_1033900	-0.17620104933901992
PF3D7_1034000	-0.49626829401080164
PF3D7_1034100	-2.071439706933589
PF3D7_1034200	-0.8131723991964642
PF3D7_1034300	0.3333333333333333
PF3D7_1034400	-0.6988215760827666
PF3D7_1034500	-0.14593566310499229
PF3D7_1034600	0.13535163917875814
PF3D7_1034700	-0.749396163369908
PF3D7_1034800	-0.41496751541869586
PF3D7_1034900	0.6541917944849979
PF3D7_1035000	0.3131844984835661
PF3D7_1035100	-0.18629585956349662
PF3D7_1035200	0.899552866262009
PF3D7_1035300	0.06574079620727613
PF3D7_1035400	0.17659774530133754
PF3D7_1035500	-0.43630430218637994
PF3D7_1035600	0.024376428580198242
PF3D7_1035700	0.03933292311946941
PF3D7_1035800	-0.7676245540585628
PF3D7_1035900	-0.33795564299343156
PF3D7_1036000	0.3009228512054418
PF3D7_1036300	0.08537729276548106
PF3D7_1036400	0.0
PF3D7_1036500	-0.26029021161539234
PF3D7_1036600	-0.2713354522482368
PF3D7_1036700	-0.3712964126505819
PF3D7_1036800	-0.0820113149282925
PF3D7_1036900	0.7624174549809191
PF3D7_1037000	0.06782316067642413
PF3D7_1037100	0.058581915619824634
PF3D7_1037200	0.19752522827701055
PF3D7_1037300	-0.06752347555604232
PF3D7_1037400	-0.4037140613654625
PF3D7_1037500	0.1270534880569729
PF3D7_1037600	-0.33213456661106217
PF3D7_1037700	-0.3141290795158027
PF3D7_1037800	0.15526359991449268
PF3D7_1037900	0.2603446385944219
PF3D7_1038000	-0.19965777350968383
PF3D7_1038100	0.13164645978245013
PF3D7_1038200	-0.023003498761880126
PF3D7_1038300	-0.23199793770330002
PF3D7_1038400	0.08493590465302603
PF3D7_1038500	0.2532310296217466
PF3D7_1038600	-0.9617025461208295
PF3D7_1038700	0.13137200798992357
PF3D7_1038800	-0.3490818153457902
PF3D7_1038900	0.46563851101378495
PF3D7_1039000	-0.034270629571529376
PF3D7_1039100	0.9200955561336085
PF3D7_1039200	0.3333333333333333
PF3D7_1039400	0.0
PF3D7_1039600	0.0
PF3D7_1039700	0.0
PF3D7_1039800	0.0
PF3D7_1039900	0.3333333333333333
PF3D7_1040000	0.0
PF3D7_1040100	0.0
PF3D7_1040200	-0.22602396837087935
PF3D7_1040300	0.16071723171246025
PF3D7_1040400	0.0
PF3D7_1040500	-1.251629167387823
PF3D7_1040600	-0.19498750024038536
PF3D7_1040700	1.3022968652028395
PF3D7_1040800	-0.3333333333333333
PF3D7_1040900	0.0
PF3D7_1041000	-0.8616541669070521
PF3D7_1041100	0.0
PF3D7_1041200	-0.44051678626652746
PF3D7_1041300	-1.158976211965431
PF3D7_1100100	-0.9831888885722804
PF3D7_1100200	-1.7586402517813238
PF3D7_1100300	0.5283208335737187
PF3D7_1100400	0.6666666666666667
PF3D7_1100500	-0.44064269829578745
PF3D7_1100600	0.0
PF3D7_1100700	-0.3333333333333333
PF3D7_1100800	0.3899750004807707
PF3D7_1100900	0.0
PF3D7_1101000	-0.6666666666666666
PF3D7_1101100	0.3144721572112106
PF3D7_1101200	0.0
PF3D7_1101300	-2.065465737601168
PF3D7_1101400	0.0
PF3D7_1101500	0.0
PF3D7_1101600	0.0
PF3D7_1101700	0.3333333333333333
PF3D7_1101800	0.0
PF3D7_1101900	0.0
PF3D7_1102100	0.0
PF3D7_1102200	-0.5283208335737186
PF3D7_1102300	-0.8077526686946042
PF3D7_1102400	-0.020393729900671342
PF3D7_1102500	0.6731398337103947
PF3D7_1102600	1.1058200533138893
PF3D7_1102700	-0.22182329614036034
PF3D7_1102800	-0.6266309322977115
PF3D7_1102900	0.7974391409262533
PF3D7_1103000	-1.0876781352779312
PF3D7_1103100	-0.30535312779591695
PF3D7_1103200	0.3333333333333333
PF3D7_1103300	-0.5283208335737187
PF3D7_1103400	-0.5346363390361559
PF3D7_1103500	-0.9774194696759686
PF3D7_1103600	-0.15627665705546606
PF3D7_1103700	0.03306475695575184
PF3D7_1103800	0.6797129957283949
PF3D7_1103900	0.16180894239008048
PF3D7_1104000	0.6828617212598704
PF3D7_1104100	-0.22979360962759865
PF3D7_1104200	-0.1602967830181049
PF3D7_1104300	-0.39588192779610387
PF3D7_1104400	-0.09560278599616145
PF3D7_1104500	-0.911430486622627
PF3D7_1104600	-0.07463647822819952
PF3D7_1104700	-0.743430421583611
PF3D7_1104800	-0.8266862494677683
PF3D7_1104900	-0.6320562292411795
PF3D7_1105000	-1.0520480912181918
PF3D7_1105100	-1.051037716303591
PF3D7_1105200	-0.8531206459309303
PF3D7_1105300	0.4246988824677629
PF3D7_1105400	0.04966620673031841
PF3D7_1105500	-0.5472510051358922
PF3D7_1105600	0.18456077110356028
PF3D7_1105700	-0.1251965509749658
PF3D7_1105800	-0.1221157858382328
PF3D7_1105900	0.0
PF3D7_1106000	-0.160387027422703
PF3D7_1106100	-0.3905599116467726
PF3D7_1106200	-0.6048674068394628
PF3D7_1106300	-0.6837062874065781
PF3D7_1106400	0.4393101004601574
PF3D7_1106500	-0.3453030736222338
PF3D7_1106600	-0.15236972035707697
PF3D7_1106700	-0.17977754357148357
PF3D7_1106800	0.052073061213498084
PF3D7_1106900	0.3001547754830286
PF3D7_1107000	-0.4555497384880234
PF3D7_1107100	-0.5935034517247122
PF3D7_1107200	0.24241670336161897
PF3D7_1107300	0.5274993991220476
PF3D7_1107400	-0.6525462462921802
PF3D7_1107500	-0.4559197512025118
PF3D7_1107600	0.19498750024038544
PF3D7_1107700	0.09141524908916487
PF3D7_1107800	0.013310165335804536
PF3D7_1107900	0.7753107549663439
PF3D7_1108000	-0.13399117386796805
PF3D7_1108100	-1.9155556651195
PF3D7_1108200	0.3168531627789337
PF3D7_1108300	0.330217949555223
PF3D7_1108400	0.17281170517268216
PF3D7_1108500	-0.7080488889311445
PF3D7_1108600	0.6430628244157384
PF3D7_1108700	0.056592978931751414
PF3D7_1108800	0.3899750004807707
PF3D7_1108900	-0.5718488701771003
PF3D7_1109000	-2.2281660580906903
PF3D7_1109100	-0.26802659667491424
PF3D7_1109200	-0.3114066417870638
PF3D7_1109300	-0.3333333333333333
PF3D7_1109400	-0.5272270919032005
PF3D7_1109500	0.0
PF3D7_1109600	0.0
PF3D7_1109700	0.0
PF3D7_1109800	0.3333333333333333
PF3D7_1109900	-0.41794152658589345
PF3D7_1110000	-0.30474152698632495
PF3D7_1110100	-0.451026365088278
PF3D7_1110200	-0.22731681431870232
PF3D7_1110300	-0.48832918888696575
PF3D7_1110400	0.4142623933758379
PF3D7_1110500	0.547793001328627
PF3D7_1110600	-0.7622648664879316
PF3D7_1110700	-0.5615982873183669
PF3D7_1110800	-0.5949367710701614
PF3D7_1110900	-0.042749221884148925
PF3D7_1111000	-0.340029960029724
PF3D7_1111100	0.23432794654543965
PF3D7_1111200	-0.32445989715523793
PF3D7_1111300	-0.273031124637396
PF3D7_1111400	-0.7217966834615164
PF3D7_1111500	-1.0727978090586257
PF3D7_1111600	-0.34968474143784856
PF3D7_1111700	-0.42576622675024467
PF3D7_1111800	-0.2037484259065541
PF3D7_1111900	-0.3755464729152958
PF3D7_1112000	-0.6827926854323997
PF3D7_1112100	0.6448052042664337
PF3D7_1112200	-0.5314659258323938
PF3D7_1112300	0.16568704171090085
PF3D7_1112400	-0.3143189258788395
PF3D7_1112500	0.5374992272417618
PF3D7_1112600	-0.5122266279080522
PF3D7_1112700	-0.5610438873909503
PF3D7_1112800	1.1185971822512153
PF3D7_1112900	0.2526273490150813
PF3D7_1113000	0.6060682809146641
PF3D7_1113100	-0.7286807771639874
PF3D7_1113200	-0.4360231282223672
PF3D7_1113300	-0.1851333276859879
PF3D7_1113400	-0.07617994019141061
PF3D7_1113500	-0.8269051567241646
PF3D7_1113600	-0.5189594145259961
PF3D7_1113700	0.26558393371125777
PF3D7_1113800	0.012426655824458788
PF3D7_1113900	0.8552845592578173
PF3D7_1114000	0.16567430025443308
PF3D7_1114100	-0.41832862713046437
PF3D7_1114200	-1.2214770799655974
PF3D7_1114300	-0.5283208335737187
PF3D7_1114400	0.2264587714347529
PF3D7_1114500	0.33315874689214797
PF3D7_1114600	-0.9479602660275728
PF3D7_1114700	-0.8956182143339446
PF3D7_1114800	-0.602095021938075
PF3D7_1114900	0.5689389556579459
PF3D7_1115000	-0.5254456996096319
PF3D7_1115100	-0.7966406824631606
PF3D7_1115200	-0.12949386055944134
PF3D7_1115300	-0.5243820303136691
PF3D7_1115400	-0.06842809977763442
PF3D7_1115500	-1.0844078228300447
PF3D7_1115600	-0.40873682973357517
PF3D7_1115700	0.23388199476237492
PF3D7_1115800	-0.3558410158448542
PF3D7_1115900	-0.4264063688148765
PF3D7_1116000	0.1768189705341346
PF3D7_1116100	0.10021064115559353
PF3D7_1116200	-1.0924136807861782
PF3D7_1116300	-0.44653427640380117
PF3D7_1116400	-0.3658339455290147
PF3D7_1116500	-0.02315245328504162
PF3D7_1116600	-0.4631871670234191
PF3D7_1116700	-0.11423266511411026
PF3D7_1116800	-0.20853775274652067
PF3D7_1116900	-1.3995659219863401
PF3D7_1117000	-0.039205221847021354
PF3D7_1117100	0.8109445580494217
PF3D7_1117200	-0.12019657175215581
PF3D7_1117300	-0.0071151794273265345
PF3D7_1117400	0.14906220527661374
PF3D7_1117500	-0.1333661488908172
PF3D7_1117600	-0.11639301116027778
PF3D7_1117700	-0.04641493402710517
PF3D7_1117800	0.017470807419540768
PF3D7_1117900	-0.13824738128233338
PF3D7_1118000	-0.5619587397055867
PF3D7_1118100	-1.063945167437088
PF3D7_1118200	0.17545764339749792
PF3D7_1118300	-0.027148908351628753
PF3D7_1118400	0.11301001203265193
PF3D7_1118500	-0.22909563623984075
PF3D7_1118600	-0.29828986590319206
PF3D7_1118700	-0.298302860229535
PF3D7_1118800	-0.0794683631435047
PF3D7_1118900	0.11702481351562644
PF3D7_1119000	0.14472517919621225
PF3D7_1119100	-0.30941947203423226
PF3D7_1119200	0.008558635898968103
PF3D7_1119300	-0.22321447805580988
PF3D7_1119400	0.23389380497719892
PF3D7_1119500	-0.3153460084831007
PF3D7_1119600	-0.2948513372761986
PF3D7_1119700	-0.19887430956582564
PF3D7_1119800	0.1320820469620442
PF3D7_1119900	-0.02647572596147918
PF3D7_1120000	0.39130785673270196
PF3D7_1120100	0.2937725125210213
PF3D7_1120200	-0.4687868933991296
PF3D7_1120300	-0.7216587364666929
PF3D7_1120400	-0.04304760413861769
PF3D7_1120500	0.39517902443929814
PF3D7_1120600	-0.584196241685774
PF3D7_1120700	0.04687743194898611
PF3D7_1120800	-0.4101139156822835
PF3D7_1120900	0.381885006629221
PF3D7_1121000	-0.2525369667446651
PF3D7_1121100	-0.1454037159007595
PF3D7_1121200	0.3098695420651757
PF3D7_1121300	0.29029037745112973
PF3D7_1121400	-0.3261734241965161
PF3D7_1121500	0.17339076068961948
PF3D7_1121600	-0.007850258673081312
PF3D7_1121700	-0.46437105811470425
PF3D7_1121800	-0.4641058075929202
PF3D7_1121900	-0.21628895239875415
PF3D7_1122000	0.2766916661858959
PF3D7_1122100	0.24753863069601367
PF3D7_1122200	-0.12516455963794637
PF3D7_1122300	-0.3768563319067706
PF3D7_1122400	0.15862590923087283
PF3D7_1122500	0.07585087105062954
PF3D7_1122600	0.09663479124520724
PF3D7_1122700	0.44670217395614675
PF3D7_1122800	-0.1836256426911841
PF3D7_1122900	-0.737803001756087
PF3D7_1123000	-0.09441202131858262
PF3D7_1123100	0.07568218327849685
PF3D7_1123200	-0.6366630422255997
PF3D7_1123300	0.7328399566884118
PF3D7_1123400	-0.07889754142325467
PF3D7_1123500	0.0911023243100264
PF3D7_1123600	-0.47258729340875805
PF3D7_1123700	-0.5997572495525147
PF3D7_1123800	0.2264453946088415
PF3D7_1123900	-0.5283702186280804
PF3D7_1124000	-0.20537708803538957
PF3D7_1124100	-0.20749035101286561
PF3D7_1124200	-0.49129554030895906
PF3D7_1124300	-0.5567810056348221
PF3D7_1124400	-0.06290383655714438
PF3D7_1124500	0.5982437139273139
PF3D7_1124600	0.16008980878946172
PF3D7_1124700	-0.2484432878624479
PF3D7_1124800	0.09067393965892467
PF3D7_1124900	-0.784830300795993
PF3D7_1125000	-0.3474487860966511
PF3D7_1125100	-0.06775081767077051
PF3D7_1125200	-0.11542284365187255
PF3D7_1125300	-0.6275167934686494
PF3D7_1125400	-0.3072192197553425
PF3D7_1125500	-0.0261849262776086
PF3D7_1125600	0.1338006358077679
PF3D7_1125700	-0.5159837413595632
PF3D7_1125800	-0.9191646326917979
PF3D7_1125900	-0.38326096795293496
PF3D7_1126000	0.3482171753657881
PF3D7_1126100	-0.2170718281213469
PF3D7_1126200	-0.4918433907330413
PF3D7_1126300	-1.2287595027447389
PF3D7_1126400	-0.9367965170293931
PF3D7_1126500	-0.07513486164372574
PF3D7_1126600	-0.8485419962171327
PF3D7_1126700	-0.10068297367181844
PF3D7_1126800	0.27185847628752424
PF3D7_1126900	-0.8735243263146462
PF3D7_1127000	0.054353549800148504
PF3D7_1127100	-0.20620964997006475
PF3D7_1127200	0.3643698014638271
PF3D7_1127300	0.676060055624122
PF3D7_1127400	-0.6158265262147714
PF3D7_1127500	0.27035653838781637
PF3D7_1127600	-0.533023663221091
PF3D7_1127700	0.8948327247573569
PF3D7_1127800	0.04252631381842603
PF3D7_1127900	-0.5157258226550181
PF3D7_1128000	0.040903451468464025
PF3D7_1128100	-0.3394435019666352
PF3D7_1128200	-0.41578351525804624
PF3D7_1128300	0.045680678413040576
PF3D7_1128400	0.08551708919637013
PF3D7_1128500	-0.5444238130445195
PF3D7_1128600	0.06967494037708427
PF3D7_1128700	-0.22680635444606567
PF3D7_1128900	-0.2188622982013297
PF3D7_1129000	-0.12504618952366653
PF3D7_1129100	0.43142464837843886
PF3D7_1129200	0.19764838804599819
PF3D7_1129300	0.3689062173170631
PF3D7_1129400	0.06397331346619128
PF3D7_1129500	-0.295558734843165
PF3D7_1129600	0.07743993473987842
PF3D7_1129700	0.6272004767354529
PF3D7_1129800	0.32783312316863256
PF3D7_1129850	0.19498750024038541
PF3D7_1129900	-0.380568481039898
PF3D7_1130000	-0.29917705480564083
PF3D7_1130100	-0.13302196812849487
PF3D7_1130200	0.06211395959819643
PF3D7_1130300	-0.42101146861126454
PF3D7_1130310	-0.24565519805540204
PF3D7_1130400	-0.18332822599559195
PF3D7_1130500	0.01130306132137937
PF3D7_1130600	-0.33568192889932247
PF3D7_1130700	0.266654854438905
PF3D7_1130800	-0.28462826192001633
PF3D7_1130900	0.7081367807299811
PF3D7_1131000	-0.25824754667013383
PF3D7_1131100	0.05818287863921684
PF3D7_1131200	-0.1115225461088452
PF3D7_1131300	0.04396632171732595
PF3D7_1131400	-0.08867901439744441
PF3D7_1131500	-0.5504281530047875
PF3D7_1131600	-0.2467709964059951
PF3D7_1131700	-1.6688087563864775
PF3D7_1131800	-0.3148246537978274
PF3D7_1131900	-0.12080762437180731
PF3D7_1132000	-0.13853615789518697
PF3D7_1132100	-0.2766916661858958
PF3D7_1132200	0.12436562253309771
PF3D7_1132300	0.2383295591859219
PF3D7_1132400	0.3776492270497229
PF3D7_1132500	1.6590933078333054
PF3D7_1132600	-0.6202875327440609
PF3D7_1132700	-0.16925225752585438
PF3D7_1132800	-0.5853948765587302
PF3D7_1132900	-0.4734840095149113
PF3D7_1133000	0.5825316698657046
PF3D7_1133100	-0.5556324148112047
PF3D7_1133200	0.4702086290460237
PF3D7_1133300	-0.02248946223568249
PF3D7_1133400	0.613611484022249
PF3D7_1133500	0.8017783509222836
PF3D7_1133600	0.5839743632014067
PF3D7_1133700	-0.3554555925468321
PF3D7_1133800	0.4288873253157003
PF3D7_1133900	0.15283045123567618
PF3D7_1134000	0.27025648271398534
PF3D7_1134100	0.36849262848416064
PF3D7_1134200	0.8635919588245795
PF3D7_1134300	0.1783401042725925
PF3D7_1134400	-0.9010877216526971
PF3D7_1134500	0.11343502790421488
PF3D7_1134600	0.8304679502762529
PF3D7_1134700	-0.6047536419766313
PF3D7_1134800	-0.06754562237693362
PF3D7_1134900	0.5997114717508785
PF3D7_1135000	0.7974391409262538
PF3D7_1135100	-0.26630910621921444
PF3D7_1135200	1.2049032813717362
PF3D7_1135300	0.03595016832577169
PF3D7_1135400	-0.14396223661581042
PF3D7_1135500	-0.653456229643371
PF3D7_1135600	-0.03370347649474281
PF3D7_1135700	-0.9705274836926081
PF3D7_1135800	0.40713930757597616
PF3D7_1135900	-0.25838557629498726
PF3D7_1136000	0.4204576946734875
PF3D7_1136100	-1.0300859533209676
PF3D7_1136200	-0.7984305340480473
PF3D7_1136300	1.0015919537242373
PF3D7_1136400	0.35996032701099406
PF3D7_1136500	-0.43622266526550024
PF3D7_1136600	0.09678340634306992
PF3D7_1136700	-0.04274026941040676
PF3D7_1136800	0.30106575188983664
PF3D7_1136900	-0.9183242285666077
PF3D7_1137000	-1.5866961327081874
PF3D7_1137100	-0.7198636353587962
PF3D7_1137200	0.4560396908183735
PF3D7_1137300	0.3423436038247397
PF3D7_1137400	-0.07627475381153055
PF3D7_1137500	-0.484677281268608
PF3D7_1137600	0.5789885313887353
PF3D7_1137700	-0.7566872242425875
PF3D7_1137800	-0.6887577398063887
PF3D7_1137900	-0.6666666666666666
PF3D7_1138000	0.01615273354657587
PF3D7_1138100	0.6390298741824583
PF3D7_1138200	-0.35406365851818244
PF3D7_1138300	0.814808305627196
PF3D7_1138400	-0.011400254457492709
PF3D7_1138500	-0.29749656135258185
PF3D7_1138600	-0.2669548927950326
PF3D7_1138700	0.516580749740542
PF3D7_1138800	-0.19229433747839464
PF3D7_1138900	-1.26641986386914
PF3D7_1139000	-0.5283208335737187
PF3D7_1139100	0.08069016606097557
PF3D7_1139200	-0.423774574643756
PF3D7_1139300	0.08212146710942814
PF3D7_1139400	-0.10730936496245391
PF3D7_1139500	0.35810108857286493
PF3D7_1139600	0.40520462956846204
PF3D7_1139700	-0.3017160157541434
PF3D7_1139800	1.035082771742914
PF3D7_1139900	-0.17666838855698264
PF3D7_1140000	0.8081092725604606
PF3D7_1140100	-0.45810817516985214
PF3D7_1140200	0.5219086517621051
PF3D7_1140300	0.3665658610335307
PF3D7_1140400	-0.2351040368335373
PF3D7_1140500	-0.20239620472681186
PF3D7_1140600	0.25220203896795973
PF3D7_1140700	0.09887876422360142
PF3D7_1140800	0.5356179016343537
PF3D7_1140900	-0.37173086204607925
PF3D7_1141000	-0.016981636689903074
PF3D7_1141100	1.0430943389816556
PF3D7_1141200	-0.5186601043733945
PF3D7_1141300	0.10107925195256934
PF3D7_1141400	-0.1425397882102864
PF3D7_1141500	-0.3435294399444743
PF3D7_1141600	0.04684002757011352
PF3D7_1141700	-0.470567824095022
PF3D7_1141800	-0.6091163767031008
PF3D7_1141900	-0.3333333333333333
PF3D7_1142000	-0.2260239683708793
PF3D7_1142100	0.3413038890939454
PF3D7_1142200	-0.7847614302613908
PF3D7_1142300	-0.4503025499346063
PF3D7_1142400	-0.1728492120738836
PF3D7_1142500	-0.584677603733444
PF3D7_1142600	-0.7981863624055181
PF3D7_1142700	-0.31883356178216726
PF3D7_1142800	0.5551526350446353
PF3D7_1142900	0.18877951193293852
PF3D7_1143000	-0.02070605164181971
PF3D7_1143100	-0.27040279287762503
PF3D7_1143200	0.4223076467041518
PF3D7_1143300	0.039899259561893774
PF3D7_1143400	-0.48772819685525626
PF3D7_1143500	0.029003736485002984
PF3D7_1143600	-0.5533165134503276
PF3D7_1143700	-0.08686709200630305
PF3D7_1143800	-0.736367619576547
PF3D7_1143900	-1.1503331670137205
PF3D7_1144000	-0.6590737387988135
PF3D7_1144100	-0.822103517389092
PF3D7_1144200	-1.6901297759637994
PF3D7_1144300	-0.4028029625111891
PF3D7_1144400	-0.6060831877202993
PF3D7_1144500	0.3474502671665025
PF3D7_1144600	0.34909248519259894
PF3D7_1144700	-0.13589854453228217
PF3D7_1144800	0.10448422474399977
PF3D7_1144900	-0.5893020723826867
PF3D7_1145000	-0.014034313875208593
PF3D7_1145100	0.16969623260527794
PF3D7_1145200	0.20548272130734513
PF3D7_1145300	-0.9523463020675114
PF3D7_1145400	-0.1412380252805533
PF3D7_1145500	-0.5068485918619711
PF3D7_1145600	0.11338477794252982
PF3D7_1145700	0.14796150193351587
PF3D7_1145800	0.39412398633633916
PF3D7_1145900	-1.7524626142308841
PF3D7_1146000	-0.2569237615728203
PF3D7_1146100	-0.714919779917578
PF3D7_1146200	1.2113888329073088
PF3D7_1146300	0.3333333333333333
PF3D7_1146500	1.7618007396207498
PF3D7_1146600	-0.22603620968735227
PF3D7_1146700	0.0
PF3D7_1146800	-0.10365265790403355
PF3D7_1146900	-0.4569404969806745
PF3D7_1147000	0.2654830480689757
PF3D7_1147100	-0.19498750024038544
PF3D7_1147200	0.3478920148623264
PF3D7_1147300	0.39996042264751663
PF3D7_1147400	-0.5785798475546038
PF3D7_1147500	-0.29213535164561927
PF3D7_1147600	-0.1932122097078443
PF3D7_1147700	0.13663675272560805
PF3D7_1147800	0.2424091204232317
PF3D7_1147900	-0.21487725956177295
PF3D7_1148000	0.23206314360753055
PF3D7_1148100	0.0027830278403220277
PF3D7_1148200	-0.586255564362561
PF3D7_1148500	1.1073093649624541
PF3D7_1148600	-0.3333333333333333
PF3D7_1148620	0.0
PF3D7_1148640	-0.5048577242765857
PF3D7_1148700	-0.33964939634073543
PF3D7_1148800	-0.30616992979346913
PF3D7_1148900	-0.7287396029276543
PF3D7_1149000	-0.4090885809436271
PF3D7_1149100	0.4209200018284643
PF3D7_1149200	-0.27848925520748224
PF3D7_1149300	0.5265752841183364
PF3D7_1149400	0.02013148398458864
PF3D7_1149500	0.0
PF3D7_1149600	-0.9994965392498514
PF3D7_1149700	0.3333333333333333
PF3D7_1149800	1.6590933078333052
PF3D7_1149900	0.10033408534427157
PF3D7_1150000	1.0
PF3D7_1150100	0.3333333333333333
PF3D7_1150200	-0.5283208335737187
PF3D7_1150300	-0.861654166907052
PF3D7_1150400	-0.3333333333333333
PF3D7_1200100	-1.4778572300870385
PF3D7_1200200	-0.11179318829399987
PF3D7_1200300	-0.3333333333333333
PF3D7_1200400	-1.072078121898707
PF3D7_1200500	-0.3034867975180483
PF3D7_1200600	-1.0862100520796203
PF3D7_1200700	-0.7814575362114888
PF3D7_1200800	-0.9600289065617169
PF3D7_1200900	0.055957523801316356
PF3D7_1201000	0.7825710082709698
PF3D7_1201100	-1.1013367795942304
PF3D7_1201200	-0.1918924076773626
PF3D7_1201300	-0.2691183073525347
PF3D7_1201400	-0.25631920108239603
PF3D7_1201500	-0.056207702886850286
PF3D7_1201600	0.8671704557617568
PF3D7_1201700	0.4116733432213992
PF3D7_1201800	-0.8357148749085188
PF3D7_1201900	-0.6083882217313742
PF3D7_1202000	-0.8428122078860514
PF3D7_1202100	0.22975519726582697
PF3D7_1202200	-0.01415987189581297
PF3D7_1202300	-0.46369677274429744
PF3D7_1202400	-0.9838371959264014
PF3D7_1202500	0.024719608612617905
PF3D7_1202600	0.039025529581829366
PF3D7_1202700	-0.46223312800627425
PF3D7_1202800	0.2755129519349136
PF3D7_1202900	-0.6094031019281101
PF3D7_1203000	0.011832790802988602
PF3D7_1203100	0.04960614457892132
PF3D7_1203200	-0.7817331321516414
PF3D7_1203300	0.15045696400853803
PF3D7_1203400	-0.023821929578295598
PF3D7_1203500	-0.22791872958611717
PF3D7_1203600	-0.2452093892663319
PF3D7_1203700	0.20216547888815367
PF3D7_1203800	-0.14132354134961722
PF3D7_1203900	-0.7041079259837423
PF3D7_1204000	-0.30229686520283955
PF3D7_1204100	0.44199844259548676
PF3D7_1204200	-0.24186719898835807
PF3D7_1204300	-0.18392984869256002
PF3D7_1204400	0.9999999999999999
PF3D7_1204500	0.0455855141512187
PF3D7_1204600	-0.2612397199374815
PF3D7_1204700	-0.5228444086608449
PF3D7_1204900	0.159602372615534
PF3D7_1205000	-0.5635228456745979
PF3D7_1205100	-0.3566788708432228
PF3D7_1205200	0.431818627842057
PF3D7_1205300	0.8335812199550146
PF3D7_1205400	0.08513344288079608
PF3D7_1205500	0.2267459221253254
PF3D7_1205600	-0.15486812383177467
PF3D7_1205700	0.30137839832611824
PF3D7_1205800	0.13687719480436344
PF3D7_1205900	-0.29109944638204355
PF3D7_1206000	0.3412823472754891
PF3D7_1206100	0.1174055744658705
PF3D7_1206200	0.5266150923660927
PF3D7_1206300	-0.15170668136946142
PF3D7_1206400	-0.7125011745833116
PF3D7_1206500	0.01952129749820275
PF3D7_1206600	-0.21115330186391057
PF3D7_1206700	-0.09141007361247677
PF3D7_1206800	0.5894638278119091
PF3D7_1206900	-0.36435686696102343
PF3D7_1207000	0.39895109850494626
PF3D7_1207100	0.0018758055376415506
PF3D7_1207200	1.4644340586006028
PF3D7_1207300	1.120856693128236
PF3D7_1207400	0.2826656355183166
PF3D7_1207500	-0.4221147775299912
PF3D7_1207600	-0.4917310933111648
PF3D7_1207700	-0.8949180617992796
PF3D7_1207800	-0.5821459866407034
PF3D7_1207900	-0.10996037010789325
PF3D7_1208000	-0.8516209646184917
PF3D7_1208100	0.32105172295875845
PF3D7_1208200	0.22130071065882773
PF3D7_1208300	0.1738745226803904
PF3D7_1208400	0.44319934998080646
PF3D7_1208500	0.913572576342438
PF3D7_1208600	-1.057239109925274
PF3D7_1208700	0.261602055026141
PF3D7_1208800	-0.054582903659048554
PF3D7_1208900	-0.24139123792283856
PF3D7_1209000	-0.2268574313238647
PF3D7_1209100	0.11722514609380483
PF3D7_1209200	-0.711321864288158
PF3D7_1209300	-0.13994450431285776
PF3D7_1209400	-0.02645639160579849
PF3D7_1209500	-0.15202775071764413
PF3D7_1209600	0.09376414511685827
PF3D7_1209700	0.3489258537626668
PF3D7_1209800	-1.2105944524913839
PF3D7_1209900	-0.381175479937016
PF3D7_1210000	-0.52908071406366
PF3D7_1210100	0.2191449501095597
PF3D7_1210200	-0.861654166907052
PF3D7_1210300	0.5665195998907855
PF3D7_1210400	-0.23406728396601878
PF3D7_1210500	0.21461872992490783
PF3D7_1210600	-0.049628323209716996
PF3D7_1210700	-0.3546250905532577
PF3D7_1210800	-0.3333333333333333
PF3D7_1210900	0.09633034882060743
PF3D7_1211000	0.18460341156050109
PF3D7_1211100	-0.17478783705015966
PF3D7_1211200	0.2325133170923549
PF3D7_1211300	-0.09650485459623859
PF3D7_1211400	-0.30394089759053344
PF3D7_1211500	-0.2303481427995155
PF3D7_1211600	0.25840417850137154
PF3D7_1211700	0.035936092937042544
PF3D7_1211800	0.08090481118690884
PF3D7_1211900	-0.4581625111847148
PF3D7_1212000	0.17248632084601012
PF3D7_1212100	0.3090861322198902
PF3D7_1212200	-0.4460397250721853
PF3D7_1212300	-0.016339000785606128
PF3D7_1212400	0.4218644563129089
PF3D7_1212500	0.1271801327057637
PF3D7_1212600	-0.8557337407506012
PF3D7_1212700	0.5506780239539766
PF3D7_1212800	-0.2874825475474533
PF3D7_1212900	-0.5623216494119001
PF3D7_1213000	0.3333333333333333
PF3D7_1213100	-1.6669572020769399
PF3D7_1213200	0.3302306779811497
PF3D7_1213300	-0.6666666666666667
PF3D7_1213400	-0.04321176013886513
PF3D7_1213500	0.18104744167550968
PF3D7_1213600	-0.7532719210091641
PF3D7_1213700	-0.8033249818116548
PF3D7_1213800	-0.30191157941243385
PF3D7_1213900	-0.3699103743245262
PF3D7_1214000	-0.2253726948233009
PF3D7_1214100	0.5927981948915411
PF3D7_1214200	-1.1551269616561612
PF3D7_1214300	-0.2724161700838181
PF3D7_1214400	-0.5801666491004509
PF3D7_1214500	0.20522246575397268
PF3D7_1214600	-0.9162401494556411
PF3D7_1214700	0.2178860513908023
PF3D7_1214800	-0.4790120780202424
PF3D7_1214900	-1.0249904499865596
PF3D7_1215000	-0.04497401728839279
PF3D7_1215100	0.1526050901545335
PF3D7_1215200	-0.3996304286331599
PF3D7_1215300	-0.9556590084402465
PF3D7_1215400	0.10737828710598207
PF3D7_1215500	-0.3333333333333333
PF3D7_1215600	-0.17446437603300247
PF3D7_1215700	0.0
PF3D7_1215800	-1.0
PF3D7_1215900	-0.3545397739038568
PF3D7_1216000	-0.3076661071181591
PF3D7_1216100	0.040572850680920425
PF3D7_1216200	-0.008805404160289076
PF3D7_1216300	0.385003134083013
PF3D7_1216400	-0.32808922806336427
PF3D7_1216500	-0.24723310262872822
PF3D7_1216600	-0.5311709346950283
PF3D7_1216700	-0.9818776823967941
PF3D7_1216800	-0.861654166907052
PF3D7_1216900	-0.019774805164501252
PF3D7_1217000	0.3531670039162206
PF3D7_1217100	-0.8292938705633476
PF3D7_1217200	0.06072942378191737
PF3D7_1217300	-0.31028532565767153
PF3D7_1217400	-0.34362410775700836
PF3D7_1217500	0.3219839109560645
PF3D7_1217600	1.2516291673878228
PF3D7_1217700	-0.16171629119338637
PF3D7_1217800	0.38580165517508336
PF3D7_1217900	0.6879228316026689
PF3D7_1218000	-0.6545554227321158
PF3D7_1218100	-0.4214041990103583
PF3D7_1218200	0.33020779171773884
PF3D7_1218300	-0.6822008088108638
PF3D7_1218400	-0.07761779624286179
PF3D7_1218500	-0.5169164213551929
PF3D7_1218600	0.266802473458299
PF3D7_1218700	0.05561109668310438
PF3D7_1218800	-1.1570108509150245
PF3D7_1218900	0.4391257618766887
PF3D7_1219000	-0.1440859590251815
PF3D7_1219100	0.6679667118766892
PF3D7_1219200	0.07161957409009036
PF3D7_1219300	-0.48039330469369157
PF3D7_1219400	-0.19498750024038541
PF3D7_1219500	0.8284756090567473
PF3D7_1219600	-0.3305267981207369
PF3D7_1219700	-1.1639510321098916
PF3D7_1219800	0.0
PF3D7_1219900	-0.7748583923040688
PF3D7_1220000	0.1579770627774708
PF3D7_1220100	-0.43085070541934567
PF3D7_1220200	-0.04075380461209144
PF3D7_1220300	-0.32998994929522785
PF3D7_1220400	-0.08179921458426098
PF3D7_1220500	-0.010737904882396787
PF3D7_1220600	0.5192940097469629
PF3D7_1220700	-0.5147735054079366
PF3D7_1220900	-0.5545074426984756
PF3D7_1221000	-0.056731197243147014
PF3D7_1221100	-0.26084537149876313
PF3D7_1221200	-0.4667986681605891
PF3D7_1221300	-0.6091130980447266
PF3D7_1221400	0.40376565284012333
PF3D7_1221500	-0.3226533370164735
PF3D7_1221600	0.0835116951356081
PF3D7_1221700	-0.17049603054390122
PF3D7_1221800	-0.29738940869142594
PF3D7_1221900	0.4262280973045938
PF3D7_1222000	-0.6876421329650346
PF3D7_1222100	0.6590895717579613
PF3D7_1222200	0.3333333333333333
PF3D7_1222300	0.9057524046402287
PF3D7_1222400	0.24632966902208953
PF3D7_1222500	-0.4939720714640913
PF3D7_1222600	-0.22779485132045396
PF3D7_1222700	-0.39103011097224316
PF3D7_1222800	0.5682617294723522
PF3D7_1222900	-0.057423168046678796
PF3D7_1223000	-0.3173919425810141
PF3D7_1223100	-0.18826603411345694
PF3D7_1223200	-0.24313091125031117
PF3D7_1223300	-0.34811652872671145
PF3D7_1223400	0.3933454036273911
PF3D7_1223500	0.6980127399636455
PF3D7_1223600	-0.10933494279129385
PF3D7_1223700	-0.0316597430655432
PF3D7_1223800	-0.4113162450662141
PF3D7_1223900	-0.3972633018136711
PF3D7_1224000	0.5719765167671254
PF3D7_1224100	-0.6073267291333039
PF3D7_1224200	0.6383819498846207
PF3D7_1224300	-0.23323736609847368
PF3D7_1224400	0.6491383092544749
PF3D7_1224500	-0.06240886573830973
PF3D7_1224600	-0.8306330070723386
PF3D7_1224700	0.13494424489248036
PF3D7_1224800	0.12250005057652735
PF3D7_1224900	-0.8585773813608479
PF3D7_1225000	-0.6299390274165259
PF3D7_1225100	-0.46868816047363776
PF3D7_1225200	0.22742692555560573
PF3D7_1225300	0.08095159708294969
PF3D7_1225400	-0.0010447502413773457
PF3D7_1225500	0.3883245390186507
PF3D7_1225600	-0.3778378746027563
PF3D7_1225700	0.5260580526203262
PF3D7_1225800	0.2552532341070313
PF3D7_1225900	-0.21914023124416948
PF3D7_1226000	-0.4168015174238916
PF3D7_1226100	-0.4403016404497214
PF3D7_1226200	0.25706043650137317
PF3D7_1226300	0.0009770438109639734
PF3D7_1226400	-0.7539879586360303
PF3D7_1226500	0.12806877831314162
PF3D7_1226600	0.6007437742505328
PF3D7_1226700	-0.04744441118162873
PF3D7_1226800	-0.31674111630128765
PF3D7_1226900	0.07784614259903688
PF3D7_1227000	-0.1297809342266225
PF3D7_1227100	-0.21823873193705878
PF3D7_1227200	-0.4927051653839024
PF3D7_1227300	0.2757577133268094
PF3D7_1227400	-0.10566817556400238
PF3D7_1227500	0.46318058569389775
PF3D7_1227600	-0.2056455382506944
PF3D7_1227700	-0.32751485991708473
PF3D7_1227800	-0.4973047108996814
PF3D7_1227900	0.27276131977128015
PF3D7_1228000	-0.10721360662940915
PF3D7_1228100	0.3802608211922249
PF3D7_1228200	0.4965094353023505
PF3D7_1228300	-0.40541113211387725
PF3D7_1228400	0.2701687393873028
PF3D7_1228500	-0.7786899247801207
PF3D7_1228600	1.585369281382189
PF3D7_1228700	-0.8016969632406314
PF3D7_1228800	0.35762072057699545
PF3D7_1228900	-0.9488379500021812
PF3D7_1229000	0.038823547771995814
PF3D7_1229100	-0.18755345272429036
PF3D7_1229200	0.5283208335737187
PF3D7_1229300	0.5295113980502659
PF3D7_1229400	-0.8350764752777355
PF3D7_1229500	0.3068623717062449
PF3D7_1229600	-0.18392487394176316
PF3D7_1229700	-0.055605168606302824
PF3D7_1229800	-0.6102226995649044
PF3D7_1229900	-0.19068618752448402
PF3D7_1230000	-0.13986472066530597
PF3D7_1230100	0.06185738259717022
PF3D7_1230200	0.45923319662776907
PF3D7_1230300	-0.5402191065681594
PF3D7_1230400	-0.8762511272546305
PF3D7_1230500	0.24537052274896798
PF3D7_1230600	-0.5884051313859672
PF3D7_1230700	-0.004127151776358695
PF3D7_1230800	-0.32996584274445406
PF3D7_1230900	-0.4852366465128383
PF3D7_1231000	-0.2397182454193464
PF3D7_1231100	-0.3472799066062976
PF3D7_1231200	0.04446247175923418
PF3D7_1231300	-0.01983367058288732
PF3D7_1231400	0.06634743065837634
PF3D7_1231500	-0.6093374621537229
PF3D7_1231600	0.09734695239867008
PF3D7_1231700	-0.3921976532675975
PF3D7_1231800	-0.20766381044046034
PF3D7_1231900	0.9443569397500704
PF3D7_1232000	-0.676480559787535
PF3D7_1232100	-0.26596795755649477
PF3D7_1232200	-1.0283978012082295
PF3D7_1232300	-0.3636968209510608
PF3D7_1232400	0.21740379396324216
PF3D7_1232500	-0.4030596059345464
PF3D7_1232600	0.0060177722922833965
PF3D7_1232700	-0.1385594827281723
PF3D7_1232800	-0.701956535757655
PF3D7_1232900	-0.10376527962359086
PF3D7_1233000	0.14840148208797915
PF3D7_1233100	-0.005680535577162166
PF3D7_1233200	-0.273453542658866
PF3D7_1233300	-0.550150101011191
PF3D7_1233400	0.28203975675957255
PF3D7_1233600	0.011380942155936546
PF3D7_1233700	0.2785339063785423
PF3D7_1233800	-0.760630126624426
PF3D7_1233900	-0.4974089490285065
PF3D7_1234000	0.05975105134486064
PF3D7_1234100	0.15823587670502315
PF3D7_1234200	0.21458907693652418
PF3D7_1234300	0.11627368919891011
PF3D7_1234400	1.0898202249977422
PF3D7_1234500	0.2518098352437208
PF3D7_1234600	-0.20800800423338894
PF3D7_1234700	0.20475391086363603
PF3D7_1234800	-0.2170385715363718
PF3D7_1234900	-0.3257640689441337
PF3D7_1235000	-0.7852117520553018
PF3D7_1235100	-0.46873862174443026
PF3D7_1235200	-0.31885382895823833
PF3D7_1235300	0.11714592740718022
PF3D7_1235400	-0.34316187475734106
PF3D7_1235500	-0.42945012488939893
PF3D7_1235600	0.05035612250220267
PF3D7_1235700	0.12776816290601345
PF3D7_1235800	0.030140066079495598
PF3D7_1235900	-0.16269187552134273
PF3D7_1236000	0.12471865630963846
PF3D7_1236100	0.16973872407187984
PF3D7_1236200	-0.3842778908108293
PF3D7_1236300	0.09449654163094423
PF3D7_1236400	-0.3214045598389942
PF3D7_1236500	-2.099736006129093
PF3D7_1236600	-0.20016837304522284
PF3D7_1236700	-0.3583441409326401
PF3D7_1236800	0.42216995513200584
PF3D7_1236900	0.037143835877964104
PF3D7_1237000	-0.09388803788739553
PF3D7_1237100	-0.5628396404069252
PF3D7_1237200	0.21616354101060598
PF3D7_1237300	0.138345833092948
PF3D7_1237400	-0.3372917977433874
PF3D7_1237500	0.34290046271581187
PF3D7_1237600	-0.1197088780607525
PF3D7_1237700	0.18603402456873713
PF3D7_1237800	-0.43947617192498045
PF3D7_1237900	-0.4572164017200925
PF3D7_1238000	-0.22627061623517952
PF3D7_1238100	-0.07575607418548924
PF3D7_1238200	-0.8381910576099193
PF3D7_1238300	-0.12191212512905625
PF3D7_1238400	-0.43408617486794426
PF3D7_1238500	0.026869527168610574
PF3D7_1238600	0.13311363080561903
PF3D7_1238700	0.4044415132042234
PF3D7_1238800	0.5259330502814796
PF3D7_1238900	-0.16907325458896102
PF3D7_1239000	-0.43764305543561055
PF3D7_1239100	-0.7198865834926099
PF3D7_1239200	0.20029466609114688
PF3D7_1239300	-0.5349470709035
PF3D7_1239400	-1.5775065630450047
PF3D7_1239500	-0.8211675552838205
PF3D7_1239600	0.07823956110866837
PF3D7_1239700	0.213662564791245
PF3D7_1239800	0.6157965017350848
PF3D7_1239900	0.2118328537624114
PF3D7_1240000	-0.025304251670083794
PF3D7_1240100	-0.3154668702053148
PF3D7_1240200	-0.3333333333333333
PF3D7_1240300	-1.3398882796646419
PF3D7_1240400	-1.1625985768896372
PF3D7_1240500	0.3333333333333333
PF3D7_1240600	-1.3044203520540394
PF3D7_1240700	-0.3333333333333333
PF3D7_1240800	0.3333333333333333
PF3D7_1240900	-1.074651304261686
PF3D7_1241000	-0.7233083338141041
PF3D7_1241100	-0.14495436668496098
PF3D7_1241200	0.1307358718147812
PF3D7_1241300	0.14759142489456312
PF3D7_1241400	0.45536918115197067
PF3D7_1241500	0.2734731433899651
PF3D7_1241600	-0.14136334112046456
PF3D7_1241700	0.11301188205549301
PF3D7_1241800	-0.4962080144185291
PF3D7_1241900	0.14679685213775762
PF3D7_1242000	0.16502125771608978
PF3D7_1242100	0.15797706277747103
PF3D7_1242200	-0.22424959901383518
PF3D7_1242300	-0.443639107678113
PF3D7_1242400	0.9590754940732764
PF3D7_1242500	-0.12435332755861842
PF3D7_1242600	0.5368911916270347
PF3D7_1242700	-0.8704418654779917
PF3D7_1242800	0.0769868198586513
PF3D7_1242900	-0.6085564878510341
PF3D7_1243000	0.12699403388003927
PF3D7_1243100	-0.7066701304641392
PF3D7_1243200	-0.9299609745065576
PF3D7_1243300	0.08170416594551044
PF3D7_1243400	-0.549895472558819
PF3D7_1243500	-0.5424760626914531
PF3D7_1243600	-0.38046911591526866
PF3D7_1243700	-0.39399339264592864
PF3D7_1243800	-0.27601497392519403
PF3D7_1243900	0.5740368134966153
PF3D7_1244000	-0.686709705644482
PF3D7_1244100	0.5473449470328777
PF3D7_1244200	0.1578162250481464
PF3D7_1244300	1.4716791664262812
PF3D7_1244400	-0.0914879186116
PF3D7_1244500	-0.742939563498627
PF3D7_1244600	0.15938051040493761
PF3D7_1244700	-0.050132084869936366
PF3D7_1244800	-0.51868407891847
PF3D7_1244900	-1.1006565257175178
PF3D7_1245000	-0.04191740041777581
PF3D7_1245100	0.3764732429003975
PF3D7_1245200	0.13402148404983683
PF3D7_1245300	-1.2103236615110227
PF3D7_1245400	-0.4475162992832403
PF3D7_1245500	0.25045175475313497
PF3D7_1245600	-1.5614993914240234
PF3D7_1245700	-0.8616541669070521
PF3D7_1245800	-0.46800016930297295
PF3D7_1245900	0.11872920108419671
PF3D7_1246000	0.4267026397309118
PF3D7_1246100	-0.5760270795924067
PF3D7_1246200	0.2116822732836775
PF3D7_1246300	-0.8125227681735668
PF3D7_1246400	-0.4691687219580225
PF3D7_1246500	0.001241278322175493
PF3D7_1246600	-0.3760160180845646
PF3D7_1246700	-0.29077392309064115
PF3D7_1246800	0.2650862644429516
PF3D7_1246900	-0.7316760815544756
PF3D7_1247000	-0.0711176778408964
PF3D7_1247100	-0.5158702227973336
PF3D7_1247200	0.15878783060779322
PF3D7_1247300	0.18626543891906955
PF3D7_1247400	0.11270766243889296
PF3D7_1247500	-0.021766673535980025
PF3D7_1247600	-0.7914651715938327
PF3D7_1247700	0.1457697529293862
PF3D7_1247800	-0.5390590330803193
PF3D7_1247900	-0.11525565042219432
PF3D7_1248000	-0.03798082360349364
PF3D7_1248100	-0.00501870240788007
PF3D7_1248200	-0.3944442094285454
PF3D7_1248300	-0.7471456932288796
PF3D7_1248400	-0.024745227359451283
PF3D7_1248500	-0.27975369240042336
PF3D7_1248600	-0.13023262115634834
PF3D7_1248700	0.8618004307726571
PF3D7_1248800	-0.29420134989954644
PF3D7_1248900	0.03791165102966876
PF3D7_1249000	0.1476219552235809
PF3D7_1249100	0.31829600807385194
PF3D7_1249200	0.5725532355767192
PF3D7_1249300	-0.3484640419753633
PF3D7_1249400	-0.10412422879793695
PF3D7_1249500	-0.5400345900065887
PF3D7_1249600	0.19601309498389913
PF3D7_1249700	0.029105211660351182
PF3D7_1249800	-0.16919676759338376
PF3D7_1249900	-0.6046533711881414
PF3D7_1250000	-0.6625671575753108
PF3D7_1250100	-1.1464618921451797
PF3D7_1250200	-0.8949489171774074
PF3D7_1250300	0.0069646057129257866
PF3D7_1250400	0.3093937010050567
PF3D7_1250500	-0.4131322950645482
PF3D7_1250600	-0.4021191436516535
PF3D7_1250700	-0.5074856348208624
PF3D7_1250800	-0.29266912776264087
PF3D7_1250900	1.0506676978150167
PF3D7_1251000	-0.08170416594551042
PF3D7_1251100	-0.5245335914238982
PF3D7_1251200	-0.4531321220738107
PF3D7_1251300	-0.5549730806881457
PF3D7_1251400	0.41708315159814674
PF3D7_1251500	0.09238014440138936
PF3D7_1251600	0.049094177450787035
PF3D7_1251700	-0.6129938024264268
PF3D7_1251800	-0.3191411848045628
PF3D7_1251900	0.44064269829578745
PF3D7_1252000	0.0
PF3D7_1252100	0.6333297205607342
PF3D7_1252200	0.07062058461475955
PF3D7_1252300	-0.4708771938665942
PF3D7_1252400	-1.2903528299178295
PF3D7_1252500	0.5046264675532247
PF3D7_1252600	-0.01618897592413182
PF3D7_1252700	-0.4237111570733868
PF3D7_1252800	-0.055356636938669324
PF3D7_1252900	-0.2569430153441634
PF3D7_1253000	0.20442600725900936
PF3D7_1253100	0.5554918164199896
PF3D7_1253200	0.27049034350994505
PF3D7_1253300	-0.4733782486905018
PF3D7_1253400	0.5603776824518557
PF3D7_1253500	0.6394620781487825
PF3D7_1253600	0.0
PF3D7_1253700	0.0
PF3D7_1253800	0.0
PF3D7_1253900	0.0
PF3D7_1254000	0.6666666666666666
PF3D7_1254100	0.5789885313887353
PF3D7_1254200	-1.3149528152691798
PF3D7_1254300	0.3333333333333333
PF3D7_1254400	0.13834583309294793
PF3D7_1254500	0.0
PF3D7_1254600	-0.24565519805540206
PF3D7_1254700	-1.4035223286465528
PF3D7_1254800	-0.3899750004807708
PF3D7_1254900	0.0
PF3D7_1255000	0.3333333333333333
PF3D7_1255100	-1.0229490543609976
PF3D7_1255200	-0.7531561174597731
PF3D7_1300100	-1.0540767709636645
PF3D7_1300200	-0.4257671647013391
PF3D7_1300300	-0.6666666666666666
PF3D7_1300400	-0.19498750024038541
PF3D7_1300500	-1.4222621802316335
PF3D7_1300600	-0.47167916642628127
PF3D7_1300700	0.0
PF3D7_1300800	0.0
PF3D7_1300900	0.0
PF3D7_1301000	0.0
PF3D7_1301100	0.0
PF3D7_1301200	-1.5789885313887355
PF3D7_1301300	0.7272501456130341
PF3D7_1301400	-0.023555219590317117
PF3D7_1301500	0.052062853529507874
PF3D7_1301600	-1.4280472687454158
PF3D7_1301700	-0.32719378966988905
PF3D7_1301800	-1.0780184462873428
PF3D7_1301900	-0.22827635595420714
PF3D7_1302000	-0.036568098925651465
PF3D7_1302100	-0.1446243633664932
PF3D7_1302200	0.33333333333333337
PF3D7_1302300	-0.8605830491424874
PF3D7_1302400	0.2327059491047987
PF3D7_1302500	-0.1931793299854545
PF3D7_1302600	-0.0025643986910744987
PF3D7_1302700	0.27041639193310996
PF3D7_1302800	-0.0020901928977556383
PF3D7_1302900	0.15079122748476037
PF3D7_1303000	-0.8446367951080167
PF3D7_1303100	-0.8376093528668545
PF3D7_1303200	-0.2540825222516119
PF3D7_1303300	-0.43201648768725254
PF3D7_1303400	-0.06290132609249499
PF3D7_1303500	-0.17162982197189047
PF3D7_1303600	0.47244750306775307
PF3D7_1303700	0.4141219522910463
PF3D7_1303800	0.2926683421989562
PF3D7_1303900	0.056908942580354976
PF3D7_1304000	-0.1721685264402759
PF3D7_1304100	-1.149206242069919
PF3D7_1304200	-0.5260704862433585
PF3D7_1304300	0.3578881533080863
PF3D7_1304400	-0.21480552582302492
PF3D7_1304500	-0.4118415979707347
PF3D7_1304600	-0.5940158548688733
PF3D7_1304700	-0.2937652544464757
PF3D7_1304800	0.6734495484639341
PF3D7_1304900	-1.0681224716679663
PF3D7_1305000	0.30756289405193193
PF3D7_1305100	-0.12413570298834081
PF3D7_1305200	-0.5087759665407516
PF3D7_1305300	0.5275523722473106
PF3D7_1305400	-0.14075456956264354
PF3D7_1305500	0.9582015141394782
PF3D7_1305600	-0.2336416329353166
PF3D7_1305700	-0.2422877302094142
PF3D7_1305800	-0.9493323021849831
PF3D7_1305900	-0.24743708577014048
PF3D7_1306000	0.5211520693911841
PF3D7_1306100	-0.090543816761961
PF3D7_1306200	0.41569588387785206
PF3D7_1306300	-1.0635614280941852
PF3D7_1306400	-0.3181358734478083
PF3D7_1306500	-0.4033748315597593
PF3D7_1306600	-0.7063952189388343
PF3D7_1306700	0.2278800375820122
PF3D7_1306800	-0.574107364960747
PF3D7_1306900	-0.4542419533876749
PF3D7_1307000	-0.5779139913121722
PF3D7_1307100	0.0023105579587248265
PF3D7_1307200	-0.1412343590836897
PF3D7_1307300	-0.32726655480987016
PF3D7_1307400	-1.1073093649624541
PF3D7_1307500	-0.24099964321865253
PF3D7_1307600	-1.0310551851895917
PF3D7_1307700	-0.1399839585491084
PF3D7_1307800	-0.44154173049264067
PF3D7_1307900	0.7313999158551092
PF3D7_1308000	0.3399535293510374
PF3D7_1308100	-0.4806365651197045
PF3D7_1308200	0.5921044553504278
PF3D7_1308300	-0.2929945160688776
PF3D7_1308400	0.2988315334901215
PF3D7_1308500	-0.23432032126707453
PF3D7_1308600	-0.5336346815300591
PF3D7_1308700	-0.44279638551006284
PF3D7_1308800	-1.1500033478236193
PF3D7_1308900	-0.031960728584323805
PF3D7_1309000	-0.37226838007411134
PF3D7_1309100	-0.7831616367545232
PF3D7_1309120	0.0
PF3D7_1309200	-0.4759814758466985
PF3D7_1309300	-0.09576260097958322
PF3D7_1309400	-0.331755729796418
PF3D7_1309500	0.17225383612691325
PF3D7_1309600	-0.23263296379651363
PF3D7_1309700	-0.44340734851951713
PF3D7_1309800	-0.6564048472220755
PF3D7_1309900	1.1403307408054881
PF3D7_1310000	0.8523111709453355
PF3D7_1310100	-0.2257062146354909
PF3D7_1310200	-0.6712552034425052
PF3D7_1310300	-0.3429374884020231
PF3D7_1310400	-0.3414603848194122
PF3D7_1310500	0.06073118193164584
PF3D7_1310600	-0.5647406804031867
PF3D7_1310700	-0.8669216431061024
PF3D7_1310800	-0.43267767392370293
PF3D7_1310900	-0.6011439539817165
PF3D7_1311000	-0.5138200621181044
PF3D7_1311100	0.5731607220107566
PF3D7_1311200	0.8203740439219136
PF3D7_1311300	-0.48094285957649086
PF3D7_1311400	-0.3826598179369004
PF3D7_1311500	-0.3750015616657924
PF3D7_1311600	0.3661009993861615
PF3D7_1311700	-0.6071757337973533
PF3D7_1311800	0.688642685556856
PF3D7_1311900	0.022759939591229295
PF3D7_1312000	-0.016385820118499206
PF3D7_1312100	0.2800862092292763
PF3D7_1312200	0.20785704813632733
PF3D7_1312300	0.020622105782003963
PF3D7_1312400	0.1846465849591825
PF3D7_1312450	-0.7667082347592404
PF3D7_1312500	-0.33116469001237653
PF3D7_1312600	0.19726127215651207
PF3D7_1312700	0.6227939216766545
PF3D7_1312800	-0.07749931507918317
PF3D7_1312900	0.21859091606613834
PF3D7_1313000	-0.7392131216719626
PF3D7_1313100	-0.4573229257956526
PF3D7_1313200	0.4537885789906517
PF3D7_1313300	-0.3592581561299587
PF3D7_1313400	0.09521227346005473
PF3D7_1313500	0.39490715626500633
PF3D7_1313600	0.8534325615412223
PF3D7_1313700	-0.491802360852032
PF3D7_1313800	0.24598745507139935
PF3D7_1313900	1.17345353909321
PF3D7_1314000	0.38903439054185274
PF3D7_1314100	0.5107694351169234
PF3D7_1314200	0.03585712863133206
PF3D7_1314300	0.0743675999394677
PF3D7_1314400	0.5442096447838234
PF3D7_1314500	-0.7976556711531535
PF3D7_1314600	0.0693555413857172
PF3D7_1314700	-0.5118229929015805
PF3D7_1314800	0.13834583309294798
PF3D7_1314900	-0.7365091348196882
PF3D7_1315000	0.12892247981682203
PF3D7_1315100	0.5517839428708512
PF3D7_1315200	-0.13878793792170113
PF3D7_1315300	-0.08629051392857445
PF3D7_1315400	-0.2788255471548417
PF3D7_1315500	-0.424955761711418
PF3D7_1315600	-0.9770658243900538
PF3D7_1315700	0.3383912728878273
PF3D7_1315800	0.3422623616660879
PF3D7_1315900	0.5311558827451199
PF3D7_1316000	1.07167096365695
PF3D7_1316100	0.15934036379842087
PF3D7_1316200	0.460716816118075
PF3D7_1316300	-1.138345833092948
PF3D7_1316400	0.8975728936923464
PF3D7_1316500	-0.26844179251943
PF3D7_1316600	-0.4907581902026849
PF3D7_1316700	0.6531193385008847
PF3D7_1316800	-0.4166557159289336
PF3D7_1316900	-0.07419077453579331
PF3D7_1317000	-0.253385112539625
PF3D7_1317100	0.324940221515834
PF3D7_1317200	0.20795795640513348
PF3D7_1317300	-0.5888102657476737
PF3D7_1317400	0.12970643034675344
PF3D7_1317500	0.38663313155782664
PF3D7_1317600	0.3438349870955557
PF3D7_1317700	0.16025588427011017
PF3D7_1317800	-0.44729945078920186
PF3D7_1317900	-0.301099332052067
PF3D7_1318000	-0.4386473775331504
PF3D7_1318100	-0.6661186681599638
PF3D7_1318200	-1.031265032547881
PF3D7_1318300	-0.3578820656013446
PF3D7_1318400	0.13531844790678949
PF3D7_1318500	-0.12968076358196678
PF3D7_1318600	-1.0829652548110562
PF3D7_1318700	0.37807126000050706
PF3D7_1318800	0.0074884075525500915
PF3D7_1318900	-0.28266563551831664
PF3D7_1319000	-0.302547658155627
PF3D7_1319100	-0.19860896003867606
PF3D7_1319200	-0.4951980352859974
PF3D7_1319300	-0.15978516189377778
PF3D7_1319400	-0.04008718348457241
PF3D7_1319500	0.40977345180377434
PF3D7_1319600	0.7923893617348616
PF3D7_1319700	-0.18846592887901514
PF3D7_1319800	0.3283226836200532
PF3D7_1319900	0.20686335366687586
PF3D7_1320000	0.2245576693467879
PF3D7_1320100	-0.5126443262665332
PF3D7_1320200	0.13014773074257652
PF3D7_1320300	0.5439075887054566
PF3D7_1320400	-0.8014988717642364
PF3D7_1320500	-0.44331211351871447
PF3D7_1320600	-0.25351280592099346
PF3D7_1320700	0.22849959106106033
PF3D7_1320800	-0.3542188350958528
PF3D7_1320900	-0.8673399131252815
PF3D7_1321000	0.5283208335737187
PF3D7_1321100	-0.07844976083980382
PF3D7_1321200	-0.9313320960767262
PF3D7_1321300	-0.04372749486347999
PF3D7_1321400	-0.8020174187041993
PF3D7_1321500	-0.7334001076841599
PF3D7_1321600	-0.4427069034341726
PF3D7_1321700	-0.31352322891395157
PF3D7_1321800	-0.04055423903339961
PF3D7_1321900	-0.49146692477576825
PF3D7_1322000	0.3124378007383408
PF3D7_1322100	-0.6838797483156298
PF3D7_1322200	0.13740051107451356
PF3D7_1322300	0.03861189721472613
PF3D7_1322400	-0.03944474585672508
PF3D7_1322500	-0.06000601221039892
PF3D7_1322600	0.3495572107053731
PF3D7_1322700	-0.09228006845294145
PF3D7_1322800	-0.051472598923988144
PF3D7_1322900	-0.7605782766897419
PF3D7_1323000	-0.902442034575444
PF3D7_1323100	-0.4617437282084089
PF3D7_1323200	-0.4043435702935999
PF3D7_1323300	-0.0961850652455725
PF3D7_1323400	-0.23078937659536053
PF3D7_1323500	0.001598461464246248
PF3D7_1323600	-0.24648494018427253
PF3D7_1323700	0.04781180109158156
PF3D7_1323800	0.0077885917128419635
PF3D7_1323900	0.0938793482994078
PF3D7_1324000	-0.275315953103197
PF3D7_1324100	0.33097364957144154
PF3D7_1324200	-0.2992455388326058
PF3D7_1324300	0.09311365264591709
PF3D7_1324400	-0.1971250614271277
PF3D7_1324500	0.16298126127507917
PF3D7_1324600	-0.24807410680743736
PF3D7_1324700	-0.4204719682893322
PF3D7_1324800	-0.06646021747218811
PF3D7_1324900	-0.004725369533080004
PF3D7_1325000	-0.878138826047389
PF3D7_1325100	-0.04954739385892542
PF3D7_1325200	-1.6040510301868085
PF3D7_1325300	1.138345833092948
PF3D7_1325400	0.6724939577750373
PF3D7_1325500	-0.2241857712410118
PF3D7_1325600	-0.31185497325415046
PF3D7_1325700	-0.508823765446841
PF3D7_1325800	0.6963948115273962
PF3D7_1325900	0.002797309716322083
PF3D7_1326000	-0.30664696059613716
PF3D7_1326100	-0.3688443846656121
PF3D7_1326200	-0.30336982524706313
PF3D7_1326300	0.05785993511265797
PF3D7_1326400	-0.26700944512450603
PF3D7_1326500	0.21426357406086405
PF3D7_1326600	-0.04715205310766746
PF3D7_1326700	-0.376246956440971
PF3D7_1326800	-0.1739223993289647
PF3D7_1326900	0.3123371401673088
PF3D7_1327000	-0.2551835667484179
PF3D7_1327100	0.6216901399712972
PF3D7_1327200	0.39984005767797137
PF3D7_1327300	-0.44137595305324373
PF3D7_1327400	0.012418503040436568
PF3D7_1327500	0.39637143764643357
PF3D7_1327600	-0.3591379256747888
PF3D7_1327700	-0.4515479900331877
PF3D7_1327800	-0.17021712934112687
PF3D7_1327900	0.0
PF3D7_1328000	-0.007191041695450373
PF3D7_1328100	0.020532073670640638
PF3D7_1328200	-0.01004763660954211
PF3D7_1328300	0.3499682077240367
PF3D7_1328400	-0.28243320699851127
PF3D7_1328500	0.08448743741869746
PF3D7_1328600	0.838473855822693
PF3D7_1328700	-0.23480287344801246
PF3D7_1328800	0.05326464305475831
PF3D7_1328900	0.12085994372509963
PF3D7_1329000	-0.3398808229665934
PF3D7_1329100	-0.1467594761108667
PF3D7_1329200	-0.1948565076399329
PF3D7_1329300	0.04460728498840402
PF3D7_1329400	-0.1539466495659204
PF3D7_1329500	-0.3847599419031694
PF3D7_1329600	-0.7448717609694584
PF3D7_1329700	-0.9565665818616483
PF3D7_1329800	-0.9708476523548948
PF3D7_1329900	-0.468546267092198
PF3D7_1330000	-0.5794658300217468
PF3D7_1330100	-0.12460635967990993
PF3D7_1330200	-0.5855154077630115
PF3D7_1330300	-0.6352301942619265
PF3D7_1330400	0.3479650126504401
PF3D7_1330500	-0.4428786916812584
PF3D7_1330600	0.3723235233627963
PF3D7_1330700	0.4710570951264296
PF3D7_1330800	0.16232276225395792
PF3D7_1330900	0.0
PF3D7_1331000	0.29727069767562403
PF3D7_1331100	-0.38967640801996084
PF3D7_1331200	-0.13416374467042058
PF3D7_1331300	-0.37839692009874026
PF3D7_1331400	-0.34442170320192056
PF3D7_1331500	-0.11462026236806558
PF3D7_1331600	-0.08659833980184417
PF3D7_1331700	-0.5187285979614816
PF3D7_1331800	-0.47138385605935706
PF3D7_1331900	0.0
PF3D7_1332000	-0.6139488891513203
PF3D7_1332100	0.199165149815846
PF3D7_1332200	-0.8491189749248704
PF3D7_1332300	-0.39611755005287486
PF3D7_1332400	0.07773113859556346
PF3D7_1332500	-0.034244298315457486
PF3D7_1332600	0.2847746270831576
PF3D7_1332700	-0.4180264982532493
PF3D7_1332800	-0.3817241130309251
PF3D7_1332900	0.5033428839986243
PF3D7_1333000	-0.14548183320957397
PF3D7_1333100	-0.16110996211155382
PF3D7_1333200	-0.22776853883008724
PF3D7_1333300	-0.23970174323082682
PF3D7_1333400	0.002247265556683642
PF3D7_1333500	-0.2397742999449735
PF3D7_1333600	0.13708880202177998
PF3D7_1333700	-0.2483278242798319
PF3D7_1333800	0.15864625571331126
PF3D7_1333900	-0.34536108372166546
PF3D7_1334000	0.16431528951368857
PF3D7_1334100	-0.013890045006196783
PF3D7_1334200	0.42695631405993284
PF3D7_1334300	-0.4894001973132009
PF3D7_1334400	1.4391375379216231
PF3D7_1334500	0.7096309989210003
PF3D7_1334600	-0.31045235699377566
PF3D7_1334700	0.13140715031539751
PF3D7_1334800	0.2923937910330341
PF3D7_1334900	-0.22659803832918257
PF3D7_1335000	0.669515674561782
PF3D7_1335100	0.22200176927501908
PF3D7_1335200	0.29023899435167777
PF3D7_1335300	-0.4968898877675496
PF3D7_1335400	-0.5608235056431906
PF3D7_1335500	0.5283208335737187
PF3D7_1335600	0.2552287864058582
PF3D7_1335700	0.4235661373321757
PF3D7_1335800	-0.16460550469251836
PF3D7_1335900	0.5273954949257678
PF3D7_1336000	-0.23089200150799438
PF3D7_1336100	-0.5804925962836234
PF3D7_1336200	-0.33561102720681657
PF3D7_1336300	0.5124310831099471
PF3D7_1336400	0.1548217755651273
PF3D7_1336500	0.0
PF3D7_1336600	-0.7816957623164551
PF3D7_1336700	-0.42243672735778426
PF3D7_1336800	0.4340089695497783
PF3D7_1336900	-0.34650109317971683
PF3D7_1337000	-0.5747659775456591
PF3D7_1337100	-0.7366576529774616
PF3D7_1337200	0.14764848221304488
PF3D7_1337300	-0.4624371973327804
PF3D7_1337400	-0.7269586768016019
PF3D7_1337500	0.13314205668425605
PF3D7_1337600	-0.3333333333333333
PF3D7_1337700	-0.12659505254202952
PF3D7_1337800	-0.14169705464758894
PF3D7_1337900	-0.4269267335785143
PF3D7_1338000	-0.17419741167942712
PF3D7_1338100	0.14166697824275548
PF3D7_1338200	0.002289891931044785
PF3D7_1338300	0.4460228591088521
PF3D7_1338400	-0.4368297215641632
PF3D7_1338500	0.02393830533082164
PF3D7_1338600	-0.5457040470163853
PF3D7_1338700	0.10664241514314252
PF3D7_1338800	-0.42187095676274117
PF3D7_1338900	-0.0674611162443331
PF3D7_1339000	0.8050124997596145
PF3D7_1339100	-0.3333333333333333
PF3D7_1339200	0.0
PF3D7_1339300	-0.6201457039150187
PF3D7_1339400	-0.5070410906961624
PF3D7_1339500	-0.6142376928933173
PF3D7_1339600	0.071987832175815
PF3D7_1339700	0.15261863903659334
PF3D7_1339800	0.9434795117235484
PF3D7_1339900	-0.38270798649801074
PF3D7_1340000	0.4677090157775323
PF3D7_1340100	-0.04017051382373418
PF3D7_1340200	0.5978497075108579
PF3D7_1340300	0.30988098920195184
PF3D7_1340400	0.19498750024038541
PF3D7_1340500	-0.10414750787271387
PF3D7_1340600	-0.1966265876230998
PF3D7_1340700	-0.18861316093664504
PF3D7_1340800	-0.14580775793237732
PF3D7_1340900	-0.4287813536824194
PF3D7_1341000	0.0
PF3D7_1341100	-0.6003095509660572
PF3D7_1341200	0.12281864594849046
PF3D7_1341300	-0.6449326736452361
PF3D7_1341400	0.0
PF3D7_1341500	-0.0804005862293823
PF3D7_1341600	0.31305885795552146
PF3D7_1341700	0.1383458330929479
PF3D7_1341800	-0.18446748651766548
PF3D7_1341900	-0.814026222289725
PF3D7_1342000	0.20090070906414334
PF3D7_1342100	-0.19054930365640393
PF3D7_1342200	0.5660616451225492
PF3D7_1342300	-0.18801311498884854
PF3D7_1342400	-0.10825400066366461
PF3D7_1342500	-0.6694176027290819
PF3D7_1342600	-0.6404683752724836
PF3D7_1342700	-0.7443010348055337
PF3D7_1342800	-0.3255549304116773
PF3D7_1342900	0.24086998524560843
PF3D7_1343000	0.7903280564229753
PF3D7_1343100	0.21781763204702795
PF3D7_1343200	-0.08558513292266243
PF3D7_1343300	-0.097253620948907
PF3D7_1343400	-0.10166458439483228
PF3D7_1343500	-0.48579778104858995
PF3D7_1343600	-0.15642228369202626
PF3D7_1343700	-0.3663570082547331
PF3D7_1343800	0.6569827137010331
PF3D7_1343900	0.38876973934327164
PF3D7_1344000	-0.2119939151712667
PF3D7_1344100	-0.18223267503578813
PF3D7_1344200	0.6830119030984099
PF3D7_1344300	-0.20353206297010917
PF3D7_1344400	-0.11150428683357116
PF3D7_1344500	0.26298396146426894
PF3D7_1344600	-0.6481619946493724
PF3D7_1344700	0.13834583309294798
PF3D7_1344800	0.404801734638878
PF3D7_1344900	-0.22381273279959668
PF3D7_1345000	-1.0420014572934124
PF3D7_1345100	-0.555855527209826
PF3D7_1345200	-0.11542980266620337
PF3D7_1345300	-0.4933077738134226
PF3D7_1345400	0.43167833242637976
PF3D7_1345500	0.012667027497962557
PF3D7_1345600	0.16962097429901807
PF3D7_1345700	0.0038190034374056686
PF3D7_1345800	-0.28066949673867614
PF3D7_1345900	-0.1750399733323399
PF3D7_1346000	0.7074655437865757
PF3D7_1346100	-0.14360871761071803
PF3D7_1346200	1.514100449529053
PF3D7_1346300	-0.10860761867641133
PF3D7_1346400	-0.09156722883746049
PF3D7_1346500	0.1584556782998966
PF3D7_1346600	-0.07549609901076626
PF3D7_1346700	0.5818090576381343
PF3D7_1346800	-0.2890298625168478
PF3D7_1346900	0.13340432363593502
PF3D7_1347000	-0.08256638244321651
PF3D7_1347100	-0.080916003093919
PF3D7_1347200	-0.2594261557436215
PF3D7_1347300	-0.2228158825620734
PF3D7_1347400	-0.7164715464749891
PF3D7_1347500	-0.11522663408587176
PF3D7_1347600	-0.3128310987254037
PF3D7_1347700	-0.16780424340223643
PF3D7_1347800	0.5701644609350052
PF3D7_1347900	0.432216160897239
PF3D7_1348000	0.00621428414813241
PF3D7_1348100	-0.24696015661896456
PF3D7_1348200	-0.24352822148084619
PF3D7_1348300	-0.22646658845168338
PF3D7_1348400	0.7774706315401112
PF3D7_1348500	-0.14763745301780956
PF3D7_1348600	0.4285474498486349
PF3D7_1348700	-0.6394620781487828
PF3D7_1348800	-0.47765313575870205
PF3D7_1348900	-0.5828410879540779
PF3D7_1349000	-0.13311072227944387
PF3D7_1349100	-0.23441080285675608
PF3D7_1349200	0.49813997372474816
PF3D7_1349300	-0.04284806128763585
PF3D7_1349400	-0.7133776348175044
PF3D7_1349500	0.024850666119723863
PF3D7_1349600	0.30479127834548136
PF3D7_1349700	-0.8349545615256275
PF3D7_1349800	0.6494070723711869
PF3D7_1349900	-0.05095574890316712
PF3D7_1350000	0.7555955135649671
PF3D7_1350100	0.4930984822390019
PF3D7_1350200	-0.8193078083586476
PF3D7_1350300	-0.11977653720956
PF3D7_1350400	-0.4027023706401315
PF3D7_1350500	-0.21834613783222098
PF3D7_1350600	1.1160530781017755
PF3D7_1350700	-0.6115656313400484
PF3D7_1350800	0.11012989121185246
PF3D7_1350900	0.41370034175514253
PF3D7_1351000	-0.11253437673866995
PF3D7_1351100	-0.39005160686886764
PF3D7_1351200	-0.4962304962474079
PF3D7_1351300	-0.5593573017042125
PF3D7_1351400	-0.3230741765281757
PF3D7_1351500	0.0
PF3D7_1351600	-0.4888975130918478
PF3D7_1351700	-0.56044944593508
PF3D7_1351800	-0.6110124211966794
PF3D7_1351900	-0.3547773909700451
PF3D7_1352000	0.3091857632786813
PF3D7_1352100	-0.2734186961323753
PF3D7_1352200	-0.014691686431037687
PF3D7_1352300	0.12049285089132922
PF3D7_1352400	0.5033044783476606
PF3D7_1352500	0.3098371482845108
PF3D7_1352600	0.33333333333333337
PF3D7_1352700	0.15353616919424495
PF3D7_1352800	-0.3994474860306538
PF3D7_1352900	0.33333333333333337
PF3D7_1353000	-0.23544279646215238
PF3D7_1353100	-0.7753799074276602
PF3D7_1353200	-1.2530413023931808
PF3D7_1353300	0.20954782143974493
PF3D7_1353400	-0.5513893102658138
PF3D7_1353500	-0.03389089375599996
PF3D7_1353600	0.23961591327067122
PF3D7_1353700	-0.36383413149038013
PF3D7_1353800	-0.7591544032063782
PF3D7_1353900	-0.16460294282681864
PF3D7_1354000	0.47167916642628127
PF3D7_1354100	0.5749642539552102
PF3D7_1354200	0.140676034576001
PF3D7_1354300	0.3397664864095056
PF3D7_1354400	-0.6186881774439179
PF3D7_1354500	0.39200298134205874
PF3D7_1354600	0.693036575901359
PF3D7_1354700	0.47167916642628127
PF3D7_1354800	0.06345095489343043
PF3D7_1354900	0.5755343303102406
PF3D7_1355100	0.17923297860592713
PF3D7_1355200	-0.08050041476138409
PF3D7_1355300	0.1561253763789041
PF3D7_1355400	0.0
PF3D7_1355500	0.2715559047103923
PF3D7_1355600	-0.12726477664673896
PF3D7_1355700	-0.006948053206732752
PF3D7_1355800	-0.7611051877584131
PF3D7_1355900	-0.4573129523732455
PF3D7_1356000	-1.186531562433923
PF3D7_1356100	0.39597639393700523
PF3D7_1356200	-0.32181820372128067
PF3D7_1356300	-0.8395403443202543
PF3D7_1356400	0.02915468638192016
PF3D7_1356500	0.44064269829578745
PF3D7_1356600	-0.24952046641250178
PF3D7_1356700	-0.6066200219052077
PF3D7_1356800	0.14242414101323986
PF3D7_1356900	-1.083439093687982
PF3D7_1357000	0.13609116515944764
PF3D7_1357100	0.20848668558896993
PF3D7_1357200	-0.7792278796937004
PF3D7_1357300	0.9357849740192014
PF3D7_1357400	0.3266908303569014
PF3D7_1357500	-0.23168555148415648
PF3D7_1357600	0.931640011041913
PF3D7_1357700	-0.4820101737144657
PF3D7_1357800	0.46180271787501104
PF3D7_1357900	0.11709305938549225
PF3D7_1358000	0.16415222367749394
PF3D7_1358100	0.025723984538236766
PF3D7_1358200	-0.19430020182756735
PF3D7_1358300	-0.27259437392484465
PF3D7_1358400	-0.08503728953387846
PF3D7_1358500	-0.23785896988968203
PF3D7_1358600	0.48508099147498074
PF3D7_1358700	0.37069475263372453
PF3D7_1358800	-0.24211621205055267
PF3D7_1358900	-0.3716528269498418
PF3D7_1359000	0.9805439904516239
PF3D7_1359100	0.1081134184471392
PF3D7_1359200	-0.786174176220893
PF3D7_1359300	-0.07572897555990565
PF3D7_1359400	-0.44798946895099845
PF3D7_1359500	2.469796978712567
PF3D7_1359600	-0.07099679040811013
PF3D7_1359700	0.4472593690704336
PF3D7_1359800	-0.1045341557623315
PF3D7_1359900	-0.2978807931032935
PF3D7_1360000	-0.8248695680727371
PF3D7_1360100	-0.7907565193941443
PF3D7_1360200	-0.9387772872676117
PF3D7_1360300	0.24347424943314455
PF3D7_1360400	0.06891989938914689
PF3D7_1360500	-0.025086109878932117
PF3D7_1360700	0.07727015631790835
PF3D7_1360800	0.2625853617041467
PF3D7_1360900	-0.12203548993766694
PF3D7_1361000	0.3378067163147712
PF3D7_1361100	-0.2683264158760741
PF3D7_1361200	-0.10039599831971002
PF3D7_1361300	0.2874988254166886
PF3D7_1361400	0.44250912765037737
PF3D7_1361500	-0.5206472121584078
PF3D7_1361600	-0.186954135279072
PF3D7_1361700	-0.7866097577167621
PF3D7_1361800	-0.06659543499256237
PF3D7_1361900	0.1706954404462886
PF3D7_1362000	-0.509070149093301
PF3D7_1362100	-0.5461065447607342
PF3D7_1362200	-0.15573602686958482
PF3D7_1362300	-0.5303448356553082
PF3D7_1362400	-0.3845178992007864
PF3D7_1362500	-0.5594615875213486
PF3D7_1362600	-0.8315041820909429
PF3D7_1362700	0.03685934399668511
PF3D7_1362800	0.18396879231474444
PF3D7_1362900	0.12741331426311464
PF3D7_1363000	0.6604614406108844
PF3D7_1363100	-0.0011853987600671523
PF3D7_1363200	0.2740161515057716
PF3D7_1363300	-0.2266397935025357
PF3D7_1363400	0.695585894404803
PF3D7_1363500	-0.24358632844708028
PF3D7_1363600	-0.031299914312702404
PF3D7_1363700	-0.42343278934401263
PF3D7_1363800	-0.16324446513462973
PF3D7_1363900	-0.22516212261366464
PF3D7_1364000	-0.9904408227345057
PF3D7_1364100	1.0321606785997455
PF3D7_1364200	0.2731364847839922
PF3D7_1364300	-0.5401717391180302
PF3D7_1364400	-0.1422858920290867
PF3D7_1364500	0.40513771562032574
PF3D7_1364600	-0.33973621519787384
PF3D7_1364700	1.5517839428708515
PF3D7_1364800	-0.7752590285893645
PF3D7_1364900	0.32813791380299345
PF3D7_1365000	-0.12330134531290274
PF3D7_1365100	-0.7987764279406768
PF3D7_1365200	0.18156931622162342
PF3D7_1365300	0.1711305183471148
PF3D7_1365400	-0.16128960031773856
PF3D7_1365500	-0.5289802512037868
PF3D7_1365600	-0.43183449421386194
PF3D7_1365700	-0.0014722730163386766
PF3D7_1365800	-0.6008167679592589
PF3D7_1365900	-0.6933709287052781
PF3D7_1366000	-0.13662736672860953
PF3D7_1366100	-1.0675406951521815
PF3D7_1366200	-0.2882264213446527
PF3D7_1366300	-0.14696186131255806
PF3D7_1366400	0.3725249702298363
PF3D7_1366500	-0.5557526875083032
PF3D7_1366600	-0.12643955289486214
PF3D7_1366700	-0.3317672845021147
PF3D7_1366800	-0.6725151423767438
PF3D7_1366900	0.15317415712021526
PF3D7_1367000	-0.5775918980781025
PF3D7_1367100	-0.3285790641081543
PF3D7_1367200	-0.4406426982957874
PF3D7_1367300	0.3333333333333333
PF3D7_1367400	-0.33123753908661935
PF3D7_1367500	0.2732676600507145
PF3D7_1367600	-0.4895290482968321
PF3D7_1367700	0.2602624169485258
PF3D7_1367800	-1.578988531388735
PF3D7_1367900	0.6590933078333056
PF3D7_1368000	0.12952277832301506
PF3D7_1368100	0.06890056463530203
PF3D7_1368200	-0.2753203490612115
PF3D7_1368300	-0.22871504450009628
PF3D7_1368400	0.10571245489684672
PF3D7_1368500	0.9440472700536401
PF3D7_1368600	-0.09407454874718335
PF3D7_1368700	0.016293857818135804
PF3D7_1368800	-0.08130737438703006
PF3D7_1368900	0.1311626150706552
PF3D7_1369000	0.5441422567006676
PF3D7_1369100	-0.47977233007549547
PF3D7_1369200	-0.0048572268486879455
PF3D7_1369300	0.6666666666666666
PF3D7_1369400	0.6425200891671284
PF3D7_1369500	0.7812441782698553
PF3D7_1369600	-0.2896222674780784
PF3D7_1369700	-0.4429974883833021
PF3D7_1369800	0.602451640685868
PF3D7_1369900	0.0
PF3D7_1370000	0.3333333333333333
PF3D7_1370100	0.0
PF3D7_1370200	0.3333333333333333
PF3D7_1370300	-0.07535806088653474
PF3D7_1370500	-0.4072899989419517
PF3D7_1370800	-0.6244318423856033
PF3D7_1370900	-0.5231435626178181
PF3D7_1371000	0.0
PF3D7_1371200	0.0
PF3D7_1371300	0.1383458330929479
PF3D7_1371500	-0.4904100274642298
PF3D7_1371600	-0.6360539447963849
PF3D7_1371700	0.22115795210832215
PF3D7_1371800	-0.15098812012747295
PF3D7_1371900	-0.2372895671263013
PF3D7_1372000	-0.2983016647032929
PF3D7_1372100	1.4466166676282084
PF3D7_1372200	-0.10939295800440663
PF3D7_1372300	-0.7246764665916829
PF3D7_1372400	0.4259191992974724
PF3D7_1372500	-0.5266481419848439
PF3D7_1372600	-1.583933335978215
PF3D7_1372700	-0.5283208335737187
PF3D7_1372800	-1.0566416671474375
PF3D7_1372900	0.0
PF3D7_1373000	0.1383458330929479
PF3D7_1373100	0.13834583309294793
PF3D7_1373200	0.0
PF3D7_1373300	0.0
PF3D7_1373400	-0.43844865887872786
PF3D7_1373500	-0.9687687315470397
PF3D7_1400100	-1.1134173918817867
PF3D7_1400200	0.8828872226379675
PF3D7_1400300	0.1383458330929479
PF3D7_1400400	-0.7493091711478619
PF3D7_1400500	-0.3333333333333333
PF3D7_1400600	0.5828204110013453
PF3D7_1400700	-0.7144842633603736
PF3D7_1400800	-1.5283208335737186
PF3D7_1400900	0.0
PF3D7_1401000	-0.4557040685937513
PF3D7_1401050	0.0
PF3D7_1401100	0.6160737720451525
PF3D7_1401200	-0.42648761170301674
PF3D7_1401300	-1.1869032376180908
PF3D7_1401400	-1.0645883261613656
PF3D7_1401500	-0.27890513468667144
PF3D7_1401600	0.10622035595105739
PF3D7_1401700	0.4406426982957874
PF3D7_1401800	-0.25845396178667024
PF3D7_1401900	-0.5188543969151932
PF3D7_1402000	-0.0651682518200476
PF3D7_1402100	-0.5464142048565556
PF3D7_1402200	-0.33794248403930705
PF3D7_1402300	0.545041000201746
PF3D7_1402400	-0.3502578791076816
PF3D7_1402500	-0.13951250328935672
PF3D7_1402600	0.0
PF3D7_1402700	-0.6911164643504419
PF3D7_1402800	0.06363762932581918
PF3D7_1402900	-0.17189018345943347
PF3D7_1403000	0.29632289587041877
PF3D7_1403100	0.12713437430152708
PF3D7_1403200	-0.9934383211162745
PF3D7_1403300	-0.5461663265350725
PF3D7_1403400	-0.2943896181923038
PF3D7_1403500	-0.12406944268898534
PF3D7_1403600	-0.8534678353950595
PF3D7_1403700	-0.3506146670866639
PF3D7_1403800	-0.024561650965696957
PF3D7_1403900	-0.2795884252293308
PF3D7_1404000	0.32887365673293356
PF3D7_1404100	-0.6548282069825564
PF3D7_1404200	-0.567534984737412
PF3D7_1404300	0.0931078626441495
PF3D7_1404400	-1.066960577330746
PF3D7_1404500	-0.24835885308818845
PF3D7_1404600	-0.23177414325082568
PF3D7_1404700	0.4812022171585383
PF3D7_1404800	0.3452602278783099
PF3D7_1404900	0.44652460674389904
PF3D7_1405000	-0.09069809289008456
PF3D7_1405100	-0.536904683826558
PF3D7_1405200	-0.3053486481755998
PF3D7_1405300	-0.14200804729515715
PF3D7_1405400	0.09973948297079205
PF3D7_1405500	-0.18035246303081826
PF3D7_1405600	0.003843762888401825
PF3D7_1405700	0.11839113479770921
PF3D7_1405800	-0.07032726114732601
PF3D7_1405900	0.3721668495577718
PF3D7_1406000	-0.8073509416789215
PF3D7_1406100	0.02590196409062725
PF3D7_1406200	0.5107611509965786
PF3D7_1406300	0.7573195459200117
PF3D7_1406400	0.2486115336947781
PF3D7_1406500	0.4612213703397774
PF3D7_1406600	-0.05369877722694372
PF3D7_1406700	-0.4080522734597116
PF3D7_1406800	-0.2264539261428411
PF3D7_1406900	-0.06370205346581492
PF3D7_1407000	-0.4996740564317479
PF3D7_1407100	-0.362327964308987
PF3D7_1407200	-0.5830884493946852
PF3D7_1407300	-1.00388431325208
PF3D7_1407400	-0.2777420665643471
PF3D7_1407500	0.029668264756770646
PF3D7_1407600	0.3444418185945103
PF3D7_1407700	0.3468806614991153
PF3D7_1407800	0.21374156409913972
PF3D7_1407900	0.4673686401730614
PF3D7_1408000	-0.5016817296974235
PF3D7_1408100	0.1907248725484159
PF3D7_1408200	-0.11895527667837547
PF3D7_1408300	0.7857504079436062
PF3D7_1408400	0.24115342570053433
PF3D7_1408500	0.36002816555194406
PF3D7_1408600	-0.026721500283975574
PF3D7_1408700	0.4821193546755407
PF3D7_1408800	-0.8050124997596146
PF3D7_1408900	-0.299659314344462
PF3D7_1409000	-0.12507600254751527
PF3D7_1409100	-0.3692737631614076
PF3D7_1409200	0.07213206763923463
PF3D7_1409300	0.2212874869497563
PF3D7_1409400	-0.6481242661475833
PF3D7_1409500	0.5692528050279252
PF3D7_1409600	-0.27071619000233205
PF3D7_1409700	-0.10787361708385143
PF3D7_1409800	0.12837128427397773
PF3D7_1409900	-0.04193197848036484
PF3D7_1410000	0.03578880847628252
PF3D7_1410100	-0.571247623533086
PF3D7_1410200	-0.006368446743421408
PF3D7_1410300	0.2887444089013249
PF3D7_1410400	0.9026866759400031
PF3D7_1410500	-0.27013545412722695
PF3D7_1410600	0.05992313988838255
PF3D7_1410700	0.5862095149845267
PF3D7_1410800	-0.5669314315198133
PF3D7_1410900	-0.028395008366600805
PF3D7_1411000	-0.16206200683151645
PF3D7_1411100	0.6282278179717946
PF3D7_1411200	0.1558305263186368
PF3D7_1411300	-0.5091960166131708
PF3D7_1411400	-0.3571838485818837
PF3D7_1411500	0.3090872690833834
PF3D7_1411600	0.14757911091481096
PF3D7_1411700	-0.1869400607404066
PF3D7_1411800	0.06367145969766408
PF3D7_1411900	-0.14422562349976498
PF3D7_1412000	0.27460206495625117
PF3D7_1412100	0.3982956431533272
PF3D7_1412200	-0.1299774459188059
PF3D7_1412300	-0.086261842031365
PF3D7_1412400	0.11737016994825944
PF3D7_1412500	-0.03677524405038285
PF3D7_1412600	-0.0033868404304312483
PF3D7_1412700	0.42484683774951715
PF3D7_1412800	0.06377885792652416
PF3D7_1412900	-0.14306039304566703
PF3D7_1413000	1.111141244575064
PF3D7_1413100	0.0566416671474374
PF3D7_1413200	0.3618651059775413
PF3D7_1413300	-0.2074410094083614
PF3D7_1413400	-0.2523376150806722
PF3D7_1413500	-0.4056215019132422
PF3D7_1413600	0.6356301985361728
PF3D7_1413700	-0.48293558259080654
PF3D7_1413800	-1.215250206018253
PF3D7_1413900	-0.6063768248608745
PF3D7_1414000	-0.5729302821360899
PF3D7_1414100	0.018587633804927783
PF3D7_1414200	0.41898229171815027
PF3D7_1414300	0.04859016457490428
PF3D7_1414400	-0.1172329440890133
PF3D7_1414500	0.007894030772704674
PF3D7_1414600	-0.3049074511042563
PF3D7_1414700	0.2376535611549022
PF3D7_1414800	-0.8348261315474662
PF3D7_1414900	-0.5360945249852584
PF3D7_1415000	0.31486121229371733
PF3D7_1415100	-0.19759671420368505
PF3D7_1415200	-0.9734292816702792
PF3D7_1415300	-0.21319735843665022
PF3D7_1415400	0.04775336893375326
PF3D7_1415500	0.5106671470684072
PF3D7_1415600	-0.3142275247262081
PF3D7_1415700	-0.040670843131732914
PF3D7_1415800	0.20196815230041976
PF3D7_1415900	-0.5300066027173977
PF3D7_1416000	-1.0
PF3D7_1416100	0.8667927974579985
PF3D7_1416200	0.1203422222557573
PF3D7_1416300	-0.23428420756326235
PF3D7_1416400	-0.698989975664905
PF3D7_1416500	-0.7275833552271267
PF3D7_1416600	1.1174510408694802
PF3D7_1416700	-1.020347385210715
PF3D7_1416800	-0.6521403755585764
PF3D7_1416900	-0.599479455577153
PF3D7_1417000	0.2025608590737466
PF3D7_1417100	0.03746117515342787
PF3D7_1417200	-0.027914939094122904
PF3D7_1417300	0.10752986702437689
PF3D7_1417400	-0.40551387794409455
PF3D7_1417500	-0.5442474736146568
PF3D7_1417600	-0.09936063724942223
PF3D7_1417700	-0.05058159115037286
PF3D7_1417800	0.3682841588421283
PF3D7_1417900	-0.26313731634366
PF3D7_1418000	-0.5195346763060009
PF3D7_1418100	0.34688066149911534
PF3D7_1418200	-0.048162754213767534
PF3D7_1418300	-0.5142485320865747
PF3D7_1418400	-0.8616541669070521
PF3D7_1418500	0.0
PF3D7_1418600	0.0
PF3D7_1418700	-0.19498750024038541
PF3D7_1418800	-1.547297790269918
PF3D7_1418900	0.4820089751810889
PF3D7_1419000	0.11276165045428743
PF3D7_1419100	0.48363838188697417
PF3D7_1419200	0.1643515010718276
PF3D7_1419300	0.07809491040509309
PF3D7_1419400	-0.4989073830979638
PF3D7_1419500	0.29649140761971093
PF3D7_1419600	-0.1604579770862086
PF3D7_1419700	0.6395015588844498
PF3D7_1419800	0.02720609762101381
PF3D7_1419900	-0.5606244341892841
PF3D7_1420000	-0.7461088280527939
PF3D7_1420100	0.35481141048036546
PF3D7_1420200	0.47055867207878843
PF3D7_1420300	0.020229308899701426
PF3D7_1420400	0.42736244370536514
PF3D7_1420500	0.37006097258347426
PF3D7_1420600	0.13254595963134452
PF3D7_1420700	-0.09727720609134217
PF3D7_1420800	0.0
PF3D7_1420900	-0.3579747461177074
PF3D7_1421000	-1.3447714078790463
PF3D7_1421100	0.12080943618313941
PF3D7_1421150	-0.773976031629121
PF3D7_1421200	-0.46434653945714666
PF3D7_1421300	-0.18803636084725506
PF3D7_1421400	-0.6693985860301661
PF3D7_1421500	0.11246421197604572
PF3D7_1421600	-0.31396746225178535
PF3D7_1421700	0.0
PF3D7_1421800	0.038649126794495725
PF3D7_1421900	-0.2423457792940511
PF3D7_1422000	-0.21393816314849207
PF3D7_1422100	-0.3308039249459448
PF3D7_1422200	-0.22327254840160005
PF3D7_1422300	-0.839910092502529
PF3D7_1422400	0.08344059395694414
PF3D7_1422500	-0.4407849525443133
PF3D7_1422600	-0.49214106706637595
PF3D7_1422700	0.3717698083237229
PF3D7_1422800	-0.1396871293761448
PF3D7_1422900	0.4001711070919118
PF3D7_1423000	0.12657677413724538
PF3D7_1423100	-0.3682541936553648
PF3D7_1423200	-0.7363188108133811
PF3D7_1423300	-1.1199312683863216
PF3D7_1423400	0.3333333333333333
PF3D7_1423500	0.428063419092108
PF3D7_1423600	-0.5030942139425183
PF3D7_1423700	0.6774144521464212
PF3D7_1423800	-0.08895502332719585
PF3D7_1423900	0.19498750024038541
PF3D7_1424000	0.6666666666666666
PF3D7_1424100	-0.02033603701065101
PF3D7_1424200	0.0
PF3D7_1424300	0.0
PF3D7_1424400	-0.2370867289687068
PF3D7_1424500	0.21247664020509724
PF3D7_1424600	-0.6666666666666666
PF3D7_1424700	-0.13834583309294796
PF3D7_1424800	0.3333333333333333
PF3D7_1424900	0.3333333333333333
PF3D7_1425000	0.19498750024038536
PF3D7_1425100	0.0
PF3D7_1425200	-0.5087223700364755
PF3D7_1425300	-0.4964685623448082
PF3D7_1425400	-0.48512131964110966
PF3D7_1425500	-0.21461872992490827
PF3D7_1425600	-0.2764938877142771
PF3D7_1425700	0.02325981948072331
PF3D7_1425800	0.2793442714318277
PF3D7_1425900	-0.22617606663852519
PF3D7_1426000	-0.42641035801505023
PF3D7_1426100	-0.012016238308291793
PF3D7_1426200	0.07324154959064932
PF3D7_1426300	-0.24849166261477074
PF3D7_1426400	0.35933417066709106
PF3D7_1426500	0.12541639872682542
PF3D7_1426600	-0.03238335304815859
PF3D7_1426700	-0.08384510244532584
PF3D7_1426800	-0.18271057635994403
PF3D7_1426900	-0.9831908967544543
PF3D7_1427000	-0.18641235576685644
PF3D7_1427100	-0.5142909530852515
PF3D7_1427200	0.038788958460136524
PF3D7_1427300	0.4205519525231152
PF3D7_1427400	0.6536798712935283
PF3D7_1427500	0.33251718090814686
PF3D7_1427600	0.5324757313947839
PF3D7_1427700	-0.40834974514546407
PF3D7_1427800	-0.04718045113673974
PF3D7_1427900	0.10060666627027731
PF3D7_1428000	-0.29674701075659016
PF3D7_1428100	0.0947234860527239
PF3D7_1428200	0.32535451784676034
PF3D7_1428300	0.04075085123006274
PF3D7_1428400	-0.007548665088315865
PF3D7_1428500	-0.5843071125033499
PF3D7_1428600	-0.5916302822218733
PF3D7_1428700	-0.09818873559301772
PF3D7_1428800	-0.3261633480926201
PF3D7_1428900	0.47912909879370824
PF3D7_1429000	-0.43887542404379754
PF3D7_1429100	-0.5958553461243002
PF3D7_1429200	0.1576810342381365
PF3D7_1429300	-0.6415191124665789
PF3D7_1429400	-0.23916374735803803
PF3D7_1429500	-0.03514118425200441
PF3D7_1429600	-0.350710657943448
PF3D7_1429700	-0.2859352705850785
PF3D7_1429800	0.38619204798440543
PF3D7_1429900	-0.13922100096085155
PF3D7_1430000	0.117572432356196
PF3D7_1430100	0.09915692215984195
PF3D7_1430200	-0.6336130308386794
PF3D7_1430300	-0.05904204695491
PF3D7_1430400	-0.4004805088179876
PF3D7_1430500	-0.8735982021920619
PF3D7_1430600	-0.019394562064043108
PF3D7_1430700	-0.09888741486072417
PF3D7_1430800	-1.193788892381592
PF3D7_1430900	-0.9530132930549075
PF3D7_1431000	-0.6375621959255133
PF3D7_1431100	-0.5531422367567007
PF3D7_1431200	0.13178335550246295
PF3D7_1431300	-0.03601719418442206
PF3D7_1431400	-0.08816897766888421
PF3D7_1431500	-0.46995821291099305
PF3D7_1431600	0.059016772954002414
PF3D7_1431700	-0.45845762402979684
PF3D7_1431800	-0.06493450648940899
PF3D7_1431900	0.14405860805296447
PF3D7_1432000	0.37968939194143647
PF3D7_1432100	-0.7641847330883278
PF3D7_1432200	-0.03072164644923081
PF3D7_1432300	0.17156858912783082
PF3D7_1432400	-0.4721315267762357
PF3D7_1432500	-0.39586344686087094
PF3D7_1432600	0.012266871019080583
PF3D7_1432700	-0.518450215753643
PF3D7_1432800	-0.11054322018229074
PF3D7_1432900	-0.5639554800699929
PF3D7_1433000	-0.7162871705904298
PF3D7_1433100	-1.104803315615407
PF3D7_1433200	-0.5591755219451161
PF3D7_1433300	-0.9830399080723883
PF3D7_1433400	0.37276899286940446
PF3D7_1433500	0.0706775872112424
PF3D7_1433600	-0.7486168559342079
PF3D7_1433700	0.2484743841250695
PF3D7_1433800	0.314580499712793
PF3D7_1433900	-0.1186728851317464
PF3D7_1434000	-0.48874953736330484
PF3D7_1434100	0.571311541836955
PF3D7_1434200	-0.5376715161118024
PF3D7_1434300	0.47260591664745505
PF3D7_1434400	-0.013358676068624842
PF3D7_1434500	0.36509804937154655
PF3D7_1434600	-0.4392295796419716
PF3D7_1434700	-0.4785403618560298
PF3D7_1434800	-0.4492311488948535
PF3D7_1434900	0.9160723919060854
PF3D7_1435000	-0.4612485940398126
PF3D7_1435100	0.06539810428497428
PF3D7_1435200	0.25139851146223585
PF3D7_1435300	-0.5461131626027694
PF3D7_1435400	0.2896045230983235
PF3D7_1435500	0.6296585233278595
PF3D7_1435600	0.4402649476125716
PF3D7_1435700	-0.32202988915188624
PF3D7_1435800	-0.8596037629045015
PF3D7_1435900	0.3426707672763415
PF3D7_1436000	0.5722727743200288
PF3D7_1436100	0.40505332563658025
PF3D7_1436200	0.4266957038518393
PF3D7_1436300	-0.39121861168432065
PF3D7_1436400	-0.618794897349223
PF3D7_1436500	0.10018951717836438
PF3D7_1436600	-1.0110460675412802
PF3D7_1436700	0.15840473529235344
PF3D7_1436800	0.3380333990149514
PF3D7_1436900	0.692168306173781
PF3D7_1437000	-0.2318894975200505
PF3D7_1437100	-0.017078761197102277
PF3D7_1437200	0.033650804639488524
PF3D7_1437300	-0.0012961251045938704
PF3D7_1437400	0.24308838579626982
PF3D7_1437500	0.1301189416206241
PF3D7_1437600	-0.9681801993364049
PF3D7_1437700	0.5640595829804994
PF3D7_1437800	-0.1629222782148898
PF3D7_1437900	0.3870626060920629
PF3D7_1438000	0.4181102881798032
PF3D7_1438100	0.10479951292037559
PF3D7_1438200	1.1949875002403854
PF3D7_1438300	0.0
PF3D7_1438400	0.07743360802881238
PF3D7_1438500	0.06890635894411767
PF3D7_1438600	0.7689147012351769
PF3D7_1438700	-0.038296174504218475
PF3D7_1438800	-0.5627031426081498
PF3D7_1438900	-0.10010090168465235
PF3D7_1439000	0.005793658443534522
PF3D7_1439100	0.23778061158713726
PF3D7_1439200	0.6712049990363269
PF3D7_1439300	0.3990303786006709
PF3D7_1439400	-0.28030355647048166
PF3D7_1439500	-0.09598632511611688
PF3D7_1439600	-0.00336266333108326
PF3D7_1439700	0.10623629922367053
PF3D7_1439800	-0.4240606134597811
PF3D7_1439900	-0.2504057003675475
PF3D7_1440000	0.2927543599721124
PF3D7_1440100	0.557813812411952
PF3D7_1440200	-0.7624155765566373
PF3D7_1440300	0.0
PF3D7_1440400	0.5754696942116231
PF3D7_1440500	0.7763113524365808
PF3D7_1440600	-0.609555142767672
PF3D7_1440700	0.07733669170197496
PF3D7_1440800	-0.2251176862034645
PF3D7_1440900	-0.30436948055983887
PF3D7_1441000	-0.4537035334034251
PF3D7_1441100	0.19787452179606713
PF3D7_1441200	0.27620276579911585
PF3D7_1441300	0.05316500781917011
PF3D7_1441400	0.3178543693040544
PF3D7_1441500	-0.23810644272652914
PF3D7_1441600	0.5016000081367765
PF3D7_1441700	-0.3351099180828927
PF3D7_1441800	-0.379255042676465
PF3D7_1441900	0.8892351964449919
PF3D7_1442000	-0.006434284893716946
PF3D7_1442100	-0.8852402111710979
PF3D7_1442200	0.028900877429370864
PF3D7_1442300	0.04616986611940338
PF3D7_1442400	0.16246761310224977
PF3D7_1442500	0.09861066651731734
PF3D7_1442600	-0.4245363934974302
PF3D7_1442700	0.402538848227288
PF3D7_1442800	0.2543693363228128
PF3D7_1442900	0.05886587119200204
PF3D7_1443000	0.11945203817808528
PF3D7_1443100	0.14086447539027105
PF3D7_1443200	-0.5977554866601538
PF3D7_1443300	-0.8025971775466203
PF3D7_1443400	-0.7200039963717468
PF3D7_1443500	-0.0428364504501485
PF3D7_1443600	0.5059986011788175
PF3D7_1443700	-0.03714741473211558
PF3D7_1443800	-0.2028415689858754
PF3D7_1443900	-0.15234780381864788
PF3D7_1444000	-0.1307724742595866
PF3D7_1444100	-0.10505131029629544
PF3D7_1444200	-0.13426783689991612
PF3D7_1444300	-0.47625515197572965
PF3D7_1444400	0.4381853275735716
PF3D7_1444500	-0.019879488938089773
PF3D7_1444600	-0.10602525646391925
PF3D7_1444700	-0.36078766824950786
PF3D7_1444800	0.44726323155904335
PF3D7_1444900	0.07167096365694947
PF3D7_1445000	0.521633005625709
PF3D7_1445100	0.3663586048504172
PF3D7_1445200	-0.41457035407572046
PF3D7_1445300	-0.7261227109864272
PF3D7_1445400	-0.7680711476571533
PF3D7_1445500	-0.2933781762840793
PF3D7_1445600	-0.09826185320574321
PF3D7_1445700	0.21956673835679474
PF3D7_1445800	1.169193323136264
PF3D7_1445900	-0.16019911856432312
PF3D7_1446000	-1.224141780657165
PF3D7_1446100	1.6666666666666665
PF3D7_1446200	0.5374505060462329
PF3D7_1446300	0.30209077606592327
PF3D7_1446400	0.01832871844052561
PF3D7_1446500	0.24813010519286616
PF3D7_1446600	-0.4666020199788714
PF3D7_1446700	-0.28690370665212467
PF3D7_1446800	-0.7655502909693152
PF3D7_1446900	-0.2622911605039805
PF3D7_1447000	0.04545822973405578
PF3D7_1447100	-0.4923089558286937
PF3D7_1447200	-0.7157052073477077
PF3D7_1447300	-1.15347417675125
PF3D7_1447400	0.414065190313172
PF3D7_1447500	-0.06786809664408744
PF3D7_1447600	0.08295487756587949
PF3D7_1447700	-0.5506624155581066
PF3D7_1447800	0.4982952294000945
PF3D7_1447900	0.22171724760870803
PF3D7_1448000	0.13016731559658745
PF3D7_1448100	-0.13822841193573843
PF3D7_1448200	-0.22219208875826935
PF3D7_1448300	-0.0687614163647775
PF3D7_1448400	-0.2786365172919745
PF3D7_1448500	0.20846266715815198
PF3D7_1448600	-0.11805756767813586
PF3D7_1448700	0.3992294292426219
PF3D7_1448800	-0.5203092954789817
PF3D7_1448900	-0.4149754602389575
PF3D7_1449000	-0.5190447114430857
PF3D7_1449100	-0.4320929691961166
PF3D7_1449200	-0.44489688258163596
PF3D7_1449300	-0.43455543096458926
PF3D7_1449400	-0.037333125718897575
PF3D7_1449500	0.28301839601452955
PF3D7_1449600	0.23026233235304827
PF3D7_1449700	0.12941472861488162
PF3D7_1449800	-0.43974254972829674
PF3D7_1449900	-0.3294512313629139
PF3D7_1450000	-0.34826572815852885
PF3D7_1450100	-0.05943640883756385
PF3D7_1450200	1.3108085625718853
PF3D7_1450300	-0.22347271201692065
PF3D7_1450400	0.09296090832323634
PF3D7_1450500	0.0636470478370228
PF3D7_1450600	-0.44663333706839914
PF3D7_1450700	-0.15049917974344718
PF3D7_1450800	-0.06715657904436417
PF3D7_1450900	-0.19842852530429844
PF3D7_1451000	0.32491561394525187
PF3D7_1451100	0.7872356673595711
PF3D7_1451200	-0.10507611566024488
PF3D7_1451300	-0.7918838323650145
PF3D7_1451400	0.04878885965434521
PF3D7_1451500	-0.36208864220110326
PF3D7_1451600	-0.34364395318396374
PF3D7_1451700	-0.48915713413465933
PF3D7_1451800	0.12533252645234427
PF3D7_1451900	-0.20207629672647753
PF3D7_1452000	0.3895542554540364
PF3D7_1452100	-1.6714998565650387
PF3D7_1452200	0.11911846768874246
PF3D7_1452300	0.8389002393853762
PF3D7_1452400	-0.3481152577919491
PF3D7_1452500	-0.21304652788678236
PF3D7_1452600	-0.07344111632691797
PF3D7_1452700	-0.7908496459893449
PF3D7_1452800	0.2178395569178666
PF3D7_1452900	-0.15617343830576927
PF3D7_1453000	0.10542670736524518
PF3D7_1453100	0.4380439099855921
PF3D7_1453200	-0.21140689355002573
PF3D7_1453300	-0.08767813527793136
PF3D7_1453400	-0.037289790022044134
PF3D7_1453500	-1.4491543956648334
PF3D7_1453600	-0.5351644315169275
PF3D7_1453700	0.33151566893606543
PF3D7_1453800	0.06895787961824837
PF3D7_1453900	-0.037951179764462495
PF3D7_1454000	-0.26882515270530016
PF3D7_1454100	1.0041799073936797
PF3D7_1454200	-0.8092164153993241
PF3D7_1454300	0.03387363474899985
PF3D7_1454400	0.3226932749872813
PF3D7_1454500	-0.5085105926737452
PF3D7_1454600	-0.5915007455155967
PF3D7_1454700	0.5174713967642002
PF3D7_1454800	1.0
PF3D7_1454900	0.38537306730576054
PF3D7_1455000	-0.9974732814148917
PF3D7_1455100	-0.4752079018914929
PF3D7_1455200	-0.5345913000478084
PF3D7_1455300	-0.8467168498074751
PF3D7_1455400	0.8347793517205739
PF3D7_1455500	-0.13767189585260328
PF3D7_1455600	-0.00963797069815664
PF3D7_1455700	0.2580880366132652
PF3D7_1455800	0.7667983111125736
PF3D7_1455900	0.1812272554111173
PF3D7_1456000	-0.18657458958479328
PF3D7_1456100	2.2793144139636756
PF3D7_1456200	-0.029857866624681706
PF3D7_1456300	-1.2815833897916011
PF3D7_1456400	-0.4826507072505262
PF3D7_1456500	0.40981238790469954
PF3D7_1456600	-0.007756370905215526
PF3D7_1456700	-0.3791696078911807
PF3D7_1456800	-0.12669026304108655
PF3D7_1456900	0.26077153459942165
PF3D7_1457000	0.5334442431856933
PF3D7_1457100	0.44041593202301377
PF3D7_1457200	-0.7875135172373025
PF3D7_1457300	0.7781681299321082
PF3D7_1457400	0.5745850816820575
PF3D7_1457500	-0.5024371134928972
PF3D7_1457600	-0.2395658457562936
PF3D7_1457700	0.09953933542599869
PF3D7_1457800	-0.3045007012995911
PF3D7_1457900	0.4208850107077742
PF3D7_1458000	0.12665032780126284
PF3D7_1458100	-0.14011893692716254
PF3D7_1458200	-0.11034903014386677
PF3D7_1458300	0.3056365136252214
PF3D7_1458400	0.35700112280756535
PF3D7_1458500	0.1715209709507881
PF3D7_1458600	0.3981735830921953
PF3D7_1458700	0.17544082058961186
PF3D7_1458800	0.5085525762926104
PF3D7_1458900	-0.3273741577754841
PF3D7_1459000	0.08124390584472546
PF3D7_1459100	0.6487911912852589
PF3D7_1459200	-0.16701051403036213
PF3D7_1459300	-0.260144540914105
PF3D7_1459400	0.03208604003948479
PF3D7_1459500	-0.2849832223989055
PF3D7_1459600	0.1016768023390901
PF3D7_1459700	-0.5999302288041115
PF3D7_1459800	0.25777810933339573
PF3D7_1459900	0.23187957729242337
PF3D7_1460000	0.602451640685868
PF3D7_1460100	-1.252879879008192
PF3D7_1460200	0.2712661129563152
PF3D7_1460300	-0.5646530563596779
PF3D7_1460400	-0.16072498721018402
PF3D7_1460500	0.3739809054967864
PF3D7_1460600	1.3463627966976457
PF3D7_1460700	-0.5001648405792603
PF3D7_1460800	0.015912055717173024
PF3D7_1460900	-0.7734856985401501
PF3D7_1461000	0.7906562591289861
PF3D7_1461100	-0.3085283416688721
PF3D7_1461200	-0.5450444259156317
PF3D7_1461300	-0.6033412856126521
PF3D7_1461400	-0.11200480130530488
PF3D7_1461500	0.4406426982957875
PF3D7_1461600	-0.2681991144139786
PF3D7_1461700	-0.6366859582290673
PF3D7_1461800	0.9625991278749284
PF3D7_1461900	0.6124550178736726
PF3D7_1462000	0.5283208335737187
PF3D7_1462100	-0.1372756968600474
PF3D7_1462200	0.07557709222246012
PF3D7_1462300	0.47105195616521867
PF3D7_1462400	-0.6956837297389469
PF3D7_1462500	-0.1436596810492885
PF3D7_1462600	1.0
PF3D7_1462700	-0.19923208793783875
PF3D7_1462800	0.4247332103529078
PF3D7_1462900	0.9755967176820746
PF3D7_1463000	0.24340136445080152
PF3D7_1463100	0.0
PF3D7_1463200	0.1986696883334299
PF3D7_1463300	0.4891437913034118
PF3D7_1463400	0.3329776743483597
PF3D7_1463500	-0.03814568609553348
PF3D7_1463600	-1.2833800885251465
PF3D7_1463700	0.45698382277064653
PF3D7_1463800	-0.3180654367956248
PF3D7_1463900	0.1572729773991577
PF3D7_1464000	0.1976537240936394
PF3D7_1464100	0.29231340433779573
PF3D7_1464200	-0.17749493144683204
PF3D7_1464300	-0.5777847802046091
PF3D7_1464400	-0.6364990510225439
PF3D7_1464500	0.45221193353627465
PF3D7_1464600	0.02538354633559159
PF3D7_1464700	-0.2919673671081989
PF3D7_1464800	0.19498750024038536
PF3D7_1464900	-0.5599283092987752
PF3D7_1465000	0.05668816840886581
PF3D7_1465100	0.1399347721738949
PF3D7_1465200	0.3320697937619088
PF3D7_1465300	-0.038220765652056454
PF3D7_1465400	-0.41609976413967875
PF3D7_1465500	-0.8050124997596146
PF3D7_1465600	-1.5866356500362186
PF3D7_1465700	0.14341656231299932
PF3D7_1465800	-0.29462319716227336
PF3D7_1465900	-0.6105366729501216
PF3D7_1466000	-1.4074641404454826
PF3D7_1466100	-0.3840407009169582
PF3D7_1466200	-0.29879877678879163
PF3D7_1466300	-0.006024214033137909
PF3D7_1466400	0.47741752338700577
PF3D7_1466500	0.4444745779083973
PF3D7_1466600	-0.9617858113529592
PF3D7_1466700	-0.39931244240961017
PF3D7_1466800	0.06878785921498248
PF3D7_1466900	-0.09246269279714348
PF3D7_1467000	1.4972843654432249
PF3D7_1467100	-0.43777579005450984
PF3D7_1467200	-0.475798612240249
PF3D7_1467300	-0.34287067562026013
PF3D7_1467400	-0.49050552784001883
PF3D7_1467500	-0.6078935051315684
PF3D7_1467600	0.28664308235485336
PF3D7_1467700	-0.8389370704838792
PF3D7_1467800	-0.9192561269246424
PF3D7_1467900	0.1883492149658712
PF3D7_1468000	0.08717366700826967
PF3D7_1468100	0.2541028481218621
PF3D7_1468200	-0.3628668690294058
PF3D7_1468300	-0.005691171119647009
PF3D7_1468400	-0.2289547889097332
PF3D7_1468500	-0.30817500477595205
PF3D7_1468600	0.8288683394558408
PF3D7_1468700	0.12671183809438358
PF3D7_1468800	0.11079738181353138
PF3D7_1468900	0.3546344000387636
PF3D7_1469000	0.3681940010558531
PF3D7_1469100	0.2620194768549418
PF3D7_1469200	0.2932528846409485
PF3D7_1469300	0.17336684201491542
PF3D7_1469400	-0.21463592144689247
PF3D7_1469500	0.012655950066340238
PF3D7_1469600	-0.6514484109331249
PF3D7_1469700	0.4821016604666276
PF3D7_1469800	-0.07106933992936637
PF3D7_1469900	-0.17520531444826581
PF3D7_1470000	0.476319958503738
PF3D7_1470100	0.04446345571193089
PF3D7_1470200	-0.7927983488487969
PF3D7_1470300	0.049955783033686404
PF3D7_1470400	-0.3689432146442101
PF3D7_1470500	-0.11220836006888218
PF3D7_1470600	-0.45847601162828333
PF3D7_1470700	0.43317337817779966
PF3D7_1470800	-0.7919607721617002
PF3D7_1470900	-0.14734665530460944
PF3D7_1471000	0.2022970422282407
PF3D7_1471100	-0.06403305458283204
PF3D7_1471200	0.07611879412450481
PF3D7_1471300	-0.4893023816762043
PF3D7_1471400	-0.21383998143704558
PF3D7_1471500	0.7033555405288583
PF3D7_1471600	0.5601662141690591
PF3D7_1471700	-0.6861879641648695
PF3D7_1471800	0.32848447155669924
PF3D7_1471900	-0.04562052454823429
PF3D7_1472000	-0.5537846645669496
PF3D7_1472100	0.0309453878460636
PF3D7_1472200	0.06813976813397415
PF3D7_1472300	0.01467549115548028
PF3D7_1472400	0.016058249405805025
PF3D7_1472500	-0.6113921373227025
PF3D7_1472600	-0.4622057416551136
PF3D7_1472700	-0.6902452465289229
PF3D7_1472800	-0.7416129685562562
PF3D7_1472900	0.031575221888548693
PF3D7_1473000	0.3333333333333333
PF3D7_1473100	-0.23870188281498014
PF3D7_1473200	0.07796645619855269
PF3D7_1473300	-0.6760294224436789
PF3D7_1473400	0.2451223130892859
PF3D7_1473500	0.16648924773877397
PF3D7_1473600	0.08463177553077106
PF3D7_1473700	0.7659035079551613
PF3D7_1473900	0.8247227753449953
PF3D7_1474000	-0.03820864159924309
PF3D7_1474100	-0.7551926969061138
PF3D7_1474200	-0.6295417159642627
PF3D7_1474300	0.26183439895329363
PF3D7_1474400	-0.38729711632119634
PF3D7_1474500	-0.38602839845825326
PF3D7_1474600	0.12369944945998412
PF3D7_1474700	0.12070228358433154
PF3D7_1474800	-0.19171018054817246
PF3D7_1474900	-0.13808073876276472
PF3D7_1475000	0.861654166907052
PF3D7_1475100	0.030151380652270854
PF3D7_1475200	-0.5289402294461766
PF3D7_1475300	-0.45824128493987865
PF3D7_1475400	-0.5257038081112491
PF3D7_1475500	0.16314656725260507
PF3D7_1475600	0.08366706806715371
PF3D7_1475700	1.3227637134242205
PF3D7_1475800	-0.2736549164295335
PF3D7_1475900	1.6316059211026475
PF3D7_1476000	0.04499707044430834
PF3D7_1476100	0.4541900264615695
PF3D7_1476200	0.10320234233163361
PF3D7_1476300	0.3776678738873824
PF3D7_1476400	-0.5057069765664423
PF3D7_1476500	-0.0722336764942943
PF3D7_1476600	0.06882716400354139
PF3D7_1476700	-1.0344292694706743
PF3D7_1476800	0.16608911531690873
PF3D7_1476900	-0.19498750024038536
PF3D7_1477000	-0.3333333333333333
PF3D7_1477100	-0.3333333333333333
PF3D7_1477200	-0.19498750024038533
PF3D7_1477300	1.2841476038620474
PF3D7_1477400	-0.3800592193494199
PF3D7_1477500	0.056797581896066957
PF3D7_1477600	-0.011005019075987832
PF3D7_1477700	0.13834583309294796
PF3D7_1477800	-1.2887495370370576
PF3D7_1477900	-1.5986197610732582
PF3D7_1478000	-0.6666666666666666
PF3D7_1478100	-0.1421936116739566
PF3D7_1478200	0.0
PF3D7_1478300	0.0
PF3D7_1478400	0.0
PF3D7_1478500	0.0
PF3D7_1478600	-0.3973382680655308
PF3D7_1478700	0.0
PF3D7_1478800	0.5229790255983602
PF3D7_1478900	-0.47584836277016984
PF3D7_1479000	-0.33333333333333337
PF3D7_1479100	-0.10730936496245425
PF3D7_1479200	0.0
PF3D7_1479300	0.0
PF3D7_1479400	0.3333333333333333
PF3D7_1479500	0.9493323021849833
PF3D7_1479600	0.3333333333333333
PF3D7_1479700	0.8616541669070521
PF3D7_1479800	0.10730936496245413
PF3D7_1479900	0.43092724974261554
PF3D7_1480000	-0.8616541669070521
PF3D7_1480100	0.0
PF3D7_API00100	0.0
PF3D7_API00200	0.0
PF3D7_API00300	0.0
PF3D7_API00400	0.0
PF3D7_API00500	0.0
PF3D7_API00600	0.0
PF3D7_API00700	0.0
PF3D7_API00800	0.0
PF3D7_API00900	0.0
PF3D7_API01000	0.0
PF3D7_API01100	0.0
PF3D7_API01200	0.0
PF3D7_API01300	0.0
PF3D7_API01400	0.0
PF3D7_API01500	-0.3333333333333333
PF3D7_API01600	0.3333333333333333
PF3D7_API01700	0.0
PF3D7_API01800	0.0
PF3D7_API01900	0.0
PF3D7_API02000	0.0
PF3D7_API02100	0.0
PF3D7_API02200	0.0
PF3D7_API02300	0.0
PF3D7_API02400	0.0
PF3D7_API02500	0.0
PF3D7_API02600	0.0
PF3D7_API02700	-0.6666666666666666
PF3D7_API02800	0.0
PF3D7_API02900	0.24565519805540204
PF3D7_API03000	0.0
PF3D7_API03100	0.0
PF3D7_API03200	0.0
PF3D7_API03300	0.0
PF3D7_API03400	0.0
PF3D7_API03500	0.0
PF3D7_API03600	-0.5283208335737186
PF3D7_API03700	0.0
PF3D7_API03800	0.0
PF3D7_API03900	0.0
PF3D7_API04000	0.0
PF3D7_API04100	0.0
PF3D7_API04200	0.0
PF3D7_API04300	0.3333333333333333
PF3D7_API04400	0.0
PF3D7_API04500	-0.3333333333333333
PF3D7_API04600	0.0
PF3D7_API04700	-0.3333333333333333
PF3D7_API04800	0.0
PF3D7_API04900	-2.8787426561058957
PF3D7_API05000	0.0
PF3D7_API05100	0.0
PF3D7_API05200	0.0
PF3D7_API05300	0.0
PF3D7_API05400	0.0
PF3D7_API05500	0.0
PF3D7_API05600	0.0
PF3D7_API05700	-0.8588897646405569
PF3D7_API05800	0.0
