	TE_2h_ring	TE_10h_latering	TE_19h_troph	TE_31h_latetroph	TE_46h_schizont	AAT_freq	Asn_content	TE_late_over_ring	TE_troph_over_ring
PF3D7_0307100	1.0921995777208873	1.258749872989512	1.0105765574481094	0.6843484089219449	2.9377115537439793	0.05673758865248227	0.06382978723404255	1.4274562442415775	-0.11205788516951994
PF3D7_1312900	0.980916557144294	0.8804405773092309	1.127403327166032	1.6343801246289023	0.7999396397196759	0.23824701195219122	0.2892430278884462	-0.29423927301504604	0.2008014080708654
PF3D7_1426800	0.3728260164694436	0.559448543323815	0.6813680040091397	0.8675029251890297	0.1824057477929751	0.20028818443804033	0.22622478386167147	-1.0313513463320942	0.8699316649326241
PF3D7_1464600	0.5162849234056843	0.35038497473537605	0.5806715071099143	0.5899150871604146	0.5366635871715385	0.08876560332871013	0.09986130374479889	0.05585053500805249	0.16955477535691413
PF3D7_1311800	0.8878998528869464	1.03452455709169	1.1494988861871875	1.6866417624187775	2.262828443341591	0.08571428571428572	0.1032258064516129	1.3496583427757196	0.37253620030344253
PF3D7_1137300	1.0444883864823231	1.095918889095403	1.1712504953882616	1.2878670597506774	0.633472776889601	0.09143686502177069	0.10595065312046444	-0.7214419245115262	0.16525320670872484
PF3D7_1329500	0.17107976914034234	0.2689024797734315	0.4665643556909893	0.3628427648414799	0.303920222281813	0.18383947939262474	0.21637744034707157	0.8290235067607263	1.4474069278490003
PF3D7_1410200	0.6544147739093582	0.8525846584436626	0.648846293733137	0.6053261803311045	0.478237897074155	0.0780885780885781	0.08741258741258741	-0.4524768603117986	-0.012328562286278611
PF3D7_1205400	0.2570807591370995	0.16536513678089682	0.42862171005005584	0.42337215477127016	0.16933315193913173	0.1622119815668203	0.1824884792626728	-0.6023571868227131	0.7374832879358659
PF3D7_1330800	0.5044295446459756	0.8016868555721615	0.7191948536504643	0.5065018706220752	0.19187104456072634	0.13087248322147652	0.16275167785234898	-1.3945157678848519	0.5117299199995643
PF3D7_1423700	0.5804699083123933	0.9553964901854275	0.8935022733304718	1.207342952632128	0.682293917107649	0.21630295250320924	0.25609756097560976	0.2331720748166378	0.6222501205071662
PF3D7_0315100	1.7243756699985264	1.7203488144568961	1.6799226536336476	1.609465815840176	1.8476703932345735	0.06167400881057269	0.07048458149779736	0.09963330454803423	-0.0376793016202188
PF3D7_1329600	0.9295826757728511	0.9396397365659616	0.557019041627226	0.5186392537122352	0.32112127405363355	0.2724252491694352	0.3089700996677741	-1.533464936374867	-0.7388565353540282
PF3D7_0821300	0.3328771271527693	0.5149007218770986	0.5853256330074379	0.6193151858720591	0.10695262206941467	0.0922722029988466	0.11418685121107267	-1.6380178902775295	0.8142497170249565
PF3D7_1417500	0.6471303437248678	0.7600747656446463	0.6343623427436936	0.5373832135874883	0.921162524213223	0.07510729613733906	0.08798283261802575	0.5093993926635025	-0.02874919451499287
PF3D7_1126500	0.45183125899592785	0.6584788845910923	0.6655684686039895	0.9333945560560848	0.2537886725278705	0.16228070175438597	0.1834795321637427	-0.8321564058946891	0.5588030032180555
PF3D7_1324300	0.12632849153940703	0.20169607149147975	0.2509165718605836	0.36864444334032	0.0787799822060366	0.1466297322253001	0.16583564173591875	-0.6812790583366659	0.9900277025812821
PF3D7_1426100	1.9000378163640779	1.467420949853331	1.1976411890227079	1.1645050836334891	1.25555023943569	0.07017543859649122	0.0935672514619883	-0.5977083751445309	-0.6658323885089178
PF3D7_0405400	0.15353617792339253	0.4047121300362362	0.7281673745686338	0.6066731035667081	0.3106134411676942	0.09151785714285714	0.10491071428571429	1.0165416210766633	2.2456914627869686
PF3D7_1108600	2.129459474653794	1.4002577966677423	1.764174230392162	1.9563928724591735	8.077829624074672	0.052478134110787174	0.06705539358600583	1.9234804428448729	-0.2714942255494851
PF3D7_0935000	0.3585975610208946	0.4946173863296059	0.576517723345821	0.41651319467821335	0.16273462450872064	0.11398963730569948	0.12435233160621761	-1.139844434708246	0.6849992841460784
PF3D7_1229100	0.24806325240315588	0.4470483055521289	0.6310068943966287	0.5322734328412914	0.16269941917416142	0.10863377609108159	0.1323529411764706	-0.608498932387985	1.3469477351302952
PF3D7_0411000	0.2305083946687702	0.3269755131300328	0.736395636227559	0.5047118253072965	0.5415356659427223	0.24394904458598726	0.3038216560509554	1.232237066166439	1.6756617857468221
PF3D7_1236400	0.3226326181135209	0.3671566133408276	0.6501891018039732	1.063652879066036	0.46431434104050107	0.1140495867768595	0.1371900826446281	0.5252095392412686	1.0109670722457607
PF3D7_1140800	0.4097831115031399	0.41051767507461073	0.5930126077020571	0.7324150247628713	0.36014962719474175	0.20672478206724781	0.2129514321295143	-0.1862641165132403	0.5332022499996238
PF3D7_1004200	0.3868481624625614	0.2388925394963666	0.3867491383858629	0.4485954017617325	0.35306235250088147	0.13773647527381347	0.1520079654829074	-0.13184442818577458	-0.0003693434426544946
PF3D7_0604500	0.524724641489005	0.9981122364441829	0.9211662846975128	1.5239893945947618	0.7014653963264791	0.24112734864300625	0.29331941544885176	0.4188113949762417	0.8119010668080597
PF3D7_1320000	0.7881682295637218	0.6539544959779597	0.977857725762648	1.5987007681022591	0.8121217820113918	0.1041335453100159	0.11287758346581876	0.0431924867271847	0.3111209775555516
PF3D7_1008100	0.3952269395382928	0.4570206876691259	0.7808858352545467	0.9868529053237894	0.28339985182255223	0.18245522969114975	0.21152348819102	-0.47984228361058795	0.982430355635567
PF3D7_1244400	0.26269716090730494	0.1474039777543587	0.3244082835711534	0.18430731742816528	0.1109060361925625	0.17228464419475656	0.19176029962546817	-1.2440627206416552	0.304410049712121
PF3D7_1401400	1.4327574095370144	1.5676139749334566	1.2980405119760596	0.5349212040461236	4.455846706462665	0.056074766355140186	0.08411214953271028	1.6369052436013007	-0.1424589465044171
PF3D7_1307100	0.303215858610054	0.4762027825206217	0.5371407373319519	0.7713074256242299	0.281663515037263	0.13649851632047477	0.1543026706231454	-0.10637251247861045	0.8249549307539047
PF3D7_0110600	0.19330317314020667	0.24638164014362993	0.37787314115406	0.3127152029525803	0.2550111980284852	0.13099415204678364	0.15555555555555556	0.3996952798735016	0.9670366568229537
PF3D7_0805600	1.514608193960653	0.6069484823047415	0.9510124385434549	0.8794873243668255	1.0350390393393272	0.05844155844155844	0.06493506493506493	-0.5492594548018598	-0.6714085230451872
PF3D7_0417400	0.09818277568580597	0.1616639441760025	0.23428135719312093	0.26195459407783545	0.10719663656934476	0.1437435367114788	0.16664204461515733	0.12671778187108376	1.2547002988791318
PF3D7_1437000	0.745168103720924	0.7550697725876765	1.2590450028708577	1.8219208838962477	0.7011978820729132	0.1875	0.20772058823529413	-0.08774428375386811	0.7566920237783413
PF3D7_1112100	1.2726752277166957	0.6195395543818242	0.7793466166363228	0.9639288669166522	0.33540217449108917	0.12967479674796747	0.1516260162601626	-1.9239003594190078	-0.7075272879220824
PF3D7_0705500	0.3754648078260209	0.43990099799990795	0.7972848104733986	0.8119510555232831	0.3222222453635945	0.17164179104477612	0.19367448471926083	-0.2206215935207632	1.0864174929437236
PF3D7_0917900	0.9319351619589955	0.8786511491003992	1.150711909725423	1.0382987679638551	3.8479513622895793	0.04294478527607362	0.05674846625766871	2.045789073643058	0.30422519793911257
PF3D7_0625400	2.525823079291246	1.1357593700025654	2.2333276024824453	3.318730723641835	1.6426746370973822	0.1407766990291262	0.15776699029126215	-0.6207068339779445	-0.1775586966021022
PF3D7_0301300	0.3828449660107322	0.23780236750018036	0.30194039494647634	0.2800619320064059	0.39225249846268645	0.08009153318077804	0.08466819221967964	0.03502234892217201	-0.3424965075783298
PF3D7_0922600	0.8976101577492157	1.0083400521957164	0.9272778893302092	1.3289138161802547	1.3916663140971217	0.07550644567219153	0.08839779005524862	0.6326524240483128	0.04691275247926101
PF3D7_1107800	0.670549737402271	0.3633538708080007	0.8347882972913214	1.1609450118598357	1.9230087532364473	0.2215536105032823	0.25218818380743985	1.5199490778436406	0.31606602916374626
PF3D7_0707700	0.5173633368391296	0.442302628024829	0.5712959235000646	0.8086517274668905	0.8523270024039431	0.21644120707596254	0.24141519250780438	0.7202292182292366	0.14306041508207437
PF3D7_0624600	0.4599002209762119	0.7287366015229211	1.090612751110805	1.1061451053116742	0.5564213551003536	0.13938948142699523	0.15226186097830086	0.2748568997529912	1.2457461321904246
PF3D7_0516700	0.4310254515415056	0.33227539449275495	0.5626441112510042	0.7024343002358141	1.0960950850725817	0.13513513513513514	0.1524024024024024	1.3465279896013347	0.38444960299645775
PF3D7_1132000	1.0924472426371492	0.666918556527177	0.7470546564371069	1.4089718754796694	2.54763685438539	0.23356009070294784	0.25510204081632654	1.2215960378178936	-0.5482779063272942
PF3D7_1115600	4.634839323761194	2.826020826573964	2.495212924310207	1.6791544630027597	2.0798789528302333	0.05641025641025641	0.05641025641025641	-1.1560197585300045	-0.8933563952383585
PF3D7_0627800	0.5943090416816982	0.5882591670082556	0.9694869592405028	1.206527996699313	1.2185458934094306	0.1123370110330993	0.12537612838515547	1.0358753524371147	0.7060081625406622
PF3D7_0220100	0.15975642406272622	0.1752740745308604	0.22956413354833635	0.11972593275721999	0.2966521927965664	0.09929789368104312	0.11735205616850551	0.892898501538179	0.52302331159621
PF3D7_1433400	0.3399979267273144	0.3892292167689692	0.4879336165119634	0.6580542987939363	0.5643746730678671	0.1818655549765503	0.2082681952405767	0.7311272978837977	0.5211589331426202
PF3D7_1110400	0.7762682475326659	1.367923488778889	1.1015028341284698	1.601214102255996	0.30636098418705937	0.200944032366824	0.24477410654079568	-1.3413226985276179	0.5048460251520835
PF3D7_1408200	0.17557233459409088	0.2198723419959518	0.3003267955830559	0.26611869462807314	0.18916600799998853	0.18331374853113983	0.2056404230317274	0.10758733486205808	0.7744676665009603
PF3D7_0308900	0.3514666474650606	0.5292570594351323	0.7297538366572844	0.6959739466690803	0.5414890300715516	0.08874458874458875	0.09956709956709957	0.6235443200250762	1.0540220998638323
PF3D7_0905800	0.5581458944503962	0.5936552736462447	0.5524009537650562	1.1080950578958169	0.303136098931363	0.2096908939014202	0.23725981620718462	-0.880676613658542	-0.01492646867456024
PF3D7_1457400	0.10979574404565401	0.1671432690795015	0.3778580535255698	0.5651349639142735	0.16963250031159982	0.1502454991816694	0.16988543371522094	0.6275904729035315	1.7830222391825927
PF3D7_0811300	0.19924866388527504	0.3980183030898697	0.47461531054396583	0.4313817037270957	0.37358567451557156	0.2717023675310034	0.3218714768883878	0.9068690847729569	1.2521885910908028
PF3D7_1029600	1.527633220581407	2.2345961438694344	1.509820979897856	1.3110967218590384	2.882693664981283	0.04632152588555858	0.05994550408719346	0.9161193353061111	-0.016920700153406385
PF3D7_1230000	0.3669112297865218	0.408317063595125	0.5391102705952566	0.5279096130924695	0.18184942803864218	0.15292353823088456	0.17041479260369816	-1.012686672616907	0.5551493338433363
PF3D7_1467900	1.1328552096179347	0.5474324614754973	0.910938674329658	0.5760264968513241	0.4309767393178827	0.1503623188405797	0.16606280193236714	-1.3942815705140061	-0.3145376437332465
PF3D7_1133900	0.3140098373262202	0.42774982170810644	0.8040924179640433	1.1270941356964217	0.4730710786282101	0.10722989439480098	0.12103980503655565	0.5912472071667567	1.3565515696795547
PF3D7_1332400	0.4921893170834871	0.5299728414695635	0.6909135285323235	0.8917692136482307	0.46009871149010384	0.11771561771561771	0.13403263403263405	-0.09726992842573533	0.48929181643324005
PF3D7_0627700	0.3388153988430767	0.4826094705696301	0.5425060025450635	0.5075885718920293	0.8176809366836875	0.12031386224934612	0.13339145597210114	1.2710385606285703	0.6791396550103571
PF3D7_1113100	0.4551253526558604	0.396471381290235	0.6390701203065428	0.4445668434063904	0.14019061792211004	0.10091743119266056	0.12385321100917432	-1.6988741514909267	0.4897102822689471
PF3D7_0617900	2.156932972455127	0.6381113693805973	1.3460474729745502	0.9212496944521625	2.800200724596948	0.0	0.007352941176470588	0.37654890158025905	-0.6802520524485983
PF3D7_1025100	0.3551921135605684	0.3176293706374822	0.6791411985781903	0.5398039810235795	0.36080752714776104	0.097708082026538	0.10735826296743065	0.022629886892559573	0.9351120033935638
PF3D7_1342900	0.2602522846626048	0.3002346159443518	0.3573997846802968	0.50771937475866	0.2358972688171947	0.22524624157594608	0.2511664074650078	-0.14175211311926306	0.45762793672214364
PF3D7_1124600	6.17145450008168	1.109560617566034	1.800165143057234	1.720448379196943	6.048232211796472	0.08037825059101655	0.09219858156028368	-0.029097016053601904	-1.777481284358901
PF3D7_1446500	0.37194742165415096	0.5699485295384817	0.791667501816208	1.1768551119851156	0.5731738150190422	0.18327224258580474	0.2052649116961013	0.62387400582757	1.0897959326202649
PF3D7_0525100	1.0197329859680315	1.107654213559036	1.0770250801859411	1.0392052325092533	1.926619932653486	0.05200594353640416	0.05794947994056464	0.9178805607148166	0.078860409381131
PF3D7_1358800	2.191960504182081	2.4838411436353844	1.6214210503166167	1.3132550029071048	1.7059046350340201	0.013245033112582781	0.026490066225165563	-0.3616848052304864	-0.4349630250601104
PF3D7_1228800	0.5161421513863703	0.422488673391378	0.5866104388522123	0.7199740894793836	0.8423505203291966	0.1564350264880025	0.18946712371455282	0.7066522400378366	0.18463428946953203
PF3D7_0820500	0.9169014300996643	0.6331177063324146	1.03774472634948	1.6923795269474475	1.3486369849394737	0.21244131455399062	0.25704225352112675	0.556663514866017	0.17861304758069343
PF3D7_1219000	0.5136243586453041	0.40204408354884447	0.5730647576341121	0.4899425720964483	0.5090693842587479	0.11432414256893074	0.12441156691324814	-0.012851320266674305	0.15798455212470944
PF3D7_1462300	0.7529920152033283	0.8041822789518471	0.9572192911817192	1.7285149842081489	1.4399691854890013	0.11201179071481208	0.12748710390567428	0.9353314675352963	0.34621490580977454
PF3D7_1033200	3.997313204254798	2.4539469854545555	2.722051245620844	3.1305292275682604	3.8229945248061803	0.0676056338028169	0.07323943661971831	-0.06432748368908994	-0.5543363902476477
PF3D7_1107300	0.59812272964767	1.2219980801746089	1.083013499701305	1.850961954201669	0.5350334677041177	0.2528494301139772	0.2861427714457109	-0.16081240485155074	0.8565377776249492
PF3D7_1032100	0.4080800293323883	0.465377630492016	0.4236187799005094	0.5052460103261402	0.4136911847947723	0.21512605042016808	0.2689075630252101	0.01970210645399627	0.05391443886910934
PF3D7_1216300	1.0714596170596098	1.220804422585425	1.9418048897640356	1.0146528699749802	0.41699163212836726	0.13157894736842105	0.14473684210526316	-1.3614871382009037	0.8578207714001407
PF3D7_0617800	1.5415774820308656	0.17327968241097452	0.3321512744229805	0.3071574389981569	0.6904540398447692	0.05303030303030303	0.06060606060606061	-1.1587901136911116	-2.2144950483356087
PF3D7_1454500	1.533651329361587	1.5278545713002647	1.2342126524989654	1.4542526804489047	1.6302768500023224	0.09259259259259259	0.09876543209876543	0.08814645243921855	-0.31337953857369977
PF3D7_1406200	0.11016247130435289	0.3345406861787261	0.6076889729601751	0.42109109829441677	0.1755342686148936	0.13085106382978723	0.15177304964539007	0.6721198783354667	2.4637002838618782
PF3D7_1402800	0.39044382332016797	0.22047262142700724	0.5315714040886987	0.602192119495529	0.6031669757212735	0.16214427531436135	0.18663136995367308	0.627442451363461	0.44514850711601633
PF3D7_0212400	0.34174329101983714	0.4261554163350469	0.5881707515302874	0.9172534400158977	0.34646020652618414	0.1483744805670985	0.1652407724272794	0.01977664221839389	0.7833220282349308
PF3D7_1116100	0.5959256476715044	0.27874105768093915	0.3985692547140195	0.3694022468089094	0.45255150807498407	0.13934426229508196	0.15792349726775956	-0.3970503352116277	-0.580301913810706
PF3D7_1410400	13.579093529716367	3.6091742196596424	6.630019585951879	4.87626531246438	8.889833829917025	0.056265984654731455	0.07544757033248081	-0.6111588185615848	-1.0343021385450257
PF3D7_1227700	0.849534270741497	0.7913481600873034	1.0241522554318208	1.1235763681968967	0.7814787100073521	0.12062256809338522	0.13488975356679636	-0.12046557769087231	0.26968615639808147
PF3D7_1441200	2.4931453560306536	2.256902213253333	1.9428484965041934	2.1951619640575655	3.9207798929586954	0.03686635944700461	0.05069124423963134	0.6531736555918559	-0.3597935938516154
PF3D7_1241900	1.0519625535356298	0.8333638746351079	0.9034865928175647	1.4499867587840933	0.5935865224301704	0.14644970414201183	0.17011834319526628	-0.8255531096713373	-0.21950825260819423
PF3D7_1308300	0.40267405328812883	0.5897920570182702	0.5070486591038305	0.1912070748632521	1.0345999685665541	0.04878048780487805	0.06097560975609756	1.3613886339520205	0.3325116888544571
PF3D7_0801800	0.4743734759186236	0.7495287159824227	0.7005919109287911	0.7702079184423427	0.42767836135150405	0.11473788328387735	0.1444114737883284	-0.1494971303794811	0.562550985401479
PF3D7_1472400	0.178749272712533	0.1973802791231983	0.296548159916571	0.23128705764542012	0.09993950903635385	0.09679937548790007	0.10850897736143637	-0.8388103361180771	0.7303290479566062
PF3D7_1346400	0.28898404632534824	0.3744990712731526	0.6147735386667688	0.6734861705212111	0.3604272178777269	0.13376753507014028	0.1509686038744155	0.318718111852182	1.0890652199019437
PF3D7_0215400	0.4013329111213614	0.3839494303598692	0.6640795595918901	0.574594416124235	0.3054189314254723	0.14506172839506173	0.17901234567901234	-0.39400997799995513	0.7265566244927766
PF3D7_0804500	0.2462944417300493	0.26966292480562687	0.4138627044718031	0.6139461426726527	0.4790116846551605	0.14816042426251244	0.17616837918462047	0.9596767783557261	0.7487681748832791
PF3D7_1027800	1.725209190288434	2.0963310356417284	2.1578677064700336	1.3186918378269794	1.9884298221468397	0.025906735751295335	0.031088082901554404	0.20485833933597308	0.3228351129488682
PF3D7_1238800	1.4375158448086824	1.4654247230015824	1.4380918942274301	1.821401316469031	3.6839878232614924	0.10227272727272728	0.11994949494949494	1.3576904348359702	0.0005780090514914164
PF3D7_1204300	1.248979578262507	0.7718319870657248	0.6284323023254695	0.4754655409192318	2.267001593635856	0.037267080745341616	0.043478260869565216	0.8600355172409945	-0.9909206437568014
PF3D7_1434500	0.14853717724832607	0.26300519377538817	0.36208379575591937	0.38609151575558687	0.1891994827952786	0.15052436767427513	0.17223935842072793	0.34908407768153327	1.285499546513035
PF3D7_0602600	0.252677482012968	0.46822168987136226	0.6766910336339867	0.8656666244968696	0.2613902359895027	0.2197378565921357	0.235929067077872	0.04890815086339161	1.4212001718903022
PF3D7_0726500	0.18845687240052203	0.42980468650468384	0.5796927300821298	0.6197039185141348	0.29586106682531566	0.15237197612315426	0.17185045554508324	0.6506854545071665	1.6210539866178657
PF3D7_1412300	2.4970928110459143	2.3411613418815254	1.3862403177021323	1.19786143560899	2.464919645818788	0.072	0.08	-0.018708827033518803	-0.8490720600200048
PF3D7_1218200	0.27281982347050665	0.3315094571870217	0.4904230049884032	0.4369346887753094	0.29096385047583173	0.13917525773195877	0.1682286785379569	0.0928914465524845	0.8460781788068823
PF3D7_1441100	0.20176876317780912	0.6574969465581131	0.9909103790871447	0.24603150935951112	0.27056562504892073	0.048458149779735685	0.05286343612334802	0.42327571778439016	2.2960517406742342
PF3D7_0204700	1.2401781364193936	0.8741237162715008	1.612955312367462	1.5044138797403448	1.3148372359524803	0.03968253968253968	0.04365079365079365	0.08433685797996304	0.37915910755820514
PF3D7_0823300	0.6474146921202268	0.6352708278202224	1.0067307000586792	1.5152229014820162	0.4971912959736521	0.2136518771331058	0.24232081911262798	-0.38088906552697777	0.6369158039109615
PF3D7_0717300	0.5355123172943668	0.41917695995549975	0.5346424887691952	0.5515431640007601	0.4899929768733953	0.07908163265306123	0.10714285714285714	-0.12815868766054242	-0.0023452636364936176
PF3D7_1218400	0.4786130527366967	0.4783992395935843	0.5953841781390311	0.6075206454209675	0.4219598941711892	0.060669456066945605	0.06485355648535565	-0.18175386032290908	0.31496114101546996
PF3D7_1469300	1.6502349273428976	1.3258430172563578	0.9782979952746493	1.2117608466904315	0.5485672391734763	0.0916030534351145	0.09923664122137404	-1.58893104997366	-0.7543255305121688
PF3D7_1319100	0.22003421679093668	0.36802868403464195	0.4890872973803955	0.5260346234862975	0.3754643846745488	0.17310087173100872	0.22789539227895392	0.7709481749749488	1.1523641054416813
PF3D7_1234100	0.26270930992211927	0.4892216512176726	0.6838478597299708	0.9682390280492079	0.23979738920723245	0.1771047227926078	0.20071868583162217	-0.13165137626360543	1.3802080668951668
PF3D7_1316600	0.4057240054988585	0.2223991302001814	0.42050576030673065	0.3835730572556565	0.47213450854049877	0.07142857142857142	0.07589285714285714	0.21869926897510866	0.05162689830151564
PF3D7_1225600	0.20424359437385806	0.33743432257605405	0.37400268338739856	0.5159857020989496	0.15874254432389562	0.08962868117797695	0.09859154929577464	-0.3636019980186023	0.872757788871169
PF3D7_0402400	1.4030717805850614	1.940923846519136	1.2295098576211332	1.3924059985920019	0.6360319102395758	0.11023622047244094	0.1220472440944882	-1.1414177649162442	-0.1905055167227158
PF3D7_1344300	1.4884379476103862	0.38093828466456686	1.7075418185866458	1.251632209077083	1.6429976564914293	0.1718092566619916	0.19775596072931276	0.1425313450411029	0.19812183385571347
PF3D7_0103400	0.5893201163607814	0.409658865074384	0.5808912198973532	0.40848293963455123	0.3742467931587665	0.13703703703703704	0.15246913580246912	-0.6550615590365555	-0.020783489369035745
PF3D7_0407900	0.1857908374760932	0.38328806448792974	0.41352377473815816	0.1706695253847264	0.13609510496890934	0.10644677661169415	0.13493253373313344	-0.4490641777184176	1.1542909216647255
PF3D7_1308400	0.2870068780293942	0.32909637695895816	0.45186052265268606	0.7533628811227733	0.6520936231554753	0.16121685374979666	0.18122661460875222	1.1839938005953483	0.6547922086501734
PF3D7_1213800	1.0995573533512593	1.585834984360329	1.7091841253776305	1.6502823082966143	0.4004059256267776	0.09249329758713137	0.10723860589812333	-1.4573876277471425	0.6363849649727267
PF3D7_1320600	0.9709013895229618	0.9438643415875629	0.5581079493589003	0.6363112696986731	1.1267522304205129	0.0787037037037037	0.09259259259259259	0.2147736263173082	-0.7987805790316806
PF3D7_1448500	0.9213531719226074	0.6265465154168774	0.7476685694844222	1.0823084587991394	0.8701128770074995	0.14713822894168466	0.17197624190064795	-0.08255170496327208	-0.3013553881000977
PF3D7_0719600	1.2962184352916744	1.762572501552353	1.1023697798745957	0.9513241901679774	2.0388384046906496	0.028901734104046242	0.04046242774566474	0.653438576165223	-0.2337006138815237
PF3D7_1445400	0.25418662104725126	0.2443534012356616	0.3264547400559424	0.30956784093831224	0.24033482366638378	0.10329171396140749	0.11237230419977298	-0.08084239197060052	0.36099489225490533
PF3D7_1420700	0.3934636258097361	0.4887802098038878	0.6062110169392261	0.7491789064923048	1.0139046616573502	0.10629514963880289	0.12280701754385964	1.365619825407837	0.6235898007703647
PF3D7_1437900	1.1221120643700722	1.390097013708906	0.8798750792450479	0.7609679776957089	1.0768113646618045	0.05188679245283019	0.06132075471698113	-0.05945122252142293	-0.3508461478903164
PF3D7_1366900	0.9351770818485285	0.9396530371209885	0.8510022197144574	1.3357471804094843	0.7121395055873296	0.28175182481751826	0.34890510948905107	-0.39307968684884736	-0.13607667956076053
PF3D7_1001700	1.1311192550880513	1.569184889050722	1.161222957471102	1.6001723106559593	0.6552024757830263	0.06766917293233082	0.07894736842105263	-0.7877383286498466	0.03789395735980266
PF3D7_0319700	0.34182058999919823	0.3601995154379311	0.5282085601126306	0.5985544998537828	0.3848262604839881	0.13182253431216087	0.15161187360357484	0.17096794954443095	0.6278683797065804
PF3D7_0804000	0.09959229412767326	0.16983132184505856	0.27389598688243444	0.21794696594894883	0.09669302972068076	0.09226932668329177	0.1059850374064838	-0.042622224905263954	1.459522103489165
PF3D7_0933000	0.5608202505550329	0.6855276863866013	0.9507302155657578	1.0181024181890894	0.47885155964278264	0.19448094612352168	0.2233902759526938	-0.22795994357045396	0.7614975677829816
PF3D7_1120500	0.646938934948762	0.7943316510614276	1.2102077097205675	1.3022066062856168	0.3549168422252759	0.12895069532237674	0.14032869785082175	-0.8661485038978127	0.9035532339227026
PF3D7_1471100	1.8822628706434605	1.6629687612230668	1.5944519166981364	1.4431442854022114	1.570383829459852	0.027874564459930314	0.05574912891986063	-0.26135090189388244	-0.2394075327618458
PF3D7_0510100	0.7008023110228901	0.5358177863295727	0.43624566310745955	0.5406400254037409	0.9445998125139304	0.2457593688362919	0.28007889546351084	0.4306957166436653	-0.6838667435104144
PF3D7_0527500	0.3017011348185491	0.6130330588862548	0.6491960562428901	0.3438226423540384	0.2412613309411269	0.048034934497816595	0.05240174672489083	-0.3225234222887553	1.1055341127347358
PF3D7_1457700	0.4758040519945716	0.5245556288993432	0.43130087334428613	0.45107506158195176	0.2932081788330529	0.15155615696887687	0.17253044654939106	-0.6984422109672981	-0.14167292055055516
PF3D7_0528200	1.520733027121113	1.4743134855428608	1.0592491994854092	1.270007193376437	0.8118685862043429	0.10251450676982592	0.1218568665377176	-0.9054487740344558	-0.5217248639985668
PF3D7_1247300	0.5413824957359907	0.6442312196785163	0.754844323484578	0.741990489007042	0.28549506443260986	0.07721280602636535	0.0903954802259887	-0.9231824374789386	0.47953089628564705
PF3D7_0818000	0.5406766063664715	0.8985074912426975	1.0980678878325811	0.75992027083603	0.5156368806812999	0.10752688172043011	0.11559139784946236	-0.06841048074400531	1.0221294101199212
PF3D7_0707500	0.3468598260946001	0.3704439408369149	0.43863814865328493	0.502858797801106	0.2846307439572709	0.14803247970018737	0.17301686445971268	-0.2852612540701941	0.338678534757496
PF3D7_1451100	0.9106013852249206	1.2057101024999655	1.0844621147495217	0.9380056041806638	2.4557919191050366	0.014423076923076924	0.039663461538461536	1.4312967662411962	0.25208809478818306
PF3D7_1018500	0.26084157942551145	0.35209987634067064	0.3725792583264474	0.35326091099922013	0.13008139109487749	0.018018018018018018	0.02702702702702703	-1.0037592697184445	0.5143735004039989
PF3D7_1016400	0.6263558058350873	0.6794615348869227	0.6747050130775537	0.7469529308241869	0.49419398029516026	0.07389162561576355	0.08210180623973727	-0.34190498559881144	0.10727445802761214
PF3D7_1359900	0.1982865690675684	0.2086461668560529	0.38137574225362264	0.27286224736936054	0.2429665509701851	0.1180620884289746	0.1359360301034807	0.29317075272760534	0.9436261226678468
PF3D7_0305500	0.46442566315291867	0.34390118130840075	0.6583721142199104	0.9020634611440655	0.6220362614405783	0.1833206203915586	0.20798372743452834	0.42155098973698524	0.5034555361656206
PF3D7_0208400	0.2602366815421504	0.2881213606303638	0.5030108486206659	0.5178568816507101	0.20489386001607	0.16616915422885573	0.18308457711442785	-0.34494757855691865	0.9507651846958263
PF3D7_0706400	0.9193420879046582	1.1297334216601247	0.7127963668395123	0.4674383614856501	0.9266587949522196	0.010869565217391304	0.043478260869565216	0.0114364325041081	-0.3671118059746765
PF3D7_1462800	1.76549172808616	2.637145071646131	1.8589030874001027	0.9323552798773969	2.006716883725174	0.017804154302670624	0.050445103857566766	0.18476702780840293	0.07438149672169789
PF3D7_0810600	0.7753556429088158	0.9224666374726561	0.5435556877149272	0.8429463229773725	1.329428732771352	0.23804463336875664	0.2763018065887354	0.7778763322771601	-0.5124303546515784
PF3D7_1347500	0.9066665372587128	1.225170828116228	0.8834466817714474	0.6134833821048818	0.6546693371860344	0.06989247311827956	0.0913978494623656	-0.4698056308716114	-0.03742897259580381
PF3D7_1225300	0.44471873875726764	0.679018824844184	0.4912682354306548	0.6529297748989314	0.1836760016361322	0.12427745664739884	0.1329479768786127	-1.2757300535951772	0.14361776423910935
PF3D7_1344900	0.31487211603964677	0.36440447379878443	0.4252881942800149	0.3806162498125175	0.3030946699787636	0.20228494623655913	0.23387096774193547	-0.05499752109238507	0.43367480409356046
PF3D7_1121700	0.4649571152793184	0.48989678412817567	0.6099959109832421	0.6868288390373845	0.24650079486636792	0.09079754601226994	0.10184049079754601	-0.9155053585133148	0.39170191457868153
PF3D7_1407800	1.159300449452759	1.0076387460240688	1.2032204636827553	0.9928036492344283	1.7421332871568613	0.042316258351893093	0.051224944320712694	0.5876004958343668	0.05364649880917683
PF3D7_0924000	0.15491658484717372	0.1493101649222925	0.45546094621048483	0.3861226389283301	0.1898000737417064	0.1323529411764706	0.15712074303405574	0.2929889504177958	1.5558357520619304
PF3D7_1350500	0.6359149835420209	0.42943773039972305	1.0775445563293546	1.4363105295748606	0.5709230855396596	0.14160839160839161	0.15996503496503497	-0.15553750271401667	0.7608417184208344
PF3D7_0719900	0.19518999923493163	0.340308258097977	0.5935494280697576	0.6417559249838856	0.25203269534105016	0.11731843575418995	0.14054689797118494	0.36873176497228105	1.6044890390901316
PF3D7_0609700	0.23742831452325663	0.360277275414862	0.9859094141383926	0.6877915431228275	0.24829647490495815	0.10941609679116254	0.126775381378222	0.0645717856494575	2.053963103238698
PF3D7_0721300	0.4776481414234212	0.6332718327779489	0.6786746296025475	0.8114740803717777	0.36786390563311755	0.13125695216907676	0.14794215795328142	-0.3767761232094011	0.5067718319679393
PF3D7_1128000	0.3086373721510958	0.3421266161409714	0.519596311347919	0.7674361160459495	0.24930062297938838	0.1621017328116266	0.1928451648965903	-0.30802627693421375	0.7514784240942124
PF3D7_1474500	0.33726796261879466	0.4326950939075608	0.41395226319878126	0.5380898554994288	0.276755178041589	0.09272467902995721	0.10271041369472182	-0.28528497215587056	0.29556912434
PF3D7_0627900	0.3911251905201507	0.4397186828926838	0.34526441718363604	0.5140378049819201	0.19649880901634584	0.13402061855670103	0.15463917525773196	-0.9931098879108146	-0.1799287979510625
PF3D7_1008000	0.1864298738242976	0.23523798291022474	0.4329624218535486	0.5336686433887254	0.22390728111098376	0.15846994535519127	0.17864649012189995	0.26426838481484693	1.215608756123502
PF3D7_1404900	2.7216642681127095	2.111990968831795	1.8836124700478074	3.0516649148153907	2.097179150146413	0.1111111111111111	0.1414141414141414	-0.3760390056735506	-0.5309869348137872
PF3D7_1122300	0.6107838621895678	0.4084718115330916	0.8031941214117455	1.0984676041283514	0.41684624142967824	0.10803324099722991	0.11911357340720222	-0.5511466175128729	0.3950867657158619
PF3D7_1108400	1.4659556036509078	1.8998723849446382	1.4349302057646758	1.3108018271158206	1.8611874051711244	0.050746268656716415	0.056716417910447764	0.3443819171603228	-0.030860845533787845
PF3D7_0218700	0.6944167622179032	0.7989378609177682	1.1021077250958025	0.821020834338674	0.1983829728218212	0.13278008298755187	0.14730290456431536	-1.8075135680191594	0.6663915685829198
PF3D7_1036900	0.9270028794486909	1.2367540904713443	0.7451562305637659	1.2977751376861062	0.604838941274202	0.2046400951814396	0.24033313503866746	-0.6160227927313596	-0.31503088526863776
PF3D7_1027300	2.8640263825598855	2.4291097373787234	3.484009552455245	2.275068242653382	1.3366919881049761	0.08651399491094147	0.13740458015267176	-1.0993777166310876	0.2827037971812278
PF3D7_1208900	0.3201131478091386	0.2993154343155574	0.34441944038119926	0.31762791603606816	1.2566515007833028	0.11997226074895978	0.13384188626907073	1.972930773596999	0.10558464336686112
PF3D7_1030100	0.19105301069900335	0.554204286320596	0.7097969302081779	0.729717666933339	0.2273326344406547	0.07519379844961241	0.08449612403100776	0.25083181072275057	1.8934333424088408
PF3D7_1426000	1.2946373973025052	1.0225354181539963	0.6950008427204537	0.8496397170308275	1.171765753088423	0.049689440993788817	0.049689440993788817	-0.14386389335124936	-0.8974614514463243
PF3D7_1020700	0.6276458643555792	0.8356053219532299	0.7882815457731664	0.6590378274404812	0.41735991990499716	0.11583924349881797	0.13317572892040977	-0.5886587174950736	0.3287602213161593
PF3D7_0423600	0.5951308552679657	0.6357829111314223	0.8787187943099847	0.8329748210548579	0.40278975257862204	0.1346153846153846	0.16687344913151364	-0.5631799379459828	0.5621946330935382
PF3D7_0519400	1.5975556139482525	1.8799485467396229	1.1063281552144608	0.8017747231401569	0.7771386608035398	0.045112781954887216	0.05263157894736842	-1.0396222157290953	-0.5300867787617485
PF3D7_1336000	0.6154263727680779	0.716787970256572	0.7929120493633047	0.9444922884962657	0.34963439806522867	0.14035087719298245	0.16040100250626566	-0.8157391401541305	0.3655745809792399
PF3D7_0610400	3.356953600250125	0.4155059313129836	0.7423380705643108	0.6839014530226646	2.7985296481152075	0.0	0.007352941176470588	-0.26248356428991615	-2.1770043322759487
PF3D7_1359000	0.44472624683197615	0.5329798496482953	0.6306319905757174	0.9565599597225417	0.32207941209309443	0.13898201767753735	0.15330691862237122	-0.46550110815346163	0.5038808045204296
PF3D7_1418900	0.5062863802080566	0.5696911205213672	0.4253038636491092	0.42385389398752693	0.21330652752276624	0.09360730593607305	0.10844748858447488	-1.2470255591694437	-0.2514597132063051
PF3D7_1134200	0.478982818772013	0.5836389462321852	0.6319506807139872	0.6788622414664675	0.3188936610784838	0.1257617728531856	0.13407202216066483	-0.5868984868799015	0.39983806356584645
PF3D7_0409200	0.43593685494704043	0.5000672450828734	0.4856467225127561	0.5102327996558192	0.3121849378521871	0.08091286307053942	0.09336099585062241	-0.481718244541462	0.15578804824678172
PF3D7_0802300	0.4674683957063431	0.6245928417838037	0.6242653096394468	0.6532450473497181	0.7223712617820265	0.1016949152542373	0.11685994647636039	0.6278716674533111	0.4172904660768306
PF3D7_0810300	1.6656097111538426	0.5501287644225815	1.294209192670655	0.6976197146562831	1.2777802122977915	0.07272727272727272	0.08181818181818182	-0.38241068190382854	-0.3639795555258832
PF3D7_1319300	0.8011266501288125	1.0055320710905669	1.0320804531207575	1.1156004463955054	0.46277870931201487	0.13557213930348258	0.15920398009950248	-0.7917078432918256	0.36545319518125596
PF3D7_1218300	1.0382180418535316	0.819589278702323	1.1441686285433736	1.9514167940544453	0.5778407547841661	0.15136876006441224	0.1642512077294686	-0.845365598723079	0.14019022960733946
PF3D7_1414700	0.29228310143942493	0.2965038336400826	0.3483398720199399	0.402460979346888	0.11044975261436672	0.1495664739884393	0.17630057803468208	-1.4039762337447912	0.2531291964608401
PF3D7_1001600	2.4010431785612334	0.444337797349732	0.8329548828124058	1.2026031396212429	3.3527401168406796	0.09698558322411534	0.10747051114023591	0.48167931074381665	-1.5273510892280604
PF3D7_0519200	1.3144021104564887	0.7618306151664063	0.9909416637770253	0.6663290113468145	1.9915117481752462	0.030303030303030304	0.030303030303030304	0.5994572885132787	-0.40753466753752765
PF3D7_0520000	1.4266528951607949	1.78735357967436	1.091096076784545	0.8221540840916882	1.1590548280335193	0.021164021164021163	0.021164021164021163	-0.29968555627732935	-0.3868562254222172
PF3D7_0615400	0.26868120142852014	0.5984445401105857	0.9005176446767632	0.8170117173216594	0.4028768449415139	0.12128984976181752	0.1546353975815317	0.5844435048438954	1.7448591593096152
PF3D7_0714200	0.5123714947698497	0.3487729959163984	0.5919384081820136	0.8252685854026015	0.5070571752054337	0.213078618662748	0.2476120499632623	-0.015041782048870505	0.20825685457262053
PF3D7_0309600	0.6666720185281231	1.1243946909847193	0.6052650396768438	0.3676515523106306	0.6520339532539753	0.044642857142857144	0.0625	-0.032030084147963794	-0.13941015289782707
PF3D7_0820000	0.15188572554419472	0.33515494389832695	0.43872022832816454	0.3153707635841068	0.22448763358932214	0.1493756003842459	0.16522574447646493	0.5636496835296307	1.5303149375723892
PF3D7_1224900	0.47977288962253994	0.696443539703751	0.46656301119552424	0.36477454260960734	0.3640035528422378	0.05660377358490566	0.05660377358490566	-0.39839910615413543	-0.040279702059863136
PF3D7_0909400	0.8164329672881487	1.0071842425526656	0.9297418075526479	1.2074037270213738	0.7541847945464785	0.13424866514111367	0.15636918382913806	-0.11441637512712907	0.18749569145686182
PF3D7_0821600	0.3126611499036799	0.4142211702215351	0.5619725514242612	0.8133109970366399	0.08092787137656478	0.14985163204747776	0.17655786350148367	-1.949891412281926	0.8458996996770998
PF3D7_0703900	0.24119025637596186	0.44040269462734166	0.6041520223660248	0.6515195590909205	0.198443622807955	0.143184947223497	0.16590178981184028	-0.2814424257226798	1.324739993311226
PF3D7_1200900	0.20793605754087688	0.18948243648131077	0.38573891575554436	0.2223859322650059	0.3371551271564225	0.10966057441253264	0.12010443864229765	0.6972725839397015	0.8914847482913903
PF3D7_1116800	0.5645557589598295	0.48424887827904556	0.7477341076470553	0.873957885989093	1.0921682803457275	0.04856512141280353	0.06291390728476821	0.9520071801077302	0.40540926523591037
PF3D7_1324900	3.369251446088041	3.625386278246807	3.387219199072477	3.4308923128550655	7.539080041080561	0.04113924050632911	0.06645569620253164	1.1619603885422662	0.0076732514934939764
PF3D7_1442400	0.41248706563236553	0.19814766098648798	0.3860759608383831	0.3841215768780805	0.38047946587678083	0.21012778040700425	0.24420255560814008	-0.11653028652280191	-0.09546415430256165
PF3D7_1303400	0.4836433728187153	0.6421110713672658	0.6241976541872726	0.4706588286378866	0.33827726616683185	0.1898238747553816	0.21135029354207435	-0.51573740587309	0.36805930511064183
PF3D7_1434600	0.623240551201356	0.9530705186753122	0.8865758447160421	0.5923166166547378	0.7884494591603434	0.1321656050955414	0.1735668789808917	0.33922917344474357	0.5084549504244089
PF3D7_1431200	0.2679571366273719	0.22675040708654845	0.30384687489982803	0.25035088269382555	0.16124808701870003	0.1763265306122449	0.19591836734693877	-0.7327201954366729	0.18134221314362817
PF3D7_1349500	0.3324521324172846	0.32986827006473207	0.5049985527810666	0.5699662249017343	0.5278173705814974	0.14788524105294293	0.16592724046140195	0.6668921993907857	0.6031326219576599
PF3D7_0202100	0.8912175310467683	0.9506786523665582	0.805124944833703	0.7137268354451738	0.4376512826605174	0.08278145695364239	0.08940397350993377	-1.0259958133603648	-0.14656492410691763
PF3D7_0110500	0.6668342115685646	0.576612839258226	0.6129785611334405	0.7140744737926813	0.4937560271837099	0.16673960612691466	0.19824945295404814	-0.4335297639297533	-0.12149150623455017
PF3D7_1230800	0.7411500871390949	1.003052428786263	1.2650111422415053	1.4273939859539335	0.2083599157391905	0.1113013698630137	0.13356164383561644	-1.8306879673532093	0.7713124610191842
PF3D7_1123500	0.6615595331499013	0.588279194369084	1.0618766613754982	1.637499277434581	1.5217533381114903	0.16766467065868262	0.1998502994011976	1.2017916362156478	0.68267331030892
PF3D7_0415900	1.4809538121930934	2.1992503185242267	1.842912012515916	0.989357500269397	1.7644375898461704	0.02926829268292683	0.04878048780487805	0.2526817545328744	0.3154605462463797
PF3D7_0219200	0.6279300606017553	0.9718631323730301	0.5342543993761405	0.19902186100155767	0.9569982436106972	0.034482758620689655	0.06896551724137931	0.6079123974876709	-0.23307699646841618
PF3D7_0517300	0.4567442968583127	0.8709485951008481	0.8874705247631431	0.43776112410464807	0.8829261469176012	0.03691275167785235	0.0436241610738255	0.9509060527684885	0.9583124898520197
PF3D7_0607000	0.6829994577155419	1.1537910742946251	0.9345519568133704	1.0784598695282557	0.3012202751961798	0.0593654042988741	0.06857727737973388	-1.1810655516859636	0.45239044039216203
PF3D7_0815800	1.6201015712450462	0.5744842642058967	0.9370068462687511	0.9742314722216201	1.18578918761562	0.1794871794871795	0.20076377523186034	-0.45023671782928587	-0.7899527706695897
PF3D7_0813400	1.0467553430201808	1.3310192784280357	1.0432859905833418	1.2196007526358073	1.8245333827984196	0.18209408194233687	0.2109256449165402	0.8016032654728387	-0.00478959154769706
PF3D7_0723800	2.6107357314428095	1.0505907508015078	1.341151823855725	1.5129290276456564	2.037064261388948	0.15570776255707763	0.182648401826484	-0.35796493759349146	-0.9609838645368033
PF3D7_0731100	0.1998011949453013	0.3128050658739281	0.5482216150888798	0.39569961353885524	0.22414434014620868	0.11797752808988764	0.12696629213483146	0.1658628590110581	1.4561939999161935
PF3D7_1358100	0.6808198102463568	1.0294233784773843	1.05644884720034	0.8701808830299197	0.36565214075118035	0.09673024523160763	0.11580381471389646	-0.8968012081790584	0.6338779925283948
PF3D7_1453800	0.6219790344808623	0.8191131935885506	1.0299018881635467	1.4052463976757144	0.6295023894329029	0.1054945054945055	0.11208791208791209	0.017345902903254273	0.7275690518144684
PF3D7_0511500	0.19048314775586384	0.40356822337634096	0.40639287511435246	0.6273024433759407	0.20309975213902776	0.1711559487128516	0.19779345989464267	0.092525112365182	1.0932117423629992
PF3D7_1329100	0.941190979041045	0.6350145708598547	1.0608938925558018	0.9754871198203778	0.6689240807825658	0.11805555555555555	0.13333333333333333	-0.49264501076647915	0.17272097135564388
PF3D7_0923900	0.8366619516010467	0.8290491392597323	0.7595584587877667	0.5987565620218297	1.0187036794552444	0.06435643564356436	0.08415841584158416	0.2840177282950235	-0.13948382312909194
PF3D7_0704600	0.2610870394728825	0.5814335760132376	0.7860086222820476	0.8320235184694172	0.35628409468278865	0.14282044695607501	0.15746211148214745	0.4484972366555552	1.5900142953819723
PF3D7_1449700	0.583662110680378	0.5880507962621349	0.5182244058240661	0.7509972664300855	0.36492415900945335	0.15140845070422534	0.16725352112676056	-0.6775367519339609	-0.1715564555341768
PF3D7_0619400	1.1032981759017677	1.0924136575795622	1.322839503832709	1.2117801598110705	7.185673099548181	0.049516908212560384	0.05555555555555555	2.703300559306132	0.2618152898781963
PF3D7_1010200	0.22708182312473643	0.31168406104093993	0.35105566290604173	0.2205607281765706	0.09896376007929257	0.12941816204458945	0.14410005437737902	-1.1982400084830265	0.6284875709822728
PF3D7_0519700	1.230327302454125	1.486855178901109	1.2624805946307531	0.9909718299448415	1.2038467549072625	0.10416666666666667	0.11458333333333333	-0.031390410787290754	0.03721904761494975
PF3D7_1453700	1.6736615153597931	2.41912401289101	1.4864997492709942	0.9485730239384198	1.5758026207335294	0.08363636363636363	0.09818181818181818	-0.0869209444562966	-0.17108856396343355
PF3D7_0419900	0.13264084481753707	0.22411082449076558	0.42045111499375803	0.44539688334754324	0.16357926874900833	0.15551142005958293	0.18192651439920557	0.3024648188185746	1.6644129701729264
PF3D7_0418100	0.26680106074879645	0.4110889452288378	0.58799954011318	0.6080034140525319	0.11327490292672193	0.15720164609053497	0.17777777777777778	-1.2359361479026172	1.1400506242929116
PF3D7_1136600	0.7614312636367407	1.1900985018315688	0.8220620700248362	0.665186628075462	0.38351783431703323	0.14069591527987896	0.15809379727685324	-0.9894201394070373	0.11053352231947997
PF3D7_1433500	0.3368804609560427	0.5403228729719802	0.8541452871703579	0.9832567138456627	0.6126703060929544	0.08763586956521739	0.09850543478260869	0.8628741761435488	1.3422447335029988
PF3D7_1351400	2.2155534587669545	2.2762691539435553	1.9852140742001858	1.606186958120481	2.3327311887829016	0.054187192118226604	0.08866995073891626	0.07435293077106339	-0.15837255003391418
PF3D7_1246200	4.3282472257821905	1.482329822385331	1.4086384460147248	0.9361825708851514	4.332301021518847	0.02925531914893617	0.034574468085106384	0.0013505822648105569	-1.6194815431262413
PF3D7_1212700	0.651453580724493	1.4295668279854647	1.505085253058428	1.893608921327283	0.2330044618087113	0.0682643427741467	0.07552650689905592	-1.4833048019797024	1.208110919925221
PF3D7_0812400	0.8880426999849254	0.9459242277943088	1.163607287582703	1.0629792041937582	3.082432910447808	0.08440366972477065	0.09541284403669725	1.7953685416935672	0.38990328423540144
PF3D7_1205800	0.5704694143188233	0.6773035936159173	0.8824252597898107	1.0669807301887522	0.3252178134008007	0.2202276707530648	0.266199649737303	-0.8107432571833121	0.629324550680481
PF3D7_1211600	0.27373524601847093	0.5279954979320522	0.7131121401788634	0.7219325806058917	0.2296131202536586	0.14724755150287064	0.16582235731171902	-0.25357612641324967	1.3813477575882502
PF3D7_0529900	1.5738652088209746	1.2539068815650982	1.2771171840340587	1.1475909667114186	1.1389628129820315	0.045774647887323945	0.0528169014084507	-0.4665913448459166	-0.3014210807942246
PF3D7_1352700	0.26371243726021093	0.37072371458186565	0.5577305779510582	0.6887134638269209	0.2569050322003481	0.14330833004342677	0.1590998815633636	-0.037730463772547886	1.0806027563778144
PF3D7_1021900	1.171424627673685	1.0844278450586984	0.9804631230941795	2.0402438352880123	1.4008026957340425	0.22969432314410482	0.28558951965065504	0.25798963458040186	-0.25672885635237325
PF3D7_1242700	1.49355579402598	1.414368986000153	0.991438439165821	0.7025539777108117	0.7772978942223306	0.029197080291970802	0.072992700729927	-0.9422116197492619	-0.5911560328122751
PF3D7_0821700	1.4466209428436612	1.1441340718808302	0.8145951011292023	0.8641599720917835	1.3497916111900041	0.02877697841726619	0.04316546762589928	-0.09995025025662321	-0.8285318996369754
PF3D7_0811400	0.5231384055789725	0.6170338596892022	0.9588607170672016	0.8606007502889703	0.31523939684002933	0.06907894736842106	0.08388157894736842	-0.7307448416883088	0.8741285787176786
PF3D7_1303500	0.3218261992954155	0.29096371291157797	0.678049094646388	0.5919083005442158	0.45324114552566025	0.12552083333333333	0.13854166666666667	0.4939970578308849	1.0751079584796746
PF3D7_0730300	0.32849138563374847	0.4097603471459494	0.4912651701008298	0.9255566612229694	0.9560764958558815	0.17355371900826447	0.2021036814425244	1.5412705153459378	0.5806464202166073
PF3D7_0306900	1.1909411776991101	1.7797485119794056	1.5750115807517717	0.7697004084163018	0.7418838271893291	0.013793103448275862	0.034482758620689655	-0.6828369625228823	0.40326027833097283
PF3D7_1203700	0.5683990743183683	0.7696300095133917	0.47528231696158696	0.5516318799425541	1.0156132215531322	0.08069164265129683	0.09510086455331412	0.837374971495457	-0.2581194783580677
PF3D7_1331800	1.119600682876054	1.35043831328926	1.4178837202877765	0.7354071291712792	1.0995456250718187	0.04316546762589928	0.05755395683453238	-0.026076802651504107	0.34075495099213177
PF3D7_1026800	0.8565958959209413	1.3886952089385574	1.0302679971690247	0.70135121980987	2.0395131864869	0.053231939163498096	0.06844106463878327	1.2515381647251322	0.2663329952719287
PF3D7_1004000	1.4618489466590543	1.8881373060970004	1.4195774080328767	1.158897479134519	1.619596468235958	0.039603960396039604	0.06435643564356436	0.14784015729520172	-0.04233272501047807
PF3D7_0709000	2.111874164099437	1.6682501887409409	2.4452096846621774	2.37954452055796	0.9273221604026359	0.0589622641509434	0.07547169811320754	-1.1873813375432636	0.2114343119055611
PF3D7_0516900	1.1237488243862797	1.3589260409075077	1.6026348137554483	0.9486601335930471	1.5718545275356117	0.015384615384615385	0.026923076923076925	0.48414809834104255	0.5121261150988747
PF3D7_0903400	0.4881539469228051	0.5784249021388652	0.6235995025030969	0.8166937104338224	0.3279718691634697	0.10804416403785488	0.12066246056782334	-0.5737641186513631	0.3532835812635553
PF3D7_1117300	4.837794536864796	3.921966387070148	5.246553424279513	6.201114091782814	2.645864171477348	0.078125	0.09375	-0.8706104976784653	0.11702049724020681
PF3D7_0801000	0.8992836111157679	1.8162998558894305	2.0229067069304887	0.6322752444190496	1.2976692937612793	0.12633305988515175	0.1443806398687449	0.5290746828270221	1.1695817049161228
PF3D7_0529000	0.8488533020828191	0.6160876990977867	0.9985847088932267	1.1439126904297736	0.774079640732323	0.08344923504867872	0.09457579972183588	-0.13303324546675882	0.2343695648567414
PF3D7_0525200	0.45710858771682417	0.4825506892793544	0.644689654993664	0.6410407975712656	0.12612218717491677	0.17793401838831802	0.19361817198485667	-1.8577148290086096	0.49606791031609676
PF3D7_1419400	0.42719289264468624	0.5233292824896291	0.613332392778452	0.828908328835651	0.24474451288927299	0.19491140390731485	0.2230804179918219	-0.8036111292809697	0.5217815034438684
PF3D7_1466900	0.5341608179523657	0.6027272746320754	0.7258260040914649	0.9714336574641367	0.4460692695167907	0.15677966101694915	0.1765536723163842	-0.26000639274309495	0.44234959050350237
PF3D7_1463000	0.5955226214228685	0.503521892468854	0.7127778849978633	1.439895946142733	0.5555149619617952	0.10714285714285714	0.11038961038961038	-0.10033054213980322	0.2592962646751667
PF3D7_1351000	0.2926311449789538	0.3435148491767739	0.4401539803412363	0.45971741667007726	0.4530981490144078	0.14838709677419354	0.17096774193548386	0.6307402723054587	0.5889249893391376
PF3D7_0209800	0.8716209376808036	0.757566518745165	0.804700917032823	0.8468234999359389	1.6997377048250633	0.06783369803063458	0.07221006564551423	0.9635393761800786	-0.11524817585094362
PF3D7_1302000	1.3985443373676405	1.4632861081275537	0.813203910539878	0.5283953640952701	1.7479325309693083	0.10897435897435898	0.11858974358974358	0.3217235072512819	-0.7822369336423344
PF3D7_1016700	0.1284513150922835	0.12803617680904997	0.3236472844735476	0.08603665129647514	0.19449452324082375	0.13855421686746988	0.15421686746987953	0.5985078703106852	1.3332007384395672
PF3D7_1139100	0.2924930015196466	0.37129342939417637	0.5831051992998793	0.6620736490197597	0.23203010049818	0.2250139586823004	0.2573981016192071	-0.33409013218960837	0.9953540809703223
PF3D7_1009800	0.22954952797955805	0.2626840344365999	0.4111972398766682	0.4291620764424777	0.11981761585460697	0.1241635687732342	0.1412639405204461	-0.9379654334725769	0.8410251151539755
PF3D7_0621800	0.6173416380397441	0.5167239657520101	0.4511911774335354	0.2796861110914682	0.748208391304005	0.059782608695652176	0.09239130434782608	0.27737104552923825	-0.4523302429221205
PF3D7_0622900	0.2084040916672382	0.30639524638868726	0.42427123193205046	0.3383993826269567	0.143121939589012	0.16842634489693314	0.19808949220713926	-0.5421387587657274	1.0256032559847963
PF3D7_0309500	0.538156811421225	0.3510252351580094	0.7622187801002024	0.896627474976838	1.1403082704544678	0.07540983606557378	0.08852459016393442	1.0833253742312792	0.5021785394168041
PF3D7_0817200	0.27266321099489577	0.17468429187176446	0.2561606602127843	0.3869591335583253	0.2953721337524298	0.13819095477386933	0.15829145728643215	0.11541366639581171	-0.09007112688622478
PF3D7_1359400	0.9851199915436775	1.3208746246906926	1.389188623296284	1.1729968584445605	1.2928036615463738	0.08840864440078586	0.1100196463654224	0.3921318228906313	0.4958711345945699
PF3D7_1103800	1.3525242211927155	1.1140828651343586	1.2452802976032655	1.6620879986213217	0.9424132128738338	0.1705725304064076	0.2082468110353011	-0.5212227588921968	-0.11918391813682971
PF3D7_1210600	0.4654024973041282	0.627121984253959	0.5245283313898564	0.5087181180456922	0.6901024276905942	0.17183098591549295	0.2028169014084507	0.5683315560773232	0.1725417471833139
PF3D7_1217500	1.3714731913609117	1.2367287802918379	1.0930976365838498	0.7880373185566958	0.9866403399083931	0.102803738317757	0.11682242990654206	-0.47513024175313107	-0.3273041518837297
PF3D7_0606000	0.46009938521352634	0.40216586614290406	0.5938134808376857	0.7533085258203069	0.6860322838262141	0.17779868297271872	0.2050799623706491	0.576330940722173	0.36806431725527394
PF3D7_1021700	0.6647390618773648	0.2361636227978061	0.4841940430685184	0.38615236619659216	0.2787010853448479	0.16411883472743005	0.18690510527833862	-1.2540695123397512	-0.45720280278539627
PF3D7_1354300	0.6943616201523432	1.012651954768695	0.8199323033875523	0.7347993057087918	0.27175112209619123	0.06967615309126594	0.07948969578017664	-1.3534012147337706	0.239817593387355
PF3D7_1225200	0.6581137094499597	0.7036667531474988	0.8287633832675665	1.430353858898222	0.35370271786853197	0.2451558550968829	0.2805391743892165	-0.8957995707625922	0.3326233871615646
PF3D7_0307200	1.8195228785159223	1.8344442375504233	2.084573658956912	1.6773227512415203	2.088725370562629	0.042801556420233464	0.07392996108949416	0.19906262507738828	0.19619215944415544
PF3D7_1105700	0.5468277419889198	1.2983468530892397	1.2898215656723147	1.0745107966996386	0.38162127122070044	0.06126482213438735	0.0691699604743083	-0.5189448483730404	1.2380131549866553
PF3D7_1313800	0.2821015496133762	0.33096881394182187	0.5874511297824454	0.7980989329467855	0.4310192769495891	0.13573732043389036	0.15010260920551158	0.6115378031754167	1.0582542476605852
PF3D7_0906500	0.6467784181751273	0.9182288567900212	0.7643949676430495	0.5522467958503167	0.26371482461084345	0.12652068126520682	0.1411192214111922	-1.2942928655549673	0.24104674094116374
PF3D7_1362400	0.1532089934204562	0.2832517885025038	0.46174144091676506	0.31345390305329024	0.3803689984943061	0.14453125	0.15625	1.3118986794693845	1.5915842324560727
PF3D7_0728000	0.9090655881605624	1.2588272641076477	1.1111894131174103	1.0210512094260753	1.71374702523751	0.02735562310030395	0.0364741641337386	0.9146978694708757	0.28964846691563545
PF3D7_0503400	6.61221971955652	3.0296278530019003	1.9437977485774625	1.3130607362854234	6.632611198304125	0.05737704918032787	0.07377049180327869	0.004442292799630579	-1.766256550322204
PF3D7_0628100	0.6401176073419775	0.5418859578833966	0.8269700565375872	0.4409606349950036	0.47333868259227235	0.13298337707786526	0.1599105667347137	-0.43546416445787545	0.3694980997934624
PF3D7_1134700	0.26557368115088814	0.46022422290899495	0.6823437145095068	0.39633560122967576	0.35361730216896375	0.0936058009228741	0.1074489123269611	0.4130766862074492	1.3613864658657966
PF3D7_1020900	1.3602187746637981	1.2130495688628518	1.6237628970039137	1.0340966833691494	1.972414128311303	0.04419889502762431	0.06629834254143646	0.5361237818394381	0.2555022744541569
PF3D7_1006800	0.937108153325668	1.5527232045738935	1.3035951686442593	1.1130278015129786	2.004236184362313	0.056910569105691054	0.08130081300813008	1.0967650628390722	0.47620844369694426
PF3D7_1358700	1.4437658989607496	1.2900800883049652	1.442282977555616	1.5194007825141997	1.4351183460839676	0.0457516339869281	0.06535947712418301	-0.00866712108672852	-0.001482583031008803
PF3D7_0206000	0.5442217211642542	0.3603244902988705	0.6034051267454751	0.624931189854483	0.3272274967958652	0.12269129287598944	0.14182058047493404	-0.7339005566152523	0.14893241511233596
PF3D7_0713900	0.3529099910402784	0.43561134934042706	0.5614397785312524	0.7600480245353997	0.20231305467796223	0.24544690389464835	0.2757074810871393	-0.8027108581898763	0.6698310097190163
PF3D7_0532100	3.622706997712825	4.430606354533658	4.64316783088707	2.0458127493520597	1.87129570306134	0.022099447513812154	0.049723756906077346	-0.953030574264391	0.3580413029408077
PF3D7_1438400	0.6063813474527809	0.2457972418926217	0.5479478638127576	0.7402119405490676	1.0173098377968575	0.2079207920792079	0.23564356435643563	0.7464618603147825	-0.14618674622815656
PF3D7_1143300	0.4122702017944655	0.6103024767938477	0.38522723257266644	0.483717309413104	0.3106123771707652	0.07807807807807808	0.08408408408408409	-0.4084748705265986	-0.09788049527446953
PF3D7_1445700	1.3644855907625153	1.278790075038346	0.7891111412988213	1.0049976332714396	1.1832117432973306	0.11965811965811966	0.1396011396011396	-0.20564888327540232	-0.7900567454404086
PF3D7_1361200	0.4452907668852662	0.5499721670911849	0.6783866353783048	0.7816885254453657	0.26314685919234754	0.22377232142857142	0.25390625	-0.7588795222282886	0.6073600504528518
PF3D7_1436300	0.9934811930989424	0.8478348418121218	1.4775669234327629	1.4433418104486897	1.599068147169449	0.1379657603222558	0.16314199395770393	0.6866668609859442	0.5726589136730931
PF3D7_0809900	0.4477574298963651	0.5713624869443806	0.9938891934332074	1.2875126101005014	0.32801564646618964	0.16679904686258937	0.18903891977760126	-0.44895273831249854	1.1503676459104544
PF3D7_1417200	0.2836296283727766	0.46406220765595907	0.687512597672465	0.7033604729833995	0.3113115279943508	0.2039856695029109	0.2355575459023735	0.13435075487006065	1.2773779025447567
PF3D7_0905400	5.355552827537051	2.2110698307665477	2.668125286754032	1.9442037688427367	4.137113207304584	0.044593088071348944	0.059085841694537344	-0.3724110692288791	-1.005209092493493
PF3D7_1023900	0.4084258194444113	0.7284520401541661	1.186820465830899	1.0249223710009667	0.4278707579163624	0.15685096153846154	0.17638221153846154	0.06710101193073323	1.5389557333156563
PF3D7_1321900	4.595734521124052	3.352165165133494	3.2850030895471307	2.108379864268809	3.7113530558602434	0.09246575342465753	0.1095890410958904	-0.30835021200465584	-0.4844007337396123
PF3D7_1344700	0.248960766397508	0.30152264435186416	0.49893328076761734	0.7395157225567558	0.13978093649112694	0.13344051446945338	0.15594855305466238	-0.8327507891442323	1.0029284992438967
PF3D7_0102200	0.5715643793833719	0.46549165994548763	1.0145154545910606	0.5642793954644421	1.036671457042593	0.07557603686635944	0.09493087557603687	0.8589708324643339	0.8278029287498077
PF3D7_1462400	0.1961164937752263	0.42933181882986043	0.5633248622398666	0.3212664018571881	0.13818896729389885	0.18813967489464178	0.2095123419626731	-0.5050684353721675	1.5222562719977322
PF3D7_1451200	0.2421684136889378	0.5602320543397259	0.8822362386052707	0.6832991660859697	0.2081417366444255	0.15492021276595744	0.1735372340425532	-0.2184444211613623	1.8651543166836801
PF3D7_1338200	2.270968960759064	2.338154407405996	1.3282689985535743	1.1818601436006346	1.1218933952297063	0.05429864253393665	0.07692307692307693	-1.0173723932407885	-0.7737606394786619
PF3D7_0931100	0.43322095553104273	0.5008720485106076	0.4700970107127648	0.40573334907958253	0.11751046252478507	0.1709090909090909	0.18545454545454546	-1.8823138172770688	0.11785547674349955
PF3D7_0724700	0.21021229367771913	0.3657389518625701	0.4757661594581565	0.7088520010142242	0.2248241967636001	0.1464603038119805	0.16337059329320722	0.09695027060062619	1.1784056149027402
PF3D7_0409100	0.26324242848569535	0.4013992533918423	0.46369629514383603	0.49369253074620045	0.22315463213604542	0.08614232209737828	0.09737827715355805	-0.23834828264268854	0.8167881635554608
PF3D7_1341200	2.298405891777603	3.410893777287887	2.79709605766168	1.773984666905151	2.621991356702765	0.04891304347826087	0.06521739130434782	0.19002933355696283	0.2832962033691908
PF3D7_1445200	0.3631444408792999	0.5019371838885395	0.4850410346802868	0.5815942594044934	0.21811125592219371	0.0992462311557789	0.114321608040201	-0.7354792709307165	0.41756331005243896
PF3D7_1458600	0.19230200104783873	0.21546462948944417	0.24663148255792863	0.48941925191723423	0.2240712843320805	0.15391229578675839	0.177128116938951	0.22058399822922872	0.3589831967159282
PF3D7_0814200	0.9229604787285308	1.7486841268960989	1.290630226815756	0.8004901142430674	0.25943900376644985	0.016129032258064516	0.028225806451612902	-1.830873483793778	0.48373494125185346
PF3D7_0424600	1.0034938374798226	1.5390501866064916	0.9486028086789507	0.9420216848478997	3.597882436518527	0.061488673139158574	0.10679611650485436	1.8421162891826008	-0.08115571189205312
PF3D7_0722300	0.27392541954032423	0.3116234986260213	0.38815783890934613	0.5233633587817603	0.246047343060197	0.14823914823914824	0.18018018018018017	-0.15484721284115194	0.5028602728422631
PF3D7_0214800	0.6148113035035974	0.4141059346587744	0.7883576430733378	0.7648359606915555	0.7829136597483198	0.13931436907366884	0.15244347191830782	0.3487095252118188	0.35870657557312713
PF3D7_1466400	0.2131458975389908	0.35053027668464826	0.7071259604941857	0.64498844311745	0.3671984814233161	0.22263222632226323	0.2693726937269373	0.7847188046573189	1.730125937759356
PF3D7_0212500	0.20119851524604387	0.3381021564910229	0.47356130340207786	0.5984599038043241	0.22379506045677164	0.1406015037593985	0.15889724310776943	0.1535585351497824	1.234931538624968
PF3D7_1121600	1.9505559808198012	2.0828805839468454	1.9646952891705742	0.88556431791203	1.2348441416383502	0.037037037037037035	0.06790123456790123	-0.6595564435876231	0.010420173476394862
PF3D7_1102700	1.494361487966529	1.6970563830972305	1.1280794630468072	0.670729510732908	0.6790483592076725	0.03296703296703297	0.054945054945054944	-1.1379429537077992	-0.40566048393174997
PF3D7_0215500	0.7490773058937986	0.6169414101608413	0.6671938351587033	1.0404822061995802	0.4047520588618158	0.20418848167539266	0.23298429319371727	-0.8880761955072721	-0.16700865623827554
PF3D7_1355700	0.33690570138383397	0.5343130388741678	0.4570988468319563	0.8656835132663326	0.28303121563639017	0.22437888198757763	0.25388198757763975	-0.2513836657904571	0.44016133622952286
PF3D7_0504800	0.7556137630506529	0.49690659051844616	0.4872049248368211	0.8696993719232831	0.8618541781853072	0.14435183543181415	0.16403617662706155	0.18979481272124032	-0.6331202632077029
PF3D7_0716800	0.532176524169241	0.7904804055257231	0.7848853388370655	0.6506729425865018	0.5326788587723965	0.0581039755351682	0.06422018348623854	0.0013611532724687038	0.5605770407548185
PF3D7_1347200	0.8141603356331635	0.7550420356490525	0.641849058991841	0.8114096167027856	1.1357832204985465	0.05687203791469194	0.06872037914691943	0.480302660465442	-0.3430788732252903
PF3D7_1232400	0.4318479919078744	0.34854898191639005	0.43719925797301257	0.33646529396800484	0.2244567193872944	0.11413043478260869	0.13043478260869565	-0.9440862953635191	0.01776737131930715
PF3D7_0727900	0.3169645613833688	0.3172164600626233	0.7272671858091838	0.9582478967116558	0.2920111501364132	0.18044721788871554	0.2059282371294852	-0.11829808913083138	1.1981639365058325
PF3D7_1364300	0.24783300028650887	0.2765643336732622	0.3816798499090942	0.41284108809496145	0.23606151146213536	0.11468288444830582	0.11902693310165074	-0.0702054656052684	0.6229947213000969
PF3D7_1402500	1.5576027926198526	1.7803697453727443	1.290239893246055	0.8876265983676543	1.1467898437625628	0.053691275167785234	0.06040268456375839	-0.44172634287036283	-0.27168804608028024
PF3D7_1365300	0.25918680839588387	0.21446412753554694	0.4764701410789275	0.690076763939947	0.30642852952484634	0.14189189189189189	0.1581081081081081	0.24155833076343303	0.8783935151941253
PF3D7_0402100	1.266923825838146	1.3177317307873886	2.4162128517208985	1.993296593008707	1.7405114462001516	0.10608695652173913	0.12173913043478261	0.45818151712085775	0.9314177671346971
PF3D7_0321800	0.2761347248919654	0.4048695132084121	0.8286898798627278	0.7513143194243848	0.21034504435449008	0.17775314116777532	0.1999260901699926	-0.3926144940144296	1.585459980582548
PF3D7_0418200	2.654852851629491	3.0732675308306843	2.5769523728499584	3.3500611989073006	1.5183867151698307	0.0979020979020979	0.10722610722610723	-0.8060926252139688	-0.042966026559256514
PF3D7_0312800	1.2627790056507402	1.2405564771703144	0.7417858895177221	0.8294798605255521	1.6348676178514803	0.031746031746031744	0.05555555555555555	0.37257163891380857	-0.7675274505971408
PF3D7_1450300	0.1180091963775907	0.17531491847834557	0.24107931288370862	0.28377663091205146	0.10299295277867711	0.14566473988439307	0.1653179190751445	-0.19635366684722055	1.0306085657633266
PF3D7_0619200	0.17395077920706314	0.42908598287615796	0.666697758282988	0.5795635681965828	0.15715716060452006	0.10828625235404897	0.12429378531073447	-0.1464711338462994	1.9383537346988151
PF3D7_1105600	1.5828508823308582	1.0584298291073884	1.1097140461149297	1.7950530766465553	2.742326766970644	0.10553410553410554	0.12998712998713	0.7928751402816278	-0.5123373808433428
PF3D7_1233600	0.28858323131055524	0.6221024542723561	0.677333913680536	1.0789584674216486	0.36441195723088216	0.14230557087699944	0.15627872770729914	0.3365828265375712	1.2308797607281936
PF3D7_0830400	1.3391665197421567	1.5566384971159304	1.433950802613077	0.7452712052138848	1.1563232967483563	0.06569343065693431	0.08029197080291971	-0.21179054715587445	0.09866016259985098
PF3D7_0316900	0.963721349047754	0.5691447821633635	0.8610953527116588	1.2868806796630277	0.860643949781303	0.15833333333333333	0.18166666666666667	-0.16319955000279243	-0.16244306290507018
PF3D7_0711000	0.39767330933341155	0.37338320769660677	0.40098051948999114	0.309569573714262	0.11507648317857498	0.12286411716842961	0.13425549227013833	-1.7889906988823645	0.011948413173373333
PF3D7_1328500	1.309607413092503	0.5253677323435556	0.8597404680769806	1.183294075371108	1.99890346510785	0.18326693227091634	0.2061752988047809	0.6100744069712303	-0.6071612725626488
PF3D7_1450000	1.0593939863496666	0.535330735695853	0.8994879008129435	1.1043979463855593	0.8779517313236678	0.07712765957446809	0.09042553191489362	-0.2710256948082724	-0.23606344356453013
PF3D7_1446300	0.42972532489503795	0.16390373588246335	0.25507256472209133	0.29825864014470366	0.4531305977130356	0.12342569269521411	0.13685978169605373	0.07651211074114833	-0.7525070687463131
PF3D7_1126200	0.9492696135028108	1.4053340881270486	1.027743869222833	0.463801770851088	0.8272511885923152	0.04487179487179487	0.057692307692307696	-0.19849244325256504	0.11459095808663276
PF3D7_1109900	0.7899664518613556	0.7893382730120911	0.48788738813894866	0.4155007658385413	0.7222491853094848	0.017857142857142856	0.017857142857142856	-0.12929471505980528	-0.6952431963419838
PF3D7_0628200	0.20989610723061777	0.37891429267845533	0.6067342002560941	0.5265094474901961	0.293542395853331	0.14095052083333334	0.16178385416666666	0.4838934740871955	1.5313892247631609
PF3D7_0729500	0.37139817782902074	0.4032535827271535	0.444217534667632	0.5842470019609963	0.41662432315028275	0.1368421052631579	0.1513157894736842	0.16578033145536367	0.2582996046606258
PF3D7_1224300	0.5533861956102347	1.0539130611675633	0.6778112865394355	0.752014979919284	0.8090689312031941	0.12914285714285714	0.14971428571428572	0.5479759669654869	0.2925970040606317
PF3D7_0706500	0.533575007318195	0.6869887888777954	0.7805706407416965	1.0942980284581671	0.6294212428134486	0.2825322391559203	0.32297772567409144	0.2383347778713987	0.5488381081543843
PF3D7_0527400	0.3316055159197821	0.49101670206164993	0.857212941415239	0.4963007728306925	0.14108855246012766	0.12	0.13714285714285715	-1.2328670684471286	1.3701856258713245
PF3D7_1404500	1.024128762272208	0.9722014056349844	0.4838992118994231	0.27816140921623067	0.29982730862877166	0.08974358974358974	0.10042735042735043	-1.7721934179973287	-1.0816186200752065
PF3D7_1130200	0.4488491278294213	0.8333551009759751	0.7072009917384564	0.49154854963618677	0.9537252862161208	0.03164556962025317	0.0379746835443038	1.087343176310153	0.6558897061690132
PF3D7_1309100	1.0506990282723017	1.153037834996139	0.9275787524731423	0.7564277083831785	0.8929992209070657	0.018518518518518517	0.037037037037037035	-0.2346186480812246	-0.17980779140053244
PF3D7_0820300	0.4622639583162302	0.3861511867055607	0.6435473921691618	0.7808772744102142	0.22535615602692322	0.18923327895595432	0.20228384991843393	-1.0365100227450152	0.4773295121602301
PF3D7_0422400	1.5887052559965513	1.4317051375569887	1.0533522810358242	1.1803830867690746	1.9374676023473891	0.052941176470588235	0.07647058823529412	0.2863206923450519	-0.5928634848885684
PF3D7_1442300	1.486436512209116	1.6292338443561825	1.5212064862952965	2.074598643530245	1.4333176284162525	0.06467661691542288	0.08706467661691543	-0.05249949351580497	0.03335815059318421
PF3D7_1209400	2.2611406680624704	0.8611248957284848	1.1173341308961142	0.9710109490521248	1.365704138967849	0.12247474747474747	0.14772727272727273	-0.7274057691119457	-1.0169900684111939
PF3D7_1303800	0.35448691518272324	0.3054980131318308	0.3649602961720938	0.6545312324893687	0.32910739970193087	0.15165570057167513	0.16966885988566496	-0.10717391109697166	0.042007146833665424
PF3D7_1404800	0.4002441275882328	0.39537363009559057	0.49747404696691705	0.2440961885610433	0.5285090094068793	0.12368972746331237	0.14255765199161424	0.4010478296373259	0.313741027196958
PF3D7_1217200	0.38677269756884847	0.5293495991387297	0.5802724272856714	0.48599828100602094	0.1525432444083672	0.128686327077748	0.15192135835567472	-1.3422676684629593	0.5852444201849751
PF3D7_1030000	0.18525310920750973	0.3319577421625604	0.41407548194275434	0.3737016733189517	0.11703680010585918	0.05263157894736842	0.06015037593984962	-0.6625355257853822	1.1603960247061933
PF3D7_0722600	0.6235038352680503	0.7456946308953178	0.6882611096158575	0.7028404468193288	0.7449632412965294	0.10631229235880399	0.12624584717607973	0.2567708061425174	0.14255755805235623
PF3D7_0317300	0.20375178222335266	0.3252370044966711	0.7237192566678771	0.6593073967022873	0.17486141159865276	0.18444313494401884	0.20624631703005303	-0.2206007281329574	1.8286174805417212
PF3D7_1468100	0.2728505191065812	0.48397162738811983	0.73631155475765	0.8747778873708316	0.9829232538394027	0.16810007818608289	0.18842845973416733	1.848967987564095	1.432205553064313
PF3D7_1405800	0.48716698747120174	0.8304882647615022	0.8311109182280851	0.5927915062090684	0.2712704850755231	0.10662525879917184	0.11801242236024845	-0.8446842861021111	0.7706246553992171
PF3D7_0807100	0.22149650364433565	0.308671817544422	0.457509366387764	0.7669878675145566	0.19327665873275632	0.13777441332323997	0.1642694928084784	-0.196616506378523	1.0465173535576466
PF3D7_0817900	0.7049717543151127	0.41337093725298163	0.5824850593050613	0.27898738592630734	0.5835685727479314	0.010101010101010102	0.020202020202020204	-0.27266326399668445	-0.2753444098337185
PF3D7_1341300	1.8758425409525423	2.360484846022944	1.603716100702278	1.0521309358300743	1.7637354107031762	0.0374331550802139	0.0427807486631016	-0.08890458331740558	-0.22611996248235713
PF3D7_0606600	0.5250711008224612	0.8591116136767559	1.1142177839904426	1.1417372085225594	0.47044676315412837	0.1748135874067937	0.20091135045567524	-0.15848132046145902	1.0854465490445226
PF3D7_0409800	0.9288337591411177	0.8070268960361197	0.7334122406480883	0.927847575101182	0.8491752495065525	0.1565217391304348	0.1826086956521739	-0.1293580866278731	-0.34079606413457875
PF3D7_1405000	0.5293980171667435	0.6031098500048628	0.7359355275917804	1.0045970980810626	0.1400653364168578	0.10932944606413994	0.1239067055393586	-1.9182528317306056	0.4752265916944678
PF3D7_0914700	2.164012260431868	2.146129048725591	3.469904963536595	3.1296606137354637	1.5511508210660017	0.07364341085271318	0.08527131782945736	-0.4803697040058127	0.6811874767640919
PF3D7_1216400	0.16970489478722428	0.2535745804069812	0.4521113238317087	0.5210953525746805	0.22659413020720226	0.08360477741585233	0.09554831704668838	0.4170823124035609	1.413649875612171
PF3D7_1012900	0.4750918398422994	0.5075755461842526	0.43092895760274097	0.6564697903140015	0.6863854220432579	0.09736842105263158	0.10526315789473684	0.5308124848565242	-0.1407563792349924
PF3D7_0507600	0.43051155357295096	0.4147505356883625	0.8024243458445157	1.0151108620281988	0.935484835561379	0.200920245398773	0.24233128834355827	1.1196623116865672	0.8983134229742326
PF3D7_0220200	0.7730816365149598	1.0339449568454882	1.150843941906626	0.34690018970706904	0.18808302390379858	0.05555555555555555	0.06666666666666667	-2.039251129888619	0.5739995384909872
PF3D7_0629900	0.5054731883772227	0.642418220900809	0.6957477803397818	0.6834405119647062	0.3173505858078318	0.10060975609756098	0.10365853658536585	-0.6715570640902728	0.46092983106949126
PF3D7_1223300	0.32305455320099796	0.2309761675602443	0.43197399519797647	0.43763239929597253	0.30247716271983893	0.13747954173486088	0.14648117839607203	-0.09495158703153633	0.4191666560282067
PF3D7_0304200	0.8117805676268848	0.4907779467603586	0.7518026810084082	0.8862624944213323	0.5282252447125099	0.0375234521575985	0.0375234521575985	-0.6199365534583121	-0.11073574507434893
PF3D7_0716200	0.3147779984136894	0.40954338087563663	0.49663081519880203	0.41367687043211526	0.42115948331237096	0.19110576923076922	0.21875	0.42003194546984085	0.6578390749770574
PF3D7_0821100	0.21793188767119775	0.21524298309210912	0.3582822150617864	0.2389906981830836	0.23931311814230083	0.14923747276688454	0.1655773420479303	0.1350221753148749	0.7172191244874175
PF3D7_0403700	0.32630380891968	0.5032242924002563	0.6018035884042348	0.5465869982972543	0.2625821066016904	0.09230769230769231	0.10384615384615385	-0.3134472194465054	0.8830768811283294
PF3D7_0401800	7.4531903621701865	6.83137806909483	8.174120949503697	6.016319397839978	2.216516112829577	0.039285714285714285	0.048214285714285716	-1.7495642579240143	0.13320548250240025
PF3D7_1140700	0.28897587798161084	0.5668903627438416	0.6609964184387932	0.6232511486376076	0.16313348299356553	0.21714285714285714	0.23692307692307693	-0.8248961457576167	1.1936933846188547
PF3D7_1019000	0.572975529636001	0.6371706144264143	0.9770117276295696	1.0947758916727552	0.4308658001619658	0.17214137214137215	0.21205821205821207	-0.41123493684478923	0.7699023534195991
PF3D7_0708800	1.7907085305348338	3.0412711889611637	1.7349912129492524	2.0406499059222982	1.9052456825443636	0.09621993127147767	0.10652920962199312	0.08944651376883851	-0.04560217617741933
PF3D7_0911900	2.5985384277995878	2.006015057919839	1.8153208313300881	3.31189037476749	1.965828250939056	0.15980629539951574	0.18886198547215496	-0.4025631112310746	-0.5174758481358559
PF3D7_1329000	0.14241624472900286	0.24161800119221308	0.3129428570831027	0.23721316448870824	0.1641041901840036	0.12436332767402376	0.14898132427843802	0.20449835973323893	1.1357855302575766
PF3D7_0806500	0.5308325515015325	0.30551479385578595	0.488002541384828	0.5841132917590691	0.9936317126893316	0.10962962962962963	0.13333333333333333	0.904454377471072	-0.12136818081727645
PF3D7_1103100	0.5194404962994656	0.6454704453230034	0.5443855180351035	0.2506457397506548	0.5353504225941611	0.025423728813559324	0.0423728813559322	0.043525048039633286	0.06767019529083029
PF3D7_1408600	1.1000659146592655	1.376394170823629	0.9102989679101899	0.78409143945719	0.8706119173722013	0.03669724770642202	0.06422018348623854	-0.3374882972281941	-0.2731776208567769
PF3D7_0624000	2.0056431648276676	1.7834056512171474	2.0668531468816522	1.8630407163793756	2.7207413856115976	0.05273833671399594	0.05273833671399594	0.43993487988942465	0.043370935834852166
PF3D7_0807600	0.6884253232645391	0.6964054660340305	0.6369334421924525	0.7426279377711758	0.4436497160820999	0.164167916041979	0.19415292353823088	-0.6338791217003233	-0.11215754426430033
PF3D7_0403800	1.0552774883813554	0.3841198190380255	1.246763321482299	0.7181935272278273	0.6748554941196979	0.14577656675749318	0.17302452316076294	-0.6449718917694633	0.2405652082619356
PF3D7_1104100	0.6562866468003752	0.5084542155998535	0.5776831491074885	0.7627217880093222	0.4831074481829403	0.14121037463976946	0.1440922190201729	-0.44198198415021533	-0.18404766727625804
PF3D7_1253000	0.3845511501644545	1.1308851409085348	1.8110176309393855	2.248275988565575	0.3027936944587618	0.1300639658848614	0.13859275053304904	-0.34484034546239045	2.2355531787944103
PF3D7_0403400	0.1673988156994982	0.22571243469456412	0.30527152643770716	0.30787293324816417	0.13656127080283706	0.16	0.1837908496732026	-0.29374093237761867	0.8668037102070132
PF3D7_1445100	0.9727776821572359	0.8583471328346465	1.2791797711826822	1.875497969178675	1.4071733167787033	0.11837455830388692	0.1333922261484099	0.5326179959827312	0.39503699407549964
PF3D7_0924400	0.7628212264829258	0.4729068371762443	0.6526350269151242	0.783808685769366	0.8820133305060329	0.21365461847389558	0.2570281124497992	0.20945547138570278	-0.22506857012097026
PF3D7_0507100	0.7298286639648552	1.0013459853083708	0.9802468599805502	0.6501458827076733	0.9117280051219859	0.0413625304136253	0.0681265206812652	0.32104567707733367	0.425587301599764
PF3D7_0611800	0.8371861321712325	0.5499529732653422	0.7396928154715526	1.1377198232208248	0.5795806550839304	0.26939655172413796	0.31988916256157635	-0.5305389715856534	-0.17862215065598774
PF3D7_1340900	1.1587617777084662	0.7099758930764171	1.734128259243492	1.1213375602236058	0.8612951613454165	0.07714701601164484	0.12372634643377002	-0.4280043710334998	0.5816266042800649
PF3D7_1007900	1.430802642979218	1.718228345225644	1.5370631769426863	2.3157242677156433	3.748898887332275	0.09392265193370165	0.1141804788213628	1.3896422263982846	0.10335177604070928
PF3D7_1417600	0.2706998738508781	0.5193263542383871	0.5874797051024118	0.6623635237732027	0.2834547722777286	0.18725868725868725	0.2175032175032175	0.06642434350314919	1.117844798387293
PF3D7_1118600	0.965107584913791	1.3229621367480537	1.7809022314787717	0.9336788209963005	1.1270904026629922	0.13486842105263158	0.1513157894736842	0.22384155690128898	0.883846636886574
PF3D7_1216200	2.8713991126045237	1.6401522333809104	1.5815721119555155	2.1536386114061195	2.2699858862838016	0.07629427792915532	0.09809264305177112	-0.33907054559092636	-0.8603945359333492
PF3D7_0904000	0.8082465367445103	1.3980223876580071	1.3028000406340718	1.6521770311623274	0.559627735274311	0.06807511737089202	0.07746478873239436	-0.5303279560010347	0.688748344170391
PF3D7_0803500	1.2027796642867763	0.42876293049322034	0.7337022139191075	0.93321362431266	1.3568198514066092	0.16155419222903886	0.18677573278800272	0.17385680179551508	-0.7131058376473767
PF3D7_0617200	1.821441938790053	1.7793263836628244	1.3586747610429553	2.5658306641264534	0.987399070008168	0.06502242152466367	0.09641255605381166	-0.8833758163571914	-0.42288086199282277
PF3D7_0517400	1.0338918794477694	1.111686130181551	1.2809629338367412	2.019153608546424	0.5474744758145286	0.07800175284837861	0.08676599474145487	-0.9172217113678195	0.30914340833157283
PF3D7_1114200	0.29951712366705663	0.3153296402114768	0.42584061266439427	0.2944811251878691	0.20125546509256292	0.06970509383378017	0.08310991957104558	-0.5736105254168623	0.5076750614455039
PF3D7_1416100	1.3511625606881592	1.0888229325588947	2.225772961070654	3.7651341040221755	1.4218238777867265	0.12273212379935966	0.13874066168623267	0.07354151026349229	0.7201051805284653
PF3D7_0629700	0.2024441347869554	0.4771455730686176	0.5881038751435628	0.8759222264421445	0.19928024022429447	0.17829112986820672	0.20316896194284023	-0.02272518004478062	1.5385471509127364
PF3D7_1033100	0.2887242700942179	0.5300663887135061	0.6220028604585764	0.5952136605502257	0.4060051830667248	0.1297071129707113	0.14574616457461645	0.4918057597121208	1.107228829741141
PF3D7_1346100	1.0810558870581568	0.7333492907182815	1.1336721297414698	1.2902915998155051	4.221028783633389	0.025423728813559324	0.03177966101694915	1.9651535595947645	0.06856234995109876
PF3D7_1342000	2.522870279556096	3.8953406398825567	2.1849514192608175	1.963909108275397	1.6778703149674163	0.05555555555555555	0.08169934640522876	-0.5884348159210252	-0.20746482516219686
PF3D7_1145100	2.035644973709624	1.960555280467264	3.5567934449367473	6.1624270210786785	3.723806573675633	0.1198501872659176	0.14794007490636704	0.8712921662998021	0.8050912242496295
PF3D7_1203500	0.7750902933225576	0.9899266710754867	0.9551968503883492	0.8263479233236205	0.24909898142154732	0.10431654676258993	0.1223021582733813	-1.6376452630701308	0.3014336941428998
PF3D7_1358200	0.3247033317013193	0.35560458867948513	0.5418428463606906	0.7408241674676709	0.1565201354760016	0.15476190476190477	0.17731829573934837	-1.0527739237636724	0.7387522916872078
PF3D7_0619800	0.25266441168598414	0.1679366050566118	0.29434899414995	0.3077215725150665	0.2271961400279012	0.13280632411067195	0.15059288537549406	-0.1532841477247127	0.2203052257180121
PF3D7_1473900	0.3112478207676305	0.41083055013658926	0.416828553552754	0.365029461733533	0.228810899525469	0.22065727699530516	0.25821596244131456	-0.44390795876702616	0.4213903723255465
PF3D7_1011800	1.9240808764314878	2.338125848407529	1.5297945033437423	2.702518859475892	0.5474780410236233	0.14749780509218613	0.1791044776119403	-1.8132964368797206	-0.3308315730266622
PF3D7_1347700	0.5025921945440339	0.6622601990614249	0.9783867679726492	0.9970630792105778	0.7008856178135695	0.1256544502617801	0.14659685863874344	0.47979075467788257	0.961016626743909
PF3D7_1114700	0.2296952010274163	0.28764733683821614	0.42332955855427007	0.405200272984895	0.283915185488381	0.0844062947067239	0.10014306151645208	0.3057393000042835	0.8820605117692399
PF3D7_1110900	0.2084879838118367	0.255587911664551	0.29187245346902474	0.42156950438008406	0.23547487400581638	0.12607944732297063	0.15198618307426598	0.17560889098080146	0.4853738211872106
PF3D7_1326700	0.5300838062732695	0.42156286347667704	0.4316300072900811	0.8202692447282258	0.628116094042878	0.1863468634686347	0.2011070110701107	0.24481076772470292	-0.2964253021431708
PF3D7_0904600	0.7702667673416895	0.700354004353633	0.7811732157695916	1.0968992998799085	0.9435890752801973	0.20282485875706216	0.24858757062146894	0.29280053286782143	0.020284301601932894
PF3D7_1460100	0.6534671730756981	0.203684656763017	0.6577088397848887	0.46528028962600515	0.9055707615726939	0.11692307692307692	0.12923076923076923	0.4707126141524617	0.009334296560895903
PF3D7_1123000	0.14689540428243406	0.22640887053823308	0.35609241531825486	0.1369352569233621	0.09278481459175981	0.18646128901499798	0.21524118362383463	-0.6628286464567754	1.27746244602073
PF3D7_1401600	1.702739340612185	0.7377583742867134	2.01980051363492	1.206969214892585	4.119855365832297	0.07322175732217573	0.08158995815899582	1.27473608943014	0.24635521095826773
PF3D7_1123100	0.3015688412454588	0.7111092754027385	0.9560416542187314	0.9737287692723406	0.3707216744007249	0.12538631346578366	0.14260485651214128	0.2978490915146193	1.664586103130636
PF3D7_1405900	0.809010104537709	0.9986621276606269	0.838105531948068	1.2450474624584198	0.3255656198438974	0.1532912533814247	0.18665464382326422	-1.3132093648706666	0.050974193530634954
PF3D7_1110500	1.4033980326175026	0.630351506028842	0.7303971972586025	1.6562608729780697	0.7211897115527717	0.1419047619047619	0.16095238095238096	-0.9604735244210753	-0.942171110638775
PF3D7_0629100	1.0689676314032766	1.5317510009528796	1.1902092417206296	2.635743108479744	1.0441354517660615	0.09323308270676692	0.10526315789473684	-0.03390928911606019	0.15499705660979501
PF3D7_1105400	1.201756361105853	1.4342522918016467	1.1349748773883688	0.9706876334704602	1.5403878141497611	0.04980842911877394	0.05363984674329502	0.3581491753476712	-0.08248407604460002
PF3D7_1455500	0.7036452948753127	0.49099857095223753	0.7934424004050963	1.1830295492413965	0.9811236331722615	0.14338575393154487	0.15356151711378355	0.4795865899280345	0.1732771404668613
PF3D7_1013500	0.3070027719759374	0.2990230060624721	0.44417890144172184	0.5485760812181685	0.3027413095061789	0.13429602888086642	0.15018050541516245	-0.020166135471294644	0.5328891843286494
PF3D7_0524100	0.17389837865512284	0.2570830630957983	0.40943652768245076	0.25072033625478246	0.10706086846168208	0.13837489943684633	0.15526950925181013	-0.6998132209737923	1.2353953357334158
PF3D7_0524000	0.4415074219220745	0.6989172341493775	0.5181371861674089	0.6545685146417661	0.7767365662926469	0.06500445235975066	0.07390917186108638	0.8149876946852208	0.23089643765056872
PF3D7_0410000	0.16292278806863986	0.12947264871565636	0.5135791072594486	0.2391805027970811	0.3801931264178703	0.08763505402160865	0.11284513805522209	1.2225440412223405	1.656398105609299
PF3D7_1468700	1.3417060251581816	2.206155818607184	1.7208052131565532	1.1278703074998784	0.7463603636202994	0.020100502512562814	0.03015075376884422	-0.8461243268444375	0.3590151964087992
PF3D7_0420000	0.17638567408629682	0.34076462165472476	0.4629704651953336	0.4278499954449915	0.12266788324834563	0.18635014836795252	0.21246290801186943	-0.5239758172017424	1.3921867698936483
PF3D7_1146600	2.8104012383133834	0.7476534348309324	1.3270058829393667	1.3027277335581477	1.4598771303115157	0.2490392006149116	0.2843966179861645	-0.9449291667038636	-1.0826013508106862
PF3D7_1309300	0.30178102277270824	0.49922229094202997	0.5700771895821285	0.5770466879633868	0.38908104190701787	0.14285714285714285	0.15796703296703296	0.3665686001241792	0.9176551901322239
PF3D7_1123300	0.952109403089784	0.7381876540629885	1.0998255160028891	1.4276169797434635	0.9859056756759506	0.18287373004354138	0.20174165457184326	0.050322269194157554	0.20807540019423948
PF3D7_0305300	0.6379186016449166	0.5422831942356803	0.7453228784751786	1.0440210268782057	1.272467480410854	0.16213389121338911	0.18305439330543932	0.9961845337009064	0.22449319741241544
PF3D7_1318800	1.4330892545272242	1.0656779337436595	1.4845848938931574	1.4970194326430155	1.3242238188745288	0.055299539170506916	0.05683563748079877	-0.11398147967889573	0.05093112897900755
PF3D7_1211400	0.768962741503033	1.3197919434610066	1.211133340010739	0.8370717315436047	0.821735570113811	0.06557377049180328	0.0860655737704918	0.09576052035470968	0.6553721054340438
PF3D7_1205500	0.6429198191344611	0.7074135279231923	1.4667301107814685	0.9211900340478993	0.4461161575171997	0.24705882352941178	0.29635854341736695	-0.5272194241811876	1.1898926986983969
PF3D7_0220000	0.5916977334262536	1.0788078978193403	1.353970861997451	1.2403527276887605	0.6668110063836274	0.06033376123234917	0.06675224646983312	0.1724175489768279	1.1942644180805704
PF3D7_1208100	0.25835945069123817	0.28953236082243283	0.45113142876261114	0.5073123429882082	0.21940891796263334	0.13090176773327367	0.14589393600358022	-0.2357574921224337	0.8041681391519071
PF3D7_1338300	1.155184531756867	1.3018851995427034	0.9896275811563537	1.0881832300781806	2.0677744744821394	0.0827250608272506	0.10462287104622871	0.8399555147425434	-0.2231657151364168
PF3D7_1213900	0.3277859791807105	0.45814287694834716	0.714657378742098	0.7501627282364158	0.31510080133714885	0.11345646437994723	0.12401055408970976	-0.05694072217376811	1.1244976048686501
PF3D7_1021800	1.5598852188129604	0.973687371474727	1.3706740487024862	1.0769588815333357	0.9839128423417262	0.13211186113789777	0.16345226615236258	-0.6648374465103357	-0.18655434127170767
PF3D7_1248200	0.4634241784625512	0.4715436088409252	0.4950975125500876	0.6598327873570109	0.6238795607496932	0.12044817927170869	0.12605042016806722	0.42893422868593156	0.09537938436551029
PF3D7_0929200	0.6076470852073642	0.9238882132795061	0.9818692500396378	0.9386062622558221	0.6871823815474978	0.1522491349480969	0.17993079584775087	0.1774593827783803	0.6922972564437726
PF3D7_1364200	0.32826038896134174	0.37926197038835635	0.5456162672741417	0.698342263191543	0.250138971157674	0.2277992277992278	0.25537782680639826	-0.39211082696130534	0.733045987199864
PF3D7_0323500	0.8609022714068166	0.7280377283507136	0.5550532459680511	0.701948526787684	0.6732084403389704	0.09841269841269841	0.09841269841269841	-0.35479620936163875	-0.6332232988232916
PF3D7_1122800	0.2526136336500505	0.24974609859325245	0.4351414101843197	0.4007265056929036	0.20810414800684338	0.12739641311069883	0.14842300556586271	-0.2796267823277434	0.7845518133212834
PF3D7_0107500	0.35410796290544627	0.5907573935553674	0.7280762526801513	0.5030863581887788	0.21281806222378485	0.0945578231292517	0.1054421768707483	-0.7345686863326177	1.0399002679720248
PF3D7_0509800	0.3232758916758676	0.3209391448171772	0.4317456608388831	0.3438036635807843	0.4357531153657215	0.13919178960872355	0.15907633098139834	0.4307450563831169	0.41741575596671415
PF3D7_0302000	0.5776775340758231	0.8517058707434589	1.0677422935650585	0.7583808223637428	0.7090430498860512	0.115	0.12333333333333334	0.2956088347929321	0.8862271910000759
PF3D7_1310400	0.30067931165369793	0.2938906658106	0.37017271483488956	0.4011215864960857	0.19717972968601752	0.14889867841409693	0.18590308370044054	-0.6087143576359142	0.2999729529268899
PF3D7_1211900	1.6375438749029203	1.1602876258225725	2.034069552882628	1.9227497088198713	2.8907370232775373	0.07199367088607594	0.07990506329113924	0.8199038081712811	0.31283545002461655
PF3D7_0610800	0.6167744712868928	0.9272618875924669	0.7113065561002878	0.6860481800772493	0.2709436193558997	0.06994047619047619	0.08035714285714286	-1.186750379892016	0.2057284085338857
PF3D7_1119900	0.28547174704134604	0.3500933043803435	0.6148259720824033	1.064852750201844	0.5197709812919753	0.19325328759291024	0.21326472269868496	0.8645281206527042	1.1068301400209866
PF3D7_0605100	0.5545047385761671	0.6055406894916426	0.5941561211243811	0.8564374781209017	0.4195382338699261	0.15364238410596026	0.1695364238410596	-0.40239749503546174	0.09964227585977901
PF3D7_1410600	0.45795790354166943	0.6408684229710178	0.6345733998502104	0.5053528514446394	0.7347488087613914	0.04086021505376344	0.04946236559139785	0.6820361260160697	0.47057205856048234
PF3D7_0813300	1.0684145731454677	1.7254976893011986	0.874402270628176	0.6219476169123291	0.8797841141603424	0.047619047619047616	0.06984126984126984	-0.2802501029969845	-0.289102507055251
PF3D7_1325100	0.5843537526811543	0.6695094590552602	0.8835864636691783	0.6770442980795272	1.7040224753309712	0.06636155606407322	0.07322654462242563	1.5440304551946296	0.5965293132082017
PF3D7_1136400	0.899482842449986	0.8623422415165657	0.6833981529481483	0.9021539666714156	0.5318943912176486	0.17494356659142213	0.1873589164785553	-0.7579559385298593	-0.3963694139342567
PF3D7_0629500	2.4587140300782497	1.2613557269822464	1.4556520294427842	2.1119268801241913	2.554234677722257	0.10066006600660066	0.1188118811881188	0.05498713626887257	-0.7562384231200555
PF3D7_1238900	3.1689270785114587	0.5150719644372778	1.8039075897051875	1.7734996924116029	2.5635570063597966	0.09037328094302555	0.09823182711198428	-0.3058474820443279	-0.8128690273200654
PF3D7_0206500	0.41591432486397734	0.5331630487239425	0.8889481404555717	0.7156875059570307	0.4562900901895764	0.21866295264623956	0.26880222841225626	0.13366494640546206	1.0958128824799616
PF3D7_0826100	0.2011809346312952	0.45205172772081664	0.46046037284804614	0.7694805616278894	0.2823532439985434	0.1772785473169596	0.20952159236410198	0.48900761540751403	1.194583412190358
PF3D7_0523000	0.4086632256643018	0.5754817016276715	0.7460770277857525	0.6343323282836915	0.4382125502755853	0.09090909090909091	0.102184637068358	0.10071837772266942	0.8684121618587035
PF3D7_1002200	0.4917705239783428	0.8414539316866017	0.8383272119301276	0.8750851498201907	0.15645261625305357	0.10010214504596528	0.11440245148110317	-1.6522594804384008	0.7695281953344781
PF3D7_0106700	0.3600108367015247	0.6448916180329317	1.0657290337051082	0.8612521227781127	0.25086009257398456	0.10320781032078104	0.12761506276150628	-0.5211573522249825	1.565728434214396
PF3D7_1018700	0.3409415900783547	0.24928909163893836	0.4315311465566084	0.2814470976288765	0.27880311768398264	0.1421647819063005	0.16639741518578352	-0.29027790464618053	0.3399400936233431
PF3D7_1315000	0.6672915567395584	0.6098402195434808	0.6398052102969232	0.6320486946053354	0.2713529175886869	0.08878504672897196	0.09345794392523364	-1.2981468288699771	-0.06068450831612815
PF3D7_1017600	0.39246336172239804	0.9778738721449308	0.9101446401211458	0.8545858824741076	0.18735686058773682	0.16992790937178168	0.18949536560247168	-1.066769171119124	1.2135378585161964
PF3D7_1457900	0.30908220918896734	0.31384556184090107	0.47977923992103244	0.6227434083739611	0.47545453618047057	0.14356005788712012	0.1658465991316932	0.6213167797044388	0.6343801185964175
PF3D7_1459200	0.2245350930971133	0.47915076936421713	0.5190831316092246	0.44531679320210144	0.23233038538803935	0.18219895287958116	0.19790575916230366	0.049236905064004806	1.2090246612789903
PF3D7_0818500	1.1097758848172	0.7580938955195395	0.5803966663766843	0.7686397079938615	0.3894908575015847	0.11518324607329843	0.14659685863874344	-1.510606989508176	-0.9351572208642602
PF3D7_0819000	0.23635928149991595	0.3779249419610123	0.4233618663670507	0.3855590463087772	0.212156554581148	0.12642802741812642	0.1447067783701447	-0.15585226702424562	0.8409098083488382
PF3D7_0804900	1.3970944432737225	0.7649346230291545	1.1073757789638838	2.0389046766488828	2.569571994377379	0.20162932790224034	0.2240325865580448	0.8790985242924633	-0.3352846778762084
PF3D7_1414200	1.1156637351045993	0.5413929711063539	0.7326087090463156	1.0448454178722182	0.8542266509103856	0.21867321867321868	0.23587223587223588	-0.38521144516894235	-0.6067875028118372
PF3D7_0822600	0.8045835377458466	1.08155469046821	2.1447665403389577	2.171412222539092	0.5825114155260269	0.05006587615283267	0.05533596837944664	-0.4659558972112668	1.414506492703597
PF3D7_0207100	1.1667477114517983	0.5769056848086298	0.6279677771473193	0.5048549345661405	0.5837582686610182	0.12722063037249284	0.1472779369627507	-0.9990496523167924	-0.8937302002413252
PF3D7_0721000	0.1716556408721202	0.21587056461904525	0.3868260454708968	0.35815058414371	0.26456005988559944	0.14050303555941024	0.15466897947383637	0.6240780099253527	1.1721676692236445
PF3D7_0627300	0.5268447449400366	0.45386583082821114	0.612383251393097	0.5094651354428283	0.9191916486422105	0.15812917594654788	0.18930957683741648	0.80298781144065	0.21705694691354166
PF3D7_1364400	0.33905255221095437	0.428536947634995	0.7055602264462882	0.691796362610251	0.20392107231321896	0.18652373660030627	0.20214395099540583	-0.7334980395835832	1.0572603317228295
PF3D7_0814000	1.4618129058939175	2.19788682298228	1.314331586195328	1.2378279186895536	0.9156989410353626	0.046511627906976744	0.07441860465116279	-0.674813416594596	-0.15342938389697924
PF3D7_0622800	0.6638280437224476	0.8403232224468101	0.9684749996108962	1.199126654061469	1.274135679585277	0.11748445058742225	0.1409813407049067	0.9406374316981627	0.5449052292957768
PF3D7_1143800	0.2094420064266704	0.20701686653344692	0.41289756227332186	0.4287244082549619	0.31335861707259016	0.08898776418242492	0.09454949944382647	0.5812638431636726	0.9792330776501174
PF3D7_1034900	1.2421668786414835	1.591262227423904	1.25601518643692	1.8813368196034224	3.4899782911947685	0.08211473565804274	0.0922384701912261	1.4903590572953	0.015994902778669013
PF3D7_1203900	2.3419470375252995	1.5738800623105447	2.449414852553688	1.4363065835730244	3.835959969248736	0.04081632653061224	0.047619047619047616	0.7118792149034686	0.06472869094010639
PF3D7_0723400	0.38968941514383065	0.7256205041256778	0.7547821921951867	0.6933890982580678	0.42883354841800264	0.18354430379746836	0.20745428973277075	0.13809302969179277	0.9537356402581475
PF3D7_1118300	0.5542236715612308	0.7590379339061227	0.8420888347436817	0.8760094220531784	0.49835514488224913	0.1028225806451613	0.12298387096774194	-0.15329410886090933	0.6035041046241598
PF3D7_1133100	0.27097359897113427	0.39165335858245837	0.41029351344531484	0.47466147082337445	0.21972319991555003	0.11825922421948912	0.14285714285714285	-0.3024650886112688	0.5985040497855998
PF3D7_0509400	0.2969678572246229	0.512662799286008	0.6313773496512974	0.5885971486533645	0.23070966359051126	0.11702127659574468	0.13074811256005492	-0.36422835260089736	1.0881957184646722
PF3D7_0930400	0.34995184120430234	0.49796505869010244	0.587606073241936	0.26217065525303546	0.09397554692769627	0.17704918032786884	0.2010928961748634	-1.8967990867885196	0.7476929085167932
PF3D7_1230900	0.2876239473808525	0.48410308972746147	0.5113762002212512	0.3459885256889732	0.22458787475802078	0.10245464247598719	0.12273212379935966	-0.3569037582299217	0.8302012195636537
PF3D7_1342600	3.8862291851996638	0.7514974499067737	1.8944636802610706	1.1830022805414777	2.9514650882208433	0.0488997555012225	0.06723716381418093	-0.39693970766905096	-1.0365815029920973
PF3D7_0714000	3.2970314743165803	1.0710956817714137	1.1904594881113144	0.9913285280091576	4.683068604474731	0.024390243902439025	0.032520325203252036	0.5062865134953891	-1.4696491335526105
PF3D7_1206700	0.38203070190168786	0.5686583796737408	0.43659900308623106	0.5338048947263695	0.33386784147590737	0.1256637168141593	0.1433628318584071	-0.1944114470310758	0.1926202510133502
PF3D7_0204200	2.5084790084942887	1.1563794361144457	1.3444352091848826	1.3745217902222011	1.1276545660623665	0.06884057971014493	0.09420289855072464	-1.1534876701004348	-0.899812634614171
PF3D7_1121100	0.4853153075375301	0.8633336883599161	0.9440614783786105	1.0835229718873935	0.575719318276879	0.15414507772020725	0.16774611398963732	0.24644325725609986	0.9599584471403118
PF3D7_1218500	0.7779606054309102	0.873934320793657	1.415183304193144	1.5556894871565081	1.257089289472154	0.10461828463713478	0.11687087653157399	0.6923181196017711	0.8632199262498415
PF3D7_1465900	1.2527395666061172	1.3398813765286424	1.0709615236885932	0.8615681892201089	0.6374847605415863	0.02262443438914027	0.027149321266968326	-0.9746237633870612	-0.22617987290617012
PF3D7_1012400	1.582850889094782	1.4451550646541163	1.1548666203602602	0.6805874071416759	2.306854516420327	0.04329004329004329	0.05194805194805195	0.5434016679872755	-0.4547991149161425
PF3D7_1110200	0.13082606562199722	0.2102406387929216	0.282513380951456	0.23978711907800757	0.14661493488315822	0.09480812641083522	0.10609480812641084	0.16438206038986392	1.1106691906576929
PF3D7_1115400	1.8528544677651075	1.1273400709118067	1.902607750181286	2.4740433513642213	1.7811482623407258	0.07113821138211382	0.08739837398373984	-0.05694195848768119	0.03822859053256567
PF3D7_0621900	1.2197738092272985	0.9057373894329475	1.1416929747872449	1.9549096521321456	2.254511309468373	0.13144329896907217	0.1559278350515464	0.8862011030391199	-0.09543891218030758
PF3D7_0710600	0.6312101667498915	0.905285020504291	0.6892721601843881	0.338161376578041	0.6238129682137997	0.04	0.04666666666666667	-0.017006898009666826	0.12695330312386935
PF3D7_1444800	1.5390274391966285	0.8845433180764395	0.806231327900503	0.802664027038632	1.6077580441509112	0.032520325203252036	0.051490514905149054	0.06303135419081403	-0.9327532050936072
PF3D7_0801500	0.40804952315564275	0.48365999926629893	0.6008154051710917	0.5863841742353187	0.2551304423142904	0.10746812386156648	0.11839708561020036	-0.6775092038715538	0.5581775483585795
PF3D7_1124800	0.6995244072836756	0.5788283389393116	0.3771259874220211	0.33382343711966794	0.3867168341284443	0.06504065040650407	0.08536585365853659	-0.855096828118555	-0.8913278269483768
PF3D7_0929400	6.253413970481622	2.459346120900988	3.0567358928511084	2.8899678911378186	8.817255693368248	0.06386066763425254	0.08780841799709724	0.49568567177236444	-1.032652119228789
PF3D7_1113400	2.639591646797121	1.8387439443609819	2.2528745492771174	2.394338531509307	2.4701386243776375	0.15721649484536082	0.211340206185567	-0.09572274910242509	-0.22854777762710862
PF3D7_0317200	1.385574635851587	0.8622756153673778	1.0116627964490985	1.1092125408708078	2.693853010729886	0.13264649066323245	0.15003219575016097	0.9591867070998349	-0.45375592903623213
PF3D7_0501100	0.64916260466713	0.6726152522880793	1.1782384072731296	0.748499285762601	0.8554317519891448	0.05721393034825871	0.06716417910447761	0.39807286316815826	0.8599796864677499
PF3D7_1104200	0.30905979843692266	0.4140893405060032	0.5532891905541735	0.7649113383742141	0.574277528807281	0.11220196353436185	0.12692847124824685	0.8938621058960745	0.8401477335572
PF3D7_1226300	0.618387785660162	0.8156739524972627	0.8740277701304473	1.1881553813761914	1.2642804826218004	0.06440677966101695	0.0711864406779661	1.0317328345226389	0.49916729505778434
PF3D7_1003500	1.3833495790799057	1.9141401397530247	1.1240930704664966	0.6923632453809145	1.9693187645291046	0.03389830508474576	0.05084745762711865	0.5095308739971123	-0.29940428856885654
PF3D7_0916400	0.8736495092723668	0.3823969875393003	0.413590644347018	0.5277838244123433	0.6142228048775604	0.16077808654227868	0.18459706232631998	-0.5082925376461879	-1.0788510639182567
PF3D7_1250200	0.42266611803295395	0.3534453935986322	0.7234771268834471	0.6745790062954916	0.29625129689116325	0.09528392685274302	0.1126082771896054	-0.5126969973107282	0.7754289389202975
PF3D7_1407300	0.24433224680922802	0.36260400306412194	0.5234198930399377	0.5056470960865486	0.3059041758057434	0.10434782608695652	0.11594202898550725	0.3242355187122065	1.0991244742261836
PF3D7_1350300	0.7617702917604874	0.6060467041641711	0.5790596886146209	0.539677297515943	0.21088652921601575	0.1901639344262295	0.22950819672131148	-1.8528890822651933	-0.39564395866393237
PF3D7_1131800	0.46243247130038545	0.31534820197448105	0.47397345737234253	0.6263733514834442	0.7547029719694622	0.13705583756345177	0.15736040609137056	0.70666625022179	0.03556356488299664
PF3D7_0706000	1.0565016721395704	1.2313610482674395	1.2676938617081601	2.1435519342122165	0.9777671106470688	0.10903173311635476	0.11716842961757526	-0.11173226760200372	0.2629113371636442
PF3D7_0523800	0.6813842758670763	0.572966232568961	0.874350273271357	1.1236378875791924	0.6303290067484932	0.09502923976608187	0.13157894736842105	-0.11236360029499426	0.35974269815958426
PF3D7_0703700	3.1514276162221453	2.8993601670553746	3.1500199299633085	2.9182436608039057	3.5619930866022824	0.18473895582329317	0.19678714859437751	0.17667918987142187	-0.0006445699987657874
PF3D7_1401100	1.186516217845442	1.451405096121327	0.8918929605528454	0.8558501068072394	2.652605345652463	0.10569105691056911	0.12804878048780488	1.160678227432996	-0.41178933772185955
PF3D7_0614500	1.7844504461160133	2.25806469543918	1.404257144025312	1.056678315716904	1.6122349556788973	0.038461538461538464	0.04945054945054945	-0.14641783122592042	-0.34567269603875694
PF3D7_0918900	0.46778524150273704	0.6851126165726023	0.6663960195717082	0.8344438517036156	1.432747454905745	0.08842897460018814	0.09783631232361242	1.6148660826066636	0.5105334376427711
PF3D7_0916900	0.6643392699665812	0.36145975335610836	0.4818343292028313	0.8755419070497187	0.2318717182192093	0.15963855421686746	0.18072289156626506	-1.5185933337448938	-0.46338301174627117
PF3D7_0821400	1.7240831147561586	1.5522221713494808	1.508903735864554	0.7666605761736577	1.949805727838098	0.10483870967741936	0.11290322580645161	0.17750106011925934	-0.19232855707010593
PF3D7_1223400	0.34799754404265704	0.3995298502911095	0.5346389873293349	0.5334073271274982	0.27225905210462853	0.10939431396786156	0.1260815822002472	-0.3540971077828157	0.6194879222279263
PF3D7_1343700	0.4066886646744983	0.4339883513143063	0.8202192862249487	0.6701860230795476	0.6490795668937459	0.1115702479338843	0.12258953168044077	0.6744705604567642	1.0120848866587164
PF3D7_0523400	0.9370612909293776	0.4357528669365804	0.7794566176694501	0.7963531666147751	0.775770425323028	0.0600375234521576	0.07317073170731707	-0.2725136370998107	-0.2656746853202964
PF3D7_0605800	0.36440764186897234	0.5678651550298757	0.615243408802389	0.7391834868299807	0.0927907984632756	0.10688729874776387	0.13640429338103757	-1.9734995600440375	0.7556040832263243
PF3D7_1315400	0.3907063697257118	0.49154411800668923	0.5566361772722743	0.4832668061123858	0.4212686157759513	0.09069212410501193	0.0954653937947494	0.10865566399130618	0.5106499002042755
PF3D7_1142600	1.0587153552553366	1.056689924698603	0.7671916078643685	0.5025443289823589	0.9540208487636067	0.04285714285714286	0.06428571428571428	-0.15022206074380906	-0.46465591623218344
PF3D7_1361800	2.9951014145896857	1.3622292743468978	2.943545675923769	1.877278053002108	2.9848687732644046	0.06948176583493282	0.0763915547024952	-0.0049373474582462785	-0.025049839137823427
PF3D7_1321800	2.703812022533057	2.530521200905163	2.262231828589415	2.8130423780163363	2.3074152801327785	0.0888030888030888	0.09652509652509653	-0.2287171760885476	-0.2572480732873847
PF3D7_0824800	0.47297557946416674	0.43790188396051377	0.5387379702088803	0.7495800736636457	0.3076252539267894	0.15517241379310345	0.1755485893416928	-0.6205917531371674	0.18781805310894564
PF3D7_1237200	0.6452978545963193	0.5610612023668344	0.6658747218404746	0.8796794462012028	0.5957455303184994	0.1227154046997389	0.1514360313315927	-0.11526900660951592	0.04528554411922353
PF3D7_1409600	1.169151587466362	0.8602548096126414	1.167728321724826	1.8581539956001578	1.7317655070117346	0.14973958333333334	0.17447916666666666	0.5667815964338652	-0.0017573335052358352
PF3D7_1471200	1.256133228404385	0.657225324737403	1.093916597253288	1.0886392831188787	0.9788990257839717	0.046686746987951805	0.05421686746987952	-0.35975753045672504	-0.19948674003116523
PF3D7_1245800	1.1862748132332293	0.942338864879725	1.3599114337337253	1.2872275584501882	1.0113078479823805	0.08584686774941995	0.09744779582366589	-0.23021603547452107	0.19707443254206
PF3D7_1349200	1.0797368480657081	1.4871415236249983	1.102031915889018	1.3608582123138393	2.4100737950686866	0.10196987253765932	0.1205098493626883	1.1583975779827842	0.029486262691872673
PF3D7_0629800	0.43316463852601184	0.4703692156628715	0.6993148333149006	0.8977784406700507	0.3006051826833948	0.11603188662533215	0.1328609388839681	-0.5270455903501567	0.6910266337408615
PF3D7_0926100	0.19380758650989605	0.30279118628482155	0.5098146240852562	0.6370005686352417	0.2894835493679314	0.2523599748269352	0.3058527375707992	0.5788563202631734	1.3953477123101707
PF3D7_1458000	0.8582758281657407	0.6356482724992615	0.9477677966940365	1.527275930261579	0.7631223335943428	0.10193321616871705	0.11775043936731107	-0.16952701875133033	0.1430922738549836
PF3D7_0818700	0.1879892257485464	0.3292179909676834	0.5921622758437282	0.6876498219307411	0.22723473912212186	0.1349141455437449	0.14881439084219134	0.2735334286894357	1.655342606538389
PF3D7_1405700	0.6625437446160104	0.16341833071665507	0.427958782813332	0.3715250935515287	0.3405431977438054	0.19888734353268428	0.2239221140472879	-0.9601778969779046	-0.6305438562558288
PF3D7_1461300	0.6013395627366195	0.9354299875809948	0.6886678924372343	0.24232737310728716	2.3274696519168816	0.014925373134328358	0.014925373134328358	1.9525105733465975	0.19562853822760004
PF3D7_1033600	0.46178908178518785	0.6252457800671437	0.5799663548700609	0.6770228698448079	0.3642623083464871	0.11038251366120219	0.126775956284153	-0.34225634197870547	0.32873514528722864
PF3D7_0812500	0.5692631643550483	0.7946547300208416	0.6824243568658402	0.9190250331205293	0.42618798025839405	0.12526096033402923	0.14926931106471816	-0.417605843941602	0.26157339033597743
PF3D7_0320900	1.6070658850893653	0.7638204136018858	1.2820373329674026	0.7288127199081623	3.1057700599654705	0.012658227848101266	0.0189873417721519	0.9505219451499347	-0.3259908026886617
PF3D7_1227800	0.30280895124529444	0.44445563042758457	0.4629841417984817	0.3843269134401922	0.29505817620435076	0.09981684981684982	0.11904761904761904	-0.037408416365949895	0.6125549258944236
PF3D7_0912000	0.2980232881285803	0.384998634947142	0.5372891069084564	0.8545590454461809	0.13702564986648327	0.1434948979591837	0.16709183673469388	-1.120979093214152	0.8502735187613648
PF3D7_0905100	0.3959249339759405	0.5567577770623303	1.1764483856801173	1.086281104284116	0.5825912402730373	0.13399621212121213	0.14299242424242425	0.5572570834160139	1.5711391953313703
PF3D7_1315900	0.9204022698668709	1.090339313730961	1.2670713967511311	1.9097781804338363	0.9345056500970002	0.13474025974025974	0.15422077922077923	0.021938845152982552	0.461161372927571
PF3D7_1454400	2.1257293602548613	1.7794921805449457	2.0507471040959717	2.246136111141726	3.1925295085973935	0.10296010296010295	0.11068211068211069	0.5867420247042865	-0.05180833893456652
PF3D7_1406300	2.3932723288109767	1.51360662052492	1.1264349485813254	1.7106565482735128	2.202952448079963	0.09894736842105263	0.12	-0.11954621547064392	-1.0872205688968026
PF3D7_1008800	0.8151194328876459	0.90425512484598	0.7138896407235279	0.5925426904933223	0.6765948992319349	0.07036247334754797	0.07889125799573561	-0.26871916045278493	-0.19131039419001766
PF3D7_0108300	0.5807899373724336	0.8147460412505468	0.8865605923207811	1.0360850147023302	0.5205583277552481	0.2075641602881585	0.2435839711841513	-0.15795663343185742	0.6102027782738058
PF3D7_1302100	3.1833745660755675	1.1207490014659542	4.316515440706628	2.5516937135716926	1.135068603724654	0.027649769585253458	0.05069124423963134	-1.487777422227246	0.43931023010481146
PF3D7_0415300	0.23396164423465685	0.6054690723445855	0.8163857473040282	0.6601368437457685	0.2313819717912097	0.10007468259895444	0.1179985063480209	-0.01599557246687429	1.8029789624147026
PF3D7_1429800	0.713202359495311	0.6414872230263607	1.0455548772117296	1.713347394317446	1.1211531003830584	0.12408759124087591	0.1554744525547445	0.6525999195501675	0.5518854045405488
PF3D7_1004300	0.21367301994359947	0.3372691084454017	0.6184646146428613	0.3852467182604829	0.5154319258757069	0.23716814159292035	0.28407079646017697	1.2703771472206924	1.5332863006521196
PF3D7_0422500	0.3417008137777685	0.7351024960365884	1.0109329022301023	1.0695431899701406	0.4615354790037129	0.11656228253305498	0.13221990257480862	0.43370787089063345	1.5648816569407538
PF3D7_1217300	0.18210026936166906	0.23188714770045335	0.3587425937405893	0.3042395925688232	0.10877781650073373	0.09157127991675339	0.10509885535900104	-0.7433486843821553	0.9782159912394818
PF3D7_1138500	0.6251130563610043	0.9739466723020312	1.3158233685965204	1.209879468328758	1.1974841337996311	0.16125541125541126	0.17424242424242425	0.9378175002893073	1.0737767992201266
PF3D7_0212300	0.511716647214017	0.8402184703891089	0.784348437071482	0.694752236851821	0.28235086389307595	0.04449648711943794	0.06323185011709602	-0.857856122543016	0.6161495281268081
PF3D7_0907700	0.7199880156281896	1.1200908560492375	0.9457114837817279	1.3564719665362677	0.7742151962435456	0.08243727598566308	0.08602150537634409	0.10476173227626309	0.393427222731778
PF3D7_1308200	0.39142246601586844	0.7370559542662947	0.733768440800985	0.8778943954744711	0.32477207111740186	0.12421052631578948	0.13810526315789473	-0.2692989901991231	0.9065982929490879
PF3D7_0722000	0.46111614863792855	0.38585507271071273	0.2769066848567806	0.38106416103498486	0.273587730506622	0.09795918367346938	0.11428571428571428	-0.7531266592771662	-0.7357303084114334
PF3D7_1317800	1.328669473633554	1.128108585199032	0.8052345306989355	0.5451471234014037	1.1639727038353325	0.041379310344827586	0.041379310344827586	-0.19092503111920964	-0.722501311838905
PF3D7_1408000	3.747490234052158	2.3873703195981943	3.2930637201756197	3.5313087727073618	4.651056168966019	0.05739514348785872	0.0772626931567329	0.31163364430593726	-0.18649429043296334
PF3D7_0703500	0.6467202617742359	0.7492687729745209	0.9824335200865023	1.3173374712382595	0.7158163469874822	0.17137886037407568	0.2240104393214441	0.14644767994165406	0.6032179747091064
PF3D7_1366600	1.3188106906800348	0.7149311866842537	0.7516141744192796	1.0944956698674704	2.068688745408734	0.11805555555555555	0.1423611111111111	0.6494791067592027	-0.8111733077025445
PF3D7_1248700	0.40824750266823	0.8224320233934592	1.2813678437211775	1.3525997865808332	0.3876848362717014	0.1950729009552539	0.22021116138763197	-0.07455975328414596	1.6501687255678577
PF3D7_0731500	2.611715288570308	0.6349751471943278	2.3932492947766675	1.436489908903087	1.6640417744330815	0.08455392809587217	0.10252996005326231	-0.65030598102477	-0.12602694844264822
PF3D7_0209700	0.5196639769634772	0.4524662886965497	0.8569195160247044	0.8561656625433856	0.2715433321869641	0.11619718309859155	0.14612676056338028	-0.9363966170800706	0.7215806542094308
PF3D7_1307700	0.5388310780099115	0.2383496399713257	0.6152209504503698	0.7781823167716514	1.154239782924014	0.20566801619433198	0.23238866396761135	1.0990379937931194	0.19127156988776164
PF3D7_0524400	0.5389852130868483	0.7766299075493177	0.8361263556488685	0.9859940788196214	0.4503020058543551	0.04657534246575343	0.052054794520547946	-0.25935278944541296	0.6334752856863091
PF3D7_1129200	1.258271412819253	1.2840213796771172	1.0654199689536326	1.1025032897376408	0.407325278109835	0.07124681933842239	0.09414758269720101	-1.6271898951928558	-0.24002092290920712
PF3D7_1239200	0.8292380766607038	0.5449265908693613	0.5689655122244832	0.858996835775104	1.2302168071056907	0.20838183934807916	0.23593325572370974	0.569054322910498	-0.5434451567317216
PF3D7_1116700	0.8819886386302901	0.7287769688162319	0.9262499268299675	1.066418184910791	1.6490728836373292	0.09142857142857143	0.11428571428571428	0.9028231857100782	0.0706414516791068
PF3D7_1202600	0.6701243385474237	0.9393310024409486	1.3453321540040146	1.1865116286309325	0.866394445863137	0.11743119266055047	0.12981651376146788	0.37059518842456585	1.0054616979697797
PF3D7_1239900	0.5044156934936865	0.6889719961502109	0.7880209750297499	1.0798801629654595	0.2733604621424659	0.12112403100775193	0.1385658914728682	-0.8838085699163843	0.6436208690962888
PF3D7_1450100	0.5463181444426947	0.6424518684928978	1.2517939696170655	1.3119230597967209	0.32688739076930734	0.052	0.066	-0.7409476107429356	1.1961838873221684
PF3D7_1431700	1.4410796718447294	1.906481532330195	1.3615848277087907	0.8281520873858216	0.5767715326224693	0.048484848484848485	0.06060606060606061	-1.32107823368258	-0.08186323275521892
PF3D7_1006200	0.4684773927058808	0.4805830606969539	0.4686874013684874	0.3034881246736097	1.262561336309846	0.018691588785046728	0.056074766355140186	1.4303021423241686	0.0006465852389536873
PF3D7_0729300	0.6655051038065093	0.7091103772411683	0.48740391139146355	0.5399563166329648	0.3351084075088489	0.13851351351351351	0.15990990990990991	-0.9898218476511823	-0.44933190164999764
PF3D7_0623100	0.4296999384504192	0.8151666952951889	0.7132454814618183	0.9296543038241976	0.6268325788735744	0.16666666666666666	0.1984732824427481	0.5447505936459865	0.7310691316414673
PF3D7_1108000	0.4680646729666458	0.6277640647053073	0.7286459602928347	0.8391248049647775	0.5501135450124908	0.09330985915492958	0.1056338028169014	0.23302154355791102	0.6385101156130291
PF3D7_1302500	0.18860717514256664	0.3927178217254993	0.618288048379825	0.755583376241494	0.25371515660825167	0.11483776886620488	0.13051403572730588	0.4278251454749416	1.7128945571139416
PF3D7_0903900	2.166603103489975	2.175152981653712	1.0420191883490073	0.9717841463014295	1.4398955494666508	0.05343511450381679	0.07633587786259542	-0.5894707308161987	-1.0560530481811103
PF3D7_1459000	0.5500345160282679	0.9548547144221928	1.0464966870766357	1.2758611917592286	1.2874590530617824	0.1039136302294197	0.11470985155195682	1.2269324896128535	0.9279736851435805
PF3D7_0714300	0.2428908706640298	0.24267944559020888	0.3455062841813616	0.3204929687258655	0.237493137982318	0.13626040878122633	0.15367146101438303	-0.03242243614347513	0.5084036854405168
PF3D7_0513200	0.2260117934854373	0.2936238326147427	0.38588841089940773	0.43748380963419214	0.15364995935338707	0.14404632645674992	0.16612377850162866	-0.5567506703651557	0.771785661494005
PF3D7_0922100	0.8061472471973594	1.344387448505538	1.1740230028098466	1.3640388957118748	1.0059556188438785	0.188715953307393	0.2140077821011673	0.3194513730817539	0.5423453916030837
PF3D7_1407900	1.5517464399688188	1.3933976147199783	1.669804907433317	1.2457887288635012	3.0579135666388435	0.06415929203539823	0.07300884955752213	0.9786547927446142	0.10578671840530186
PF3D7_0618300	1.7872555617671246	1.217792043717551	1.4897952214532653	0.8711240288506624	0.6324001768721216	0.0472972972972973	0.05405405405405406	-1.4988362654768106	-0.2626319019003377
PF3D7_1123400	0.43384064268142053	0.7410334023694835	0.9471317250566421	0.634270029169075	0.6501594284740418	0.07207207207207207	0.08288288288288288	0.5836283185236881	1.1263998739493322
PF3D7_1248500	2.0151878954782028	1.220406033631106	1.1448715043963795	1.3665322622781004	2.114546481525019	0.04152249134948097	0.058823529411764705	0.06943391228901373	-0.8157286761185423
PF3D7_1243600	0.8377432704735976	0.6732092333549925	0.736758438426158	0.3370624434727718	1.180405694430373	0.08695652173913043	0.12173913043478261	0.49470268811548623	-0.18531651313961256
PF3D7_1211200	0.32388633462819283	0.44203174128534173	0.461912094851443	0.7511334664434404	0.349557659773335	0.13052976515565265	0.1583833970507919	0.11004284934835853	0.5121307232537636
PF3D7_1108700	0.6440878297873169	0.5661243409973423	1.3282365503333826	1.266161389729924	1.8404698540586788	0.07592592592592592	0.08333333333333333	1.5147447821418345	1.0441827670391315
PF3D7_1301600	4.581349903052813	0.7326160761674881	2.739365805875396	1.598068356675769	1.8123603405301594	0.10330578512396695	0.11818181818181818	-1.3379029275290968	-0.7419308220250818
PF3D7_1360800	1.1678914134331653	1.0898385687800847	1.1230921781890206	1.3304258630176466	1.3520156731055781	0.10477787091366303	0.11232187761944677	0.21120573243309906	-0.056429801275538975
PF3D7_1445600	0.4205401015906536	0.5391163486876754	0.5102708013192303	0.45058857015357345	0.25008595138951295	0.18288590604026847	0.2181208053691275	-0.7498193624038221	0.27901971166825484
PF3D7_1474600	1.2436004231133309	0.7660471332241849	1.1603144022349021	1.4412192839256561	1.5881171325016377	0.04568527918781726	0.05583756345177665	0.3527943105724108	-0.10000723738805593
PF3D7_1224700	0.33866264269089835	0.38768870845498093	0.47844418478994577	0.537262838502544	0.1546499384906829	0.1834360027378508	0.20944558521560575	-1.130842594713744	0.4985017756570155
PF3D7_1336700	0.5870388337235859	0.9395031871368285	1.2402306827433347	0.5829450862358043	0.6381842472265495	0.13291139240506328	0.13924050632911392	0.12051705446468336	1.0790806380614797
PF3D7_1445900	0.6953442638735344	1.0616811602699865	0.8309139690142295	0.5880854059729743	0.7575801600509326	0.0777988614800759	0.08918406072106262	0.12367111836107965	0.2569716804850128
PF3D7_0418300	0.4669308879011646	0.7567735406514234	1.165446706871185	0.938394341708613	0.4010701823637751	0.1431451612903226	0.17943548387096775	-0.2193543146085179	1.3196021025007827
PF3D7_1138700	0.4595020977687146	0.38332628809668046	0.5453437316744265	0.6860844742223666	0.22970398418594964	0.17219251336898395	0.19144385026737967	-1.0002955675848293	0.24709440341756647
PF3D7_1460700	2.474852898846969	2.7313414244168857	1.979761706274679	1.3237449969346102	1.029329220488247	0.02054794520547945	0.0547945205479452	-1.2656382889555444	-0.3220159853601148
PF3D7_0709600	0.306331533599871	0.45485722382599525	0.47089157190192815	0.41621468461924155	0.19969031653864955	0.1046712802768166	0.13408304498269896	-0.6173295100736647	0.6203010164488327
PF3D7_1105100	1.920876305799055	0.20785943284927855	0.3695718174035437	0.3928386465500238	1.2650957345807148	0.008547008547008548	0.017094017094017096	-0.6025180568768143	-2.3778379702724033
PF3D7_0606700	0.6199546384945802	0.7582140547457135	1.4633389324190567	2.068815621015745	1.0246405612666787	0.12632275132275134	0.14351851851851852	0.7248833445268612	1.2390293953303775
PF3D7_0802400	0.4042487040996814	0.4963443988687499	0.5707238474726078	0.7229607532035275	0.22844842777957422	0.11904761904761904	0.14145658263305322	-0.8233746351468776	0.49754969786353465
PF3D7_0626800	1.1455650866552092	1.5493074323537075	1.1729450228308167	0.9278702538905187	3.4223164936239603	0.033268101761252444	0.0547945205479452	1.5789137560832847	0.034075964892931396
PF3D7_1422400	0.46360889779051456	0.5307387493004533	0.5005772801139146	0.5670367204046508	0.35268575279864345	0.13374233128834356	0.15521472392638036	-0.3945249580703996	0.11068455691667464
PF3D7_0610900	0.3615928530782277	0.4574513211140407	0.4158680164958593	0.5487344016848196	0.37204291214837176	0.12890625	0.134375	0.041102871152674594	0.2017595717029839
PF3D7_1024800	0.47540906532080374	0.7659722103641636	0.9973805074318339	1.179846229824509	1.4867466356129861	0.11953551912568305	0.15368852459016394	1.6449174923817818	1.068974594067159
PF3D7_0303200	1.8978921300794076	0.6344145079003217	0.8541574919269767	1.007968777246639	1.0156071609114246	0.09122203098106713	0.10240963855421686	-0.9020555242824275	-1.151823989070412
PF3D7_0603000	1.1612658902868735	0.9519192842034198	0.9723849966190401	1.1905300920022706	0.9967575778771915	0.19087837837837837	0.23141891891891891	-0.2203837644850268	-0.2560987993537648
PF3D7_1206200	0.6748658729470619	1.2303363386730866	1.2599831254044984	1.7693131240297229	0.768493854606063	0.0741869918699187	0.08638211382113821	0.18743292275991574	0.9007317066957332
PF3D7_0422200	0.216936424771064	0.24344918442171243	0.3102631833553709	0.30814390286025717	0.22831075238380713	0.18399436751936166	0.21145271063130722	0.07372649598436277	0.5162202035753156
PF3D7_0106300	0.5664062418110312	0.6773520540319311	1.1145604503294642	1.347243588286931	1.4167955069181766	0.07736156351791532	0.09120521172638436	1.3227224728359488	0.9765657969029296
PF3D7_1219600	0.5359527441449873	0.44898179920703585	0.833978081643724	1.231132482702079	1.2048748864179533	0.08617363344051447	0.0932475884244373	1.1687056389747519	0.6379036662573518
PF3D7_0818900	0.9380037884889469	1.7440381739822435	1.2750541846486214	1.159260849983922	1.8617220254933218	0.0310192023633678	0.05465288035450517	0.9889720248233085	0.44289290235053164
PF3D7_1316900	0.19225191303472544	0.29069454907890757	0.4266099075385139	0.34115077398122917	0.15594901411148085	0.16805845511482254	0.18789144050104384	-0.30192352181766396	1.1499195170120098
PF3D7_1309200	0.28942814874829925	0.25115431124633797	0.47891336734984224	0.3775911110135584	0.4737877267668532	0.12575574365175332	0.1523579201934704	0.7110355867101319	0.7265594643372069
PF3D7_0717500	1.2602737842161276	0.2658772779819251	0.9115363461632323	0.6445839717770603	1.104143236592673	0.05113636363636364	0.06060606060606061	-0.19080984154574215	-0.4673650936676327
PF3D7_1408700	0.13029731129250743	0.27931256028986473	0.4088698239519472	0.7068684373564664	0.5052539508237957	0.15761626287942077	0.17738791423001948	1.9552013838237492	1.6498342768129117
PF3D7_0521300	0.18736616634296832	0.14665166933416887	0.22837345210870294	0.19757822033365072	0.07159985537720125	0.1449814126394052	0.1613382899628253	-1.3878318832289607	0.2855344886806817
PF3D7_1455100	1.0388990058819059	0.4151926338216551	0.5468172582629065	0.4847862071213583	0.46056555242040287	0.08771929824561403	0.09941520467836257	-1.1735769976393975	-0.9259247307562604
PF3D7_0906600	0.44577718338019223	0.6634352295299549	0.8721402240173586	0.7105540047722437	0.3174887685072253	0.2526690391459075	0.2977461447212337	-0.4896172197505345	0.968237336618357
PF3D7_1235300	0.4971699768496594	1.051687192950111	0.8696956782192605	0.7131799182637057	0.3072753734329152	0.18170878459687123	0.20156438026474127	-0.6942070305551324	0.8067714875422161
PF3D7_1459600	0.5350870610282584	0.6815899766146838	0.6961021098655971	1.392213517504237	0.7262755578237332	0.18352059925093633	0.20599250936329588	0.44074338475283803	0.3795253042613605
PF3D7_0322900	1.4941529310132966	1.6779376851284076	1.194642539936923	1.4949323813666575	1.3213874884313712	0.022900763358778626	0.04580152671755725	-0.17727423010693452	-0.32274881920242554
PF3D7_0816000	0.536978563623694	0.5840357593819823	0.5439598171451255	0.49626163859098027	0.6721788024458848	0.1384928716904277	0.15071283095723015	0.32398055066790726	0.018635585630236248
PF3D7_0516200	0.42163703847906087	0.5200174521874533	0.7021534627872609	0.304041986831948	1.1602968931967756	0.0	0.006622516556291391	1.4604204945300152	0.7357847753680877
PF3D7_0218600	0.4083463578595231	0.40286888719287867	0.579677511563557	0.3758298383860774	0.27567127583402695	0.16596638655462184	0.18529411764705883	-0.5668444095705412	0.5054571577101106
PF3D7_1249800	0.577964150428318	0.5435380451310349	0.695519164021134	0.8336830922576978	0.6053052899559485	0.16541609822646658	0.19679399727148705	0.06668295029195286	0.2671102576999294
PF3D7_1319400	1.036377383379956	0.7409432657838587	0.794251713945421	1.0214497556710562	0.7030079691701597	0.11682242990654206	0.13925233644859814	-0.5599364887483071	-0.38388123407914226
PF3D7_1360700	0.22934803748772656	0.37982392666264386	0.5713572479700334	0.6155196083373422	0.45820623058848065	0.184070796460177	0.2079646017699115	0.9984585137787593	1.316854527641025
PF3D7_0813900	0.9462088298012831	0.9268155997848825	0.8087895098031332	0.68158079008544	1.5250108705150516	0.020833333333333332	0.027777777777777776	0.6885889975467151	-0.22639433855149013
PF3D7_1239800	0.359311608349108	0.29842963053711374	0.4379388823444737	0.5623902212414915	0.3980599180802114	0.15085833188833014	0.16681116698456736	0.14775006366959448	0.28549399944266013
PF3D7_1444500	0.0800033777117486	0.15178067849446064	0.19678207042549992	0.16230162107565949	0.10127812149146498	0.12965340179717585	0.14505776636713735	0.3401897345652018	1.298465960721061
PF3D7_1230700	1.278880936821561	1.858109752669734	2.2502457450370836	2.1806366247655316	2.7507239145969353	0.16666666666666666	0.20802919708029197	1.1049293898321406	0.815200607732627
PF3D7_0807300	1.26625934864428	1.7273699201312305	1.8120436912666633	2.212064081450946	0.7598542985043605	0.07960199004975124	0.09950248756218906	-0.736778205825491	0.5170448211704546
PF3D7_0827900	1.3050515161038054	1.0851162620494166	1.0066101986704603	0.988495840440808	2.551141969478378	0.049689440993788817	0.06418219461697723	0.9670364288480165	-0.3746016374444263
PF3D7_0308600	0.49734887076407586	0.7611442489439054	0.9332247404951892	1.3893489308293894	0.1485558569770758	0.09022556390977443	0.10150375939849623	-1.7432527148636126	0.9079663537805804
PF3D7_0210900	0.6741516091035695	1.082481919607862	0.8296383521842478	0.8533892202466323	0.8336081413558217	0.09859154929577464	0.11267605633802817	0.30629629387160273	0.29940951425256945
PF3D7_0823200	0.8331283846187226	1.13590627412123	1.0048661067625835	0.5460341922524982	0.4881417562151688	0.06293706293706294	0.06643356643356643	-0.7712386643954522	0.2703925461855271
PF3D7_0707900	0.7560505047537647	0.8001630203550268	0.5485372060001611	0.5762599906795803	0.3405635267026127	0.05019305019305019	0.06177606177606178	-1.1505586756755168	-0.462893132211711
PF3D7_0317600	1.4692560251049689	0.9596421597591918	0.8745588149324914	0.8117081654885286	1.8803041084205696	0.012422360248447204	0.043478260869565216	0.35588019856580827	-0.7484584993533998
PF3D7_0803100	0.7314280305320108	0.8959679140362077	0.8097651360806759	0.831204116021427	0.32068311041241393	0.1502008032128514	0.1751004016064257	-1.1895675435765831	0.14678761386892566
PF3D7_1311600	0.8595359177954458	0.6359409532537044	1.1555700969507174	1.468028904714108	1.0135933994740265	0.1598694942903752	0.17455138662316477	0.23784920219260383	0.4269749438357766
PF3D7_0924700	0.7242761931465489	0.8537902295446658	0.8466635733826926	1.0507575901090223	0.3848524138941467	0.09168081494057725	0.11205432937181664	-0.9122346586136908	0.2252488653855361
PF3D7_1014600	0.3235500787238947	0.4202163747401779	0.5546034347759742	0.664470547262843	0.39995850000640776	0.15166795965865013	0.16912335143522111	0.30586128440163335	0.7774675230737268
PF3D7_1241800	0.43163527898605414	0.6623108807844403	0.6497018768071847	0.5377559163490213	0.27722079131436633	0.11617312072892938	0.14464692482915717	-0.6387773235201102	0.5899650868271387
PF3D7_0517000	1.3109391376148505	1.565230518202381	0.9160732701264304	0.6662737953098157	0.48119322543220544	0.03636363636363636	0.04242424242424243	-1.445912471236151	-0.5170658088846989
PF3D7_1472300	0.8397364744549706	0.5054203856177423	0.8907807790538576	0.8310822220552018	0.8866762121230938	0.08411214953271028	0.09719626168224299	0.07847071790493569	0.08513377519553228
PF3D7_1457300	1.3373543742481353	1.485966480204492	0.9979771776721039	1.2207588453985103	1.4562941825697202	0.10328638497652583	0.11424100156494522	0.12292001674360627	-0.4223030750167125
PF3D7_0930300	5.921538151956135	1.830943692992953	2.3495983847036825	2.5038042279882475	4.264228013045295	0.06744186046511629	0.08546511627906976	-0.4736873897914562	-1.3335577935146943
PF3D7_0708400	1.872271006323237	2.7310313315048327	1.697530727012837	1.5217101211902082	2.1043982655455893	0.036241610738255034	0.05503355704697987	0.16861848974621954	-0.14135158742687465
PF3D7_1339300	0.4775922483183382	0.5742338634758147	0.4666654343000312	0.4286368051540508	0.470398315388185	0.08363636363636363	0.09090909090909091	-0.021896527227838466	-0.03339080928329219
PF3D7_0316800	1.7612884257222097	1.798691468607831	1.189523454249272	0.7204047440767875	1.419291488285488	0.015384615384615385	0.03076923076923077	-0.3114602672641769	-0.5662474637388586
PF3D7_1015900	2.535874292080394	2.2736525194898465	1.4126924827990066	1.5655342042731357	5.966922539713741	0.04484304932735426	0.07623318385650224	1.234503818281886	-0.8440357785806458
PF3D7_1208800	0.2942285233299909	0.2896272791313284	0.4017139125318906	0.5353399340524148	0.33795688554804754	0.19830508474576272	0.2228813559322034	0.19990209588912183	0.4492313147771291
PF3D7_0606100	0.3669819726067746	0.5451332731972065	0.4679221028037219	0.352983289429658	0.11837703333651561	0.12199312714776632	0.140893470790378	-1.6323199879940131	0.35055918280052717
PF3D7_1129100	1.883056549448048	1.8906888360176144	1.7333867431344443	1.9177931076051387	2.908106194672397	0.10619469026548672	0.11946902654867257	0.6270036270959713	-0.1194827495897056
PF3D7_0507800	0.6283916789717179	0.5389307826344522	0.7090022412190508	0.8451663304085264	0.5397991750517239	0.17026850032743943	0.1944990176817289	-0.2192413048920113	0.17412611105988393
PF3D7_0930500	0.3748176416331243	0.1995968774960558	0.4359450202260693	0.45058046242640887	0.38179783790764454	0.1411764705882353	0.15514705882352942	0.026620074618157793	0.21795734083704743
PF3D7_0720700	0.25810363289424715	0.3089656690269564	0.5566391162685502	0.5512958885946584	0.3913951646233558	0.141735918744229	0.16620498614958448	0.600675484736475	1.10879184563457
PF3D7_1219100	0.860815185732812	0.9110586350582982	1.044267540133676	1.8987742929822742	3.6476907773348266	0.11767651477215824	0.13019529293940912	2.0832080003266733	0.27871594209197803
PF3D7_0721600	1.1241088639700851	1.2951097507515907	0.6466914096622777	0.6368796974934076	0.8141218356358589	0.046153846153846156	0.06153846153846154	-0.4654651405177936	-0.7976324081145945
PF3D7_1367700	0.8235909366749322	1.0758352417020582	0.934180011631222	0.97958326127901	1.0162984286385168	0.11860795454545454	0.140625	0.3033242423974301	0.18177262284422802
PF3D7_1142100	0.22710544208629388	0.38900150803382016	0.7376785554516413	0.696845875579144	0.21557808849659132	0.1862673484295106	0.2114682249817385	-0.07515172845948696	1.6996300191675089
PF3D7_1142300	0.6415156150970098	0.36368746543787933	0.6973566289240015	0.6391188323177305	0.2506275613364811	0.12910284463894967	0.14660831509846828	-1.3559393067627288	0.12041225829127651
PF3D7_0420100	0.574720627465417	0.8450191513183914	0.7469629817880808	0.41888408806674043	0.288687583914976	0.09466437177280551	0.10499139414802065	-0.9933517698571283	0.378175916989007
PF3D7_1414500	0.6829697152215207	0.6247674429144231	1.2701810332678154	1.2249526362263214	0.6228009396125028	0.135605511240029	0.15373459028281364	-0.1330504858235444	0.8951406206440266
PF3D7_0713400	1.0636727751082216	0.9185554978921413	1.135577309473198	1.042155197553816	0.9430064387379393	0.09243697478991597	0.09803921568627451	-0.17371486640385128	0.09437153426231815
PF3D7_1447000	0.8153594622910183	1.0482147485224742	0.6702966571767108	0.507601480088635	1.4246085495416556	0.01838235294117647	0.03308823529411765	0.8050574171119813	-0.2826364922596891
PF3D7_0904900	1.7919709084141888	0.9915540912665244	0.8777671440997245	1.4204516497353112	0.8504957864791309	0.13707165109034267	0.15070093457943926	-1.0751712226582375	-1.029637041809717
PF3D7_0918300	3.414036772972007	3.784353077639457	4.261751942352226	3.483183448845975	1.04810554895701	0.059375	0.078125	-1.703694587788766	0.3199680248161749
PF3D7_0910500	0.20483886069417515	0.16673858665704544	0.36716496982776214	0.29853922019299833	0.4227832673070074	0.15203299941072482	0.1773718326458456	1.045428839619936	0.8419389818525891
PF3D7_1343000	3.5935598100932076	3.662187027150899	3.069361544696369	2.927302212957792	3.959324214798835	0.07894736842105263	0.09022556390977443	0.13984051127845826	-0.22747510500239118
PF3D7_0310200	0.18252207881705731	0.380052221183027	0.6050218470175815	0.3852720474281381	0.1546674646073769	0.16263736263736264	0.19384615384615383	-0.2389012428017688	1.7289162478581483
PF3D7_1237500	0.3611463263545844	0.42446425887217615	0.7417721155625752	1.2896389358030556	0.4166061152029779	0.2480666270077335	0.2873289708506841	0.20610052120653535	1.0383925404736947
PF3D7_1321300	0.3658244862880444	0.39692929625349016	0.4007351793673776	0.27570320576744767	0.29446169547448026	0.12907080968031073	0.14878996115924709	-0.31307166858051566	0.1314975208740265
PF3D7_1028500	0.3066442634807351	0.2901945837718321	0.418366496660393	0.4899466361430966	0.29183528883298276	0.19928400954653938	0.23269689737470167	-0.07141161711525558	0.44820136114652565
PF3D7_1022600	0.554618468462727	0.6665080011202521	0.570784617447257	0.4545256996579795	0.4325148715337772	0.11447811447811448	0.12906846240179573	-0.3587459190213509	0.041450796882706996
PF3D7_0301600	0.4331700455865711	0.6913429048537473	0.5403622055486178	0.34018385341437013	0.7256034125121289	0.11748633879781421	0.12568306010928962	0.7442477591895809	0.31899329036015156
PF3D7_1008500	0.1719155430254857	0.1595726776669924	0.4203072680914908	0.5375691882142847	0.6876252181875241	0.1388888888888889	0.15432098765432098	1.9999224696896625	1.2897444183060125
PF3D7_1322200	1.2857289585880494	0.609345138701039	0.7785537632613436	1.0065920720305273	0.76000441982367	0.1503781268179174	0.1762652705061082	-0.7585068299454443	-0.7237179700743539
PF3D7_0623800	0.3268248814549876	0.4987513647956463	1.2036397975440356	0.41383734699187436	0.42677046633706245	0.18594009983361065	0.23294509151414308	0.3849425199837502	1.8808139879456436
PF3D7_1346300	1.019044122673677	1.6468867732561743	2.301236363202758	1.3503774893930185	2.2671669514247594	0.052132701421800945	0.08056872037914692	1.1536741144943576	1.1751926535869142
PF3D7_0310700	0.5183359138548052	0.6722650796239855	0.8687445339594169	0.5772373110737689	1.0503505440851828	0.05517241379310345	0.07586206896551724	1.018911631356372	0.7450446385223696
PF3D7_1216900	0.37273509373797037	0.5309617160540574	0.4483144749200975	0.749724911698131	0.1665477801490805	0.12140575079872204	0.14589989350372737	-1.1622145330045173	0.26636042302794855
PF3D7_0110800	0.5181338803882618	0.4164754112529631	0.36669125559582566	0.5977831897636927	0.8327585803429571	0.08174386920980926	0.10354223433242507	0.684573390384533	-0.4987590605913476
PF3D7_1416500	1.7076717042981946	1.0969415338701043	1.814115089478925	2.315555599409072	3.1358085965964717	0.06595744680851064	0.07872340425531915	0.8768068559301518	0.08723533791980173
PF3D7_1453900	0.34977691784167775	0.43614737083955235	0.5245141824811635	0.3572351411835011	0.35137042278169356	0.20915712799167535	0.23204994797086367	0.006557667695739479	0.5845466953625652
PF3D7_0905200	0.4060968723329994	0.40234388530374565	0.7126780154016539	0.6435587889669991	0.281705429261204	0.16597164303586323	0.18098415346121768	-0.5276365471926255	0.8114265049936238
PF3D7_1030300	0.2183600937624633	0.23903222916796513	0.44531024148118964	0.3767281606102482	0.17096110420738497	0.22592259225922592	0.2664266426642664	-0.3530410904300657	1.028101570346968
PF3D7_1426700	0.7189498808737262	0.7730885026115611	1.26103535479803	1.3194445645940798	1.4986299296418113	0.07752613240418119	0.08797909407665505	1.0596810626760411	0.8106456173577301
PF3D7_0207000	3.1083309322860444	1.177293868576858	1.3588763727316115	0.8292660990589045	0.9428444128257958	0.0661764705882353	0.07352941176470588	-1.7210484865643756	-1.1937259010409893
PF3D7_0918000	3.135249889458821	1.3243186678848988	1.7181927120191183	1.1045961492644978	5.115020696919991	0.05808080808080808	0.06060606060606061	0.7061596425367735	-0.8676885771978717
PF3D7_1438000	0.8884056208986071	1.058382094505295	0.8262117345461802	0.9086532802404254	0.733333349395439	0.13918305597579425	0.1573373676248109	-0.2767493712589319	-0.10470697007989087
PF3D7_0909700	1.1246732555292347	0.8695768038739647	1.5579968104692368	1.5880580117305347	0.688462450649363	0.2548262548262548	0.2924710424710425	-0.7080560491564121	0.4701863550054187
PF3D7_1202900	0.6720461448937256	0.6172742506306051	0.7709915976973138	0.34175660527575785	0.8660430729432902	0.030927835051546393	0.041237113402061855	0.36587848307809206	0.19815484108657525
PF3D7_1450700	0.48221746301937246	0.751126805569083	0.6852582171581066	0.7811916680115459	0.23609062723992058	0.08064516129032258	0.1	-1.0303431296917946	0.5069638253553339
PF3D7_1225800	1.1247466111286806	1.3762352793727128	1.6603411509960375	2.71571208192827	2.8872000311471795	0.10175438596491228	0.10701754385964912	1.3600710438408057	0.561879683117553
PF3D7_0617100	0.3466578288259041	0.3410975883132064	0.5222394937532773	0.6293404608831141	0.25678874198010937	0.12944983818770225	0.15453074433656958	-0.4329303884854395	0.5911992215818493
PF3D7_1221900	0.560029563396214	0.4695500118922901	0.5847469247778057	0.5473343697830814	0.4868617062339299	0.119906868451688	0.13736903376018628	-0.20199095669489742	0.06230938177275778
PF3D7_1411200	0.3597119603562253	0.2410618913243914	0.4331734564349428	0.396823699375205	0.3316842613468047	0.11382113821138211	0.13143631436314362	-0.11703157276614384	0.26810271203240116
PF3D7_1018300	0.41027975947080675	0.43103133710391117	0.6948511556045409	0.5823252655303864	0.5504568547588286	0.1812807881773399	0.22857142857142856	0.4240215058332202	0.7600959877266545
PF3D7_0802000	1.2035687192261182	1.2053600633987975	1.1773157449685263	1.6566017912103572	1.9471580427014823	0.08947745168217609	0.10808876163206872	0.6940514697535234	-0.03181722713978738
PF3D7_1105000	4.212694864590849	0.5954055757984998	1.4882287476354332	1.0605923801965738	2.708963966448385	0.0	0.019417475728155338	-0.6370022183683525	-1.5011471295015002
PF3D7_0730800	1.6569395638038413	2.389056331006402	2.2994571272941586	0.9810008855423008	1.7714818227710418	0.08873720136518772	0.10921501706484642	0.09643568018977497	0.4727723175367393
PF3D7_1001500	3.5358582470480506	2.8130478102874155	1.9273026071067954	0.5843308235163374	2.4912471898105486	0.037383177570093455	0.056074766355140186	-0.5051922604144096	-0.8754773301251807
PF3D7_1127600	5.70705511883115	1.0799608253322706	1.5161654024850366	1.606642741102793	2.3691494464926444	0.050505050505050504	0.06060606060606061	-1.268377289669828	-1.9123193471498872
PF3D7_0705700	2.756720246507232	4.861740457044575	1.9281685780214786	1.5841874062141348	1.9885325922365351	0.018518518518518517	0.07407407407407407	-0.47124866104235874	-0.5157216786922634
PF3D7_1323100	1.342120964375683	1.3780182828342222	1.1554826268113774	1.086499422862028	1.4013587540063694	0.03684210526315789	0.05789473684210526	0.0623116328889209	-0.21601913802616776
PF3D7_1302600	0.7922297342271196	0.838793743808611	1.1446740000866098	1.1163872349279131	1.1112001712848774	0.1435523114355231	0.15815085158150852	0.48812797173836686	0.5309460262809849
PF3D7_0925900	4.365557958727944	4.38764032726754	3.266745719011746	2.893317342627851	3.9872113380712375	0.08294930875576037	0.10599078341013825	-0.13078597948183898	-0.4183118945554654
PF3D7_0915400	0.7390177696080815	1.430139872821219	1.3915447392819509	1.7844308603726284	3.038340099875138	0.07827926657263752	0.0846262341325811	2.03960240914535	0.9130063338618876
PF3D7_1361100	0.6406301293541026	0.8980587200538467	2.0092764666396232	1.7001012434860776	0.913148041903658	0.11170212765957446	0.12127659574468085	0.5113571217681603	1.6491125295911417
PF3D7_1464500	0.4615419840291488	0.2177090115578449	0.3450143266088031	0.5372253118697935	0.5206053514394131	0.1679483235927407	0.19009535527529992	0.1737282534951635	-0.4198056175834523
PF3D7_0210800	0.18555943237966435	0.19208758066754916	0.2173147994207294	0.07516545518619977	0.1300640462826737	0.0891566265060241	0.09879518072289156	-0.5126591264264942	0.22790508912570553
PF3D7_1439300	0.339441156210884	0.20698449164673774	0.3118369915865924	0.38777840304379446	0.2394119695076044	0.1192457016084304	0.1386577925679423	-0.503666215621803	-0.1223694203524562
PF3D7_0517700	0.7242429718892986	0.841820522760636	0.9222511230912048	0.916062675117713	0.6937614615096287	0.061452513966480445	0.0712290502793296	-0.06203407848259275	0.3486858612565984
PF3D7_1424400	1.0461786246734612	1.413536773234834	0.8885022277558458	0.8656468985244972	0.8597001059024535	0.024734982332155476	0.053003533568904596	-0.2832238094186652	-0.23568189989019886
PF3D7_1366300	0.3137490011487144	0.3192186392605005	0.3631658241355298	0.5795628046400179	0.5947130548986869	0.16102514506769827	0.18834622823984526	0.9225828794085361	0.21101757751839434
PF3D7_1419700	1.5407438477161455	1.5482204300828686	1.585215422040512	1.9838137811584626	0.9397438379318961	0.1100196463654224	0.12573673870333987	-0.7132875749459975	0.04105187764429659
PF3D7_1365900	1.9571549287101029	1.5698561954633325	1.3322107674144323	0.9271097268061732	2.1870615661480053	0.0390625	0.046875	0.16023586859889224	-0.5549356170040365
PF3D7_0818200	0.8734806721439187	1.209326512627213	0.7601871266463927	0.7383934538223815	1.8100172677051165	0.03816793893129771	0.0648854961832061	1.051155775278873	-0.20042118625066332
PF3D7_1021100	1.0991121730358018	1.1626370979237928	1.5263604182531734	3.270996802630018	1.078191647261496	0.1692220329358319	0.18568994889267462	-0.027724993986183093	0.4737570326451649
PF3D7_0627100	0.24662896229304337	0.41148273900193993	0.5626152121959366	0.6152025795110281	0.2553705013495848	0.1530373831775701	0.1758177570093458	0.05024965522628495	1.1898063321027395
PF3D7_1025000	0.5493774019382404	0.6108514300685691	0.9631635103021818	1.0956405707536143	0.48826696789769947	0.12755102040816327	0.1489795918367347	-0.17012738742124697	0.8099831683687521
PF3D7_0207600	7.7538346012997295	3.2073539162896525	3.7967864476569106	3.0055887559602557	16.116081882286533	0.0732196589769308	0.09628886659979939	1.0555191745414552	-1.0301311049191142
PF3D7_1008400	1.0176586183175367	1.150011608731154	1.0508870978680644	0.866236095335573	2.5059250851560404	0.029017857142857144	0.04017857142857143	1.3000896067761185	0.046354002541519036
PF3D7_0214100	0.8170739598376054	1.1480228551820606	1.531774707603304	1.9463464576116305	1.0441230009007254	0.1617946974847043	0.18694765465669613	0.35375309667936017	0.9066655430940873
PF3D7_1302800	2.6920347200410792	2.5823222567863846	1.400173825532206	1.4289146853776917	1.5202701812933568	0.015463917525773196	0.02577319587628866	-0.8243692758206095	-0.9430910743259342
PF3D7_1124900	1.6482544611599754	2.3338636659484764	1.4215628020272968	1.0604858007171913	1.204714223619746	0.06451612903225806	0.07258064516129033	-0.4522480281375504	-0.21346115012453926
PF3D7_0323700	0.5103567731184929	0.5560518567496637	0.5166956868125291	0.788747216508818	0.33460290582602403	0.10678210678210678	0.14285714285714285	-0.6090561645867516	0.01780870175950545
PF3D7_0922200	1.8001242640973802	2.012358610623448	2.109393145906822	1.4420961267887196	2.848749294569709	0.03233830845771144	0.04228855721393035	0.6622321617899054	0.22873150733835107
PF3D7_0813000	0.48515658916822396	0.49909273760723183	0.6104845126584004	0.6344709336508825	0.514362116909896	0.18363939899833054	0.20534223706176963	0.08433392439588837	0.33150422924613854
PF3D7_0815200	0.7400070340073371	1.2938080708410478	1.3219843188564357	1.3465152019027777	0.8130305757688687	0.06727480045610035	0.07297605473204105	0.13577062488811742	0.8370941747497619
PF3D7_0917600	0.3394278894079743	0.4350468088230738	0.6147076381755382	0.5253457956834434	0.5152354308074756	0.08658536585365853	0.09390243902439024	0.6021266954593265	0.8567953015545127
PF3D7_1212900	0.1918433218386761	0.2912411261290827	0.3874015860546737	0.2700657647374406	0.14362902214656872	0.1792279411764706	0.19393382352941177	-0.4175812506222907	1.0139013155842673
PF3D7_0609000	0.28472827322148414	0.326197972452967	0.37899320782089085	0.6218591222411815	0.41447847673291144	0.1673523119960507	0.19384564752344907	0.5417114282909696	0.41258623485879736
PF3D7_0806800	0.5191076253090722	0.4535192891679391	0.7239855421513368	0.6620643068777678	0.5085113356649944	0.09021842355175688	0.10161443494776828	-0.029753745212707756	0.47992720724631566
PF3D7_0528100	0.7296071292746706	0.730719746173773	0.9683289455333003	1.2168714838909802	1.1925558664864078	0.06781485468245425	0.07857911733046287	0.7088651205052213	0.40837739380509347
PF3D7_1013000	0.9111974472468551	0.466431034825781	1.1632264165467219	1.5932189526231675	0.6503420988421975	0.125	0.14038461538461539	-0.4865648879611833	0.35229632754209084
PF3D7_0419600	0.6950563596718144	0.9423755418937624	0.7537323626790183	0.6586495100273608	1.0227185609774907	0.04285714285714286	0.05357142857142857	0.5572073177887982	0.11692237273681752
PF3D7_1016200	0.3386226824827435	0.37348365839556175	0.4157568948656087	0.485236769465285	0.6579008085385993	0.13035714285714287	0.15357142857142858	0.9581914710328086	0.29606157447730375
PF3D7_0420300	1.0296878250041261	0.5700213703997875	1.3337994321807214	0.8416086312617381	0.712052218601283	0.22458969190901237	0.2502159516268356	-0.5321520647488392	0.37333472453712296
PF3D7_1252800	0.27055748405333446	0.26553473499400954	0.5229444337044276	0.45394165292898647	0.15822753269761905	0.1757188498402556	0.18370607028753994	-0.7739344884433321	0.9507225096236849
PF3D7_1464700	2.157808254086747	1.0681689814407829	1.5334798519212138	2.0932815246737033	3.0916733793949303	0.06282722513089005	0.06544502617801047	0.5188212428492726	-0.49275745913272084
PF3D7_0415400	2.4114213166857446	1.2903971575809485	1.472163852823525	2.2089322985462116	1.405782758751594	0.09134615384615384	0.09134615384615384	-0.7785100703606671	-0.7119454832877146
PF3D7_1475600	0.49189156393216316	0.5472842249493781	0.6141712381333834	0.9513078383663828	0.4284906648553957	0.15912208504801098	0.17695473251028807	-0.19907653871165304	0.3203006392730051
PF3D7_0215700	0.4078618275714391	0.7200090958146129	0.9085155008484098	0.8158820393362245	0.6311059260144836	0.06417910447761194	0.07238805970149254	0.6298016808449988	1.1554306401907
PF3D7_1323400	1.8780815585151116	1.645592663364064	0.9012118441583598	0.9918598624317261	1.107178490632663	0.06842105263157895	0.09473684210526316	-0.7623718947048486	-1.0593215361522785
PF3D7_1428200	0.8676764508457482	0.31215745163744635	0.8040793154885062	0.7594388295304708	0.7261256847421821	0.09517923362175525	0.11124845488257108	-0.25693788904141407	-0.10981935641598069
PF3D7_1117700	1.4072666787616968	1.8084942915973519	1.6662069266693633	1.0292294030033176	3.162391100549926	0.03271028037383177	0.056074766355140186	1.168120053350764	0.2436718335387188
PF3D7_0216600	0.5670036641783925	0.3608193541930069	0.799804441152107	0.7505739884707264	0.5127272392047668	0.16326530612244897	0.20408163265306123	-0.14516651385407306	0.4962892337600252
PF3D7_0722400	1.1486294833825055	1.271418239544464	1.222447056147293	1.4539177794324163	1.5867252678873272	0.07633587786259542	0.08396946564885496	0.466138856805122	0.08985848493543314
PF3D7_0919000	0.9222065882498207	1.29292148676383	0.9783702928189066	0.8912808045741784	1.0003757195851495	0.048327137546468404	0.06691449814126393	0.11738006945660663	0.08529062620911444
PF3D7_0104200	5.955572202302967	1.0715474930960356	2.169698191255286	3.502360099919604	2.030759000367	0.11373390557939914	0.13948497854077252	-1.552221088240317	-1.4567457514218867
PF3D7_1118500	1.2898973898849195	2.0249739430280536	1.3436145503666037	0.8322870588731892	0.9533736779947967	0.09090909090909091	0.10774410774410774	-0.4361426059580026	0.05886301891618668
PF3D7_0914200	0.8055845105432248	0.8063191746791272	1.237920848123741	1.0717054234518864	0.7572257751505114	0.050239234449760764	0.06937799043062201	-0.0893124243840494	0.6198112233316613
PF3D7_1322100	0.2283178028367712	0.35669597232415406	0.5247860289772849	0.2477404090902599	0.17834120614813032	0.16326530612244897	0.1836734693877551	-0.3564032770493934	1.2006859560219072
PF3D7_0321900	0.18288341036512382	0.19630939489845817	0.3347807773639787	0.36987296106803763	0.25736146767603435	0.12626656274356976	0.1441932969602494	0.4928718565600416	0.8722924808290368
PF3D7_1102800	1.2394684091513337	2.204988904849509	1.597770930615352	0.5518059759621118	1.4123935423261944	0.010638297872340425	0.0851063829787234	0.188420628685887	0.3663390853199982
PF3D7_1414300	1.6326282947702053	1.6168358992510659	1.6009935782290177	1.0324642700626763	2.3643624695092433	0.0410958904109589	0.045662100456621	0.5342548596846273	-0.02822884466259413
PF3D7_1207100	0.5052575542507433	0.6206919536601461	0.634754348709248	0.6381800466795825	0.26302181868964375	0.1130952380952381	0.13333333333333333	-0.941836505230207	0.32917938691275034
PF3D7_0613800	1.4180768958120098	0.8538386757409214	1.0472168245573312	1.086250367633546	1.6586507935434973	0.1878802628376734	0.21878802628376734	0.2260744129255697	-0.43737558455806264
PF3D7_0826700	1.0810717149262281	1.1646735900372522	1.0350538969371896	0.7451729494003226	0.8629033086435312	0.043343653250773995	0.04953560371517028	-0.32519141562673287	-0.06275633698292267
PF3D7_1420200	3.1380101779103042	0.8602731596976654	1.7880636652270405	2.317488487675111	1.3045750916664982	0.12771084337349398	0.1429718875502008	-1.2662700431606808	-0.8114519260139653
PF3D7_1472200	0.2647688423219215	0.48937041093172884	0.6655466099086688	0.45812457172429816	0.26010364369577765	0.135495335406486	0.16570413149711238	-0.025646747917232555	1.329806347728603
PF3D7_1244100	2.441040472010638	0.854516019683719	0.8159439749215032	1.7562797161317827	2.366015544838367	0.12037037037037036	0.13271604938271606	-0.045036662654727826	-1.5809542138541994
PF3D7_0916700	1.0524299486689213	0.7506842221571635	1.304484165156075	1.4505101475091617	1.174058305660577	0.1211340206185567	0.14690721649484537	0.15777984830758585	0.30975522318574905
PF3D7_1456800	2.5490578261329837	2.002058909153121	3.283462608229973	2.9791066195869216	4.928351733680804	0.03486750348675035	0.04184100418410042	0.9511411223414681	0.36525392435886683
PF3D7_1455400	1.514847706708915	1.564920483720539	1.6682328773721682	1.8009733418418103	1.2085643193830662	0.03900709219858156	0.04964539007092199	-0.3258785065866956	0.1391479347299807
PF3D7_0318200	0.20836499935932407	0.4844015369429231	0.6882490751920679	0.7428596217456381	0.5737655131032771	0.1102971102971103	0.11965811965811966	1.4613482981158092	1.7238178086572837
PF3D7_0903500	0.6180160585444512	1.0764346129055653	1.174583133283678	1.5237962409088879	0.49025237419546847	0.17413294797687862	0.20303468208092484	-0.33411970851845746	0.9264325956085859
PF3D7_1442900	0.20742812738315727	0.3659954042319399	0.6730782679168912	0.8708124706814925	0.2969725287775337	0.1359338061465721	0.15455082742316784	0.5177179440071371	1.6981627385007485
PF3D7_1237900	0.8829196731138659	0.8389815655047788	1.497484542103933	1.0744310560651733	0.28418826109252615	0.07996632996632996	0.08585858585858586	-1.6354352266244572	0.7621870163295753
PF3D7_1425400	1.0982935033757915	0.3013041409506441	0.5748842785353269	0.797526327536711	0.7275266376114669	0.127831715210356	0.1448220064724919	-0.5941916688338077	-0.933920162913317
